{
"type": "FeatureCollection",
"name": "geo_43_1",
"crs": { "type": "name", "properties": { "name": "urn:ogc:def:crs:OGC:1.3:CRS84" } },
"features": [
{ "type": "Feature", "properties": { "ID": 431143310039, "正式名称": "整形外科井上病院", "機関区分": 1, "都道府県コード": 43, "市区町村コード": 101, "所在地": "熊本県熊本市中央区本荘町６４４", "緯度": 32.789171, "経度": 130.702259, "url": "https://www.iryou.teikyouseido.mhlw.go.jp/znk-web/juminkanja/S2430/initialize?prefCd=43&kikanCd=143310039&kikanKbn=1", "url2": "http://www.inouehp.jp", "内容": "整形外科井上病院【1:病院】【診療科目:内科_整形外科_リウマチ科_リハビリテーション科】【一般病床数:48療養病床数:34精神病床数:0感染症病床数:0合計病床数:82】熊本県熊本市中央区本荘町６４４" }, "geometry": { "type": "Point", "coordinates": [ 130.702259, 32.789171 ] } },
{ "type": "Feature", "properties": { "ID": 431143310071, "正式名称": "九州記念病院", "機関区分": 1, "都道府県コード": 43, "市区町村コード": 101, "所在地": "熊本県熊本市中央区水前寺公園３ー３８", "緯度": 32.790969, "経度": 130.731695, "url": "https://www.iryou.teikyouseido.mhlw.go.jp/znk-web/juminkanja/S2430/initialize?prefCd=43&kikanCd=143310071&kikanKbn=1", "url2": "http://kkh.jp/", "内容": "九州記念病院【1:病院】【診療科目:糖尿病・代謝内科_脳神経内科_呼吸器内科_循環器内科_消化器内科_神経内科_外科_整形外科_形成外科_耳鼻いんこう科_皮膚科_泌尿器科_リウマチ科_リハビリテーション科_放射線科_麻酔科】【一般病床数:101療養病床数:133精神病床数:0感染症病床数:0合計病床数:234】熊本県熊本市中央区水前寺公園３ー３８" }, "geometry": { "type": "Point", "coordinates": [ 130.731695, 32.790969 ] } },
{ "type": "Feature", "properties": { "ID": 431143310114, "正式名称": "熊本大学病院", "機関区分": 1, "都道府県コード": 43, "市区町村コード": 101, "所在地": "熊本県熊本市中央区本荘１丁目１番１号", "緯度": 32.797198, "経度": 130.71263, "url": "https://www.iryou.teikyouseido.mhlw.go.jp/znk-web/juminkanja/S2430/initialize?prefCd=43&kikanCd=143310114&kikanKbn=1", "url2": "https://www.kuh.kumamoto-u.ac.jp/", "内容": "熊本大学病院【1:病院】【診療科目:内科_血液内科_代謝内科_脳神経内科_呼吸器内科_循環器内科_消化器内科_腎臓内科_脳神経外科_呼吸器外科_心臓血管外科_消化器外科_乳腺外科_移植外科_整形外科_形成外科_小児科_小児外科_産婦人科_眼科_耳鼻いんこう科_皮膚科_泌尿器科_精神科_歯科口腔外科_リウマチ科_リハビリテーション科_放射線診断科_放射線治療科_病理診断科_救急科_麻酔科】【一般病床数:795療養病床数:0精神病床数:50感染症病床数:0合計病床数:845】熊本県熊本市中央区本荘１丁目１番１号" }, "geometry": { "type": "Point", "coordinates": [ 130.71263, 32.797198 ] } },
{ "type": "Feature", "properties": { "ID": 431143310156, "正式名称": "熊本内科病院", "機関区分": 1, "都道府県コード": 43, "市区町村コード": 101, "所在地": "熊本県熊本市中央区手取本町７ー１", "緯度": 32.801912, "経度": 130.71178, "url": "https://www.iryou.teikyouseido.mhlw.go.jp/znk-web/juminkanja/S2430/initialize?prefCd=43&kikanCd=143310156&kikanKbn=1", "url2": "http://www.kyouninkai.jp/naika/", "内容": "熊本内科病院【1:病院】【診療科目:内科_呼吸器内科_循環器内科_消化器内科_神経内科_リハビリテーション科_放射線科】【一般病床数:50療養病床数:0精神病床数:0感染症病床数:0合計病床数:50】熊本県熊本市中央区手取本町７ー１" }, "geometry": { "type": "Point", "coordinates": [ 130.71178, 32.801912 ] } },
{ "type": "Feature", "properties": { "ID": 431143310169, "正式名称": "くわみず病院", "機関区分": 1, "都道府県コード": 43, "市区町村コード": 101, "所在地": "熊本県熊本市中央区神水１ー１４ー４１", "緯度": 32.786408, "経度": 130.743223, "url": "https://www.iryou.teikyouseido.mhlw.go.jp/znk-web/juminkanja/S2430/initialize?prefCd=43&kikanCd=143310169&kikanKbn=1", "url2": "https://www.kuwamizu.jp/", "内容": "くわみず病院【1:病院】【診療科目:内科_呼吸器内科_循環器内科_消化器内科_人工透析内科_漢方内科_外科_消化器外科_婦人科_皮膚科_精神科_歯科_リウマチ科_リハビリテーション科_放射線科】【一般病床数:93療養病床数:0精神病床数:0感染症病床数:0合計病床数:93】熊本県熊本市中央区神水１ー１４ー４１" }, "geometry": { "type": "Point", "coordinates": [ 130.743223, 32.786408 ] } },
{ "type": "Feature", "properties": { "ID": 431143310172, "正式名称": "くまもと青明病院", "機関区分": 1, "都道府県コード": 43, "市区町村コード": 101, "所在地": "熊本県熊本市中央区渡鹿５ー１ー３７", "緯度": 32.810628, "経度": 130.730251, "url": "https://www.iryou.teikyouseido.mhlw.go.jp/znk-web/juminkanja/S2430/initialize?prefCd=43&kikanCd=143310172&kikanKbn=1", "url2": "http://www.kyouninkai.jp/seimei-hp/", "内容": "くまもと青明病院【1:病院】【診療科目:精神科_老年精神科】【一般病床数:0療養病床数:0精神病床数:176感染症病床数:0合計病床数:176】熊本県熊本市中央区渡鹿５ー１ー３７" }, "geometry": { "type": "Point", "coordinates": [ 130.730251, 32.810628 ] } },
{ "type": "Feature", "properties": { "ID": 431143310185, "正式名称": "窪田病院", "機関区分": 1, "都道府県コード": 43, "市区町村コード": 102, "所在地": "熊本県熊本市東区長嶺東２ー１１ー９５", "緯度": 32.818833, "経度": 130.773432, "url": "https://www.iryou.teikyouseido.mhlw.go.jp/znk-web/juminkanja/S2430/initialize?prefCd=43&kikanCd=143310185&kikanKbn=1", "url2": "http://kubota-hp.net/", "内容": "窪田病院【1:病院】【診療科目:精神科】【一般病床数:0療養病床数:0精神病床数:100感染症病床数:0合計病床数:100】熊本県熊本市東区長嶺東２ー１１ー９５" }, "geometry": { "type": "Point", "coordinates": [ 130.773432, 32.818833 ] } },
{ "type": "Feature", "properties": { "ID": 431143310202, "正式名称": "江南病院", "機関区分": 1, "都道府県コード": 43, "市区町村コード": 101, "所在地": "熊本県熊本市中央区渡鹿５ー１ー３７", "緯度": 32.810625, "経度": 130.730323, "url": "https://www.iryou.teikyouseido.mhlw.go.jp/znk-web/juminkanja/S2430/initialize?prefCd=43&kikanCd=143310202&kikanKbn=1", "url2": "http://www.kyouninkai.jp/konan/", "内容": "江南病院【1:病院】【診療科目:内科_代謝内科_糖尿病・内分泌内科_呼吸器内科_循環器内科_消化器内科_神経内科_整形外科_アレルギー科_リウマチ科_リハビリテーション科_放射線診断科_麻酔科】【一般病床数:103療養病床数:80精神病床数:0感染症病床数:0合計病床数:198】熊本県熊本市中央区渡鹿５ー１ー３７" }, "geometry": { "type": "Point", "coordinates": [ 130.730323, 32.810625 ] } },
{ "type": "Feature", "properties": { "ID": 431143310215, "正式名称": "小柳病院", "機関区分": 1, "都道府県コード": 43, "市区町村コード": 102, "所在地": "熊本県熊本市東区山ノ神２ー２ー８", "緯度": 32.797482, "経度": 130.776238, "url": "https://www.iryou.teikyouseido.mhlw.go.jp/znk-web/juminkanja/S2430/initialize?prefCd=43&kikanCd=143310215&kikanKbn=1", "url2": "http://koyanagi.or.jp/", "内容": "小柳病院【1:病院】【診療科目:精神科】【一般病床数:0療養病床数:0精神病床数:198感染症病床数:0合計病床数:198】熊本県熊本市東区山ノ神２ー２ー８" }, "geometry": { "type": "Point", "coordinates": [ 130.776238, 32.797482 ] } },
{ "type": "Feature", "properties": { "ID": 431143310257, "正式名称": "木村病院", "機関区分": 1, "都道府県コード": 43, "市区町村コード": 101, "所在地": "熊本県熊本市中央区本荘３ー７ー１８", "緯度": 32.794768, "経度": 130.708591, "url": "https://www.iryou.teikyouseido.mhlw.go.jp/znk-web/juminkanja/S2430/initialize?prefCd=43&kikanCd=143310257&kikanKbn=1", "url2": "http://sugimurakai.jp/", "内容": "木村病院【1:病院】【診療科目:内科_代謝内科_糖尿病・内分泌内科_脳神経内科_呼吸器内科_循環器内科_消化器内科_外科_脳神経外科_消化器外科_整形外科_リハビリテーション科_放射線科】【一般病床数:177療養病床数:0精神病床数:0感染症病床数:0合計病床数:177】熊本県熊本市中央区本荘３ー７ー１８" }, "geometry": { "type": "Point", "coordinates": [ 130.708591, 32.794768 ] } },
{ "type": "Feature", "properties": { "ID": 431143310286, "正式名称": "ニキハーティーホスピタル", "機関区分": 1, "都道府県コード": 43, "市区町村コード": 102, "所在地": "熊本県熊本市東区月出４ー６ー１００", "緯度": 32.803534, "経度": 130.769455, "url": "https://www.iryou.teikyouseido.mhlw.go.jp/znk-web/juminkanja/S2430/initialize?prefCd=43&kikanCd=143310286&kikanKbn=1", "url2": "https://niki-hp.or.jp", "内容": "ニキハーティーホスピタル【1:病院】【診療科目:内科_脳神経内科_精神科_心療内科】【一般病床数:0療養病床数:0精神病床数:199感染症病床数:0合計病床数:199】熊本県熊本市東区月出４ー６ー１００" }, "geometry": { "type": "Point", "coordinates": [ 130.769455, 32.803534 ] } },
{ "type": "Feature", "properties": { "ID": 431143310299, "正式名称": "日隈病院", "機関区分": 1, "都道府県コード": 43, "市区町村コード": 101, "所在地": "熊本県熊本市中央区萩原町９ー３０", "緯度": 32.780333, "経度": 130.709383, "url": "https://www.iryou.teikyouseido.mhlw.go.jp/znk-web/juminkanja/S2430/initialize?prefCd=43&kikanCd=143310299&kikanKbn=1", "url2": "http://hinokuma.or.jp", "内容": "日隈病院【1:病院】【診療科目:精神科】【一般病床数:0療養病床数:0精神病床数:180感染症病床数:0合計病床数:180】熊本県熊本市中央区萩原町９ー３０" }, "geometry": { "type": "Point", "coordinates": [ 130.709383, 32.780333 ] } },
{ "type": "Feature", "properties": { "ID": 431143310316, "正式名称": "南熊本病院", "機関区分": 1, "都道府県コード": 43, "市区町村コード": 101, "所在地": "熊本県熊本市中央区南熊本３ー７ー２７", "緯度": 32.788086, "経度": 130.712266, "url": "https://www.iryou.teikyouseido.mhlw.go.jp/znk-web/juminkanja/S2430/initialize?prefCd=43&kikanCd=143310316&kikanKbn=1", "url2": "http://yu-nankai.jp/", "内容": "南熊本病院【1:病院】【診療科目:内科_整形外科_リウマチ科_リハビリテーション科_麻酔科】【一般病床数:51療養病床数:0精神病床数:0感染症病床数:0合計病床数:51】熊本県熊本市中央区南熊本３ー７ー２７" }, "geometry": { "type": "Point", "coordinates": [ 130.712266, 32.788086 ] } },
{ "type": "Feature", "properties": { "ID": 431143310345, "正式名称": "表参道吉田病院", "機関区分": 1, "都道府県コード": 43, "市区町村コード": 101, "所在地": "熊本県熊本市中央区北千反畑町２ー５", "緯度": 32.808964, "経度": 130.715963, "url": "https://www.iryou.teikyouseido.mhlw.go.jp/znk-web/juminkanja/S2430/initialize?prefCd=43&kikanCd=143310345&kikanKbn=1", "url2": "http://www.kiseikai.or.jp/", "内容": "表参道吉田病院【1:病院】【診療科目:内科_感染症内科_内分泌内科_脂質代謝内科_糖尿病・代謝内科_呼吸器内科_循環器内科_心臓内科_消化器内科_胃腸内科_腎臓内科_神経内科_腫瘍内科_老年内科_アレルギー科_リハビリテーション科_放射線科】【一般病床数:42療養病床数:42精神病床数:0感染症病床数:0合計病床数:84】熊本県熊本市中央区北千反畑町２ー５" }, "geometry": { "type": "Point", "coordinates": [ 130.715963, 32.808964 ] } },
{ "type": "Feature", "properties": { "ID": 431143310358, "正式名称": "自衛隊熊本病院", "機関区分": 1, "都道府県コード": 43, "市区町村コード": 102, "所在地": "熊本県熊本市東区東本町１５ー１", "緯度": 32.779514, "経度": 130.765327, "url": "https://www.iryou.teikyouseido.mhlw.go.jp/znk-web/juminkanja/S2430/initialize?prefCd=43&kikanCd=143310358&kikanKbn=1", "url2": null, "内容": "自衛隊熊本病院【1:病院】【診療科目:内科_外科_整形外科_皮膚科_泌尿器科_心療内科_歯科_放射線科】【一般病床数:100療養病床数:0精神病床数:0感染症病床数:0合計病床数:100】熊本県熊本市東区東本町１５ー１" }, "geometry": { "type": "Point", "coordinates": [ 130.765327, 32.779514 ] } },
{ "type": "Feature", "properties": { "ID": 431143310361, "正式名称": "本庄内科病院", "機関区分": 1, "都道府県コード": 43, "市区町村コード": 102, "所在地": "熊本県熊本市東区新外３ー９ー１", "緯度": 32.798265, "経度": 130.763249, "url": "https://www.iryou.teikyouseido.mhlw.go.jp/znk-web/juminkanja/S2430/initialize?prefCd=43&kikanCd=143310361&kikanKbn=1", "url2": "http://www.honjyo-hp.jp/", "内容": "本庄内科病院【1:病院】【診療科目:内科_呼吸器内科_循環器内科_消化器内科_神経内科_放射線科】【一般病床数:26療養病床数:0精神病床数:0感染症病床数:0合計病床数:26】熊本県熊本市東区新外３ー９ー１" }, "geometry": { "type": "Point", "coordinates": [ 130.763249, 32.798265 ] } },
{ "type": "Feature", "properties": { "ID": 431143310374, "正式名称": "桜十字病院", "機関区分": 1, "都道府県コード": 43, "市区町村コード": 104, "所在地": "熊本県熊本市南区御幸木部１ー１ー１", "緯度": 32.750347, "経度": 130.71449, "url": "https://www.iryou.teikyouseido.mhlw.go.jp/znk-web/juminkanja/S2430/initialize?prefCd=43&kikanCd=143310374&kikanKbn=1", "url2": "http://www.sakurajyuji.or.jp", "内容": "桜十字病院【1:病院】【診療科目:内科_糖尿病内科_脳神経内科_呼吸器内科_循環器内科_消化器内科_外科_脳神経外科_消化器外科_肛門外科_整形外科_小児科_小児外科_皮膚科_泌尿器科_精神科_リウマチ科_リハビリテーション科_放射線科_麻酔科】【一般病床数:293療養病床数:337精神病床数:0感染症病床数:0合計病床数:630】熊本県熊本市南区御幸木部１ー１ー１" }, "geometry": { "type": "Point", "coordinates": [ 130.71449, 32.750347 ] } },
{ "type": "Feature", "properties": { "ID": 431143310387, "正式名称": "ピネル記念病院", "機関区分": 1, "都道府県コード": 43, "市区町村コード": 102, "所在地": "熊本県熊本市東区佐土原１ー８ー３３", "緯度": 32.790733, "経度": 130.770652, "url": "https://www.iryou.teikyouseido.mhlw.go.jp/znk-web/juminkanja/S2430/initialize?prefCd=43&kikanCd=143310387&kikanKbn=1", "url2": "http://www.pinel.or.jp", "内容": "ピネル記念病院【1:病院】【診療科目:神経内科_精神科】【一般病床数:0療養病床数:0精神病床数:120感染症病床数:0合計病床数:120】熊本県熊本市東区佐土原１ー８ー３３" }, "geometry": { "type": "Point", "coordinates": [ 130.770652, 32.790733 ] } },
{ "type": "Feature", "properties": { "ID": 431143310404, "正式名称": "東病院", "機関区分": 1, "都道府県コード": 43, "市区町村コード": 104, "所在地": "熊本県熊本市南区出仲間５ー２ー２", "緯度": 32.769964, "経度": 130.71656, "url": "https://www.iryou.teikyouseido.mhlw.go.jp/znk-web/juminkanja/S2430/initialize?prefCd=43&kikanCd=143310404&kikanKbn=1", "url2": "http://www.touyoukai.jp/", "内容": "東病院【1:病院】【診療科目:内科_循環器内科_消化器内科_外科_呼吸器外科_消化器外科_乳腺外科_肛門外科_整形外科_リハビリテーション科】【一般病床数:42療養病床数:21精神病床数:0感染症病床数:0合計病床数:63】熊本県熊本市南区出仲間５ー２ー２" }, "geometry": { "type": "Point", "coordinates": [ 130.71656, 32.769964 ] } },
{ "type": "Feature", "properties": { "ID": 431143310417, "正式名称": "熊本赤十字病院", "機関区分": 1, "都道府県コード": 43, "市区町村コード": 102, "所在地": "熊本県熊本市東区長嶺南２ー１ー１", "緯度": 32.808112, "経度": 130.763433, "url": "https://www.iryou.teikyouseido.mhlw.go.jp/znk-web/juminkanja/S2430/initialize?prefCd=43&kikanCd=143310417&kikanKbn=1", "url2": "https://kumamoto-med.jrc.or.jp", "内容": "熊本赤十字病院【1:病院】【診療科目:内科_血液・腫瘍内科_呼吸器内科_循環器内科_消化器内科_神経内科_外科_脳神経外科_循環器外科_乳腺・内分泌外科_整形外科_形成外科_小児科_小児外科_産婦人科_眼科_耳鼻いんこう科_皮膚科_泌尿器科_歯科_歯科口腔外科_リハビリテーション科_放射線科_放射線治療科_病理診断科_救急科_麻酔科_その他】【一般病床数:490療養病床数:0精神病床数:0感染症病床数:0合計病床数:490】熊本県熊本市東区長嶺南２ー１ー１" }, "geometry": { "type": "Point", "coordinates": [ 130.763433, 32.808112 ] } },
{ "type": "Feature", "properties": { "ID": 431143310433, "正式名称": "比企病院", "機関区分": 1, "都道府県コード": 43, "市区町村コード": 102, "所在地": "熊本県熊本市東区尾ノ上３ー１ー３４", "緯度": 32.79576, "経度": 130.753961, "url": "https://www.iryou.teikyouseido.mhlw.go.jp/znk-web/juminkanja/S2430/initialize?prefCd=43&kikanCd=143310433&kikanKbn=1", "url2": null, "内容": "比企病院【1:病院】【診療科目:内科_循環器内科_消化器内科_外科_乳腺・内分泌外科_整形外科_リウマチ科_リハビリテーション科_放射線科】【一般病床数:0療養病床数:44精神病床数:0感染症病床数:0合計病床数:44】熊本県熊本市東区尾ノ上３ー１ー３４" }, "geometry": { "type": "Point", "coordinates": [ 130.753961, 32.79576 ] } },
{ "type": "Feature", "properties": { "ID": 431143310446, "正式名称": "帯山中央病院", "機関区分": 1, "都道府県コード": 43, "市区町村コード": 101, "所在地": "熊本県熊本市中央区帯山４ー５ー１８", "緯度": 32.800176, "経度": 130.749486, "url": "https://www.iryou.teikyouseido.mhlw.go.jp/znk-web/juminkanja/S2430/initialize?prefCd=43&kikanCd=143310446&kikanKbn=1", "url2": "http://obiyama-ct.com", "内容": "帯山中央病院【1:病院】【診療科目:内科_糖尿病・代謝内科_呼吸器内科_消化器内科_漢方内科_整形外科_リハビリテーション科_放射線科】【一般病床数:0療養病床数:76精神病床数:0感染症病床数:0合計病床数:76】熊本県熊本市中央区帯山４ー５ー１８" }, "geometry": { "type": "Point", "coordinates": [ 130.749486, 32.800176 ] } },
{ "type": "Feature", "properties": { "ID": 431143310459, "正式名称": "医療法人社団鶴友会　鶴田病院", "機関区分": 1, "都道府県コード": 43, "市区町村コード": 102, "所在地": "熊本県熊本市東区保田窪本町１０ー１１２", "緯度": 32.807733, "経度": 130.746714, "url": "https://www.iryou.teikyouseido.mhlw.go.jp/znk-web/juminkanja/S2430/initialize?prefCd=43&kikanCd=143310459&kikanKbn=1", "url2": "http://www.kakuyuukai.or.jp", "内容": "医療法人社団鶴友会　鶴田病院【1:病院】【診療科目:内科_呼吸器内科_循環器内科_消化器内科_腎臓内科_神経内科_内視鏡内科_緩和ケア内科_腎臓内科（人工透析）_外科_消化器外科_内視鏡外科_整形外科_歯科口腔外科_リハビリテーション科_麻酔科_在宅診療科】【一般病床数:105療養病床数:0精神病床数:0感染症病床数:0合計病床数:105】熊本県熊本市東区保田窪本町１０ー１１２" }, "geometry": { "type": "Point", "coordinates": [ 130.746714, 32.807733 ] } },
{ "type": "Feature", "properties": { "ID": 431143310462, "正式名称": "水前寺とうや病院", "機関区分": 1, "都道府県コード": 43, "市区町村コード": 101, "所在地": "熊本県熊本市中央区水前寺５丁目２ー２２", "緯度": 32.794827, "経度": 130.735969, "url": "https://www.iryou.teikyouseido.mhlw.go.jp/znk-web/juminkanja/S2430/initialize?prefCd=43&kikanCd=143310462&kikanKbn=1", "url2": "http://www.tohya.or.jp/suizenji/", "内容": "水前寺とうや病院【1:病院】【診療科目:内科_脳神経内科_呼吸器内科_循環器内科_消化器内科_リハビリテーション科】【一般病床数:94療養病床数:48精神病床数:0感染症病床数:0合計病床数:142】熊本県熊本市中央区水前寺５丁目２ー２２" }, "geometry": { "type": "Point", "coordinates": [ 130.735969, 32.794827 ] } },
{ "type": "Feature", "properties": { "ID": 431143310475, "正式名称": "成尾整形外科病院", "機関区分": 1, "都道府県コード": 43, "市区町村コード": 101, "所在地": "熊本県熊本市中央区岡田町１２ー２４", "緯度": 32.791941, "経度": 130.721243, "url": "https://www.iryou.teikyouseido.mhlw.go.jp/znk-web/juminkanja/S2430/initialize?prefCd=43&kikanCd=143310475&kikanKbn=1", "url2": "https://naruoseikei.com/", "内容": "成尾整形外科病院【1:病院】【診療科目:内科_漢方内科_整形外科_リウマチ科_リハビリテーション科_麻酔科】【一般病床数:103療養病床数:0精神病床数:0感染症病床数:0合計病床数:103】熊本県熊本市中央区岡田町１２ー２４" }, "geometry": { "type": "Point", "coordinates": [ 130.721243, 32.791941 ] } },
{ "type": "Feature", "properties": { "ID": 431143310491, "正式名称": "くまもと在宅支援病院", "機関区分": 1, "都道府県コード": 43, "市区町村コード": 102, "所在地": "熊本県熊本市東区三郎１ー１２ー２５", "緯度": 32.799879, "経度": 130.758336, "url": "https://www.iryou.teikyouseido.mhlw.go.jp/znk-web/juminkanja/S2430/initialize?prefCd=43&kikanCd=143310491&kikanKbn=1", "url2": "http://www.sakurajyuji.or.jp/k-higashi/", "内容": "くまもと在宅支援病院【1:病院】【診療科目:内科_神経内科_緩和ケア内科_リハビリテーション科】【一般病床数:57療養病床数:0精神病床数:0感染症病床数:0合計病床数:57】熊本県熊本市東区三郎１ー１２ー２５" }, "geometry": { "type": "Point", "coordinates": [ 130.758336, 32.799879 ] } },
{ "type": "Feature", "properties": { "ID": 431143310505, "正式名称": "田上心臓リハビリテーション病院", "機関区分": 1, "都道府県コード": 43, "市区町村コード": 101, "所在地": "熊本県熊本市中央区南千反畑町１０ー３", "緯度": 32.807553, "経度": 130.71501, "url": "https://www.iryou.teikyouseido.mhlw.go.jp/znk-web/juminkanja/S2430/initialize?prefCd=43&kikanCd=143310505&kikanKbn=1", "url2": "http://daigenkai.jimdo.com/", "内容": "田上心臓リハビリテーション病院【1:病院】【診療科目:内科_糖尿病内科_呼吸器内科_循環器内科_消化器内科_心療内科_リハビリテーション科】【一般病床数:0療養病床数:45精神病床数:0感染症病床数:0合計病床数:45】熊本県熊本市中央区南千反畑町１０ー３" }, "geometry": { "type": "Point", "coordinates": [ 130.71501, 32.807553 ] } },
{ "type": "Feature", "properties": { "ID": 431143310547, "正式名称": "川野病院", "機関区分": 1, "都道府県コード": 43, "市区町村コード": 101, "所在地": "熊本県熊本市中央区大江６ー２５ー１", "緯度": 32.795306, "経度": 130.725114, "url": "https://www.iryou.teikyouseido.mhlw.go.jp/znk-web/juminkanja/S2430/initialize?prefCd=43&kikanCd=143310547&kikanKbn=1", "url2": "https://www.kawano-hp.jp", "内容": "川野病院【1:病院】【診療科目:泌尿器科】【一般病床数:32療養病床数:0精神病床数:0感染症病床数:0合計病床数:32】熊本県熊本市中央区大江６ー２５ー１" }, "geometry": { "type": "Point", "coordinates": [ 130.725114, 32.795306 ] } },
{ "type": "Feature", "properties": { "ID": 431143310563, "正式名称": "南部中央病院", "機関区分": 1, "都道府県コード": 43, "市区町村コード": 104, "所在地": "熊本県熊本市南区南高江６ー２ー２４", "緯度": 32.75109, "経度": 130.686182, "url": "https://www.iryou.teikyouseido.mhlw.go.jp/znk-web/juminkanja/S2430/initialize?prefCd=43&kikanCd=143310563&kikanKbn=1", "url2": "https://www.nanbu-chuo.com/", "内容": "南部中央病院【1:病院】【診療科目:内科_整形外科_リウマチ科_リハビリテーション科_麻酔科】【一般病床数:60療養病床数:0精神病床数:0感染症病床数:0合計病床数:60】熊本県熊本市南区南高江６ー２ー２４" }, "geometry": { "type": "Point", "coordinates": [ 130.686182, 32.75109 ] } },
{ "type": "Feature", "properties": { "ID": 431143310576, "正式名称": "一般社団法人熊本市医師会熊本地域医療センター", "機関区分": 1, "都道府県コード": 43, "市区町村コード": 101, "所在地": "熊本県熊本市中央区本荘５ー１６ー１０", "緯度": 32.79384, "経度": 130.70823, "url": "https://www.iryou.teikyouseido.mhlw.go.jp/znk-web/juminkanja/S2430/initialize?prefCd=43&kikanCd=143310576&kikanKbn=1", "url2": "https://krmc.city.kumamoto.med.or.jp/", "内容": "一般社団法人熊本市医師会熊本地域医療センター【1:病院】【診療科目:内科_糖尿病・代謝内科_呼吸器内科_循環器内科_消化器内科_外科_消化器外科_小児科_小児外科_皮膚科_アレルギー科_放射線科_病理診断科_救急科_麻酔科】【一般病床数:227療養病床数:0精神病床数:0感染症病床数:0合計病床数:227】熊本県熊本市中央区本荘５ー１６ー１０" }, "geometry": { "type": "Point", "coordinates": [ 130.70823, 32.79384 ] } },
{ "type": "Feature", "properties": { "ID": 431143310592, "正式名称": "くまもと悠心病院", "機関区分": 1, "都道府県コード": 43, "市区町村コード": 102, "所在地": "熊本県熊本市東区小山町１８０８ー２", "緯度": 32.828404, "経度": 130.806043, "url": "https://www.iryou.teikyouseido.mhlw.go.jp/znk-web/juminkanja/S2430/initialize?prefCd=43&kikanCd=143310592&kikanKbn=1", "url2": "http://www.yuusin.jp", "内容": "くまもと悠心病院【1:病院】【診療科目:精神科】【一般病床数:0療養病床数:0精神病床数:120感染症病床数:0合計病床数:120】熊本県熊本市東区小山町１８０８ー２" }, "geometry": { "type": "Point", "coordinates": [ 130.806043, 32.828404 ] } },
{ "type": "Feature", "properties": { "ID": 431143310606, "正式名称": "御幸病院", "機関区分": 1, "都道府県コード": 43, "市区町村コード": 104, "所在地": "熊本県熊本市南区御幸笛田６ー７ー４０", "緯度": 32.759077, "経度": 130.710726, "url": "https://www.iryou.teikyouseido.mhlw.go.jp/znk-web/juminkanja/S2430/initialize?prefCd=43&kikanCd=143310606&kikanKbn=1", "url2": "http://ww.miyukinosato.or.jp", "内容": "御幸病院【1:病院】【診療科目:内科_呼吸器内科_循環器内科_消化器内科_漢方内科_緩和ケア内科_脳神経外科_整形外科_リハビリテーション科】【一般病床数:97療養病床数:89精神病床数:0感染症病床数:0合計病床数:186】熊本県熊本市南区御幸笛田６ー７ー４０" }, "geometry": { "type": "Point", "coordinates": [ 130.710726, 32.759077 ] } },
{ "type": "Feature", "properties": { "ID": 431143310619, "正式名称": "保田窪整形外科病院", "機関区分": 1, "都道府県コード": 43, "市区町村コード": 102, "所在地": "熊本県熊本市東区保田窪５ー７ー２７", "緯度": 32.813414, "経度": 130.753865, "url": "https://www.iryou.teikyouseido.mhlw.go.jp/znk-web/juminkanja/S2430/initialize?prefCd=43&kikanCd=143310619&kikanKbn=1", "url2": "www.hotakubo-seikei.com", "内容": "保田窪整形外科病院【1:病院】【診療科目:内科_血液内科_脳神経外科_整形外科_リウマチ科_リハビリテーション科_麻酔科】【一般病床数:39療養病床数:0精神病床数:0感染症病床数:0合計病床数:39】熊本県熊本市東区保田窪５ー７ー２７" }, "geometry": { "type": "Point", "coordinates": [ 130.753865, 32.813414 ] } },
{ "type": "Feature", "properties": { "ID": 431143310622, "正式名称": "陣内病院", "機関区分": 1, "都道府県コード": 43, "市区町村コード": 101, "所在地": "熊本県熊本市中央区九品寺６ー２ー３", "緯度": 32.789949, "経度": 130.717073, "url": "https://www.iryou.teikyouseido.mhlw.go.jp/znk-web/juminkanja/S2430/initialize?prefCd=43&kikanCd=143310622&kikanKbn=1", "url2": "www.jinnouchi.or.jp", "内容": "陣内病院【1:病院】【診療科目:内科_糖尿病内科_循環器内科_消化器内科_神経内科_眼科】【一般病床数:38療養病床数:0精神病床数:0感染症病床数:0合計病床数:38】熊本県熊本市中央区九品寺６ー２ー３" }, "geometry": { "type": "Point", "coordinates": [ 130.717073, 32.789949 ] } },
{ "type": "Feature", "properties": { "ID": 431143310635, "正式名称": "熊本脳神経外科病院", "機関区分": 1, "都道府県コード": 43, "市区町村コード": 101, "所在地": "熊本県熊本市中央区本荘６ー１ー２１", "緯度": 32.79326, "経度": 130.708328, "url": "https://www.iryou.teikyouseido.mhlw.go.jp/znk-web/juminkanja/S2430/initialize?prefCd=43&kikanCd=143310635&kikanKbn=1", "url2": "http://www.knh.co.jp/", "内容": "熊本脳神経外科病院【1:病院】【診療科目:脳神経外科_リハビリテーション科_放射線科】【一般病床数:60療養病床数:0精神病床数:0感染症病床数:0合計病床数:60】熊本県熊本市中央区本荘６ー１ー２１" }, "geometry": { "type": "Point", "coordinates": [ 130.708328, 32.79326 ] } },
{ "type": "Feature", "properties": { "ID": 431143310648, "正式名称": "夢眠ホスピタルくまもと", "機関区分": 1, "都道府県コード": 43, "市区町村コード": 104, "所在地": "熊本県熊本市南区御幸笛田２ー１５ー６", "緯度": 32.763493, "経度": 130.709834, "url": "https://www.iryou.teikyouseido.mhlw.go.jp/znk-web/juminkanja/S2430/initialize?prefCd=43&kikanCd=143310648&kikanKbn=1", "url2": "https://mumingroup.jp/kumajyun/index.html", "内容": "夢眠ホスピタルくまもと【1:病院】【診療科目:内科_内分泌内科_脂質代謝内科_糖尿病・代謝内科_循環器内科_消化器内科_リハビリテーション科】【一般病床数:41療養病床数:119精神病床数:0感染症病床数:0合計病床数:160】熊本県熊本市南区御幸笛田２ー１５ー６" }, "geometry": { "type": "Point", "coordinates": [ 130.709834, 32.763493 ] } },
{ "type": "Feature", "properties": { "ID": 431143310651, "正式名称": "十善病院", "機関区分": 1, "都道府県コード": 43, "市区町村コード": 101, "所在地": "熊本県熊本市中央区南熊本３ー６ー３４", "緯度": 32.786763, "経度": 130.713186, "url": "https://www.iryou.teikyouseido.mhlw.go.jp/znk-web/juminkanja/S2430/initialize?prefCd=43&kikanCd=143310651&kikanKbn=1", "url2": "http://www.10zen.jp/", "内容": "十善病院【1:病院】【診療科目:内科_血液内科_糖尿病・代謝内科_呼吸器内科_循環器内科_消化器内科_外科_整形外科_小児科_小児外科_その他（小児科系）小児リハビリテーション科_リウマチ科_リハビリテーション科】【一般病床数:138療養病床数:40精神病床数:0感染症病床数:0合計病床数:178】熊本県熊本市中央区南熊本３ー６ー３４" }, "geometry": { "type": "Point", "coordinates": [ 130.713186, 32.786763 ] } },
{ "type": "Feature", "properties": { "ID": 431143310677, "正式名称": "悠愛病院", "機関区分": 1, "都道府県コード": 43, "市区町村コード": 102, "所在地": "熊本県熊本市東区画図町下無田１１３９", "緯度": 32.75673, "経度": 130.734985, "url": "https://www.iryou.teikyouseido.mhlw.go.jp/znk-web/juminkanja/S2430/initialize?prefCd=43&kikanCd=143310677&kikanKbn=1", "url2": "https://www.yuuaihospital.com", "内容": "悠愛病院【1:病院】【診療科目:内科_リハビリテーション科】【一般病床数:56療養病床数:56精神病床数:0感染症病床数:0合計病床数:56】熊本県熊本市東区画図町下無田１１３９" }, "geometry": { "type": "Point", "coordinates": [ 130.734985, 32.75673 ] } },
{ "type": "Feature", "properties": { "ID": 431143310680, "正式名称": "西村内科脳神経外科病院", "機関区分": 1, "都道府県コード": 43, "市区町村コード": 101, "所在地": "熊本県熊本市中央区南熊本２ー７ー７", "緯度": 32.789168, "経度": 130.713524, "url": "https://www.iryou.teikyouseido.mhlw.go.jp/znk-web/juminkanja/S2430/initialize?prefCd=43&kikanCd=143310680&kikanKbn=1", "url2": "http://www.nishimura-byoin.com", "内容": "西村内科脳神経外科病院【1:病院】【診療科目:内科_呼吸器内科_循環器内科_消化器内科_脳神経外科_放射線診断科】【一般病床数:44療養病床数:0精神病床数:0感染症病床数:0合計病床数:44】熊本県熊本市中央区南熊本２ー７ー７" }, "geometry": { "type": "Point", "coordinates": [ 130.713524, 32.789168 ] } },
{ "type": "Feature", "properties": { "ID": 431143310693, "正式名称": "西日本病院", "機関区分": 1, "都道府県コード": 43, "市区町村コード": 102, "所在地": "熊本県熊本市東区八反田３ー２０ー１", "緯度": 32.821241, "経度": 130.770679, "url": "https://www.iryou.teikyouseido.mhlw.go.jp/znk-web/juminkanja/S2430/initialize?prefCd=43&kikanCd=143310693&kikanKbn=1", "url2": "http://www.nishinihon.or.jp/", "内容": "西日本病院【1:病院】【診療科目:内科_血液内科_代謝内科_呼吸器内科_循環器内科_消化器内科_神経内科_外科_脳神経外科_整形外科_眼科_耳鼻いんこう科_皮膚科_泌尿器科_歯科_リハビリテーション科_放射線科_麻酔科】【一般病床数:395療養病床数:130精神病床数:0感染症病床数:0合計病床数:525】熊本県熊本市東区八反田３ー２０ー１" }, "geometry": { "type": "Point", "coordinates": [ 130.770679, 32.821241 ] } },
{ "type": "Feature", "properties": { "ID": 431143310723, "正式名称": "くまもと江津湖療育医療センター", "機関区分": 1, "都道府県コード": 43, "市区町村コード": 102, "所在地": "熊本県熊本市東区画図町重富５７５", "緯度": 32.759702, "経度": 130.729374, "url": "https://www.iryou.teikyouseido.mhlw.go.jp/znk-web/juminkanja/S2430/initialize?prefCd=43&kikanCd=143310723&kikanKbn=1", "url2": "http://www.ezuko.jp/", "内容": "くまもと江津湖療育医療センター【1:病院】【診療科目:内科_小児科】【一般病床数:121療養病床数:0精神病床数:0感染症病床数:0合計病床数:121】熊本県熊本市東区画図町重富５７５" }, "geometry": { "type": "Point", "coordinates": [ 130.729374, 32.759702 ] } },
{ "type": "Feature", "properties": { "ID": 431143310736, "正式名称": "社会福祉法人恩賜財団済生会熊本病院", "機関区分": 1, "都道府県コード": 43, "市区町村コード": 104, "所在地": "熊本県熊本市南区近見５ー３ー１", "緯度": 32.765264, "経度": 130.700977, "url": "https://www.iryou.teikyouseido.mhlw.go.jp/znk-web/juminkanja/S2430/initialize?prefCd=43&kikanCd=143310736&kikanKbn=1", "url2": "https://www.sk-kumamoto.jp/", "内容": "社会福祉法人恩賜財団済生会熊本病院【1:病院】【診療科目:内科_糖尿病内科_脳神経内科_呼吸器内科_循環器内科_消化器内科_腎臓内科_腫瘍内科_外科_脳神経外科_呼吸器外科_心臓血管外科_消化器外科_整形外科_泌尿器科_リハビリテーション科_放射線科_病理診断科_救急科_麻酔科】【一般病床数:400療養病床数:0精神病床数:0感染症病床数:0合計病床数:400】熊本県熊本市南区近見５ー３ー１" }, "geometry": { "type": "Point", "coordinates": [ 130.700977, 32.765264 ] } },
{ "type": "Feature", "properties": { "ID": 431143310749, "正式名称": "熊本中央病院", "機関区分": 1, "都道府県コード": 43, "市区町村コード": 104, "所在地": "熊本県熊本市南区田井島１ー５ー１", "緯度": 32.770309, "経度": 130.724818, "url": "https://www.iryou.teikyouseido.mhlw.go.jp/znk-web/juminkanja/S2430/initialize?prefCd=43&kikanCd=143310749&kikanKbn=1", "url2": "https://kumachu.kkr.or.jp", "内容": "熊本中央病院【1:病院】【診療科目:内科_糖尿病・代謝内科_呼吸器内科_循環器内科_消化器内科_腎臓内科_腫瘍内科_緩和ケア内科_外科_脳神経外科_呼吸器外科_心臓血管外科_乳腺・内分泌外科_整形外科_形成外科_小児科_眼科_皮膚科_泌尿器科_精神科_放射線科_麻酔科】【一般病床数:361療養病床数:0精神病床数:0感染症病床数:0合計病床数:361】熊本県熊本市南区田井島１ー５ー１" }, "geometry": { "type": "Point", "coordinates": [ 130.724818, 32.770309 ] } },
{ "type": "Feature", "properties": { "ID": 431143320029, "正式名称": "龍田病院", "機関区分": 1, "都道府県コード": 43, "市区町村コード": 101, "所在地": "熊本県熊本市中央区黒髪６ー１２ー５１", "緯度": 32.813061, "経度": 130.738734, "url": "https://www.iryou.teikyouseido.mhlw.go.jp/znk-web/juminkanja/S2430/initialize?prefCd=43&kikanCd=143320029&kikanKbn=1", "url2": "http://tatsuda-hp.sakura.ne.jp", "内容": "龍田病院【1:病院】【診療科目:精神科_心療内科】【一般病床数:0療養病床数:0精神病床数:250感染症病床数:0合計病床数:250】熊本県熊本市中央区黒髪６ー１２ー５１" }, "geometry": { "type": "Point", "coordinates": [ 130.738734, 32.813061 ] } },
{ "type": "Feature", "properties": { "ID": 431143320045, "正式名称": "弓削病院", "機関区分": 1, "都道府県コード": 43, "市区町村コード": 105, "所在地": "熊本県熊本市北区弓削５ー１２ー２５", "緯度": 32.854657, "経度": 130.78618, "url": "https://www.iryou.teikyouseido.mhlw.go.jp/znk-web/juminkanja/S2430/initialize?prefCd=43&kikanCd=143320045&kikanKbn=1", "url2": "http://www.yuge-hp.or.jp", "内容": "弓削病院【1:病院】【診療科目:精神科】【一般病床数:0療養病床数:0精神病床数:160感染症病床数:0合計病床数:160】熊本県熊本市北区弓削５ー１２ー２５" }, "geometry": { "type": "Point", "coordinates": [ 130.78618, 32.854657 ] } },
{ "type": "Feature", "properties": { "ID": 431143320061, "正式名称": "医療法人　池田会　池田病院", "機関区分": 1, "都道府県コード": 43, "市区町村コード": 105, "所在地": "熊本県熊本市北区打越町３６ー４８", "緯度": 32.828629, "経度": 130.715902, "url": "https://www.iryou.teikyouseido.mhlw.go.jp/znk-web/juminkanja/S2430/initialize?prefCd=43&kikanCd=143320061&kikanKbn=1", "url2": null, "内容": "医療法人　池田会　池田病院【1:病院】【診療科目:精神科_神経科】【一般病床数:0療養病床数:0精神病床数:199感染症病床数:0合計病床数:199】熊本県熊本市北区打越町３６ー４８" }, "geometry": { "type": "Point", "coordinates": [ 130.715902, 32.828629 ] } },
{ "type": "Feature", "properties": { "ID": 431143320120, "正式名称": "国立病院機構熊本医療センター", "機関区分": 1, "都道府県コード": 43, "市区町村コード": 101, "所在地": "熊本県熊本市中央区二の丸１ー５", "緯度": 32.804147, "経度": 130.700289, "url": "https://www.iryou.teikyouseido.mhlw.go.jp/znk-web/juminkanja/S2430/initialize?prefCd=43&kikanCd=143320120&kikanKbn=1", "url2": "https://kumamoto.hosp.go.jp/", "内容": "国立病院機構熊本医療センター【1:病院】【診療科目:内科_感染症内科_血液内科_糖尿病・内分泌内科_糖尿病・代謝内科_脳神経内科_呼吸器内科_循環器内科_消化器内科_腎臓内科_腫瘍内科_外科_脳神経外科_呼吸器外科_心臓血管外科_頭頸部外科_整形外科_形成外科_小児科_小児外科_産婦人科_眼科_耳鼻いんこう科_皮膚科_泌尿器科_精神科_歯科_歯科口腔外科_リウマチ科_リハビリテーション科_放射線科_放射線治療科_病理診断科_救急科_麻酔科】【一般病床数:500療養病床数:0精神病床数:50感染症病床数:0合計病床数:550】熊本県熊本市中央区二の丸１ー５" }, "geometry": { "type": "Point", "coordinates": [ 130.700289, 32.804147 ] } },
{ "type": "Feature", "properties": { "ID": 431143320146, "正式名称": "城山病院", "機関区分": 1, "都道府県コード": 43, "市区町村コード": 103, "所在地": "熊本県熊本市西区上代９ー２ー２０", "緯度": 32.783071, "経度": 130.660874, "url": "https://www.iryou.teikyouseido.mhlw.go.jp/znk-web/juminkanja/S2430/initialize?prefCd=43&kikanCd=143320146&kikanKbn=1", "url2": "http://www.jyozan.or.jp", "内容": "城山病院【1:病院】【診療科目:内科_循環器内科_神経内科_精神科_心療内科】【一般病床数:0療養病床数:0精神病床数:198感染症病床数:0合計病床数:198】熊本県熊本市西区上代９ー２ー２０" }, "geometry": { "type": "Point", "coordinates": [ 130.660874, 32.783071 ] } },
{ "type": "Feature", "properties": { "ID": 431143320159, "正式名称": "明生病院", "機関区分": 1, "都道府県コード": 43, "市区町村コード": 105, "所在地": "熊本県熊本市北区大窪２ー６ー２０", "緯度": 32.850821, "経度": 130.71038, "url": "https://www.iryou.teikyouseido.mhlw.go.jp/znk-web/juminkanja/S2430/initialize?prefCd=43&kikanCd=143320159&kikanKbn=1", "url2": "https://www.k-meisei.or.jp/", "内容": "明生病院【1:病院】【診療科目:精神科】【一般病床数:0療養病床数:0精神病床数:234感染症病床数:0合計病床数:234】熊本県熊本市北区大窪２ー６ー２０" }, "geometry": { "type": "Point", "coordinates": [ 130.71038, 32.850821 ] } },
{ "type": "Feature", "properties": { "ID": 431143320162, "正式名称": "青磁野リハビリテーション病院", "機関区分": 1, "都道府県コード": 43, "市区町村コード": 103, "所在地": "熊本県熊本市西区島崎２ー２２ー１５", "緯度": 32.807905, "経度": 130.691384, "url": "https://www.iryou.teikyouseido.mhlw.go.jp/znk-web/juminkanja/S2430/initialize?prefCd=43&kikanCd=143320162&kikanKbn=1", "url2": "https://www.seijino.or.jp/", "内容": "青磁野リハビリテーション病院【1:病院】【診療科目:内科_糖尿病・代謝内科_呼吸器内科_循環器内科_消化器内科_神経内科_脳神経外科_整形外科_リハビリテーション科】【一般病床数:77療養病床数:108精神病床数:0感染症病床数:0合計病床数:185】熊本県熊本市西区島崎２ー２２ー１５" }, "geometry": { "type": "Point", "coordinates": [ 130.691384, 32.807905 ] } },
{ "type": "Feature", "properties": { "ID": 431143320218, "正式名称": "桜が丘病院", "機関区分": 1, "都道府県コード": 43, "市区町村コード": 103, "所在地": "熊本県熊本市西区池田３ー４４ー１", "緯度": 32.83167, "経度": 130.701125, "url": "https://www.iryou.teikyouseido.mhlw.go.jp/znk-web/juminkanja/S2430/initialize?prefCd=43&kikanCd=143320218&kikanKbn=1", "url2": "https://www.sakuragaoka.or.jp", "内容": "桜が丘病院【1:病院】【診療科目:内科_精神科_麻酔科】【一般病床数:0療養病床数:0精神病床数:221感染症病床数:0合計病床数:221】熊本県熊本市西区池田３ー４４ー１" }, "geometry": { "type": "Point", "coordinates": [ 130.701125, 32.83167 ] } },
{ "type": "Feature", "properties": { "ID": 431143320234, "正式名称": "社会医療法人愛育会　福田病院", "機関区分": 1, "都道府県コード": 43, "市区町村コード": 101, "所在地": "熊本県熊本市中央区新町２ー２ー６", "緯度": 32.800075, "経度": 130.698723, "url": "https://www.iryou.teikyouseido.mhlw.go.jp/znk-web/juminkanja/S2430/initialize?prefCd=43&kikanCd=143320234&kikanKbn=1", "url2": "http://www.fukuda-hp.or.jp", "内容": "社会医療法人愛育会　福田病院【1:病院】【診療科目:乳腺外科_小児科_小児外科_新生児内科_産婦人科_産科_婦人科_産婦人科（生殖医療）_麻酔科】【一般病床数:176療養病床数:0精神病床数:0感染症病床数:0合計病床数:176】熊本県熊本市中央区新町２ー２ー６" }, "geometry": { "type": "Point", "coordinates": [ 130.698723, 32.800075 ] } },
{ "type": "Feature", "properties": { "ID": 431143320250, "正式名称": "山口病院", "機関区分": 1, "都道府県コード": 43, "市区町村コード": 103, "所在地": "熊本県熊本市西区田崎３ー１ー１７", "緯度": 32.78098, "経度": 130.683263, "url": "https://www.iryou.teikyouseido.mhlw.go.jp/znk-web/juminkanja/S2430/initialize?prefCd=43&kikanCd=143320250&kikanKbn=1", "url2": "http://www5.ocn.ne.jp/~hospital/index.html", "内容": "山口病院【1:病院】【診療科目:呼吸器内科_胃腸内科_外科_呼吸器外科_胃腸外科_肛門外科_整形外科_小児科_泌尿器科_リハビリテーション科_麻酔科】【一般病床数:21療養病床数:51精神病床数:0感染症病床数:0合計病床数:72】熊本県熊本市西区田崎３ー１ー１７" }, "geometry": { "type": "Point", "coordinates": [ 130.683263, 32.78098 ] } },
{ "type": "Feature", "properties": { "ID": 431143320263, "正式名称": "武蔵ヶ丘病院", "機関区分": 1, "都道府県コード": 43, "市区町村コード": 105, "所在地": "熊本県熊本市北区楠７ー１５ー１", "緯度": 32.845991, "経度": 130.762163, "url": "https://www.iryou.teikyouseido.mhlw.go.jp/znk-web/juminkanja/S2430/initialize?prefCd=43&kikanCd=143320263&kikanKbn=1", "url2": "http://www.tanakakai.com", "内容": "武蔵ヶ丘病院【1:病院】【診療科目:内科_呼吸器内科_循環器内科_消化器内科_神経内科_外科_整形外科_耳鼻いんこう科_精神科_心療内科_リハビリテーション科_放射線科_その他】【一般病床数:85療養病床数:60精神病床数:0感染症病床数:0合計病床数:145】熊本県熊本市北区楠７ー１５ー１" }, "geometry": { "type": "Point", "coordinates": [ 130.762163, 32.845991 ] } },
{ "type": "Feature", "properties": { "ID": 431143320276, "正式名称": "くまもと成城病院", "機関区分": 1, "都道府県コード": 43, "市区町村コード": 105, "所在地": "熊本県熊本市北区室園町１０ー１７", "緯度": 32.823666, "経度": 130.72324, "url": "https://www.iryou.teikyouseido.mhlw.go.jp/znk-web/juminkanja/S2430/initialize?prefCd=43&kikanCd=143320276&kikanKbn=1", "url2": "http://www.k-seijo.or.jp", "内容": "くまもと成城病院【1:病院】【診療科目:内科_呼吸器内科_循環器内科_消化器内科_神経内科_歯科_リウマチ科_リハビリテーション科_放射線科】【一般病床数:84療養病床数:49精神病床数:0感染症病床数:0合計病床数:133】熊本県熊本市北区室園町１０ー１７" }, "geometry": { "type": "Point", "coordinates": [ 130.72324, 32.823666 ] } },
{ "type": "Feature", "properties": { "ID": 431143320289, "正式名称": "医療法人聖粒会　慈恵病院", "機関区分": 1, "都道府県コード": 43, "市区町村コード": 103, "所在地": "熊本県熊本市西区島崎６ー１ー２７", "緯度": 32.811616, "経度": 130.688854, "url": "https://www.iryou.teikyouseido.mhlw.go.jp/znk-web/juminkanja/S2430/initialize?prefCd=43&kikanCd=143320289&kikanKbn=1", "url2": "http://jikei-hp.or.jp", "内容": "医療法人聖粒会　慈恵病院【1:病院】【診療科目:小児科_産科_婦人科】【一般病床数:72療養病床数:0精神病床数:0感染症病床数:0合計病床数:72】熊本県熊本市西区島崎６ー１ー２７" }, "geometry": { "type": "Point", "coordinates": [ 130.688854, 32.811616 ] } },
{ "type": "Feature", "properties": { "ID": 431143320306, "正式名称": "朝日野総合病院", "機関区分": 1, "都道府県コード": 43, "市区町村コード": 105, "所在地": "熊本県熊本市北区室園町１２ー１０", "緯度": 32.823299, "経度": 130.724662, "url": "https://www.iryou.teikyouseido.mhlw.go.jp/znk-web/juminkanja/S2430/initialize?prefCd=43&kikanCd=143320306&kikanKbn=1", "url2": "http://www.asahino.or.jp", "内容": "朝日野総合病院【1:病院】【診療科目:内科_血液内科_糖尿病内科_代謝内科_糖尿病・代謝内科_呼吸器内科_循環器内科_消化器内科_腎臓内科_人工透析内科_神経内科_ペインクリニック内科_外科_脳神経外科_心臓血管外科_消化器外科_乳腺・内分泌外科_肛門外科_整形外科_形成外科_小児外科_婦人科_眼科_耳鼻いんこう科_皮膚科_泌尿器科_心療内科_歯科_歯科口腔外科_小児歯科_リウマチ科_リハビリテーション科_放射線科_救急科_麻酔科】【一般病床数:275療養病床数:103精神病床数:0感染症病床数:0合計病床数:378】熊本県熊本市北区室園町１２ー１０" }, "geometry": { "type": "Point", "coordinates": [ 130.724662, 32.823299 ] } },
{ "type": "Feature", "properties": { "ID": 431143320319, "正式名称": "自由が丘病院", "機関区分": 1, "都道府県コード": 43, "市区町村コード": 105, "所在地": "熊本県熊本市北区龍田陳内１ー３ー１０", "緯度": 32.823035, "経度": 130.744167, "url": "https://www.iryou.teikyouseido.mhlw.go.jp/znk-web/juminkanja/S2430/initialize?prefCd=43&kikanCd=143320319&kikanKbn=1", "url2": "http://www.jiyugaoka-hp.or.jp/", "内容": "自由が丘病院【1:病院】【診療科目:精神科_心療内科】【一般病床数:0療養病床数:0精神病床数:135感染症病床数:0合計病床数:135】熊本県熊本市北区龍田陳内１ー３ー１０" }, "geometry": { "type": "Point", "coordinates": [ 130.744167, 32.823035 ] } },
{ "type": "Feature", "properties": { "ID": 431143320322, "正式名称": "サキサカ病院", "機関区分": 1, "都道府県コード": 43, "市区町村コード": 101, "所在地": "熊本県熊本市中央区新町２ー１０ー２７", "緯度": 32.798176, "経度": 130.698386, "url": "https://www.iryou.teikyouseido.mhlw.go.jp/znk-web/juminkanja/S2430/initialize?prefCd=43&kikanCd=143320322&kikanKbn=1", "url2": "sakisaka.or.jp", "内容": "サキサカ病院【1:病院】【診療科目:内科_外科_ペインクリニック外科_形成外科_小児科_小児外科_眼科_麻酔科】【一般病床数:0療養病床数:59精神病床数:0感染症病床数:0合計病床数:59】熊本県熊本市中央区新町２ー１０ー２７" }, "geometry": { "type": "Point", "coordinates": [ 130.698386, 32.798176 ] } },
{ "type": "Feature", "properties": { "ID": 431143320335, "正式名称": "熊本博愛病院", "機関区分": 1, "都道府県コード": 43, "市区町村コード": 105, "所在地": "熊本県熊本市北区楠６ー６ー６０", "緯度": 32.850547, "経度": 130.762998, "url": "https://www.iryou.teikyouseido.mhlw.go.jp/znk-web/juminkanja/S2430/initialize?prefCd=43&kikanCd=143320335&kikanKbn=1", "url2": null, "内容": "熊本博愛病院【1:病院】【診療科目:内科_リハビリテーション科_放射線科】【一般病床数:0療養病床数:26精神病床数:0感染症病床数:0合計病床数:26】熊本県熊本市北区楠６ー６ー６０" }, "geometry": { "type": "Point", "coordinates": [ 130.762998, 32.850547 ] } },
{ "type": "Feature", "properties": { "ID": 431143320348, "正式名称": "熊本機能病院", "機関区分": 1, "都道府県コード": 43, "市区町村コード": 105, "所在地": "熊本県熊本市北区山室６ー８ー１", "緯度": 32.846955, "経度": 130.718315, "url": "https://www.iryou.teikyouseido.mhlw.go.jp/znk-web/juminkanja/S2430/initialize?prefCd=43&kikanCd=143320348&kikanKbn=1", "url2": "http://www.juryo.or.jp/", "内容": "熊本機能病院【1:病院】【診療科目:内科_脳神経内科_循環器内科_外科_脳神経外科_血管外科_消化器外科_整形外科_形成外科_耳鼻いんこう科_皮膚科_リウマチ科_リハビリテーション科_放射線科_救急科_麻酔科】【一般病床数:395療養病床数:0精神病床数:0感染症病床数:0合計病床数:395】熊本県熊本市北区山室６ー８ー１" }, "geometry": { "type": "Point", "coordinates": [ 130.718315, 32.846955 ] } },
{ "type": "Feature", "properties": { "ID": 431143320351, "正式名称": "出田眼科病院", "機関区分": 1, "都道府県コード": 43, "市区町村コード": 101, "所在地": "熊本県熊本市中央区西唐人町３９", "緯度": 32.797255, "経度": 130.696903, "url": "https://www.iryou.teikyouseido.mhlw.go.jp/znk-web/juminkanja/S2430/initialize?prefCd=43&kikanCd=143320351&kikanKbn=1", "url2": "http://www.ideta.or.jp/", "内容": "出田眼科病院【1:病院】【診療科目:眼科_麻酔科】【一般病床数:35療養病床数:0精神病床数:0感染症病床数:0合計病床数:35】熊本県熊本市中央区西唐人町３９" }, "geometry": { "type": "Point", "coordinates": [ 130.696903, 32.797255 ] } },
{ "type": "Feature", "properties": { "ID": 431143320380, "正式名称": "熊本泌尿器科病院", "機関区分": 1, "都道府県コード": 43, "市区町村コード": 101, "所在地": "熊本県熊本市中央区新町４ー７ー２２", "緯度": 32.798475, "経度": 130.694931, "url": "https://www.iryou.teikyouseido.mhlw.go.jp/znk-web/juminkanja/S2430/initialize?prefCd=43&kikanCd=143320380&kikanKbn=1", "url2": "https://nojirikai.jp/", "内容": "熊本泌尿器科病院【1:病院】【診療科目:腎臓内科_人工透析内科_皮膚科_泌尿器科_麻酔科】【一般病床数:28療養病床数:24精神病床数:0感染症病床数:0合計病床数:52】熊本県熊本市中央区新町４ー７ー２２" }, "geometry": { "type": "Point", "coordinates": [ 130.694931, 32.798475 ] } },
{ "type": "Feature", "properties": { "ID": 431143330019, "正式名称": "くまもと成仁病院", "機関区分": 1, "都道府県コード": 43, "市区町村コード": 102, "所在地": "熊本県熊本市東区戸島２ー３ー１５", "緯度": 32.816706, "経度": 130.792925, "url": "https://www.iryou.teikyouseido.mhlw.go.jp/znk-web/juminkanja/S2430/initialize?prefCd=43&kikanCd=143330019&kikanKbn=1", "url2": "http://seijin-kumamoto.or.jp", "内容": "くまもと成仁病院【1:病院】【診療科目:内科_糖尿病内科_代謝内科_内分泌内科_脳神経内科_呼吸器内科_循環器内科_消化器内科_歯科_リハビリテーション科_放射線科】【一般病床数:37療養病床数:143精神病床数:0感染症病床数:0合計病床数:180】熊本県熊本市東区戸島２ー３ー１５" }, "geometry": { "type": "Point", "coordinates": [ 130.792925, 32.816706 ] } },
{ "type": "Feature", "properties": { "ID": 431143330022, "正式名称": "熊本第一病院", "機関区分": 1, "都道府県コード": 43, "市区町村コード": 104, "所在地": "熊本県熊本市南区田迎町田井島２２４", "緯度": 32.76769, "経度": 130.72603, "url": "https://www.iryou.teikyouseido.mhlw.go.jp/znk-web/juminkanja/S2430/initialize?prefCd=43&kikanCd=143330022&kikanKbn=1", "url2": "http://vansay.jp/kumamoto/", "内容": "熊本第一病院【1:病院】【診療科目:内科_血液・腫瘍内科_糖尿病・代謝内科_呼吸器内科_循環器内科_消化器内科_緩和ケア内科_リハビリテーション科】【一般病床数:60療養病床数:65精神病床数:0感染症病床数:0合計病床数:125】熊本県熊本市南区田迎町田井島２２４" }, "geometry": { "type": "Point", "coordinates": [ 130.72603, 32.76769 ] } },
{ "type": "Feature", "properties": { "ID": 431143330035, "正式名称": "嶋田病院", "機関区分": 1, "都道府県コード": 43, "市区町村コード": 101, "所在地": "熊本県熊本市中央区練兵町２４", "緯度": 32.798226, "経度": 130.702152, "url": "https://www.iryou.teikyouseido.mhlw.go.jp/znk-web/juminkanja/S2430/initialize?prefCd=43&kikanCd=143330035&kikanKbn=1", "url2": "http://www.shimada-hp.jp", "内容": "嶋田病院【1:病院】【診療科目:内科_代謝内科_呼吸器内科_腎臓内科_人工透析内科_リハビリテーション科】【一般病床数:48療養病床数:0精神病床数:0感染症病床数:0合計病床数:48】熊本県熊本市中央区練兵町２４" }, "geometry": { "type": "Point", "coordinates": [ 130.702152, 32.798226 ] } },
{ "type": "Feature", "properties": { "ID": 431143330051, "正式名称": "イエズスの聖心病院", "機関区分": 1, "都道府県コード": 43, "市区町村コード": 103, "所在地": "熊本県熊本市西区上熊本２ー１１ー２４", "緯度": 32.812983, "経度": 130.699895, "url": "https://www.iryou.teikyouseido.mhlw.go.jp/znk-web/juminkanja/S2430/initialize?prefCd=43&kikanCd=143330051&kikanKbn=1", "url2": "http://www.mikokorohp.com/", "内容": "イエズスの聖心病院【1:病院】【診療科目:緩和ケア内科_リハビリテーション科】【一般病床数:37療養病床数:0精神病床数:0感染症病床数:0合計病床数:37】熊本県熊本市西区上熊本２ー１１ー２４" }, "geometry": { "type": "Point", "coordinates": [ 130.699895, 32.812983 ] } },
{ "type": "Feature", "properties": { "ID": 431143330064, "正式名称": "伊東歯科口腔病院", "機関区分": 1, "都道府県コード": 43, "市区町村コード": 101, "所在地": "熊本県熊本市中央区子飼本町４ー１４", "緯度": 32.813758, "経度": 130.72267, "url": "https://www.iryou.teikyouseido.mhlw.go.jp/znk-web/juminkanja/S2430/initialize?prefCd=43&kikanCd=143330064&kikanKbn=1", "url2": "http://www.itoh-dh.or.jp", "内容": "伊東歯科口腔病院【1:病院】【診療科目:歯科_矯正歯科_歯科口腔外科_小児歯科_麻酔科】【一般病床数:24療養病床数:0精神病床数:0感染症病床数:0合計病床数:24】熊本県熊本市中央区子飼本町４ー１４" }, "geometry": { "type": "Point", "coordinates": [ 130.72267, 32.813758 ] } },
{ "type": "Feature", "properties": { "ID": 431143330077, "正式名称": "くまもと乳腺外科病院", "機関区分": 1, "都道府県コード": 43, "市区町村コード": 101, "所在地": "熊本県熊本市中央区南熊本４ー３ー５", "緯度": 32.790215, "経度": 130.709911, "url": "https://www.iryou.teikyouseido.mhlw.go.jp/znk-web/juminkanja/S2430/initialize?prefCd=43&kikanCd=143330077&kikanKbn=1", "url2": "http://chemotopia.or.jp", "内容": "くまもと乳腺外科病院【1:病院】【診療科目:乳腺内科_乳腺外科_病理診断科_麻酔科】【一般病床数:41療養病床数:0精神病床数:0感染症病床数:0合計病床数:41】熊本県熊本市中央区南熊本４ー３ー５" }, "geometry": { "type": "Point", "coordinates": [ 130.709911, 32.790215 ] } },
{ "type": "Feature", "properties": { "ID": 431143330080, "正式名称": "平成とうや病院", "機関区分": 1, "都道府県コード": 43, "市区町村コード": 104, "所在地": "熊本県熊本市南区出仲間８ー２ー１５", "緯度": 32.766876, "経度": 130.71885, "url": "https://www.iryou.teikyouseido.mhlw.go.jp/znk-web/juminkanja/S2430/initialize?prefCd=43&kikanCd=143330080&kikanKbn=1", "url2": "http://www.tohya.or.jp/heisei/", "内容": "平成とうや病院【1:病院】【診療科目:内科_脳神経内科_呼吸器内科_循環器内科_消化器内科_リハビリテーション科】【一般病床数:104療養病床数:56精神病床数:0感染症病床数:0合計病床数:160】熊本県熊本市南区出仲間８ー２ー１５" }, "geometry": { "type": "Point", "coordinates": [ 130.71885, 32.766876 ] } },
{ "type": "Feature", "properties": { "ID": 431143330093, "正式名称": "熊本託麻台リハビリテーション病院", "機関区分": 1, "都道府県コード": 43, "市区町村コード": 101, "所在地": "熊本県熊本市中央区帯山８ー２ー１", "緯度": 32.805736, "経度": 130.760543, "url": "https://www.iryou.teikyouseido.mhlw.go.jp/znk-web/juminkanja/S2430/initialize?prefCd=43&kikanCd=143330093&kikanKbn=1", "url2": "http://www.horio-kai.or.jp", "内容": "熊本託麻台リハビリテーション病院【1:病院】【診療科目:内科_脳神経内科_循環器内科_消化器内科_脳神経外科_整形外科_小児科_その他（小児科系）_リハビリテーション科】【一般病床数:142療養病床数:0精神病床数:0感染症病床数:0合計病床数:142】熊本県熊本市中央区帯山８ー２ー１" }, "geometry": { "type": "Point", "coordinates": [ 130.760543, 32.805736 ] } },
{ "type": "Feature", "properties": { "ID": 431143330107, "正式名称": "森病院", "機関区分": 1, "都道府県コード": 43, "市区町村コード": 104, "所在地": "熊本県熊本市南区近見１ー１６ー１６", "緯度": 32.768656, "経度": 130.691619, "url": "https://www.iryou.teikyouseido.mhlw.go.jp/znk-web/juminkanja/S2430/initialize?prefCd=43&kikanCd=143330107&kikanKbn=1", "url2": "http://morihospital.com/", "内容": "森病院【1:病院】【診療科目:精神科】【一般病床数:0療養病床数:0精神病床数:193感染症病床数:0合計病床数:193】熊本県熊本市南区近見１ー１６ー１６" }, "geometry": { "type": "Point", "coordinates": [ 130.691619, 32.768656 ] } },
{ "type": "Feature", "properties": { "ID": 431143330110, "正式名称": "くまもと森都総合病院", "機関区分": 1, "都道府県コード": 43, "市区町村コード": 101, "所在地": "熊本県熊本市中央区大江３ー２ー６５", "緯度": 32.801345, "経度": 130.718407, "url": "https://www.iryou.teikyouseido.mhlw.go.jp/znk-web/juminkanja/S2430/initialize?prefCd=43&kikanCd=143330110&kikanKbn=1", "url2": "http://www.k-shinto.or.jp", "内容": "くまもと森都総合病院【1:病院】【診療科目:内科_血液内科_代謝・内分泌内科_呼吸器内科_循環器内科_消化器内科_腎臓内科_肝臓内科_腫瘍内科_リウマチ・膠原病内科_外科_乳腺外科_整形外科_産婦人科_眼科_皮膚科_腫瘍精神科_歯科口腔外科_リウマチ科_リハビリテーション科_放射線科_病理診断科_臨床検査科_麻酔科】【一般病床数:199療養病床数:0精神病床数:0感染症病床数:0合計病床数:199】熊本県熊本市中央区大江３ー２ー６５" }, "geometry": { "type": "Point", "coordinates": [ 130.718407, 32.801345 ] } },
{ "type": "Feature", "properties": { "ID": 431143330123, "正式名称": "大腸肛門病センター高野病院", "機関区分": 1, "都道府県コード": 43, "市区町村コード": 101, "所在地": "熊本県熊本市中央区大江３丁目２の５５", "緯度": 32.802592, "経度": 130.72482, "url": "https://www.iryou.teikyouseido.mhlw.go.jp/znk-web/juminkanja/S2430/initialize?prefCd=43&kikanCd=143330123&kikanKbn=1", "url2": "http://www.takano-hospital.jp", "内容": "大腸肛門病センター高野病院【1:病院】【診療科目:内科_消化器内科_緩和ケア内科_外科_消化器外科_肛門外科_泌尿器科_心療内科_リハビリテーション科_放射線科_麻酔科】【一般病床数:166療養病床数:0精神病床数:0感染症病床数:0合計病床数:166】熊本県熊本市中央区大江３丁目２の５５" }, "geometry": { "type": "Point", "coordinates": [ 130.72482, 32.802592 ] } },
{ "type": "Feature", "properties": { "ID": 431143330136, "正式名称": "上代成城病院", "機関区分": 1, "都道府県コード": 43, "市区町村コード": 103, "所在地": "熊本県熊本市西区上代２ー２ー２５", "緯度": 32.781035, "経度": 130.673839, "url": "https://www.iryou.teikyouseido.mhlw.go.jp/znk-web/juminkanja/S2430/initialize?prefCd=43&kikanCd=143330136&kikanKbn=1", "url2": "www.kamidai-seijo.jp/", "内容": "上代成城病院【1:病院】【診療科目:内科_代謝内科_脳神経内科_呼吸器内科_循環器内科_消化器内科_緩和ケア内科_リウマチ科_リハビリテーション科_放射線科】【一般病床数:30療養病床数:52精神病床数:0感染症病床数:0合計病床数:82】熊本県熊本市西区上代２ー２ー２５" }, "geometry": { "type": "Point", "coordinates": [ 130.673839, 32.781035 ] } },
{ "type": "Feature", "properties": { "ID": 431143330149, "正式名称": "熊本市立熊本市民病院", "機関区分": 1, "都道府県コード": 43, "市区町村コード": 102, "所在地": "熊本県熊本市東区東町４ー１ー６０", "緯度": 32.787111, "経度": 130.762258, "url": "https://www.iryou.teikyouseido.mhlw.go.jp/znk-web/juminkanja/S2430/initialize?prefCd=43&kikanCd=143330149&kikanKbn=1", "url2": "https://www.cityhosp-kumamoto.jp/", "内容": "熊本市立熊本市民病院【1:病院】【診療科目:感染症内科_血液・腫瘍内科_代謝内科_脳神経内科_呼吸器内科_循環器内科_消化器内科_腎臓内科_総合内科_脳神経外科_呼吸器外科_消化器外科_乳腺・内分泌外科_整形外科_小児科_小児外科_新生児内科_小児循環器内科，小児心臓外科_産科_婦人科_眼科_耳鼻いんこう科_皮膚科_泌尿器科_精神科_歯科口腔外科_リハビリテーション科_放射線科_病理診断科_救急科_麻酔科_緩和ケア外来，女性専門外来】【一般病床数:380療養病床数:0精神病床数:0感染症病床数:8合計病床数:388】熊本県熊本市東区東町４ー１ー６０" }, "geometry": { "type": "Point", "coordinates": [ 130.762258, 32.787111 ] } },
{ "type": "Feature", "properties": { "ID": 431143330152, "正式名称": "熊本整形外科病院", "機関区分": 1, "都道府県コード": 43, "市区町村コード": 101, "所在地": "熊本県熊本市中央区新屋敷１ー１７ー１", "緯度": 32.797465, "経度": 130.714746, "url": "https://www.iryou.teikyouseido.mhlw.go.jp/znk-web/juminkanja/S2430/initialize?prefCd=43&kikanCd=143330152&kikanKbn=1", "url2": "http://kumasei.jp/", "内容": "熊本整形外科病院【1:病院】【診療科目:内科_呼吸器内科_循環器内科_血管外科_整形外科_形成外科_リウマチ科_リハビリテーション科_放射線科_麻酔科】【一般病床数:204療養病床数:0精神病床数:0感染症病床数:0合計病床数:204】熊本県熊本市中央区新屋敷１ー１７ー１" }, "geometry": { "type": "Point", "coordinates": [ 130.714746, 32.797465 ] } },
{ "type": "Feature", "properties": { "ID": 431143510015, "正式名称": "寺尾病院", "機関区分": 1, "都道府県コード": 43, "市区町村コード": 105, "所在地": "熊本県熊本市北区小糸山町７５９", "緯度": 32.892858, "経度": 130.692673, "url": "https://www.iryou.teikyouseido.mhlw.go.jp/znk-web/juminkanja/S2430/initialize?prefCd=43&kikanCd=143510015&kikanKbn=1", "url2": "https://www.terao.or.jp", "内容": "寺尾病院【1:病院】【診療科目:内科_糖尿病・代謝内科_呼吸器内科_消化器内科_整形外科_小児科_耳鼻いんこう科_皮膚科_リハビリテーション科_放射線科】【一般病床数:88療養病床数:0精神病床数:0感染症病床数:0合計病床数:88】熊本県熊本市北区小糸山町７５９" }, "geometry": { "type": "Point", "coordinates": [ 130.692673, 32.892858 ] } },
{ "type": "Feature", "properties": { "ID": 431143510028, "正式名称": "菊南病院", "機関区分": 1, "都道府県コード": 43, "市区町村コード": 105, "所在地": "熊本県熊本市北区鶴羽田３ー１ー５３", "緯度": 32.858837, "経度": 130.726965, "url": "https://www.iryou.teikyouseido.mhlw.go.jp/znk-web/juminkanja/S2430/initialize?prefCd=43&kikanCd=143510028&kikanKbn=1", "url2": "https://www.kikunan-hospital.com", "内容": "菊南病院【1:病院】【診療科目:内科_呼吸器内科_循環器内科_消化器内科_神経内科_乳腺外科_整形外科_リハビリテーション科_放射線科】【一般病床数:56療養病床数:94精神病床数:0感染症病床数:0合計病床数:150】熊本県熊本市北区鶴羽田３ー１ー５３" }, "geometry": { "type": "Point", "coordinates": [ 130.726965, 32.858837 ] } },
{ "type": "Feature", "properties": { "ID": 431143510031, "正式名称": "北部病院", "機関区分": 1, "都道府県コード": 43, "市区町村コード": 105, "所在地": "熊本県熊本市北区四方寄町１２８１ー３", "緯度": 32.864556, "経度": 130.708488, "url": "https://www.iryou.teikyouseido.mhlw.go.jp/znk-web/juminkanja/S2430/initialize?prefCd=43&kikanCd=143510031&kikanKbn=1", "url2": "http://www.hkb.or.jp/hkb/index.html", "内容": "北部病院【1:病院】【診療科目:内科_脳神経内科_消化器内科_胃腸内科_漢方内科_老年内科_女性内科_外科_整形外科_眼科_皮膚科_リハビリテーション科_放射線科_麻酔科】【一般病床数:0療養病床数:50精神病床数:0感染症病床数:0合計病床数:50】熊本県熊本市北区四方寄町１２８１ー３" }, "geometry": { "type": "Point", "coordinates": [ 130.708488, 32.864556 ] } },
{ "type": "Feature", "properties": { "ID": 431143510044, "正式名称": "聖ヶ塔病院", "機関区分": 1, "都道府県コード": 43, "市区町村コード": 103, "所在地": "熊本県熊本市西区河内町船津８９７", "緯度": 32.836003, "経度": 130.582335, "url": "https://www.iryou.teikyouseido.mhlw.go.jp/znk-web/juminkanja/S2430/initialize?prefCd=43&kikanCd=143510044&kikanKbn=1", "url2": "https://www.seigatoh-hp.jp", "内容": "聖ヶ塔病院【1:病院】【診療科目:内科_呼吸器内科_循環器内科_消化器内科_神経内科_外科_整形外科_アレルギー科_リウマチ科_リハビリテーション科_放射線科_呼吸器科、消化器科、循環器科】【一般病床数:54療養病床数:120精神病床数:0感染症病床数:0合計病床数:174】熊本県熊本市西区河内町船津８９７" }, "geometry": { "type": "Point", "coordinates": [ 130.582335, 32.836003 ] } },
{ "type": "Feature", "properties": { "ID": 431143510057, "正式名称": "あきた病院", "機関区分": 1, "都道府県コード": 43, "市区町村コード": 104, "所在地": "熊本県熊本市南区会富町１１２０", "緯度": 32.752651, "経度": 130.65377, "url": "https://www.iryou.teikyouseido.mhlw.go.jp/znk-web/juminkanja/S2430/initialize?prefCd=43&kikanCd=143510057&kikanKbn=1", "url2": "http://www.akita-hospital.or.jp/", "内容": "あきた病院【1:病院】【診療科目:内科_糖尿病・代謝内科_呼吸器内科_循環器内科_消化器内科_外科_整形外科_皮膚科_アレルギー科_リハビリテーション科】【一般病床数:42療養病床数:85精神病床数:0感染症病床数:0合計病床数:127】熊本県熊本市南区会富町１１２０" }, "geometry": { "type": "Point", "coordinates": [ 130.65377, 32.752651 ] } },
{ "type": "Feature", "properties": { "ID": 431143510073, "正式名称": "熊本リハビリテーション病院", "機関区分": 1, "都道府県コード": 43, "市区町村コード": 404, "所在地": "熊本県菊池郡菊陽町曲手７６０", "緯度": 32.840242, "経度": 130.83524, "url": "https://www.iryou.teikyouseido.mhlw.go.jp/znk-web/juminkanja/S2430/initialize?prefCd=43&kikanCd=143510073&kikanKbn=1", "url2": "http://kumareha.jp", "内容": "熊本リハビリテーション病院【1:病院】【診療科目:内科_代謝内科_脳神経内科_呼吸器内科_循環器内科_消化器内科_脳神経外科_血管外科_心臓血管外科_整形外科_形成外科_泌尿器科_歯科_歯科口腔外科_リウマチ科_リハビリテーション科_放射線科_麻酔科】【一般病床数:225療養病床数:0精神病床数:0感染症病床数:0合計病床数:225】熊本県菊池郡菊陽町曲手７６０" }, "geometry": { "type": "Point", "coordinates": [ 130.83524, 32.840242 ] } },
{ "type": "Feature", "properties": { "ID": 431143510086, "正式名称": "菊陽病院", "機関区分": 1, "都道府県コード": 43, "市区町村コード": 404, "所在地": "熊本県菊池郡菊陽町大字原水５５８７", "緯度": 32.868711, "経度": 130.797134, "url": "https://www.iryou.teikyouseido.mhlw.go.jp/znk-web/juminkanja/S2430/initialize?prefCd=43&kikanCd=143510086&kikanKbn=1", "url2": "https://www.kikuyouhp.jp/", "内容": "菊陽病院【1:病院】【診療科目:内科_精神科_神経科_歯科_放射線科】【一般病床数:0療養病床数:0精神病床数:308感染症病床数:0合計病床数:308】熊本県菊池郡菊陽町大字原水５５８７" }, "geometry": { "type": "Point", "coordinates": [ 130.797134, 32.868711 ] } },
{ "type": "Feature", "properties": { "ID": 431143510099, "正式名称": "菊陽台病院", "機関区分": 1, "都道府県コード": 43, "市区町村コード": 404, "所在地": "熊本県菊池郡菊陽町久保田２９８４", "緯度": 32.861846, "経度": 130.83407, "url": "https://www.iryou.teikyouseido.mhlw.go.jp/znk-web/juminkanja/S2430/initialize?prefCd=43&kikanCd=143510099&kikanKbn=1", "url2": "http://www.kikuyodai-hospital.com/", "内容": "菊陽台病院【1:病院】【診療科目:内科_神経内科_整形外科_皮膚科_リウマチ科_リハビリテーション科_放射線科_消化器科、呼吸器科、胃腸科、循環器科】【一般病床数:42療養病床数:97精神病床数:0感染症病床数:0合計病床数:139】熊本県菊池郡菊陽町久保田２９８４" }, "geometry": { "type": "Point", "coordinates": [ 130.83407, 32.861846 ] } },
{ "type": "Feature", "properties": { "ID": 431143510129, "正式名称": "阿梨花病院大津", "機関区分": 1, "都道府県コード": 43, "市区町村コード": 403, "所在地": "熊本県菊池郡大津町室２６１ー９", "緯度": 32.87583, "経度": 130.8678, "url": "https://www.iryou.teikyouseido.mhlw.go.jp/znk-web/juminkanja/S2430/initialize?prefCd=43&kikanCd=143510129&kikanKbn=1", "url2": "https://arihanahospital.jp/ozu/", "内容": "阿梨花病院大津【1:病院】【診療科目:内科_呼吸器内科_循環器内科_消化器内科_人工透析内科_外科_整形外科_リハビリテーション科_放射線科】【一般病床数:20療養病床数:40精神病床数:0感染症病床数:0合計病床数:60】熊本県菊池郡大津町室２６１ー９" }, "geometry": { "type": "Point", "coordinates": [ 130.8678, 32.87583 ] } },
{ "type": "Feature", "properties": { "ID": 431143520018, "正式名称": "玉名病院", "機関区分": 1, "都道府県コード": 43, "市区町村コード": 206, "所在地": "熊本県玉名市築地１４５２ー３", "緯度": 32.945011, "経度": 130.525905, "url": "https://www.iryou.teikyouseido.mhlw.go.jp/znk-web/juminkanja/S2430/initialize?prefCd=43&kikanCd=143520018&kikanKbn=1", "url2": "https://tamanahp.jp/", "内容": "玉名病院【1:病院】【診療科目:児童精神科_精神科_神経科_心療内科_老年精神科】【一般病床数:0療養病床数:0精神病床数:167感染症病床数:0合計病床数:167】熊本県玉名市築地１４５２ー３" }, "geometry": { "type": "Point", "coordinates": [ 130.525905, 32.945011 ] } },
{ "type": "Feature", "properties": { "ID": 431143520047, "正式名称": "城ヶ崎病院", "機関区分": 1, "都道府県コード": 43, "市区町村コード": 206, "所在地": "熊本県玉名市伊倉北方２６５", "緯度": 32.911913, "経度": 130.563207, "url": "https://www.iryou.teikyouseido.mhlw.go.jp/znk-web/juminkanja/S2430/initialize?prefCd=43&kikanCd=143520047&kikanKbn=1", "url2": "https://www.i-shinwa.com/jougasaki/", "内容": "城ヶ崎病院【1:病院】【診療科目:心療内科_精神神経科】【一般病床数:0療養病床数:0精神病床数:184感染症病床数:0合計病床数:184】熊本県玉名市伊倉北方２６５" }, "geometry": { "type": "Point", "coordinates": [ 130.563207, 32.911913 ] } },
{ "type": "Feature", "properties": { "ID": 431143520050, "正式名称": "医療法人　悠紀会病院", "機関区分": 1, "都道府県コード": 43, "市区町村コード": 206, "所在地": "熊本県玉名市上小田１０６３", "緯度": 32.952158, "経度": 130.587035, "url": "https://www.iryou.teikyouseido.mhlw.go.jp/znk-web/juminkanja/S2430/initialize?prefCd=43&kikanCd=143520050&kikanKbn=1", "url2": "http://www.yukikai.or.jp", "内容": "医療法人　悠紀会病院【1:病院】【診療科目:内科_脳神経内科_循環器内科_歯科_リハビリテーション科】【一般病床数:0療養病床数:139精神病床数:0感染症病床数:0合計病床数:139】熊本県玉名市上小田１０６３" }, "geometry": { "type": "Point", "coordinates": [ 130.587035, 32.952158 ] } },
{ "type": "Feature", "properties": { "ID": 431143520063, "正式名称": "国民健康保険　和水町立病院", "機関区分": 1, "都道府県コード": 43, "市区町村コード": 369, "所在地": "熊本県玉名郡和水町江田４０４０", "緯度": 32.982006, "経度": 130.604026, "url": "https://www.iryou.teikyouseido.mhlw.go.jp/znk-web/juminkanja/S2430/initialize?prefCd=43&kikanCd=143520063&kikanKbn=1", "url2": "https://www.town.nagomi.lg.jp/hospital/", "内容": "国民健康保険　和水町立病院【1:病院】【診療科目:内科_外科_脳神経外科_整形外科_小児科_リハビリテーション科_放射線科】【一般病床数:49療養病床数:42精神病床数:0感染症病床数:0合計病床数:91】熊本県玉名郡和水町江田４０４０" }, "geometry": { "type": "Point", "coordinates": [ 130.604026, 32.982006 ] } },
{ "type": "Feature", "properties": { "ID": 431143530011, "正式名称": "荒尾市立有明医療センター", "機関区分": 1, "都道府県コード": 43, "市区町村コード": 204, "所在地": "熊本県荒尾市荒尾２６００", "緯度": 32.975792, "経度": 130.44656, "url": "https://www.iryou.teikyouseido.mhlw.go.jp/znk-web/juminkanja/S2430/initialize?prefCd=43&kikanCd=143530011&kikanKbn=1", "url2": "http://www.hospital.arao.kumamoto.jp/", "内容": "荒尾市立有明医療センター【1:病院】【診療科目:内科_血液内科_糖尿病・内分泌内科_脳神経内科_呼吸器内科_循環器内科_消化器内科_腎臓内科_老年内科_緩和ケア内科_外科_脳神経外科_整形外科_形成外科_小児科_産婦人科_眼科_皮膚科_泌尿器科_歯科口腔外科_リハビリテーション科_放射線科_放射線治療科_救急科_麻酔科_その他】【一般病床数:270療養病床数:0精神病床数:0感染症病床数:4合計病床数:274】熊本県荒尾市荒尾２６００" }, "geometry": { "type": "Point", "coordinates": [ 130.44656, 32.975792 ] } },
{ "type": "Feature", "properties": { "ID": 431143530024, "正式名称": "荒尾こころの郷病院", "機関区分": 1, "都道府県コード": 43, "市区町村コード": 204, "所在地": "熊本県荒尾市荒尾１９９２", "緯度": 32.973304, "経度": 130.43913, "url": "https://www.iryou.teikyouseido.mhlw.go.jp/znk-web/juminkanja/S2430/initialize?prefCd=43&kikanCd=143530024&kikanKbn=1", "url2": "http://senshinkai.or.jp/kokoro/", "内容": "荒尾こころの郷病院【1:病院】【診療科目:内科_精神科_心療内科_老年精神科_歯科】【一般病床数:0療養病床数:0精神病床数:272感染症病床数:0合計病床数:272】熊本県荒尾市荒尾１９９２" }, "geometry": { "type": "Point", "coordinates": [ 130.43913, 32.973304 ] } },
{ "type": "Feature", "properties": { "ID": 431143530037, "正式名称": "有働病院", "機関区分": 1, "都道府県コード": 43, "市区町村コード": 204, "所在地": "熊本県荒尾市万田４７５ー１", "緯度": 32.997326, "経度": 130.441313, "url": "https://www.iryou.teikyouseido.mhlw.go.jp/znk-web/juminkanja/S2430/initialize?prefCd=43&kikanCd=143530037&kikanKbn=1", "url2": "https://www.udo-hp.or.jp/", "内容": "有働病院【1:病院】【診療科目:児童精神科_精神科_神経科_心療内科_老年精神科】【一般病床数:0療養病床数:0精神病床数:275感染症病床数:0合計病床数:275】熊本県荒尾市万田４７５ー１" }, "geometry": { "type": "Point", "coordinates": [ 130.441313, 32.997326 ] } },
{ "type": "Feature", "properties": { "ID": 431143530053, "正式名称": "新生翠病院", "機関区分": 1, "都道府県コード": 43, "市区町村コード": 204, "所在地": "熊本県荒尾市増永２６２０", "緯度": 32.971737, "経度": 130.457501, "url": "https://www.iryou.teikyouseido.mhlw.go.jp/znk-web/juminkanja/S2430/initialize?prefCd=43&kikanCd=143530053&kikanKbn=1", "url2": "https://shinseimidori.com", "内容": "新生翠病院【1:病院】【診療科目:内科_脳神経内科_呼吸器内科_循環器内科_消化器内科_リハビリテーション科_放射線科】【一般病床数:50療養病床数:49精神病床数:0感染症病床数:0合計病床数:99】熊本県荒尾市増永２６２０" }, "geometry": { "type": "Point", "coordinates": [ 130.457501, 32.971737 ] } },
{ "type": "Feature", "properties": { "ID": 431143530066, "正式名称": "荒尾中央病院", "機関区分": 1, "都道府県コード": 43, "市区町村コード": 204, "所在地": "熊本県荒尾市増永１５４４ー１", "緯度": 32.972856, "経度": 130.440855, "url": "https://www.iryou.teikyouseido.mhlw.go.jp/znk-web/juminkanja/S2430/initialize?prefCd=43&kikanCd=143530066&kikanKbn=1", "url2": "http://www.senshinkai.or.jp/chuoh/", "内容": "荒尾中央病院【1:病院】【診療科目:内科_循環器内科_消化器内科_人工透析内科_皮膚科_精神科_リハビリテーション科_放射線科】【一般病床数:0療養病床数:240精神病床数:0感染症病床数:0合計病床数:240】熊本県荒尾市増永１５４４ー１" }, "geometry": { "type": "Point", "coordinates": [ 130.440855, 32.972856 ] } },
{ "type": "Feature", "properties": { "ID": 431143530079, "正式名称": "有明成仁病院", "機関区分": 1, "都道府県コード": 43, "市区町村コード": 368, "所在地": "熊本県玉名郡長洲町宮野２７７５", "緯度": 32.95111, "経度": 130.493327, "url": "https://www.iryou.teikyouseido.mhlw.go.jp/znk-web/juminkanja/S2430/initialize?prefCd=43&kikanCd=143530079&kikanKbn=1", "url2": "http://www.ariakeseijin.or.jp/", "内容": "有明成仁病院【1:病院】【診療科目:内科_循環器内科_消化器内科_神経内科_脳神経外科_整形外科_小児科_歯科_リウマチ科_リハビリテーション科_消化器科、循環器科】【一般病床数:0療養病床数:89精神病床数:0感染症病床数:0合計病床数:89】熊本県玉名郡長洲町宮野２７７５" }, "geometry": { "type": "Point", "coordinates": [ 130.493327, 32.95111 ] } },
{ "type": "Feature", "properties": { "ID": 431143540056, "正式名称": "山鹿市民医療センター", "機関区分": 1, "都道府県コード": 43, "市区町村コード": 208, "所在地": "熊本県山鹿市山鹿５１１", "緯度": 33.014823, "経度": 130.698225, "url": "https://www.iryou.teikyouseido.mhlw.go.jp/znk-web/juminkanja/S2430/initialize?prefCd=43&kikanCd=143540056&kikanKbn=1", "url2": "http://yamaga-medical-center.jp/", "内容": "山鹿市民医療センター【1:病院】【診療科目:内科_代謝内科_呼吸器内科_循環器内科_消化器内科_腫瘍内科_緩和ケア内科_外科_消化器外科_乳腺外科_腫瘍外科_整形外科_小児科_産婦人科_眼科_耳鼻いんこう科_泌尿器科_リハビリテーション科_放射線科_麻酔科】【一般病床数:197療養病床数:0精神病床数:0感染症病床数:4合計病床数:201】熊本県山鹿市山鹿５１１" }, "geometry": { "type": "Point", "coordinates": [ 130.698225, 33.014823 ] } },
{ "type": "Feature", "properties": { "ID": 431143540069, "正式名称": "山鹿回生病院", "機関区分": 1, "都道府県コード": 43, "市区町村コード": 208, "所在地": "熊本県山鹿市古閑１５００ー１", "緯度": 33.005463, "経度": 130.70683, "url": "https://www.iryou.teikyouseido.mhlw.go.jp/znk-web/juminkanja/S2430/initialize?prefCd=43&kikanCd=143540069&kikanKbn=1", "url2": "https://www.yamagakaisei.or.jp", "内容": "山鹿回生病院【1:病院】【診療科目:内科_精神科_神経科_心療内科】【一般病床数:0療養病床数:0精神病床数:235感染症病床数:0合計病床数:235】熊本県山鹿市古閑１５００ー１" }, "geometry": { "type": "Point", "coordinates": [ 130.70683, 33.005463 ] } },
{ "type": "Feature", "properties": { "ID": 431143540085, "正式名称": "山鹿温泉リハビリテーション病院", "機関区分": 1, "都道府県コード": 43, "市区町村コード": 208, "所在地": "熊本県山鹿市新町１２０４", "緯度": 33.018158, "経度": 130.681838, "url": "https://www.iryou.teikyouseido.mhlw.go.jp/znk-web/juminkanja/S2430/initialize?prefCd=43&kikanCd=143540085&kikanKbn=1", "url2": "http://www.yamaga-reha.jp", "内容": "山鹿温泉リハビリテーション病院【1:病院】【診療科目:内科_消化器内科_神経内科_消化器外科_リハビリテーション科_放射線科】【一般病床数:0療養病床数:101精神病床数:0感染症病床数:0合計病床数:101】熊本県山鹿市新町１２０４" }, "geometry": { "type": "Point", "coordinates": [ 130.681838, 33.018158 ] } },
{ "type": "Feature", "properties": { "ID": 431143540102, "正式名称": "向陽台病院", "機関区分": 1, "都道府県コード": 43, "市区町村コード": 105, "所在地": "熊本県熊本市北区植木町鐙田１０２５", "緯度": 32.883009, "経度": 130.692042, "url": "https://www.iryou.teikyouseido.mhlw.go.jp/znk-web/juminkanja/S2430/initialize?prefCd=43&kikanCd=143540102&kikanKbn=1", "url2": "http://www.koyodai.or.jp/", "内容": "向陽台病院【1:病院】【診療科目:児童精神科_精神科_心療内科】【一般病床数:0療養病床数:0精神病床数:198感染症病床数:0合計病床数:198】熊本県熊本市北区植木町鐙田１０２５" }, "geometry": { "type": "Point", "coordinates": [ 130.692042, 32.883009 ] } },
{ "type": "Feature", "properties": { "ID": 431143540128, "正式名称": "大塚病院", "機関区分": 1, "都道府県コード": 43, "市区町村コード": 105, "所在地": "熊本県熊本市北区植木町豊田６０３", "緯度": 32.941205, "経度": 130.706663, "url": "https://www.iryou.teikyouseido.mhlw.go.jp/znk-web/juminkanja/S2430/initialize?prefCd=43&kikanCd=143540128&kikanKbn=1", "url2": null, "内容": "大塚病院【1:病院】【診療科目:内科_循環器内科_消化器内科_外科_消化器外科_肛門外科_整形外科_リハビリテーション科_麻酔科】【一般病床数:32療養病床数:0精神病床数:0感染症病床数:0合計病床数:32】熊本県熊本市北区植木町豊田６０３" }, "geometry": { "type": "Point", "coordinates": [ 130.706663, 32.941205 ] } },
{ "type": "Feature", "properties": { "ID": 431143540144, "正式名称": "山鹿中央病院", "機関区分": 1, "都道府県コード": 43, "市区町村コード": 208, "所在地": "熊本県山鹿市山鹿１０００", "緯度": 33.015164, "経度": 130.690662, "url": "https://www.iryou.teikyouseido.mhlw.go.jp/znk-web/juminkanja/S2430/initialize?prefCd=43&kikanCd=143540144&kikanKbn=1", "url2": "http://www.yamagachuohp.jp", "内容": "山鹿中央病院【1:病院】【診療科目:内科_血液内科_糖尿病内科_脳神経内科_呼吸器内科_循環器内科_消化器内科_腎臓内科_脳神経外科_整形外科_形成外科_皮膚科_泌尿器科_心療内科_アレルギー科_リウマチ科_リハビリテーション科_放射線科】【一般病床数:60療養病床数:60精神病床数:0感染症病床数:0合計病床数:120】熊本県山鹿市山鹿１０００" }, "geometry": { "type": "Point", "coordinates": [ 130.690662, 33.015164 ] } },
{ "type": "Feature", "properties": { "ID": 431143540157, "正式名称": "熊本市立植木病院", "機関区分": 1, "都道府県コード": 43, "市区町村コード": 105, "所在地": "熊本県熊本市北区植木町岩野２８５ー２９", "緯度": 32.902583, "経度": 130.698416, "url": "https://www.iryou.teikyouseido.mhlw.go.jp/znk-web/juminkanja/S2430/initialize?prefCd=43&kikanCd=143540157&kikanKbn=1", "url2": "https://www.ueki-hsp.jp", "内容": "熊本市立植木病院【1:病院】【診療科目:内科_循環器内科_外科_脳神経外科_整形外科_リハビリテーション科_放射線科】【一般病床数:85療養病床数:25精神病床数:0感染症病床数:0合計病床数:110】熊本県熊本市北区植木町岩野２８５ー２９" }, "geometry": { "type": "Point", "coordinates": [ 130.698416, 32.902583 ] } },
{ "type": "Feature", "properties": { "ID": 431143540160, "正式名称": "三森循環器科呼吸器科病院", "機関区分": 1, "都道府県コード": 43, "市区町村コード": 208, "所在地": "熊本県山鹿市大橋通１２０４", "緯度": 33.012186, "経度": 130.684721, "url": "https://www.iryou.teikyouseido.mhlw.go.jp/znk-web/juminkanja/S2430/initialize?prefCd=43&kikanCd=143540160&kikanKbn=1", "url2": "http://mimorikai.com/", "内容": "三森循環器科呼吸器科病院【1:病院】【診療科目:内科_内分泌内科_糖尿病・代謝内科_呼吸器内科_循環器内科_消化器内科_アレルギー科_リハビリテーション科】【一般病床数:58療養病床数:0精神病床数:0感染症病床数:0合計病床数:58】熊本県山鹿市大橋通１２０４" }, "geometry": { "type": "Point", "coordinates": [ 130.684721, 33.012186 ] } },
{ "type": "Feature", "properties": { "ID": 431143540173, "正式名称": "保利病院", "機関区分": 1, "都道府県コード": 43, "市区町村コード": 208, "所在地": "熊本県山鹿市古閑９８４", "緯度": 33.009526, "経度": 130.717009, "url": "https://www.iryou.teikyouseido.mhlw.go.jp/znk-web/juminkanja/S2430/initialize?prefCd=43&kikanCd=143540173&kikanKbn=1", "url2": "http://www.hori-hp.or.jp/", "内容": "保利病院【1:病院】【診療科目:内科_循環器内科_外科_脳神経外科_消化器外科_肛門外科_整形外科_形成外科_リハビリテーション科_放射線科】【一般病床数:60療養病床数:46精神病床数:0感染症病床数:0合計病床数:106】熊本県山鹿市古閑９８４" }, "geometry": { "type": "Point", "coordinates": [ 130.717009, 33.009526 ] } },
{ "type": "Feature", "properties": { "ID": 431143550020, "正式名称": "菊池有働病院", "機関区分": 1, "都道府県コード": 43, "市区町村コード": 210, "所在地": "熊本県菊池市深川４３３", "緯度": 32.969986, "経度": 130.800257, "url": "https://www.iryou.teikyouseido.mhlw.go.jp/znk-web/juminkanja/S2430/initialize?prefCd=43&kikanCd=143550020&kikanKbn=1", "url2": "http://www.kikuchi-udo.jp/", "内容": "菊池有働病院【1:病院】【診療科目:内科_精神科_心療内科】【一般病床数:0療養病床数:0精神病床数:183感染症病床数:0合計病床数:183】熊本県菊池市深川４３３" }, "geometry": { "type": "Point", "coordinates": [ 130.800257, 32.969986 ] } },
{ "type": "Feature", "properties": { "ID": 431143550033, "正式名称": "菊池中央病院", "機関区分": 1, "都道府県コード": 43, "市区町村コード": 210, "所在地": "熊本県菊池市隈府４９４", "緯度": 32.979591, "経度": 130.806992, "url": "https://www.iryou.teikyouseido.mhlw.go.jp/znk-web/juminkanja/S2430/initialize?prefCd=43&kikanCd=143550033&kikanKbn=1", "url2": "https://nobuokakai.ecnet.jp", "内容": "菊池中央病院【1:病院】【診療科目:内科_呼吸器内科_循環器内科_消化器内科_外科_脳神経外科_肛門外科_整形外科_形成外科_小児科_皮膚科_リハビリテーション科】【一般病床数:102療養病床数:0精神病床数:0感染症病床数:0合計病床数:102】熊本県菊池市隈府４９４" }, "geometry": { "type": "Point", "coordinates": [ 130.806992, 32.979591 ] } },
{ "type": "Feature", "properties": { "ID": 431143550046, "正式名称": "川口病院", "機関区分": 1, "都道府県コード": 43, "市区町村コード": 210, "所在地": "熊本県菊池市隈府８２３ー１", "緯度": 32.976328, "経度": 130.81233, "url": "https://www.iryou.teikyouseido.mhlw.go.jp/znk-web/juminkanja/S2430/initialize?prefCd=43&kikanCd=143550046&kikanKbn=1", "url2": "https://kawaguchikai.or.jp/index.html", "内容": "川口病院【1:病院】【診療科目:内科_性感染症内科_循環器内科_外科_肛門外科_整形外科_皮膚科_泌尿器科_リウマチ科_リハビリテーション科_放射線科_麻酔科】【一般病床数:59療養病床数:0精神病床数:0感染症病床数:0合計病床数:59】熊本県菊池市隈府８２３ー１" }, "geometry": { "type": "Point", "coordinates": [ 130.81233, 32.976328 ] } },
{ "type": "Feature", "properties": { "ID": 431143550059, "正式名称": "国立療養所菊池恵楓園", "機関区分": 1, "都道府県コード": 43, "市区町村コード": 216, "所在地": "熊本県合志市栄３７９６", "緯度": 32.882344, "経度": 130.752588, "url": "https://www.iryou.teikyouseido.mhlw.go.jp/znk-web/juminkanja/S2430/initialize?prefCd=43&kikanCd=143550059&kikanKbn=1", "url2": "http://www.mhlw.go.jp/seisakunitsuite/bunya/kenkou_iryou/iryou/hansen/keifuen/", "内容": "国立療養所菊池恵楓園【1:病院】【診療科目:内科_外科_整形外科_眼科_耳鼻いんこう科_皮膚科_精神科_歯科】【一般病床数:321療養病床数:0精神病床数:0感染症病床数:0合計病床数:321】熊本県合志市栄３７９６" }, "geometry": { "type": "Point", "coordinates": [ 130.752588, 32.882344 ] } },
{ "type": "Feature", "properties": { "ID": 431143550062, "正式名称": "菊池病院", "機関区分": 1, "都道府県コード": 43, "市区町村コード": 216, "所在地": "熊本県合志市福原２０８", "緯度": 32.886993, "経度": 130.823264, "url": "https://www.iryou.teikyouseido.mhlw.go.jp/znk-web/juminkanja/S2430/initialize?prefCd=43&kikanCd=143550062&kikanKbn=1", "url2": "https://kikuchi.hosp.go.jp", "内容": "菊池病院【1:病院】【診療科目:内科_小児科_精神科_神経科_心療内科_歯科_リハビリテーション科】【一般病床数:100療養病床数:0精神病床数:139感染症病床数:0合計病床数:239】熊本県合志市福原２０８" }, "geometry": { "type": "Point", "coordinates": [ 130.823264, 32.886993 ] } },
{ "type": "Feature", "properties": { "ID": 431143550075, "正式名称": "岸病院", "機関区分": 1, "都道府県コード": 43, "市区町村コード": 210, "所在地": "熊本県菊池市泗水町豊水３３８８ー１", "緯度": 32.925676, "経度": 130.77323, "url": "https://www.iryou.teikyouseido.mhlw.go.jp/znk-web/juminkanja/S2430/initialize?prefCd=43&kikanCd=143550075&kikanKbn=1", "url2": null, "内容": "岸病院【1:病院】【診療科目:内科_外科_整形外科_皮膚科_泌尿器科_リハビリテーション科_麻酔科_肛門科、胃腸科、循環器科】【一般病床数:0療養病床数:32精神病床数:0感染症病床数:0合計病床数:32】熊本県菊池市泗水町豊水３３８８ー１" }, "geometry": { "type": "Point", "coordinates": [ 130.77323, 32.925676 ] } },
{ "type": "Feature", "properties": { "ID": 431143550088, "正式名称": "中山記念病院", "機関区分": 1, "都道府県コード": 43, "市区町村コード": 216, "所在地": "熊本県合志市須屋７０２", "緯度": 32.858538, "経度": 130.729893, "url": "https://www.iryou.teikyouseido.mhlw.go.jp/znk-web/juminkanja/S2430/initialize?prefCd=43&kikanCd=143550088&kikanKbn=1", "url2": "http://www.nakayamakai.jp/", "内容": "中山記念病院【1:病院】【診療科目:内科_精神科】【一般病床数:0療養病床数:0精神病床数:167感染症病床数:0合計病床数:167】熊本県合志市須屋７０２" }, "geometry": { "type": "Point", "coordinates": [ 130.729893, 32.858538 ] } },
{ "type": "Feature", "properties": { "ID": 431143550091, "正式名称": "独立行政法人国立病院機構　熊本再春医療センター", "機関区分": 1, "都道府県コード": 43, "市区町村コード": 216, "所在地": "熊本県合志市須屋２６５９", "緯度": 32.879515, "経度": 130.749664, "url": "https://www.iryou.teikyouseido.mhlw.go.jp/znk-web/juminkanja/S2430/initialize?prefCd=43&kikanCd=143550091&kikanKbn=1", "url2": "https://saishun.hosp.go.jp/", "内容": "独立行政法人国立病院機構　熊本再春医療センター【1:病院】【診療科目:内科_感染症内科_代謝内科_脳神経内科_呼吸器内科_循環器内科_消化器内科_腫瘍内科_外科_呼吸器外科_消化器外科_整形外科_小児科_リウマチ科_リハビリテーション科_放射線科_病理診断科_麻酔科】【一般病床数:429療養病床数:0精神病床数:0感染症病床数:4合計病床数:433】熊本県合志市須屋２６５９" }, "geometry": { "type": "Point", "coordinates": [ 130.749664, 32.879515 ] } },
{ "type": "Feature", "properties": { "ID": 431143550105, "正式名称": "合志第一病院", "機関区分": 1, "都道府県コード": 43, "市区町村コード": 216, "所在地": "熊本県合志市御代志８１２ー２", "緯度": 32.898303, "経度": 130.756251, "url": "https://www.iryou.teikyouseido.mhlw.go.jp/znk-web/juminkanja/S2430/initialize?prefCd=43&kikanCd=143550105&kikanKbn=1", "url2": "http://vansay.jp/koshi/", "内容": "合志第一病院【1:病院】【診療科目:内科_血液・腫瘍内科_脳神経内科_循環器内科_消化器内科_緩和ケア内科_皮膚科_リウマチ科_リハビリテーション科】【一般病床数:67療養病床数:65精神病床数:0感染症病床数:0合計病床数:132】熊本県合志市御代志８１２ー２" }, "geometry": { "type": "Point", "coordinates": [ 130.756251, 32.898303 ] } },
{ "type": "Feature", "properties": { "ID": 431143550134, "正式名称": "東熊本第二病院", "機関区分": 1, "都道府県コード": 43, "市区町村コード": 404, "所在地": "熊本県菊池郡菊陽町辛川１９２３ー１", "緯度": 32.84778, "経度": 130.805234, "url": "https://www.iryou.teikyouseido.mhlw.go.jp/znk-web/juminkanja/S2430/initialize?prefCd=43&kikanCd=143550134&kikanKbn=1", "url2": "http://www.higashikumamoto.or.jp/", "内容": "東熊本第二病院【1:病院】【診療科目:内科_呼吸器内科_循環器内科_消化器内科_消化器外科_整形外科_皮膚科_リハビリテーション科_放射線科】【一般病床数:60療養病床数:51精神病床数:0感染症病床数:0合計病床数:111】熊本県菊池郡菊陽町辛川１９２３ー１" }, "geometry": { "type": "Point", "coordinates": [ 130.805234, 32.84778 ] } },
{ "type": "Feature", "properties": { "ID": 431143550147, "正式名称": "菊池郡市医師会立病院", "機関区分": 1, "都道府県コード": 43, "市区町村コード": 210, "所在地": "熊本県菊池市大琳寺７５ー３", "緯度": 32.97455, "経度": 130.801523, "url": "https://www.iryou.teikyouseido.mhlw.go.jp/znk-web/juminkanja/S2430/initialize?prefCd=43&kikanCd=143550147&kikanKbn=1", "url2": "http://www.kikuchi-hosp.com/", "内容": "菊池郡市医師会立病院【1:病院】【診療科目:内科_糖尿病内科_代謝・内分泌内科_循環器内科_消化器内科_腎臓内科_人工透析内科_整形外科_リハビリテーション科_放射線科】【一般病床数:80療養病床数:40精神病床数:0感染症病床数:4合計病床数:124】熊本県菊池市大琳寺７５ー３" }, "geometry": { "type": "Point", "coordinates": [ 130.801523, 32.97455 ] } },
{ "type": "Feature", "properties": { "ID": 431143550150, "正式名称": "熊本セントラル病院", "機関区分": 1, "都道府県コード": 43, "市区町村コード": 404, "所在地": "熊本県菊池郡菊陽町原水２９２１", "緯度": 32.878382, "経度": 130.832342, "url": "https://www.iryou.teikyouseido.mhlw.go.jp/znk-web/juminkanja/S2430/initialize?prefCd=43&kikanCd=143550150&kikanKbn=1", "url2": "http://www.kchosp.or.jp", "内容": "熊本セントラル病院【1:病院】【診療科目:内科_血液内科_代謝内科_脳神経内科_呼吸器内科_循環器内科_消化器内科_腎臓内科_外科_脳神経外科_心臓血管外科_整形外科_形成外科_耳鼻いんこう科_皮膚科_泌尿器科_精神科_リハビリテーション科_放射線科_病理診断科_救急科_麻酔科】【一般病床数:246療養病床数:0精神病床数:0感染症病床数:0合計病床数:246】熊本県菊池郡菊陽町原水２９２１" }, "geometry": { "type": "Point", "coordinates": [ 130.832342, 32.878382 ] } },
{ "type": "Feature", "properties": { "ID": 431143560023, "正式名称": "大阿蘇病院", "機関区分": 1, "都道府県コード": 43, "市区町村コード": 214, "所在地": "熊本県阿蘇市一の宮町宮地５８３３", "緯度": 32.933308, "経度": 131.111856, "url": "https://www.iryou.teikyouseido.mhlw.go.jp/znk-web/juminkanja/S2430/initialize?prefCd=43&kikanCd=143560023&kikanKbn=1", "url2": "www.daitokukai.info/ooaso/", "内容": "大阿蘇病院【1:病院】【診療科目:内科_整形外科_リウマチ科_リハビリテーション科_胃腸科、循環器科】【一般病床数:0療養病床数:97精神病床数:0感染症病床数:0合計病床数:97】熊本県阿蘇市一の宮町宮地５８３３" }, "geometry": { "type": "Point", "coordinates": [ 131.111856, 32.933308 ] } },
{ "type": "Feature", "properties": { "ID": 431143560049, "正式名称": "阿蘇温泉病院", "機関区分": 1, "都道府県コード": 43, "市区町村コード": 214, "所在地": "熊本県阿蘇市内牧１１５３ー１", "緯度": 32.972445, "経度": 131.044862, "url": "https://www.iryou.teikyouseido.mhlw.go.jp/znk-web/juminkanja/S2430/initialize?prefCd=43&kikanCd=143560049&kikanKbn=1", "url2": "http://www.asospahp.jp/", "内容": "阿蘇温泉病院【1:病院】【診療科目:内科_脳神経内科_呼吸器内科_循環器内科_消化器内科_外科_脳神経外科_整形外科_小児科_産婦人科_耳鼻いんこう科_皮膚科_泌尿器科_歯科_アレルギー科_リハビリテーション科_麻酔科】【一般病床数:80療養病床数:180精神病床数:0感染症病床数:0合計病床数:260】熊本県阿蘇市内牧１１５３ー１" }, "geometry": { "type": "Point", "coordinates": [ 131.044862, 32.972445 ] } },
{ "type": "Feature", "properties": { "ID": 431143560052, "正式名称": "小国公立病院", "機関区分": 1, "都道府県コード": 43, "市区町村コード": 424, "所在地": "熊本県阿蘇郡小国町大字宮原１７４３", "緯度": 33.121609, "経度": 131.0658, "url": "https://www.iryou.teikyouseido.mhlw.go.jp/znk-web/juminkanja/S2430/initialize?prefCd=43&kikanCd=143560052&kikanKbn=1", "url2": "http://www.ogunihp.or.jp/", "内容": "小国公立病院【1:病院】【診療科目:内科_循環器内科_外科_胃腸外科_肛門外科_整形外科_小児科_産婦人科_眼科_耳鼻いんこう科_皮膚科_泌尿器科_精神科_麻酔科】【一般病床数:65療養病床数:0精神病床数:0感染症病床数:0合計病床数:65】熊本県阿蘇郡小国町大字宮原１７４３" }, "geometry": { "type": "Point", "coordinates": [ 131.0658, 33.121609 ] } },
{ "type": "Feature", "properties": { "ID": 431143560078, "正式名称": "阿蘇立野病院", "機関区分": 1, "都道府県コード": 43, "市区町村コード": 433, "所在地": "熊本県阿蘇郡南阿蘇村立野１８５ー１", "緯度": 32.879506, "経度": 130.980324, "url": "https://www.iryou.teikyouseido.mhlw.go.jp/znk-web/juminkanja/S2430/initialize?prefCd=43&kikanCd=143560078&kikanKbn=1", "url2": "https://www.asotateno.or.jp", "内容": "阿蘇立野病院【1:病院】【診療科目:内科_代謝内科_循環器内科_消化器内科_人工透析内科_外科_心臓血管外科_消化器外科_整形外科_泌尿器科_リハビリテーション科_放射線科】【一般病床数:56療養病床数:32精神病床数:0感染症病床数:0合計病床数:88】熊本県阿蘇郡南阿蘇村立野１８５ー１" }, "geometry": { "type": "Point", "coordinates": [ 130.980324, 32.879506 ] } },
{ "type": "Feature", "properties": { "ID": 431143560108, "正式名称": "阿蘇やまなみ病院", "機関区分": 1, "都道府県コード": 43, "市区町村コード": 214, "所在地": "熊本県阿蘇市一の宮町宮地１１５ー１", "緯度": 32.951381, "経度": 131.117169, "url": "https://www.iryou.teikyouseido.mhlw.go.jp/znk-web/juminkanja/S2430/initialize?prefCd=43&kikanCd=143560108&kikanKbn=1", "url2": "http://www.yamanami.ne.jp/", "内容": "阿蘇やまなみ病院【1:病院】【診療科目:内科_外科_精神科_心療内科】【一般病床数:0療養病床数:0精神病床数:270感染症病床数:0合計病床数:270】熊本県阿蘇市一の宮町宮地１１５ー１" }, "geometry": { "type": "Point", "coordinates": [ 131.117169, 32.951381 ] } },
{ "type": "Feature", "properties": { "ID": 431143560111, "正式名称": "阿蘇医療センター", "機関区分": 1, "都道府県コード": 43, "市区町村コード": 214, "所在地": "熊本県阿蘇市黒川１２６６", "緯度": 32.93075, "経度": 131.079834, "url": "https://www.iryou.teikyouseido.mhlw.go.jp/znk-web/juminkanja/S2430/initialize?prefCd=43&kikanCd=143560111&kikanKbn=1", "url2": "https://www.aso-mc.jp", "内容": "阿蘇医療センター【1:病院】【診療科目:内科_血液内科_脳神経内科_呼吸器内科_循環器内科_消化器内科_腎臓内科_腫瘍内科_糖尿病・代謝内分泌内科_脳神経外科_心臓血管外科_消化器外科_乳腺・内分泌外科_整形外科_小児科_婦人科_耳鼻いんこう科_皮膚科_泌尿器科_神経精神科_歯科口腔外科_リハビリテーション科_放射線治療科_リウマチ膠原病内科】【一般病床数:120療養病床数:0精神病床数:0感染症病床数:4合計病床数:124】熊本県阿蘇市黒川１２６６" }, "geometry": { "type": "Point", "coordinates": [ 131.079834, 32.93075 ] } },
{ "type": "Feature", "properties": { "ID": 431143570013, "正式名称": "希望ケ丘病院", "機関区分": 1, "都道府県コード": 43, "市区町村コード": 441, "所在地": "熊本県上益城郡御船町豊秋１５４０", "緯度": 32.73046, "経度": 130.761048, "url": "https://www.iryou.teikyouseido.mhlw.go.jp/znk-web/juminkanja/S2430/initialize?prefCd=43&kikanCd=143570013&kikanKbn=1", "url2": "http://www.kibohgaoka.jp/", "内容": "希望ケ丘病院【1:病院】【診療科目:小児科_児童精神科_精神科_心療内科_神経内科】【一般病床数:0療養病床数:0精神病床数:162感染症病床数:0合計病床数:162】熊本県上益城郡御船町豊秋１５４０" }, "geometry": { "type": "Point", "coordinates": [ 130.761048, 32.73046 ] } },
{ "type": "Feature", "properties": { "ID": 431143570026, "正式名称": "リハビリテーションセンター熊本回生会病院", "機関区分": 1, "都道府県コード": 43, "市区町村コード": 442, "所在地": "熊本県上益城郡嘉島町鯰１８８０", "緯度": 32.747661, "経度": 130.737663, "url": "https://www.iryou.teikyouseido.mhlw.go.jp/znk-web/juminkanja/S2430/initialize?prefCd=43&kikanCd=143570026&kikanKbn=1", "url2": "http://www.reha-kaiseikai.or.jp", "内容": "リハビリテーションセンター熊本回生会病院【1:病院】【診療科目:内科_脳神経内科_循環器内科_外科_脳神経外科_整形外科_歯科_歯科口腔外科_リウマチ科_リハビリテーション科_放射線科_麻酔科】【一般病床数:110療養病床数:51精神病床数:0感染症病床数:0合計病床数:161】熊本県上益城郡嘉島町鯰１８８０" }, "geometry": { "type": "Point", "coordinates": [ 130.737663, 32.747661 ] } },
{ "type": "Feature", "properties": { "ID": 431143570042, "正式名称": "益城中央病院", "機関区分": 1, "都道府県コード": 43, "市区町村コード": 443, "所在地": "熊本県上益城郡益城町宮園７２２ー１", "緯度": 32.793908, "経度": 130.816798, "url": "https://www.iryou.teikyouseido.mhlw.go.jp/znk-web/juminkanja/S2430/initialize?prefCd=43&kikanCd=143570042&kikanKbn=1", "url2": null, "内容": "益城中央病院【1:病院】【診療科目:内科_呼吸器内科_循環器内科_消化器内科_胃腸内科_人工透析内科_小児科_放射線科】【一般病床数:0療養病床数:30精神病床数:0感染症病床数:0合計病床数:30】熊本県上益城郡益城町宮園７２２ー１" }, "geometry": { "type": "Point", "coordinates": [ 130.816798, 32.793908 ] } },
{ "type": "Feature", "properties": { "ID": 431143570071, "正式名称": "さくら病院", "機関区分": 1, "都道府県コード": 43, "市区町村コード": 443, "所在地": "熊本県上益城郡益城町広崎１４４５ー１５", "緯度": 32.79003, "経度": 130.786416, "url": "https://www.iryou.teikyouseido.mhlw.go.jp/znk-web/juminkanja/S2430/initialize?prefCd=43&kikanCd=143570071&kikanKbn=1", "url2": "http://www.sakura-hospital.jp", "内容": "さくら病院【1:病院】【診療科目:内科_感染症内科_糖尿病・代謝内科_呼吸器内科_循環器内科_消化器内科_腎臓内科_人工透析内科_リハビリテーション科_放射線科】【一般病床数:0療養病床数:164精神病床数:0感染症病床数:0合計病床数:164】熊本県上益城郡益城町広崎１４４５ー１５" }, "geometry": { "type": "Point", "coordinates": [ 130.786416, 32.79003 ] } },
{ "type": "Feature", "properties": { "ID": 431143570084, "正式名称": "荒瀬病院", "機関区分": 1, "都道府県コード": 43, "市区町村コード": 444, "所在地": "熊本県上益城郡甲佐町緑町３３１", "緯度": 32.648994, "経度": 130.808824, "url": "https://www.iryou.teikyouseido.mhlw.go.jp/znk-web/juminkanja/S2430/initialize?prefCd=43&kikanCd=143570084&kikanKbn=1", "url2": "http://www.arase-hp.com", "内容": "荒瀬病院【1:病院】【診療科目:内科_代謝内科_消化器内科_外科_乳腺外科_整形外科_リハビリテーション科】【一般病床数:0療養病床数:25精神病床数:0感染症病床数:0合計病床数:25】熊本県上益城郡甲佐町緑町３３１" }, "geometry": { "type": "Point", "coordinates": [ 130.808824, 32.648994 ] } },
{ "type": "Feature", "properties": { "ID": 431143570097, "正式名称": "谷田病院", "機関区分": 1, "都道府県コード": 43, "市区町村コード": 444, "所在地": "熊本県上益城郡甲佐町岩下１２３", "緯度": 32.651051, "経度": 130.81044, "url": "https://www.iryou.teikyouseido.mhlw.go.jp/znk-web/juminkanja/S2430/initialize?prefCd=43&kikanCd=143570097&kikanKbn=1", "url2": "https://www.yatsuda-kai.jp/", "内容": "谷田病院【1:病院】【診療科目:内科_内分泌内科_糖尿病・代謝内科_呼吸器内科_循環器内科_漢方内科_整形外科_小児科_リハビリテーション科】【一般病床数:39療養病床数:46精神病床数:0感染症病床数:0合計病床数:85】熊本県上益城郡甲佐町岩下１２３" }, "geometry": { "type": "Point", "coordinates": [ 130.81044, 32.651051 ] } },
{ "type": "Feature", "properties": { "ID": 431143570101, "正式名称": "矢部広域病院", "機関区分": 1, "都道府県コード": 43, "市区町村コード": 447, "所在地": "熊本県上益城郡山都町下馬尾２０４", "緯度": 32.684789, "経度": 130.984398, "url": "https://www.iryou.teikyouseido.mhlw.go.jp/znk-web/juminkanja/S2430/initialize?prefCd=43&kikanCd=143570101&kikanKbn=1", "url2": "http://www.yabekouiki.or.jp", "内容": "矢部広域病院【1:病院】【診療科目:内科_循環器内科_消化器内科_外科_消化器外科_肛門外科_整形外科_麻酔科】【一般病床数:60療養病床数:25精神病床数:0感染症病床数:0合計病床数:85】熊本県上益城郡山都町下馬尾２０４" }, "geometry": { "type": "Point", "coordinates": [ 130.984398, 32.684789 ] } },
{ "type": "Feature", "properties": { "ID": 431143570114, "正式名称": "伴クリニック", "機関区分": 1, "都道府県コード": 43, "市区町村コード": 447, "所在地": "熊本県上益城郡山都町浜町１６７ー１", "緯度": 32.68375, "経度": 130.98735, "url": "https://www.iryou.teikyouseido.mhlw.go.jp/znk-web/juminkanja/S2430/initialize?prefCd=43&kikanCd=143570114&kikanKbn=1", "url2": "http://ban-lifelight/", "内容": "伴クリニック【1:病院】【診療科目:内科_外科_リハビリテーション科】【一般病床数:0療養病床数:0精神病床数:0感染症病床数:0合計病床数:0】熊本県上益城郡山都町浜町１６７ー１" }, "geometry": { "type": "Point", "coordinates": [ 130.98735, 32.68375 ] } },
{ "type": "Feature", "properties": { "ID": 431143570127, "正式名称": "瀬戸病院", "機関区分": 1, "都道府県コード": 43, "市区町村コード": 447, "所在地": "熊本県上益城郡山都町北中島２８０６", "緯度": 32.735307, "経度": 130.936453, "url": "https://www.iryou.teikyouseido.mhlw.go.jp/znk-web/juminkanja/S2430/initialize?prefCd=43&kikanCd=143570127&kikanKbn=1", "url2": "http://www.seto-hosp.or.jp/", "内容": "瀬戸病院【1:病院】【診療科目:内科_眼科_泌尿器科_リハビリテーション科】【一般病床数:0療養病床数:36精神病床数:0感染症病床数:0合計病床数:36】熊本県上益城郡山都町北中島２８０６" }, "geometry": { "type": "Point", "coordinates": [ 130.936453, 32.735307 ] } },
{ "type": "Feature", "properties": { "ID": 431143570143, "正式名称": "山都町包括医療センターそよう病院", "機関区分": 1, "都道府県コード": 43, "市区町村コード": 447, "所在地": "熊本県上益城郡山都町滝上４７６ー２", "緯度": 32.685331, "経度": 131.150494, "url": "https://www.iryou.teikyouseido.mhlw.go.jp/znk-web/juminkanja/S2430/initialize?prefCd=43&kikanCd=143570143&kikanKbn=1", "url2": "http://www.soyo-hospital.jp/", "内容": "山都町包括医療センターそよう病院【1:病院】【診療科目:内科_脳神経内科_呼吸器内科_循環器内科_外科_消化器外科_整形外科_小児科_小児外科_眼科_精神科_心療内科_歯科_歯科口腔外科_リハビリテーション科】【一般病床数:57療養病床数:0精神病床数:0感染症病床数:0合計病床数:57】熊本県上益城郡山都町滝上４７６ー２" }, "geometry": { "type": "Point", "coordinates": [ 131.150494, 32.685331 ] } },
{ "type": "Feature", "properties": { "ID": 431143570156, "正式名称": "西村病院", "機関区分": 1, "都道府県コード": 43, "市区町村コード": 442, "所在地": "熊本県上益城郡嘉島町北甘木２０８３", "緯度": 32.747857, "経度": 130.770966, "url": "https://www.iryou.teikyouseido.mhlw.go.jp/znk-web/juminkanja/S2430/initialize?prefCd=43&kikanCd=143570156&kikanKbn=1", "url2": null, "内容": "西村病院【1:病院】【診療科目:内科_胃腸内科_神経内科_リハビリテーション科】【一般病床数:0療養病床数:6精神病床数:0感染症病床数:0合計病床数:6】熊本県上益城郡嘉島町北甘木２０８３" }, "geometry": { "type": "Point", "coordinates": [ 130.770966, 32.747857 ] } },
{ "type": "Feature", "properties": { "ID": 431143570169, "正式名称": "益城病院", "機関区分": 1, "都道府県コード": 43, "市区町村コード": 443, "所在地": "熊本県上益城郡益城町馬水１２３", "緯度": 32.789518, "経度": 130.800667, "url": "https://www.iryou.teikyouseido.mhlw.go.jp/znk-web/juminkanja/S2430/initialize?prefCd=43&kikanCd=143570169&kikanKbn=1", "url2": "http://www.mashiki.jp/", "内容": "益城病院【1:病院】【診療科目:児童思春期_精神科_心療内科_歯科】【一般病床数:0療養病床数:0精神病床数:198感染症病床数:0合計病床数:198】熊本県上益城郡益城町馬水１２３" }, "geometry": { "type": "Point", "coordinates": [ 130.800667, 32.789518 ] } },
{ "type": "Feature", "properties": { "ID": 431143580016, "正式名称": "小林病院", "機関区分": 1, "都道府県コード": 43, "市区町村コード": 104, "所在地": "熊本県熊本市南区城南町隈庄５７４", "緯度": 32.704301, "経度": 130.72921, "url": "https://www.iryou.teikyouseido.mhlw.go.jp/znk-web/juminkanja/S2430/initialize?prefCd=43&kikanCd=143580016&kikanKbn=1", "url2": "http://www.k-group.jp/index.html", "内容": "小林病院【1:病院】【診療科目:内科_循環器内科_胃腸内科_外科_整形外科_泌尿器科】【一般病床数:0療養病床数:34精神病床数:0感染症病床数:0合計病床数:34】熊本県熊本市南区城南町隈庄５７４" }, "geometry": { "type": "Point", "coordinates": [ 130.72921, 32.704301 ] } },
{ "type": "Feature", "properties": { "ID": 431143580029, "正式名称": "くまもと南部広域病院", "機関区分": 1, "都道府県コード": 43, "市区町村コード": 104, "所在地": "熊本県熊本市南区城南町舞原無番地", "緯度": 32.716668, "経度": 130.751145, "url": "https://www.iryou.teikyouseido.mhlw.go.jp/znk-web/juminkanja/S2430/initialize?prefCd=43&kikanCd=143580029&kikanKbn=1", "url2": "https://www.ksr-hospital.jp/", "内容": "くまもと南部広域病院【1:病院】【診療科目:内科_脳神経内科_呼吸器内科_循環器内科_消化器内科_腎臓内科_外科_整形外科_皮膚科_泌尿器科_精神科_リハビリテーション科】【一般病床数:120療養病床数:0精神病床数:78感染症病床数:0合計病床数:198】熊本県熊本市南区城南町舞原無番地" }, "geometry": { "type": "Point", "coordinates": [ 130.751145, 32.716668 ] } },
{ "type": "Feature", "properties": { "ID": 431143580032, "正式名称": "ひかりテラス病院", "機関区分": 1, "都道府県コード": 43, "市区町村コード": 104, "所在地": "熊本県熊本市南区城南町今吉野１０２０", "緯度": 32.717806, "経度": 130.736473, "url": "https://www.iryou.teikyouseido.mhlw.go.jp/znk-web/juminkanja/S2430/initialize?prefCd=43&kikanCd=143580032&kikanKbn=1", "url2": "http://www.inouekai.com", "内容": "ひかりテラス病院【1:病院】【診療科目:内科_外科】【一般病床数:8療養病床数:132精神病床数:0感染症病床数:0合計病床数:140】熊本県熊本市南区城南町今吉野１０２０" }, "geometry": { "type": "Point", "coordinates": [ 130.736473, 32.717806 ] } },
{ "type": "Feature", "properties": { "ID": 431143580058, "正式名称": "熊本県立こころの医療センター", "機関区分": 1, "都道府県コード": 43, "市区町村コード": 104, "所在地": "熊本県熊本市南区富合町平原３９１", "緯度": 32.698734, "経度": 130.68533, "url": "https://www.iryou.teikyouseido.mhlw.go.jp/znk-web/juminkanja/S2430/initialize?prefCd=43&kikanCd=143580058&kikanKbn=1", "url2": "https://www.kuma-cocoro.jp", "内容": "熊本県立こころの医療センター【1:病院】【診療科目:内科_呼吸器内科_神経内科_精神科】【一般病床数:0療養病床数:0精神病床数:190感染症病床数:0合計病床数:200】熊本県熊本市南区富合町平原３９１" }, "geometry": { "type": "Point", "coordinates": [ 130.68533, 32.698734 ] } },
{ "type": "Feature", "properties": { "ID": 431143580061, "正式名称": "国立病院機構熊本南病院", "機関区分": 1, "都道府県コード": 43, "市区町村コード": 213, "所在地": "熊本県宇城市松橋町豊福２３３８", "緯度": 32.639948, "経度": 130.704328, "url": "https://www.iryou.teikyouseido.mhlw.go.jp/znk-web/juminkanja/S2430/initialize?prefCd=43&kikanCd=143580061&kikanKbn=1", "url2": "http://kumamotominami.hosp.go.jp/", "内容": "国立病院機構熊本南病院【1:病院】【診療科目:内科_感染症内科_血液内科_糖尿病内科_代謝内科_糖尿病・内分泌内科_代謝・内分泌内科_脳神経内科_呼吸器内科_循環器内科_消化器内科_外科_呼吸器外科_消化器外科_肝臓・胆のう・膵臓外科_大腸・肛門外科_リウマチ科_リハビリテーション科_放射線科_麻酔科_総合診療科】【一般病床数:150療養病床数:0精神病床数:0感染症病床数:0合計病床数:156】熊本県宇城市松橋町豊福２３３８" }, "geometry": { "type": "Point", "coordinates": [ 130.704328, 32.639948 ] } },
{ "type": "Feature", "properties": { "ID": 431143580087, "正式名称": "医療法人　松生会　　松田病院", "機関区分": 1, "都道府県コード": 43, "市区町村コード": 213, "所在地": "熊本県宇城市松橋町豊崎１９６２ー１", "緯度": 32.643664, "経度": 130.675916, "url": "https://www.iryou.teikyouseido.mhlw.go.jp/znk-web/juminkanja/S2430/initialize?prefCd=43&kikanCd=143580087&kikanKbn=1", "url2": "http://matsuda-hospital.com/", "内容": "医療法人　松生会　　松田病院【1:病院】【診療科目:精神科_神経科_心療内科_老年精神科】【一般病床数:0療養病床数:0精神病床数:180感染症病床数:0合計病床数:180】熊本県宇城市松橋町豊崎１９６２ー１" }, "geometry": { "type": "Point", "coordinates": [ 130.675916, 32.643664 ] } },
{ "type": "Feature", "properties": { "ID": 431143580090, "正式名称": "熊本県こども総合療育センター", "機関区分": 1, "都道府県コード": 43, "市区町村コード": 213, "所在地": "熊本県宇城市松橋町豊福２９００", "緯度": 32.64455, "経度": 130.701103, "url": "https://www.iryou.teikyouseido.mhlw.go.jp/znk-web/juminkanja/S2430/initialize?prefCd=43&kikanCd=143580090&kikanKbn=1", "url2": "http://www.pref.kumamoto.jp/hpkiji/pub/List.aspx?c_id=3&class_set_id=1&class_id=5337", "内容": "熊本県こども総合療育センター【1:病院】【診療科目:整形外科_小児科_泌尿器科_精神科_歯科_リハビリテーション科】【一般病床数:60療養病床数:0精神病床数:0感染症病床数:0合計病床数:60】熊本県宇城市松橋町豊福２９００" }, "geometry": { "type": "Point", "coordinates": [ 130.701103, 32.64455 ] } },
{ "type": "Feature", "properties": { "ID": 431143580104, "正式名称": "桜十字熊本宇城病院", "機関区分": 1, "都道府県コード": 43, "市区町村コード": 213, "所在地": "熊本県宇城市小川町北新田５", "緯度": 32.599002, "経度": 130.70315, "url": "https://www.iryou.teikyouseido.mhlw.go.jp/znk-web/juminkanja/S2430/initialize?prefCd=43&kikanCd=143580104&kikanKbn=1", "url2": "https://sj-kumamoto-uki.jp", "内容": "桜十字熊本宇城病院【1:病院】【診療科目:内科_糖尿病内科_循環器内科_消化器内科_腎臓内科_人工透析内科_老年内科_整形外科_リハビリテーション科_放射線科】【一般病床数:99療養病床数:100精神病床数:0感染症病床数:0合計病床数:199】熊本県宇城市小川町北新田５" }, "geometry": { "type": "Point", "coordinates": [ 130.70315, 32.599002 ] } },
{ "type": "Feature", "properties": { "ID": 431143580117, "正式名称": "くまもと温石病院", "機関区分": 1, "都道府県コード": 43, "市区町村コード": 348, "所在地": "熊本県下益城郡美里町中小路８３５", "緯度": 32.640533, "経度": 130.779276, "url": "https://www.iryou.teikyouseido.mhlw.go.jp/znk-web/juminkanja/S2430/initialize?prefCd=43&kikanCd=143580117&kikanKbn=1", "url2": "https://www.onjaku.jp/", "内容": "くまもと温石病院【1:病院】【診療科目:内科_呼吸器内科_循環器内科_消化器内科_整形外科_リハビリテーション科】【一般病床数:51療養病床数:52精神病床数:0感染症病床数:0合計病床数:103】熊本県下益城郡美里町中小路８３５" }, "geometry": { "type": "Point", "coordinates": [ 130.779276, 32.640533 ] } },
{ "type": "Feature", "properties": { "ID": 431143580133, "正式名称": "間部病院", "機関区分": 1, "都道府県コード": 43, "市区町村コード": 348, "所在地": "熊本県下益城郡美里町永富３２８番地", "緯度": 32.618076, "経度": 130.858547, "url": "https://www.iryou.teikyouseido.mhlw.go.jp/znk-web/juminkanja/S2430/initialize?prefCd=43&kikanCd=143580133&kikanKbn=1", "url2": "http://www.mabe-hosp.jp/", "内容": "間部病院【1:病院】【診療科目:内科_呼吸器内科_人工透析内科_外科_整形外科_小児科_婦人科_耳鼻いんこう科_皮膚科_リハビリテーション科】【一般病床数:35療養病床数:0精神病床数:0感染症病床数:0合計病床数:35】熊本県下益城郡美里町永富３２８番地" }, "geometry": { "type": "Point", "coordinates": [ 130.858547, 32.618076 ] } },
{ "type": "Feature", "properties": { "ID": 431143580162, "正式名称": "にしくまもと病院", "機関区分": 1, "都道府県コード": 43, "市区町村コード": 104, "所在地": "熊本県熊本市南区富合町古閑１０１２", "緯度": 32.709244, "経度": 130.675792, "url": "https://www.iryou.teikyouseido.mhlw.go.jp/znk-web/juminkanja/S2430/initialize?prefCd=43&kikanCd=143580162&kikanKbn=1", "url2": "http://www.nishikuma.com", "内容": "にしくまもと病院【1:病院】【診療科目:内科_糖尿病・代謝内科_脳神経内科_呼吸器内科_循環器内科_消化器内科_外科_脳神経外科_整形外科_皮膚科_リハビリテーション科_麻酔科】【一般病床数:72療養病床数:74精神病床数:0感染症病床数:0合計病床数:146】熊本県熊本市南区富合町古閑１０１２" }, "geometry": { "type": "Point", "coordinates": [ 130.675792, 32.709244 ] } },
{ "type": "Feature", "properties": { "ID": 431143590022, "正式名称": "くまもと心療病院", "機関区分": 1, "都道府県コード": 43, "市区町村コード": 211, "所在地": "熊本県宇土市松山町１９０１", "緯度": 32.670273, "経度": 130.67124, "url": "https://www.iryou.teikyouseido.mhlw.go.jp/znk-web/juminkanja/S2430/initialize?prefCd=43&kikanCd=143590022&kikanKbn=1", "url2": "http://k-shinryou.jp", "内容": "くまもと心療病院【1:病院】【診療科目:精神科_神経科】【一般病床数:0療養病床数:0精神病床数:272感染症病床数:0合計病床数:272】熊本県宇土市松山町１９０１" }, "geometry": { "type": "Point", "coordinates": [ 130.67124, 32.670273 ] } },
{ "type": "Feature", "properties": { "ID": 431143600026, "正式名称": "独立行政法人労働者健康安全機構熊本労災病院", "機関区分": 1, "都道府県コード": 43, "市区町村コード": 202, "所在地": "熊本県八代市竹原町１６７０", "緯度": 32.51699, "経度": 130.626241, "url": "https://www.iryou.teikyouseido.mhlw.go.jp/znk-web/juminkanja/S2430/initialize?prefCd=43&kikanCd=143600026&kikanKbn=1", "url2": "https://kumamotoh.johas.go.jp/", "内容": "独立行政法人労働者健康安全機構熊本労災病院【1:病院】【診療科目:内科_糖尿病・代謝内科_呼吸器内科_循環器内科_消化器内科_神経内科_外科_脳神経外科_呼吸器外科_消化器外科_乳腺外科_整形外科_形成外科_小児科_小児外科_産婦人科_眼科_耳鼻いんこう科_皮膚科_泌尿器科_精神科_歯科口腔外科_リハビリテーション科_放射線科_病理診断科_麻酔科】【一般病床数:410療養病床数:0精神病床数:0感染症病床数:0合計病床数:410】熊本県八代市竹原町１６７０" }, "geometry": { "type": "Point", "coordinates": [ 130.626241, 32.51699 ] } },
{ "type": "Feature", "properties": { "ID": 431143600039, "正式名称": "平成病院", "機関区分": 1, "都道府県コード": 43, "市区町村コード": 202, "所在地": "熊本県八代市大村町７２０ー１", "緯度": 32.514543, "経度": 130.616804, "url": "https://www.iryou.teikyouseido.mhlw.go.jp/znk-web/juminkanja/S2430/initialize?prefCd=43&kikanCd=143600039&kikanKbn=1", "url2": "https://heiseikai-k.or.jp", "内容": "平成病院【1:病院】【診療科目:内科_精神科_心療内科_放射線科】【一般病床数:0療養病床数:0精神病床数:141感染症病床数:0合計病床数:141】熊本県八代市大村町７２０ー１" }, "geometry": { "type": "Point", "coordinates": [ 130.616804, 32.514543 ] } },
{ "type": "Feature", "properties": { "ID": 431143600042, "正式名称": "高田病院", "機関区分": 1, "都道府県コード": 43, "市区町村コード": 202, "所在地": "熊本県八代市豊原下町４００１", "緯度": 32.481493, "経度": 130.613859, "url": "https://www.iryou.teikyouseido.mhlw.go.jp/znk-web/juminkanja/S2430/initialize?prefCd=43&kikanCd=143600042&kikanKbn=1", "url2": "http://www.kouda-hospital.com/", "内容": "高田病院【1:病院】【診療科目:内科_精神科】【一般病床数:0療養病床数:54精神病床数:236感染症病床数:0合計病床数:290】熊本県八代市豊原下町４００１" }, "geometry": { "type": "Point", "coordinates": [ 130.613859, 32.481493 ] } },
{ "type": "Feature", "properties": { "ID": 431143600097, "正式名称": "八代更生病院", "機関区分": 1, "都道府県コード": 43, "市区町村コード": 202, "所在地": "熊本県八代市古城町１７０５", "緯度": 32.495682, "経度": 130.598188, "url": "https://www.iryou.teikyouseido.mhlw.go.jp/znk-web/juminkanja/S2430/initialize?prefCd=43&kikanCd=143600097&kikanKbn=1", "url2": "https://y-kousei.jp", "内容": "八代更生病院【1:病院】【診療科目:内科_精神科_心療内科】【一般病床数:0療養病床数:0精神病床数:249感染症病床数:0合計病床数:249】熊本県八代市古城町１７０５" }, "geometry": { "type": "Point", "coordinates": [ 130.598188, 32.495682 ] } },
{ "type": "Feature", "properties": { "ID": 431143600101, "正式名称": "八代病院シーサイドこころケアステーション", "機関区分": 1, "都道府県コード": 43, "市区町村コード": 202, "所在地": "熊本県八代市郡築一番町１７９", "緯度": 32.5146, "経度": 130.563893, "url": "https://www.iryou.teikyouseido.mhlw.go.jp/znk-web/juminkanja/S2430/initialize?prefCd=43&kikanCd=143600101&kikanKbn=1", "url2": "http://www.yatsushiro-hp.jp/", "内容": "八代病院シーサイドこころケアステーション【1:病院】【診療科目:精神科】【一般病床数:0療養病床数:0精神病床数:149感染症病床数:0合計病床数:149】熊本県八代市郡築一番町１７９" }, "geometry": { "type": "Point", "coordinates": [ 130.563893, 32.5146 ] } },
{ "type": "Feature", "properties": { "ID": 431143600114, "正式名称": "医療法人敬仁会　八代敬仁病院", "機関区分": 1, "都道府県コード": 43, "市区町村コード": 202, "所在地": "熊本県八代市海士江町２８１７", "緯度": 32.524225, "経度": 130.62252, "url": "https://www.iryou.teikyouseido.mhlw.go.jp/znk-web/juminkanja/S2430/initialize?prefCd=43&kikanCd=143600114&kikanKbn=1", "url2": "http://yatsushirokeijin.com/", "内容": "医療法人敬仁会　八代敬仁病院【1:病院】【診療科目:内科_呼吸器内科_循環器内科_消化器内科_整形外科_リハビリテーション科_放射線科】【一般病床数:42療養病床数:129精神病床数:0感染症病床数:0合計病床数:171】熊本県八代市海士江町２８１７" }, "geometry": { "type": "Point", "coordinates": [ 130.62252, 32.524225 ] } },
{ "type": "Feature", "properties": { "ID": 431143600143, "正式名称": "八代北部地域医療センター", "機関区分": 1, "都道府県コード": 43, "市区町村コード": 468, "所在地": "熊本県八代郡氷川町今１５１ー１", "緯度": 32.551309, "経度": 130.677518, "url": "https://www.iryou.teikyouseido.mhlw.go.jp/znk-web/juminkanja/S2430/initialize?prefCd=43&kikanCd=143600143&kikanKbn=1", "url2": "http://ygmahp.ec-net.jp/", "内容": "八代北部地域医療センター【1:病院】【診療科目:内科_呼吸器内科_循環器内科_消化器内科_神経内科_外科_肛門外科_ペインクリニック外科_整形外科_小児科_小児外科_婦人科_リハビリテーション科_呼吸器科、循環器科、消化器科、こう門科】【一般病床数:59療養病床数:30精神病床数:0感染症病床数:0合計病床数:89】熊本県八代郡氷川町今１５１ー１" }, "geometry": { "type": "Point", "coordinates": [ 130.677518, 32.551309 ] } },
{ "type": "Feature", "properties": { "ID": 431143600156, "正式名称": "熊本総合病院", "機関区分": 1, "都道府県コード": 43, "市区町村コード": 202, "所在地": "熊本県八代市通町１０ー１０", "緯度": 32.506437, "経度": 130.601585, "url": "https://www.iryou.teikyouseido.mhlw.go.jp/znk-web/juminkanja/S2430/initialize?prefCd=43&kikanCd=143600156&kikanKbn=1", "url2": "http://kumamoto.jcho.go.jp/", "内容": "熊本総合病院【1:病院】【診療科目:内科_血液内科_糖尿病・代謝内科_脳神経内科_呼吸器内科_循環器内科_消化器内科_腎臓内科_外科_脳神経外科_呼吸器外科_気管食道外科_心臓血管外科_肛門外科_整形外科_産科_婦人科_眼科_耳鼻いんこう科_皮膚科_泌尿器科_アレルギー科_リハビリテーション科_放射線科_病理診断科_麻酔科】【一般病床数:416療養病床数:0精神病床数:0感染症病床数:4合計病床数:420】熊本県八代市通町１０ー１０" }, "geometry": { "type": "Point", "coordinates": [ 130.601585, 32.506437 ] } },
{ "type": "Feature", "properties": { "ID": 431143600169, "正式名称": "桜十字八代リハビリテーション病院", "機関区分": 1, "都道府県コード": 43, "市区町村コード": 202, "所在地": "熊本県八代市本町２ー４ー３３", "緯度": 32.504049, "経度": 130.600212, "url": "https://www.iryou.teikyouseido.mhlw.go.jp/znk-web/juminkanja/S2430/initialize?prefCd=43&kikanCd=143600169&kikanKbn=1", "url2": "http://www.sj-yatsushiro-reha.jp", "内容": "桜十字八代リハビリテーション病院【1:病院】【診療科目:内科_循環器内科_胃腸内科_漢方内科_外科_脳神経外科_整形外科_泌尿器科_リウマチ科_リハビリテーション科】【一般病床数:59療養病床数:140精神病床数:0感染症病床数:0合計病床数:199】熊本県八代市本町２ー４ー３３" }, "geometry": { "type": "Point", "coordinates": [ 130.600212, 32.504049 ] } },
{ "type": "Feature", "properties": { "ID": 431143600172, "正式名称": "桜十字八代病院", "機関区分": 1, "都道府県コード": 43, "市区町村コード": 202, "所在地": "熊本県八代市通町８ー９", "緯度": 32.507604, "経度": 130.603702, "url": "https://www.iryou.teikyouseido.mhlw.go.jp/znk-web/juminkanja/S2430/initialize?prefCd=43&kikanCd=143600172&kikanKbn=1", "url2": "http://www.sj-yatsushiro.or.jp/", "内容": "桜十字八代病院【1:病院】【診療科目:内科_脳神経内科_消化器内科_胃腸内科_外科_整形外科_リハビリテーション科】【一般病床数:20療養病床数:54精神病床数:0感染症病床数:0合計病床数:74】熊本県八代市通町８ー９" }, "geometry": { "type": "Point", "coordinates": [ 130.603702, 32.507604 ] } },
{ "type": "Feature", "properties": { "ID": 431143610016, "正式名称": "岡部病院", "機関区分": 1, "都道府県コード": 43, "市区町村コード": 205, "所在地": "熊本県水俣市桜井町３ー３ー３", "緯度": 32.207544, "経度": 130.398274, "url": "https://www.iryou.teikyouseido.mhlw.go.jp/znk-web/juminkanja/S2430/initialize?prefCd=43&kikanCd=143610016&kikanKbn=1", "url2": "http://www.okabehospital.jp/", "内容": "岡部病院【1:病院】【診療科目:内科_外科_消化器外科_肛門外科_整形外科_皮膚科_泌尿器科】【一般病床数:52療養病床数:67精神病床数:0感染症病床数:0合計病床数:119】熊本県水俣市桜井町３ー３ー３" }, "geometry": { "type": "Point", "coordinates": [ 130.398274, 32.207544 ] } },
{ "type": "Feature", "properties": { "ID": 431143610032, "正式名称": "国保水俣市立総合医療センター", "機関区分": 1, "都道府県コード": 43, "市区町村コード": 205, "所在地": "熊本県水俣市天神町１ー２ー１", "緯度": 32.210077, "経度": 130.405917, "url": "https://www.iryou.teikyouseido.mhlw.go.jp/znk-web/juminkanja/S2430/initialize?prefCd=43&kikanCd=143610032&kikanKbn=1", "url2": "http://minamata-hp.jp/", "内容": "国保水俣市立総合医療センター【1:病院】【診療科目:代謝内科_脳神経内科_呼吸器内科_循環器内科_消化器内科_腎臓内科_外科_脳神経外科_心臓血管外科_整形外科_小児科_産婦人科_眼科_耳鼻いんこう科_皮膚科_泌尿器科_歯科口腔外科_リハビリテーション科_放射線科】【一般病床数:357療養病床数:0精神病床数:0感染症病床数:4合計病床数:361】熊本県水俣市天神町１ー２ー１" }, "geometry": { "type": "Point", "coordinates": [ 130.405917, 32.210077 ] } },
{ "type": "Feature", "properties": { "ID": 431143610045, "正式名称": "水俣病院", "機関区分": 1, "都道府県コード": 43, "市区町村コード": 205, "所在地": "熊本県水俣市浜４０５１", "緯度": 32.223294, "経度": 130.398896, "url": "https://www.iryou.teikyouseido.mhlw.go.jp/znk-web/juminkanja/S2430/initialize?prefCd=43&kikanCd=143610045&kikanKbn=1", "url2": "http://minamatahp.sakura.ne.jp", "内容": "水俣病院【1:病院】【診療科目:精神科】【一般病床数:0療養病床数:0精神病床数:200感染症病床数:0合計病床数:200】熊本県水俣市浜４０５１" }, "geometry": { "type": "Point", "coordinates": [ 130.398896, 32.223294 ] } },
{ "type": "Feature", "properties": { "ID": 431143610061, "正式名称": "海のみえるココロの病院", "機関区分": 1, "都道府県コード": 43, "市区町村コード": 205, "所在地": "熊本県水俣市袋７０５ー１４", "緯度": 32.187437, "経度": 130.376835, "url": "https://www.iryou.teikyouseido.mhlw.go.jp/znk-web/juminkanja/S2430/initialize?prefCd=43&kikanCd=143610061&kikanKbn=1", "url2": "https://seaview-hospital.com/", "内容": "海のみえるココロの病院【1:病院】【診療科目:内科_精神科_神経科_心療内科】【一般病床数:0療養病床数:0精神病床数:180感染症病床数:0合計病床数:180】熊本県水俣市袋７０５ー１４" }, "geometry": { "type": "Point", "coordinates": [ 130.376835, 32.187437 ] } },
{ "type": "Feature", "properties": { "ID": 431143610074, "正式名称": "水俣市立明水園", "機関区分": 1, "都道府県コード": 43, "市区町村コード": 205, "所在地": "熊本県水俣市浜４０７６", "緯度": 32.229811, "経度": 130.409442, "url": "https://www.iryou.teikyouseido.mhlw.go.jp/znk-web/juminkanja/S2430/initialize?prefCd=43&kikanCd=143610074&kikanKbn=1", "url2": "http://www.minamata-sj.or.jp", "内容": "水俣市立明水園【1:病院】【診療科目:内科】【一般病床数:65療養病床数:0精神病床数:0感染症病床数:0合計病床数:65】熊本県水俣市浜４０７６" }, "geometry": { "type": "Point", "coordinates": [ 130.409442, 32.229811 ] } },
{ "type": "Feature", "properties": { "ID": 431143610087, "正式名称": "水俣協立病院", "機関区分": 1, "都道府県コード": 43, "市区町村コード": 205, "所在地": "熊本県水俣市桜井町２ー２ー１２", "緯度": 32.20578, "経度": 130.395908, "url": "https://www.iryou.teikyouseido.mhlw.go.jp/znk-web/juminkanja/S2430/initialize?prefCd=43&kikanCd=143610087&kikanKbn=1", "url2": "http://www.minamata-kyouritsu.com", "内容": "水俣協立病院【1:病院】【診療科目:内科_呼吸器内科_循環器内科_消化器内科_神経内科_精神科_リハビリテーション科_放射線科】【一般病床数:55療養病床数:0精神病床数:0感染症病床数:0合計病床数:55】熊本県水俣市桜井町２ー２ー１２" }, "geometry": { "type": "Point", "coordinates": [ 130.395908, 32.20578 ] } },
{ "type": "Feature", "properties": { "ID": 431143610090, "正式名称": "白梅病院", "機関区分": 1, "都道府県コード": 43, "市区町村コード": 205, "所在地": "熊本県水俣市浜４０８９ー１", "緯度": 32.230219, "経度": 130.413219, "url": "https://www.iryou.teikyouseido.mhlw.go.jp/znk-web/juminkanja/S2430/initialize?prefCd=43&kikanCd=143610090&kikanKbn=1", "url2": "http://www.kaigocsc.co.jp/shiraume/", "内容": "白梅病院【1:病院】【診療科目:内科_リハビリテーション科】【一般病床数:0療養病床数:54精神病床数:0感染症病床数:0合計病床数:54】熊本県水俣市浜４０８９ー１" }, "geometry": { "type": "Point", "coordinates": [ 130.413219, 32.230219 ] } },
{ "type": "Feature", "properties": { "ID": 431143610104, "正式名称": "くまもと芦北療育医療センター", "機関区分": 1, "都道府県コード": 43, "市区町村コード": 482, "所在地": "熊本県葦北郡芦北町芦北２８１３", "緯度": 32.297309, "経度": 130.496807, "url": "https://www.iryou.teikyouseido.mhlw.go.jp/znk-web/juminkanja/S2430/initialize?prefCd=43&kikanCd=143610104&kikanKbn=1", "url2": "http://www.shiyu-kai.or.jp", "内容": "くまもと芦北療育医療センター【1:病院】【診療科目:小児科_歯科】【一般病床数:205療養病床数:0精神病床数:0感染症病床数:0合計病床数:205】熊本県葦北郡芦北町芦北２８１３" }, "geometry": { "type": "Point", "coordinates": [ 130.496807, 32.297309 ] } },
{ "type": "Feature", "properties": { "ID": 431143610133, "正式名称": "井上病院", "機関区分": 1, "都道府県コード": 43, "市区町村コード": 482, "所在地": "熊本県葦北郡芦北町佐敷２８０ー１", "緯度": 32.30273, "経度": 130.505671, "url": "https://www.iryou.teikyouseido.mhlw.go.jp/znk-web/juminkanja/S2430/initialize?prefCd=43&kikanCd=143610133&kikanKbn=1", "url2": "http://koshokai-inoue-hp.com/", "内容": "井上病院【1:病院】【診療科目:内科_胃腸内科_小児科】【一般病床数:0療養病床数:40精神病床数:0感染症病床数:0合計病床数:40】熊本県葦北郡芦北町佐敷２８０ー１" }, "geometry": { "type": "Point", "coordinates": [ 130.505671, 32.30273 ] } },
{ "type": "Feature", "properties": { "ID": 431143610146, "正式名称": "溝部病院", "機関区分": 1, "都道府県コード": 43, "市区町村コード": 482, "所在地": "熊本県葦北郡芦北町湯浦４０３－１", "緯度": 32.26861, "経度": 130.503891, "url": "https://www.iryou.teikyouseido.mhlw.go.jp/znk-web/juminkanja/S2430/initialize?prefCd=43&kikanCd=143610146&kikanKbn=1", "url2": "mizobe-hospital.or.jp", "内容": "溝部病院【1:病院】【診療科目:内科_循環器内科】【一般病床数:0療養病床数:44精神病床数:0感染症病床数:0合計病床数:44】熊本県葦北郡芦北町湯浦４０３－１" }, "geometry": { "type": "Point", "coordinates": [ 130.503891, 32.26861 ] } },
{ "type": "Feature", "properties": { "ID": 431143620035, "正式名称": "光生病院", "機関区分": 1, "都道府県コード": 43, "市区町村コード": 203, "所在地": "熊本県人吉市下原田町１１２５ー２", "緯度": 32.230555, "経度": 130.722231, "url": "https://www.iryou.teikyouseido.mhlw.go.jp/znk-web/juminkanja/S2430/initialize?prefCd=43&kikanCd=143620035&kikanKbn=1", "url2": "http://www.soshundo.jp", "内容": "光生病院【1:病院】【診療科目:精神科_神経科】【一般病床数:0療養病床数:0精神病床数:206感染症病床数:0合計病床数:206】熊本県人吉市下原田町１１２５ー２" }, "geometry": { "type": "Point", "coordinates": [ 130.722231, 32.230555 ] } },
{ "type": "Feature", "properties": { "ID": 431143620064, "正式名称": "医療法人精翠会　人吉こころのホスピタル", "機関区分": 1, "都道府県コード": 43, "市区町村コード": 203, "所在地": "熊本県人吉市下城本町１５０１", "緯度": 32.215676, "経度": 130.741899, "url": "https://www.iryou.teikyouseido.mhlw.go.jp/znk-web/juminkanja/S2430/initialize?prefCd=43&kikanCd=143620064&kikanKbn=1", "url2": "http://www.seisui.or.jp", "内容": "医療法人精翠会　人吉こころのホスピタル【1:病院】【診療科目:精神科_神経科】【一般病床数:0療養病床数:0精神病床数:187感染症病床数:0合計病床数:187】熊本県人吉市下城本町１５０１" }, "geometry": { "type": "Point", "coordinates": [ 130.741899, 32.215676 ] } },
{ "type": "Feature", "properties": { "ID": 431143620077, "正式名称": "独立行政法人地域医療機能推進機構人吉医療センター", "機関区分": 1, "都道府県コード": 43, "市区町村コード": 203, "所在地": "熊本県人吉市老神町３５", "緯度": 32.209976, "経度": 130.758874, "url": "https://www.iryou.teikyouseido.mhlw.go.jp/znk-web/juminkanja/S2430/initialize?prefCd=43&kikanCd=143620077&kikanKbn=1", "url2": "http://hitoyoshi.jcho.go.jp/", "内容": "独立行政法人地域医療機能推進機構人吉医療センター【1:病院】【診療科目:内科_血液内科_糖尿病・代謝内科_脳神経内科_呼吸器内科_循環器内科_消化器内科_腫瘍内科_外科_脳神経外科_呼吸器外科_血管外科_消化器外科_乳腺外科_整形外科_形成外科_小児科_産婦人科_眼科_耳鼻いんこう科_皮膚科_泌尿器科_歯科口腔外科_リハビリテーション科_放射線科_放射線治療科_病理診断科_救急科_麻酔科】【一般病床数:248療養病床数:0精神病床数:0感染症病床数:4合計病床数:252】熊本県人吉市老神町３５" }, "geometry": { "type": "Point", "coordinates": [ 130.758874, 32.209976 ] } },
{ "type": "Feature", "properties": { "ID": 431143620093, "正式名称": "外山胃腸病院", "機関区分": 1, "都道府県コード": 43, "市区町村コード": 203, "所在地": "熊本県人吉市南泉田町１", "緯度": 32.217876, "経度": 130.760713, "url": "https://www.iryou.teikyouseido.mhlw.go.jp/znk-web/juminkanja/S2430/initialize?prefCd=43&kikanCd=143620093&kikanKbn=1", "url2": "http://www.gh-toyama.or.jp", "内容": "外山胃腸病院【1:病院】【診療科目:内科_外科_整形外科_形成外科_リハビリテーション科_胃腸科、こう門科】【一般病床数:58療養病床数:26精神病床数:0感染症病床数:0合計病床数:84】熊本県人吉市南泉田町１" }, "geometry": { "type": "Point", "coordinates": [ 130.760713, 32.217876 ] } },
{ "type": "Feature", "properties": { "ID": 431143620152, "正式名称": "球磨郡公立多良木病院", "機関区分": 1, "都道府県コード": 43, "市区町村コード": 505, "所在地": "熊本県球磨郡多良木町多良木４２１０", "緯度": 32.25409, "経度": 130.925574, "url": "https://www.iryou.teikyouseido.mhlw.go.jp/znk-web/juminkanja/S2430/initialize?prefCd=43&kikanCd=143620152&kikanKbn=1", "url2": "https://www.taragihp.jp", "内容": "球磨郡公立多良木病院【1:病院】【診療科目:内科_呼吸器内科_循環器内科_消化器内科_外科_脳神経外科_心臓血管外科_整形外科_小児科_産婦人科_眼科_耳鼻いんこう科_皮膚科_泌尿器科_歯科_リハビリテーション科_麻酔科_人工透析科】【一般病床数:178療養病床数:0精神病床数:0感染症病床数:0合計病床数:178】熊本県球磨郡多良木町多良木４２１０" }, "geometry": { "type": "Point", "coordinates": [ 130.925574, 32.25409 ] } },
{ "type": "Feature", "properties": { "ID": 431143620181, "正式名称": "東病院", "機関区分": 1, "都道府県コード": 43, "市区町村コード": 514, "所在地": "熊本県球磨郡あさぎり町岡原北９４６", "緯度": 32.240731, "経度": 130.930628, "url": "https://www.iryou.teikyouseido.mhlw.go.jp/znk-web/juminkanja/S2430/initialize?prefCd=43&kikanCd=143620181&kikanKbn=1", "url2": "http://higashi-hp.com", "内容": "東病院【1:病院】【診療科目:内科_呼吸器内科_胃腸内科_小児科_リウマチ科_リハビリテーション科】【一般病床数:0療養病床数:54精神病床数:0感染症病床数:0合計病床数:54】熊本県球磨郡あさぎり町岡原北９４６" }, "geometry": { "type": "Point", "coordinates": [ 130.930628, 32.240731 ] } },
{ "type": "Feature", "properties": { "ID": 431143620208, "正式名称": "堤病院", "機関区分": 1, "都道府県コード": 43, "市区町村コード": 203, "所在地": "熊本県人吉市下林町２３２", "緯度": 32.217884, "経度": 130.735604, "url": "https://www.iryou.teikyouseido.mhlw.go.jp/znk-web/juminkanja/S2430/initialize?prefCd=43&kikanCd=143620208&kikanKbn=1", "url2": "http://www.tsutsumi-hospital.jp", "内容": "堤病院【1:病院】【診療科目:内科_内分泌内科_糖尿病・代謝内科_腎臓内科_人工透析内科_リハビリテーション科】【一般病床数:0療養病床数:55精神病床数:0感染症病床数:0合計病床数:55】熊本県人吉市下林町２３２" }, "geometry": { "type": "Point", "coordinates": [ 130.735604, 32.217884 ] } },
{ "type": "Feature", "properties": { "ID": 431143620237, "正式名称": "愛生記念病院", "機関区分": 1, "都道府県コード": 43, "市区町村コード": 203, "所在地": "熊本県人吉市南泉田町８９", "緯度": 32.216709, "経度": 130.762471, "url": "https://www.iryou.teikyouseido.mhlw.go.jp/znk-web/juminkanja/S2430/initialize?prefCd=43&kikanCd=143620237&kikanKbn=1", "url2": "http://www.h-aisei.or.jp/shinkan/toyamabyouin.html", "内容": "愛生記念病院【1:病院】【診療科目:内科_呼吸器内科_循環器内科_消化器内科】【一般病床数:71療養病床数:0精神病床数:0感染症病床数:0合計病床数:71】熊本県人吉市南泉田町８９" }, "geometry": { "type": "Point", "coordinates": [ 130.762471, 32.216709 ] } },
{ "type": "Feature", "properties": { "ID": 431143620240, "正式名称": "万江病院", "機関区分": 1, "都道府県コード": 43, "市区町村コード": 203, "所在地": "熊本県人吉市瓦屋町典子１７１８ー１", "緯度": 32.224294, "経度": 130.757199, "url": "https://www.iryou.teikyouseido.mhlw.go.jp/znk-web/juminkanja/S2430/initialize?prefCd=43&kikanCd=143620240&kikanKbn=1", "url2": "http://www.mae-hp.jp/", "内容": "万江病院【1:病院】【診療科目:内科_呼吸器内科_循環器内科_消化器内科_リハビリテーション科】【一般病床数:0療養病床数:60精神病床数:0感染症病床数:0合計病床数:60】熊本県人吉市瓦屋町典子１７１８ー１" }, "geometry": { "type": "Point", "coordinates": [ 130.757199, 32.224294 ] } },
{ "type": "Feature", "properties": { "ID": 431143620253, "正式名称": "人吉リハビリテーション病院", "機関区分": 1, "都道府県コード": 43, "市区町村コード": 203, "所在地": "熊本県人吉市下新町３５９", "緯度": 32.215312, "経度": 130.769126, "url": "https://www.iryou.teikyouseido.mhlw.go.jp/znk-web/juminkanja/S2430/initialize?prefCd=43&kikanCd=143620253&kikanKbn=1", "url2": "http://www.oyakuen-g.or.jp", "内容": "人吉リハビリテーション病院【1:病院】【診療科目:内科_血液内科_脳神経内科_呼吸器内科_循環器内科_消化器内科_リハビリテーション科_放射線科】【一般病床数:0療養病床数:54精神病床数:0感染症病床数:0合計病床数:54】熊本県人吉市下新町３５９" }, "geometry": { "type": "Point", "coordinates": [ 130.769126, 32.215312 ] } },
{ "type": "Feature", "properties": { "ID": 431143630012, "正式名称": "天草中央総合病院", "機関区分": 1, "都道府県コード": 43, "市区町村コード": 215, "所在地": "熊本県天草市東町１０１番地", "緯度": 32.449349, "経度": 130.200294, "url": "https://www.iryou.teikyouseido.mhlw.go.jp/znk-web/juminkanja/S2430/initialize?prefCd=43&kikanCd=143630012&kikanKbn=1", "url2": "http://amakusa.jcho.go.jp", "内容": "天草中央総合病院【1:病院】【診療科目:内科_循環器内科_外科_脳神経外科_整形外科_小児科_産婦人科_耳鼻いんこう科_皮膚科_歯科口腔外科_リハビリテーション科_放射線科_麻酔科】【一般病床数:149療養病床数:0精神病床数:0感染症病床数:4合計病床数:155】熊本県天草市東町１０１番地" }, "geometry": { "type": "Point", "coordinates": [ 130.200294, 32.449349 ] } },
{ "type": "Feature", "properties": { "ID": 431143630025, "正式名称": "天草病院", "機関区分": 1, "都道府県コード": 43, "市区町村コード": 215, "所在地": "熊本県天草市佐伊津町５７８９", "緯度": 32.502246, "経度": 130.191745, "url": "https://www.iryou.teikyouseido.mhlw.go.jp/znk-web/juminkanja/S2430/initialize?prefCd=43&kikanCd=143630025&kikanKbn=1", "url2": "http://www.amakusa-hp.or.jp", "内容": "天草病院【1:病院】【診療科目:内科_皮膚科_精神科】【一般病床数:0療養病床数:0精神病床数:437感染症病床数:0合計病床数:437】熊本県天草市佐伊津町５７８９" }, "geometry": { "type": "Point", "coordinates": [ 130.191745, 32.502246 ] } },
{ "type": "Feature", "properties": { "ID": 431143630070, "正式名称": "ニュー天草病院", "機関区分": 1, "都道府県コード": 43, "市区町村コード": 215, "所在地": "熊本県天草市太田町２ー１", "緯度": 32.449102, "経度": 130.19881, "url": "https://www.iryou.teikyouseido.mhlw.go.jp/znk-web/juminkanja/S2430/initialize?prefCd=43&kikanCd=143630070&kikanKbn=1", "url2": "http://newamakusa-hospital.com", "内容": "ニュー天草病院【1:病院】【診療科目:内科_糖尿病・代謝内科_リハビリテーション科】【一般病床数:0療養病床数:132精神病床数:0感染症病床数:0合計病床数:132】熊本県天草市太田町２ー１" }, "geometry": { "type": "Point", "coordinates": [ 130.19881, 32.449102 ] } },
{ "type": "Feature", "properties": { "ID": 431143630096, "正式名称": "天草第一病院", "機関区分": 1, "都道府県コード": 43, "市区町村コード": 215, "所在地": "熊本県天草市今釜新町３４１３ー６", "緯度": 32.459885, "経度": 130.194271, "url": "https://www.iryou.teikyouseido.mhlw.go.jp/znk-web/juminkanja/S2430/initialize?prefCd=43&kikanCd=143630096&kikanKbn=1", "url2": "http://www.eijukai-amakusa.com/", "内容": "天草第一病院【1:病院】【診療科目:内科_脳神経内科_循環器内科_腎臓内科_人工透析内科_外科_脳神経外科_消化器外科_大腸・肛門外科_整形外科_泌尿器科_リハビリテーション科】【一般病床数:68療養病床数:60精神病床数:0感染症病床数:0合計病床数:128】熊本県天草市今釜新町３４１３ー６" }, "geometry": { "type": "Point", "coordinates": [ 130.194271, 32.459885 ] } },
{ "type": "Feature", "properties": { "ID": 431143630139, "正式名称": "苓北医師会病院", "機関区分": 1, "都道府県コード": 43, "市区町村コード": 531, "所在地": "熊本県天草郡苓北町富岡３６００ー３", "緯度": 32.511781, "経度": 130.041913, "url": "https://www.iryou.teikyouseido.mhlw.go.jp/znk-web/juminkanja/S2430/initialize?prefCd=43&kikanCd=143630139&kikanKbn=1", "url2": "https://www.rmahp.jp/", "内容": "苓北医師会病院【1:病院】【診療科目:内科_循環器内科_外科_整形外科_婦人科_眼科_リハビリテーション科】【一般病床数:40療養病床数:0精神病床数:0感染症病床数:0合計病床数:40】熊本県天草郡苓北町富岡３６００ー３" }, "geometry": { "type": "Point", "coordinates": [ 130.041913, 32.511781 ] } },
{ "type": "Feature", "properties": { "ID": 431143630168, "正式名称": "天草セントラル病院", "機関区分": 1, "都道府県コード": 43, "市区町村コード": 215, "所在地": "熊本県天草市五和町御領９０９３", "緯度": 32.53196, "経度": 130.193189, "url": "https://www.iryou.teikyouseido.mhlw.go.jp/znk-web/juminkanja/S2430/initialize?prefCd=43&kikanCd=143630168&kikanKbn=1", "url2": "www.ichiyokai.or.jp/", "内容": "天草セントラル病院【1:病院】【診療科目:内科_リハビリテーション科_放射線科】【一般病床数:0療養病床数:302精神病床数:0感染症病床数:0合計病床数:302】熊本県天草市五和町御領９０９３" }, "geometry": { "type": "Point", "coordinates": [ 130.193189, 32.53196 ] } },
{ "type": "Feature", "properties": { "ID": 431143630171, "正式名称": "天草慈恵病院", "機関区分": 1, "都道府県コード": 43, "市区町村コード": 531, "所在地": "熊本県天草郡苓北町上津深江２７８ー１０", "緯度": 32.517536, "経度": 130.067737, "url": "https://www.iryou.teikyouseido.mhlw.go.jp/znk-web/juminkanja/S2430/initialize?prefCd=43&kikanCd=143630171&kikanKbn=1", "url2": "http://www.inahokai.com", "内容": "天草慈恵病院【1:病院】【診療科目:内科_呼吸器内科_循環器内科_消化器内科_外科_整形外科_小児科_眼科_耳鼻いんこう科_泌尿器科_精神科_リハビリテーション科】【一般病床数:42療養病床数:78精神病床数:0感染症病床数:0合計病床数:120】熊本県天草郡苓北町上津深江２７８ー１０" }, "geometry": { "type": "Point", "coordinates": [ 130.067737, 32.517536 ] } },
{ "type": "Feature", "properties": { "ID": 431143630184, "正式名称": "上天草市立上天草総合病院", "機関区分": 1, "都道府県コード": 43, "市区町村コード": 212, "所在地": "熊本県上天草市龍ヶ岳町高戸１４１９－１９", "緯度": 32.393361, "経度": 130.391042, "url": "https://www.iryou.teikyouseido.mhlw.go.jp/znk-web/juminkanja/S2430/initialize?prefCd=43&kikanCd=143630184&kikanKbn=1", "url2": "http://www.cityhosp-kamiamakusa.jp/", "内容": "上天草市立上天草総合病院【1:病院】【診療科目:内科_代謝内科_呼吸器内科_循環器内科_消化器内科_腎臓内科_神経内科_外科_消化器外科_肛門外科_整形外科_小児科_産婦人科_眼科_耳鼻いんこう科_皮膚科_泌尿器科_精神科_歯科_歯科口腔外科_アレルギー科_リハビリテーション科_放射線科_麻酔科】【一般病床数:125療養病床数:40精神病床数:0感染症病床数:0合計病床数:165】熊本県上天草市龍ヶ岳町高戸１４１９－１９" }, "geometry": { "type": "Point", "coordinates": [ 130.391042, 32.393361 ] } },
{ "type": "Feature", "properties": { "ID": 431143630197, "正式名称": "天草地域医療センター", "機関区分": 1, "都道府県コード": 43, "市区町村コード": 215, "所在地": "熊本県天草市亀場町食場８５４ー１", "緯度": 32.433387, "経度": 130.179954, "url": "https://www.iryou.teikyouseido.mhlw.go.jp/znk-web/juminkanja/S2430/initialize?prefCd=43&kikanCd=143630197&kikanKbn=1", "url2": "http://www.amed.jp", "内容": "天草地域医療センター【1:病院】【診療科目:内科_代謝内科_呼吸器内科_循環器内科_消化器内科_神経内科_総合診療科_外科_脳神経外科_整形外科_小児科_泌尿器科_リウマチ科_リハビリテーション科_放射線科_麻酔科】【一般病床数:210療養病床数:0精神病床数:0感染症病床数:0合計病床数:210】熊本県天草市亀場町食場８５４ー１" }, "geometry": { "type": "Point", "coordinates": [ 130.179954, 32.433387 ] } },
{ "type": "Feature", "properties": { "ID": 431143630201, "正式名称": "天草市立　栖本病院", "機関区分": 1, "都道府県コード": 43, "市区町村コード": 215, "所在地": "熊本県天草市栖本町馬場２５６０ー１４", "緯度": 32.415642, "経度": 130.26534, "url": "https://www.iryou.teikyouseido.mhlw.go.jp/znk-web/juminkanja/S2430/initialize?prefCd=43&kikanCd=143630201&kikanKbn=1", "url2": "http://www.city.amakusa.kumamoto.jp/amakusahp/sumoto/index.html", "内容": "天草市立　栖本病院【1:病院】【診療科目:内科_糖尿病・代謝内科_呼吸器内科_整形外科_リハビリテーション科】【一般病床数:24療養病床数:0精神病床数:0感染症病床数:0合計病床数:44】熊本県天草市栖本町馬場２５６０ー１４" }, "geometry": { "type": "Point", "coordinates": [ 130.26534, 32.415642 ] } },
{ "type": "Feature", "properties": { "ID": 431143640028, "正式名称": "うしぶか心愛病院", "機関区分": 1, "都道府県コード": 43, "市区町村コード": 215, "所在地": "熊本県天草市二浦町亀浦３１９８", "緯度": 32.262791, "経度": 130.025093, "url": "https://www.iryou.teikyouseido.mhlw.go.jp/znk-web/juminkanja/S2430/initialize?prefCd=43&kikanCd=143640028&kikanKbn=1", "url2": "https://ushibuka-shinai.jp/", "内容": "うしぶか心愛病院【1:病院】【診療科目:精神科】【一般病床数:0療養病床数:0精神病床数:120感染症病床数:0合計病床数:120】熊本県天草市二浦町亀浦３１９８" }, "geometry": { "type": "Point", "coordinates": [ 130.025093, 32.262791 ] } },
{ "type": "Feature", "properties": { "ID": 431143640057, "正式名称": "国民健康保険天草市立河浦病院", "機関区分": 1, "都道府県コード": 43, "市区町村コード": 215, "所在地": "熊本県天草市河浦町白木河内２２３ー１１", "緯度": 32.317898, "経度": 130.082357, "url": "https://www.iryou.teikyouseido.mhlw.go.jp/znk-web/juminkanja/S2430/initialize?prefCd=43&kikanCd=143640057&kikanKbn=1", "url2": "https://kawaura-hp.jp", "内容": "国民健康保険天草市立河浦病院【1:病院】【診療科目:内科_外科_整形外科_リハビリテーション科】【一般病床数:50療養病床数:0精神病床数:0感染症病床数:0合計病床数:50】熊本県天草市河浦町白木河内２２３ー１１" }, "geometry": { "type": "Point", "coordinates": [ 130.082357, 32.317898 ] } },
{ "type": "Feature", "properties": { "ID": 431143650018, "正式名称": "くまもと県北病院", "機関区分": 1, "都道府県コード": 43, "市区町村コード": 206, "所在地": "熊本県玉名市玉名５５０", "緯度": 32.932146, "経度": 130.54969, "url": "https://www.iryou.teikyouseido.mhlw.go.jp/znk-web/juminkanja/S2430/initialize?prefCd=43&kikanCd=143650018&kikanKbn=1", "url2": "http://www.kumakenhoku-hp.jp", "内容": "くまもと県北病院【1:病院】【診療科目:内科_感染症内科_血液内科_糖尿病・内分泌内科_脳神経内科_呼吸器内科_循環器内科_消化器内科_腎臓内科_腫瘍内科_緩和ケア内科_外科_脳神経外科_呼吸器外科_消化器外科_乳腺外科_整形外科_小児科_婦人科_眼科_耳鼻いんこう科_皮膚科_泌尿器科_精神科_歯科口腔外科_アレルギー科_リハビリテーション科_放射線科_病理診断科_救急科_麻酔科_膠原病・リウマチ科】【一般病床数:402療養病床数:0精神病床数:0感染症病床数:0合計病床数:402】熊本県玉名市玉名５５０" }, "geometry": { "type": "Point", "coordinates": [ 130.54969, 32.932146 ] } },
{ "type": "Feature", "properties": { "ID": 431143660011, "正式名称": "済生会みすみ病院", "機関区分": 1, "都道府県コード": 43, "市区町村コード": 213, "所在地": "熊本県宇城市三角町波多７７５ー１", "緯度": 32.613354, "経度": 130.481871, "url": "https://www.iryou.teikyouseido.mhlw.go.jp/znk-web/juminkanja/S2430/initialize?prefCd=43&kikanCd=143660011&kikanKbn=1", "url2": "http://www.sk-misumi.jp/", "内容": "済生会みすみ病院【1:病院】【診療科目:内科_糖尿病内科_脳神経内科_呼吸器内科_循環器内科_消化器内科_腎臓内科_肝臓内科_外科_脳神経外科_呼吸器外科_心臓血管外科_乳腺外科_整形外科_泌尿器科_放射線科_麻酔科】【一般病床数:120療養病床数:0精神病床数:0感染症病床数:0合計病床数:120】熊本県宇城市三角町波多７７５ー１" }, "geometry": { "type": "Point", "coordinates": [ 130.481871, 32.613354 ] } },
{ "type": "Feature", "properties": { "ID": 431143660024, "正式名称": "あおば病院", "機関区分": 1, "都道府県コード": 43, "市区町村コード": 213, "所在地": "熊本県宇城市松橋町萩尾２０３７ー１", "緯度": 32.665116, "経度": 130.718715, "url": "https://www.iryou.teikyouseido.mhlw.go.jp/znk-web/juminkanja/S2430/initialize?prefCd=43&kikanCd=143660024&kikanKbn=1", "url2": "http://www.aoba-hospital.jp", "内容": "あおば病院【1:病院】【診療科目:精神科_心療内科】【一般病床数:0療養病床数:33精神病床数:145感染症病床数:0合計病床数:178】熊本県宇城市松橋町萩尾２０３７ー１" }, "geometry": { "type": "Point", "coordinates": [ 130.718715, 32.665116 ] } },
{ "type": "Feature", "properties": { "ID": 431143660037, "正式名称": "宇城総合病院", "機関区分": 1, "都道府県コード": 43, "市区町村コード": 213, "所在地": "熊本県宇城市松橋町久具６９１", "緯度": 32.650862, "経度": 130.696431, "url": "https://www.iryou.teikyouseido.mhlw.go.jp/znk-web/juminkanja/S2430/initialize?prefCd=43&kikanCd=143660037&kikanKbn=1", "url2": "http://www.reimeikai.jp/", "内容": "宇城総合病院【1:病院】【診療科目:内科_糖尿病・代謝内科_代謝・内分泌内科_脳神経内科_呼吸器内科_循環器内科_腎臓内科_人工透析内科_外科_呼吸器外科_心臓血管外科_消化器外科_整形外科_リウマチ科_リハビリテーション科_放射線科_麻酔科】【一般病床数:200療養病床数:0精神病床数:0感染症病床数:4合計病床数:204】熊本県宇城市松橋町久具６９１" }, "geometry": { "type": "Point", "coordinates": [ 130.696431, 32.650862 ] } },
{ "type": "Feature", "properties": { "ID": 431143670014, "正式名称": "国民健康保険天草市立新和病院", "機関区分": 1, "都道府県コード": 43, "市区町村コード": 215, "所在地": "熊本県天草市新和町小宮地７６３ー３", "緯度": 32.370726, "経度": 130.186022, "url": "https://www.iryou.teikyouseido.mhlw.go.jp/znk-web/juminkanja/S2430/initialize?prefCd=43&kikanCd=143670014&kikanKbn=1", "url2": "http://www.city.amakusa.kumamoto.jp/amakusahp/", "内容": "国民健康保険天草市立新和病院【1:病院】【診療科目:内科_呼吸器内科_循環器内科_整形外科_リハビリテーション科】【一般病床数:30療養病床数:0精神病床数:0感染症病床数:0合計病床数:30】熊本県天草市新和町小宮地７６３ー３" }, "geometry": { "type": "Point", "coordinates": [ 130.186022, 32.370726 ] } },
{ "type": "Feature", "properties": { "ID": 431143670027, "正式名称": "福本病院", "機関区分": 1, "都道府県コード": 43, "市区町村コード": 215, "所在地": "熊本県天草市牛深町１５２２ー４６", "緯度": 32.200559, "経度": 130.030368, "url": "https://www.iryou.teikyouseido.mhlw.go.jp/znk-web/juminkanja/S2430/initialize?prefCd=43&kikanCd=143670027&kikanKbn=1", "url2": "http://nttbj.itp.ne.jp/0969733131/index.html", "内容": "福本病院【1:病院】【診療科目:内科_循環器内科_胃腸内科_神経内科_整形外科_眼科_リウマチ科_リハビリテーション科】【一般病床数:0療養病床数:35精神病床数:0感染症病床数:0合計病床数:35】熊本県天草市牛深町１５２２ー４６" }, "geometry": { "type": "Point", "coordinates": [ 130.030368, 32.200559 ] } },
{ "type": "Feature", "properties": { "ID": 431143670030, "正式名称": "天草市立牛深市民病院", "機関区分": 1, "都道府県コード": 43, "市区町村コード": 215, "所在地": "熊本県天草市牛深町３０５０", "緯度": 32.194793, "経度": 130.017076, "url": "https://www.iryou.teikyouseido.mhlw.go.jp/znk-web/juminkanja/S2430/initialize?prefCd=43&kikanCd=143670030&kikanKbn=1", "url2": "http://ushp.jp", "内容": "天草市立牛深市民病院【1:病院】【診療科目:内科_循環器内科_人工透析内科_外科_整形外科_小児科_産婦人科_眼科_耳鼻いんこう科_リハビリテーション科_救急科_麻酔科】【一般病床数:60療養病床数:33精神病床数:0感染症病床数:0合計病床数:93】熊本県天草市牛深町３０５０" }, "geometry": { "type": "Point", "coordinates": [ 130.017076, 32.194793 ] } },
{ "type": "Feature", "properties": { "ID": 431143670043, "正式名称": "天草厚生病院", "機関区分": 1, "都道府県コード": 43, "市区町村コード": 215, "所在地": "熊本県天草市有明町小島子１３６０", "緯度": 32.482919, "経度": 130.273986, "url": "https://www.iryou.teikyouseido.mhlw.go.jp/znk-web/juminkanja/S2430/initialize?prefCd=43&kikanCd=143670043&kikanKbn=1", "url2": "https://www.amakusa-kosei.jp/", "内容": "天草厚生病院【1:病院】【診療科目:内科_循環器内科_リハビリテーション科_放射線科】【一般病床数:0療養病床数:180精神病床数:0感染症病床数:0合計病床数:180】熊本県天草市有明町小島子１３６０" }, "geometry": { "type": "Point", "coordinates": [ 130.273986, 32.482919 ] } },
{ "type": "Feature", "properties": { "ID": 431143670056, "正式名称": "はまゆう療育園", "機関区分": 1, "都道府県コード": 43, "市区町村コード": 531, "所在地": "熊本県天草郡苓北町志岐１２１５", "緯度": 32.51447, "経度": 130.060537, "url": "https://www.iryou.teikyouseido.mhlw.go.jp/znk-web/juminkanja/S2430/initialize?prefCd=43&kikanCd=143670056&kikanKbn=1", "url2": "https://www.jieikai.com/", "内容": "はまゆう療育園【1:病院】【診療科目:内科_小児科_精神科】【一般病床数:110療養病床数:60精神病床数:0感染症病床数:0合計病床数:170】熊本県天草郡苓北町志岐１２１５" }, "geometry": { "type": "Point", "coordinates": [ 130.060537, 32.51447 ] } }
]
}
