{
  "type": "FeatureCollection",
  "features": [
    {
      "type": "Feature",
      "geometry": {
        "type": "Point",
        "coordinates": [
          131.004202,
          32.8542274
        ]
      },
      "properties": {
        "内容": "バス停: 名称不明バス停",
        "name": "名称不明バス停",
        "operator": "事業者不明",
        "ref": "",
        "url": "",
        "url2": ""
      }
    },
    {
      "type": "Feature",
      "geometry": {
        "type": "Point",
        "coordinates": [
          130.5905541,
          32.7636503
        ]
      },
      "properties": {
        "内容": "バス停: 熊本港フェリーのりば前",
        "name": "熊本港フェリーのりば前",
        "operator": "事業者不明",
        "ref": "",
        "url": "",
        "url2": ""
      }
    },
    {
      "type": "Feature",
      "geometry": {
        "type": "Point",
        "coordinates": [
          130.7921297,
          32.8663071
        ]
      },
      "properties": {
        "内容": "バス停: 菊陽西小学校前（菊陽循環）",
        "name": "菊陽西小学校前（菊陽循環）",
        "operator": "事業者不明",
        "ref": "",
        "url": "",
        "url2": ""
      }
    },
    {
      "type": "Feature",
      "geometry": {
        "type": "Point",
        "coordinates": [
          130.7300689,
          32.8601261
        ]
      },
      "properties": {
        "内容": "バス停: 菊南温泉前 (熊本電鉄)",
        "name": "菊南温泉前",
        "operator": "熊本電鉄",
        "ref": "",
        "url": "",
        "url2": ""
      }
    },
    {
      "type": "Feature",
      "geometry": {
        "type": "Point",
        "coordinates": [
          130.6016103,
          32.8107317
        ]
      },
      "properties": {
        "内容": "バス停: 鰐洞",
        "name": "鰐洞",
        "operator": "事業者不明",
        "ref": "",
        "url": "",
        "url2": ""
      }
    },
    {
      "type": "Feature",
      "geometry": {
        "type": "Point",
        "coordinates": [
          130.594545,
          32.8152112
        ]
      },
      "properties": {
        "内容": "バス停: 下塩屋",
        "name": "下塩屋",
        "operator": "事業者不明",
        "ref": "",
        "url": "",
        "url2": ""
      }
    },
    {
      "type": "Feature",
      "geometry": {
        "type": "Point",
        "coordinates": [
          130.5830173,
          32.8348681
        ]
      },
      "properties": {
        "内容": "バス停: 聖ヶ塔",
        "name": "聖ヶ塔",
        "operator": "事業者不明",
        "ref": "",
        "url": "",
        "url2": ""
      }
    },
    {
      "type": "Feature",
      "geometry": {
        "type": "Point",
        "coordinates": [
          130.7648819,
          32.8456564
        ]
      },
      "properties": {
        "内容": "バス停: 武蔵塚公園",
        "name": "武蔵塚公園",
        "operator": "事業者不明",
        "ref": "",
        "url": "",
        "url2": ""
      }
    },
    {
      "type": "Feature",
      "geometry": {
        "type": "Point",
        "coordinates": [
          130.7223638,
          32.8347032
        ]
      },
      "properties": {
        "内容": "バス停: 名称不明バス停 (熊本電鉄)",
        "name": "名称不明バス停",
        "operator": "熊本電鉄",
        "ref": "",
        "url": "",
        "url2": ""
      }
    },
    {
      "type": "Feature",
      "geometry": {
        "type": "Point",
        "coordinates": [
          131.1443602,
          33.0756756
        ]
      },
      "properties": {
        "内容": "バス停: Kurokawa Spa (towards Kumamoto)",
        "name": "Kurokawa Spa (towards Kumamoto)",
        "operator": "事業者不明",
        "ref": "",
        "url": "",
        "url2": ""
      }
    },
    {
      "type": "Feature",
      "geometry": {
        "type": "Point",
        "coordinates": [
          131.1429233,
          33.0763047
        ]
      },
      "properties": {
        "内容": "バス停: Kurokawa Spa (towards Beppu)",
        "name": "Kurokawa Spa (towards Beppu)",
        "operator": "事業者不明",
        "ref": "",
        "url": "",
        "url2": ""
      }
    },
    {
      "type": "Feature",
      "geometry": {
        "type": "Point",
        "coordinates": [
          130.7174722,
          32.8175647
        ]
      },
      "properties": {
        "内容": "バス停: 市立必由館高校前 (熊本電鉄)",
        "name": "市立必由館高校前",
        "operator": "熊本電鉄",
        "ref": "",
        "url": "",
        "url2": ""
      }
    },
    {
      "type": "Feature",
      "geometry": {
        "type": "Point",
        "coordinates": [
          130.7225186,
          32.8292368
        ]
      },
      "properties": {
        "内容": "バス停: 松崎 (熊本電鉄)",
        "name": "松崎",
        "operator": "熊本電鉄",
        "ref": "",
        "url": "",
        "url2": ""
      }
    },
    {
      "type": "Feature",
      "geometry": {
        "type": "Point",
        "coordinates": [
          130.6616539,
          32.6783582
        ]
      },
      "properties": {
        "内容": "バス停: 入地町",
        "name": "入地町",
        "operator": "事業者不明",
        "ref": "",
        "url": "",
        "url2": ""
      }
    },
    {
      "type": "Feature",
      "geometry": {
        "type": "Point",
        "coordinates": [
          130.6580128,
          32.6820109
        ]
      },
      "properties": {
        "内容": "バス停: 宇土本町一丁目",
        "name": "宇土本町一丁目",
        "operator": "事業者不明",
        "ref": "",
        "url": "",
        "url2": ""
      }
    },
    {
      "type": "Feature",
      "geometry": {
        "type": "Point",
        "coordinates": [
          130.6595578,
          32.6838802
        ]
      },
      "properties": {
        "内容": "バス停: 宇土本町二丁目",
        "name": "宇土本町二丁目",
        "operator": "事業者不明",
        "ref": "",
        "url": "",
        "url2": ""
      }
    },
    {
      "type": "Feature",
      "geometry": {
        "type": "Point",
        "coordinates": [
          130.6623478,
          32.6862076
        ]
      },
      "properties": {
        "内容": "バス停: 宇土本町五丁目",
        "name": "宇土本町五丁目",
        "operator": "事業者不明",
        "ref": "",
        "url": "",
        "url2": ""
      }
    },
    {
      "type": "Feature",
      "geometry": {
        "type": "Point",
        "coordinates": [
          130.6639722,
          32.6882489
        ]
      },
      "properties": {
        "内容": "バス停: 宇土本町六丁目",
        "name": "宇土本町六丁目",
        "operator": "事業者不明",
        "ref": "",
        "url": "",
        "url2": ""
      }
    },
    {
      "type": "Feature",
      "geometry": {
        "type": "Point",
        "coordinates": [
          130.7032868,
          32.800295
        ]
      },
      "properties": {
        "内容": "バス停: 熊本桜町バスターミナル",
        "name": "熊本桜町バスターミナル",
        "operator": "事業者不明",
        "ref": "",
        "url": "https://sakuramachi-kumamoto.jp/bus",
        "url2": "Q6443418"
      }
    },
    {
      "type": "Feature",
      "geometry": {
        "type": "Point",
        "coordinates": [
          130.5548035,
          32.9466566
        ]
      },
      "properties": {
        "内容": "バス停: 名称不明バス停",
        "name": "名称不明バス停",
        "operator": "事業者不明",
        "ref": "",
        "url": "",
        "url2": ""
      }
    },
    {
      "type": "Feature",
      "geometry": {
        "type": "Point",
        "coordinates": [
          130.5544445,
          32.9469785
        ]
      },
      "properties": {
        "内容": "バス停: 名称不明バス停",
        "name": "名称不明バス停",
        "operator": "事業者不明",
        "ref": "",
        "url": "",
        "url2": ""
      }
    },
    {
      "type": "Feature",
      "geometry": {
        "type": "Point",
        "coordinates": [
          130.7977212,
          32.861887
        ]
      },
      "properties": {
        "内容": "バス停: 名称不明バス停",
        "name": "名称不明バス停",
        "operator": "事業者不明",
        "ref": "",
        "url": "",
        "url2": ""
      }
    },
    {
      "type": "Feature",
      "geometry": {
        "type": "Point",
        "coordinates": [
          130.7977346,
          32.8617585
        ]
      },
      "properties": {
        "内容": "バス停: 名称不明バス停",
        "name": "名称不明バス停",
        "operator": "事業者不明",
        "ref": "",
        "url": "",
        "url2": ""
      }
    },
    {
      "type": "Feature",
      "geometry": {
        "type": "Point",
        "coordinates": [
          130.451209,
          33.0005869
        ]
      },
      "properties": {
        "内容": "バス停: 万田抗前",
        "name": "万田抗前",
        "operator": "事業者不明",
        "ref": "",
        "url": "",
        "url2": ""
      }
    },
    {
      "type": "Feature",
      "geometry": {
        "type": "Point",
        "coordinates": [
          130.7793834,
          32.6424801
        ]
      },
      "properties": {
        "内容": "バス停: 温石病院入口 (九州産交バス)",
        "name": "温石病院入口",
        "operator": "九州産交バス",
        "ref": "",
        "url": "",
        "url2": ""
      }
    },
    {
      "type": "Feature",
      "geometry": {
        "type": "Point",
        "coordinates": [
          130.7839024,
          32.6444793
        ]
      },
      "properties": {
        "内容": "バス停: 大沢水 (九州産交バス)",
        "name": "大沢水",
        "operator": "九州産交バス",
        "ref": "",
        "url": "",
        "url2": ""
      }
    },
    {
      "type": "Feature",
      "geometry": {
        "type": "Point",
        "coordinates": [
          131.0449298,
          32.9717861
        ]
      },
      "properties": {
        "内容": "バス停: 阿蘇温泉病院前",
        "name": "阿蘇温泉病院前",
        "operator": "事業者不明",
        "ref": "",
        "url": "",
        "url2": ""
      }
    },
    {
      "type": "Feature",
      "geometry": {
        "type": "Point",
        "coordinates": [
          130.5842022,
          32.8473809
        ]
      },
      "properties": {
        "内容": "バス停: 天水湖",
        "name": "天水湖",
        "operator": "事業者不明",
        "ref": "",
        "url": "",
        "url2": ""
      }
    },
    {
      "type": "Feature",
      "geometry": {
        "type": "Point",
        "coordinates": [
          130.7793818,
          32.8645667
        ]
      },
      "properties": {
        "内容": "バス停: 光の森五丁目",
        "name": "光の森五丁目",
        "operator": "事業者不明",
        "ref": "",
        "url": "",
        "url2": ""
      }
    },
    {
      "type": "Feature",
      "geometry": {
        "type": "Point",
        "coordinates": [
          130.7707213,
          32.855492
        ]
      },
      "properties": {
        "内容": "バス停: 武蔵ヶ丘四丁目",
        "name": "武蔵ヶ丘四丁目",
        "operator": "事業者不明",
        "ref": "",
        "url": "",
        "url2": ""
      }
    },
    {
      "type": "Feature",
      "geometry": {
        "type": "Point",
        "coordinates": [
          130.7681205,
          32.8617468
        ]
      },
      "properties": {
        "内容": "バス停: 武蔵ヶ丘北口",
        "name": "武蔵ヶ丘北口",
        "operator": "事業者不明",
        "ref": "",
        "url": "",
        "url2": ""
      }
    },
    {
      "type": "Feature",
      "geometry": {
        "type": "Point",
        "coordinates": [
          130.7711348,
          32.8631185
        ]
      },
      "properties": {
        "内容": "バス停: 南ヶ丘小学校前",
        "name": "南ヶ丘小学校前",
        "operator": "事業者不明",
        "ref": "",
        "url": "",
        "url2": ""
      }
    },
    {
      "type": "Feature",
      "geometry": {
        "type": "Point",
        "coordinates": [
          130.7220602,
          32.8225383
        ]
      },
      "properties": {
        "内容": "バス停: 西室園 (熊本電鉄)",
        "name": "西室園",
        "operator": "熊本電鉄",
        "ref": "",
        "url": "",
        "url2": ""
      }
    },
    {
      "type": "Feature",
      "geometry": {
        "type": "Point",
        "coordinates": [
          130.7226121,
          32.8245039
        ]
      },
      "properties": {
        "内容": "バス停: 室園町・アイミースクエア前 (熊本電鉄)",
        "name": "室園町・アイミースクエア前",
        "operator": "熊本電鉄",
        "ref": "",
        "url": "",
        "url2": ""
      }
    },
    {
      "type": "Feature",
      "geometry": {
        "type": "Point",
        "coordinates": [
          130.980077,
          32.281773
        ]
      },
      "properties": {
        "内容": "バス停: 湯前駅前",
        "name": "湯前駅前",
        "operator": "事業者不明",
        "ref": "",
        "url": "",
        "url2": ""
      }
    },
    {
      "type": "Feature",
      "geometry": {
        "type": "Point",
        "coordinates": [
          130.753551,
          32.214544
        ]
      },
      "properties": {
        "内容": "バス停: 名称不明バス停",
        "name": "名称不明バス停",
        "operator": "事業者不明",
        "ref": "",
        "url": "",
        "url2": ""
      }
    },
    {
      "type": "Feature",
      "geometry": {
        "type": "Point",
        "coordinates": [
          130.7030687,
          32.7840497
        ]
      },
      "properties": {
        "内容": "バス停: 団地入口",
        "name": "団地入口",
        "operator": "事業者不明",
        "ref": "",
        "url": "",
        "url2": ""
      }
    },
    {
      "type": "Feature",
      "geometry": {
        "type": "Point",
        "coordinates": [
          130.8634928,
          32.7420057
        ]
      },
      "properties": {
        "内容": "バス停: 名称不明バス停",
        "name": "名称不明バス停",
        "operator": "事業者不明",
        "ref": "",
        "url": "",
        "url2": ""
      }
    },
    {
      "type": "Feature",
      "geometry": {
        "type": "Point",
        "coordinates": [
          130.726436,
          32.8544288
        ]
      },
      "properties": {
        "内容": "バス停: 須屋小屋 (熊本電鉄)",
        "name": "須屋小屋",
        "operator": "熊本電鉄",
        "ref": "",
        "url": "",
        "url2": ""
      }
    },
    {
      "type": "Feature",
      "geometry": {
        "type": "Point",
        "coordinates": [
          130.4005404,
          32.5945688
        ]
      },
      "properties": {
        "内容": "バス停: 七ツ割入口",
        "name": "七ツ割入口",
        "operator": "事業者不明",
        "ref": "",
        "url": "https://www.kyusanko.co.jp/sankobus/",
        "url2": ""
      }
    },
    {
      "type": "Feature",
      "geometry": {
        "type": "Point",
        "coordinates": [
          130.4198352,
          32.5766628
        ]
      },
      "properties": {
        "内容": "バス停: さんぱーる (産交バス)",
        "name": "さんぱーる",
        "operator": "産交バス",
        "ref": "",
        "url": "",
        "url2": ""
      }
    },
    {
      "type": "Feature",
      "geometry": {
        "type": "Point",
        "coordinates": [
          130.4697691,
          32.6070581
        ]
      },
      "properties": {
        "内容": "バス停: 三角産交",
        "name": "三角産交",
        "operator": "事業者不明",
        "ref": "",
        "url": "",
        "url2": ""
      }
    },
    {
      "type": "Feature",
      "geometry": {
        "type": "Point",
        "coordinates": [
          130.4415996,
          32.5954376
        ]
      },
      "properties": {
        "内容": "バス停: 名称不明バス停 (産交バス)",
        "name": "名称不明バス停",
        "operator": "産交バス",
        "ref": "",
        "url": "",
        "url2": ""
      }
    },
    {
      "type": "Feature",
      "geometry": {
        "type": "Point",
        "coordinates": [
          130.7676781,
          32.2595943
        ]
      },
      "properties": {
        "内容": "バス停: 名称不明バス停",
        "name": "名称不明バス停",
        "operator": "事業者不明",
        "ref": "",
        "url": "",
        "url2": ""
      }
    },
    {
      "type": "Feature",
      "geometry": {
        "type": "Point",
        "coordinates": [
          130.7682883,
          32.2601761
        ]
      },
      "properties": {
        "内容": "バス停: 名称不明バス停",
        "name": "名称不明バス停",
        "operator": "事業者不明",
        "ref": "",
        "url": "",
        "url2": ""
      }
    },
    {
      "type": "Feature",
      "geometry": {
        "type": "Point",
        "coordinates": [
          131.0371398,
          32.3189027
        ]
      },
      "properties": {
        "内容": "バス停: 名称不明バス停",
        "name": "名称不明バス停",
        "operator": "事業者不明",
        "ref": "",
        "url": "",
        "url2": ""
      }
    },
    {
      "type": "Feature",
      "geometry": {
        "type": "Point",
        "coordinates": [
          130.7004692,
          32.8030763
        ]
      },
      "properties": {
        "内容": "バス停: 国立病院前 (熊本都市バス)",
        "name": "国立病院前",
        "operator": "熊本都市バス",
        "ref": "",
        "url": "",
        "url2": ""
      }
    },
    {
      "type": "Feature",
      "geometry": {
        "type": "Point",
        "coordinates": [
          130.8140372,
          32.9853333
        ]
      },
      "properties": {
        "内容": "バス停: 菊池温泉・市民広場前 (熊本電鉄;産交バス)",
        "name": "菊池温泉・市民広場前",
        "operator": "熊本電鉄;産交バス",
        "ref": "",
        "url": "",
        "url2": ""
      }
    },
    {
      "type": "Feature",
      "geometry": {
        "type": "Point",
        "coordinates": [
          130.7770082,
          32.198382
        ]
      },
      "properties": {
        "内容": "バス停: 名称不明バス停",
        "name": "名称不明バス停",
        "operator": "事業者不明",
        "ref": "",
        "url": "",
        "url2": ""
      }
    },
    {
      "type": "Feature",
      "geometry": {
        "type": "Point",
        "coordinates": [
          130.7765223,
          32.1983812
        ]
      },
      "properties": {
        "内容": "バス停: 名称不明バス停",
        "name": "名称不明バス停",
        "operator": "事業者不明",
        "ref": "",
        "url": "",
        "url2": ""
      }
    },
    {
      "type": "Feature",
      "geometry": {
        "type": "Point",
        "coordinates": [
          130.6034597,
          32.7651872
        ]
      },
      "properties": {
        "内容": "バス停: 熊本港大橋口",
        "name": "熊本港大橋口",
        "operator": "事業者不明",
        "ref": "",
        "url": "",
        "url2": ""
      }
    },
    {
      "type": "Feature",
      "geometry": {
        "type": "Point",
        "coordinates": [
          130.6091007,
          32.7664924
        ]
      },
      "properties": {
        "内容": "バス停: 沖新入口",
        "name": "沖新入口",
        "operator": "事業者不明",
        "ref": "",
        "url": "",
        "url2": ""
      }
    },
    {
      "type": "Feature",
      "geometry": {
        "type": "Point",
        "coordinates": [
          130.6103824,
          32.7670574
        ]
      },
      "properties": {
        "内容": "バス停: 沖新入口",
        "name": "沖新入口",
        "operator": "事業者不明",
        "ref": "",
        "url": "",
        "url2": ""
      }
    },
    {
      "type": "Feature",
      "geometry": {
        "type": "Point",
        "coordinates": [
          130.6168084,
          32.7686395
        ]
      },
      "properties": {
        "内容": "バス停: 沖新甲北",
        "name": "沖新甲北",
        "operator": "事業者不明",
        "ref": "",
        "url": "",
        "url2": ""
      }
    },
    {
      "type": "Feature",
      "geometry": {
        "type": "Point",
        "coordinates": [
          130.6168283,
          32.7685004
        ]
      },
      "properties": {
        "内容": "バス停: 沖新甲北",
        "name": "沖新甲北",
        "operator": "事業者不明",
        "ref": "",
        "url": "",
        "url2": ""
      }
    },
    {
      "type": "Feature",
      "geometry": {
        "type": "Point",
        "coordinates": [
          130.6209362,
          32.7694472
        ]
      },
      "properties": {
        "内容": "バス停: 沖新甲南",
        "name": "沖新甲南",
        "operator": "事業者不明",
        "ref": "",
        "url": "",
        "url2": ""
      }
    },
    {
      "type": "Feature",
      "geometry": {
        "type": "Point",
        "coordinates": [
          130.6279298,
          32.7696105
        ]
      },
      "properties": {
        "内容": "バス停: 中島小学校入口",
        "name": "中島小学校入口",
        "operator": "事業者不明",
        "ref": "",
        "url": "",
        "url2": ""
      }
    },
    {
      "type": "Feature",
      "geometry": {
        "type": "Point",
        "coordinates": [
          130.6362482,
          32.7688074
        ]
      },
      "properties": {
        "内容": "バス停: 今新開",
        "name": "今新開",
        "operator": "事業者不明",
        "ref": "",
        "url": "",
        "url2": ""
      }
    },
    {
      "type": "Feature",
      "geometry": {
        "type": "Point",
        "coordinates": [
          130.628718,
          32.7697614
        ]
      },
      "properties": {
        "内容": "バス停: 中島小学校入口",
        "name": "中島小学校入口",
        "operator": "事業者不明",
        "ref": "",
        "url": "",
        "url2": ""
      }
    },
    {
      "type": "Feature",
      "geometry": {
        "type": "Point",
        "coordinates": [
          130.6321606,
          32.7692009
        ]
      },
      "properties": {
        "内容": "バス停: 中原町",
        "name": "中原町",
        "operator": "事業者不明",
        "ref": "",
        "url": "",
        "url2": ""
      }
    },
    {
      "type": "Feature",
      "geometry": {
        "type": "Point",
        "coordinates": [
          130.6221392,
          32.7696811
        ]
      },
      "properties": {
        "内容": "バス停: 沖新甲南",
        "name": "沖新甲南",
        "operator": "事業者不明",
        "ref": "",
        "url": "",
        "url2": ""
      }
    },
    {
      "type": "Feature",
      "geometry": {
        "type": "Point",
        "coordinates": [
          130.6321994,
          32.7690304
        ]
      },
      "properties": {
        "内容": "バス停: 中原町",
        "name": "中原町",
        "operator": "事業者不明",
        "ref": "",
        "url": "",
        "url2": ""
      }
    },
    {
      "type": "Feature",
      "geometry": {
        "type": "Point",
        "coordinates": [
          130.6363602,
          32.771891
        ]
      },
      "properties": {
        "内容": "バス停: 方近",
        "name": "方近",
        "operator": "事業者不明",
        "ref": "",
        "url": "",
        "url2": ""
      }
    },
    {
      "type": "Feature",
      "geometry": {
        "type": "Point",
        "coordinates": [
          130.6383715,
          32.7759953
        ]
      },
      "properties": {
        "内容": "バス停: 小島上町",
        "name": "小島上町",
        "operator": "事業者不明",
        "ref": "",
        "url": "",
        "url2": ""
      }
    },
    {
      "type": "Feature",
      "geometry": {
        "type": "Point",
        "coordinates": [
          130.6388975,
          32.7782262
        ]
      },
      "properties": {
        "内容": "バス停: 小島郵便局前",
        "name": "小島郵便局前",
        "operator": "事業者不明",
        "ref": "",
        "url": "",
        "url2": ""
      }
    },
    {
      "type": "Feature",
      "geometry": {
        "type": "Point",
        "coordinates": [
          130.6407035,
          32.7780903
        ]
      },
      "properties": {
        "内容": "バス停: 中須",
        "name": "中須",
        "operator": "事業者不明",
        "ref": "",
        "url": "",
        "url2": ""
      }
    },
    {
      "type": "Feature",
      "geometry": {
        "type": "Point",
        "coordinates": [
          130.6410375,
          32.7780301
        ]
      },
      "properties": {
        "内容": "バス停: 中須",
        "name": "中須",
        "operator": "事業者不明",
        "ref": "",
        "url": "",
        "url2": ""
      }
    },
    {
      "type": "Feature",
      "geometry": {
        "type": "Point",
        "coordinates": [
          130.6476048,
          32.7776706
        ]
      },
      "properties": {
        "内容": "バス停: 西区役所前",
        "name": "西区役所前",
        "operator": "事業者不明",
        "ref": "",
        "url": "",
        "url2": ""
      }
    },
    {
      "type": "Feature",
      "geometry": {
        "type": "Point",
        "coordinates": [
          130.6529079,
          32.7773625
        ]
      },
      "properties": {
        "内容": "バス停: 城山下代",
        "name": "城山下代",
        "operator": "事業者不明",
        "ref": "",
        "url": "",
        "url2": ""
      }
    },
    {
      "type": "Feature",
      "geometry": {
        "type": "Point",
        "coordinates": [
          130.6876597,
          32.773344
        ]
      },
      "properties": {
        "内容": "バス停: 蓮台寺",
        "name": "蓮台寺",
        "operator": "事業者不明",
        "ref": "",
        "url": "",
        "url2": ""
      }
    },
    {
      "type": "Feature",
      "geometry": {
        "type": "Point",
        "coordinates": [
          130.6506455,
          32.7774975
        ]
      },
      "properties": {
        "内容": "バス停: 西高入口",
        "name": "西高入口",
        "operator": "事業者不明",
        "ref": "",
        "url": "",
        "url2": ""
      }
    },
    {
      "type": "Feature",
      "geometry": {
        "type": "Point",
        "coordinates": [
          130.6808599,
          32.7754834
        ]
      },
      "properties": {
        "内容": "バス停: 新土河原一丁目",
        "name": "新土河原一丁目",
        "operator": "事業者不明",
        "ref": "",
        "url": "",
        "url2": ""
      }
    },
    {
      "type": "Feature",
      "geometry": {
        "type": "Point",
        "coordinates": [
          130.6889311,
          32.777913
        ]
      },
      "properties": {
        "内容": "バス停: 蓮台寺入口",
        "name": "蓮台寺入口",
        "operator": "事業者不明",
        "ref": "",
        "url": "",
        "url2": ""
      }
    },
    {
      "type": "Feature",
      "geometry": {
        "type": "Point",
        "coordinates": [
          130.6888006,
          32.7854921
        ]
      },
      "properties": {
        "内容": "バス停: 田崎橋",
        "name": "田崎橋",
        "operator": "事業者不明",
        "ref": "",
        "url": "",
        "url2": ""
      }
    },
    {
      "type": "Feature",
      "geometry": {
        "type": "Point",
        "coordinates": [
          130.6886846,
          32.774872
        ]
      },
      "properties": {
        "内容": "バス停: 町口神社前",
        "name": "町口神社前",
        "operator": "事業者不明",
        "ref": "",
        "url": "",
        "url2": ""
      }
    },
    {
      "type": "Feature",
      "geometry": {
        "type": "Point",
        "coordinates": [
          130.6887501,
          32.7858372
        ]
      },
      "properties": {
        "内容": "バス停: 二本木口",
        "name": "二本木口",
        "operator": "事業者不明",
        "ref": "",
        "url": "",
        "url2": ""
      }
    },
    {
      "type": "Feature",
      "geometry": {
        "type": "Point",
        "coordinates": [
          130.7020707,
          32.7954796
        ]
      },
      "properties": {
        "内容": "バス停: 河原町",
        "name": "河原町",
        "operator": "事業者不明",
        "ref": "",
        "url": "",
        "url2": ""
      }
    },
    {
      "type": "Feature",
      "geometry": {
        "type": "Point",
        "coordinates": [
          130.6686059,
          32.6940999
        ]
      },
      "properties": {
        "内容": "バス停: 宇土駅前",
        "name": "宇土駅前",
        "operator": "事業者不明",
        "ref": "",
        "url": "",
        "url2": ""
      }
    },
    {
      "type": "Feature",
      "geometry": {
        "type": "Point",
        "coordinates": [
          130.7791187,
          32.7987472
        ]
      },
      "properties": {
        "内容": "バス停: 東稜高校前 (熊本都市バス)",
        "name": "東稜高校前",
        "operator": "熊本都市バス",
        "ref": "",
        "url": "",
        "url2": ""
      }
    },
    {
      "type": "Feature",
      "geometry": {
        "type": "Point",
        "coordinates": [
          130.7771579,
          32.7980172
        ]
      },
      "properties": {
        "内容": "バス停: 県立大グランド前",
        "name": "県立大グランド前",
        "operator": "事業者不明",
        "ref": "",
        "url": "",
        "url2": ""
      }
    },
    {
      "type": "Feature",
      "geometry": {
        "type": "Point",
        "coordinates": [
          130.7746685,
          32.798451
        ]
      },
      "properties": {
        "内容": "バス停: 小峯三丁目",
        "name": "小峯三丁目",
        "operator": "事業者不明",
        "ref": "",
        "url": "",
        "url2": ""
      }
    },
    {
      "type": "Feature",
      "geometry": {
        "type": "Point",
        "coordinates": [
          130.7708745,
          32.8010903
        ]
      },
      "properties": {
        "内容": "バス停: 小峯営業所",
        "name": "小峯営業所",
        "operator": "事業者不明",
        "ref": "",
        "url": "",
        "url2": ""
      }
    },
    {
      "type": "Feature",
      "geometry": {
        "type": "Point",
        "coordinates": [
          130.7684117,
          32.8006309
        ]
      },
      "properties": {
        "内容": "バス停: 新外",
        "name": "新外",
        "operator": "事業者不明",
        "ref": "",
        "url": "",
        "url2": ""
      }
    },
    {
      "type": "Feature",
      "geometry": {
        "type": "Point",
        "coordinates": [
          130.7662612,
          32.7999462
        ]
      },
      "properties": {
        "内容": "バス停: 新外中通り",
        "name": "新外中通り",
        "operator": "事業者不明",
        "ref": "",
        "url": "",
        "url2": ""
      }
    },
    {
      "type": "Feature",
      "geometry": {
        "type": "Point",
        "coordinates": [
          130.7619565,
          32.798574
        ]
      },
      "properties": {
        "内容": "バス停: 新外入口",
        "name": "新外入口",
        "operator": "事業者不明",
        "ref": "",
        "url": "",
        "url2": ""
      }
    },
    {
      "type": "Feature",
      "geometry": {
        "type": "Point",
        "coordinates": [
          130.7587077,
          32.7975293
        ]
      },
      "properties": {
        "内容": "バス停: 東灰塚",
        "name": "東灰塚",
        "operator": "事業者不明",
        "ref": "",
        "url": "",
        "url2": ""
      }
    },
    {
      "type": "Feature",
      "geometry": {
        "type": "Point",
        "coordinates": [
          130.7556655,
          32.7965614
        ]
      },
      "properties": {
        "内容": "バス停: 灰塚",
        "name": "灰塚",
        "operator": "事業者不明",
        "ref": "",
        "url": "",
        "url2": ""
      }
    },
    {
      "type": "Feature",
      "geometry": {
        "type": "Point",
        "coordinates": [
          130.7511705,
          32.7961481
        ]
      },
      "properties": {
        "内容": "バス停: 東京塚",
        "name": "東京塚",
        "operator": "事業者不明",
        "ref": "",
        "url": "",
        "url2": ""
      }
    },
    {
      "type": "Feature",
      "geometry": {
        "type": "Point",
        "coordinates": [
          130.7481411,
          32.7973738
        ]
      },
      "properties": {
        "内容": "バス停: 京塚",
        "name": "京塚",
        "operator": "事業者不明",
        "ref": "",
        "url": "",
        "url2": ""
      }
    },
    {
      "type": "Feature",
      "geometry": {
        "type": "Point",
        "coordinates": [
          130.744166,
          32.7974241
        ]
      },
      "properties": {
        "内容": "バス停: 東水前寺",
        "name": "東水前寺",
        "operator": "事業者不明",
        "ref": "",
        "url": "",
        "url2": ""
      }
    },
    {
      "type": "Feature",
      "geometry": {
        "type": "Point",
        "coordinates": [
          130.7408007,
          32.7967568
        ]
      },
      "properties": {
        "内容": "バス停: 競輪場前",
        "name": "競輪場前",
        "operator": "事業者不明",
        "ref": "",
        "url": "",
        "url2": ""
      }
    },
    {
      "type": "Feature",
      "geometry": {
        "type": "Point",
        "coordinates": [
          130.7347552,
          32.7965159
        ]
      },
      "properties": {
        "内容": "バス停: 北水前寺",
        "name": "北水前寺",
        "operator": "事業者不明",
        "ref": "",
        "url": "",
        "url2": ""
      }
    },
    {
      "type": "Feature",
      "geometry": {
        "type": "Point",
        "coordinates": [
          130.7307012,
          32.796406
        ]
      },
      "properties": {
        "内容": "バス停: 水前寺駅前",
        "name": "水前寺駅前",
        "operator": "事業者不明",
        "ref": "",
        "url": "",
        "url2": ""
      }
    },
    {
      "type": "Feature",
      "geometry": {
        "type": "Point",
        "coordinates": [
          130.7270604,
          32.7937664
        ]
      },
      "properties": {
        "内容": "バス停: 水前寺駅通り",
        "name": "水前寺駅通り",
        "operator": "事業者不明",
        "ref": "",
        "url": "",
        "url2": ""
      }
    },
    {
      "type": "Feature",
      "geometry": {
        "type": "Point",
        "coordinates": [
          130.7240848,
          32.7954337
        ]
      },
      "properties": {
        "内容": "バス停: 味噌天神前",
        "name": "味噌天神前",
        "operator": "事業者不明",
        "ref": "",
        "url": "",
        "url2": ""
      }
    },
    {
      "type": "Feature",
      "geometry": {
        "type": "Point",
        "coordinates": [
          130.720424,
          32.7971051
        ]
      },
      "properties": {
        "内容": "バス停: 九州学院前",
        "name": "九州学院前",
        "operator": "事業者不明",
        "ref": "",
        "url": "",
        "url2": ""
      }
    },
    {
      "type": "Feature",
      "geometry": {
        "type": "Point",
        "coordinates": [
          130.7187706,
          32.7985762
        ]
      },
      "properties": {
        "内容": "バス停: 交通局前",
        "name": "交通局前",
        "operator": "事業者不明",
        "ref": "",
        "url": "",
        "url2": ""
      }
    },
    {
      "type": "Feature",
      "geometry": {
        "type": "Point",
        "coordinates": [
          130.7167647,
          32.8003873
        ]
      },
      "properties": {
        "内容": "バス停: 九品寺交差点",
        "name": "九品寺交差点",
        "operator": "事業者不明",
        "ref": "",
        "url": "",
        "url2": ""
      }
    },
    {
      "type": "Feature",
      "geometry": {
        "type": "Point",
        "coordinates": [
          130.7139392,
          32.8019247
        ]
      },
      "properties": {
        "内容": "バス停: 水道町",
        "name": "水道町",
        "operator": "事業者不明",
        "ref": "",
        "url": "",
        "url2": ""
      }
    },
    {
      "type": "Feature",
      "geometry": {
        "type": "Point",
        "coordinates": [
          130.7107894,
          32.8028137
        ]
      },
      "properties": {
        "内容": "バス停: 通町筋",
        "name": "通町筋",
        "operator": "事業者不明",
        "ref": "",
        "url": "",
        "url2": ""
      }
    },
    {
      "type": "Feature",
      "geometry": {
        "type": "Point",
        "coordinates": [
          130.7078731,
          32.8037205
        ]
      },
      "properties": {
        "内容": "バス停: 市役所前",
        "name": "市役所前",
        "operator": "事業者不明",
        "ref": "",
        "url": "",
        "url2": ""
      }
    },
    {
      "type": "Feature",
      "geometry": {
        "type": "Point",
        "coordinates": [
          130.8450021,
          32.8241322
        ]
      },
      "properties": {
        "内容": "バス停: テクノリサーチパーク",
        "name": "テクノリサーチパーク",
        "operator": "事業者不明",
        "ref": "",
        "url": "",
        "url2": ""
      }
    },
    {
      "type": "Feature",
      "geometry": {
        "type": "Point",
        "coordinates": [
          130.8428359,
          32.8247752
        ]
      },
      "properties": {
        "内容": "バス停: テクノポリスセンター",
        "name": "テクノポリスセンター",
        "operator": "事業者不明",
        "ref": "",
        "url": "",
        "url2": ""
      }
    },
    {
      "type": "Feature",
      "geometry": {
        "type": "Point",
        "coordinates": [
          130.8424909,
          32.8237
        ]
      },
      "properties": {
        "内容": "バス停: 熊大地域共同研究センター",
        "name": "熊大地域共同研究センター",
        "operator": "事業者不明",
        "ref": "",
        "url": "",
        "url2": ""
      }
    },
    {
      "type": "Feature",
      "geometry": {
        "type": "Point",
        "coordinates": [
          130.7771201,
          32.805722
        ]
      },
      "properties": {
        "内容": "バス停: 小峯",
        "name": "小峯",
        "operator": "事業者不明",
        "ref": "",
        "url": "",
        "url2": ""
      }
    },
    {
      "type": "Feature",
      "geometry": {
        "type": "Point",
        "coordinates": [
          130.702933,
          32.7998832
        ]
      },
      "properties": {
        "内容": "バス停: 桜町バスターミナル",
        "name": "桜町バスターミナル",
        "operator": "事業者不明",
        "ref": "",
        "url": "",
        "url2": ""
      }
    },
    {
      "type": "Feature",
      "geometry": {
        "type": "Point",
        "coordinates": [
          130.7714092,
          32.8020089
        ]
      },
      "properties": {
        "内容": "バス停: 小峯営業所",
        "name": "小峯営業所",
        "operator": "事業者不明",
        "ref": "",
        "url": "",
        "url2": ""
      }
    },
    {
      "type": "Feature",
      "geometry": {
        "type": "Point",
        "coordinates": [
          130.7732406,
          32.8029991
        ]
      },
      "properties": {
        "内容": "バス停: 西小峯",
        "name": "西小峯",
        "operator": "事業者不明",
        "ref": "",
        "url": "",
        "url2": ""
      }
    },
    {
      "type": "Feature",
      "geometry": {
        "type": "Point",
        "coordinates": [
          130.7758019,
          32.8046632
        ]
      },
      "properties": {
        "内容": "バス停: 中小峯",
        "name": "中小峯",
        "operator": "事業者不明",
        "ref": "",
        "url": "",
        "url2": ""
      }
    },
    {
      "type": "Feature",
      "geometry": {
        "type": "Point",
        "coordinates": [
          130.6943652,
          32.7934631
        ]
      },
      "properties": {
        "内容": "バス停: 祗園橋（県道） (熊本都市バス)",
        "name": "祗園橋（県道）",
        "operator": "熊本都市バス",
        "ref": "",
        "url": "",
        "url2": ""
      }
    },
    {
      "type": "Feature",
      "geometry": {
        "type": "Point",
        "coordinates": [
          130.6941147,
          32.7928857
        ]
      },
      "properties": {
        "内容": "バス停: 祗園橋（県道） (熊本都市バス)",
        "name": "祗園橋（県道）",
        "operator": "熊本都市バス",
        "ref": "",
        "url": "",
        "url2": ""
      }
    },
    {
      "type": "Feature",
      "geometry": {
        "type": "Point",
        "coordinates": [
          130.7029634,
          32.800031
        ]
      },
      "properties": {
        "内容": "バス停: 桜町バスターミナル (熊本都市バス)",
        "name": "桜町バスターミナル",
        "operator": "熊本都市バス",
        "ref": "",
        "url": "",
        "url2": ""
      }
    },
    {
      "type": "Feature",
      "geometry": {
        "type": "Point",
        "coordinates": [
          130.7023008,
          32.7958991
        ]
      },
      "properties": {
        "内容": "バス停: 河原町",
        "name": "河原町",
        "operator": "事業者不明",
        "ref": "",
        "url": "",
        "url2": ""
      }
    },
    {
      "type": "Feature",
      "geometry": {
        "type": "Point",
        "coordinates": [
          130.6990543,
          32.7954078
        ]
      },
      "properties": {
        "内容": "バス停: 商工会議所前",
        "name": "商工会議所前",
        "operator": "事業者不明",
        "ref": "",
        "url": "",
        "url2": ""
      }
    },
    {
      "type": "Feature",
      "geometry": {
        "type": "Point",
        "coordinates": [
          130.6951082,
          32.7928708
        ]
      },
      "properties": {
        "内容": "バス停: 祗園橋（市道） (熊本都市バス)",
        "name": "祗園橋（市道）",
        "operator": "熊本都市バス",
        "ref": "",
        "url": "",
        "url2": ""
      }
    },
    {
      "type": "Feature",
      "geometry": {
        "type": "Point",
        "coordinates": [
          130.6968797,
          32.7954462
        ]
      },
      "properties": {
        "内容": "バス停: 呉服町",
        "name": "呉服町",
        "operator": "事業者不明",
        "ref": "",
        "url": "",
        "url2": ""
      }
    },
    {
      "type": "Feature",
      "geometry": {
        "type": "Point",
        "coordinates": [
          130.7072636,
          32.8032871
        ]
      },
      "properties": {
        "内容": "バス停: 市役所前",
        "name": "市役所前",
        "operator": "事業者不明",
        "ref": "",
        "url": "",
        "url2": ""
      }
    },
    {
      "type": "Feature",
      "geometry": {
        "type": "Point",
        "coordinates": [
          130.7108761,
          32.8029264
        ]
      },
      "properties": {
        "内容": "バス停: 通町筋",
        "name": "通町筋",
        "operator": "事業者不明",
        "ref": "",
        "url": "",
        "url2": ""
      }
    },
    {
      "type": "Feature",
      "geometry": {
        "type": "Point",
        "coordinates": [
          130.7136803,
          32.8021343
        ]
      },
      "properties": {
        "内容": "バス停: 水道町",
        "name": "水道町",
        "operator": "事業者不明",
        "ref": "",
        "url": "",
        "url2": ""
      }
    },
    {
      "type": "Feature",
      "geometry": {
        "type": "Point",
        "coordinates": [
          130.7169387,
          32.8003981
        ]
      },
      "properties": {
        "内容": "バス停: 九品寺交差点",
        "name": "九品寺交差点",
        "operator": "事業者不明",
        "ref": "",
        "url": "",
        "url2": ""
      }
    },
    {
      "type": "Feature",
      "geometry": {
        "type": "Point",
        "coordinates": [
          130.7189774,
          32.798579
        ]
      },
      "properties": {
        "内容": "バス停: 交通局前",
        "name": "交通局前",
        "operator": "事業者不明",
        "ref": "",
        "url": "",
        "url2": ""
      }
    },
    {
      "type": "Feature",
      "geometry": {
        "type": "Point",
        "coordinates": [
          130.7204462,
          32.7972456
        ]
      },
      "properties": {
        "内容": "バス停: 九州学院前",
        "name": "九州学院前",
        "operator": "事業者不明",
        "ref": "",
        "url": "",
        "url2": ""
      }
    },
    {
      "type": "Feature",
      "geometry": {
        "type": "Point",
        "coordinates": [
          130.724667,
          32.7952038
        ]
      },
      "properties": {
        "内容": "バス停: 味噌天神前",
        "name": "味噌天神前",
        "operator": "事業者不明",
        "ref": "",
        "url": "",
        "url2": ""
      }
    },
    {
      "type": "Feature",
      "geometry": {
        "type": "Point",
        "coordinates": [
          130.7270928,
          32.7937973
        ]
      },
      "properties": {
        "内容": "バス停: 水前寺駅通り",
        "name": "水前寺駅通り",
        "operator": "事業者不明",
        "ref": "",
        "url": "",
        "url2": ""
      }
    },
    {
      "type": "Feature",
      "geometry": {
        "type": "Point",
        "coordinates": [
          130.7301145,
          32.796536
        ]
      },
      "properties": {
        "内容": "バス停: 水前寺駅前",
        "name": "水前寺駅前",
        "operator": "事業者不明",
        "ref": "",
        "url": "",
        "url2": ""
      }
    },
    {
      "type": "Feature",
      "geometry": {
        "type": "Point",
        "coordinates": [
          130.7346552,
          32.7964949
        ]
      },
      "properties": {
        "内容": "バス停: 北水前寺",
        "name": "北水前寺",
        "operator": "事業者不明",
        "ref": "",
        "url": "",
        "url2": ""
      }
    },
    {
      "type": "Feature",
      "geometry": {
        "type": "Point",
        "coordinates": [
          130.7402294,
          32.7966666
        ]
      },
      "properties": {
        "内容": "バス停: 競輪場前",
        "name": "競輪場前",
        "operator": "事業者不明",
        "ref": "",
        "url": "",
        "url2": ""
      }
    },
    {
      "type": "Feature",
      "geometry": {
        "type": "Point",
        "coordinates": [
          130.7445074,
          32.7974715
        ]
      },
      "properties": {
        "内容": "バス停: 東水前寺",
        "name": "東水前寺",
        "operator": "事業者不明",
        "ref": "",
        "url": "",
        "url2": ""
      }
    },
    {
      "type": "Feature",
      "geometry": {
        "type": "Point",
        "coordinates": [
          130.7489022,
          32.7971396
        ]
      },
      "properties": {
        "内容": "バス停: 京塚",
        "name": "京塚",
        "operator": "事業者不明",
        "ref": "",
        "url": "",
        "url2": ""
      }
    },
    {
      "type": "Feature",
      "geometry": {
        "type": "Point",
        "coordinates": [
          130.7510234,
          32.7962169
        ]
      },
      "properties": {
        "内容": "バス停: 東京塚",
        "name": "東京塚",
        "operator": "事業者不明",
        "ref": "",
        "url": "",
        "url2": ""
      }
    },
    {
      "type": "Feature",
      "geometry": {
        "type": "Point",
        "coordinates": [
          130.7563731,
          32.7967861
        ]
      },
      "properties": {
        "内容": "バス停: 灰塚",
        "name": "灰塚",
        "operator": "事業者不明",
        "ref": "",
        "url": "",
        "url2": ""
      }
    },
    {
      "type": "Feature",
      "geometry": {
        "type": "Point",
        "coordinates": [
          130.7586616,
          32.7975143
        ]
      },
      "properties": {
        "内容": "バス停: 東灰塚",
        "name": "東灰塚",
        "operator": "事業者不明",
        "ref": "",
        "url": "",
        "url2": ""
      }
    },
    {
      "type": "Feature",
      "geometry": {
        "type": "Point",
        "coordinates": [
          130.7622244,
          32.7986537
        ]
      },
      "properties": {
        "内容": "バス停: 新外入口",
        "name": "新外入口",
        "operator": "事業者不明",
        "ref": "",
        "url": "",
        "url2": ""
      }
    },
    {
      "type": "Feature",
      "geometry": {
        "type": "Point",
        "coordinates": [
          130.7667133,
          32.8000885
        ]
      },
      "properties": {
        "内容": "バス停: 新外中通り",
        "name": "新外中通り",
        "operator": "事業者不明",
        "ref": "",
        "url": "",
        "url2": ""
      }
    },
    {
      "type": "Feature",
      "geometry": {
        "type": "Point",
        "coordinates": [
          130.7690491,
          32.8008424
        ]
      },
      "properties": {
        "内容": "バス停: 新外",
        "name": "新外",
        "operator": "事業者不明",
        "ref": "",
        "url": "",
        "url2": ""
      }
    },
    {
      "type": "Feature",
      "geometry": {
        "type": "Point",
        "coordinates": [
          130.7786113,
          32.7985394
        ]
      },
      "properties": {
        "内容": "バス停: 東稜高校前 (熊本都市バス)",
        "name": "東稜高校前",
        "operator": "熊本都市バス",
        "ref": "",
        "url": "",
        "url2": ""
      }
    },
    {
      "type": "Feature",
      "geometry": {
        "type": "Point",
        "coordinates": [
          130.7563524,
          32.7968224
        ]
      },
      "properties": {
        "内容": "バス停: 名称不明バス停",
        "name": "名称不明バス停",
        "operator": "事業者不明",
        "ref": "",
        "url": "",
        "url2": ""
      }
    },
    {
      "type": "Feature",
      "geometry": {
        "type": "Point",
        "coordinates": [
          130.7300929,
          32.7965518
        ]
      },
      "properties": {
        "内容": "バス停: 名称不明バス停",
        "name": "名称不明バス停",
        "operator": "事業者不明",
        "ref": "",
        "url": "",
        "url2": ""
      }
    },
    {
      "type": "Feature",
      "geometry": {
        "type": "Point",
        "coordinates": [
          130.6966699,
          32.7899978
        ]
      },
      "properties": {
        "内容": "バス停: 九州中央リハビリテーション学院前 (熊本都市バス)",
        "name": "九州中央リハビリテーション学院前",
        "operator": "熊本都市バス",
        "ref": "",
        "url": "https://www.kumamoto-toshibus.co.jp/timetable/jikoku_table.php?Yyyymmdd=20221221&Tei_Cd=4640&Pole=02&St_Num=undifined&Youbi_Hei=1&Youbi_Do=1&Youbi_Nichi=1&Youbi_Toku=0&X=7960f1251d9107f8896ad94639a2bbf5&Zoom=",
        "url2": ""
      }
    },
    {
      "type": "Feature",
      "geometry": {
        "type": "Point",
        "coordinates": [
          130.6966413,
          32.7900694
        ]
      },
      "properties": {
        "内容": "バス停: 九州中央リハビリテーション学院前 (熊本都市バス)",
        "name": "九州中央リハビリテーション学院前",
        "operator": "熊本都市バス",
        "ref": "",
        "url": "",
        "url2": ""
      }
    },
    {
      "type": "Feature",
      "geometry": {
        "type": "Point",
        "coordinates": [
          130.6951054,
          32.7898818
        ]
      },
      "properties": {
        "内容": "バス停: 本山営業所 (熊本都市バス)",
        "name": "本山営業所",
        "operator": "熊本都市バス",
        "ref": "",
        "url": "",
        "url2": ""
      }
    },
    {
      "type": "Feature",
      "geometry": {
        "type": "Point",
        "coordinates": [
          130.6940641,
          32.7928885
        ]
      },
      "properties": {
        "内容": "バス停: 祗園橋（県道） (熊本都市バス)",
        "name": "祗園橋（県道）",
        "operator": "熊本都市バス",
        "ref": "",
        "url": "https://www.kumamoto-toshibus.co.jp/timetable/jikoku_table.php?Yyyymmdd=20230110&Tei_Cd=2177&Pole=04&St_Num=undifined&Youbi_Hei=1&Youbi_Do=1&Youbi_Nichi=1&Youbi_Toku=0&X=7960f1251d9107f8896ad94639a2bbf5&Zoom=",
        "url2": ""
      }
    },
    {
      "type": "Feature",
      "geometry": {
        "type": "Point",
        "coordinates": [
          130.6915677,
          32.791455
        ]
      },
      "properties": {
        "内容": "バス停: 北岡神社前 (熊本都市バス)",
        "name": "北岡神社前",
        "operator": "熊本都市バス",
        "ref": "",
        "url": "https://www.kumamoto-toshibus.co.jp/timetable/jikoku_table.php?Yyyymmdd=20221221&Tei_Cd=2178&Pole=01&St_Num=undifined&Youbi_Hei=1&Youbi_Do=1&Youbi_Nichi=1&Youbi_Toku=0&X=7960f1251d9107f8896ad94639a2bbf5&Zoom=",
        "url2": ""
      }
    },
    {
      "type": "Feature",
      "geometry": {
        "type": "Point",
        "coordinates": [
          130.7017815,
          32.7912498
        ]
      },
      "properties": {
        "内容": "バス停: 迎宝町 (熊本都市バス)",
        "name": "迎宝町",
        "operator": "熊本都市バス",
        "ref": "",
        "url": "https://www.kumamoto-toshibus.co.jp/timetable/jikoku_table.php?Yyyymmdd=20221221&Tei_Cd=7862&Pole=02&St_Num=undifined&Youbi_Hei=1&Youbi_Do=1&Youbi_Nichi=1&Youbi_Toku=0&X=7960f1251d9107f8896ad94639a2bbf5&Zoom=",
        "url2": ""
      }
    },
    {
      "type": "Feature",
      "geometry": {
        "type": "Point",
        "coordinates": [
          130.7017517,
          32.7913288
        ]
      },
      "properties": {
        "内容": "バス停: 迎宝町 (熊本都市バス)",
        "name": "迎宝町",
        "operator": "熊本都市バス",
        "ref": "",
        "url": "",
        "url2": ""
      }
    },
    {
      "type": "Feature",
      "geometry": {
        "type": "Point",
        "coordinates": [
          130.704355,
          32.7921212
        ]
      },
      "properties": {
        "内容": "バス停: 本荘保育園前 (熊本都市バス)",
        "name": "本荘保育園前",
        "operator": "熊本都市バス",
        "ref": "",
        "url": "https://www.kumamoto-toshibus.co.jp/timetable/jikoku_table.php?Yyyymmdd=20221221&Tei_Cd=7207&Pole=01&St_Num=undifined&Youbi_Hei=1&Youbi_Do=1&Youbi_Nichi=1&Youbi_Toku=0&X=7960f1251d9107f8896ad94639a2bbf5&Zoom=",
        "url2": ""
      }
    },
    {
      "type": "Feature",
      "geometry": {
        "type": "Point",
        "coordinates": [
          130.7043168,
          32.7922119
        ]
      },
      "properties": {
        "内容": "バス停: 本荘保育園前 (熊本都市バス)",
        "name": "本荘保育園前",
        "operator": "熊本都市バス",
        "ref": "",
        "url": "",
        "url2": ""
      }
    },
    {
      "type": "Feature",
      "geometry": {
        "type": "Point",
        "coordinates": [
          130.7084333,
          32.7934499
        ]
      },
      "properties": {
        "内容": "バス停: 本荘町 (熊本都市バス)",
        "name": "本荘町",
        "operator": "熊本都市バス",
        "ref": "",
        "url": "https://www.kumamoto-toshibus.co.jp/timetable/jikoku_table.php?Yyyymmdd=20221221&Tei_Cd=7204&Pole=01&St_Num=undifined&Youbi_Hei=1&Youbi_Do=1&Youbi_Nichi=1&Youbi_Toku=0&X=669a7f4863f242b18afeefb12bbb5108&Zoom=",
        "url2": ""
      }
    },
    {
      "type": "Feature",
      "geometry": {
        "type": "Point",
        "coordinates": [
          130.708403,
          32.793524
        ]
      },
      "properties": {
        "内容": "バス停: 本荘町 (熊本都市バス)",
        "name": "本荘町",
        "operator": "熊本都市バス",
        "ref": "",
        "url": "",
        "url2": ""
      }
    },
    {
      "type": "Feature",
      "geometry": {
        "type": "Point",
        "coordinates": [
          130.7121605,
          32.7950173
        ]
      },
      "properties": {
        "内容": "バス停: 大学病院前",
        "name": "大学病院前",
        "operator": "事業者不明",
        "ref": "",
        "url": "https://www.kumamoto-toshibus.co.jp/timetable/jikoku_table.php?Yyyymmdd=20221221&Tei_Cd=4637&Pole=02&St_Num=undifined&Youbi_Hei=1&Youbi_Do=1&Youbi_Nichi=1&Youbi_Toku=0&X=669a7f4863f242b18afeefb12bbb5108&Zoom=",
        "url2": ""
      }
    },
    {
      "type": "Feature",
      "geometry": {
        "type": "Point",
        "coordinates": [
          130.7142879,
          32.7963981
        ]
      },
      "properties": {
        "内容": "バス停: 労働会館入口 (熊本都市バス)",
        "name": "労働会館入口",
        "operator": "熊本都市バス",
        "ref": "",
        "url": "",
        "url2": ""
      }
    },
    {
      "type": "Feature",
      "geometry": {
        "type": "Point",
        "coordinates": [
          130.7143544,
          32.7963286
        ]
      },
      "properties": {
        "内容": "バス停: 労働会館入口 (熊本都市バス)",
        "name": "労働会館入口",
        "operator": "熊本都市バス",
        "ref": "",
        "url": "https://www.kumamoto-toshibus.co.jp/timetable/jikoku_table.php?Yyyymmdd=20221221&Tei_Cd=3853&Pole=02&St_Num=undifined&Youbi_Hei=1&Youbi_Do=1&Youbi_Nichi=1&Youbi_Toku=0&X=669a7f4863f242b18afeefb12bbb5108&Zoom=",
        "url2": ""
      }
    },
    {
      "type": "Feature",
      "geometry": {
        "type": "Point",
        "coordinates": [
          130.6898055,
          32.7924613
        ]
      },
      "properties": {
        "内容": "バス停: 春日寺前 (産交バス)",
        "name": "春日寺前",
        "operator": "産交バス",
        "ref": "",
        "url": "",
        "url2": ""
      }
    },
    {
      "type": "Feature",
      "geometry": {
        "type": "Point",
        "coordinates": [
          130.6899636,
          32.7924955
        ]
      },
      "properties": {
        "内容": "バス停: 春日寺前",
        "name": "春日寺前",
        "operator": "事業者不明",
        "ref": "",
        "url": "",
        "url2": ""
      }
    },
    {
      "type": "Feature",
      "geometry": {
        "type": "Point",
        "coordinates": [
          130.692316,
          32.7925811
        ]
      },
      "properties": {
        "内容": "バス停: 春日一丁目 (産交バス)",
        "name": "春日一丁目",
        "operator": "産交バス",
        "ref": "",
        "url": "",
        "url2": ""
      }
    },
    {
      "type": "Feature",
      "geometry": {
        "type": "Point",
        "coordinates": [
          130.69231,
          32.7926467
        ]
      },
      "properties": {
        "内容": "バス停: 春日一丁目",
        "name": "春日一丁目",
        "operator": "事業者不明",
        "ref": "",
        "url": "",
        "url2": ""
      }
    },
    {
      "type": "Feature",
      "geometry": {
        "type": "Point",
        "coordinates": [
          130.7121293,
          32.7950787
        ]
      },
      "properties": {
        "内容": "バス停: 大学病院前 (熊本都市バス)",
        "name": "大学病院前",
        "operator": "熊本都市バス",
        "ref": "",
        "url": "",
        "url2": ""
      }
    },
    {
      "type": "Feature",
      "geometry": {
        "type": "Point",
        "coordinates": [
          130.6965841,
          32.7931985
        ]
      },
      "properties": {
        "内容": "バス停: ANAクラウンプラザホテル熊本ニュースカイ",
        "name": "ANAクラウンプラザホテル熊本ニュースカイ",
        "operator": "事業者不明",
        "ref": "",
        "url": "",
        "url2": ""
      }
    },
    {
      "type": "Feature",
      "geometry": {
        "type": "Point",
        "coordinates": [
          130.686619,
          32.7911799
        ]
      },
      "properties": {
        "内容": "バス停: 電気検定所前",
        "name": "電気検定所前",
        "operator": "事業者不明",
        "ref": "",
        "url": "",
        "url2": ""
      }
    },
    {
      "type": "Feature",
      "geometry": {
        "type": "Point",
        "coordinates": [
          130.7025679,
          32.7976522
        ]
      },
      "properties": {
        "内容": "バス停: けいとくこまえ (Kumamoto city tram)",
        "name": "けいとくこまえ",
        "operator": "Kumamoto city tram",
        "ref": "",
        "url": "",
        "url2": "Q11495127"
      }
    },
    {
      "type": "Feature",
      "geometry": {
        "type": "Point",
        "coordinates": [
          130.7373562,
          32.8032104
        ]
      },
      "properties": {
        "内容": "バス停: 南平",
        "name": "南平",
        "operator": "事業者不明",
        "ref": "",
        "url": "",
        "url2": ""
      }
    },
    {
      "type": "Feature",
      "geometry": {
        "type": "Point",
        "coordinates": [
          130.7375874,
          32.8035121
        ]
      },
      "properties": {
        "内容": "バス停: 南平",
        "name": "南平",
        "operator": "事業者不明",
        "ref": "",
        "url": "",
        "url2": ""
      }
    },
    {
      "type": "Feature",
      "geometry": {
        "type": "Point",
        "coordinates": [
          130.7904487,
          32.7945581
        ]
      },
      "properties": {
        "内容": "バス停: グランメッセ前",
        "name": "グランメッセ前",
        "operator": "事業者不明",
        "ref": "",
        "url": "",
        "url2": ""
      }
    },
    {
      "type": "Feature",
      "geometry": {
        "type": "Point",
        "coordinates": [
          130.7816757,
          32.7912919
        ]
      },
      "properties": {
        "内容": "バス停: 益城インター口",
        "name": "益城インター口",
        "operator": "事業者不明",
        "ref": "",
        "url": "",
        "url2": ""
      }
    },
    {
      "type": "Feature",
      "geometry": {
        "type": "Point",
        "coordinates": [
          130.7659401,
          32.7881559
        ]
      },
      "properties": {
        "内容": "バス停: 東町中央",
        "name": "東町中央",
        "operator": "事業者不明",
        "ref": "",
        "url": "",
        "url2": ""
      }
    },
    {
      "type": "Feature",
      "geometry": {
        "type": "Point",
        "coordinates": [
          130.7587175,
          32.7883115
        ]
      },
      "properties": {
        "内容": "バス停: 自衛隊前",
        "name": "自衛隊前",
        "operator": "事業者不明",
        "ref": "",
        "url": "",
        "url2": ""
      }
    },
    {
      "type": "Feature",
      "geometry": {
        "type": "Point",
        "coordinates": [
          130.7341897,
          32.7885788
        ]
      },
      "properties": {
        "内容": "バス停: 水前寺公園前県立図書館入口",
        "name": "水前寺公園前県立図書館入口",
        "operator": "事業者不明",
        "ref": "",
        "url": "",
        "url2": ""
      }
    },
    {
      "type": "Feature",
      "geometry": {
        "type": "Point",
        "coordinates": [
          130.6894103,
          32.7865429
        ]
      },
      "properties": {
        "内容": "バス停: 二本木口",
        "name": "二本木口",
        "operator": "事業者不明",
        "ref": "",
        "url": "",
        "url2": ""
      }
    },
    {
      "type": "Feature",
      "geometry": {
        "type": "Point",
        "coordinates": [
          130.6824982,
          32.7846235
        ]
      },
      "properties": {
        "内容": "バス停: 田崎",
        "name": "田崎",
        "operator": "事業者不明",
        "ref": "",
        "url": "",
        "url2": ""
      }
    },
    {
      "type": "Feature",
      "geometry": {
        "type": "Point",
        "coordinates": [
          130.6779866,
          32.7844105
        ]
      },
      "properties": {
        "内容": "バス停: 田崎市場前",
        "name": "田崎市場前",
        "operator": "事業者不明",
        "ref": "",
        "url": "",
        "url2": ""
      }
    },
    {
      "type": "Feature",
      "geometry": {
        "type": "Point",
        "coordinates": [
          130.6898616,
          32.7891737
        ]
      },
      "properties": {
        "内容": "バス停: 熊本駅前",
        "name": "熊本駅前",
        "operator": "事業者不明",
        "ref": "8",
        "url": "",
        "url2": ""
      }
    },
    {
      "type": "Feature",
      "geometry": {
        "type": "Point",
        "coordinates": [
          130.6631066,
          32.7864836
        ]
      },
      "properties": {
        "内容": "バス停: 三和中学校前",
        "name": "三和中学校前",
        "operator": "事業者不明",
        "ref": "",
        "url": "",
        "url2": ""
      }
    },
    {
      "type": "Feature",
      "geometry": {
        "type": "Point",
        "coordinates": [
          130.6632086,
          32.7862602
        ]
      },
      "properties": {
        "内容": "バス停: 二の口",
        "name": "二の口",
        "operator": "事業者不明",
        "ref": "",
        "url": "",
        "url2": ""
      }
    },
    {
      "type": "Feature",
      "geometry": {
        "type": "Point",
        "coordinates": [
          130.6824918,
          32.7847476
        ]
      },
      "properties": {
        "内容": "バス停: 田崎",
        "name": "田崎",
        "operator": "事業者不明",
        "ref": "",
        "url": "",
        "url2": ""
      }
    },
    {
      "type": "Feature",
      "geometry": {
        "type": "Point",
        "coordinates": [
          130.6777487,
          32.7845054
        ]
      },
      "properties": {
        "内容": "バス停: 田崎市場前",
        "name": "田崎市場前",
        "operator": "事業者不明",
        "ref": "",
        "url": "",
        "url2": ""
      }
    },
    {
      "type": "Feature",
      "geometry": {
        "type": "Point",
        "coordinates": [
          130.6744137,
          32.7841365
        ]
      },
      "properties": {
        "内容": "バス停: 上高野辺田",
        "name": "上高野辺田",
        "operator": "事業者不明",
        "ref": "",
        "url": "",
        "url2": ""
      }
    },
    {
      "type": "Feature",
      "geometry": {
        "type": "Point",
        "coordinates": [
          130.6711778,
          32.7828989
        ]
      },
      "properties": {
        "内容": "バス停: 下高野辺田",
        "name": "下高野辺田",
        "operator": "事業者不明",
        "ref": "",
        "url": "",
        "url2": ""
      }
    },
    {
      "type": "Feature",
      "geometry": {
        "type": "Point",
        "coordinates": [
          130.6660963,
          32.7842003
        ]
      },
      "properties": {
        "内容": "バス停: 上代",
        "name": "上代",
        "operator": "事業者不明",
        "ref": "",
        "url": "",
        "url2": ""
      }
    },
    {
      "type": "Feature",
      "geometry": {
        "type": "Point",
        "coordinates": [
          130.6883145,
          32.7850955
        ]
      },
      "properties": {
        "内容": "バス停: 田崎橋",
        "name": "田崎橋",
        "operator": "事業者不明",
        "ref": "",
        "url": "",
        "url2": ""
      }
    },
    {
      "type": "Feature",
      "geometry": {
        "type": "Point",
        "coordinates": [
          130.6661388,
          32.7843045
        ]
      },
      "properties": {
        "内容": "バス停: 上代",
        "name": "上代",
        "operator": "事業者不明",
        "ref": "",
        "url": "",
        "url2": ""
      }
    },
    {
      "type": "Feature",
      "geometry": {
        "type": "Point",
        "coordinates": [
          130.6678567,
          32.7910498
        ]
      },
      "properties": {
        "内容": "バス停: 池の上",
        "name": "池の上",
        "operator": "事業者不明",
        "ref": "",
        "url": "",
        "url2": ""
      }
    },
    {
      "type": "Feature",
      "geometry": {
        "type": "Point",
        "coordinates": [
          130.6681263,
          32.7912065
        ]
      },
      "properties": {
        "内容": "バス停: 池の上",
        "name": "池の上",
        "operator": "事業者不明",
        "ref": "",
        "url": "",
        "url2": ""
      }
    },
    {
      "type": "Feature",
      "geometry": {
        "type": "Point",
        "coordinates": [
          130.7194045,
          32.8019336
        ]
      },
      "properties": {
        "内容": "バス停: 新屋敷一丁目 (熊本都市バス)",
        "name": "新屋敷一丁目",
        "operator": "熊本都市バス",
        "ref": "",
        "url": "https://www.kumamoto-toshibus.co.jp/timetable/jikoku_table.php?Yyyymmdd=20221201&Tei_Cd=4175&Pole=01&St_Num=undifined&Youbi_Hei=1&Youbi_Do=1&Youbi_Nichi=1&Youbi_Toku=0&X=b3920c7cc01d60d2dea22ad36a9407fd&Zoom=",
        "url2": ""
      }
    },
    {
      "type": "Feature",
      "geometry": {
        "type": "Point",
        "coordinates": [
          130.7184843,
          32.8007057
        ]
      },
      "properties": {
        "内容": "バス停: 熊本整形外科病院前 (熊本都市バス)",
        "name": "熊本整形外科病院前",
        "operator": "熊本都市バス",
        "ref": "",
        "url": "https://www.kumamoto-toshibus.co.jp/timetable/jikoku_table.php?Yyyymmdd=20221201&Tei_Cd=840&Pole=01&St_Num=undifined&Youbi_Hei=1&Youbi_Do=1&Youbi_Nichi=1&Youbi_Toku=0&X=b3920c7cc01d60d2dea22ad36a9407fd&Zoom=",
        "url2": ""
      }
    },
    {
      "type": "Feature",
      "geometry": {
        "type": "Point",
        "coordinates": [
          130.7181993,
          32.8003428
        ]
      },
      "properties": {
        "内容": "バス停: 大江四丁目",
        "name": "大江四丁目",
        "operator": "事業者不明",
        "ref": "",
        "url": "",
        "url2": ""
      }
    },
    {
      "type": "Feature",
      "geometry": {
        "type": "Point",
        "coordinates": [
          130.7244226,
          32.8055159
        ]
      },
      "properties": {
        "内容": "バス停: 大江渡鹿 (熊本都市バス)",
        "name": "大江渡鹿",
        "operator": "熊本都市バス",
        "ref": "",
        "url": "https://www.kumamoto-toshibus.co.jp/timetable/jikoku_table.php?Yyyymmdd=20220601&Tei_Cd=1380&Pole=01&St_Num=undifined&Youbi_Hei=1&Youbi_Do=1&Youbi_Nichi=1&Youbi_Toku=0&X=b3920c7cc01d60d2dea22ad36a9407fd&Zoom=",
        "url2": ""
      }
    },
    {
      "type": "Feature",
      "geometry": {
        "type": "Point",
        "coordinates": [
          130.724458,
          32.8056667
        ]
      },
      "properties": {
        "内容": "バス停: 大江渡鹿 (熊本都市バス)",
        "name": "大江渡鹿",
        "operator": "熊本都市バス",
        "ref": "",
        "url": "https://www.kumamoto-toshibus.co.jp/timetable/jikoku_table.php?Yyyymmdd=20220601&Tei_Cd=1380&Pole=02&St_Num=undifined&Youbi_Hei=1&Youbi_Do=1&Youbi_Nichi=1&Youbi_Toku=0&X=b3920c7cc01d60d2dea22ad36a9407fd&Zoom=",
        "url2": ""
      }
    },
    {
      "type": "Feature",
      "geometry": {
        "type": "Point",
        "coordinates": [
          130.7204991,
          32.7969752
        ]
      },
      "properties": {
        "内容": "バス停: 九州学院前",
        "name": "九州学院前",
        "operator": "事業者不明",
        "ref": "",
        "url": "",
        "url2": ""
      }
    },
    {
      "type": "Feature",
      "geometry": {
        "type": "Point",
        "coordinates": [
          130.7901481,
          32.7805683
        ]
      },
      "properties": {
        "内容": "バス停: 広崎",
        "name": "広崎",
        "operator": "事業者不明",
        "ref": "",
        "url": "",
        "url2": ""
      }
    },
    {
      "type": "Feature",
      "geometry": {
        "type": "Point",
        "coordinates": [
          130.7150045,
          32.8091262
        ]
      },
      "properties": {
        "内容": "バス停: 藤崎宮前",
        "name": "藤崎宮前",
        "operator": "事業者不明",
        "ref": "",
        "url": "",
        "url2": ""
      }
    },
    {
      "type": "Feature",
      "geometry": {
        "type": "Point",
        "coordinates": [
          130.7780372,
          32.7899489
        ]
      },
      "properties": {
        "内容": "バス停: 北花立 県畜産会館前",
        "name": "北花立 県畜産会館前",
        "operator": "事業者不明",
        "ref": "",
        "url": "",
        "url2": ""
      }
    },
    {
      "type": "Feature",
      "geometry": {
        "type": "Point",
        "coordinates": [
          130.7450033,
          32.7879459
        ]
      },
      "properties": {
        "内容": "バス停: 北窪",
        "name": "北窪",
        "operator": "事業者不明",
        "ref": "",
        "url": "",
        "url2": ""
      }
    },
    {
      "type": "Feature",
      "geometry": {
        "type": "Point",
        "coordinates": [
          130.7406859,
          32.7876617
        ]
      },
      "properties": {
        "内容": "バス停: 熊本県庁前",
        "name": "熊本県庁前",
        "operator": "事業者不明",
        "ref": "",
        "url": "",
        "url2": ""
      }
    },
    {
      "type": "Feature",
      "geometry": {
        "type": "Point",
        "coordinates": [
          130.7669861,
          32.7779815
        ]
      },
      "properties": {
        "内容": "バス停: 秋津新町",
        "name": "秋津新町",
        "operator": "事業者不明",
        "ref": "",
        "url": "",
        "url2": ""
      }
    },
    {
      "type": "Feature",
      "geometry": {
        "type": "Point",
        "coordinates": [
          130.7186587,
          32.7986133
        ]
      },
      "properties": {
        "内容": "バス停: 交通局前",
        "name": "交通局前",
        "operator": "事業者不明",
        "ref": "",
        "url": "",
        "url2": ""
      }
    },
    {
      "type": "Feature",
      "geometry": {
        "type": "Point",
        "coordinates": [
          130.7857386,
          32.7794334
        ]
      },
      "properties": {
        "内容": "バス停: 小楠公園",
        "name": "小楠公園",
        "operator": "事業者不明",
        "ref": "",
        "url": "",
        "url2": ""
      }
    },
    {
      "type": "Feature",
      "geometry": {
        "type": "Point",
        "coordinates": [
          130.714453,
          32.8057801
        ]
      },
      "properties": {
        "内容": "バス停: 白川公園前",
        "name": "白川公園前",
        "operator": "事業者不明",
        "ref": "",
        "url": "",
        "url2": ""
      }
    },
    {
      "type": "Feature",
      "geometry": {
        "type": "Point",
        "coordinates": [
          130.7726047,
          32.7891294
        ]
      },
      "properties": {
        "内容": "バス停: 佐土原",
        "name": "佐土原",
        "operator": "事業者不明",
        "ref": "",
        "url": "",
        "url2": ""
      }
    },
    {
      "type": "Feature",
      "geometry": {
        "type": "Point",
        "coordinates": [
          130.75402,
          32.7882057
        ]
      },
      "properties": {
        "内容": "バス停: 東部まちづくりセンター前",
        "name": "東部まちづくりセンター前",
        "operator": "事業者不明",
        "ref": "",
        "url": "",
        "url2": ""
      }
    },
    {
      "type": "Feature",
      "geometry": {
        "type": "Point",
        "coordinates": [
          130.7369487,
          32.7873966
        ]
      },
      "properties": {
        "内容": "バス停: 砂取校前",
        "name": "砂取校前",
        "operator": "事業者不明",
        "ref": "",
        "url": "",
        "url2": ""
      }
    },
    {
      "type": "Feature",
      "geometry": {
        "type": "Point",
        "coordinates": [
          130.7704375,
          32.7778343
        ]
      },
      "properties": {
        "内容": "バス停: 昭和町",
        "name": "昭和町",
        "operator": "事業者不明",
        "ref": "",
        "url": "",
        "url2": ""
      }
    },
    {
      "type": "Feature",
      "geometry": {
        "type": "Point",
        "coordinates": [
          130.7167338,
          32.8002753
        ]
      },
      "properties": {
        "内容": "バス停: 九品寺交差点 (熊本都市バス)",
        "name": "九品寺交差点",
        "operator": "熊本都市バス",
        "ref": "",
        "url": "https://www.kumamoto-toshibus.co.jp/timetable/jikoku_table.php?Yyyymmdd=20221215&Tei_Cd=2408&Pole=10&St_Num=undifined&Youbi_Hei=1&Youbi_Do=1&Youbi_Nichi=1&Youbi_Toku=0&X=981811385ef06912ff33feae38db7ef7&Zoom=",
        "url2": ""
      }
    },
    {
      "type": "Feature",
      "geometry": {
        "type": "Point",
        "coordinates": [
          130.7139022,
          32.8018758
        ]
      },
      "properties": {
        "内容": "バス停: 水道町 (熊本都市バス)",
        "name": "水道町",
        "operator": "熊本都市バス",
        "ref": "",
        "url": "https://www.kumamoto-toshibus.co.jp/timetable/jikoku_table.php?Yyyymmdd=20221221&Tei_Cd=4089&Pole=10&St_Num=undifined&Youbi_Hei=1&Youbi_Do=1&Youbi_Nichi=1&Youbi_Toku=0&X=5ec64c3fd8d614a1eebf7c33809c9f01&Zoom=",
        "url2": ""
      }
    },
    {
      "type": "Feature",
      "geometry": {
        "type": "Point",
        "coordinates": [
          130.7562509,
          32.788144
        ]
      },
      "properties": {
        "内容": "バス停: 錦ケ丘住宅前",
        "name": "錦ケ丘住宅前",
        "operator": "事業者不明",
        "ref": "",
        "url": "",
        "url2": ""
      }
    },
    {
      "type": "Feature",
      "geometry": {
        "type": "Point",
        "coordinates": [
          130.7569657,
          32.7883506
        ]
      },
      "properties": {
        "内容": "バス停: 錦ケ丘住宅前",
        "name": "錦ケ丘住宅前",
        "operator": "事業者不明",
        "ref": "",
        "url": "",
        "url2": ""
      }
    },
    {
      "type": "Feature",
      "geometry": {
        "type": "Point",
        "coordinates": [
          130.7297699,
          32.7914726
        ]
      },
      "properties": {
        "内容": "バス停: 国府",
        "name": "国府",
        "operator": "事業者不明",
        "ref": "",
        "url": "",
        "url2": ""
      }
    },
    {
      "type": "Feature",
      "geometry": {
        "type": "Point",
        "coordinates": [
          130.7747182,
          32.7777675
        ]
      },
      "properties": {
        "内容": "バス停: 桜木小学校入口",
        "name": "桜木小学校入口",
        "operator": "事業者不明",
        "ref": "",
        "url": "",
        "url2": ""
      }
    },
    {
      "type": "Feature",
      "geometry": {
        "type": "Point",
        "coordinates": [
          130.7141219,
          32.8055092
        ]
      },
      "properties": {
        "内容": "バス停: 白川公園前",
        "name": "白川公園前",
        "operator": "事業者不明",
        "ref": "",
        "url": "",
        "url2": ""
      }
    },
    {
      "type": "Feature",
      "geometry": {
        "type": "Point",
        "coordinates": [
          130.7812484,
          32.7835862
        ]
      },
      "properties": {
        "内容": "バス停: 桜木三丁目",
        "name": "桜木三丁目",
        "operator": "事業者不明",
        "ref": "",
        "url": "",
        "url2": ""
      }
    },
    {
      "type": "Feature",
      "geometry": {
        "type": "Point",
        "coordinates": [
          130.7278457,
          32.7930972
        ]
      },
      "properties": {
        "内容": "バス停: 水前寺駅通り",
        "name": "水前寺駅通り",
        "operator": "事業者不明",
        "ref": "",
        "url": "",
        "url2": ""
      }
    },
    {
      "type": "Feature",
      "geometry": {
        "type": "Point",
        "coordinates": [
          130.7131313,
          32.8029038
        ]
      },
      "properties": {
        "内容": "バス停: 水道町",
        "name": "水道町",
        "operator": "事業者不明",
        "ref": "",
        "url": "https://www.kumamoto-toshibus.co.jp/timetable/jikoku_table.php?Yyyymmdd=20221221&Tei_Cd=4089&Pole=05&St_Num=undifined&Youbi_Hei=1&Youbi_Do=1&Youbi_Nichi=1&Youbi_Toku=0&X=5ec64c3fd8d614a1eebf7c33809c9f01&Zoom=",
        "url2": "Q11549300"
      }
    },
    {
      "type": "Feature",
      "geometry": {
        "type": "Point",
        "coordinates": [
          130.7526633,
          32.7880028
        ]
      },
      "properties": {
        "内容": "バス停: 東部まちづくりセンター前",
        "name": "東部まちづくりセンター前",
        "operator": "事業者不明",
        "ref": "",
        "url": "",
        "url2": ""
      }
    },
    {
      "type": "Feature",
      "geometry": {
        "type": "Point",
        "coordinates": [
          130.7589385,
          32.7884094
        ]
      },
      "properties": {
        "内容": "バス停: 自衛隊前",
        "name": "自衛隊前",
        "operator": "事業者不明",
        "ref": "",
        "url": "",
        "url2": ""
      }
    },
    {
      "type": "Feature",
      "geometry": {
        "type": "Point",
        "coordinates": [
          130.7275902,
          32.7929619
        ]
      },
      "properties": {
        "内容": "バス停: 水前寺駅通り",
        "name": "水前寺駅通り",
        "operator": "事業者不明",
        "ref": "",
        "url": "",
        "url2": ""
      }
    },
    {
      "type": "Feature",
      "geometry": {
        "type": "Point",
        "coordinates": [
          130.777507,
          32.7778051
        ]
      },
      "properties": {
        "内容": "バス停: 秋津薬局前",
        "name": "秋津薬局前",
        "operator": "事業者不明",
        "ref": "",
        "url": "",
        "url2": ""
      }
    },
    {
      "type": "Feature",
      "geometry": {
        "type": "Point",
        "coordinates": [
          130.7148057,
          32.8094558
        ]
      },
      "properties": {
        "内容": "バス停: 藤崎宮前",
        "name": "藤崎宮前",
        "operator": "事業者不明",
        "ref": "",
        "url": "",
        "url2": ""
      }
    },
    {
      "type": "Feature",
      "geometry": {
        "type": "Point",
        "coordinates": [
          130.7810252,
          32.785389
        ]
      },
      "properties": {
        "内容": "バス停: 府内古閑",
        "name": "府内古閑",
        "operator": "事業者不明",
        "ref": "",
        "url": "",
        "url2": ""
      }
    },
    {
      "type": "Feature",
      "geometry": {
        "type": "Point",
        "coordinates": [
          130.7333734,
          32.7894701
        ]
      },
      "properties": {
        "内容": "バス停: 水前寺公園前県立図書館入口",
        "name": "水前寺公園前県立図書館入口",
        "operator": "事業者不明",
        "ref": "",
        "url": "",
        "url2": ""
      }
    },
    {
      "type": "Feature",
      "geometry": {
        "type": "Point",
        "coordinates": [
          130.7133812,
          32.8028243
        ]
      },
      "properties": {
        "内容": "バス停: 水道町",
        "name": "水道町",
        "operator": "事業者不明",
        "ref": "",
        "url": "https://www.kumamoto-toshibus.co.jp/timetable/jikoku_table.php?Yyyymmdd=20221221&Tei_Cd=4089&Pole=04&St_Num=undifined&Youbi_Hei=1&Youbi_Do=1&Youbi_Nichi=1&Youbi_Toku=0&X=5ec64c3fd8d614a1eebf7c33809c9f01&Zoom=",
        "url2": ""
      }
    },
    {
      "type": "Feature",
      "geometry": {
        "type": "Point",
        "coordinates": [
          130.7489228,
          32.7878515
        ]
      },
      "properties": {
        "内容": "バス停: 熊工入口",
        "name": "熊工入口",
        "operator": "事業者不明",
        "ref": "",
        "url": "",
        "url2": ""
      }
    },
    {
      "type": "Feature",
      "geometry": {
        "type": "Point",
        "coordinates": [
          130.7603899,
          32.7864641
        ]
      },
      "properties": {
        "内容": "バス停: 東町",
        "name": "東町",
        "operator": "事業者不明",
        "ref": "",
        "url": "",
        "url2": ""
      }
    },
    {
      "type": "Feature",
      "geometry": {
        "type": "Point",
        "coordinates": [
          130.7240648,
          32.7953698
        ]
      },
      "properties": {
        "内容": "バス停: 味噌天神前",
        "name": "味噌天神前",
        "operator": "事業者不明",
        "ref": "",
        "url": "https://www.kumamoto-toshibus.co.jp/timetable/jikoku_table.php?Yyyymmdd=20221001&Tei_Cd=7737&Pole=01&St_Num=undifined&Youbi_Hei=1&Youbi_Do=1&Youbi_Nichi=1&Youbi_Toku=0&X=510f6ceba46aeb01a0bb43e52ff34fa2&Zoom=",
        "url2": ""
      }
    },
    {
      "type": "Feature",
      "geometry": {
        "type": "Point",
        "coordinates": [
          130.7817078,
          32.7786075
        ]
      },
      "properties": {
        "内容": "バス停: 沼山津神社前",
        "name": "沼山津神社前",
        "operator": "事業者不明",
        "ref": "",
        "url": "",
        "url2": ""
      }
    },
    {
      "type": "Feature",
      "geometry": {
        "type": "Point",
        "coordinates": [
          130.7159262,
          32.8115588
        ]
      },
      "properties": {
        "内容": "バス停: 浄行寺 (熊本都市バス)",
        "name": "浄行寺",
        "operator": "熊本都市バス",
        "ref": "",
        "url": "https://www.kumamoto-toshibus.co.jp/timetable/jikoku_table.php?Yyyymmdd=20220725&Tei_Cd=3847&Pole=01&St_Num=undifined&Youbi_Hei=1&Youbi_Do=1&Youbi_Nichi=1&Youbi_Toku=0&X=510f6ceba46aeb01a0bb43e52ff34fa2&Zoom=",
        "url2": ""
      }
    },
    {
      "type": "Feature",
      "geometry": {
        "type": "Point",
        "coordinates": [
          130.7811031,
          32.7886403
        ]
      },
      "properties": {
        "内容": "バス停: 桜木東小学校前",
        "name": "桜木東小学校前",
        "operator": "事業者不明",
        "ref": "",
        "url": "",
        "url2": ""
      }
    },
    {
      "type": "Feature",
      "geometry": {
        "type": "Point",
        "coordinates": [
          130.7414211,
          32.7878669
        ]
      },
      "properties": {
        "内容": "バス停: 熊本県庁前",
        "name": "熊本県庁前",
        "operator": "事業者不明",
        "ref": "",
        "url": "",
        "url2": ""
      }
    },
    {
      "type": "Feature",
      "geometry": {
        "type": "Point",
        "coordinates": [
          130.7452163,
          32.7877929
        ]
      },
      "properties": {
        "内容": "バス停: 北窪",
        "name": "北窪",
        "operator": "事業者不明",
        "ref": "",
        "url": "",
        "url2": ""
      }
    },
    {
      "type": "Feature",
      "geometry": {
        "type": "Point",
        "coordinates": [
          130.7079287,
          32.8036943
        ]
      },
      "properties": {
        "内容": "バス停: 市役所前",
        "name": "市役所前",
        "operator": "事業者不明",
        "ref": "",
        "url": "https://www.kumamoto-toshibus.co.jp/timetable/jikoku_table.php?Yyyymmdd=20221221&Tei_Cd=3846&Pole=10&St_Num=undifined&Youbi_Hei=1&Youbi_Do=1&Youbi_Nichi=1&Youbi_Toku=0&X=669a7f4863f242b18afeefb12bbb5108&Zoom=",
        "url2": ""
      }
    },
    {
      "type": "Feature",
      "geometry": {
        "type": "Point",
        "coordinates": [
          130.7108615,
          32.802748
        ]
      },
      "properties": {
        "内容": "バス停: 通町筋 (熊本都市バス)",
        "name": "通町筋",
        "operator": "熊本都市バス",
        "ref": "",
        "url": "https://www.kumamoto-toshibus.co.jp/timetable/jikoku_table.php?Yyyymmdd=20221221&Tei_Cd=5238&Pole=10&St_Num=undifined&Youbi_Hei=1&Youbi_Do=1&Youbi_Nichi=1&Youbi_Toku=0&X=669a7f4863f242b18afeefb12bbb5108&Zoom=",
        "url2": ""
      }
    },
    {
      "type": "Feature",
      "geometry": {
        "type": "Point",
        "coordinates": [
          130.6969125,
          32.7954085
        ]
      },
      "properties": {
        "内容": "バス停: 呉服町",
        "name": "呉服町",
        "operator": "事業者不明",
        "ref": "",
        "url": "",
        "url2": ""
      }
    },
    {
      "type": "Feature",
      "geometry": {
        "type": "Point",
        "coordinates": [
          130.694848,
          32.7929877
        ]
      },
      "properties": {
        "内容": "バス停: 祗園橋（市道） (熊本都市バス)",
        "name": "祗園橋（市道）",
        "operator": "熊本都市バス",
        "ref": "",
        "url": "https://www.kumamoto-toshibus.co.jp/timetable/jikoku_table.php?Yyyymmdd=20230110&Tei_Cd=2177&Pole=01&St_Num=undifined&Youbi_Hei=1&Youbi_Do=1&Youbi_Nichi=1&Youbi_Toku=0&X=7960f1251d9107f8896ad94639a2bbf5&Zoom=",
        "url2": ""
      }
    },
    {
      "type": "Feature",
      "geometry": {
        "type": "Point",
        "coordinates": [
          130.699063,
          32.7953582
        ]
      },
      "properties": {
        "内容": "バス停: 商工会議所前",
        "name": "商工会議所前",
        "operator": "事業者不明",
        "ref": "",
        "url": "",
        "url2": ""
      }
    },
    {
      "type": "Feature",
      "geometry": {
        "type": "Point",
        "coordinates": [
          130.6990432,
          32.7955379
        ]
      },
      "properties": {
        "内容": "バス停: 商工会議所前",
        "name": "商工会議所前",
        "operator": "事業者不明",
        "ref": "",
        "url": "",
        "url2": ""
      }
    },
    {
      "type": "Feature",
      "geometry": {
        "type": "Point",
        "coordinates": [
          130.7080938,
          32.8052223
        ]
      },
      "properties": {
        "内容": "バス停: 市役所前",
        "name": "市役所前",
        "operator": "事業者不明",
        "ref": "",
        "url": "",
        "url2": ""
      }
    },
    {
      "type": "Feature",
      "geometry": {
        "type": "Point",
        "coordinates": [
          130.8590364,
          32.834198
        ]
      },
      "properties": {
        "内容": "バス停: 阿蘇くまもと空港",
        "name": "阿蘇くまもと空港",
        "operator": "事業者不明",
        "ref": "",
        "url": "",
        "url2": ""
      }
    },
    {
      "type": "Feature",
      "geometry": {
        "type": "Point",
        "coordinates": [
          130.7119532,
          32.9526619
        ]
      },
      "properties": {
        "内容": "バス停: 植木温泉入口",
        "name": "植木温泉入口",
        "operator": "事業者不明",
        "ref": "",
        "url": "",
        "url2": ""
      }
    },
    {
      "type": "Feature",
      "geometry": {
        "type": "Point",
        "coordinates": [
          130.7265979,
          32.9556922
        ]
      },
      "properties": {
        "内容": "バス停: 植木温泉(バス)",
        "name": "植木温泉(バス)",
        "operator": "事業者不明",
        "ref": "",
        "url": "",
        "url2": ""
      }
    },
    {
      "type": "Feature",
      "geometry": {
        "type": "Point",
        "coordinates": [
          130.864437,
          32.8361592
        ]
      },
      "properties": {
        "内容": "バス停: 名称不明バス停",
        "name": "名称不明バス停",
        "operator": "事業者不明",
        "ref": "",
        "url": "",
        "url2": ""
      }
    },
    {
      "type": "Feature",
      "geometry": {
        "type": "Point",
        "coordinates": [
          130.7034244,
          32.7996767
        ]
      },
      "properties": {
        "内容": "バス停: 桜町バスターミナル",
        "name": "桜町バスターミナル",
        "operator": "事業者不明",
        "ref": "P2-2",
        "url": "",
        "url2": ""
      }
    },
    {
      "type": "Feature",
      "geometry": {
        "type": "Point",
        "coordinates": [
          130.8661178,
          32.8771693
        ]
      },
      "properties": {
        "内容": "バス停: 大津駅南口",
        "name": "大津駅南口",
        "operator": "事業者不明",
        "ref": "",
        "url": "",
        "url2": ""
      }
    },
    {
      "type": "Feature",
      "geometry": {
        "type": "Point",
        "coordinates": [
          130.8659735,
          32.8771707
        ]
      },
      "properties": {
        "内容": "バス停: 肥後大津駅 (空港ライナー)",
        "name": "肥後大津駅",
        "operator": "空港ライナー",
        "ref": "",
        "url": "",
        "url2": ""
      }
    },
    {
      "type": "Feature",
      "geometry": {
        "type": "Point",
        "coordinates": [
          130.8600926,
          32.8350161
        ]
      },
      "properties": {
        "内容": "バス停: 国際線ターミナル",
        "name": "国際線ターミナル",
        "operator": "事業者不明",
        "ref": "",
        "url": "",
        "url2": ""
      }
    },
    {
      "type": "Feature",
      "geometry": {
        "type": "Point",
        "coordinates": [
          130.6653747,
          32.9541979
        ]
      },
      "properties": {
        "内容": "バス停: 鹿央",
        "name": "鹿央",
        "operator": "事業者不明",
        "ref": "",
        "url": "",
        "url2": ""
      }
    },
    {
      "type": "Feature",
      "geometry": {
        "type": "Point",
        "coordinates": [
          130.6656294,
          32.9544901
        ]
      },
      "properties": {
        "内容": "バス停: 鹿央",
        "name": "鹿央",
        "operator": "事業者不明",
        "ref": "",
        "url": "",
        "url2": ""
      }
    },
    {
      "type": "Feature",
      "geometry": {
        "type": "Point",
        "coordinates": [
          130.4563084,
          32.6225408
        ]
      },
      "properties": {
        "内容": "バス停: 三角西港前 (産光バス)",
        "name": "三角西港前",
        "operator": "産光バス",
        "ref": "",
        "url": "",
        "url2": ""
      }
    },
    {
      "type": "Feature",
      "geometry": {
        "type": "Point",
        "coordinates": [
          130.4564573,
          32.6225464
        ]
      },
      "properties": {
        "内容": "バス停: 三角西港前 (産光バス)",
        "name": "三角西港前",
        "operator": "産光バス",
        "ref": "",
        "url": "",
        "url2": ""
      }
    },
    {
      "type": "Feature",
      "geometry": {
        "type": "Point",
        "coordinates": [
          131.0342949,
          33.1834939
        ]
      },
      "properties": {
        "内容": "バス停: 杖立",
        "name": "杖立",
        "operator": "事業者不明",
        "ref": "",
        "url": "",
        "url2": ""
      }
    },
    {
      "type": "Feature",
      "geometry": {
        "type": "Point",
        "coordinates": [
          131.0376999,
          33.1761977
        ]
      },
      "properties": {
        "内容": "バス停: 白岩",
        "name": "白岩",
        "operator": "事業者不明",
        "ref": "",
        "url": "",
        "url2": ""
      }
    },
    {
      "type": "Feature",
      "geometry": {
        "type": "Point",
        "coordinates": [
          130.6899047,
          32.7907405
        ]
      },
      "properties": {
        "内容": "バス停: 熊本駅前",
        "name": "熊本駅前",
        "operator": "事業者不明",
        "ref": "4",
        "url": "",
        "url2": ""
      }
    },
    {
      "type": "Feature",
      "geometry": {
        "type": "Point",
        "coordinates": [
          130.6903301,
          32.7905183
        ]
      },
      "properties": {
        "内容": "バス停: 熊本駅前",
        "name": "熊本駅前",
        "operator": "事業者不明",
        "ref": "",
        "url": "",
        "url2": ""
      }
    },
    {
      "type": "Feature",
      "geometry": {
        "type": "Point",
        "coordinates": [
          130.689978,
          32.7904497
        ]
      },
      "properties": {
        "内容": "バス停: 熊本駅前",
        "name": "熊本駅前",
        "operator": "事業者不明",
        "ref": "",
        "url": "",
        "url2": ""
      }
    },
    {
      "type": "Feature",
      "geometry": {
        "type": "Point",
        "coordinates": [
          130.690052,
          32.7906187
        ]
      },
      "properties": {
        "内容": "バス停: 熊本駅前",
        "name": "熊本駅前",
        "operator": "事業者不明",
        "ref": "",
        "url": "",
        "url2": ""
      }
    },
    {
      "type": "Feature",
      "geometry": {
        "type": "Point",
        "coordinates": [
          130.6895262,
          32.7907344
        ]
      },
      "properties": {
        "内容": "バス停: 熊本駅前",
        "name": "熊本駅前",
        "operator": "事業者不明",
        "ref": "",
        "url": "",
        "url2": ""
      }
    },
    {
      "type": "Feature",
      "geometry": {
        "type": "Point",
        "coordinates": [
          130.6893187,
          32.7901279
        ]
      },
      "properties": {
        "内容": "バス停: 熊本駅前",
        "name": "熊本駅前",
        "operator": "事業者不明",
        "ref": "",
        "url": "",
        "url2": ""
      }
    },
    {
      "type": "Feature",
      "geometry": {
        "type": "Point",
        "coordinates": [
          130.8955939,
          32.8803265
        ]
      },
      "properties": {
        "内容": "バス停: 名称不明バス停",
        "name": "名称不明バス停",
        "operator": "事業者不明",
        "ref": "",
        "url": "",
        "url2": ""
      }
    },
    {
      "type": "Feature",
      "geometry": {
        "type": "Point",
        "coordinates": [
          130.8956207,
          32.8805315
        ]
      },
      "properties": {
        "内容": "バス停: 名称不明バス停",
        "name": "名称不明バス停",
        "operator": "事業者不明",
        "ref": "",
        "url": "",
        "url2": ""
      }
    },
    {
      "type": "Feature",
      "geometry": {
        "type": "Point",
        "coordinates": [
          130.6155927,
          32.5026466
        ]
      },
      "properties": {
        "内容": "バス停: 旭中央通",
        "name": "旭中央通",
        "operator": "事業者不明",
        "ref": "",
        "url": "",
        "url2": ""
      }
    },
    {
      "type": "Feature",
      "geometry": {
        "type": "Point",
        "coordinates": [
          130.6155606,
          32.5025086
        ]
      },
      "properties": {
        "内容": "バス停: 旭中央通",
        "name": "旭中央通",
        "operator": "事業者不明",
        "ref": "",
        "url": "",
        "url2": ""
      }
    },
    {
      "type": "Feature",
      "geometry": {
        "type": "Point",
        "coordinates": [
          130.8480321,
          32.2007733
        ]
      },
      "properties": {
        "内容": "バス停: 竜堀",
        "name": "竜堀",
        "operator": "事業者不明",
        "ref": "",
        "url": "",
        "url2": ""
      }
    },
    {
      "type": "Feature",
      "geometry": {
        "type": "Point",
        "coordinates": [
          130.8440984,
          32.1994577
        ]
      },
      "properties": {
        "内容": "バス停: 一武診療所前",
        "name": "一武診療所前",
        "operator": "事業者不明",
        "ref": "",
        "url": "",
        "url2": ""
      }
    },
    {
      "type": "Feature",
      "geometry": {
        "type": "Point",
        "coordinates": [
          130.8396691,
          32.1989344
        ]
      },
      "properties": {
        "内容": "バス停: 下原",
        "name": "下原",
        "operator": "事業者不明",
        "ref": "",
        "url": "",
        "url2": ""
      }
    },
    {
      "type": "Feature",
      "geometry": {
        "type": "Point",
        "coordinates": [
          130.8041881,
          32.2303366
        ]
      },
      "properties": {
        "内容": "バス停: 吉野尾",
        "name": "吉野尾",
        "operator": "事業者不明",
        "ref": "",
        "url": "",
        "url2": ""
      }
    },
    {
      "type": "Feature",
      "geometry": {
        "type": "Point",
        "coordinates": [
          130.8104236,
          32.2258142
        ]
      },
      "properties": {
        "内容": "バス停: 新立",
        "name": "新立",
        "operator": "事業者不明",
        "ref": "",
        "url": "",
        "url2": ""
      }
    },
    {
      "type": "Feature",
      "geometry": {
        "type": "Point",
        "coordinates": [
          130.8127586,
          32.2258419
        ]
      },
      "properties": {
        "内容": "バス停: にしき園前",
        "name": "にしき園前",
        "operator": "事業者不明",
        "ref": "",
        "url": "",
        "url2": ""
      }
    },
    {
      "type": "Feature",
      "geometry": {
        "type": "Point",
        "coordinates": [
          130.816651,
          32.2260082
        ]
      },
      "properties": {
        "内容": "バス停: 高原記念碑前",
        "name": "高原記念碑前",
        "operator": "事業者不明",
        "ref": "",
        "url": "",
        "url2": ""
      }
    },
    {
      "type": "Feature",
      "geometry": {
        "type": "Point",
        "coordinates": [
          130.7264705,
          32.8062258
        ]
      },
      "properties": {
        "内容": "バス停: 大江二丁目 (熊本都市バス)",
        "name": "大江二丁目",
        "operator": "熊本都市バス",
        "ref": "",
        "url": "https://www.kumamoto-toshibus.co.jp/timetable/jikoku_table.php?Yyyymmdd=20220601&Tei_Cd=974&Pole=01&St_Num=undifined&Youbi_Hei=1&Youbi_Do=1&Youbi_Nichi=1&Youbi_Toku=0&X=b3920c7cc01d60d2dea22ad36a9407fd&Zoom=",
        "url2": ""
      }
    },
    {
      "type": "Feature",
      "geometry": {
        "type": "Point",
        "coordinates": [
          130.7263841,
          32.8064596
        ]
      },
      "properties": {
        "内容": "バス停: 大江二丁目 (熊本都市バス)",
        "name": "大江二丁目",
        "operator": "熊本都市バス",
        "ref": "",
        "url": "https://www.kumamoto-toshibus.co.jp/timetable/jikoku_table.php?Yyyymmdd=20220601&Tei_Cd=974&Pole=02&St_Num=undifined&Youbi_Hei=1&Youbi_Do=1&Youbi_Nichi=1&Youbi_Toku=0&X=b3920c7cc01d60d2dea22ad36a9407fd&Zoom=",
        "url2": ""
      }
    },
    {
      "type": "Feature",
      "geometry": {
        "type": "Point",
        "coordinates": [
          130.7253748,
          32.8056565
        ]
      },
      "properties": {
        "内容": "バス停: 大江渡鹿 (熊本都市バス)",
        "name": "大江渡鹿",
        "operator": "熊本都市バス",
        "ref": "",
        "url": "https://www.kumamoto-toshibus.co.jp/timetable/jikoku_table.php?Yyyymmdd=20220601&Tei_Cd=1380&Pole=05&St_Num=undifined&Youbi_Hei=1&Youbi_Do=1&Youbi_Nichi=1&Youbi_Toku=0&X=b3920c7cc01d60d2dea22ad36a9407fd&Zoom=",
        "url2": ""
      }
    },
    {
      "type": "Feature",
      "geometry": {
        "type": "Point",
        "coordinates": [
          130.7248049,
          32.8061777
        ]
      },
      "properties": {
        "内容": "バス停: 大江渡鹿 (熊本都市バス)",
        "name": "大江渡鹿",
        "operator": "熊本都市バス",
        "ref": "",
        "url": "https://www.kumamoto-toshibus.co.jp/timetable/jikoku_table.php?Yyyymmdd=20220601&Tei_Cd=1380&Pole=03&St_Num=undifined&Youbi_Hei=1&Youbi_Do=1&Youbi_Nichi=1&Youbi_Toku=0&X=b3920c7cc01d60d2dea22ad36a9407fd&Zoom=",
        "url2": ""
      }
    },
    {
      "type": "Feature",
      "geometry": {
        "type": "Point",
        "coordinates": [
          130.7249253,
          32.8062326
        ]
      },
      "properties": {
        "内容": "バス停: 大江渡鹿 (熊本都市バス)",
        "name": "大江渡鹿",
        "operator": "熊本都市バス",
        "ref": "",
        "url": "https://www.kumamoto-toshibus.co.jp/timetable/jikoku_table.php?Yyyymmdd=20220601&Tei_Cd=1380&Pole=04&St_Num=undifined&Youbi_Hei=1&Youbi_Do=1&Youbi_Nichi=1&Youbi_Toku=0&X=b3920c7cc01d60d2dea22ad36a9407fd&Zoom=",
        "url2": ""
      }
    },
    {
      "type": "Feature",
      "geometry": {
        "type": "Point",
        "coordinates": [
          130.7234952,
          32.8086793
        ]
      },
      "properties": {
        "内容": "バス停: 大江川鶴 (熊本都市バス)",
        "name": "大江川鶴",
        "operator": "熊本都市バス",
        "ref": "",
        "url": "https://www.kumamoto-toshibus.co.jp/timetable/jikoku_table.php?Yyyymmdd=20220601&Tei_Cd=1378&Pole=01&St_Num=undifined&Youbi_Hei=1&Youbi_Do=1&Youbi_Nichi=1&Youbi_Toku=0&X=b3920c7cc01d60d2dea22ad36a9407fd&Zoom=",
        "url2": ""
      }
    },
    {
      "type": "Feature",
      "geometry": {
        "type": "Point",
        "coordinates": [
          130.7239315,
          32.8082139
        ]
      },
      "properties": {
        "内容": "バス停: 大江川鶴 (熊本都市バス)",
        "name": "大江川鶴",
        "operator": "熊本都市バス",
        "ref": "",
        "url": "https://www.kumamoto-toshibus.co.jp/timetable/jikoku_table.php?Yyyymmdd=20220601&Tei_Cd=1378&Pole=02&St_Num=undifined&Youbi_Hei=1&Youbi_Do=1&Youbi_Nichi=1&Youbi_Toku=0&X=b3920c7cc01d60d2dea22ad36a9407fd&Zoom=",
        "url2": ""
      }
    },
    {
      "type": "Feature",
      "geometry": {
        "type": "Point",
        "coordinates": [
          130.7264234,
          32.8035178
        ]
      },
      "properties": {
        "内容": "バス停: 学園大前 (熊本都市バス)",
        "name": "学園大前",
        "operator": "熊本都市バス",
        "ref": "",
        "url": "https://www.kumamoto-toshibus.co.jp/timetable/jikoku_table.php?Yyyymmdd=20220601&Tei_Cd=1841&Pole=01&St_Num=undifined&Youbi_Hei=1&Youbi_Do=1&Youbi_Nichi=1&Youbi_Toku=0&X=b3920c7cc01d60d2dea22ad36a9407fd&Zoom=",
        "url2": ""
      }
    },
    {
      "type": "Feature",
      "geometry": {
        "type": "Point",
        "coordinates": [
          130.7265399,
          32.8035459
        ]
      },
      "properties": {
        "内容": "バス停: 学園大前 (熊本都市バス)",
        "name": "学園大前",
        "operator": "熊本都市バス",
        "ref": "",
        "url": "https://www.kumamoto-toshibus.co.jp/timetable/jikoku_table.php?Yyyymmdd=20220601&Tei_Cd=1841&Pole=02&St_Num=undifined&Youbi_Hei=1&Youbi_Do=1&Youbi_Nichi=1&Youbi_Toku=0&X=b3920c7cc01d60d2dea22ad36a9407fd&Zoom=",
        "url2": ""
      }
    },
    {
      "type": "Feature",
      "geometry": {
        "type": "Point",
        "coordinates": [
          130.7269747,
          32.8021012
        ]
      },
      "properties": {
        "内容": "バス停: 県立劇場前 (熊本都市バス)",
        "name": "県立劇場前",
        "operator": "熊本都市バス",
        "ref": "",
        "url": "https://www.kumamoto-toshibus.co.jp/timetable/jikoku_table.php?Yyyymmdd=20220601&Tei_Cd=2530&Pole=01&St_Num=undifined&Youbi_Hei=1&Youbi_Do=1&Youbi_Nichi=1&Youbi_Toku=0&X=b3920c7cc01d60d2dea22ad36a9407fd&Zoom=",
        "url2": ""
      }
    },
    {
      "type": "Feature",
      "geometry": {
        "type": "Point",
        "coordinates": [
          130.7270954,
          32.8020922
        ]
      },
      "properties": {
        "内容": "バス停: 県立劇場前 (熊本都市バス)",
        "name": "県立劇場前",
        "operator": "熊本都市バス",
        "ref": "",
        "url": "https://www.kumamoto-toshibus.co.jp/timetable/jikoku_table.php?Yyyymmdd=20220601&Tei_Cd=2530&Pole=02&St_Num=undifined&Youbi_Hei=1&Youbi_Do=1&Youbi_Nichi=1&Youbi_Toku=0&X=b3920c7cc01d60d2dea22ad36a9407fd&Zoom=",
        "url2": ""
      }
    },
    {
      "type": "Feature",
      "geometry": {
        "type": "Point",
        "coordinates": [
          130.7272286,
          32.8023016
        ]
      },
      "properties": {
        "内容": "バス停: 県立劇場前 (熊本都市バス)",
        "name": "県立劇場前",
        "operator": "熊本都市バス",
        "ref": "",
        "url": "https://www.kumamoto-toshibus.co.jp/timetable/jikoku_table.php?Yyyymmdd=20220601&Tei_Cd=2530&Pole=09&St_Num=undifined&Youbi_Hei=1&Youbi_Do=1&Youbi_Nichi=1&Youbi_Toku=0&X=b3920c7cc01d60d2dea22ad36a9407fd&Zoom=",
        "url2": ""
      }
    },
    {
      "type": "Feature",
      "geometry": {
        "type": "Point",
        "coordinates": [
          130.7291973,
          32.8067043
        ]
      },
      "properties": {
        "内容": "バス停: 警察学校前 (熊本都市バス)",
        "name": "警察学校前",
        "operator": "熊本都市バス",
        "ref": "",
        "url": "https://www.kumamoto-toshibus.co.jp/timetable/jikoku_table.php?Yyyymmdd=20220601&Tei_Cd=2518&Pole=01&St_Num=undifined&Youbi_Hei=1&Youbi_Do=1&Youbi_Nichi=1&Youbi_Toku=0&X=b3920c7cc01d60d2dea22ad36a9407fd&Zoom=",
        "url2": ""
      }
    },
    {
      "type": "Feature",
      "geometry": {
        "type": "Point",
        "coordinates": [
          130.7298737,
          32.8068112
        ]
      },
      "properties": {
        "内容": "バス停: 警察学校前 (熊本都市バス)",
        "name": "警察学校前",
        "operator": "熊本都市バス",
        "ref": "",
        "url": "https://www.kumamoto-toshibus.co.jp/timetable/jikoku_table.php?Yyyymmdd=20220601&Tei_Cd=2518&Pole=02&St_Num=undifined&Youbi_Hei=1&Youbi_Do=1&Youbi_Nichi=1&Youbi_Toku=0&X=b3920c7cc01d60d2dea22ad36a9407fd&Zoom=",
        "url2": ""
      }
    },
    {
      "type": "Feature",
      "geometry": {
        "type": "Point",
        "coordinates": [
          130.719193,
          32.812461
        ]
      },
      "properties": {
        "内容": "バス停: 子飼橋 (熊本都市バス)",
        "name": "子飼橋",
        "operator": "熊本都市バス",
        "ref": "",
        "url": "https://www.kumamoto-toshibus.co.jp/timetable/jikoku_table.php?Yyyymmdd=20220601&Tei_Cd=2893&Pole=01&St_Num=undifined&Youbi_Hei=1&Youbi_Do=1&Youbi_Nichi=1&Youbi_Toku=0&X=b3920c7cc01d60d2dea22ad36a9407fd&Zoom=",
        "url2": ""
      }
    },
    {
      "type": "Feature",
      "geometry": {
        "type": "Point",
        "coordinates": [
          130.7194039,
          32.8125875
        ]
      },
      "properties": {
        "内容": "バス停: 子飼橋 (熊本都市バス)",
        "name": "子飼橋",
        "operator": "熊本都市バス",
        "ref": "",
        "url": "https://www.kumamoto-toshibus.co.jp/timetable/jikoku_table.php?Yyyymmdd=20220601&Tei_Cd=2893&Pole=02&St_Num=undifined&Youbi_Hei=1&Youbi_Do=1&Youbi_Nichi=1&Youbi_Toku=0&X=b3920c7cc01d60d2dea22ad36a9407fd&Zoom=",
        "url2": ""
      }
    },
    {
      "type": "Feature",
      "geometry": {
        "type": "Point",
        "coordinates": [
          130.7028783,
          32.8010562
        ]
      },
      "properties": {
        "内容": "バス停: 桜町バスターミナル",
        "name": "桜町バスターミナル",
        "operator": "事業者不明",
        "ref": "",
        "url": "",
        "url2": ""
      }
    },
    {
      "type": "Feature",
      "geometry": {
        "type": "Point",
        "coordinates": [
          130.7029913,
          32.800863
        ]
      },
      "properties": {
        "内容": "バス停: 桜町バスターミナル",
        "name": "桜町バスターミナル",
        "operator": "事業者不明",
        "ref": "",
        "url": "",
        "url2": ""
      }
    },
    {
      "type": "Feature",
      "geometry": {
        "type": "Point",
        "coordinates": [
          130.7031115,
          32.799715
        ]
      },
      "properties": {
        "内容": "バス停: 桜町バスターミナル",
        "name": "桜町バスターミナル",
        "operator": "事業者不明",
        "ref": "",
        "url": "",
        "url2": ""
      }
    },
    {
      "type": "Feature",
      "geometry": {
        "type": "Point",
        "coordinates": [
          130.7074555,
          32.8157422
        ]
      },
      "properties": {
        "内容": "バス停: 京町柳川 (熊本都市バス)",
        "name": "京町柳川",
        "operator": "熊本都市バス",
        "ref": "",
        "url": "https://www.kumamoto-toshibus.co.jp/timetable/jikoku_table.php?Yyyymmdd=20220725&Tei_Cd=2180&Pole=01&St_Num=undifined&Youbi_Hei=1&Youbi_Do=1&Youbi_Nichi=1&Youbi_Toku=0&X=510f6ceba46aeb01a0bb43e52ff34fa2&Zoom=",
        "url2": ""
      }
    },
    {
      "type": "Feature",
      "geometry": {
        "type": "Point",
        "coordinates": [
          130.7073112,
          32.8158054
        ]
      },
      "properties": {
        "内容": "バス停: 京町柳川 (熊本都市バス)",
        "name": "京町柳川",
        "operator": "熊本都市バス",
        "ref": "",
        "url": "https://www.kumamoto-toshibus.co.jp/timetable/jikoku_table.php?Yyyymmdd=20220725&Tei_Cd=2180&Pole=02&St_Num=undifined&Youbi_Hei=1&Youbi_Do=1&Youbi_Nichi=1&Youbi_Toku=0&X=510f6ceba46aeb01a0bb43e52ff34fa2&Zoom=",
        "url2": ""
      }
    },
    {
      "type": "Feature",
      "geometry": {
        "type": "Point",
        "coordinates": [
          130.7155543,
          32.8127801
        ]
      },
      "properties": {
        "内容": "バス停: 浄行寺 (熊本都市バス)",
        "name": "浄行寺",
        "operator": "熊本都市バス",
        "ref": "",
        "url": "https://www.kumamoto-toshibus.co.jp/timetable/jikoku_table.php?Yyyymmdd=20220725&Tei_Cd=3847&Pole=03&St_Num=undifined&Youbi_Hei=1&Youbi_Do=1&Youbi_Nichi=1&Youbi_Toku=0&X=510f6ceba46aeb01a0bb43e52ff34fa2&Zoom=",
        "url2": ""
      }
    },
    {
      "type": "Feature",
      "geometry": {
        "type": "Point",
        "coordinates": [
          130.7156766,
          32.8126809
        ]
      },
      "properties": {
        "内容": "バス停: 浄行寺 (熊本都市バス)",
        "name": "浄行寺",
        "operator": "熊本都市バス",
        "ref": "",
        "url": "https://www.kumamoto-toshibus.co.jp/timetable/jikoku_table.php?Yyyymmdd=20220725&Tei_Cd=3847&Pole=04&St_Num=undifined&Youbi_Hei=1&Youbi_Do=1&Youbi_Nichi=1&Youbi_Toku=0&X=510f6ceba46aeb01a0bb43e52ff34fa2&Zoom=",
        "url2": ""
      }
    },
    {
      "type": "Feature",
      "geometry": {
        "type": "Point",
        "coordinates": [
          130.715822,
          32.8121375
        ]
      },
      "properties": {
        "内容": "バス停: 浄行寺 (熊本都市バス)",
        "name": "浄行寺",
        "operator": "熊本都市バス",
        "ref": "",
        "url": "https://www.kumamoto-toshibus.co.jp/timetable/jikoku_table.php?Yyyymmdd=20220725&Tei_Cd=3847&Pole=02&St_Num=undifined&Youbi_Hei=1&Youbi_Do=1&Youbi_Nichi=1&Youbi_Toku=0&X=510f6ceba46aeb01a0bb43e52ff34fa2&Zoom=",
        "url2": ""
      }
    },
    {
      "type": "Feature",
      "geometry": {
        "type": "Point",
        "coordinates": [
          130.7121703,
          32.8123228
        ]
      },
      "properties": {
        "内容": "バス停: 坪井横町 (熊本都市バス)",
        "name": "坪井横町",
        "operator": "熊本都市バス",
        "ref": "",
        "url": "https://www.kumamoto-toshibus.co.jp/timetable/jikoku_table.php?Yyyymmdd=20220725&Tei_Cd=4884&Pole=02&St_Num=undifined&Youbi_Hei=1&Youbi_Do=1&Youbi_Nichi=1&Youbi_Toku=0&X=510f6ceba46aeb01a0bb43e52ff34fa2&Zoom=",
        "url2": ""
      }
    },
    {
      "type": "Feature",
      "geometry": {
        "type": "Point",
        "coordinates": [
          130.7114359,
          32.8123212
        ]
      },
      "properties": {
        "内容": "バス停: 坪井横町 (熊本都市バス)",
        "name": "坪井横町",
        "operator": "熊本都市バス",
        "ref": "",
        "url": "https://www.kumamoto-toshibus.co.jp/timetable/jikoku_table.php?Yyyymmdd=20220725&Tei_Cd=4884&Pole=01&St_Num=undifined&Youbi_Hei=1&Youbi_Do=1&Youbi_Nichi=1&Youbi_Toku=0&X=510f6ceba46aeb01a0bb43e52ff34fa2&Zoom=",
        "url2": ""
      }
    },
    {
      "type": "Feature",
      "geometry": {
        "type": "Point",
        "coordinates": [
          130.706198,
          32.8158235
        ]
      },
      "properties": {
        "内容": "バス停: 京町本丁 (熊本都市バス)",
        "name": "京町本丁",
        "operator": "熊本都市バス",
        "ref": "",
        "url": "https://www.kumamoto-toshibus.co.jp/timetable/jikoku_table.php?Yyyymmdd=20220725&Tei_Cd=2179&Pole=03&St_Num=undifined&Youbi_Hei=1&Youbi_Do=1&Youbi_Nichi=1&Youbi_Toku=0&X=510f6ceba46aeb01a0bb43e52ff34fa2&Zoom=",
        "url2": ""
      }
    },
    {
      "type": "Feature",
      "geometry": {
        "type": "Point",
        "coordinates": [
          130.7049476,
          32.8159534
        ]
      },
      "properties": {
        "内容": "バス停: 京町本丁 (熊本都市バス)",
        "name": "京町本丁",
        "operator": "熊本都市バス",
        "ref": "",
        "url": "https://www.kumamoto-toshibus.co.jp/timetable/jikoku_table.php?Yyyymmdd=20220725&Tei_Cd=2179&Pole=04&St_Num=undifined&Youbi_Hei=1&Youbi_Do=1&Youbi_Nichi=1&Youbi_Toku=0&X=510f6ceba46aeb01a0bb43e52ff34fa2&Zoom=",
        "url2": ""
      }
    },
    {
      "type": "Feature",
      "geometry": {
        "type": "Point",
        "coordinates": [
          130.7091782,
          32.8124727
        ]
      },
      "properties": {
        "内容": "バス停: 内坪井 (熊本都市バス)",
        "name": "内坪井",
        "operator": "熊本都市バス",
        "ref": "",
        "url": "https://www.kumamoto-toshibus.co.jp/timetable/jikoku_table.php?Yyyymmdd=20220725&Tei_Cd=752&Pole=01&St_Num=undifined&Youbi_Hei=1&Youbi_Do=1&Youbi_Nichi=1&Youbi_Toku=0&X=510f6ceba46aeb01a0bb43e52ff34fa2&Zoom=",
        "url2": ""
      }
    },
    {
      "type": "Feature",
      "geometry": {
        "type": "Point",
        "coordinates": [
          130.7099774,
          32.8124753
        ]
      },
      "properties": {
        "内容": "バス停: 内坪井 (熊本都市バス)",
        "name": "内坪井",
        "operator": "熊本都市バス",
        "ref": "",
        "url": "https://www.kumamoto-toshibus.co.jp/timetable/jikoku_table.php?Yyyymmdd=20220725&Tei_Cd=752&Pole=02&St_Num=undifined&Youbi_Hei=1&Youbi_Do=1&Youbi_Nichi=1&Youbi_Toku=0&X=510f6ceba46aeb01a0bb43e52ff34fa2&Zoom=",
        "url2": ""
      }
    },
    {
      "type": "Feature",
      "geometry": {
        "type": "Point",
        "coordinates": [
          130.6995779,
          32.8179977
        ]
      },
      "properties": {
        "内容": "バス停: 上熊本駅前 (熊本都市バス)",
        "name": "上熊本駅前",
        "operator": "熊本都市バス",
        "ref": "",
        "url": "https://www.kumamoto-toshibus.co.jp/timetable/jikoku_table.php?Yyyymmdd=20220725&Tei_Cd=1843&Pole=01&St_Num=undifined&Youbi_Hei=1&Youbi_Do=1&Youbi_Nichi=1&Youbi_Toku=0&X=510f6ceba46aeb01a0bb43e52ff34fa2&Zoom=",
        "url2": ""
      }
    },
    {
      "type": "Feature",
      "geometry": {
        "type": "Point",
        "coordinates": [
          130.7198518,
          32.8201322
        ]
      },
      "properties": {
        "内容": "バス停: 男女共同参画センターはあもにい前 (熊本電鉄)",
        "name": "男女共同参画センターはあもにい前",
        "operator": "熊本電鉄",
        "ref": "",
        "url": "",
        "url2": ""
      }
    },
    {
      "type": "Feature",
      "geometry": {
        "type": "Point",
        "coordinates": [
          130.7225888,
          32.8272325
        ]
      },
      "properties": {
        "内容": "バス停: 北熊本 (熊本電鉄)",
        "name": "北熊本",
        "operator": "熊本電鉄",
        "ref": "",
        "url": "",
        "url2": ""
      }
    },
    {
      "type": "Feature",
      "geometry": {
        "type": "Point",
        "coordinates": [
          130.7221231,
          32.8379561
        ]
      },
      "properties": {
        "内容": "バス停: 亀井 (熊本電鉄)",
        "name": "亀井",
        "operator": "熊本電鉄",
        "ref": "",
        "url": "",
        "url2": ""
      }
    },
    {
      "type": "Feature",
      "geometry": {
        "type": "Point",
        "coordinates": [
          130.7250172,
          32.849422
        ]
      },
      "properties": {
        "内容": "バス停: 堀川 (熊本電鉄)",
        "name": "堀川",
        "operator": "熊本電鉄",
        "ref": "",
        "url": "",
        "url2": ""
      }
    },
    {
      "type": "Feature",
      "geometry": {
        "type": "Point",
        "coordinates": [
          130.7286361,
          32.8576707
        ]
      },
      "properties": {
        "内容": "バス停: 須屋西 (熊本電鉄)",
        "name": "須屋西",
        "operator": "熊本電鉄",
        "ref": "",
        "url": "",
        "url2": ""
      }
    },
    {
      "type": "Feature",
      "geometry": {
        "type": "Point",
        "coordinates": [
          130.7275902,
          32.7998843
        ]
      },
      "properties": {
        "内容": "バス停: 開新高校前 (熊本都市バス)",
        "name": "開新高校前",
        "operator": "熊本都市バス",
        "ref": "",
        "url": "https://www.kumamoto-toshibus.co.jp/timetable/jikoku_table.php?Yyyymmdd=20220725&Tei_Cd=1840&Pole=02&St_Num=undifined&Youbi_Hei=1&Youbi_Do=1&Youbi_Nichi=1&Youbi_Toku=0&X=b3920c7cc01d60d2dea22ad36a9407fd&Zoom=",
        "url2": ""
      }
    },
    {
      "type": "Feature",
      "geometry": {
        "type": "Point",
        "coordinates": [
          130.7274185,
          32.8002879
        ]
      },
      "properties": {
        "内容": "バス停: 開新高校前 (熊本都市バス)",
        "name": "開新高校前",
        "operator": "熊本都市バス",
        "ref": "",
        "url": "https://www.kumamoto-toshibus.co.jp/timetable/jikoku_table.php?Yyyymmdd=20220725&Tei_Cd=1840&Pole=01&St_Num=undifined&Youbi_Hei=1&Youbi_Do=1&Youbi_Nichi=1&Youbi_Toku=0&X=b3920c7cc01d60d2dea22ad36a9407fd&Zoom=",
        "url2": ""
      }
    },
    {
      "type": "Feature",
      "geometry": {
        "type": "Point",
        "coordinates": [
          130.6998102,
          32.8176456
        ]
      },
      "properties": {
        "内容": "バス停: 上熊本駅前 (熊本都市バス)",
        "name": "上熊本駅前",
        "operator": "熊本都市バス",
        "ref": "",
        "url": "https://www.kumamoto-toshibus.co.jp/timetable/jikoku_table.php?Yyyymmdd=20220725&Tei_Cd=1843&Pole=04&St_Num=undifined&Youbi_Hei=1&Youbi_Do=1&Youbi_Nichi=1&Youbi_Toku=0&X=510f6ceba46aeb01a0bb43e52ff34fa2&Zoom=",
        "url2": ""
      }
    },
    {
      "type": "Feature",
      "geometry": {
        "type": "Point",
        "coordinates": [
          130.6995741,
          32.8173797
        ]
      },
      "properties": {
        "内容": "バス停: 上熊本駅前 (熊本都市バス)",
        "name": "上熊本駅前",
        "operator": "熊本都市バス",
        "ref": "",
        "url": "https://www.kumamoto-toshibus.co.jp/timetable/jikoku_table.php?Yyyymmdd=20220725&Tei_Cd=1843&Pole=03&St_Num=undifined&Youbi_Hei=1&Youbi_Do=1&Youbi_Nichi=1&Youbi_Toku=0&X=510f6ceba46aeb01a0bb43e52ff34fa2&Zoom=",
        "url2": ""
      }
    },
    {
      "type": "Feature",
      "geometry": {
        "type": "Point",
        "coordinates": [
          130.7669573,
          32.2259135
        ]
      },
      "properties": {
        "内容": "バス停: 人吉IC",
        "name": "人吉IC",
        "operator": "事業者不明",
        "ref": "",
        "url": "",
        "url2": ""
      }
    },
    {
      "type": "Feature",
      "geometry": {
        "type": "Point",
        "coordinates": [
          130.7278504,
          32.798367
        ]
      },
      "properties": {
        "内容": "バス停: 変電所前 (熊本都市バス)",
        "name": "変電所前",
        "operator": "熊本都市バス",
        "ref": "",
        "url": "https://www.kumamoto-toshibus.co.jp/timetable/jikoku_table.php?Yyyymmdd=20220725&Tei_Cd=7031&Pole=04&St_Num=undifined&Youbi_Hei=1&Youbi_Do=1&Youbi_Nichi=1&Youbi_Toku=0&X=510f6ceba46aeb01a0bb43e52ff34fa2&Zoom=",
        "url2": ""
      }
    },
    {
      "type": "Feature",
      "geometry": {
        "type": "Point",
        "coordinates": [
          130.7277672,
          32.7981866
        ]
      },
      "properties": {
        "内容": "バス停: 変電所前 (熊本都市バス)",
        "name": "変電所前",
        "operator": "熊本都市バス",
        "ref": "",
        "url": "https://www.kumamoto-toshibus.co.jp/timetable/jikoku_table.php?Yyyymmdd=20220725&Tei_Cd=7031&Pole=01&St_Num=undifined&Youbi_Hei=1&Youbi_Do=1&Youbi_Nichi=1&Youbi_Toku=0&X=510f6ceba46aeb01a0bb43e52ff34fa2&Zoom=",
        "url2": ""
      }
    },
    {
      "type": "Feature",
      "geometry": {
        "type": "Point",
        "coordinates": [
          130.7269268,
          32.7964946
        ]
      },
      "properties": {
        "内容": "バス停: 変電所前 (熊本都市バス)",
        "name": "変電所前",
        "operator": "熊本都市バス",
        "ref": "",
        "url": "https://www.kumamoto-toshibus.co.jp/timetable/jikoku_table.php?Yyyymmdd=20220725&Tei_Cd=7031&Pole=02&St_Num=undifined&Youbi_Hei=1&Youbi_Do=1&Youbi_Nichi=1&Youbi_Toku=0&X=510f6ceba46aeb01a0bb43e52ff34fa2&Zoom=",
        "url2": ""
      }
    },
    {
      "type": "Feature",
      "geometry": {
        "type": "Point",
        "coordinates": [
          130.7272695,
          32.7974869
        ]
      },
      "properties": {
        "内容": "バス停: 変電所前 (熊本都市バス)",
        "name": "変電所前",
        "operator": "熊本都市バス",
        "ref": "",
        "url": "https://www.kumamoto-toshibus.co.jp/timetable/jikoku_table.php?Yyyymmdd=20220725&Tei_Cd=7031&Pole=05&St_Num=undifined&Youbi_Hei=1&Youbi_Do=1&Youbi_Nichi=1&Youbi_Toku=0&X=510f6ceba46aeb01a0bb43e52ff34fa2&Zoom=",
        "url2": ""
      }
    },
    {
      "type": "Feature",
      "geometry": {
        "type": "Point",
        "coordinates": [
          130.727768,
          32.7981399
        ]
      },
      "properties": {
        "内容": "バス停: 変電所前 (熊本都市バス)",
        "name": "変電所前",
        "operator": "熊本都市バス",
        "ref": "",
        "url": "https://www.kumamoto-toshibus.co.jp/timetable/jikoku_table.php?Yyyymmdd=20220725&Tei_Cd=7031&Pole=03&St_Num=undifined&Youbi_Hei=1&Youbi_Do=1&Youbi_Nichi=1&Youbi_Toku=0&X=510f6ceba46aeb01a0bb43e52ff34fa2&Zoom=",
        "url2": ""
      }
    },
    {
      "type": "Feature",
      "geometry": {
        "type": "Point",
        "coordinates": [
          130.7296996,
          32.7974451
        ]
      },
      "properties": {
        "内容": "バス停: 水前寺北口 (熊本都市バス)",
        "name": "水前寺北口",
        "operator": "熊本都市バス",
        "ref": "",
        "url": "https://www.kumamoto-toshibus.co.jp/timetable/jikoku_table.php?Yyyymmdd=20221001&Tei_Cd=4098&Pole=09&St_Num=undifined&Youbi_Hei=1&Youbi_Do=1&Youbi_Nichi=1&Youbi_Toku=0&X=510f6ceba46aeb01a0bb43e52ff34fa2&Zoom=",
        "url2": ""
      }
    },
    {
      "type": "Feature",
      "geometry": {
        "type": "Point",
        "coordinates": [
          130.7256008,
          32.795186
        ]
      },
      "properties": {
        "内容": "バス停: 味噌天神前 (熊本都市バス)",
        "name": "味噌天神前",
        "operator": "熊本都市バス",
        "ref": "",
        "url": "https://www.kumamoto-toshibus.co.jp/timetable/jikoku_table.php?Yyyymmdd=20221001&Tei_Cd=7737&Pole=04&St_Num=undifined&Youbi_Hei=1&Youbi_Do=1&Youbi_Nichi=1&Youbi_Toku=0&X=510f6ceba46aeb01a0bb43e52ff34fa2&Zoom=",
        "url2": ""
      }
    },
    {
      "type": "Feature",
      "geometry": {
        "type": "Point",
        "coordinates": [
          130.7244152,
          32.7941748
        ]
      },
      "properties": {
        "内容": "バス停: 味噌天神前 (熊本都市バス)",
        "name": "味噌天神前",
        "operator": "熊本都市バス",
        "ref": "",
        "url": "https://www.kumamoto-toshibus.co.jp/timetable/jikoku_table.php?Yyyymmdd=20221001&Tei_Cd=7737&Pole=03&St_Num=undifined&Youbi_Hei=1&Youbi_Do=1&Youbi_Nichi=1&Youbi_Toku=0&X=510f6ceba46aeb01a0bb43e52ff34fa2&Zoom=",
        "url2": ""
      }
    },
    {
      "type": "Feature",
      "geometry": {
        "type": "Point",
        "coordinates": [
          130.7241332,
          32.7953331
        ]
      },
      "properties": {
        "内容": "バス停: 味噌天神前",
        "name": "味噌天神前",
        "operator": "事業者不明",
        "ref": "",
        "url": "https://www.kumamoto-toshibus.co.jp/timetable/jikoku_table.php?Yyyymmdd=20221001&Tei_Cd=7737&Pole=10&St_Num=undifined&Youbi_Hei=1&Youbi_Do=1&Youbi_Nichi=1&Youbi_Toku=0&X=510f6ceba46aeb01a0bb43e52ff34fa2&Zoom=",
        "url2": ""
      }
    },
    {
      "type": "Feature",
      "geometry": {
        "type": "Point",
        "coordinates": [
          130.7246393,
          32.7952677
        ]
      },
      "properties": {
        "内容": "バス停: 味噌天神前",
        "name": "味噌天神前",
        "operator": "事業者不明",
        "ref": "",
        "url": "https://www.kumamoto-toshibus.co.jp/timetable/jikoku_table.php?Yyyymmdd=20221001&Tei_Cd=7737&Pole=02&St_Num=undifined&Youbi_Hei=1&Youbi_Do=1&Youbi_Nichi=1&Youbi_Toku=0&X=510f6ceba46aeb01a0bb43e52ff34fa2&Zoom=",
        "url2": ""
      }
    },
    {
      "type": "Feature",
      "geometry": {
        "type": "Point",
        "coordinates": [
          130.7245827,
          32.7953034
        ]
      },
      "properties": {
        "内容": "バス停: 味噌天神前",
        "name": "味噌天神前",
        "operator": "事業者不明",
        "ref": "",
        "url": "https://www.kumamoto-toshibus.co.jp/timetable/jikoku_table.php?Yyyymmdd=20221001&Tei_Cd=7737&Pole=11&St_Num=undifined&Youbi_Hei=1&Youbi_Do=1&Youbi_Nichi=1&Youbi_Toku=0&X=510f6ceba46aeb01a0bb43e52ff34fa2&Zoom=",
        "url2": ""
      }
    },
    {
      "type": "Feature",
      "geometry": {
        "type": "Point",
        "coordinates": [
          130.7245119,
          32.795345
        ]
      },
      "properties": {
        "内容": "バス停: 味噌天神前",
        "name": "味噌天神前",
        "operator": "事業者不明",
        "ref": "",
        "url": "https://www.kumamoto-toshibus.co.jp/timetable/jikoku_table.php?Yyyymmdd=20221001&Tei_Cd=7737&Pole=12&St_Num=undifined&Youbi_Hei=1&Youbi_Do=1&Youbi_Nichi=1&Youbi_Toku=0&X=510f6ceba46aeb01a0bb43e52ff34fa2&Zoom=",
        "url2": ""
      }
    },
    {
      "type": "Feature",
      "geometry": {
        "type": "Point",
        "coordinates": [
          130.7381377,
          32.8078987
        ]
      },
      "properties": {
        "内容": "バス停: 渡鹿七丁目 (熊本都市バス)",
        "name": "渡鹿七丁目",
        "operator": "熊本都市バス",
        "ref": "",
        "url": "https://www.kumamoto-toshibus.co.jp/timetable/jikoku_table.php?Yyyymmdd=20221001&Tei_Cd=5208&Pole=02&St_Num=undifined&Youbi_Hei=1&Youbi_Do=1&Youbi_Nichi=1&Youbi_Toku=0&X=510f6ceba46aeb01a0bb43e52ff34fa2&Zoom=",
        "url2": ""
      }
    },
    {
      "type": "Feature",
      "geometry": {
        "type": "Point",
        "coordinates": [
          130.7376922,
          32.8077942
        ]
      },
      "properties": {
        "内容": "バス停: 渡鹿七丁目 (熊本都市バス)",
        "name": "渡鹿七丁目",
        "operator": "熊本都市バス",
        "ref": "",
        "url": "https://www.kumamoto-toshibus.co.jp/timetable/jikoku_table.php?Yyyymmdd=20221001&Tei_Cd=5208&Pole=01&St_Num=undifined&Youbi_Hei=1&Youbi_Do=1&Youbi_Nichi=1&Youbi_Toku=0&X=510f6ceba46aeb01a0bb43e52ff34fa2&Zoom=",
        "url2": ""
      }
    },
    {
      "type": "Feature",
      "geometry": {
        "type": "Point",
        "coordinates": [
          130.7436614,
          32.807685
        ]
      },
      "properties": {
        "内容": "バス停: 保田窪四ツ角 (熊本都市バス)",
        "name": "保田窪四ツ角",
        "operator": "熊本都市バス",
        "ref": "",
        "url": "https://www.kumamoto-toshibus.co.jp/timetable/jikoku_table.php?Yyyymmdd=20221001&Tei_Cd=7137&Pole=02&St_Num=undifined&Youbi_Hei=1&Youbi_Do=1&Youbi_Nichi=1&Youbi_Toku=0&X=510f6ceba46aeb01a0bb43e52ff34fa2&Zoom=",
        "url2": ""
      }
    },
    {
      "type": "Feature",
      "geometry": {
        "type": "Point",
        "coordinates": [
          130.7436595,
          32.8075426
        ]
      },
      "properties": {
        "内容": "バス停: 保田窪四ツ角 (熊本都市バス)",
        "name": "保田窪四ツ角",
        "operator": "熊本都市バス",
        "ref": "",
        "url": "https://www.kumamoto-toshibus.co.jp/timetable/jikoku_table.php?Yyyymmdd=20221001&Tei_Cd=7137&Pole=01&St_Num=undifined&Youbi_Hei=1&Youbi_Do=1&Youbi_Nichi=1&Youbi_Toku=0&X=510f6ceba46aeb01a0bb43e52ff34fa2&Zoom=",
        "url2": ""
      }
    },
    {
      "type": "Feature",
      "geometry": {
        "type": "Point",
        "coordinates": [
          130.7345298,
          32.8071986
        ]
      },
      "properties": {
        "内容": "バス停: 渡鹿四丁目 (熊本都市バス)",
        "name": "渡鹿四丁目",
        "operator": "熊本都市バス",
        "ref": "",
        "url": "https://www.kumamoto-toshibus.co.jp/timetable/jikoku_table.php?Yyyymmdd=20221001&Tei_Cd=5124&Pole=02&St_Num=undifined&Youbi_Hei=1&Youbi_Do=1&Youbi_Nichi=1&Youbi_Toku=0&X=510f6ceba46aeb01a0bb43e52ff34fa2&Zoom=",
        "url2": ""
      }
    },
    {
      "type": "Feature",
      "geometry": {
        "type": "Point",
        "coordinates": [
          130.733698,
          32.8068752
        ]
      },
      "properties": {
        "内容": "バス停: 渡鹿四丁目 (熊本都市バス)",
        "name": "渡鹿四丁目",
        "operator": "熊本都市バス",
        "ref": "",
        "url": "https://www.kumamoto-toshibus.co.jp/timetable/jikoku_table.php?Yyyymmdd=20221001&Tei_Cd=5124&Pole=01&St_Num=undifined&Youbi_Hei=1&Youbi_Do=1&Youbi_Nichi=1&Youbi_Toku=0&X=510f6ceba46aeb01a0bb43e52ff34fa2&Zoom=",
        "url2": ""
      }
    },
    {
      "type": "Feature",
      "geometry": {
        "type": "Point",
        "coordinates": [
          130.7554414,
          32.8052149
        ]
      },
      "properties": {
        "内容": "バス停: 帯山五丁目 (熊本都市バス)",
        "name": "帯山五丁目",
        "operator": "熊本都市バス",
        "ref": "",
        "url": "https://www.kumamoto-toshibus.co.jp/timetable/jikoku_table.php?Yyyymmdd=20221001&Tei_Cd=1023&Pole=02&St_Num=undifined&Youbi_Hei=1&Youbi_Do=1&Youbi_Nichi=1&Youbi_Toku=0&X=510f6ceba46aeb01a0bb43e52ff34fa2&Zoom=",
        "url2": ""
      }
    },
    {
      "type": "Feature",
      "geometry": {
        "type": "Point",
        "coordinates": [
          130.7496191,
          32.8072957
        ]
      },
      "properties": {
        "内容": "バス停: 保田窪三丁目 (熊本都市バス)",
        "name": "保田窪三丁目",
        "operator": "熊本都市バス",
        "ref": "",
        "url": "https://www.kumamoto-toshibus.co.jp/timetable/jikoku_table.php?Yyyymmdd=20221001&Tei_Cd=7161&Pole=02&St_Num=undifined&Youbi_Hei=1&Youbi_Do=1&Youbi_Nichi=1&Youbi_Toku=0&X=510f6ceba46aeb01a0bb43e52ff34fa2&Zoom=",
        "url2": ""
      }
    },
    {
      "type": "Feature",
      "geometry": {
        "type": "Point",
        "coordinates": [
          130.7495479,
          32.8071334
        ]
      },
      "properties": {
        "内容": "バス停: 保田窪三丁目 (熊本都市バス)",
        "name": "保田窪三丁目",
        "operator": "熊本都市バス",
        "ref": "",
        "url": "https://www.kumamoto-toshibus.co.jp/timetable/jikoku_table.php?Yyyymmdd=20221001&Tei_Cd=7161&Pole=01&St_Num=undifined&Youbi_Hei=1&Youbi_Do=1&Youbi_Nichi=1&Youbi_Toku=0&X=510f6ceba46aeb01a0bb43e52ff34fa2&Zoom=",
        "url2": ""
      }
    },
    {
      "type": "Feature",
      "geometry": {
        "type": "Point",
        "coordinates": [
          130.7525943,
          32.806409
        ]
      },
      "properties": {
        "内容": "バス停: 帯山四丁目 (熊本都市バス)",
        "name": "帯山四丁目",
        "operator": "熊本都市バス",
        "ref": "",
        "url": "https://www.kumamoto-toshibus.co.jp/timetable/jikoku_table.php?Yyyymmdd=20221001&Tei_Cd=978&Pole=02&St_Num=undifined&Youbi_Hei=1&Youbi_Do=1&Youbi_Nichi=1&Youbi_Toku=0&X=510f6ceba46aeb01a0bb43e52ff34fa2&Zoom=",
        "url2": ""
      }
    },
    {
      "type": "Feature",
      "geometry": {
        "type": "Point",
        "coordinates": [
          130.7519326,
          32.8065164
        ]
      },
      "properties": {
        "内容": "バス停: 帯山四丁目 (熊本都市バス)",
        "name": "帯山四丁目",
        "operator": "熊本都市バス",
        "ref": "",
        "url": "https://www.kumamoto-toshibus.co.jp/timetable/jikoku_table.php?Yyyymmdd=20221001&Tei_Cd=978&Pole=01&St_Num=undifined&Youbi_Hei=1&Youbi_Do=1&Youbi_Nichi=1&Youbi_Toku=0&X=510f6ceba46aeb01a0bb43e52ff34fa2&Zoom=",
        "url2": ""
      }
    },
    {
      "type": "Feature",
      "geometry": {
        "type": "Point",
        "coordinates": [
          130.7696314,
          32.8096512
        ]
      },
      "properties": {
        "内容": "バス停: 福祉センターグラウンド前 (熊本都市バス)",
        "name": "福祉センターグラウンド前",
        "operator": "熊本都市バス",
        "ref": "",
        "url": "https://www.kumamoto-toshibus.co.jp/timetable/jikoku_table.php?Yyyymmdd=20221101&Tei_Cd=6971&Pole=02&St_Num=undifined&Youbi_Hei=1&Youbi_Do=1&Youbi_Nichi=1&Youbi_Toku=0&X=510f6ceba46aeb01a0bb43e52ff34fa2&Zoom=",
        "url2": ""
      }
    },
    {
      "type": "Feature",
      "geometry": {
        "type": "Point",
        "coordinates": [
          130.7696497,
          32.8094295
        ]
      },
      "properties": {
        "内容": "バス停: 福祉センターグラウンド前 (熊本都市バス)",
        "name": "福祉センターグラウンド前",
        "operator": "熊本都市バス",
        "ref": "",
        "url": "https://www.kumamoto-toshibus.co.jp/timetable/jikoku_table.php?Yyyymmdd=20221101&Tei_Cd=6971&Pole=01&St_Num=undifined&Youbi_Hei=1&Youbi_Do=1&Youbi_Nichi=1&Youbi_Toku=0&X=510f6ceba46aeb01a0bb43e52ff34fa2&Zoom=",
        "url2": ""
      }
    },
    {
      "type": "Feature",
      "geometry": {
        "type": "Point",
        "coordinates": [
          130.7653006,
          32.8076486
        ]
      },
      "properties": {
        "内容": "バス停: 日赤病院前 (熊本都市バス)",
        "name": "日赤病院前",
        "operator": "熊本都市バス",
        "ref": "",
        "url": "https://www.kumamoto-toshibus.co.jp/timetable/jikoku_table.php?Yyyymmdd=20221101&Tei_Cd=5885&Pole=02&St_Num=undifined&Youbi_Hei=1&Youbi_Do=1&Youbi_Nichi=1&Youbi_Toku=0&X=510f6ceba46aeb01a0bb43e52ff34fa2&Zoom=",
        "url2": ""
      }
    },
    {
      "type": "Feature",
      "geometry": {
        "type": "Point",
        "coordinates": [
          130.7653891,
          32.8074818
        ]
      },
      "properties": {
        "内容": "バス停: 日赤病院前 (熊本都市バス)",
        "name": "日赤病院前",
        "operator": "熊本都市バス",
        "ref": "",
        "url": "https://www.kumamoto-toshibus.co.jp/timetable/jikoku_table.php?Yyyymmdd=20221101&Tei_Cd=5885&Pole=01&St_Num=undifined&Youbi_Hei=1&Youbi_Do=1&Youbi_Nichi=1&Youbi_Toku=0&X=510f6ceba46aeb01a0bb43e52ff34fa2&Zoom=",
        "url2": ""
      }
    },
    {
      "type": "Feature",
      "geometry": {
        "type": "Point",
        "coordinates": [
          130.7634811,
          32.8075444
        ]
      },
      "properties": {
        "内容": "バス停: 日赤病院構内 (熊本都市バス)",
        "name": "日赤病院構内",
        "operator": "熊本都市バス",
        "ref": "",
        "url": "https://www.kumamoto-toshibus.co.jp/timetable/jikoku_table.php?Yyyymmdd=20221101&Tei_Cd=5886&Pole=09&St_Num=undifined&Youbi_Hei=1&Youbi_Do=1&Youbi_Nichi=1&Youbi_Toku=0&X=510f6ceba46aeb01a0bb43e52ff34fa2&Zoom=",
        "url2": ""
      }
    },
    {
      "type": "Feature",
      "geometry": {
        "type": "Point",
        "coordinates": [
          130.7605161,
          32.8053945
        ]
      },
      "properties": {
        "内容": "バス停: 帯山九丁目 (熊本都市バス)",
        "name": "帯山九丁目",
        "operator": "熊本都市バス",
        "ref": "",
        "url": "https://www.kumamoto-toshibus.co.jp/timetable/jikoku_table.php?Yyyymmdd=20221101&Tei_Cd=1034&Pole=02&St_Num=undifined&Youbi_Hei=1&Youbi_Do=1&Youbi_Nichi=1&Youbi_Toku=0&X=510f6ceba46aeb01a0bb43e52ff34fa2&Zoom=",
        "url2": ""
      }
    },
    {
      "type": "Feature",
      "geometry": {
        "type": "Point",
        "coordinates": [
          130.7607655,
          32.8052592
        ]
      },
      "properties": {
        "内容": "バス停: 帯山九丁目 (熊本都市バス)",
        "name": "帯山九丁目",
        "operator": "熊本都市バス",
        "ref": "",
        "url": "https://www.kumamoto-toshibus.co.jp/timetable/jikoku_table.php?Yyyymmdd=20221101&Tei_Cd=1034&Pole=01&St_Num=undifined&Youbi_Hei=1&Youbi_Do=1&Youbi_Nichi=1&Youbi_Toku=0&X=510f6ceba46aeb01a0bb43e52ff34fa2&Zoom=",
        "url2": ""
      }
    },
    {
      "type": "Feature",
      "geometry": {
        "type": "Point",
        "coordinates": [
          130.7578816,
          32.8047802
        ]
      },
      "properties": {
        "内容": "バス停: 帯山六丁目 (熊本都市バス)",
        "name": "帯山六丁目",
        "operator": "熊本都市バス",
        "ref": "",
        "url": "https://www.kumamoto-toshibus.co.jp/timetable/jikoku_table.php?Yyyymmdd=20221101&Tei_Cd=1029&Pole=02&St_Num=undifined&Youbi_Hei=1&Youbi_Do=1&Youbi_Nichi=1&Youbi_Toku=0&X=510f6ceba46aeb01a0bb43e52ff34fa2&Zoom=",
        "url2": ""
      }
    },
    {
      "type": "Feature",
      "geometry": {
        "type": "Point",
        "coordinates": [
          130.7575114,
          32.804636
        ]
      },
      "properties": {
        "内容": "バス停: 帯山六丁目 (熊本都市バス)",
        "name": "帯山六丁目",
        "operator": "熊本都市バス",
        "ref": "",
        "url": "https://www.kumamoto-toshibus.co.jp/timetable/jikoku_table.php?Yyyymmdd=20221101&Tei_Cd=1029&Pole=01&St_Num=undifined&Youbi_Hei=1&Youbi_Do=1&Youbi_Nichi=1&Youbi_Toku=0&X=510f6ceba46aeb01a0bb43e52ff34fa2&Zoom=",
        "url2": ""
      }
    },
    {
      "type": "Feature",
      "geometry": {
        "type": "Point",
        "coordinates": [
          130.7675983,
          32.8087144
        ]
      },
      "properties": {
        "内容": "バス停: 身障者福祉センター前 (熊本都市バス)",
        "name": "身障者福祉センター前",
        "operator": "熊本都市バス",
        "ref": "",
        "url": "https://www.kumamoto-toshibus.co.jp/timetable/jikoku_table.php?Yyyymmdd=20221101&Tei_Cd=3905&Pole=02&St_Num=undifined&Youbi_Hei=1&Youbi_Do=1&Youbi_Nichi=1&Youbi_Toku=0&X=510f6ceba46aeb01a0bb43e52ff34fa2&Zoom=",
        "url2": ""
      }
    },
    {
      "type": "Feature",
      "geometry": {
        "type": "Point",
        "coordinates": [
          130.7677244,
          32.8085724
        ]
      },
      "properties": {
        "内容": "バス停: 身障者福祉センター前 (熊本都市バス)",
        "name": "身障者福祉センター前",
        "operator": "熊本都市バス",
        "ref": "",
        "url": "https://www.kumamoto-toshibus.co.jp/timetable/jikoku_table.php?Yyyymmdd=20221101&Tei_Cd=3905&Pole=01&St_Num=undifined&Youbi_Hei=1&Youbi_Do=1&Youbi_Nichi=1&Youbi_Toku=0&X=510f6ceba46aeb01a0bb43e52ff34fa2&Zoom=",
        "url2": ""
      }
    },
    {
      "type": "Feature",
      "geometry": {
        "type": "Point",
        "coordinates": [
          130.7716393,
          32.8103823
        ]
      },
      "properties": {
        "内容": "バス停: 長嶺団地 (熊本都市バス)",
        "name": "長嶺団地",
        "operator": "熊本都市バス",
        "ref": "",
        "url": "https://www.kumamoto-toshibus.co.jp/timetable/jikoku_table.php?Yyyymmdd=20221201&Tei_Cd=5554&Pole=01&St_Num=undifined&Youbi_Hei=1&Youbi_Do=1&Youbi_Nichi=1&Youbi_Toku=0&X=510f6ceba46aeb01a0bb43e52ff34fa2&Zoom=",
        "url2": ""
      }
    },
    {
      "type": "Feature",
      "geometry": {
        "type": "Point",
        "coordinates": [
          130.7728465,
          32.8111376
        ]
      },
      "properties": {
        "内容": "バス停: 長嶺団地 (熊本都市バス)",
        "name": "長嶺団地",
        "operator": "熊本都市バス",
        "ref": "",
        "url": "https://www.kumamoto-toshibus.co.jp/timetable/jikoku_table.php?Yyyymmdd=20221201&Tei_Cd=5554&Pole=02&St_Num=undifined&Youbi_Hei=1&Youbi_Do=1&Youbi_Nichi=1&Youbi_Toku=0&X=510f6ceba46aeb01a0bb43e52ff34fa2&Zoom=",
        "url2": ""
      }
    },
    {
      "type": "Feature",
      "geometry": {
        "type": "Point",
        "coordinates": [
          130.7796213,
          32.811651
        ]
      },
      "properties": {
        "内容": "バス停: 長嶺小学校前 (熊本都市バス)",
        "name": "長嶺小学校前",
        "operator": "熊本都市バス",
        "ref": "",
        "url": "https://www.kumamoto-toshibus.co.jp/timetable/jikoku_table.php?Yyyymmdd=20221201&Tei_Cd=5556&Pole=01&St_Num=undifined&Youbi_Hei=1&Youbi_Do=1&Youbi_Nichi=1&Youbi_Toku=0&X=510f6ceba46aeb01a0bb43e52ff34fa2&Zoom=",
        "url2": ""
      }
    },
    {
      "type": "Feature",
      "geometry": {
        "type": "Point",
        "coordinates": [
          130.7794129,
          32.8118196
        ]
      },
      "properties": {
        "内容": "バス停: 長嶺小学校前 (熊本都市バス)",
        "name": "長嶺小学校前",
        "operator": "熊本都市バス",
        "ref": "",
        "url": "https://www.kumamoto-toshibus.co.jp/timetable/jikoku_table.php?Yyyymmdd=20221201&Tei_Cd=5556&Pole=02&St_Num=undifined&Youbi_Hei=1&Youbi_Do=1&Youbi_Nichi=1&Youbi_Toku=0&X=510f6ceba46aeb01a0bb43e52ff34fa2&Zoom=",
        "url2": ""
      }
    },
    {
      "type": "Feature",
      "geometry": {
        "type": "Point",
        "coordinates": [
          130.7204711,
          32.8034244
        ]
      },
      "properties": {
        "内容": "バス停: 消防局防災センター前 (熊本都市バス)",
        "name": "消防局防災センター前",
        "operator": "熊本都市バス",
        "ref": "",
        "url": "https://www.kumamoto-toshibus.co.jp/timetable/jikoku_table.php?Yyyymmdd=20221201&Tei_Cd=3849&Pole=01&St_Num=undifined&Youbi_Hei=1&Youbi_Do=1&Youbi_Nichi=1&Youbi_Toku=0&X=b3920c7cc01d60d2dea22ad36a9407fd&Zoom=",
        "url2": ""
      }
    },
    {
      "type": "Feature",
      "geometry": {
        "type": "Point",
        "coordinates": [
          130.7205615,
          32.8037513
        ]
      },
      "properties": {
        "内容": "バス停: 消防局防災センター前 (熊本都市バス)",
        "name": "消防局防災センター前",
        "operator": "熊本都市バス",
        "ref": "",
        "url": "https://www.kumamoto-toshibus.co.jp/timetable/jikoku_table.php?Yyyymmdd=20221201&Tei_Cd=3849&Pole=02&St_Num=undifined&Youbi_Hei=1&Youbi_Do=1&Youbi_Nichi=1&Youbi_Toku=0&X=b3920c7cc01d60d2dea22ad36a9407fd&Zoom=",
        "url2": ""
      }
    },
    {
      "type": "Feature",
      "geometry": {
        "type": "Point",
        "coordinates": [
          130.719262,
          32.8020052
        ]
      },
      "properties": {
        "内容": "バス停: 新屋敷一丁目 (熊本都市バス)",
        "name": "新屋敷一丁目",
        "operator": "熊本都市バス",
        "ref": "",
        "url": "https://www.kumamoto-toshibus.co.jp/timetable/jikoku_table.php?Yyyymmdd=20221201&Tei_Cd=4175&Pole=02&St_Num=undifined&Youbi_Hei=1&Youbi_Do=1&Youbi_Nichi=1&Youbi_Toku=0&X=b3920c7cc01d60d2dea22ad36a9407fd&Zoom=",
        "url2": ""
      }
    },
    {
      "type": "Feature",
      "geometry": {
        "type": "Point",
        "coordinates": [
          130.7183426,
          32.8007357
        ]
      },
      "properties": {
        "内容": "バス停: 熊本整形外科病院前 (熊本都市バス)",
        "name": "熊本整形外科病院前",
        "operator": "熊本都市バス",
        "ref": "",
        "url": "https://www.kumamoto-toshibus.co.jp/timetable/jikoku_table.php?Yyyymmdd=20221201&Tei_Cd=840&Pole=02&St_Num=undifined&Youbi_Hei=1&Youbi_Do=1&Youbi_Nichi=1&Youbi_Toku=0&X=b3920c7cc01d60d2dea22ad36a9407fd&Zoom=",
        "url2": ""
      }
    },
    {
      "type": "Feature",
      "geometry": {
        "type": "Point",
        "coordinates": [
          130.718467,
          32.8006965
        ]
      },
      "properties": {
        "内容": "バス停: 熊本整形外科病院前 (熊本都市バス)",
        "name": "熊本整形外科病院前",
        "operator": "熊本都市バス",
        "ref": "",
        "url": "https://www.kumamoto-toshibus.co.jp/timetable/jikoku_table.php?Yyyymmdd=20221201&Tei_Cd=840&Pole=03&St_Num=undifined&Youbi_Hei=1&Youbi_Do=1&Youbi_Nichi=1&Youbi_Toku=0&X=b3920c7cc01d60d2dea22ad36a9407fd&Zoom=",
        "url2": ""
      }
    },
    {
      "type": "Feature",
      "geometry": {
        "type": "Point",
        "coordinates": [
          130.7169298,
          32.8004518
        ]
      },
      "properties": {
        "内容": "バス停: 九品寺交差点 (熊本都市バス)",
        "name": "九品寺交差点",
        "operator": "熊本都市バス",
        "ref": "",
        "url": "https://www.kumamoto-toshibus.co.jp/timetable/jikoku_table.php?Yyyymmdd=20221221&Tei_Cd=2408&Pole=12&St_Num=undifined&Youbi_Hei=1&Youbi_Do=1&Youbi_Nichi=1&Youbi_Toku=0&X=981811385ef06912ff33feae38db7ef7&Zoom=",
        "url2": ""
      }
    },
    {
      "type": "Feature",
      "geometry": {
        "type": "Point",
        "coordinates": [
          130.7136524,
          32.8022209
        ]
      },
      "properties": {
        "内容": "バス停: 水道町 (熊本都市バス)",
        "name": "水道町",
        "operator": "熊本都市バス",
        "ref": "",
        "url": "https://www.kumamoto-toshibus.co.jp/timetable/jikoku_table.php?Yyyymmdd=20221221&Tei_Cd=4089&Pole=12&St_Num=undifined&Youbi_Hei=1&Youbi_Do=1&Youbi_Nichi=1&Youbi_Toku=0&X=5ec64c3fd8d614a1eebf7c33809c9f01&Zoom=",
        "url2": ""
      }
    },
    {
      "type": "Feature",
      "geometry": {
        "type": "Point",
        "coordinates": [
          130.7139737,
          32.8021034
        ]
      },
      "properties": {
        "内容": "バス停: 水道町 (熊本都市バス)",
        "name": "水道町",
        "operator": "熊本都市バス",
        "ref": "",
        "url": "https://www.kumamoto-toshibus.co.jp/timetable/jikoku_table.php?Yyyymmdd=20221221&Tei_Cd=4089&Pole=01&St_Num=undifined&Youbi_Hei=1&Youbi_Do=1&Youbi_Nichi=1&Youbi_Toku=0&X=5ec64c3fd8d614a1eebf7c33809c9f01&Zoom=",
        "url2": ""
      }
    },
    {
      "type": "Feature",
      "geometry": {
        "type": "Point",
        "coordinates": [
          130.7072248,
          32.8033034
        ]
      },
      "properties": {
        "内容": "バス停: 市役所前 (熊本都市バス)",
        "name": "市役所前",
        "operator": "熊本都市バス",
        "ref": "",
        "url": "https://www.kumamoto-toshibus.co.jp/timetable/jikoku_table.php?Yyyymmdd=20221221&Tei_Cd=3846&Pole=12&St_Num=undifined&Youbi_Hei=1&Youbi_Do=1&Youbi_Nichi=1&Youbi_Toku=0&X=669a7f4863f242b18afeefb12bbb5108&Zoom=",
        "url2": ""
      }
    },
    {
      "type": "Feature",
      "geometry": {
        "type": "Point",
        "coordinates": [
          130.7109104,
          32.8029569
        ]
      },
      "properties": {
        "内容": "バス停: 通町筋 (熊本都市バス)",
        "name": "通町筋",
        "operator": "熊本都市バス",
        "ref": "",
        "url": "https://www.kumamoto-toshibus.co.jp/timetable/jikoku_table.php?Yyyymmdd=20221221&Tei_Cd=5238&Pole=12&St_Num=undifined&Youbi_Hei=1&Youbi_Do=1&Youbi_Nichi=1&Youbi_Toku=0&X=669a7f4863f242b18afeefb12bbb5108&Zoom=",
        "url2": ""
      }
    },
    {
      "type": "Feature",
      "geometry": {
        "type": "Point",
        "coordinates": [
          130.710956,
          32.8029434
        ]
      },
      "properties": {
        "内容": "バス停: 通町筋 (熊本都市バス)",
        "name": "通町筋",
        "operator": "熊本都市バス",
        "ref": "",
        "url": "https://www.kumamoto-toshibus.co.jp/timetable/jikoku_table.php?Yyyymmdd=20221221&Tei_Cd=5238&Pole=11&St_Num=undifined&Youbi_Hei=1&Youbi_Do=1&Youbi_Nichi=1&Youbi_Toku=0&X=669a7f4863f242b18afeefb12bbb5108&Zoom=",
        "url2": ""
      }
    },
    {
      "type": "Feature",
      "geometry": {
        "type": "Point",
        "coordinates": [
          130.7165455,
          32.7984086
        ]
      },
      "properties": {
        "内容": "バス停: 尚絅校前 (熊本都市バス)",
        "name": "尚絅校前",
        "operator": "熊本都市バス",
        "ref": "",
        "url": "https://www.kumamoto-toshibus.co.jp/timetable/jikoku_table.php?Yyyymmdd=20221221&Tei_Cd=3852&Pole=01&St_Num=undifined&Youbi_Hei=1&Youbi_Do=1&Youbi_Nichi=1&Youbi_Toku=0&X=669a7f4863f242b18afeefb12bbb5108&Zoom=",
        "url2": ""
      }
    },
    {
      "type": "Feature",
      "geometry": {
        "type": "Point",
        "coordinates": [
          130.7164114,
          32.7985163
        ]
      },
      "properties": {
        "内容": "バス停: 尚絅校前 (熊本都市バス)",
        "name": "尚絅校前",
        "operator": "熊本都市バス",
        "ref": "",
        "url": "https://www.kumamoto-toshibus.co.jp/timetable/jikoku_table.php?Yyyymmdd=20221221&Tei_Cd=3852&Pole=02&St_Num=undifined&Youbi_Hei=1&Youbi_Do=1&Youbi_Nichi=1&Youbi_Toku=0&X=669a7f4863f242b18afeefb12bbb5108&Zoom=",
        "url2": ""
      }
    },
    {
      "type": "Feature",
      "geometry": {
        "type": "Point",
        "coordinates": [
          130.7023375,
          32.7958938
        ]
      },
      "properties": {
        "内容": "バス停: 河原町",
        "name": "河原町",
        "operator": "事業者不明",
        "ref": "",
        "url": "",
        "url2": ""
      }
    },
    {
      "type": "Feature",
      "geometry": {
        "type": "Point",
        "coordinates": [
          130.714481,
          32.7966215
        ]
      },
      "properties": {
        "内容": "バス停: 労働会館入口 (熊本都市バス)",
        "name": "労働会館入口",
        "operator": "熊本都市バス",
        "ref": "",
        "url": "https://www.kumamoto-toshibus.co.jp/timetable/jikoku_table.php?Yyyymmdd=20221221&Tei_Cd=3853&Pole=01&St_Num=undifined&Youbi_Hei=1&Youbi_Do=1&Youbi_Nichi=1&Youbi_Toku=0&X=669a7f4863f242b18afeefb12bbb5108&Zoom=",
        "url2": ""
      }
    },
    {
      "type": "Feature",
      "geometry": {
        "type": "Point",
        "coordinates": [
          130.712895,
          32.795425
        ]
      },
      "properties": {
        "内容": "バス停: 大学病院前",
        "name": "大学病院前",
        "operator": "事業者不明",
        "ref": "",
        "url": "https://www.kumamoto-toshibus.co.jp/timetable/jikoku_table.php?Yyyymmdd=20221221&Tei_Cd=4637&Pole=01&St_Num=undifined&Youbi_Hei=1&Youbi_Do=1&Youbi_Nichi=1&Youbi_Toku=0&X=669a7f4863f242b18afeefb12bbb5108&Zoom=",
        "url2": ""
      }
    },
    {
      "type": "Feature",
      "geometry": {
        "type": "Point",
        "coordinates": [
          130.7084002,
          32.7935528
        ]
      },
      "properties": {
        "内容": "バス停: 本荘町 (熊本都市バス)",
        "name": "本荘町",
        "operator": "熊本都市バス",
        "ref": "",
        "url": "https://www.kumamoto-toshibus.co.jp/timetable/jikoku_table.php?Yyyymmdd=20221221&Tei_Cd=7204&Pole=02&St_Num=undifined&Youbi_Hei=1&Youbi_Do=1&Youbi_Nichi=1&Youbi_Toku=0&X=669a7f4863f242b18afeefb12bbb5108&Zoom=",
        "url2": ""
      }
    },
    {
      "type": "Feature",
      "geometry": {
        "type": "Point",
        "coordinates": [
          130.7099405,
          32.7923517
        ]
      },
      "properties": {
        "内容": "バス停: 本荘町 (熊本都市バス)",
        "name": "本荘町",
        "operator": "熊本都市バス",
        "ref": "",
        "url": "https://www.kumamoto-toshibus.co.jp/timetable/jikoku_table.php?Yyyymmdd=20221221&Tei_Cd=7204&Pole=03&St_Num=undifined&Youbi_Hei=1&Youbi_Do=1&Youbi_Nichi=1&Youbi_Toku=0&X=669a7f4863f242b18afeefb12bbb5108&Zoom=",
        "url2": ""
      }
    },
    {
      "type": "Feature",
      "geometry": {
        "type": "Point",
        "coordinates": [
          130.7100808,
          32.7924047
        ]
      },
      "properties": {
        "内容": "バス停: 本荘町 (熊本都市バス)",
        "name": "本荘町",
        "operator": "熊本都市バス",
        "ref": "",
        "url": "https://www.kumamoto-toshibus.co.jp/timetable/jikoku_table.php?Yyyymmdd=20221221&Tei_Cd=7204&Pole=04&St_Num=undifined&Youbi_Hei=1&Youbi_Do=1&Youbi_Nichi=1&Youbi_Toku=0&X=669a7f4863f242b18afeefb12bbb5108&Zoom=",
        "url2": ""
      }
    },
    {
      "type": "Feature",
      "geometry": {
        "type": "Point",
        "coordinates": [
          130.7042995,
          32.7922523
        ]
      },
      "properties": {
        "内容": "バス停: 本荘保育園前 (熊本都市バス)",
        "name": "本荘保育園前",
        "operator": "熊本都市バス",
        "ref": "",
        "url": "https://www.kumamoto-toshibus.co.jp/timetable/jikoku_table.php?Yyyymmdd=20221221&Tei_Cd=7207&Pole=02&St_Num=undifined&Youbi_Hei=1&Youbi_Do=1&Youbi_Nichi=1&Youbi_Toku=0&X=7960f1251d9107f8896ad94639a2bbf5&Zoom=",
        "url2": ""
      }
    },
    {
      "type": "Feature",
      "geometry": {
        "type": "Point",
        "coordinates": [
          130.7015544,
          32.7913046
        ]
      },
      "properties": {
        "内容": "バス停: 迎宝町 (熊本都市バス)",
        "name": "迎宝町",
        "operator": "熊本都市バス",
        "ref": "",
        "url": "https://www.kumamoto-toshibus.co.jp/timetable/jikoku_table.php?Yyyymmdd=20221221&Tei_Cd=7862&Pole=01&St_Num=undifined&Youbi_Hei=1&Youbi_Do=1&Youbi_Nichi=1&Youbi_Toku=0&X=7960f1251d9107f8896ad94639a2bbf5&Zoom=",
        "url2": ""
      }
    },
    {
      "type": "Feature",
      "geometry": {
        "type": "Point",
        "coordinates": [
          130.6965741,
          32.7900882
        ]
      },
      "properties": {
        "内容": "バス停: 九州中央リハビリテーション学院前 (熊本都市バス)",
        "name": "九州中央リハビリテーション学院前",
        "operator": "熊本都市バス",
        "ref": "",
        "url": "https://www.kumamoto-toshibus.co.jp/timetable/jikoku_table.php?Yyyymmdd=20221221&Tei_Cd=4640&Pole=01&St_Num=undifined&Youbi_Hei=1&Youbi_Do=1&Youbi_Nichi=1&Youbi_Toku=0&X=7960f1251d9107f8896ad94639a2bbf5&Zoom=",
        "url2": ""
      }
    },
    {
      "type": "Feature",
      "geometry": {
        "type": "Point",
        "coordinates": [
          130.6951178,
          32.7898031
        ]
      },
      "properties": {
        "内容": "バス停: 本山営業所 (熊本都市バス)",
        "name": "本山営業所",
        "operator": "熊本都市バス",
        "ref": "",
        "url": "https://www.kumamoto-toshibus.co.jp/timetable/jikoku_table.php?Yyyymmdd=20221221&Tei_Cd=8053&Pole=02&St_Num=undifined&Youbi_Hei=1&Youbi_Do=1&Youbi_Nichi=1&Youbi_Toku=0&X=7960f1251d9107f8896ad94639a2bbf5&Zoom=",
        "url2": ""
      }
    },
    {
      "type": "Feature",
      "geometry": {
        "type": "Point",
        "coordinates": [
          130.6950893,
          32.7899176
        ]
      },
      "properties": {
        "内容": "バス停: 本山営業所 (熊本都市バス)",
        "name": "本山営業所",
        "operator": "熊本都市バス",
        "ref": "",
        "url": "https://www.kumamoto-toshibus.co.jp/timetable/jikoku_table.php?Yyyymmdd=20221221&Tei_Cd=8053&Pole=01&St_Num=undifined&Youbi_Hei=1&Youbi_Do=1&Youbi_Nichi=1&Youbi_Toku=0&X=7960f1251d9107f8896ad94639a2bbf5&Zoom=",
        "url2": ""
      }
    },
    {
      "type": "Feature",
      "geometry": {
        "type": "Point",
        "coordinates": [
          130.6917811,
          32.7912776
        ]
      },
      "properties": {
        "内容": "バス停: 北岡神社前 (熊本都市バス)",
        "name": "北岡神社前",
        "operator": "熊本都市バス",
        "ref": "",
        "url": "https://www.kumamoto-toshibus.co.jp/timetable/jikoku_table.php?Yyyymmdd=20221221&Tei_Cd=2178&Pole=02&St_Num=undifined&Youbi_Hei=1&Youbi_Do=1&Youbi_Nichi=1&Youbi_Toku=0&X=7960f1251d9107f8896ad94639a2bbf5&Zoom=",
        "url2": ""
      }
    },
    {
      "type": "Feature",
      "geometry": {
        "type": "Point",
        "coordinates": [
          130.6944484,
          32.7934507
        ]
      },
      "properties": {
        "内容": "バス停: 祗園橋（県道） (熊本都市バス)",
        "name": "祗園橋（県道）",
        "operator": "熊本都市バス",
        "ref": "",
        "url": "https://www.kumamoto-toshibus.co.jp/timetable/jikoku_table.php?Yyyymmdd=20230110&Tei_Cd=2177&Pole=03&St_Num=undifined&Youbi_Hei=1&Youbi_Do=1&Youbi_Nichi=1&Youbi_Toku=0&X=7960f1251d9107f8896ad94639a2bbf5&Zoom=",
        "url2": ""
      }
    },
    {
      "type": "Feature",
      "geometry": {
        "type": "Point",
        "coordinates": [
          130.6950686,
          32.7928183
        ]
      },
      "properties": {
        "内容": "バス停: 祗園橋（市道） (熊本都市バス)",
        "name": "祗園橋（市道）",
        "operator": "熊本都市バス",
        "ref": "",
        "url": "https://www.kumamoto-toshibus.co.jp/timetable/jikoku_table.php?Yyyymmdd=20230110&Tei_Cd=2177&Pole=02&St_Num=undifined&Youbi_Hei=1&Youbi_Do=1&Youbi_Nichi=1&Youbi_Toku=0&X=7960f1251d9107f8896ad94639a2bbf5&Zoom=",
        "url2": ""
      }
    },
    {
      "type": "Feature",
      "geometry": {
        "type": "Point",
        "coordinates": [
          130.6961128,
          32.7975156
        ]
      },
      "properties": {
        "内容": "バス停: 明八橋 (熊本都市バス)",
        "name": "明八橋",
        "operator": "熊本都市バス",
        "ref": "",
        "url": "https://www.kumamoto-toshibus.co.jp/timetable/jikoku_table.php?Yyyymmdd=20230110&Tei_Cd=7930&Pole=02&St_Num=undifined&Youbi_Hei=1&Youbi_Do=1&Youbi_Nichi=1&Youbi_Toku=0&X=7960f1251d9107f8896ad94639a2bbf5&Zoom=",
        "url2": ""
      }
    },
    {
      "type": "Feature",
      "geometry": {
        "type": "Point",
        "coordinates": [
          130.6961209,
          32.7972924
        ]
      },
      "properties": {
        "内容": "バス停: 明八橋 (熊本都市バス)",
        "name": "明八橋",
        "operator": "熊本都市バス",
        "ref": "",
        "url": "https://www.kumamoto-toshibus.co.jp/timetable/jikoku_table.php?Yyyymmdd=20230110&Tei_Cd=7930&Pole=01&St_Num=undifined&Youbi_Hei=1&Youbi_Do=1&Youbi_Nichi=1&Youbi_Toku=0&X=7960f1251d9107f8896ad94639a2bbf5&Zoom=",
        "url2": ""
      }
    },
    {
      "type": "Feature",
      "geometry": {
        "type": "Point",
        "coordinates": [
          130.6951517,
          32.7953106
        ]
      },
      "properties": {
        "内容": "バス停: 五福校前 (熊本都市バス)",
        "name": "五福校前",
        "operator": "熊本都市バス",
        "ref": "",
        "url": "https://www.kumamoto-toshibus.co.jp/timetable/jikoku_table.php?Yyyymmdd=20230110&Tei_Cd=2895&Pole=02&St_Num=undifined&Youbi_Hei=1&Youbi_Do=1&Youbi_Nichi=1&Youbi_Toku=0&X=7960f1251d9107f8896ad94639a2bbf5&Zoom=",
        "url2": ""
      }
    },
    {
      "type": "Feature",
      "geometry": {
        "type": "Point",
        "coordinates": [
          130.6954742,
          32.7957615
        ]
      },
      "properties": {
        "内容": "バス停: 五福校前 (熊本都市バス)",
        "name": "五福校前",
        "operator": "熊本都市バス",
        "ref": "",
        "url": "https://www.kumamoto-toshibus.co.jp/timetable/jikoku_table.php?Yyyymmdd=20230110&Tei_Cd=2895&Pole=01&St_Num=undifined&Youbi_Hei=1&Youbi_Do=1&Youbi_Nichi=1&Youbi_Toku=0&X=7960f1251d9107f8896ad94639a2bbf5&Zoom=",
        "url2": ""
      }
    },
    {
      "type": "Feature",
      "geometry": {
        "type": "Point",
        "coordinates": [
          130.6968755,
          32.803877
        ]
      },
      "properties": {
        "内容": "バス停: 蔚山町 (熊本都市バス)",
        "name": "蔚山町",
        "operator": "熊本都市バス",
        "ref": "",
        "url": "https://www.kumamoto-toshibus.co.jp/timetable/jikoku_table.php?Yyyymmdd=20230110&Tei_Cd=751&Pole=02&St_Num=undifined&Youbi_Hei=1&Youbi_Do=1&Youbi_Nichi=1&Youbi_Toku=0&X=7960f1251d9107f8896ad94639a2bbf5&Zoom=",
        "url2": ""
      }
    },
    {
      "type": "Feature",
      "geometry": {
        "type": "Point",
        "coordinates": [
          130.6970666,
          32.8038715
        ]
      },
      "properties": {
        "内容": "バス停: 蔚山町 (熊本都市バス)",
        "name": "蔚山町",
        "operator": "熊本都市バス",
        "ref": "",
        "url": "https://www.kumamoto-toshibus.co.jp/timetable/jikoku_table.php?Yyyymmdd=20230110&Tei_Cd=751&Pole=01&St_Num=undifined&Youbi_Hei=1&Youbi_Do=1&Youbi_Nichi=1&Youbi_Toku=0&X=7960f1251d9107f8896ad94639a2bbf5&Zoom=",
        "url2": ""
      }
    },
    {
      "type": "Feature",
      "geometry": {
        "type": "Point",
        "coordinates": [
          130.6952408,
          32.8058602
        ]
      },
      "properties": {
        "内容": "バス停: 段山 (熊本都市バス)",
        "name": "段山",
        "operator": "熊本都市バス",
        "ref": "",
        "url": "https://www.kumamoto-toshibus.co.jp/timetable/jikoku_table.php?Yyyymmdd=20230110&Tei_Cd=4647&Pole=02&St_Num=undifined&Youbi_Hei=1&Youbi_Do=1&Youbi_Nichi=1&Youbi_Toku=0&X=7960f1251d9107f8896ad94639a2bbf5&Zoom=",
        "url2": ""
      }
    },
    {
      "type": "Feature",
      "geometry": {
        "type": "Point",
        "coordinates": [
          130.6957711,
          32.8070047
        ]
      },
      "properties": {
        "内容": "バス停: 段山 (熊本都市バス)",
        "name": "段山",
        "operator": "熊本都市バス",
        "ref": "",
        "url": "https://www.kumamoto-toshibus.co.jp/timetable/jikoku_table.php?Yyyymmdd=20230110&Tei_Cd=4647&Pole=01&St_Num=undifined&Youbi_Hei=1&Youbi_Do=1&Youbi_Nichi=1&Youbi_Toku=0&X=7960f1251d9107f8896ad94639a2bbf5&Zoom=",
        "url2": ""
      }
    },
    {
      "type": "Feature",
      "geometry": {
        "type": "Point",
        "coordinates": [
          130.6968347,
          32.8005854
        ]
      },
      "properties": {
        "内容": "バス停: 新町 (熊本都市バス)",
        "name": "新町",
        "operator": "熊本都市バス",
        "ref": "",
        "url": "https://www.kumamoto-toshibus.co.jp/timetable/jikoku_table.php?Yyyymmdd=20230110&Tei_Cd=3854&Pole=02&St_Num=undifined&Youbi_Hei=1&Youbi_Do=1&Youbi_Nichi=1&Youbi_Toku=0&X=7960f1251d9107f8896ad94639a2bbf5&Zoom=",
        "url2": ""
      }
    },
    {
      "type": "Feature",
      "geometry": {
        "type": "Point",
        "coordinates": [
          130.6970278,
          32.8005426
        ]
      },
      "properties": {
        "内容": "バス停: 新町 (熊本都市バス)",
        "name": "新町",
        "operator": "熊本都市バス",
        "ref": "",
        "url": "https://www.kumamoto-toshibus.co.jp/timetable/jikoku_table.php?Yyyymmdd=20230110&Tei_Cd=3854&Pole=01&St_Num=undifined&Youbi_Hei=1&Youbi_Do=1&Youbi_Nichi=1&Youbi_Toku=0&X=7960f1251d9107f8896ad94639a2bbf5&Zoom=",
        "url2": ""
      }
    },
    {
      "type": "Feature",
      "geometry": {
        "type": "Point",
        "coordinates": [
          130.6981482,
          32.813229
        ]
      },
      "properties": {
        "内容": "バス停: 本妙寺電停前 (熊本都市バス)",
        "name": "本妙寺電停前",
        "operator": "熊本都市バス",
        "ref": "",
        "url": "https://www.kumamoto-toshibus.co.jp/timetable/jikoku_table.php?Yyyymmdd=20230110&Tei_Cd=7209&Pole=04&St_Num=undifined&Youbi_Hei=1&Youbi_Do=1&Youbi_Nichi=1&Youbi_Toku=0&X=7960f1251d9107f8896ad94639a2bbf5&Zoom=",
        "url2": ""
      }
    },
    {
      "type": "Feature",
      "geometry": {
        "type": "Point",
        "coordinates": [
          130.698307,
          32.8131839
        ]
      },
      "properties": {
        "内容": "バス停: 本妙寺電停前 (熊本都市バス)",
        "name": "本妙寺電停前",
        "operator": "熊本都市バス",
        "ref": "",
        "url": "https://www.kumamoto-toshibus.co.jp/timetable/jikoku_table.php?Yyyymmdd=20230110&Tei_Cd=7209&Pole=03&St_Num=undifined&Youbi_Hei=1&Youbi_Do=1&Youbi_Nichi=1&Youbi_Toku=0&X=7960f1251d9107f8896ad94639a2bbf5&Zoom=",
        "url2": ""
      }
    },
    {
      "type": "Feature",
      "geometry": {
        "type": "Point",
        "coordinates": [
          130.6987855,
          32.8134437
        ]
      },
      "properties": {
        "内容": "バス停: 本妙寺電停前 (熊本都市バス)",
        "name": "本妙寺電停前",
        "operator": "熊本都市バス",
        "ref": "",
        "url": "https://www.kumamoto-toshibus.co.jp/timetable/jikoku_table.php?Yyyymmdd=20230110&Tei_Cd=7209&Pole=01&St_Num=undifined&Youbi_Hei=1&Youbi_Do=1&Youbi_Nichi=1&Youbi_Toku=0&X=7960f1251d9107f8896ad94639a2bbf5&Zoom=",
        "url2": ""
      }
    },
    {
      "type": "Feature",
      "geometry": {
        "type": "Point",
        "coordinates": [
          130.698743,
          32.8133649
        ]
      },
      "properties": {
        "内容": "バス停: 本妙寺電停前 (熊本都市バス)",
        "name": "本妙寺電停前",
        "operator": "熊本都市バス",
        "ref": "",
        "url": "https://www.kumamoto-toshibus.co.jp/timetable/jikoku_table.php?Yyyymmdd=20230110&Tei_Cd=7209&Pole=02&St_Num=undifined&Youbi_Hei=1&Youbi_Do=1&Youbi_Nichi=1&Youbi_Toku=0&X=7960f1251d9107f8896ad94639a2bbf5&Zoom=",
        "url2": ""
      }
    },
    {
      "type": "Feature",
      "geometry": {
        "type": "Point",
        "coordinates": [
          130.6968401,
          32.810093
        ]
      },
      "properties": {
        "内容": "バス停: 杉塘 (熊本都市バス)",
        "name": "杉塘",
        "operator": "熊本都市バス",
        "ref": "",
        "url": "https://www.kumamoto-toshibus.co.jp/timetable/jikoku_table.php?Yyyymmdd=20230110&Tei_Cd=4090&Pole=02&St_Num=undifined&Youbi_Hei=1&Youbi_Do=1&Youbi_Nichi=1&Youbi_Toku=0&X=7960f1251d9107f8896ad94639a2bbf5&Zoom=",
        "url2": ""
      }
    },
    {
      "type": "Feature",
      "geometry": {
        "type": "Point",
        "coordinates": [
          130.6970362,
          32.8101009
        ]
      },
      "properties": {
        "内容": "バス停: 杉塘 (熊本都市バス)",
        "name": "杉塘",
        "operator": "熊本都市バス",
        "ref": "",
        "url": "https://www.kumamoto-toshibus.co.jp/timetable/jikoku_table.php?Yyyymmdd=20230110&Tei_Cd=4090&Pole=01&St_Num=undifined&Youbi_Hei=1&Youbi_Do=1&Youbi_Nichi=1&Youbi_Toku=0&X=7960f1251d9107f8896ad94639a2bbf5&Zoom=",
        "url2": ""
      }
    },
    {
      "type": "Feature",
      "geometry": {
        "type": "Point",
        "coordinates": [
          130.6912055,
          32.7898549
        ]
      },
      "properties": {
        "内容": "バス停: 森都心プラザ前 (熊本都市バス)",
        "name": "森都心プラザ前",
        "operator": "熊本都市バス",
        "ref": "",
        "url": "https://www.kumamoto-toshibus.co.jp/timetable/jikoku_table.php?Yyyymmdd=20230110&Tei_Cd=2431&Pole=04&St_Num=undifined&Youbi_Hei=1&Youbi_Do=1&Youbi_Nichi=1&Youbi_Toku=0&X=7960f1251d9107f8896ad94639a2bbf5&Zoom=",
        "url2": ""
      }
    },
    {
      "type": "Feature",
      "geometry": {
        "type": "Point",
        "coordinates": [
          130.4338826,
          32.9941871
        ]
      },
      "properties": {
        "内容": "バス停: 市内・玉名方面、万田坑行き、グリーンランド行きバス乗り場",
        "name": "市内・玉名方面、万田坑行き、グリーンランド行きバス乗り場",
        "operator": "事業者不明",
        "ref": "1",
        "url": "",
        "url2": ""
      }
    },
    {
      "type": "Feature",
      "geometry": {
        "type": "Point",
        "coordinates": [
          130.4339013,
          32.9944028
        ]
      },
      "properties": {
        "内容": "バス停: 大牟田方面荒尾駅前",
        "name": "大牟田方面荒尾駅前",
        "operator": "事業者不明",
        "ref": "2",
        "url": "",
        "url2": ""
      }
    },
    {
      "type": "Feature",
      "geometry": {
        "type": "Point",
        "coordinates": [
          130.4339139,
          32.9945447
        ]
      },
      "properties": {
        "内容": "バス停: 高速バス福岡空港行荒尾駅前",
        "name": "高速バス福岡空港行荒尾駅前",
        "operator": "事業者不明",
        "ref": "３",
        "url": "",
        "url2": ""
      }
    },
    {
      "type": "Feature",
      "geometry": {
        "type": "Point",
        "coordinates": [
          130.5487049,
          32.9265295
        ]
      },
      "properties": {
        "内容": "バス停: 名称不明バス停",
        "name": "名称不明バス停",
        "operator": "事業者不明",
        "ref": "",
        "url": "",
        "url2": ""
      }
    },
    {
      "type": "Feature",
      "geometry": {
        "type": "Point",
        "coordinates": [
          130.7320668,
          32.7914123
        ]
      },
      "properties": {
        "内容": "バス停: 水前寺鳥居前",
        "name": "水前寺鳥居前",
        "operator": "事業者不明",
        "ref": "",
        "url": "",
        "url2": ""
      }
    },
    {
      "type": "Feature",
      "geometry": {
        "type": "Point",
        "coordinates": [
          130.7497592,
          32.8833343
        ]
      },
      "properties": {
        "内容": "バス停: 名称不明バス停",
        "name": "名称不明バス停",
        "operator": "事業者不明",
        "ref": "1",
        "url": "",
        "url2": ""
      }
    },
    {
      "type": "Feature",
      "geometry": {
        "type": "Point",
        "coordinates": [
          130.7496961,
          32.8831931
        ]
      },
      "properties": {
        "内容": "バス停: 名称不明バス停",
        "name": "名称不明バス停",
        "operator": "事業者不明",
        "ref": "2",
        "url": "",
        "url2": ""
      }
    },
    {
      "type": "Feature",
      "geometry": {
        "type": "Point",
        "coordinates": [
          130.7785571,
          32.8015153
        ]
      },
      "properties": {
        "内容": "バス停: 小峯四丁目 (熊本都市バス)",
        "name": "小峯四丁目",
        "operator": "熊本都市バス",
        "ref": "",
        "url": "",
        "url2": ""
      }
    },
    {
      "type": "Feature",
      "geometry": {
        "type": "Point",
        "coordinates": [
          130.7782116,
          32.8018567
        ]
      },
      "properties": {
        "内容": "バス停: 小峯四丁目 (熊本都市バス)",
        "name": "小峯四丁目",
        "operator": "熊本都市バス",
        "ref": "",
        "url": "",
        "url2": ""
      }
    },
    {
      "type": "Feature",
      "geometry": {
        "type": "Point",
        "coordinates": [
          130.5489042,
          32.9264858
        ]
      },
      "properties": {
        "内容": "バス停: 名称不明バス停",
        "name": "名称不明バス停",
        "operator": "事業者不明",
        "ref": "",
        "url": "",
        "url2": ""
      }
    },
    {
      "type": "Feature",
      "geometry": {
        "type": "Point",
        "coordinates": [
          130.6350334,
          32.5186823
        ]
      },
      "properties": {
        "内容": "バス停: 新八代駅",
        "name": "新八代駅",
        "operator": "事業者不明",
        "ref": "",
        "url": "",
        "url2": ""
      }
    },
    {
      "type": "Feature",
      "geometry": {
        "type": "Point",
        "coordinates": [
          130.6254572,
          32.7165254
        ]
      },
      "properties": {
        "内容": "バス停: 川口二丁 (九州産交バス)",
        "name": "川口二丁",
        "operator": "九州産交バス",
        "ref": "",
        "url": "",
        "url2": ""
      }
    },
    {
      "type": "Feature",
      "geometry": {
        "type": "Point",
        "coordinates": [
          130.6670084,
          32.7768096
        ]
      },
      "properties": {
        "内容": "バス停: 西部車庫",
        "name": "西部車庫",
        "operator": "事業者不明",
        "ref": "",
        "url": "",
        "url2": ""
      }
    },
    {
      "type": "Feature",
      "geometry": {
        "type": "Point",
        "coordinates": [
          130.6716277,
          32.7762822
        ]
      },
      "properties": {
        "内容": "バス停: 新土河原町入口",
        "name": "新土河原町入口",
        "operator": "事業者不明",
        "ref": "",
        "url": "",
        "url2": ""
      }
    },
    {
      "type": "Feature",
      "geometry": {
        "type": "Point",
        "coordinates": [
          130.6714462,
          32.7761465
        ]
      },
      "properties": {
        "内容": "バス停: 新土河原町入口",
        "name": "新土河原町入口",
        "operator": "事業者不明",
        "ref": "",
        "url": "",
        "url2": ""
      }
    },
    {
      "type": "Feature",
      "geometry": {
        "type": "Point",
        "coordinates": [
          130.6807585,
          32.7753288
        ]
      },
      "properties": {
        "内容": "バス停: 新土河原一丁目",
        "name": "新土河原一丁目",
        "operator": "事業者不明",
        "ref": "",
        "url": "",
        "url2": ""
      }
    },
    {
      "type": "Feature",
      "geometry": {
        "type": "Point",
        "coordinates": [
          130.6808286,
          32.7769205
        ]
      },
      "properties": {
        "内容": "バス停: 野中（土河原）",
        "name": "野中（土河原）",
        "operator": "事業者不明",
        "ref": "",
        "url": "",
        "url2": ""
      }
    },
    {
      "type": "Feature",
      "geometry": {
        "type": "Point",
        "coordinates": [
          130.6807134,
          32.7768455
        ]
      },
      "properties": {
        "内容": "バス停: 野中（土河原）",
        "name": "野中（土河原）",
        "operator": "事業者不明",
        "ref": "",
        "url": "",
        "url2": ""
      }
    },
    {
      "type": "Feature",
      "geometry": {
        "type": "Point",
        "coordinates": [
          130.6797131,
          32.7741393
        ]
      },
      "properties": {
        "内容": "バス停: 新土河原町",
        "name": "新土河原町",
        "operator": "事業者不明",
        "ref": "",
        "url": "",
        "url2": ""
      }
    },
    {
      "type": "Feature",
      "geometry": {
        "type": "Point",
        "coordinates": [
          130.6796538,
          32.7744329
        ]
      },
      "properties": {
        "内容": "バス停: 新土河原町",
        "name": "新土河原町",
        "operator": "事業者不明",
        "ref": "",
        "url": "",
        "url2": ""
      }
    },
    {
      "type": "Feature",
      "geometry": {
        "type": "Point",
        "coordinates": [
          130.6782132,
          32.7701956
        ]
      },
      "properties": {
        "内容": "バス停: 薄場町",
        "name": "薄場町",
        "operator": "事業者不明",
        "ref": "",
        "url": "",
        "url2": ""
      }
    },
    {
      "type": "Feature",
      "geometry": {
        "type": "Point",
        "coordinates": [
          130.678137,
          32.7697539
        ]
      },
      "properties": {
        "内容": "バス停: 薄場町",
        "name": "薄場町",
        "operator": "事業者不明",
        "ref": "",
        "url": "",
        "url2": ""
      }
    },
    {
      "type": "Feature",
      "geometry": {
        "type": "Point",
        "coordinates": [
          130.6758409,
          32.7675785
        ]
      },
      "properties": {
        "内容": "バス停: 野口町",
        "name": "野口町",
        "operator": "事業者不明",
        "ref": "",
        "url": "",
        "url2": ""
      }
    },
    {
      "type": "Feature",
      "geometry": {
        "type": "Point",
        "coordinates": [
          130.6751365,
          32.7676861
        ]
      },
      "properties": {
        "内容": "バス停: 薄場町",
        "name": "薄場町",
        "operator": "事業者不明",
        "ref": "",
        "url": "",
        "url2": ""
      }
    },
    {
      "type": "Feature",
      "geometry": {
        "type": "Point",
        "coordinates": [
          130.6734083,
          32.7677355
        ]
      },
      "properties": {
        "内容": "バス停: 野口郵便局前",
        "name": "野口郵便局前",
        "operator": "事業者不明",
        "ref": "",
        "url": "",
        "url2": ""
      }
    },
    {
      "type": "Feature",
      "geometry": {
        "type": "Point",
        "coordinates": [
          130.6733713,
          32.7677984
        ]
      },
      "properties": {
        "内容": "バス停: 野口郵便局前",
        "name": "野口郵便局前",
        "operator": "事業者不明",
        "ref": "",
        "url": "",
        "url2": ""
      }
    },
    {
      "type": "Feature",
      "geometry": {
        "type": "Point",
        "coordinates": [
          130.6685411,
          32.7674106
        ]
      },
      "properties": {
        "内容": "バス停: 土河原",
        "name": "土河原",
        "operator": "事業者不明",
        "ref": "",
        "url": "",
        "url2": ""
      }
    },
    {
      "type": "Feature",
      "geometry": {
        "type": "Point",
        "coordinates": [
          130.6684527,
          32.7674457
        ]
      },
      "properties": {
        "内容": "バス停: 土河原",
        "name": "土河原",
        "operator": "事業者不明",
        "ref": "",
        "url": "",
        "url2": ""
      }
    },
    {
      "type": "Feature",
      "geometry": {
        "type": "Point",
        "coordinates": [
          130.6640629,
          32.7638615
        ]
      },
      "properties": {
        "内容": "バス停: 十三",
        "name": "十三",
        "operator": "事業者不明",
        "ref": "",
        "url": "",
        "url2": ""
      }
    },
    {
      "type": "Feature",
      "geometry": {
        "type": "Point",
        "coordinates": [
          130.6636166,
          32.7637544
        ]
      },
      "properties": {
        "内容": "バス停: 十三",
        "name": "十三",
        "operator": "事業者不明",
        "ref": "",
        "url": "",
        "url2": ""
      }
    },
    {
      "type": "Feature",
      "geometry": {
        "type": "Point",
        "coordinates": [
          130.6603728,
          32.7623625
        ]
      },
      "properties": {
        "内容": "バス停: 八分字",
        "name": "八分字",
        "operator": "事業者不明",
        "ref": "",
        "url": "",
        "url2": ""
      }
    },
    {
      "type": "Feature",
      "geometry": {
        "type": "Point",
        "coordinates": [
          130.6598654,
          32.7622586
        ]
      },
      "properties": {
        "内容": "バス停: 八分字",
        "name": "八分字",
        "operator": "事業者不明",
        "ref": "",
        "url": "",
        "url2": ""
      }
    },
    {
      "type": "Feature",
      "geometry": {
        "type": "Point",
        "coordinates": [
          130.657554,
          32.7622272
        ]
      },
      "properties": {
        "内容": "バス停: 砂原",
        "name": "砂原",
        "operator": "事業者不明",
        "ref": "",
        "url": "",
        "url2": ""
      }
    },
    {
      "type": "Feature",
      "geometry": {
        "type": "Point",
        "coordinates": [
          130.6575599,
          32.7621277
        ]
      },
      "properties": {
        "内容": "バス停: 砂原",
        "name": "砂原",
        "operator": "事業者不明",
        "ref": "",
        "url": "",
        "url2": ""
      }
    },
    {
      "type": "Feature",
      "geometry": {
        "type": "Point",
        "coordinates": [
          130.6518352,
          32.759919
        ]
      },
      "properties": {
        "内容": "バス停: 孫代",
        "name": "孫代",
        "operator": "事業者不明",
        "ref": "",
        "url": "",
        "url2": ""
      }
    },
    {
      "type": "Feature",
      "geometry": {
        "type": "Point",
        "coordinates": [
          130.6517046,
          32.759686
        ]
      },
      "properties": {
        "内容": "バス停: 孫代",
        "name": "孫代",
        "operator": "事業者不明",
        "ref": "",
        "url": "",
        "url2": ""
      }
    },
    {
      "type": "Feature",
      "geometry": {
        "type": "Point",
        "coordinates": [
          130.6471592,
          32.7563588
        ]
      },
      "properties": {
        "内容": "バス停: 宝徳寺",
        "name": "宝徳寺",
        "operator": "事業者不明",
        "ref": "",
        "url": "",
        "url2": ""
      }
    },
    {
      "type": "Feature",
      "geometry": {
        "type": "Point",
        "coordinates": [
          130.6471662,
          32.7561769
        ]
      },
      "properties": {
        "内容": "バス停: 宝徳寺",
        "name": "宝徳寺",
        "operator": "事業者不明",
        "ref": "",
        "url": "",
        "url2": ""
      }
    },
    {
      "type": "Feature",
      "geometry": {
        "type": "Point",
        "coordinates": [
          130.6422122,
          32.7535813
        ]
      },
      "properties": {
        "内容": "バス停: 並建",
        "name": "並建",
        "operator": "事業者不明",
        "ref": "",
        "url": "",
        "url2": ""
      }
    },
    {
      "type": "Feature",
      "geometry": {
        "type": "Point",
        "coordinates": [
          130.6426975,
          32.7534665
        ]
      },
      "properties": {
        "内容": "バス停: 並建",
        "name": "並建",
        "operator": "事業者不明",
        "ref": "",
        "url": "",
        "url2": ""
      }
    },
    {
      "type": "Feature",
      "geometry": {
        "type": "Point",
        "coordinates": [
          130.6420173,
          32.7507279
        ]
      },
      "properties": {
        "内容": "バス停: 六反田",
        "name": "六反田",
        "operator": "事業者不明",
        "ref": "",
        "url": "",
        "url2": ""
      }
    },
    {
      "type": "Feature",
      "geometry": {
        "type": "Point",
        "coordinates": [
          130.6425648,
          32.7478499
        ]
      },
      "properties": {
        "内容": "バス停: 鵜森",
        "name": "鵜森",
        "operator": "事業者不明",
        "ref": "",
        "url": "",
        "url2": ""
      }
    },
    {
      "type": "Feature",
      "geometry": {
        "type": "Point",
        "coordinates": [
          130.6433394,
          32.7452676
        ]
      },
      "properties": {
        "内容": "バス停: 内田（川口）",
        "name": "内田（川口）",
        "operator": "事業者不明",
        "ref": "",
        "url": "",
        "url2": ""
      }
    },
    {
      "type": "Feature",
      "geometry": {
        "type": "Point",
        "coordinates": [
          130.645017,
          32.7410122
        ]
      },
      "properties": {
        "内容": "バス停: 銭塘校前",
        "name": "銭塘校前",
        "operator": "事業者不明",
        "ref": "",
        "url": "",
        "url2": ""
      }
    },
    {
      "type": "Feature",
      "geometry": {
        "type": "Point",
        "coordinates": [
          130.6445587,
          32.7390503
        ]
      },
      "properties": {
        "内容": "バス停: 銭塘郵便局前",
        "name": "銭塘郵便局前",
        "operator": "事業者不明",
        "ref": "",
        "url": "",
        "url2": ""
      }
    },
    {
      "type": "Feature",
      "geometry": {
        "type": "Point",
        "coordinates": [
          130.6445376,
          32.7388972
        ]
      },
      "properties": {
        "内容": "バス停: 銭塘郵便局前",
        "name": "銭塘郵便局前",
        "operator": "事業者不明",
        "ref": "",
        "url": "",
        "url2": ""
      }
    },
    {
      "type": "Feature",
      "geometry": {
        "type": "Point",
        "coordinates": [
          130.6432325,
          32.737533
        ]
      },
      "properties": {
        "内容": "バス停: 荒木",
        "name": "荒木",
        "operator": "事業者不明",
        "ref": "",
        "url": "",
        "url2": ""
      }
    },
    {
      "type": "Feature",
      "geometry": {
        "type": "Point",
        "coordinates": [
          130.6429519,
          32.7371889
        ]
      },
      "properties": {
        "内容": "バス停: 荒木",
        "name": "荒木",
        "operator": "事業者不明",
        "ref": "",
        "url": "",
        "url2": ""
      }
    },
    {
      "type": "Feature",
      "geometry": {
        "type": "Point",
        "coordinates": [
          130.6405365,
          32.7351412
        ]
      },
      "properties": {
        "内容": "バス停: 銭塘",
        "name": "銭塘",
        "operator": "事業者不明",
        "ref": "",
        "url": "",
        "url2": ""
      }
    },
    {
      "type": "Feature",
      "geometry": {
        "type": "Point",
        "coordinates": [
          130.6400221,
          32.734857
        ]
      },
      "properties": {
        "内容": "バス停: 銭塘",
        "name": "銭塘",
        "operator": "事業者不明",
        "ref": "",
        "url": "",
        "url2": ""
      }
    },
    {
      "type": "Feature",
      "geometry": {
        "type": "Point",
        "coordinates": [
          130.6372103,
          32.7324713
        ]
      },
      "properties": {
        "内容": "バス停: 天明まちづくりセンター前",
        "name": "天明まちづくりセンター前",
        "operator": "事業者不明",
        "ref": "",
        "url": "",
        "url2": ""
      }
    },
    {
      "type": "Feature",
      "geometry": {
        "type": "Point",
        "coordinates": [
          130.6353077,
          32.730402
        ]
      },
      "properties": {
        "内容": "バス停: 六地蔵",
        "name": "六地蔵",
        "operator": "事業者不明",
        "ref": "",
        "url": "",
        "url2": ""
      }
    },
    {
      "type": "Feature",
      "geometry": {
        "type": "Point",
        "coordinates": [
          130.6315323,
          32.7283604
        ]
      },
      "properties": {
        "内容": "バス停: 奥古閑",
        "name": "奥古閑",
        "operator": "事業者不明",
        "ref": "",
        "url": "",
        "url2": ""
      }
    },
    {
      "type": "Feature",
      "geometry": {
        "type": "Point",
        "coordinates": [
          130.6303781,
          32.725191
        ]
      },
      "properties": {
        "内容": "バス停: 下沖橋",
        "name": "下沖橋",
        "operator": "事業者不明",
        "ref": "",
        "url": "",
        "url2": ""
      }
    },
    {
      "type": "Feature",
      "geometry": {
        "type": "Point",
        "coordinates": [
          130.6296352,
          32.7217584
        ]
      },
      "properties": {
        "内容": "バス停: 惟重入口",
        "name": "惟重入口",
        "operator": "事業者不明",
        "ref": "",
        "url": "",
        "url2": ""
      }
    },
    {
      "type": "Feature",
      "geometry": {
        "type": "Point",
        "coordinates": [
          130.6315946,
          32.7286334
        ]
      },
      "properties": {
        "内容": "バス停: 奥古閑",
        "name": "奥古閑",
        "operator": "事業者不明",
        "ref": "",
        "url": "",
        "url2": ""
      }
    },
    {
      "type": "Feature",
      "geometry": {
        "type": "Point",
        "coordinates": [
          130.6299883,
          32.7197195
        ]
      },
      "properties": {
        "内容": "バス停: 惟重",
        "name": "惟重",
        "operator": "事業者不明",
        "ref": "",
        "url": "",
        "url2": ""
      }
    },
    {
      "type": "Feature",
      "geometry": {
        "type": "Point",
        "coordinates": [
          130.6299131,
          32.7197195
        ]
      },
      "properties": {
        "内容": "バス停: 奥古閑",
        "name": "奥古閑",
        "operator": "事業者不明",
        "ref": "",
        "url": "",
        "url2": ""
      }
    },
    {
      "type": "Feature",
      "geometry": {
        "type": "Point",
        "coordinates": [
          130.6285387,
          32.7173052
        ]
      },
      "properties": {
        "内容": "バス停: 川口漁協前",
        "name": "川口漁協前",
        "operator": "事業者不明",
        "ref": "",
        "url": "",
        "url2": ""
      }
    },
    {
      "type": "Feature",
      "geometry": {
        "type": "Point",
        "coordinates": [
          130.6693591,
          32.7630066
        ]
      },
      "properties": {
        "内容": "バス停: アクアドーム",
        "name": "アクアドーム",
        "operator": "事業者不明",
        "ref": "",
        "url": "",
        "url2": ""
      }
    },
    {
      "type": "Feature",
      "geometry": {
        "type": "Point",
        "coordinates": [
          130.6827468,
          32.7776144
        ]
      },
      "properties": {
        "内容": "バス停: 白坪校前",
        "name": "白坪校前",
        "operator": "事業者不明",
        "ref": "",
        "url": "",
        "url2": ""
      }
    },
    {
      "type": "Feature",
      "geometry": {
        "type": "Point",
        "coordinates": [
          130.6828235,
          32.7775273
        ]
      },
      "properties": {
        "内容": "バス停: 白坪校前",
        "name": "白坪校前",
        "operator": "事業者不明",
        "ref": "",
        "url": "",
        "url2": ""
      }
    },
    {
      "type": "Feature",
      "geometry": {
        "type": "Point",
        "coordinates": [
          130.6837681,
          32.7797917
        ]
      },
      "properties": {
        "内容": "バス停: 八島町",
        "name": "八島町",
        "operator": "事業者不明",
        "ref": "",
        "url": "",
        "url2": ""
      }
    },
    {
      "type": "Feature",
      "geometry": {
        "type": "Point",
        "coordinates": [
          130.6837209,
          32.7801356
        ]
      },
      "properties": {
        "内容": "バス停: 八島町",
        "name": "八島町",
        "operator": "事業者不明",
        "ref": "",
        "url": "",
        "url2": ""
      }
    },
    {
      "type": "Feature",
      "geometry": {
        "type": "Point",
        "coordinates": [
          130.6841209,
          32.7827806
        ]
      },
      "properties": {
        "内容": "バス停: 田崎町",
        "name": "田崎町",
        "operator": "事業者不明",
        "ref": "",
        "url": "",
        "url2": ""
      }
    },
    {
      "type": "Feature",
      "geometry": {
        "type": "Point",
        "coordinates": [
          130.6840478,
          32.7834664
        ]
      },
      "properties": {
        "内容": "バス停: 田崎町",
        "name": "田崎町",
        "operator": "事業者不明",
        "ref": "",
        "url": "",
        "url2": ""
      }
    },
    {
      "type": "Feature",
      "geometry": {
        "type": "Point",
        "coordinates": [
          130.698957,
          32.7995136
        ]
      },
      "properties": {
        "内容": "バス停: 中央郵便局前",
        "name": "中央郵便局前",
        "operator": "事業者不明",
        "ref": "",
        "url": "",
        "url2": ""
      }
    },
    {
      "type": "Feature",
      "geometry": {
        "type": "Point",
        "coordinates": [
          130.6990552,
          32.7995492
        ]
      },
      "properties": {
        "内容": "バス停: 中央郵便局前",
        "name": "中央郵便局前",
        "operator": "事業者不明",
        "ref": "",
        "url": "",
        "url2": ""
      }
    },
    {
      "type": "Feature",
      "geometry": {
        "type": "Point",
        "coordinates": [
          130.6924893,
          32.8021192
        ]
      },
      "properties": {
        "内容": "バス停: 西山中学校前",
        "name": "西山中学校前",
        "operator": "事業者不明",
        "ref": "",
        "url": "",
        "url2": ""
      }
    },
    {
      "type": "Feature",
      "geometry": {
        "type": "Point",
        "coordinates": [
          130.6924402,
          32.8020505
        ]
      },
      "properties": {
        "内容": "バス停: 西山中学校前",
        "name": "西山中学校前",
        "operator": "事業者不明",
        "ref": "",
        "url": "",
        "url2": ""
      }
    },
    {
      "type": "Feature",
      "geometry": {
        "type": "Point",
        "coordinates": [
          130.6897933,
          32.8022
        ]
      },
      "properties": {
        "内容": "バス停: 筒口",
        "name": "筒口",
        "operator": "事業者不明",
        "ref": "",
        "url": "",
        "url2": ""
      }
    },
    {
      "type": "Feature",
      "geometry": {
        "type": "Point",
        "coordinates": [
          130.6896669,
          32.8020936
        ]
      },
      "properties": {
        "内容": "バス停: 筒口",
        "name": "筒口",
        "operator": "事業者不明",
        "ref": "",
        "url": "",
        "url2": ""
      }
    },
    {
      "type": "Feature",
      "geometry": {
        "type": "Point",
        "coordinates": [
          130.6876706,
          32.8013691
        ]
      },
      "properties": {
        "内容": "バス停: 横手郵便局前",
        "name": "横手郵便局前",
        "operator": "事業者不明",
        "ref": "",
        "url": "",
        "url2": ""
      }
    },
    {
      "type": "Feature",
      "geometry": {
        "type": "Point",
        "coordinates": [
          130.6877095,
          32.8013151
        ]
      },
      "properties": {
        "内容": "バス停: 横手郵便局前",
        "name": "横手郵便局前",
        "operator": "事業者不明",
        "ref": "",
        "url": "",
        "url2": ""
      }
    },
    {
      "type": "Feature",
      "geometry": {
        "type": "Point",
        "coordinates": [
          130.6872004,
          32.8013848
        ]
      },
      "properties": {
        "内容": "バス停: 戸坂入口 (熊本都市バス)",
        "name": "戸坂入口",
        "operator": "熊本都市バス",
        "ref": "",
        "url": "",
        "url2": ""
      }
    },
    {
      "type": "Feature",
      "geometry": {
        "type": "Point",
        "coordinates": [
          130.6871314,
          32.8013634
        ]
      },
      "properties": {
        "内容": "バス停: 戸坂入口 (熊本都市バス)",
        "name": "戸坂入口",
        "operator": "熊本都市バス",
        "ref": "",
        "url": "",
        "url2": ""
      }
    },
    {
      "type": "Feature",
      "geometry": {
        "type": "Point",
        "coordinates": [
          130.6867211,
          32.8020356
        ]
      },
      "properties": {
        "内容": "バス停: 四方池 (熊本都市バス)",
        "name": "四方池",
        "operator": "熊本都市バス",
        "ref": "",
        "url": "",
        "url2": ""
      }
    },
    {
      "type": "Feature",
      "geometry": {
        "type": "Point",
        "coordinates": [
          130.6865852,
          32.8020935
        ]
      },
      "properties": {
        "内容": "バス停: 四方池 (熊本都市バス)",
        "name": "四方池",
        "operator": "熊本都市バス",
        "ref": "",
        "url": "",
        "url2": ""
      }
    },
    {
      "type": "Feature",
      "geometry": {
        "type": "Point",
        "coordinates": [
          130.6845142,
          32.8048686
        ]
      },
      "properties": {
        "内容": "バス停: 千原台 (熊本都市バス)",
        "name": "千原台",
        "operator": "熊本都市バス",
        "ref": "",
        "url": "",
        "url2": ""
      }
    },
    {
      "type": "Feature",
      "geometry": {
        "type": "Point",
        "coordinates": [
          130.6844017,
          32.8048826
        ]
      },
      "properties": {
        "内容": "バス停: 千原台 (熊本都市バス)",
        "name": "千原台",
        "operator": "熊本都市バス",
        "ref": "",
        "url": "",
        "url2": ""
      }
    },
    {
      "type": "Feature",
      "geometry": {
        "type": "Point",
        "coordinates": [
          130.6834231,
          32.8062407
        ]
      },
      "properties": {
        "内容": "バス停: 城西校前",
        "name": "城西校前",
        "operator": "事業者不明",
        "ref": "",
        "url": "",
        "url2": ""
      }
    },
    {
      "type": "Feature",
      "geometry": {
        "type": "Point",
        "coordinates": [
          130.6832782,
          32.8066151
        ]
      },
      "properties": {
        "内容": "バス停: 城西校前 (熊本都市バス)",
        "name": "城西校前",
        "operator": "熊本都市バス",
        "ref": "",
        "url": "",
        "url2": ""
      }
    },
    {
      "type": "Feature",
      "geometry": {
        "type": "Point",
        "coordinates": [
          130.6853265,
          32.8081968
        ]
      },
      "properties": {
        "内容": "バス停: 城西校北 (熊本都市バス)",
        "name": "城西校北",
        "operator": "熊本都市バス",
        "ref": "",
        "url": "",
        "url2": ""
      }
    },
    {
      "type": "Feature",
      "geometry": {
        "type": "Point",
        "coordinates": [
          131.1177058,
          32.9374264
        ]
      },
      "properties": {
        "内容": "バス停: 宮地駅前 (産交バス)",
        "name": "宮地駅前",
        "operator": "産交バス",
        "ref": "",
        "url": "",
        "url2": ""
      }
    },
    {
      "type": "Feature",
      "geometry": {
        "type": "Point",
        "coordinates": [
          131.1172584,
          32.9486578
        ]
      },
      "properties": {
        "内容": "バス停: 栄通り (産交バス)",
        "name": "栄通り",
        "operator": "産交バス",
        "ref": "",
        "url": "",
        "url2": ""
      }
    },
    {
      "type": "Feature",
      "geometry": {
        "type": "Point",
        "coordinates": [
          131.1164572,
          32.9467686
        ]
      },
      "properties": {
        "内容": "バス停: 阿蘇神社前 (産交バス)",
        "name": "阿蘇神社前",
        "operator": "産交バス",
        "ref": "",
        "url": "",
        "url2": ""
      }
    },
    {
      "type": "Feature",
      "geometry": {
        "type": "Point",
        "coordinates": [
          131.1115158,
          32.9385826
        ]
      },
      "properties": {
        "内容": "バス停: 古神西 (産交バス)",
        "name": "古神西",
        "operator": "産交バス",
        "ref": "",
        "url": "",
        "url2": ""
      }
    },
    {
      "type": "Feature",
      "geometry": {
        "type": "Point",
        "coordinates": [
          131.04087,
          32.934426
        ]
      },
      "properties": {
        "内容": "バス停: 名称不明バス停",
        "name": "名称不明バス停",
        "operator": "事業者不明",
        "ref": "",
        "url": "",
        "url2": ""
      }
    },
    {
      "type": "Feature",
      "geometry": {
        "type": "Point",
        "coordinates": [
          130.6960762,
          32.7935912
        ]
      },
      "properties": {
        "内容": "バス停: ANAクラウンプラザホテル熊本ニュースカイ",
        "name": "ANAクラウンプラザホテル熊本ニュースカイ",
        "operator": "事業者不明",
        "ref": "",
        "url": "",
        "url2": ""
      }
    },
    {
      "type": "Feature",
      "geometry": {
        "type": "Point",
        "coordinates": [
          130.646958,
          32.7871633
        ]
      },
      "properties": {
        "内容": "バス停: 二の口",
        "name": "二の口",
        "operator": "事業者不明",
        "ref": "",
        "url": "",
        "url2": ""
      }
    },
    {
      "type": "Feature",
      "geometry": {
        "type": "Point",
        "coordinates": [
          131.079753,
          32.9372406
        ]
      },
      "properties": {
        "内容": "バス停: 名称不明バス停",
        "name": "名称不明バス停",
        "operator": "事業者不明",
        "ref": "",
        "url": "",
        "url2": ""
      }
    },
    {
      "type": "Feature",
      "geometry": {
        "type": "Point",
        "coordinates": [
          130.700213,
          32.8088402
        ]
      },
      "properties": {
        "内容": "バス停: 博物館・旧細川刑部邸前 (熊本城周遊バス)",
        "name": "博物館・旧細川刑部邸前",
        "operator": "熊本城周遊バス",
        "ref": "",
        "url": "",
        "url2": ""
      }
    },
    {
      "type": "Feature",
      "geometry": {
        "type": "Point",
        "coordinates": [
          130.7001046,
          32.8031535
        ]
      },
      "properties": {
        "内容": "バス停: 国立病院前 (熊本都市バス)",
        "name": "国立病院前",
        "operator": "熊本都市バス",
        "ref": "",
        "url": "",
        "url2": ""
      }
    },
    {
      "type": "Feature",
      "geometry": {
        "type": "Point",
        "coordinates": [
          130.7014681,
          32.8027794
        ]
      },
      "properties": {
        "内容": "バス停: 第一高校東門 (熊本都市バス)",
        "name": "第一高校東門",
        "operator": "熊本都市バス",
        "ref": "",
        "url": "",
        "url2": ""
      }
    },
    {
      "type": "Feature",
      "geometry": {
        "type": "Point",
        "coordinates": [
          130.7015099,
          32.8028186
        ]
      },
      "properties": {
        "内容": "バス停: 第一高校東門 (熊本都市バス)",
        "name": "第一高校東門",
        "operator": "熊本都市バス",
        "ref": "",
        "url": "",
        "url2": ""
      }
    },
    {
      "type": "Feature",
      "geometry": {
        "type": "Point",
        "coordinates": [
          130.6977628,
          32.8046278
        ]
      },
      "properties": {
        "内容": "バス停: 段山・市立博物館入口",
        "name": "段山・市立博物館入口",
        "operator": "事業者不明",
        "ref": "",
        "url": "",
        "url2": ""
      }
    },
    {
      "type": "Feature",
      "geometry": {
        "type": "Point",
        "coordinates": [
          130.6976846,
          32.8042606
        ]
      },
      "properties": {
        "内容": "バス停: 段山・市立博物館入口",
        "name": "段山・市立博物館入口",
        "operator": "事業者不明",
        "ref": "",
        "url": "",
        "url2": ""
      }
    },
    {
      "type": "Feature",
      "geometry": {
        "type": "Point",
        "coordinates": [
          130.7056044,
          32.7979665
        ]
      },
      "properties": {
        "内容": "バス停: 新市街",
        "name": "新市街",
        "operator": "事業者不明",
        "ref": "",
        "url": "",
        "url2": ""
      }
    },
    {
      "type": "Feature",
      "geometry": {
        "type": "Point",
        "coordinates": [
          130.7055527,
          32.7978901
        ]
      },
      "properties": {
        "内容": "バス停: 新市街",
        "name": "新市街",
        "operator": "事業者不明",
        "ref": "",
        "url": "",
        "url2": ""
      }
    },
    {
      "type": "Feature",
      "geometry": {
        "type": "Point",
        "coordinates": [
          130.7086615,
          32.7943098
        ]
      },
      "properties": {
        "内容": "バス停: 本荘中通り",
        "name": "本荘中通り",
        "operator": "事業者不明",
        "ref": "",
        "url": "",
        "url2": ""
      }
    },
    {
      "type": "Feature",
      "geometry": {
        "type": "Point",
        "coordinates": [
          130.7082622,
          32.7944254
        ]
      },
      "properties": {
        "内容": "バス停: 本荘中通り",
        "name": "本荘中通り",
        "operator": "事業者不明",
        "ref": "",
        "url": "",
        "url2": ""
      }
    },
    {
      "type": "Feature",
      "geometry": {
        "type": "Point",
        "coordinates": [
          130.7093953,
          32.7934195
        ]
      },
      "properties": {
        "内容": "バス停: 本荘中通り",
        "name": "本荘中通り",
        "operator": "事業者不明",
        "ref": "",
        "url": "",
        "url2": ""
      }
    },
    {
      "type": "Feature",
      "geometry": {
        "type": "Point",
        "coordinates": [
          130.7106455,
          32.7901082
        ]
      },
      "properties": {
        "内容": "バス停: 春竹町",
        "name": "春竹町",
        "operator": "事業者不明",
        "ref": "",
        "url": "",
        "url2": ""
      }
    },
    {
      "type": "Feature",
      "geometry": {
        "type": "Point",
        "coordinates": [
          130.7103361,
          32.79019
        ]
      },
      "properties": {
        "内容": "バス停: 春竹町",
        "name": "春竹町",
        "operator": "事業者不明",
        "ref": "",
        "url": "",
        "url2": ""
      }
    },
    {
      "type": "Feature",
      "geometry": {
        "type": "Point",
        "coordinates": [
          130.7108872,
          32.7886757
        ]
      },
      "properties": {
        "内容": "バス停: 春竹新道",
        "name": "春竹新道",
        "operator": "事業者不明",
        "ref": "",
        "url": "",
        "url2": ""
      }
    },
    {
      "type": "Feature",
      "geometry": {
        "type": "Point",
        "coordinates": [
          130.7106398,
          32.788455
        ]
      },
      "properties": {
        "内容": "バス停: 春竹新道",
        "name": "春竹新道",
        "operator": "事業者不明",
        "ref": "",
        "url": "",
        "url2": ""
      }
    },
    {
      "type": "Feature",
      "geometry": {
        "type": "Point",
        "coordinates": [
          130.7114236,
          32.7856209
        ]
      },
      "properties": {
        "内容": "バス停: 南熊本駅前",
        "name": "南熊本駅前",
        "operator": "事業者不明",
        "ref": "",
        "url": "",
        "url2": ""
      }
    },
    {
      "type": "Feature",
      "geometry": {
        "type": "Point",
        "coordinates": [
          130.711497,
          32.7855
        ]
      },
      "properties": {
        "内容": "バス停: 南熊本駅前",
        "name": "南熊本駅前",
        "operator": "事業者不明",
        "ref": "",
        "url": "",
        "url2": ""
      }
    },
    {
      "type": "Feature",
      "geometry": {
        "type": "Point",
        "coordinates": [
          130.7111168,
          32.7853497
        ]
      },
      "properties": {
        "内容": "バス停: 南熊本駅前",
        "name": "南熊本駅前",
        "operator": "事業者不明",
        "ref": "",
        "url": "",
        "url2": ""
      }
    },
    {
      "type": "Feature",
      "geometry": {
        "type": "Point",
        "coordinates": [
          130.7124967,
          32.7868187
        ]
      },
      "properties": {
        "内容": "バス停: 八王子公園前",
        "name": "八王子公園前",
        "operator": "事業者不明",
        "ref": "",
        "url": "",
        "url2": ""
      }
    },
    {
      "type": "Feature",
      "geometry": {
        "type": "Point",
        "coordinates": [
          130.7122911,
          32.7867189
        ]
      },
      "properties": {
        "内容": "バス停: 八王子公園前",
        "name": "八王子公園前",
        "operator": "事業者不明",
        "ref": "",
        "url": "",
        "url2": ""
      }
    },
    {
      "type": "Feature",
      "geometry": {
        "type": "Point",
        "coordinates": [
          130.714114,
          32.7878222
        ]
      },
      "properties": {
        "内容": "バス停: ワンダーシティ前",
        "name": "ワンダーシティ前",
        "operator": "事業者不明",
        "ref": "",
        "url": "",
        "url2": ""
      }
    },
    {
      "type": "Feature",
      "geometry": {
        "type": "Point",
        "coordinates": [
          130.7139797,
          32.7876077
        ]
      },
      "properties": {
        "内容": "バス停: ワンダーシティ前",
        "name": "ワンダーシティ前",
        "operator": "事業者不明",
        "ref": "",
        "url": "",
        "url2": ""
      }
    },
    {
      "type": "Feature",
      "geometry": {
        "type": "Point",
        "coordinates": [
          130.7122098,
          32.7881702
        ]
      },
      "properties": {
        "内容": "バス停: 南熊本3丁目",
        "name": "南熊本3丁目",
        "operator": "事業者不明",
        "ref": "",
        "url": "",
        "url2": ""
      }
    },
    {
      "type": "Feature",
      "geometry": {
        "type": "Point",
        "coordinates": [
          130.7115667,
          32.7881047
        ]
      },
      "properties": {
        "内容": "バス停: 南熊本3丁目",
        "name": "南熊本3丁目",
        "operator": "事業者不明",
        "ref": "",
        "url": "",
        "url2": ""
      }
    },
    {
      "type": "Feature",
      "geometry": {
        "type": "Point",
        "coordinates": [
          130.7148884,
          32.7894172
        ]
      },
      "properties": {
        "内容": "バス停: 九品寺通り",
        "name": "九品寺通り",
        "operator": "事業者不明",
        "ref": "",
        "url": "",
        "url2": ""
      }
    },
    {
      "type": "Feature",
      "geometry": {
        "type": "Point",
        "coordinates": [
          130.7149667,
          32.7892693
        ]
      },
      "properties": {
        "内容": "バス停: 九品寺通り",
        "name": "九品寺通り",
        "operator": "事業者不明",
        "ref": "",
        "url": "",
        "url2": ""
      }
    },
    {
      "type": "Feature",
      "geometry": {
        "type": "Point",
        "coordinates": [
          130.7158841,
          32.7892346
        ]
      },
      "properties": {
        "内容": "バス停: 九品寺6丁目",
        "name": "九品寺6丁目",
        "operator": "事業者不明",
        "ref": "",
        "url": "",
        "url2": ""
      }
    },
    {
      "type": "Feature",
      "geometry": {
        "type": "Point",
        "coordinates": [
          130.7159065,
          32.7890104
        ]
      },
      "properties": {
        "内容": "バス停: 九品寺6丁目",
        "name": "九品寺6丁目",
        "operator": "事業者不明",
        "ref": "",
        "url": "",
        "url2": ""
      }
    },
    {
      "type": "Feature",
      "geometry": {
        "type": "Point",
        "coordinates": [
          130.7179434,
          32.7904514
        ]
      },
      "properties": {
        "内容": "バス停: 一の井手",
        "name": "一の井手",
        "operator": "事業者不明",
        "ref": "",
        "url": "",
        "url2": ""
      }
    },
    {
      "type": "Feature",
      "geometry": {
        "type": "Point",
        "coordinates": [
          130.7182679,
          32.7907383
        ]
      },
      "properties": {
        "内容": "バス停: 一の井手",
        "name": "一の井手",
        "operator": "事業者不明",
        "ref": "",
        "url": "",
        "url2": ""
      }
    },
    {
      "type": "Feature",
      "geometry": {
        "type": "Point",
        "coordinates": [
          130.7086782,
          32.8006219
        ]
      },
      "properties": {
        "内容": "バス停: 下通筋",
        "name": "下通筋",
        "operator": "事業者不明",
        "ref": "",
        "url": "",
        "url2": ""
      }
    },
    {
      "type": "Feature",
      "geometry": {
        "type": "Point",
        "coordinates": [
          130.7087316,
          32.8005186
        ]
      },
      "properties": {
        "内容": "バス停: 下通筋",
        "name": "下通筋",
        "operator": "事業者不明",
        "ref": "",
        "url": "",
        "url2": ""
      }
    },
    {
      "type": "Feature",
      "geometry": {
        "type": "Point",
        "coordinates": [
          130.7115999,
          32.7998215
        ]
      },
      "properties": {
        "内容": "バス停: 銀座橋",
        "name": "銀座橋",
        "operator": "事業者不明",
        "ref": "",
        "url": "",
        "url2": ""
      }
    },
    {
      "type": "Feature",
      "geometry": {
        "type": "Point",
        "coordinates": [
          130.7114875,
          32.7997659
        ]
      },
      "properties": {
        "内容": "バス停: 銀座橋",
        "name": "銀座橋",
        "operator": "事業者不明",
        "ref": "",
        "url": "",
        "url2": ""
      }
    },
    {
      "type": "Feature",
      "geometry": {
        "type": "Point",
        "coordinates": [
          130.7046207,
          32.7975474
        ]
      },
      "properties": {
        "内容": "バス停: 日銀前",
        "name": "日銀前",
        "operator": "事業者不明",
        "ref": "",
        "url": "",
        "url2": ""
      }
    },
    {
      "type": "Feature",
      "geometry": {
        "type": "Point",
        "coordinates": [
          130.7047995,
          32.7972576
        ]
      },
      "properties": {
        "内容": "バス停: 日銀前",
        "name": "日銀前",
        "operator": "事業者不明",
        "ref": "",
        "url": "",
        "url2": ""
      }
    },
    {
      "type": "Feature",
      "geometry": {
        "type": "Point",
        "coordinates": [
          130.7022937,
          32.7949638
        ]
      },
      "properties": {
        "内容": "バス停: 河原町（国道）",
        "name": "河原町（国道）",
        "operator": "事業者不明",
        "ref": "",
        "url": "",
        "url2": ""
      }
    },
    {
      "type": "Feature",
      "geometry": {
        "type": "Point",
        "coordinates": [
          130.7025593,
          32.7948616
        ]
      },
      "properties": {
        "内容": "バス停: 河原町（国道）",
        "name": "河原町（国道）",
        "operator": "事業者不明",
        "ref": "",
        "url": "",
        "url2": ""
      }
    },
    {
      "type": "Feature",
      "geometry": {
        "type": "Point",
        "coordinates": [
          130.7030001,
          32.7999098
        ]
      },
      "properties": {
        "内容": "バス停: 桜町バスターミナル",
        "name": "桜町バスターミナル",
        "operator": "事業者不明",
        "ref": "",
        "url": "",
        "url2": ""
      }
    },
    {
      "type": "Feature",
      "geometry": {
        "type": "Point",
        "coordinates": [
          130.703533,
          32.8004969
        ]
      },
      "properties": {
        "内容": "バス停: 桜町バスターミナル",
        "name": "桜町バスターミナル",
        "operator": "事業者不明",
        "ref": "",
        "url": "",
        "url2": ""
      }
    },
    {
      "type": "Feature",
      "geometry": {
        "type": "Point",
        "coordinates": [
          130.7029236,
          32.7998239
        ]
      },
      "properties": {
        "内容": "バス停: 桜町バスターミナル",
        "name": "桜町バスターミナル",
        "operator": "事業者不明",
        "ref": "",
        "url": "",
        "url2": ""
      }
    },
    {
      "type": "Feature",
      "geometry": {
        "type": "Point",
        "coordinates": [
          130.7029109,
          32.799757
        ]
      },
      "properties": {
        "内容": "バス停: 桜町バスターミナル",
        "name": "桜町バスターミナル",
        "operator": "事業者不明",
        "ref": "",
        "url": "",
        "url2": ""
      }
    },
    {
      "type": "Feature",
      "geometry": {
        "type": "Point",
        "coordinates": [
          130.7035072,
          32.8003591
        ]
      },
      "properties": {
        "内容": "バス停: 桜町バスターミナル",
        "name": "桜町バスターミナル",
        "operator": "事業者不明",
        "ref": "",
        "url": "",
        "url2": ""
      }
    },
    {
      "type": "Feature",
      "geometry": {
        "type": "Point",
        "coordinates": [
          130.7034753,
          32.8001886
        ]
      },
      "properties": {
        "内容": "バス停: 桜町バスターミナル",
        "name": "桜町バスターミナル",
        "operator": "事業者不明",
        "ref": "",
        "url": "",
        "url2": ""
      }
    },
    {
      "type": "Feature",
      "geometry": {
        "type": "Point",
        "coordinates": [
          130.7034443,
          32.8000225
        ]
      },
      "properties": {
        "内容": "バス停: 桜町バスターミナル",
        "name": "桜町バスターミナル",
        "operator": "事業者不明",
        "ref": "",
        "url": "",
        "url2": ""
      }
    },
    {
      "type": "Feature",
      "geometry": {
        "type": "Point",
        "coordinates": [
          130.7034116,
          32.7998482
        ]
      },
      "properties": {
        "内容": "バス停: 桜町バスターミナル",
        "name": "桜町バスターミナル",
        "operator": "事業者不明",
        "ref": "",
        "url": "",
        "url2": ""
      }
    },
    {
      "type": "Feature",
      "geometry": {
        "type": "Point",
        "coordinates": [
          130.7034533,
          32.7998391
        ]
      },
      "properties": {
        "内容": "バス停: 桜町バスターミナル",
        "name": "桜町バスターミナル",
        "operator": "事業者不明",
        "ref": "",
        "url": "",
        "url2": ""
      }
    },
    {
      "type": "Feature",
      "geometry": {
        "type": "Point",
        "coordinates": [
          130.7034847,
          32.8000152
        ]
      },
      "properties": {
        "内容": "バス停: 桜町バスターミナル",
        "name": "桜町バスターミナル",
        "operator": "事業者不明",
        "ref": "",
        "url": "",
        "url2": ""
      }
    },
    {
      "type": "Feature",
      "geometry": {
        "type": "Point",
        "coordinates": [
          130.7035144,
          32.800182
        ]
      },
      "properties": {
        "内容": "バス停: 桜町バスターミナル",
        "name": "桜町バスターミナル",
        "operator": "事業者不明",
        "ref": "",
        "url": "",
        "url2": ""
      }
    },
    {
      "type": "Feature",
      "geometry": {
        "type": "Point",
        "coordinates": [
          130.7035448,
          32.8003525
        ]
      },
      "properties": {
        "内容": "バス停: 桜町バスターミナル",
        "name": "桜町バスターミナル",
        "operator": "事業者不明",
        "ref": "",
        "url": "",
        "url2": ""
      }
    },
    {
      "type": "Feature",
      "geometry": {
        "type": "Point",
        "coordinates": [
          130.7035689,
          32.800488
        ]
      },
      "properties": {
        "内容": "バス停: 桜町バスターミナル",
        "name": "桜町バスターミナル",
        "operator": "事業者不明",
        "ref": "",
        "url": "",
        "url2": ""
      }
    },
    {
      "type": "Feature",
      "geometry": {
        "type": "Point",
        "coordinates": [
          130.7035856,
          32.8005814
        ]
      },
      "properties": {
        "内容": "バス停: 桜町バスターミナル",
        "name": "桜町バスターミナル",
        "operator": "事業者不明",
        "ref": "",
        "url": "",
        "url2": ""
      }
    },
    {
      "type": "Feature",
      "geometry": {
        "type": "Point",
        "coordinates": [
          130.7030298,
          32.8000739
        ]
      },
      "properties": {
        "内容": "バス停: 桜町バスターミナル",
        "name": "桜町バスターミナル",
        "operator": "事業者不明",
        "ref": "",
        "url": "",
        "url2": ""
      }
    },
    {
      "type": "Feature",
      "geometry": {
        "type": "Point",
        "coordinates": [
          130.7030638,
          32.8002577
        ]
      },
      "properties": {
        "内容": "バス停: 桜町バスターミナル",
        "name": "桜町バスターミナル",
        "operator": "事業者不明",
        "ref": "",
        "url": "",
        "url2": ""
      }
    },
    {
      "type": "Feature",
      "geometry": {
        "type": "Point",
        "coordinates": [
          130.7030943,
          32.8004299
        ]
      },
      "properties": {
        "内容": "バス停: 桜町バスターミナル",
        "name": "桜町バスターミナル",
        "operator": "事業者不明",
        "ref": "",
        "url": "",
        "url2": ""
      }
    },
    {
      "type": "Feature",
      "geometry": {
        "type": "Point",
        "coordinates": [
          130.7031076,
          32.8005028
        ]
      },
      "properties": {
        "内容": "バス停: 桜町バスターミナル",
        "name": "桜町バスターミナル",
        "operator": "事業者不明",
        "ref": "",
        "url": "",
        "url2": ""
      }
    },
    {
      "type": "Feature",
      "geometry": {
        "type": "Point",
        "coordinates": [
          130.703008,
          32.8002775
        ]
      },
      "properties": {
        "内容": "バス停: 桜町バスターミナル",
        "name": "桜町バスターミナル",
        "operator": "事業者不明",
        "ref": "",
        "url": "",
        "url2": ""
      }
    },
    {
      "type": "Feature",
      "geometry": {
        "type": "Point",
        "coordinates": [
          130.7030503,
          32.800511
        ]
      },
      "properties": {
        "内容": "バス停: 桜町バスターミナル",
        "name": "桜町バスターミナル",
        "operator": "事業者不明",
        "ref": "",
        "url": "",
        "url2": ""
      }
    },
    {
      "type": "Feature",
      "geometry": {
        "type": "Point",
        "coordinates": [
          130.70347,
          32.8006416
        ]
      },
      "properties": {
        "内容": "バス停: 桜町バスターミナル",
        "name": "桜町バスターミナル",
        "operator": "事業者不明",
        "ref": "",
        "url": "",
        "url2": ""
      }
    },
    {
      "type": "Feature",
      "geometry": {
        "type": "Point",
        "coordinates": [
          130.7033524,
          32.8006577
        ]
      },
      "properties": {
        "内容": "バス停: 桜町バスターミナル",
        "name": "桜町バスターミナル",
        "operator": "事業者不明",
        "ref": "",
        "url": "",
        "url2": ""
      }
    },
    {
      "type": "Feature",
      "geometry": {
        "type": "Point",
        "coordinates": [
          130.7029417,
          32.8009497
        ]
      },
      "properties": {
        "内容": "バス停: 桜町バスターミナル",
        "name": "桜町バスターミナル",
        "operator": "事業者不明",
        "ref": "",
        "url": "",
        "url2": ""
      }
    },
    {
      "type": "Feature",
      "geometry": {
        "type": "Point",
        "coordinates": [
          130.6841134,
          32.8011838
        ]
      },
      "properties": {
        "内容": "バス停: 西屋敷 (産交バス)",
        "name": "西屋敷",
        "operator": "産交バス",
        "ref": "",
        "url": "",
        "url2": ""
      }
    },
    {
      "type": "Feature",
      "geometry": {
        "type": "Point",
        "coordinates": [
          130.6839958,
          32.8010872
        ]
      },
      "properties": {
        "内容": "バス停: 西屋敷 (産交バス)",
        "name": "西屋敷",
        "operator": "産交バス",
        "ref": "",
        "url": "",
        "url2": ""
      }
    },
    {
      "type": "Feature",
      "geometry": {
        "type": "Point",
        "coordinates": [
          130.6824794,
          32.8028004
        ]
      },
      "properties": {
        "内容": "バス停: 戸坂橋 (産交バス)",
        "name": "戸坂橋",
        "operator": "産交バス",
        "ref": "",
        "url": "",
        "url2": ""
      }
    },
    {
      "type": "Feature",
      "geometry": {
        "type": "Point",
        "coordinates": [
          130.6817697,
          32.801819
        ]
      },
      "properties": {
        "内容": "バス停: 戸坂橋 (産交バス)",
        "name": "戸坂橋",
        "operator": "産交バス",
        "ref": "",
        "url": "",
        "url2": ""
      }
    },
    {
      "type": "Feature",
      "geometry": {
        "type": "Point",
        "coordinates": [
          130.6766228,
          32.798284
        ]
      },
      "properties": {
        "内容": "バス停: 尾崎（池の上） (産交バス)",
        "name": "尾崎（池の上）",
        "operator": "産交バス",
        "ref": "",
        "url": "",
        "url2": ""
      }
    },
    {
      "type": "Feature",
      "geometry": {
        "type": "Point",
        "coordinates": [
          130.6764537,
          32.7982952
        ]
      },
      "properties": {
        "内容": "バス停: 尾崎（池の上） (産交バス)",
        "name": "尾崎（池の上）",
        "operator": "産交バス",
        "ref": "",
        "url": "",
        "url2": ""
      }
    },
    {
      "type": "Feature",
      "geometry": {
        "type": "Point",
        "coordinates": [
          130.673738,
          32.8001924
        ]
      },
      "properties": {
        "内容": "バス停: 谷尾崎団地前",
        "name": "谷尾崎団地前",
        "operator": "事業者不明",
        "ref": "",
        "url": "",
        "url2": ""
      }
    },
    {
      "type": "Feature",
      "geometry": {
        "type": "Point",
        "coordinates": [
          130.673674,
          32.8001636
        ]
      },
      "properties": {
        "内容": "バス停: 谷尾崎団地前",
        "name": "谷尾崎団地前",
        "operator": "事業者不明",
        "ref": "",
        "url": "",
        "url2": ""
      }
    },
    {
      "type": "Feature",
      "geometry": {
        "type": "Point",
        "coordinates": [
          130.6694752,
          32.8024029
        ]
      },
      "properties": {
        "内容": "バス停: 谷尾崎 (産交バス)",
        "name": "谷尾崎",
        "operator": "産交バス",
        "ref": "",
        "url": "",
        "url2": ""
      }
    },
    {
      "type": "Feature",
      "geometry": {
        "type": "Point",
        "coordinates": [
          130.7086351,
          32.8046249
        ]
      },
      "properties": {
        "内容": "バス停: 市役所前・日本郵政横",
        "name": "市役所前・日本郵政横",
        "operator": "事業者不明",
        "ref": "",
        "url": "",
        "url2": ""
      }
    },
    {
      "type": "Feature",
      "geometry": {
        "type": "Point",
        "coordinates": [
          130.7085988,
          32.8047085
        ]
      },
      "properties": {
        "内容": "バス停: 市役所前・日本郵政横",
        "name": "市役所前・日本郵政横",
        "operator": "事業者不明",
        "ref": "",
        "url": "",
        "url2": ""
      }
    },
    {
      "type": "Feature",
      "geometry": {
        "type": "Point",
        "coordinates": [
          130.7092129,
          32.8052555
        ]
      },
      "properties": {
        "内容": "バス停: 熊本ホテルキャッスル前",
        "name": "熊本ホテルキャッスル前",
        "operator": "事業者不明",
        "ref": "",
        "url": "",
        "url2": ""
      }
    },
    {
      "type": "Feature",
      "geometry": {
        "type": "Point",
        "coordinates": [
          130.7102155,
          32.8068004
        ]
      },
      "properties": {
        "内容": "バス停: 城東町",
        "name": "城東町",
        "operator": "事業者不明",
        "ref": "",
        "url": "",
        "url2": ""
      }
    },
    {
      "type": "Feature",
      "geometry": {
        "type": "Point",
        "coordinates": [
          130.7099472,
          32.8071034
        ]
      },
      "properties": {
        "内容": "バス停: 城東町",
        "name": "城東町",
        "operator": "事業者不明",
        "ref": "",
        "url": "",
        "url2": ""
      }
    },
    {
      "type": "Feature",
      "geometry": {
        "type": "Point",
        "coordinates": [
          130.7094581,
          32.8094467
        ]
      },
      "properties": {
        "内容": "バス停: 壺井橋",
        "name": "壺井橋",
        "operator": "事業者不明",
        "ref": "",
        "url": "",
        "url2": ""
      }
    },
    {
      "type": "Feature",
      "geometry": {
        "type": "Point",
        "coordinates": [
          130.7091491,
          32.809361
        ]
      },
      "properties": {
        "内容": "バス停: 壺井橋",
        "name": "壺井橋",
        "operator": "事業者不明",
        "ref": "",
        "url": "",
        "url2": ""
      }
    },
    {
      "type": "Feature",
      "geometry": {
        "type": "Point",
        "coordinates": [
          130.7059032,
          32.809707
        ]
      },
      "properties": {
        "内容": "バス停: 磐根橋",
        "name": "磐根橋",
        "operator": "事業者不明",
        "ref": "",
        "url": "",
        "url2": ""
      }
    },
    {
      "type": "Feature",
      "geometry": {
        "type": "Point",
        "coordinates": [
          130.7057651,
          32.8095676
        ]
      },
      "properties": {
        "内容": "バス停: 磐根橋",
        "name": "磐根橋",
        "operator": "事業者不明",
        "ref": "",
        "url": "",
        "url2": ""
      }
    },
    {
      "type": "Feature",
      "geometry": {
        "type": "Point",
        "coordinates": [
          130.7032955,
          32.8100739
        ]
      },
      "properties": {
        "内容": "バス停: 新堀橋",
        "name": "新堀橋",
        "operator": "事業者不明",
        "ref": "",
        "url": "",
        "url2": ""
      }
    },
    {
      "type": "Feature",
      "geometry": {
        "type": "Point",
        "coordinates": [
          130.7029906,
          32.8099565
        ]
      },
      "properties": {
        "内容": "バス停: 新堀橋",
        "name": "新堀橋",
        "operator": "事業者不明",
        "ref": "",
        "url": "",
        "url2": ""
      }
    },
    {
      "type": "Feature",
      "geometry": {
        "type": "Point",
        "coordinates": [
          130.7020947,
          32.8107585
        ]
      },
      "properties": {
        "内容": "バス停: 京町口",
        "name": "京町口",
        "operator": "事業者不明",
        "ref": "",
        "url": "",
        "url2": ""
      }
    },
    {
      "type": "Feature",
      "geometry": {
        "type": "Point",
        "coordinates": [
          130.7018522,
          32.8109215
        ]
      },
      "properties": {
        "内容": "バス停: 京町口",
        "name": "京町口",
        "operator": "事業者不明",
        "ref": "",
        "url": "",
        "url2": ""
      }
    },
    {
      "type": "Feature",
      "geometry": {
        "type": "Point",
        "coordinates": [
          130.7011196,
          32.8130344
        ]
      },
      "properties": {
        "内容": "バス停: 県立体育館前",
        "name": "県立体育館前",
        "operator": "事業者不明",
        "ref": "",
        "url": "",
        "url2": ""
      }
    },
    {
      "type": "Feature",
      "geometry": {
        "type": "Point",
        "coordinates": [
          130.7010332,
          32.8127982
        ]
      },
      "properties": {
        "内容": "バス停: 県立体育館前",
        "name": "県立体育館前",
        "operator": "事業者不明",
        "ref": "",
        "url": "",
        "url2": ""
      }
    },
    {
      "type": "Feature",
      "geometry": {
        "type": "Point",
        "coordinates": [
          130.7000346,
          32.8154935
        ]
      },
      "properties": {
        "内容": "バス停: 県立体育館北口",
        "name": "県立体育館北口",
        "operator": "事業者不明",
        "ref": "",
        "url": "",
        "url2": ""
      }
    },
    {
      "type": "Feature",
      "geometry": {
        "type": "Point",
        "coordinates": [
          130.6998367,
          32.8155604
        ]
      },
      "properties": {
        "内容": "バス停: 県立体育館北口",
        "name": "県立体育館北口",
        "operator": "事業者不明",
        "ref": "",
        "url": "",
        "url2": ""
      }
    },
    {
      "type": "Feature",
      "geometry": {
        "type": "Point",
        "coordinates": [
          130.6972164,
          32.8139983
        ]
      },
      "properties": {
        "内容": "バス停: 本妙寺下",
        "name": "本妙寺下",
        "operator": "事業者不明",
        "ref": "",
        "url": "",
        "url2": ""
      }
    },
    {
      "type": "Feature",
      "geometry": {
        "type": "Point",
        "coordinates": [
          130.697135,
          32.8139448
        ]
      },
      "properties": {
        "内容": "バス停: 本妙寺下",
        "name": "本妙寺下",
        "operator": "事業者不明",
        "ref": "",
        "url": "",
        "url2": ""
      }
    },
    {
      "type": "Feature",
      "geometry": {
        "type": "Point",
        "coordinates": [
          130.6956813,
          32.8144823
        ]
      },
      "properties": {
        "内容": "バス停: 本妙寺",
        "name": "本妙寺",
        "operator": "事業者不明",
        "ref": "",
        "url": "",
        "url2": ""
      }
    },
    {
      "type": "Feature",
      "geometry": {
        "type": "Point",
        "coordinates": [
          130.6956412,
          32.8144058
        ]
      },
      "properties": {
        "内容": "バス停: 本妙寺",
        "name": "本妙寺",
        "operator": "事業者不明",
        "ref": "",
        "url": "",
        "url2": ""
      }
    },
    {
      "type": "Feature",
      "geometry": {
        "type": "Point",
        "coordinates": [
          130.6936228,
          32.8173628
        ]
      },
      "properties": {
        "内容": "バス停: 花園まちづくりセンター前",
        "name": "花園まちづくりセンター前",
        "operator": "事業者不明",
        "ref": "",
        "url": "",
        "url2": ""
      }
    },
    {
      "type": "Feature",
      "geometry": {
        "type": "Point",
        "coordinates": [
          130.6935067,
          32.8174239
        ]
      },
      "properties": {
        "内容": "バス停: 花園まちづくりセンター前",
        "name": "花園まちづくりセンター前",
        "operator": "事業者不明",
        "ref": "",
        "url": "",
        "url2": ""
      }
    },
    {
      "type": "Feature",
      "geometry": {
        "type": "Point",
        "coordinates": [
          130.6918227,
          32.8196593
        ]
      },
      "properties": {
        "内容": "バス停: 中尾（熊本）",
        "name": "中尾（熊本）",
        "operator": "事業者不明",
        "ref": "",
        "url": "",
        "url2": ""
      }
    },
    {
      "type": "Feature",
      "geometry": {
        "type": "Point",
        "coordinates": [
          130.6919364,
          32.8196855
        ]
      },
      "properties": {
        "内容": "バス停: 中尾（熊本）",
        "name": "中尾（熊本）",
        "operator": "事業者不明",
        "ref": "",
        "url": "",
        "url2": ""
      }
    },
    {
      "type": "Feature",
      "geometry": {
        "type": "Point",
        "coordinates": [
          130.6918959,
          32.8213941
        ]
      },
      "properties": {
        "内容": "バス停: 上の原団地前",
        "name": "上の原団地前",
        "operator": "事業者不明",
        "ref": "",
        "url": "",
        "url2": ""
      }
    },
    {
      "type": "Feature",
      "geometry": {
        "type": "Point",
        "coordinates": [
          130.6916321,
          32.8213919
        ]
      },
      "properties": {
        "内容": "バス停: 上の原団地前",
        "name": "上の原団地前",
        "operator": "事業者不明",
        "ref": "",
        "url": "",
        "url2": ""
      }
    },
    {
      "type": "Feature",
      "geometry": {
        "type": "Point",
        "coordinates": [
          130.6901041,
          32.8222005
        ]
      },
      "properties": {
        "内容": "バス停: 花園校前",
        "name": "花園校前",
        "operator": "事業者不明",
        "ref": "",
        "url": "",
        "url2": ""
      }
    },
    {
      "type": "Feature",
      "geometry": {
        "type": "Point",
        "coordinates": [
          130.6901815,
          32.8225551
        ]
      },
      "properties": {
        "内容": "バス停: 花園校前",
        "name": "花園校前",
        "operator": "事業者不明",
        "ref": "",
        "url": "",
        "url2": ""
      }
    },
    {
      "type": "Feature",
      "geometry": {
        "type": "Point",
        "coordinates": [
          130.6885144,
          32.8234426
        ]
      },
      "properties": {
        "内容": "バス停: 花園（市道）",
        "name": "花園（市道）",
        "operator": "事業者不明",
        "ref": "",
        "url": "",
        "url2": ""
      }
    },
    {
      "type": "Feature",
      "geometry": {
        "type": "Point",
        "coordinates": [
          130.6883844,
          32.8234472
        ]
      },
      "properties": {
        "内容": "バス停: 花園（市道）",
        "name": "花園（市道）",
        "operator": "事業者不明",
        "ref": "",
        "url": "",
        "url2": ""
      }
    },
    {
      "type": "Feature",
      "geometry": {
        "type": "Point",
        "coordinates": [
          130.6905165,
          32.82489
        ]
      },
      "properties": {
        "内容": "バス停: 宮尾",
        "name": "宮尾",
        "operator": "事業者不明",
        "ref": "",
        "url": "",
        "url2": ""
      }
    },
    {
      "type": "Feature",
      "geometry": {
        "type": "Point",
        "coordinates": [
          130.6904713,
          32.8248262
        ]
      },
      "properties": {
        "内容": "バス停: 宮尾",
        "name": "宮尾",
        "operator": "事業者不明",
        "ref": "",
        "url": "",
        "url2": ""
      }
    },
    {
      "type": "Feature",
      "geometry": {
        "type": "Point",
        "coordinates": [
          130.6891957,
          32.8271775
        ]
      },
      "properties": {
        "内容": "バス停: 前川橋",
        "name": "前川橋",
        "operator": "事業者不明",
        "ref": "",
        "url": "",
        "url2": ""
      }
    },
    {
      "type": "Feature",
      "geometry": {
        "type": "Point",
        "coordinates": [
          130.6891668,
          32.8272822
        ]
      },
      "properties": {
        "内容": "バス停: 前川橋",
        "name": "前川橋",
        "operator": "事業者不明",
        "ref": "",
        "url": "",
        "url2": ""
      }
    },
    {
      "type": "Feature",
      "geometry": {
        "type": "Point",
        "coordinates": [
          130.6872482,
          32.8281026
        ]
      },
      "properties": {
        "内容": "バス停: 柿原公民館前",
        "name": "柿原公民館前",
        "operator": "事業者不明",
        "ref": "",
        "url": "",
        "url2": ""
      }
    },
    {
      "type": "Feature",
      "geometry": {
        "type": "Point",
        "coordinates": [
          130.6915274,
          32.8088477
        ]
      },
      "properties": {
        "内容": "バス停: 日向崎",
        "name": "日向崎",
        "operator": "事業者不明",
        "ref": "",
        "url": "",
        "url2": ""
      }
    },
    {
      "type": "Feature",
      "geometry": {
        "type": "Point",
        "coordinates": [
          130.6916643,
          32.8086456
        ]
      },
      "properties": {
        "内容": "バス停: 日向崎",
        "name": "日向崎",
        "operator": "事業者不明",
        "ref": "",
        "url": "",
        "url2": ""
      }
    },
    {
      "type": "Feature",
      "geometry": {
        "type": "Point",
        "coordinates": [
          130.7037621,
          32.8033338
        ]
      },
      "properties": {
        "内容": "バス停: 桜の馬場 城彩苑",
        "name": "桜の馬場 城彩苑",
        "operator": "事業者不明",
        "ref": "",
        "url": "",
        "url2": ""
      }
    },
    {
      "type": "Feature",
      "geometry": {
        "type": "Point",
        "coordinates": [
          130.6977641,
          32.8046461
        ]
      },
      "properties": {
        "内容": "バス停: 藤崎台下",
        "name": "藤崎台下",
        "operator": "事業者不明",
        "ref": "",
        "url": "",
        "url2": ""
      }
    },
    {
      "type": "Feature",
      "geometry": {
        "type": "Point",
        "coordinates": [
          130.6984985,
          32.8045583
        ]
      },
      "properties": {
        "内容": "バス停: 子ども文化会館前",
        "name": "子ども文化会館前",
        "operator": "事業者不明",
        "ref": "",
        "url": "",
        "url2": ""
      }
    },
    {
      "type": "Feature",
      "geometry": {
        "type": "Point",
        "coordinates": [
          130.7021885,
          32.8058752
        ]
      },
      "properties": {
        "内容": "バス停: 熊本城・二の丸駐車場",
        "name": "熊本城・二の丸駐車場",
        "operator": "事業者不明",
        "ref": "",
        "url": "",
        "url2": ""
      }
    },
    {
      "type": "Feature",
      "geometry": {
        "type": "Point",
        "coordinates": [
          130.7059946,
          32.8075735
        ]
      },
      "properties": {
        "内容": "バス停: KKRホテル熊本前",
        "name": "KKRホテル熊本前",
        "operator": "事業者不明",
        "ref": "",
        "url": "",
        "url2": ""
      }
    },
    {
      "type": "Feature",
      "geometry": {
        "type": "Point",
        "coordinates": [
          130.7083784,
          32.806241
        ]
      },
      "properties": {
        "内容": "バス停: 県立美術館分館横",
        "name": "県立美術館分館横",
        "operator": "事業者不明",
        "ref": "",
        "url": "",
        "url2": ""
      }
    },
    {
      "type": "Feature",
      "geometry": {
        "type": "Point",
        "coordinates": [
          130.7461049,
          32.7893512
        ]
      },
      "properties": {
        "内容": "バス停: 県会議事堂前",
        "name": "県会議事堂前",
        "operator": "事業者不明",
        "ref": "",
        "url": "",
        "url2": ""
      }
    },
    {
      "type": "Feature",
      "geometry": {
        "type": "Point",
        "coordinates": [
          130.7455216,
          32.790196
        ]
      },
      "properties": {
        "内容": "バス停: 県会議事堂前",
        "name": "県会議事堂前",
        "operator": "事業者不明",
        "ref": "",
        "url": "",
        "url2": ""
      }
    },
    {
      "type": "Feature",
      "geometry": {
        "type": "Point",
        "coordinates": [
          130.6995441,
          32.82321
        ]
      },
      "properties": {
        "内容": "バス停: 上熊本営業所",
        "name": "上熊本営業所",
        "operator": "事業者不明",
        "ref": "",
        "url": "",
        "url2": ""
      }
    },
    {
      "type": "Feature",
      "geometry": {
        "type": "Point",
        "coordinates": [
          130.7005424,
          32.8199115
        ]
      },
      "properties": {
        "内容": "バス停: かんかん坂入口",
        "name": "かんかん坂入口",
        "operator": "事業者不明",
        "ref": "",
        "url": "",
        "url2": ""
      }
    },
    {
      "type": "Feature",
      "geometry": {
        "type": "Point",
        "coordinates": [
          130.7002855,
          32.8201559
        ]
      },
      "properties": {
        "内容": "バス停: かんかん坂入口",
        "name": "かんかん坂入口",
        "operator": "事業者不明",
        "ref": "",
        "url": "",
        "url2": ""
      }
    },
    {
      "type": "Feature",
      "geometry": {
        "type": "Point",
        "coordinates": [
          130.7001129,
          32.8215702
        ]
      },
      "properties": {
        "内容": "バス停: 上熊本三丁目",
        "name": "上熊本三丁目",
        "operator": "事業者不明",
        "ref": "",
        "url": "",
        "url2": ""
      }
    },
    {
      "type": "Feature",
      "geometry": {
        "type": "Point",
        "coordinates": [
          130.7113361,
          32.786015
        ]
      },
      "properties": {
        "内容": "バス停: 南熊本",
        "name": "南熊本",
        "operator": "事業者不明",
        "ref": "",
        "url": "",
        "url2": ""
      }
    },
    {
      "type": "Feature",
      "geometry": {
        "type": "Point",
        "coordinates": [
          130.7110637,
          32.7862956
        ]
      },
      "properties": {
        "内容": "バス停: 南熊本",
        "name": "南熊本",
        "operator": "事業者不明",
        "ref": "",
        "url": "",
        "url2": ""
      }
    },
    {
      "type": "Feature",
      "geometry": {
        "type": "Point",
        "coordinates": [
          130.7097204,
          32.7823172
        ]
      },
      "properties": {
        "内容": "バス停: 萩原",
        "name": "萩原",
        "operator": "事業者不明",
        "ref": "",
        "url": "",
        "url2": ""
      }
    },
    {
      "type": "Feature",
      "geometry": {
        "type": "Point",
        "coordinates": [
          130.7095621,
          32.7824488
        ]
      },
      "properties": {
        "内容": "バス停: 萩原",
        "name": "萩原",
        "operator": "事業者不明",
        "ref": "",
        "url": "",
        "url2": ""
      }
    },
    {
      "type": "Feature",
      "geometry": {
        "type": "Point",
        "coordinates": [
          130.7101656,
          32.7800303
        ]
      },
      "properties": {
        "内容": "バス停: ガス会社前",
        "name": "ガス会社前",
        "operator": "事業者不明",
        "ref": "",
        "url": "",
        "url2": ""
      }
    },
    {
      "type": "Feature",
      "geometry": {
        "type": "Point",
        "coordinates": [
          130.7104937,
          32.7792243
        ]
      },
      "properties": {
        "内容": "バス停: ガス会社前",
        "name": "ガス会社前",
        "operator": "事業者不明",
        "ref": "",
        "url": "",
        "url2": ""
      }
    },
    {
      "type": "Feature",
      "geometry": {
        "type": "Point",
        "coordinates": [
          130.7112626,
          32.7771296
        ]
      },
      "properties": {
        "内容": "バス停: 田迎西",
        "name": "田迎西",
        "operator": "事業者不明",
        "ref": "",
        "url": "",
        "url2": ""
      }
    },
    {
      "type": "Feature",
      "geometry": {
        "type": "Point",
        "coordinates": [
          130.7111527,
          32.7771082
        ]
      },
      "properties": {
        "内容": "バス停: 田迎西",
        "name": "田迎西",
        "operator": "事業者不明",
        "ref": "",
        "url": "",
        "url2": ""
      }
    },
    {
      "type": "Feature",
      "geometry": {
        "type": "Point",
        "coordinates": [
          130.7130689,
          32.774687
        ]
      },
      "properties": {
        "内容": "バス停: 田迎一里木",
        "name": "田迎一里木",
        "operator": "事業者不明",
        "ref": "",
        "url": "",
        "url2": ""
      }
    },
    {
      "type": "Feature",
      "geometry": {
        "type": "Point",
        "coordinates": [
          130.712967,
          32.7745269
        ]
      },
      "properties": {
        "内容": "バス停: 田迎一里木",
        "name": "田迎一里木",
        "operator": "事業者不明",
        "ref": "",
        "url": "",
        "url2": ""
      }
    },
    {
      "type": "Feature",
      "geometry": {
        "type": "Point",
        "coordinates": [
          130.71521,
          32.7711792
        ]
      },
      "properties": {
        "内容": "バス停: 出仲間(旧浜線)",
        "name": "出仲間(旧浜線)",
        "operator": "事業者不明",
        "ref": "",
        "url": "",
        "url2": ""
      }
    },
    {
      "type": "Feature",
      "geometry": {
        "type": "Point",
        "coordinates": [
          130.7147796,
          32.771463
        ]
      },
      "properties": {
        "内容": "バス停: 出仲間(旧浜線)",
        "name": "出仲間(旧浜線)",
        "operator": "事業者不明",
        "ref": "",
        "url": "",
        "url2": ""
      }
    },
    {
      "type": "Feature",
      "geometry": {
        "type": "Point",
        "coordinates": [
          130.7169761,
          32.7701275
        ]
      },
      "properties": {
        "内容": "バス停: 東病院前",
        "name": "東病院前",
        "operator": "事業者不明",
        "ref": "",
        "url": "",
        "url2": ""
      }
    },
    {
      "type": "Feature",
      "geometry": {
        "type": "Point",
        "coordinates": [
          130.7165311,
          32.7702127
        ]
      },
      "properties": {
        "内容": "バス停: 東病院前",
        "name": "東病院前",
        "operator": "事業者不明",
        "ref": "",
        "url": "",
        "url2": ""
      }
    },
    {
      "type": "Feature",
      "geometry": {
        "type": "Point",
        "coordinates": [
          130.7182658,
          32.7692442
        ]
      },
      "properties": {
        "内容": "バス停: 田迎小学校前",
        "name": "田迎小学校前",
        "operator": "事業者不明",
        "ref": "",
        "url": "",
        "url2": ""
      }
    },
    {
      "type": "Feature",
      "geometry": {
        "type": "Point",
        "coordinates": [
          130.7181533,
          32.7691557
        ]
      },
      "properties": {
        "内容": "バス停: 田迎小学校前",
        "name": "田迎小学校前",
        "operator": "事業者不明",
        "ref": "",
        "url": "",
        "url2": ""
      }
    },
    {
      "type": "Feature",
      "geometry": {
        "type": "Point",
        "coordinates": [
          130.7196586,
          32.7648919
        ]
      },
      "properties": {
        "内容": "バス停: 田迎(旧浜線)",
        "name": "田迎(旧浜線)",
        "operator": "事業者不明",
        "ref": "",
        "url": "",
        "url2": ""
      }
    },
    {
      "type": "Feature",
      "geometry": {
        "type": "Point",
        "coordinates": [
          130.7195087,
          32.7653726
        ]
      },
      "properties": {
        "内容": "バス停: 田迎(旧浜線)",
        "name": "田迎(旧浜線)",
        "operator": "事業者不明",
        "ref": "",
        "url": "",
        "url2": ""
      }
    },
    {
      "type": "Feature",
      "geometry": {
        "type": "Point",
        "coordinates": [
          130.7201611,
          32.7624905
        ]
      },
      "properties": {
        "内容": "バス停: 下乙",
        "name": "下乙",
        "operator": "事業者不明",
        "ref": "",
        "url": "",
        "url2": ""
      }
    },
    {
      "type": "Feature",
      "geometry": {
        "type": "Point",
        "coordinates": [
          130.721163,
          32.7616589
        ]
      },
      "properties": {
        "内容": "バス停: 下乙",
        "name": "下乙",
        "operator": "事業者不明",
        "ref": "",
        "url": "",
        "url2": ""
      }
    },
    {
      "type": "Feature",
      "geometry": {
        "type": "Point",
        "coordinates": [
          130.724239,
          32.7580522
        ]
      },
      "properties": {
        "内容": "バス停: 良町",
        "name": "良町",
        "operator": "事業者不明",
        "ref": "",
        "url": "",
        "url2": ""
      }
    },
    {
      "type": "Feature",
      "geometry": {
        "type": "Point",
        "coordinates": [
          130.7245865,
          32.7576636
        ]
      },
      "properties": {
        "内容": "バス停: 良町",
        "name": "良町",
        "operator": "事業者不明",
        "ref": "",
        "url": "",
        "url2": ""
      }
    },
    {
      "type": "Feature",
      "geometry": {
        "type": "Point",
        "coordinates": [
          130.7304247,
          32.7525917
        ]
      },
      "properties": {
        "内容": "バス停: 中の瀬車庫",
        "name": "中の瀬車庫",
        "operator": "事業者不明",
        "ref": "",
        "url": "",
        "url2": ""
      }
    },
    {
      "type": "Feature",
      "geometry": {
        "type": "Point",
        "coordinates": [
          130.7302242,
          32.752911
        ]
      },
      "properties": {
        "内容": "バス停: 中の瀬車庫",
        "name": "中の瀬車庫",
        "operator": "事業者不明",
        "ref": "",
        "url": "",
        "url2": ""
      }
    },
    {
      "type": "Feature",
      "geometry": {
        "type": "Point",
        "coordinates": [
          130.7364671,
          32.7524588
        ]
      },
      "properties": {
        "内容": "バス停: 中の瀬西",
        "name": "中の瀬西",
        "operator": "事業者不明",
        "ref": "",
        "url": "",
        "url2": ""
      }
    },
    {
      "type": "Feature",
      "geometry": {
        "type": "Point",
        "coordinates": [
          130.7363403,
          32.7523035
        ]
      },
      "properties": {
        "内容": "バス停: 中の瀬西",
        "name": "中の瀬西",
        "operator": "事業者不明",
        "ref": "",
        "url": "",
        "url2": ""
      }
    },
    {
      "type": "Feature",
      "geometry": {
        "type": "Point",
        "coordinates": [
          130.7393904,
          32.7495048
        ]
      },
      "properties": {
        "内容": "バス停: 鯰入口",
        "name": "鯰入口",
        "operator": "事業者不明",
        "ref": "",
        "url": "",
        "url2": ""
      }
    },
    {
      "type": "Feature",
      "geometry": {
        "type": "Point",
        "coordinates": [
          130.7394337,
          32.7501385
        ]
      },
      "properties": {
        "内容": "バス停: 鯰入口",
        "name": "鯰入口",
        "operator": "事業者不明",
        "ref": "",
        "url": "",
        "url2": ""
      }
    },
    {
      "type": "Feature",
      "geometry": {
        "type": "Point",
        "coordinates": [
          130.7403604,
          32.7467775
        ]
      },
      "properties": {
        "内容": "バス停: 鯰(バイパス)",
        "name": "鯰(バイパス)",
        "operator": "事業者不明",
        "ref": "",
        "url": "",
        "url2": ""
      }
    },
    {
      "type": "Feature",
      "geometry": {
        "type": "Point",
        "coordinates": [
          130.7409657,
          32.7458635
        ]
      },
      "properties": {
        "内容": "バス停: 鯰(バイパス)",
        "name": "鯰(バイパス)",
        "operator": "事業者不明",
        "ref": "",
        "url": "",
        "url2": ""
      }
    },
    {
      "type": "Feature",
      "geometry": {
        "type": "Point",
        "coordinates": [
          130.7442564,
          32.7416333
        ]
      },
      "properties": {
        "内容": "バス停: 下上島(バイパス)",
        "name": "下上島(バイパス)",
        "operator": "事業者不明",
        "ref": "",
        "url": "",
        "url2": ""
      }
    },
    {
      "type": "Feature",
      "geometry": {
        "type": "Point",
        "coordinates": [
          130.7443043,
          32.7418923
        ]
      },
      "properties": {
        "内容": "バス停: 下上島(バイパス)",
        "name": "下上島(バイパス)",
        "operator": "事業者不明",
        "ref": "",
        "url": "",
        "url2": ""
      }
    },
    {
      "type": "Feature",
      "geometry": {
        "type": "Point",
        "coordinates": [
          130.7382025,
          32.74715
        ]
      },
      "properties": {
        "内容": "バス停: リハビリテーションセンター熊本回生会病院前",
        "name": "リハビリテーションセンター熊本回生会病院前",
        "operator": "事業者不明",
        "ref": "",
        "url": "",
        "url2": ""
      }
    },
    {
      "type": "Feature",
      "geometry": {
        "type": "Point",
        "coordinates": [
          130.739375,
          32.7449268
        ]
      },
      "properties": {
        "内容": "バス停: 鯰",
        "name": "鯰",
        "operator": "事業者不明",
        "ref": "",
        "url": "",
        "url2": ""
      }
    },
    {
      "type": "Feature",
      "geometry": {
        "type": "Point",
        "coordinates": [
          130.7392521,
          32.744842
        ]
      },
      "properties": {
        "内容": "バス停: 鯰",
        "name": "鯰",
        "operator": "事業者不明",
        "ref": "",
        "url": "",
        "url2": ""
      }
    },
    {
      "type": "Feature",
      "geometry": {
        "type": "Point",
        "coordinates": [
          130.7386663,
          32.7465762
        ]
      },
      "properties": {
        "内容": "バス停: リハビリテーションセンター熊本回生会病院前",
        "name": "リハビリテーションセンター熊本回生会病院前",
        "operator": "事業者不明",
        "ref": "",
        "url": "",
        "url2": ""
      }
    },
    {
      "type": "Feature",
      "geometry": {
        "type": "Point",
        "coordinates": [
          130.7434638,
          32.7415053
        ]
      },
      "properties": {
        "内容": "バス停: 下上島",
        "name": "下上島",
        "operator": "事業者不明",
        "ref": "",
        "url": "",
        "url2": ""
      }
    },
    {
      "type": "Feature",
      "geometry": {
        "type": "Point",
        "coordinates": [
          130.7438564,
          32.7414299
        ]
      },
      "properties": {
        "内容": "バス停: 下上島",
        "name": "下上島",
        "operator": "事業者不明",
        "ref": "",
        "url": "",
        "url2": ""
      }
    },
    {
      "type": "Feature",
      "geometry": {
        "type": "Point",
        "coordinates": [
          130.743169,
          32.7392762
        ]
      },
      "properties": {
        "内容": "バス停: イオンモール熊本",
        "name": "イオンモール熊本",
        "operator": "事業者不明",
        "ref": "",
        "url": "",
        "url2": ""
      }
    },
    {
      "type": "Feature",
      "geometry": {
        "type": "Point",
        "coordinates": [
          130.7403658,
          32.7384948
        ]
      },
      "properties": {
        "内容": "バス停: 高田",
        "name": "高田",
        "operator": "事業者不明",
        "ref": "",
        "url": "",
        "url2": ""
      }
    },
    {
      "type": "Feature",
      "geometry": {
        "type": "Point",
        "coordinates": [
          130.7402015,
          32.7386815
        ]
      },
      "properties": {
        "内容": "バス停: 高田",
        "name": "高田",
        "operator": "事業者不明",
        "ref": "",
        "url": "",
        "url2": ""
      }
    },
    {
      "type": "Feature",
      "geometry": {
        "type": "Point",
        "coordinates": [
          130.7387814,
          32.7328954
        ]
      },
      "properties": {
        "内容": "バス停: 千町",
        "name": "千町",
        "operator": "事業者不明",
        "ref": "",
        "url": "",
        "url2": ""
      }
    },
    {
      "type": "Feature",
      "geometry": {
        "type": "Point",
        "coordinates": [
          130.7385155,
          32.7326919
        ]
      },
      "properties": {
        "内容": "バス停: 千町",
        "name": "千町",
        "operator": "事業者不明",
        "ref": "",
        "url": "",
        "url2": ""
      }
    },
    {
      "type": "Feature",
      "geometry": {
        "type": "Point",
        "coordinates": [
          130.7379022,
          32.729272
        ]
      },
      "properties": {
        "内容": "バス停: 千原入口",
        "name": "千原入口",
        "operator": "事業者不明",
        "ref": "",
        "url": "",
        "url2": ""
      }
    },
    {
      "type": "Feature",
      "geometry": {
        "type": "Point",
        "coordinates": [
          130.737711,
          32.7291185
        ]
      },
      "properties": {
        "内容": "バス停: 千原入口",
        "name": "千原入口",
        "operator": "事業者不明",
        "ref": "",
        "url": "",
        "url2": ""
      }
    },
    {
      "type": "Feature",
      "geometry": {
        "type": "Point",
        "coordinates": [
          130.738606,
          32.7251499
        ]
      },
      "properties": {
        "内容": "バス停: 日の君マルシェ",
        "name": "日の君マルシェ",
        "operator": "事業者不明",
        "ref": "",
        "url": "",
        "url2": ""
      }
    },
    {
      "type": "Feature",
      "geometry": {
        "type": "Point",
        "coordinates": [
          130.7384429,
          32.7250814
        ]
      },
      "properties": {
        "内容": "バス停: 日の君マルシェ",
        "name": "日の君マルシェ",
        "operator": "事業者不明",
        "ref": "",
        "url": "",
        "url2": ""
      }
    },
    {
      "type": "Feature",
      "geometry": {
        "type": "Point",
        "coordinates": [
          130.7396548,
          32.7197535
        ]
      },
      "properties": {
        "内容": "バス停: 杉上今·バイパス",
        "name": "杉上今·バイパス",
        "operator": "事業者不明",
        "ref": "",
        "url": "",
        "url2": ""
      }
    },
    {
      "type": "Feature",
      "geometry": {
        "type": "Point",
        "coordinates": [
          130.7395363,
          32.7197387
        ]
      },
      "properties": {
        "内容": "バス停: 杉上今·バイパス",
        "name": "杉上今·バイパス",
        "operator": "事業者不明",
        "ref": "",
        "url": "",
        "url2": ""
      }
    },
    {
      "type": "Feature",
      "geometry": {
        "type": "Point",
        "coordinates": [
          130.7387256,
          32.7198542
        ]
      },
      "properties": {
        "内容": "バス停: 杉上今",
        "name": "杉上今",
        "operator": "事業者不明",
        "ref": "",
        "url": "",
        "url2": ""
      }
    },
    {
      "type": "Feature",
      "geometry": {
        "type": "Point",
        "coordinates": [
          130.7386244,
          32.7198968
        ]
      },
      "properties": {
        "内容": "バス停: 杉上今",
        "name": "杉上今",
        "operator": "事業者不明",
        "ref": "",
        "url": "",
        "url2": ""
      }
    },
    {
      "type": "Feature",
      "geometry": {
        "type": "Point",
        "coordinates": [
          130.7352714,
          32.717786
        ]
      },
      "properties": {
        "内容": "バス停: ひばりヶ丘",
        "name": "ひばりヶ丘",
        "operator": "事業者不明",
        "ref": "",
        "url": "",
        "url2": ""
      }
    },
    {
      "type": "Feature",
      "geometry": {
        "type": "Point",
        "coordinates": [
          130.7342643,
          32.7169503
        ]
      },
      "properties": {
        "内容": "バス停: ひばりヶ丘",
        "name": "ひばりヶ丘",
        "operator": "事業者不明",
        "ref": "",
        "url": "",
        "url2": ""
      }
    },
    {
      "type": "Feature",
      "geometry": {
        "type": "Point",
        "coordinates": [
          130.7312779,
          32.71384
        ]
      },
      "properties": {
        "内容": "バス停: 宮の下",
        "name": "宮の下",
        "operator": "事業者不明",
        "ref": "",
        "url": "",
        "url2": ""
      }
    },
    {
      "type": "Feature",
      "geometry": {
        "type": "Point",
        "coordinates": [
          130.7310805,
          32.7135277
        ]
      },
      "properties": {
        "内容": "バス停: 宮の下",
        "name": "宮の下",
        "operator": "事業者不明",
        "ref": "",
        "url": "",
        "url2": ""
      }
    },
    {
      "type": "Feature",
      "geometry": {
        "type": "Point",
        "coordinates": [
          130.7279558,
          32.7089627
        ]
      },
      "properties": {
        "内容": "バス停: 城南まちづくりセンター入口",
        "name": "城南まちづくりセンター入口",
        "operator": "事業者不明",
        "ref": "",
        "url": "",
        "url2": ""
      }
    },
    {
      "type": "Feature",
      "geometry": {
        "type": "Point",
        "coordinates": [
          130.7278547,
          32.7083043
        ]
      },
      "properties": {
        "内容": "バス停: 城南まちづくりセンター入口",
        "name": "城南まちづくりセンター入口",
        "operator": "事業者不明",
        "ref": "",
        "url": "",
        "url2": ""
      }
    },
    {
      "type": "Feature",
      "geometry": {
        "type": "Point",
        "coordinates": [
          130.728001,
          32.7051987
        ]
      },
      "properties": {
        "内容": "バス停: 城南",
        "name": "城南",
        "operator": "事業者不明",
        "ref": "",
        "url": "",
        "url2": ""
      }
    },
    {
      "type": "Feature",
      "geometry": {
        "type": "Point",
        "coordinates": [
          130.7278742,
          32.7052382
        ]
      },
      "properties": {
        "内容": "バス停: 城南",
        "name": "城南",
        "operator": "事業者不明",
        "ref": "",
        "url": "",
        "url2": ""
      }
    },
    {
      "type": "Feature",
      "geometry": {
        "type": "Point",
        "coordinates": [
          130.7226764,
          32.7034272
        ]
      },
      "properties": {
        "内容": "バス停: 城南団地前",
        "name": "城南団地前",
        "operator": "事業者不明",
        "ref": "",
        "url": "",
        "url2": ""
      }
    },
    {
      "type": "Feature",
      "geometry": {
        "type": "Point",
        "coordinates": [
          130.722928,
          32.7031567
        ]
      },
      "properties": {
        "内容": "バス停: 城南団地前",
        "name": "城南団地前",
        "operator": "事業者不明",
        "ref": "",
        "url": "",
        "url2": ""
      }
    },
    {
      "type": "Feature",
      "geometry": {
        "type": "Point",
        "coordinates": [
          130.7191589,
          32.7024064
        ]
      },
      "properties": {
        "内容": "バス停: 黒橋",
        "name": "黒橋",
        "operator": "事業者不明",
        "ref": "",
        "url": "",
        "url2": ""
      }
    },
    {
      "type": "Feature",
      "geometry": {
        "type": "Point",
        "coordinates": [
          130.7189644,
          32.7023833
        ]
      },
      "properties": {
        "内容": "バス停: 黒橋",
        "name": "黒橋",
        "operator": "事業者不明",
        "ref": "",
        "url": "",
        "url2": ""
      }
    },
    {
      "type": "Feature",
      "geometry": {
        "type": "Point",
        "coordinates": [
          130.7135663,
          32.7029944
        ]
      },
      "properties": {
        "内容": "バス停: 明熊",
        "name": "明熊",
        "operator": "事業者不明",
        "ref": "",
        "url": "",
        "url2": ""
      }
    },
    {
      "type": "Feature",
      "geometry": {
        "type": "Point",
        "coordinates": [
          130.7135018,
          32.7031099
        ]
      },
      "properties": {
        "内容": "バス停: 明熊",
        "name": "明熊",
        "operator": "事業者不明",
        "ref": "",
        "url": "",
        "url2": ""
      }
    },
    {
      "type": "Feature",
      "geometry": {
        "type": "Point",
        "coordinates": [
          130.7096871,
          32.7043025
        ]
      },
      "properties": {
        "内容": "バス停: 東木原",
        "name": "東木原",
        "operator": "事業者不明",
        "ref": "",
        "url": "",
        "url2": ""
      }
    },
    {
      "type": "Feature",
      "geometry": {
        "type": "Point",
        "coordinates": [
          130.7097103,
          32.7043991
        ]
      },
      "properties": {
        "内容": "バス停: 東木原",
        "name": "東木原",
        "operator": "事業者不明",
        "ref": "",
        "url": "",
        "url2": ""
      }
    },
    {
      "type": "Feature",
      "geometry": {
        "type": "Point",
        "coordinates": [
          130.7056124,
          32.7049616
        ]
      },
      "properties": {
        "内容": "バス停: 木原不動前",
        "name": "木原不動前",
        "operator": "事業者不明",
        "ref": "",
        "url": "",
        "url2": ""
      }
    },
    {
      "type": "Feature",
      "geometry": {
        "type": "Point",
        "coordinates": [
          130.7056041,
          32.7050414
        ]
      },
      "properties": {
        "内容": "バス停: 木原不動前",
        "name": "木原不動前",
        "operator": "事業者不明",
        "ref": "",
        "url": "",
        "url2": ""
      }
    },
    {
      "type": "Feature",
      "geometry": {
        "type": "Point",
        "coordinates": [
          130.691221,
          32.7013208
        ]
      },
      "properties": {
        "内容": "バス停: 平良",
        "name": "平良",
        "operator": "事業者不明",
        "ref": "",
        "url": "",
        "url2": ""
      }
    },
    {
      "type": "Feature",
      "geometry": {
        "type": "Point",
        "coordinates": [
          130.6912387,
          32.7015746
        ]
      },
      "properties": {
        "内容": "バス停: 平良",
        "name": "平良",
        "operator": "事業者不明",
        "ref": "",
        "url": "",
        "url2": ""
      }
    },
    {
      "type": "Feature",
      "geometry": {
        "type": "Point",
        "coordinates": [
          130.6848166,
          32.6994873
        ]
      },
      "properties": {
        "内容": "バス停: 県立こころの医療センター前",
        "name": "県立こころの医療センター前",
        "operator": "事業者不明",
        "ref": "",
        "url": "",
        "url2": ""
      }
    },
    {
      "type": "Feature",
      "geometry": {
        "type": "Point",
        "coordinates": [
          130.684792,
          32.6995581
        ]
      },
      "properties": {
        "内容": "バス停: 県立こころの医療センター前",
        "name": "県立こころの医療センター前",
        "operator": "事業者不明",
        "ref": "",
        "url": "",
        "url2": ""
      }
    },
    {
      "type": "Feature",
      "geometry": {
        "type": "Point",
        "coordinates": [
          130.6759795,
          32.6976793
        ]
      },
      "properties": {
        "内容": "バス停: 南田",
        "name": "南田",
        "operator": "事業者不明",
        "ref": "",
        "url": "",
        "url2": ""
      }
    },
    {
      "type": "Feature",
      "geometry": {
        "type": "Point",
        "coordinates": [
          130.6759675,
          32.6976085
        ]
      },
      "properties": {
        "内容": "バス停: 南田",
        "name": "南田",
        "operator": "事業者不明",
        "ref": "",
        "url": "",
        "url2": ""
      }
    },
    {
      "type": "Feature",
      "geometry": {
        "type": "Point",
        "coordinates": [
          130.6725646,
          32.6970744
        ]
      },
      "properties": {
        "内容": "バス停: 南田尻(県道)",
        "name": "南田尻(県道)",
        "operator": "事業者不明",
        "ref": "",
        "url": "",
        "url2": ""
      }
    },
    {
      "type": "Feature",
      "geometry": {
        "type": "Point",
        "coordinates": [
          130.6725808,
          32.6970207
        ]
      },
      "properties": {
        "内容": "バス停: 南田尻(県道)",
        "name": "南田尻(県道)",
        "operator": "事業者不明",
        "ref": "",
        "url": "",
        "url2": ""
      }
    },
    {
      "type": "Feature",
      "geometry": {
        "type": "Point",
        "coordinates": [
          130.6696967,
          32.6942717
        ]
      },
      "properties": {
        "内容": "バス停: 宇土駅(東口)",
        "name": "宇土駅(東口)",
        "operator": "事業者不明",
        "ref": "",
        "url": "",
        "url2": ""
      }
    },
    {
      "type": "Feature",
      "geometry": {
        "type": "Point",
        "coordinates": [
          130.6695232,
          32.6938498
        ]
      },
      "properties": {
        "内容": "バス停: 宇土駅(東口)",
        "name": "宇土駅(東口)",
        "operator": "事業者不明",
        "ref": "",
        "url": "",
        "url2": ""
      }
    },
    {
      "type": "Feature",
      "geometry": {
        "type": "Point",
        "coordinates": [
          130.6795716,
          32.7145182
        ]
      },
      "properties": {
        "内容": "バス停: 南区役所前",
        "name": "南区役所前",
        "operator": "事業者不明",
        "ref": "",
        "url": "",
        "url2": ""
      }
    },
    {
      "type": "Feature",
      "geometry": {
        "type": "Point",
        "coordinates": [
          130.6794374,
          32.7147573
        ]
      },
      "properties": {
        "内容": "バス停: 南区役所前",
        "name": "南区役所前",
        "operator": "事業者不明",
        "ref": "",
        "url": "",
        "url2": ""
      }
    },
    {
      "type": "Feature",
      "geometry": {
        "type": "Point",
        "coordinates": [
          130.6785651,
          32.7157969
        ]
      },
      "properties": {
        "内容": "バス停: 南区役所",
        "name": "南区役所",
        "operator": "事業者不明",
        "ref": "",
        "url": "",
        "url2": ""
      }
    },
    {
      "type": "Feature",
      "geometry": {
        "type": "Point",
        "coordinates": [
          130.7521262,
          32.7358816
        ]
      },
      "properties": {
        "内容": "バス停: 上島病院前",
        "name": "上島病院前",
        "operator": "事業者不明",
        "ref": "",
        "url": "",
        "url2": ""
      }
    },
    {
      "type": "Feature",
      "geometry": {
        "type": "Point",
        "coordinates": [
          130.7524142,
          32.7355655
        ]
      },
      "properties": {
        "内容": "バス停: 上島病院前",
        "name": "上島病院前",
        "operator": "事業者不明",
        "ref": "",
        "url": "",
        "url2": ""
      }
    },
    {
      "type": "Feature",
      "geometry": {
        "type": "Point",
        "coordinates": [
          130.755194,
          32.7343316
        ]
      },
      "properties": {
        "内容": "バス停: 上島",
        "name": "上島",
        "operator": "事業者不明",
        "ref": "",
        "url": "",
        "url2": ""
      }
    },
    {
      "type": "Feature",
      "geometry": {
        "type": "Point",
        "coordinates": [
          130.755771,
          32.7340507
        ]
      },
      "properties": {
        "内容": "バス停: 上島",
        "name": "上島",
        "operator": "事業者不明",
        "ref": "",
        "url": "",
        "url2": ""
      }
    },
    {
      "type": "Feature",
      "geometry": {
        "type": "Point",
        "coordinates": [
          130.7597272,
          32.7287691
        ]
      },
      "properties": {
        "内容": "バス停: 豊明",
        "name": "豊明",
        "operator": "事業者不明",
        "ref": "",
        "url": "",
        "url2": ""
      }
    },
    {
      "type": "Feature",
      "geometry": {
        "type": "Point",
        "coordinates": [
          130.7596627,
          32.7286901
        ]
      },
      "properties": {
        "内容": "バス停: 豊明",
        "name": "豊明",
        "operator": "事業者不明",
        "ref": "",
        "url": "",
        "url2": ""
      }
    },
    {
      "type": "Feature",
      "geometry": {
        "type": "Point",
        "coordinates": [
          130.7669166,
          32.7241983
        ]
      },
      "properties": {
        "内容": "バス停: 増見鶴",
        "name": "増見鶴",
        "operator": "事業者不明",
        "ref": "",
        "url": "",
        "url2": ""
      }
    },
    {
      "type": "Feature",
      "geometry": {
        "type": "Point",
        "coordinates": [
          130.7669768,
          32.7242793
        ]
      },
      "properties": {
        "内容": "バス停: 増見鶴",
        "name": "増見鶴",
        "operator": "事業者不明",
        "ref": "",
        "url": "",
        "url2": ""
      }
    },
    {
      "type": "Feature",
      "geometry": {
        "type": "Point",
        "coordinates": [
          130.7702429,
          32.7200399
        ]
      },
      "properties": {
        "内容": "バス停: 陣",
        "name": "陣",
        "operator": "事業者不明",
        "ref": "",
        "url": "",
        "url2": ""
      }
    },
    {
      "type": "Feature",
      "geometry": {
        "type": "Point",
        "coordinates": [
          130.7706289,
          32.7197261
        ]
      },
      "properties": {
        "内容": "バス停: 陣",
        "name": "陣",
        "operator": "事業者不明",
        "ref": "",
        "url": "",
        "url2": ""
      }
    },
    {
      "type": "Feature",
      "geometry": {
        "type": "Point",
        "coordinates": [
          130.7724613,
          32.716356
        ]
      },
      "properties": {
        "内容": "バス停: 五反",
        "name": "五反",
        "operator": "事業者不明",
        "ref": "",
        "url": "",
        "url2": ""
      }
    },
    {
      "type": "Feature",
      "geometry": {
        "type": "Point",
        "coordinates": [
          130.7725773,
          32.7164012
        ]
      },
      "properties": {
        "内容": "バス停: 五反",
        "name": "五反",
        "operator": "事業者不明",
        "ref": "",
        "url": "",
        "url2": ""
      }
    },
    {
      "type": "Feature",
      "geometry": {
        "type": "Point",
        "coordinates": [
          130.7744,
          32.7123518
        ]
      },
      "properties": {
        "内容": "バス停: 芝原",
        "name": "芝原",
        "operator": "事業者不明",
        "ref": "",
        "url": "",
        "url2": ""
      }
    },
    {
      "type": "Feature",
      "geometry": {
        "type": "Point",
        "coordinates": [
          130.7744273,
          32.712544
        ]
      },
      "properties": {
        "内容": "バス停: 芝原",
        "name": "芝原",
        "operator": "事業者不明",
        "ref": "",
        "url": "",
        "url2": ""
      }
    },
    {
      "type": "Feature",
      "geometry": {
        "type": "Point",
        "coordinates": [
          130.7798597,
          32.7018807
        ]
      },
      "properties": {
        "内容": "バス停: 辺場",
        "name": "辺場",
        "operator": "事業者不明",
        "ref": "",
        "url": "",
        "url2": ""
      }
    },
    {
      "type": "Feature",
      "geometry": {
        "type": "Point",
        "coordinates": [
          130.7798218,
          32.7018201
        ]
      },
      "properties": {
        "内容": "バス停: 辺場",
        "name": "辺場",
        "operator": "事業者不明",
        "ref": "",
        "url": "",
        "url2": ""
      }
    },
    {
      "type": "Feature",
      "geometry": {
        "type": "Point",
        "coordinates": [
          130.7851422,
          32.6992745
        ]
      },
      "properties": {
        "内容": "バス停: 上辺場",
        "name": "上辺場",
        "operator": "事業者不明",
        "ref": "",
        "url": "",
        "url2": ""
      }
    },
    {
      "type": "Feature",
      "geometry": {
        "type": "Point",
        "coordinates": [
          130.7847925,
          32.6993465
        ]
      },
      "properties": {
        "内容": "バス停: 上辺場",
        "name": "上辺場",
        "operator": "事業者不明",
        "ref": "",
        "url": "",
        "url2": ""
      }
    },
    {
      "type": "Feature",
      "geometry": {
        "type": "Point",
        "coordinates": [
          130.7877357,
          32.6967838
        ]
      },
      "properties": {
        "内容": "バス停: 松ヶ崎",
        "name": "松ヶ崎",
        "operator": "事業者不明",
        "ref": "",
        "url": "",
        "url2": ""
      }
    },
    {
      "type": "Feature",
      "geometry": {
        "type": "Point",
        "coordinates": [
          130.788142,
          32.6963123
        ]
      },
      "properties": {
        "内容": "バス停: 松ヶ崎",
        "name": "松ヶ崎",
        "operator": "事業者不明",
        "ref": "",
        "url": "",
        "url2": ""
      }
    },
    {
      "type": "Feature",
      "geometry": {
        "type": "Point",
        "coordinates": [
          130.7904626,
          32.6932513
        ]
      },
      "properties": {
        "内容": "バス停: 乙女橋",
        "name": "乙女橋",
        "operator": "事業者不明",
        "ref": "",
        "url": "",
        "url2": ""
      }
    },
    {
      "type": "Feature",
      "geometry": {
        "type": "Point",
        "coordinates": [
          130.7913079,
          32.692631
        ]
      },
      "properties": {
        "内容": "バス停: 乙女橋",
        "name": "乙女橋",
        "operator": "事業者不明",
        "ref": "",
        "url": "",
        "url2": ""
      }
    },
    {
      "type": "Feature",
      "geometry": {
        "type": "Point",
        "coordinates": [
          130.7977841,
          32.6871711
        ]
      },
      "properties": {
        "内容": "バス停: 糸田",
        "name": "糸田",
        "operator": "事業者不明",
        "ref": "",
        "url": "",
        "url2": ""
      }
    },
    {
      "type": "Feature",
      "geometry": {
        "type": "Point",
        "coordinates": [
          130.7979905,
          32.686627
        ]
      },
      "properties": {
        "内容": "バス停: 糸田",
        "name": "糸田",
        "operator": "事業者不明",
        "ref": "",
        "url": "",
        "url2": ""
      }
    },
    {
      "type": "Feature",
      "geometry": {
        "type": "Point",
        "coordinates": [
          130.8077834,
          32.6794964
        ]
      },
      "properties": {
        "内容": "バス停: 塔の木",
        "name": "塔の木",
        "operator": "事業者不明",
        "ref": "",
        "url": "",
        "url2": ""
      }
    },
    {
      "type": "Feature",
      "geometry": {
        "type": "Point",
        "coordinates": [
          130.8075672,
          32.6795158
        ]
      },
      "properties": {
        "内容": "バス停: 塔の木",
        "name": "塔の木",
        "operator": "事業者不明",
        "ref": "",
        "url": "",
        "url2": ""
      }
    },
    {
      "type": "Feature",
      "geometry": {
        "type": "Point",
        "coordinates": [
          130.8111826,
          32.6723599
        ]
      },
      "properties": {
        "内容": "バス停: 浅井入口",
        "name": "浅井入口",
        "operator": "事業者不明",
        "ref": "",
        "url": "",
        "url2": ""
      }
    },
    {
      "type": "Feature",
      "geometry": {
        "type": "Point",
        "coordinates": [
          130.8109954,
          32.6724752
        ]
      },
      "properties": {
        "内容": "バス停: 浅井入口",
        "name": "浅井入口",
        "operator": "事業者不明",
        "ref": "",
        "url": "",
        "url2": ""
      }
    },
    {
      "type": "Feature",
      "geometry": {
        "type": "Point",
        "coordinates": [
          130.8092735,
          32.6686818
        ]
      },
      "properties": {
        "内容": "バス停: 甲佐中学校入口",
        "name": "甲佐中学校入口",
        "operator": "事業者不明",
        "ref": "",
        "url": "",
        "url2": ""
      }
    },
    {
      "type": "Feature",
      "geometry": {
        "type": "Point",
        "coordinates": [
          130.8092591,
          32.668895
        ]
      },
      "properties": {
        "内容": "バス停: 甲佐中学校入口",
        "name": "甲佐中学校入口",
        "operator": "事業者不明",
        "ref": "",
        "url": "",
        "url2": ""
      }
    },
    {
      "type": "Feature",
      "geometry": {
        "type": "Point",
        "coordinates": [
          130.808113,
          32.6641923
        ]
      },
      "properties": {
        "内容": "バス停: 有安",
        "name": "有安",
        "operator": "事業者不明",
        "ref": "",
        "url": "",
        "url2": ""
      }
    },
    {
      "type": "Feature",
      "geometry": {
        "type": "Point",
        "coordinates": [
          130.8077448,
          32.6629514
        ]
      },
      "properties": {
        "内容": "バス停: 有安",
        "name": "有安",
        "operator": "事業者不明",
        "ref": "",
        "url": "",
        "url2": ""
      }
    },
    {
      "type": "Feature",
      "geometry": {
        "type": "Point",
        "coordinates": [
          130.8091239,
          32.6566543
        ]
      },
      "properties": {
        "内容": "バス停: 甲佐高校前",
        "name": "甲佐高校前",
        "operator": "事業者不明",
        "ref": "",
        "url": "",
        "url2": ""
      }
    },
    {
      "type": "Feature",
      "geometry": {
        "type": "Point",
        "coordinates": [
          130.8088638,
          32.6574607
        ]
      },
      "properties": {
        "内容": "バス停: 甲佐高校前",
        "name": "甲佐高校前",
        "operator": "事業者不明",
        "ref": "",
        "url": "",
        "url2": ""
      }
    },
    {
      "type": "Feature",
      "geometry": {
        "type": "Point",
        "coordinates": [
          130.8091664,
          32.6528083
        ]
      },
      "properties": {
        "内容": "バス停: 甲佐",
        "name": "甲佐",
        "operator": "事業者不明",
        "ref": "",
        "url": "",
        "url2": ""
      }
    },
    {
      "type": "Feature",
      "geometry": {
        "type": "Point",
        "coordinates": [
          130.8094487,
          32.6505694
        ]
      },
      "properties": {
        "内容": "バス停: 本町",
        "name": "本町",
        "operator": "事業者不明",
        "ref": "",
        "url": "",
        "url2": ""
      }
    },
    {
      "type": "Feature",
      "geometry": {
        "type": "Point",
        "coordinates": [
          130.8093215,
          32.6504739
        ]
      },
      "properties": {
        "内容": "バス停: 本町",
        "name": "本町",
        "operator": "事業者不明",
        "ref": "",
        "url": "",
        "url2": ""
      }
    },
    {
      "type": "Feature",
      "geometry": {
        "type": "Point",
        "coordinates": [
          130.8089592,
          32.6487293
        ]
      },
      "properties": {
        "内容": "バス停: 緑町",
        "name": "緑町",
        "operator": "事業者不明",
        "ref": "",
        "url": "",
        "url2": ""
      }
    },
    {
      "type": "Feature",
      "geometry": {
        "type": "Point",
        "coordinates": [
          130.8091198,
          32.6482256
        ]
      },
      "properties": {
        "内容": "バス停: 緑町",
        "name": "緑町",
        "operator": "事業者不明",
        "ref": "",
        "url": "",
        "url2": ""
      }
    },
    {
      "type": "Feature",
      "geometry": {
        "type": "Point",
        "coordinates": [
          130.8119584,
          32.6435373
        ]
      },
      "properties": {
        "内容": "バス停: 日和瀬橋",
        "name": "日和瀬橋",
        "operator": "事業者不明",
        "ref": "",
        "url": "",
        "url2": ""
      }
    },
    {
      "type": "Feature",
      "geometry": {
        "type": "Point",
        "coordinates": [
          130.8123284,
          32.643494
        ]
      },
      "properties": {
        "内容": "バス停: 日和瀬橋",
        "name": "日和瀬橋",
        "operator": "事業者不明",
        "ref": "",
        "url": "",
        "url2": ""
      }
    },
    {
      "type": "Feature",
      "geometry": {
        "type": "Point",
        "coordinates": [
          130.8153334,
          32.6397894
        ]
      },
      "properties": {
        "内容": "バス停: 寒野",
        "name": "寒野",
        "operator": "事業者不明",
        "ref": "",
        "url": "",
        "url2": ""
      }
    },
    {
      "type": "Feature",
      "geometry": {
        "type": "Point",
        "coordinates": [
          130.8155633,
          32.6395546
        ]
      },
      "properties": {
        "内容": "バス停: 寒野",
        "name": "寒野",
        "operator": "事業者不明",
        "ref": "",
        "url": "",
        "url2": ""
      }
    },
    {
      "type": "Feature",
      "geometry": {
        "type": "Point",
        "coordinates": [
          130.8181235,
          32.6361457
        ]
      },
      "properties": {
        "内容": "バス停: 西寒野",
        "name": "西寒野",
        "operator": "事業者不明",
        "ref": "",
        "url": "",
        "url2": ""
      }
    },
    {
      "type": "Feature",
      "geometry": {
        "type": "Point",
        "coordinates": [
          130.8182555,
          32.6361385
        ]
      },
      "properties": {
        "内容": "バス停: 西寒野",
        "name": "西寒野",
        "operator": "事業者不明",
        "ref": "",
        "url": "",
        "url2": ""
      }
    },
    {
      "type": "Feature",
      "geometry": {
        "type": "Point",
        "coordinates": [
          130.8129397,
          32.6265098
        ]
      },
      "properties": {
        "内容": "バス停: 二俣橋",
        "name": "二俣橋",
        "operator": "事業者不明",
        "ref": "",
        "url": "",
        "url2": ""
      }
    },
    {
      "type": "Feature",
      "geometry": {
        "type": "Point",
        "coordinates": [
          130.8127278,
          32.6264747
        ]
      },
      "properties": {
        "内容": "バス停: 二俣橋",
        "name": "二俣橋",
        "operator": "事業者不明",
        "ref": "",
        "url": "",
        "url2": ""
      }
    },
    {
      "type": "Feature",
      "geometry": {
        "type": "Point",
        "coordinates": [
          130.8139684,
          32.6247523
        ]
      },
      "properties": {
        "内容": "バス停: 小莚",
        "name": "小莚",
        "operator": "事業者不明",
        "ref": "",
        "url": "",
        "url2": ""
      }
    },
    {
      "type": "Feature",
      "geometry": {
        "type": "Point",
        "coordinates": [
          130.8139552,
          32.6245718
        ]
      },
      "properties": {
        "内容": "バス停: 小莚",
        "name": "小莚",
        "operator": "事業者不明",
        "ref": "",
        "url": "",
        "url2": ""
      }
    },
    {
      "type": "Feature",
      "geometry": {
        "type": "Point",
        "coordinates": [
          130.8198874,
          32.6224385
        ]
      },
      "properties": {
        "内容": "バス停: 佐俣宮の前",
        "name": "佐俣宮の前",
        "operator": "事業者不明",
        "ref": "",
        "url": "",
        "url2": ""
      }
    },
    {
      "type": "Feature",
      "geometry": {
        "type": "Point",
        "coordinates": [
          130.8198322,
          32.6223458
        ]
      },
      "properties": {
        "内容": "バス停: 佐俣宮の前",
        "name": "佐俣宮の前",
        "operator": "事業者不明",
        "ref": "",
        "url": "",
        "url2": ""
      }
    },
    {
      "type": "Feature",
      "geometry": {
        "type": "Point",
        "coordinates": [
          130.8232579,
          32.62365
        ]
      },
      "properties": {
        "内容": "バス停: 佐俣の湯",
        "name": "佐俣の湯",
        "operator": "事業者不明",
        "ref": "",
        "url": "",
        "url2": ""
      }
    },
    {
      "type": "Feature",
      "geometry": {
        "type": "Point",
        "coordinates": [
          130.8260876,
          32.6223688
        ]
      },
      "properties": {
        "内容": "バス停: 佐俣の湯前",
        "name": "佐俣の湯前",
        "operator": "事業者不明",
        "ref": "",
        "url": "",
        "url2": ""
      }
    },
    {
      "type": "Feature",
      "geometry": {
        "type": "Point",
        "coordinates": [
          130.8260324,
          32.6222726
        ]
      },
      "properties": {
        "内容": "バス停: 佐俣の湯前",
        "name": "佐俣の湯前",
        "operator": "事業者不明",
        "ref": "",
        "url": "",
        "url2": ""
      }
    },
    {
      "type": "Feature",
      "geometry": {
        "type": "Point",
        "coordinates": [
          130.8284491,
          32.6223432
        ]
      },
      "properties": {
        "内容": "バス停: 馬門橋",
        "name": "馬門橋",
        "operator": "事業者不明",
        "ref": "",
        "url": "",
        "url2": ""
      }
    },
    {
      "type": "Feature",
      "geometry": {
        "type": "Point",
        "coordinates": [
          130.8284009,
          32.6222168
        ]
      },
      "properties": {
        "内容": "バス停: 馬門橋",
        "name": "馬門橋",
        "operator": "事業者不明",
        "ref": "",
        "url": "",
        "url2": ""
      }
    },
    {
      "type": "Feature",
      "geometry": {
        "type": "Point",
        "coordinates": [
          130.8348738,
          32.6197365
        ]
      },
      "properties": {
        "内容": "バス停: 佐俣今村",
        "name": "佐俣今村",
        "operator": "事業者不明",
        "ref": "",
        "url": "",
        "url2": ""
      }
    },
    {
      "type": "Feature",
      "geometry": {
        "type": "Point",
        "coordinates": [
          130.8347596,
          32.6196526
        ]
      },
      "properties": {
        "内容": "バス停: 佐俣今村",
        "name": "佐俣今村",
        "operator": "事業者不明",
        "ref": "",
        "url": "",
        "url2": ""
      }
    },
    {
      "type": "Feature",
      "geometry": {
        "type": "Point",
        "coordinates": [
          130.8429623,
          32.614343
        ]
      },
      "properties": {
        "内容": "バス停: 目磨",
        "name": "目磨",
        "operator": "事業者不明",
        "ref": "",
        "url": "",
        "url2": ""
      }
    },
    {
      "type": "Feature",
      "geometry": {
        "type": "Point",
        "coordinates": [
          130.8439967,
          32.6141394
        ]
      },
      "properties": {
        "内容": "バス停: 目磨",
        "name": "目磨",
        "operator": "事業者不明",
        "ref": "",
        "url": "",
        "url2": ""
      }
    },
    {
      "type": "Feature",
      "geometry": {
        "type": "Point",
        "coordinates": [
          130.8500588,
          32.6154461
        ]
      },
      "properties": {
        "内容": "バス停: 大窪",
        "name": "大窪",
        "operator": "事業者不明",
        "ref": "",
        "url": "",
        "url2": ""
      }
    },
    {
      "type": "Feature",
      "geometry": {
        "type": "Point",
        "coordinates": [
          130.8499239,
          32.6152801
        ]
      },
      "properties": {
        "内容": "バス停: 大窪",
        "name": "大窪",
        "operator": "事業者不明",
        "ref": "",
        "url": "",
        "url2": ""
      }
    },
    {
      "type": "Feature",
      "geometry": {
        "type": "Point",
        "coordinates": [
          130.8582108,
          32.6179551
        ]
      },
      "properties": {
        "内容": "バス停: 下永富",
        "name": "下永富",
        "operator": "事業者不明",
        "ref": "",
        "url": "",
        "url2": ""
      }
    },
    {
      "type": "Feature",
      "geometry": {
        "type": "Point",
        "coordinates": [
          130.8581471,
          32.6178441
        ]
      },
      "properties": {
        "内容": "バス停: 下永富",
        "name": "下永富",
        "operator": "事業者不明",
        "ref": "",
        "url": "",
        "url2": ""
      }
    },
    {
      "type": "Feature",
      "geometry": {
        "type": "Point",
        "coordinates": [
          130.8607043,
          32.6180309
        ]
      },
      "properties": {
        "内容": "バス停: 永富",
        "name": "永富",
        "operator": "事業者不明",
        "ref": "",
        "url": "",
        "url2": ""
      }
    },
    {
      "type": "Feature",
      "geometry": {
        "type": "Point",
        "coordinates": [
          130.8608294,
          32.6179927
        ]
      },
      "properties": {
        "内容": "バス停: 永富",
        "name": "永富",
        "operator": "事業者不明",
        "ref": "",
        "url": "",
        "url2": ""
      }
    },
    {
      "type": "Feature",
      "geometry": {
        "type": "Point",
        "coordinates": [
          130.8656644,
          32.6183067
        ]
      },
      "properties": {
        "内容": "バス停: 砥用中央",
        "name": "砥用中央",
        "operator": "事業者不明",
        "ref": "",
        "url": "",
        "url2": ""
      }
    },
    {
      "type": "Feature",
      "geometry": {
        "type": "Point",
        "coordinates": [
          130.8659111,
          32.6182553
        ]
      },
      "properties": {
        "内容": "バス停: 砥用中央",
        "name": "砥用中央",
        "operator": "事業者不明",
        "ref": "",
        "url": "",
        "url2": ""
      }
    },
    {
      "type": "Feature",
      "geometry": {
        "type": "Point",
        "coordinates": [
          130.869745,
          32.6189081
        ]
      },
      "properties": {
        "内容": "バス停: 砥用•学校前",
        "name": "砥用•学校前",
        "operator": "事業者不明",
        "ref": "",
        "url": "",
        "url2": ""
      }
    },
    {
      "type": "Feature",
      "geometry": {
        "type": "Point",
        "coordinates": [
          130.8696147,
          32.6189445
        ]
      },
      "properties": {
        "内容": "バス停: 砥用•学校前",
        "name": "砥用•学校前",
        "operator": "事業者不明",
        "ref": "",
        "url": "",
        "url2": ""
      }
    },
    {
      "type": "Feature",
      "geometry": {
        "type": "Point",
        "coordinates": [
          130.8714796,
          32.6211539
        ]
      },
      "properties": {
        "内容": "バス停: 耳取",
        "name": "耳取",
        "operator": "事業者不明",
        "ref": "",
        "url": "",
        "url2": ""
      }
    },
    {
      "type": "Feature",
      "geometry": {
        "type": "Point",
        "coordinates": [
          130.8794534,
          32.6235459
        ]
      },
      "properties": {
        "内容": "バス停: 内山",
        "name": "内山",
        "operator": "事業者不明",
        "ref": "",
        "url": "",
        "url2": ""
      }
    },
    {
      "type": "Feature",
      "geometry": {
        "type": "Point",
        "coordinates": [
          130.8831198,
          32.6242881
        ]
      },
      "properties": {
        "内容": "バス停: 学園前",
        "name": "学園前",
        "operator": "事業者不明",
        "ref": "",
        "url": "",
        "url2": ""
      }
    },
    {
      "type": "Feature",
      "geometry": {
        "type": "Point",
        "coordinates": [
          130.8830728,
          32.6241451
        ]
      },
      "properties": {
        "内容": "バス停: 学園前",
        "name": "学園前",
        "operator": "事業者不明",
        "ref": "",
        "url": "",
        "url2": ""
      }
    },
    {
      "type": "Feature",
      "geometry": {
        "type": "Point",
        "coordinates": [
          130.888219,
          32.629877
        ]
      },
      "properties": {
        "内容": "バス停: 霊台橋",
        "name": "霊台橋",
        "operator": "事業者不明",
        "ref": "",
        "url": "",
        "url2": ""
      }
    },
    {
      "type": "Feature",
      "geometry": {
        "type": "Point",
        "coordinates": [
          130.8889872,
          32.6306325
        ]
      },
      "properties": {
        "内容": "バス停: 霊台橋",
        "name": "霊台橋",
        "operator": "事業者不明",
        "ref": "",
        "url": "",
        "url2": ""
      }
    },
    {
      "type": "Feature",
      "geometry": {
        "type": "Point",
        "coordinates": [
          130.894853,
          32.6330963
        ]
      },
      "properties": {
        "内容": "バス停: 峠原",
        "name": "峠原",
        "operator": "事業者不明",
        "ref": "",
        "url": "",
        "url2": ""
      }
    },
    {
      "type": "Feature",
      "geometry": {
        "type": "Point",
        "coordinates": [
          130.9023779,
          32.6343096
        ]
      },
      "properties": {
        "内容": "バス停: 家族旅行村西入口",
        "name": "家族旅行村西入口",
        "operator": "事業者不明",
        "ref": "",
        "url": "",
        "url2": ""
      }
    },
    {
      "type": "Feature",
      "geometry": {
        "type": "Point",
        "coordinates": [
          130.9024178,
          32.6342173
        ]
      },
      "properties": {
        "内容": "バス停: 家族旅行村西入口",
        "name": "家族旅行村西入口",
        "operator": "事業者不明",
        "ref": "",
        "url": "",
        "url2": ""
      }
    },
    {
      "type": "Feature",
      "geometry": {
        "type": "Point",
        "coordinates": [
          130.9042078,
          32.6347137
        ]
      },
      "properties": {
        "内容": "バス停: 内園",
        "name": "内園",
        "operator": "事業者不明",
        "ref": "",
        "url": "",
        "url2": ""
      }
    },
    {
      "type": "Feature",
      "geometry": {
        "type": "Point",
        "coordinates": [
          130.9088299,
          32.6364699
        ]
      },
      "properties": {
        "内容": "バス停: 家族旅行村東入口",
        "name": "家族旅行村東入口",
        "operator": "事業者不明",
        "ref": "",
        "url": "",
        "url2": ""
      }
    },
    {
      "type": "Feature",
      "geometry": {
        "type": "Point",
        "coordinates": [
          130.9128418,
          32.6392245
        ]
      },
      "properties": {
        "内容": "バス停: 水上",
        "name": "水上",
        "operator": "事業者不明",
        "ref": "",
        "url": "",
        "url2": ""
      }
    },
    {
      "type": "Feature",
      "geometry": {
        "type": "Point",
        "coordinates": [
          130.9149828,
          32.6407041
        ]
      },
      "properties": {
        "内容": "バス停: 三本松郵便局前",
        "name": "三本松郵便局前",
        "operator": "事業者不明",
        "ref": "",
        "url": "",
        "url2": ""
      }
    },
    {
      "type": "Feature",
      "geometry": {
        "type": "Point",
        "coordinates": [
          130.9171523,
          32.6395537
        ]
      },
      "properties": {
        "内容": "バス停: 三本松",
        "name": "三本松",
        "operator": "事業者不明",
        "ref": "",
        "url": "",
        "url2": ""
      }
    },
    {
      "type": "Feature",
      "geometry": {
        "type": "Point",
        "coordinates": [
          130.9177372,
          32.6423108
        ]
      },
      "properties": {
        "内容": "バス停: 金木",
        "name": "金木",
        "operator": "事業者不明",
        "ref": "",
        "url": "",
        "url2": ""
      }
    },
    {
      "type": "Feature",
      "geometry": {
        "type": "Point",
        "coordinates": [
          130.9178355,
          32.6423847
        ]
      },
      "properties": {
        "内容": "バス停: 金木",
        "name": "金木",
        "operator": "事業者不明",
        "ref": "",
        "url": "",
        "url2": ""
      }
    },
    {
      "type": "Feature",
      "geometry": {
        "type": "Point",
        "coordinates": [
          130.9253072,
          32.6424598
        ]
      },
      "properties": {
        "内容": "バス停: 岩上",
        "name": "岩上",
        "operator": "事業者不明",
        "ref": "",
        "url": "",
        "url2": ""
      }
    },
    {
      "type": "Feature",
      "geometry": {
        "type": "Point",
        "coordinates": [
          130.9309677,
          32.6429759
        ]
      },
      "properties": {
        "内容": "バス停: 興正寺",
        "name": "興正寺",
        "operator": "事業者不明",
        "ref": "",
        "url": "",
        "url2": ""
      }
    },
    {
      "type": "Feature",
      "geometry": {
        "type": "Point",
        "coordinates": [
          130.9305272,
          32.6429701
        ]
      },
      "properties": {
        "内容": "バス停: 興正寺",
        "name": "興正寺",
        "operator": "事業者不明",
        "ref": "",
        "url": "",
        "url2": ""
      }
    },
    {
      "type": "Feature",
      "geometry": {
        "type": "Point",
        "coordinates": [
          130.9364976,
          32.6410289
        ]
      },
      "properties": {
        "内容": "バス停: 勢井",
        "name": "勢井",
        "operator": "事業者不明",
        "ref": "",
        "url": "",
        "url2": ""
      }
    },
    {
      "type": "Feature",
      "geometry": {
        "type": "Point",
        "coordinates": [
          130.9389625,
          32.6418421
        ]
      },
      "properties": {
        "内容": "バス停: 勢井入口",
        "name": "勢井入口",
        "operator": "事業者不明",
        "ref": "",
        "url": "",
        "url2": ""
      }
    },
    {
      "type": "Feature",
      "geometry": {
        "type": "Point",
        "coordinates": [
          130.9422596,
          32.642905
        ]
      },
      "properties": {
        "内容": "バス停: 大辻",
        "name": "大辻",
        "operator": "事業者不明",
        "ref": "",
        "url": "",
        "url2": ""
      }
    },
    {
      "type": "Feature",
      "geometry": {
        "type": "Point",
        "coordinates": [
          130.9467809,
          32.6424655
        ]
      },
      "properties": {
        "内容": "バス停: 大井早",
        "name": "大井早",
        "operator": "事業者不明",
        "ref": "",
        "url": "",
        "url2": ""
      }
    },
    {
      "type": "Feature",
      "geometry": {
        "type": "Point",
        "coordinates": [
          130.9505272,
          32.6416698
        ]
      },
      "properties": {
        "内容": "バス停: 萱野",
        "name": "萱野",
        "operator": "事業者不明",
        "ref": "",
        "url": "",
        "url2": ""
      }
    },
    {
      "type": "Feature",
      "geometry": {
        "type": "Point",
        "coordinates": [
          130.9598991,
          32.6420679
        ]
      },
      "properties": {
        "内容": "バス停: 越草",
        "name": "越草",
        "operator": "事業者不明",
        "ref": "",
        "url": "",
        "url2": ""
      }
    },
    {
      "type": "Feature",
      "geometry": {
        "type": "Point",
        "coordinates": [
          130.9678373,
          32.6427418
        ]
      },
      "properties": {
        "内容": "バス停: 内大臣入口",
        "name": "内大臣入口",
        "operator": "事業者不明",
        "ref": "",
        "url": "",
        "url2": ""
      }
    },
    {
      "type": "Feature",
      "geometry": {
        "type": "Point",
        "coordinates": [
          130.9771924,
          32.6420179
        ]
      },
      "properties": {
        "内容": "バス停: 鶴越",
        "name": "鶴越",
        "operator": "事業者不明",
        "ref": "",
        "url": "",
        "url2": ""
      }
    },
    {
      "type": "Feature",
      "geometry": {
        "type": "Point",
        "coordinates": [
          130.9759843,
          32.652601
        ]
      },
      "properties": {
        "内容": "バス停: 川井野",
        "name": "川井野",
        "operator": "事業者不明",
        "ref": "",
        "url": "",
        "url2": ""
      }
    },
    {
      "type": "Feature",
      "geometry": {
        "type": "Point",
        "coordinates": [
          130.9689532,
          32.6543275
        ]
      },
      "properties": {
        "内容": "バス停: 荒谷",
        "name": "荒谷",
        "operator": "事業者不明",
        "ref": "",
        "url": "",
        "url2": ""
      }
    },
    {
      "type": "Feature",
      "geometry": {
        "type": "Point",
        "coordinates": [
          130.9663015,
          32.6612044
        ]
      },
      "properties": {
        "内容": "バス停: 白小野",
        "name": "白小野",
        "operator": "事業者不明",
        "ref": "",
        "url": "",
        "url2": ""
      }
    },
    {
      "type": "Feature",
      "geometry": {
        "type": "Point",
        "coordinates": [
          130.9681849,
          32.6641987
        ]
      },
      "properties": {
        "内容": "バス停: 上白小野",
        "name": "上白小野",
        "operator": "事業者不明",
        "ref": "",
        "url": "",
        "url2": ""
      }
    },
    {
      "type": "Feature",
      "geometry": {
        "type": "Point",
        "coordinates": [
          130.9775695,
          32.6662101
        ]
      },
      "properties": {
        "内容": "バス停: 下牧野",
        "name": "下牧野",
        "operator": "事業者不明",
        "ref": "",
        "url": "",
        "url2": ""
      }
    },
    {
      "type": "Feature",
      "geometry": {
        "type": "Point",
        "coordinates": [
          130.9803585,
          32.667799
        ]
      },
      "properties": {
        "内容": "バス停: 牧野",
        "name": "牧野",
        "operator": "事業者不明",
        "ref": "",
        "url": "",
        "url2": ""
      }
    },
    {
      "type": "Feature",
      "geometry": {
        "type": "Point",
        "coordinates": [
          130.9804615,
          32.6724174
        ]
      },
      "properties": {
        "内容": "バス停: 自動車練習場",
        "name": "自動車練習場",
        "operator": "事業者不明",
        "ref": "",
        "url": "",
        "url2": ""
      }
    },
    {
      "type": "Feature",
      "geometry": {
        "type": "Point",
        "coordinates": [
          130.9831316,
          32.6762697
        ]
      },
      "properties": {
        "内容": "バス停: 千滝住宅入口",
        "name": "千滝住宅入口",
        "operator": "事業者不明",
        "ref": "",
        "url": "",
        "url2": ""
      }
    },
    {
      "type": "Feature",
      "geometry": {
        "type": "Point",
        "coordinates": [
          130.9828355,
          32.6795904
        ]
      },
      "properties": {
        "内容": "バス停: 千寿苑入口",
        "name": "千寿苑入口",
        "operator": "事業者不明",
        "ref": "",
        "url": "",
        "url2": ""
      }
    },
    {
      "type": "Feature",
      "geometry": {
        "type": "Point",
        "coordinates": [
          130.982946,
          32.681344
        ]
      },
      "properties": {
        "内容": "バス停: 千滝",
        "name": "千滝",
        "operator": "事業者不明",
        "ref": "",
        "url": "",
        "url2": ""
      }
    },
    {
      "type": "Feature",
      "geometry": {
        "type": "Point",
        "coordinates": [
          130.9829648,
          32.6830735
        ]
      },
      "properties": {
        "内容": "バス停: 下馬尾",
        "name": "下馬尾",
        "operator": "事業者不明",
        "ref": "",
        "url": "",
        "url2": ""
      }
    },
    {
      "type": "Feature",
      "geometry": {
        "type": "Point",
        "coordinates": [
          130.9833793,
          32.6845185
        ]
      },
      "properties": {
        "内容": "バス停: 下馬尾",
        "name": "下馬尾",
        "operator": "事業者不明",
        "ref": "",
        "url": "",
        "url2": ""
      }
    },
    {
      "type": "Feature",
      "geometry": {
        "type": "Point",
        "coordinates": [
          130.983425,
          32.6847614
        ]
      },
      "properties": {
        "内容": "バス停: 下馬尾",
        "name": "下馬尾",
        "operator": "事業者不明",
        "ref": "",
        "url": "",
        "url2": ""
      }
    },
    {
      "type": "Feature",
      "geometry": {
        "type": "Point",
        "coordinates": [
          130.9857378,
          32.6840943
        ]
      },
      "properties": {
        "内容": "バス停: 浜町",
        "name": "浜町",
        "operator": "事業者不明",
        "ref": "",
        "url": "",
        "url2": ""
      }
    },
    {
      "type": "Feature",
      "geometry": {
        "type": "Point",
        "coordinates": [
          130.9856263,
          32.6840199
        ]
      },
      "properties": {
        "内容": "バス停: 浜町",
        "name": "浜町",
        "operator": "事業者不明",
        "ref": "",
        "url": "",
        "url2": ""
      }
    },
    {
      "type": "Feature",
      "geometry": {
        "type": "Point",
        "coordinates": [
          130.9874387,
          32.6840011
        ]
      },
      "properties": {
        "内容": "バス停: 浜町中央",
        "name": "浜町中央",
        "operator": "事業者不明",
        "ref": "",
        "url": "",
        "url2": ""
      }
    },
    {
      "type": "Feature",
      "geometry": {
        "type": "Point",
        "coordinates": [
          130.9896539,
          32.6834733
        ]
      },
      "properties": {
        "内容": "バス停: 中央公民館前",
        "name": "中央公民館前",
        "operator": "事業者不明",
        "ref": "",
        "url": "",
        "url2": ""
      }
    },
    {
      "type": "Feature",
      "geometry": {
        "type": "Point",
        "coordinates": [
          130.9908444,
          32.6817536
        ]
      },
      "properties": {
        "内容": "バス停: 通潤橋前",
        "name": "通潤橋前",
        "operator": "事業者不明",
        "ref": "",
        "url": "",
        "url2": ""
      }
    },
    {
      "type": "Feature",
      "geometry": {
        "type": "Point",
        "coordinates": [
          130.991306,
          32.6811083
        ]
      },
      "properties": {
        "内容": "バス停: 通潤橋前",
        "name": "通潤橋前",
        "operator": "事業者不明",
        "ref": "",
        "url": "",
        "url2": ""
      }
    },
    {
      "type": "Feature",
      "geometry": {
        "type": "Point",
        "coordinates": [
          130.9918691,
          32.679914
        ]
      },
      "properties": {
        "内容": "バス停: 通潤山荘",
        "name": "通潤山荘",
        "operator": "事業者不明",
        "ref": "",
        "url": "",
        "url2": ""
      }
    },
    {
      "type": "Feature",
      "geometry": {
        "type": "Point",
        "coordinates": [
          130.6888094,
          32.7820995
        ]
      },
      "properties": {
        "内容": "バス停: 古町",
        "name": "古町",
        "operator": "事業者不明",
        "ref": "",
        "url": "",
        "url2": ""
      }
    },
    {
      "type": "Feature",
      "geometry": {
        "type": "Point",
        "coordinates": [
          130.6886967,
          32.7820957
        ]
      },
      "properties": {
        "内容": "バス停: 古町",
        "name": "古町",
        "operator": "事業者不明",
        "ref": "",
        "url": "",
        "url2": ""
      }
    },
    {
      "type": "Feature",
      "geometry": {
        "type": "Point",
        "coordinates": [
          130.6887475,
          32.7803485
        ]
      },
      "properties": {
        "内容": "バス停: 熊本操車場前",
        "name": "熊本操車場前",
        "operator": "事業者不明",
        "ref": "",
        "url": "",
        "url2": ""
      }
    },
    {
      "type": "Feature",
      "geometry": {
        "type": "Point",
        "coordinates": [
          130.6889087,
          32.7793298
        ]
      },
      "properties": {
        "内容": "バス停: 熊本操車場前",
        "name": "熊本操車場前",
        "operator": "事業者不明",
        "ref": "",
        "url": "",
        "url2": ""
      }
    },
    {
      "type": "Feature",
      "geometry": {
        "type": "Point",
        "coordinates": [
          130.690745,
          32.784441
        ]
      },
      "properties": {
        "内容": "バス停: 二本木町",
        "name": "二本木町",
        "operator": "事業者不明",
        "ref": "",
        "url": "",
        "url2": ""
      }
    },
    {
      "type": "Feature",
      "geometry": {
        "type": "Point",
        "coordinates": [
          130.6909668,
          32.7842944
        ]
      },
      "properties": {
        "内容": "バス停: 二本木町",
        "name": "二本木町",
        "operator": "事業者不明",
        "ref": "",
        "url": "",
        "url2": ""
      }
    },
    {
      "type": "Feature",
      "geometry": {
        "type": "Point",
        "coordinates": [
          130.6975201,
          32.7841664
        ]
      },
      "properties": {
        "内容": "バス停: 新世安橋通り",
        "name": "新世安橋通り",
        "operator": "事業者不明",
        "ref": "",
        "url": "",
        "url2": ""
      }
    },
    {
      "type": "Feature",
      "geometry": {
        "type": "Point",
        "coordinates": [
          130.6974854,
          32.7840138
        ]
      },
      "properties": {
        "内容": "バス停: 新世安橋通り",
        "name": "新世安橋通り",
        "operator": "事業者不明",
        "ref": "",
        "url": "",
        "url2": ""
      }
    },
    {
      "type": "Feature",
      "geometry": {
        "type": "Point",
        "coordinates": [
          130.7009828,
          32.7847654
        ]
      },
      "properties": {
        "内容": "バス停: 南本荘",
        "name": "南本荘",
        "operator": "事業者不明",
        "ref": "",
        "url": "",
        "url2": ""
      }
    },
    {
      "type": "Feature",
      "geometry": {
        "type": "Point",
        "coordinates": [
          130.7012406,
          32.7846696
        ]
      },
      "properties": {
        "内容": "バス停: 南本荘",
        "name": "南本荘",
        "operator": "事業者不明",
        "ref": "",
        "url": "",
        "url2": ""
      }
    },
    {
      "type": "Feature",
      "geometry": {
        "type": "Point",
        "coordinates": [
          130.7048657,
          32.7856073
        ]
      },
      "properties": {
        "内容": "バス停: 琴平神社江原中学前",
        "name": "琴平神社江原中学前",
        "operator": "事業者不明",
        "ref": "",
        "url": "",
        "url2": ""
      }
    },
    {
      "type": "Feature",
      "geometry": {
        "type": "Point",
        "coordinates": [
          130.7048104,
          32.7854494
        ]
      },
      "properties": {
        "内容": "バス停: 琴平神社江原中学前",
        "name": "琴平神社江原中学前",
        "operator": "事業者不明",
        "ref": "",
        "url": "",
        "url2": ""
      }
    },
    {
      "type": "Feature",
      "geometry": {
        "type": "Point",
        "coordinates": [
          130.707834,
          32.7865947
        ]
      },
      "properties": {
        "内容": "バス停: 春竹小学校入口",
        "name": "春竹小学校入口",
        "operator": "事業者不明",
        "ref": "",
        "url": "",
        "url2": ""
      }
    },
    {
      "type": "Feature",
      "geometry": {
        "type": "Point",
        "coordinates": [
          130.707871,
          32.7864412
        ]
      },
      "properties": {
        "内容": "バス停: 春竹小学校入口",
        "name": "春竹小学校入口",
        "operator": "事業者不明",
        "ref": "",
        "url": "",
        "url2": ""
      }
    },
    {
      "type": "Feature",
      "geometry": {
        "type": "Point",
        "coordinates": [
          130.7200978,
          32.7918231
        ]
      },
      "properties": {
        "内容": "バス停: 岡田町",
        "name": "岡田町",
        "operator": "事業者不明",
        "ref": "",
        "url": "",
        "url2": ""
      }
    },
    {
      "type": "Feature",
      "geometry": {
        "type": "Point",
        "coordinates": [
          130.7202788,
          32.7917663
        ]
      },
      "properties": {
        "内容": "バス停: 岡田町",
        "name": "岡田町",
        "operator": "事業者不明",
        "ref": "",
        "url": "",
        "url2": ""
      }
    },
    {
      "type": "Feature",
      "geometry": {
        "type": "Point",
        "coordinates": [
          130.7228918,
          32.7932759
        ]
      },
      "properties": {
        "内容": "バス停: 白山町",
        "name": "白山町",
        "operator": "事業者不明",
        "ref": "",
        "url": "",
        "url2": ""
      }
    },
    {
      "type": "Feature",
      "geometry": {
        "type": "Point",
        "coordinates": [
          130.7233543,
          32.7937149
        ]
      },
      "properties": {
        "内容": "バス停: 白山町",
        "name": "白山町",
        "operator": "事業者不明",
        "ref": "",
        "url": "",
        "url2": ""
      }
    },
    {
      "type": "Feature",
      "geometry": {
        "type": "Point",
        "coordinates": [
          130.7123455,
          32.7961295
        ]
      },
      "properties": {
        "内容": "バス停: 大学病院構内",
        "name": "大学病院構内",
        "operator": "事業者不明",
        "ref": "",
        "url": "",
        "url2": ""
      }
    },
    {
      "type": "Feature",
      "geometry": {
        "type": "Point",
        "coordinates": [
          130.6970498,
          32.7716392
        ]
      },
      "properties": {
        "内容": "バス停: 平田二丁目",
        "name": "平田二丁目",
        "operator": "事業者不明",
        "ref": "",
        "url": "",
        "url2": ""
      }
    },
    {
      "type": "Feature",
      "geometry": {
        "type": "Point",
        "coordinates": [
          130.6972466,
          32.7714698
        ]
      },
      "properties": {
        "内容": "バス停: 平田二丁目",
        "name": "平田二丁目",
        "operator": "事業者不明",
        "ref": "",
        "url": "",
        "url2": ""
      }
    },
    {
      "type": "Feature",
      "geometry": {
        "type": "Point",
        "coordinates": [
          130.7022271,
          32.7720337
        ]
      },
      "properties": {
        "内容": "バス停: 平成けやき通り",
        "name": "平成けやき通り",
        "operator": "事業者不明",
        "ref": "",
        "url": "",
        "url2": ""
      }
    },
    {
      "type": "Feature",
      "geometry": {
        "type": "Point",
        "coordinates": [
          130.70234,
          32.7718622
        ]
      },
      "properties": {
        "内容": "バス停: 平成けやき通り",
        "name": "平成けやき通り",
        "operator": "事業者不明",
        "ref": "",
        "url": "",
        "url2": ""
      }
    },
    {
      "type": "Feature",
      "geometry": {
        "type": "Point",
        "coordinates": [
          130.7038481,
          32.7788989
        ]
      },
      "properties": {
        "内容": "バス停: 平成町",
        "name": "平成町",
        "operator": "事業者不明",
        "ref": "",
        "url": "",
        "url2": ""
      }
    },
    {
      "type": "Feature",
      "geometry": {
        "type": "Point",
        "coordinates": [
          130.7034786,
          32.7789866
        ]
      },
      "properties": {
        "内容": "バス停: 平成町",
        "name": "平成町",
        "operator": "事業者不明",
        "ref": "",
        "url": "",
        "url2": ""
      }
    },
    {
      "type": "Feature",
      "geometry": {
        "type": "Point",
        "coordinates": [
          130.7041294,
          32.7765562
        ]
      },
      "properties": {
        "内容": "バス停: 足原橋",
        "name": "足原橋",
        "operator": "事業者不明",
        "ref": "",
        "url": "",
        "url2": ""
      }
    },
    {
      "type": "Feature",
      "geometry": {
        "type": "Point",
        "coordinates": [
          130.7037339,
          32.7763391
        ]
      },
      "properties": {
        "内容": "バス停: 足原橋",
        "name": "足原橋",
        "operator": "事業者不明",
        "ref": "",
        "url": "",
        "url2": ""
      }
    },
    {
      "type": "Feature",
      "geometry": {
        "type": "Point",
        "coordinates": [
          130.7045383,
          32.7731959
        ]
      },
      "properties": {
        "内容": "バス停: 江越橋",
        "name": "江越橋",
        "operator": "事業者不明",
        "ref": "",
        "url": "",
        "url2": ""
      }
    },
    {
      "type": "Feature",
      "geometry": {
        "type": "Point",
        "coordinates": [
          130.7040696,
          32.7729001
        ]
      },
      "properties": {
        "内容": "バス停: 江越橋",
        "name": "江越橋",
        "operator": "事業者不明",
        "ref": "",
        "url": "",
        "url2": ""
      }
    },
    {
      "type": "Feature",
      "geometry": {
        "type": "Point",
        "coordinates": [
          130.7050585,
          32.7722805
        ]
      },
      "properties": {
        "内容": "バス停: 江越橋",
        "name": "江越橋",
        "operator": "事業者不明",
        "ref": "",
        "url": "",
        "url2": ""
      }
    },
    {
      "type": "Feature",
      "geometry": {
        "type": "Point",
        "coordinates": [
          130.705859,
          32.7721003
        ]
      },
      "properties": {
        "内容": "バス停: 江越橋",
        "name": "江越橋",
        "operator": "事業者不明",
        "ref": "",
        "url": "",
        "url2": ""
      }
    },
    {
      "type": "Feature",
      "geometry": {
        "type": "Point",
        "coordinates": [
          130.7048734,
          32.7699318
        ]
      },
      "properties": {
        "内容": "バス停: 大黒橋",
        "name": "大黒橋",
        "operator": "事業者不明",
        "ref": "",
        "url": "",
        "url2": ""
      }
    },
    {
      "type": "Feature",
      "geometry": {
        "type": "Point",
        "coordinates": [
          130.7045256,
          32.7685985
        ]
      },
      "properties": {
        "内容": "バス停: 大黒橋",
        "name": "大黒橋",
        "operator": "事業者不明",
        "ref": "",
        "url": "",
        "url2": ""
      }
    },
    {
      "type": "Feature",
      "geometry": {
        "type": "Point",
        "coordinates": [
          130.7051494,
          32.7674247
        ]
      },
      "properties": {
        "内容": "バス停: 流通団地",
        "name": "流通団地",
        "operator": "事業者不明",
        "ref": "",
        "url": "",
        "url2": ""
      }
    },
    {
      "type": "Feature",
      "geometry": {
        "type": "Point",
        "coordinates": [
          130.7046966,
          32.7673121
        ]
      },
      "properties": {
        "内容": "バス停: 流通団地",
        "name": "流通団地",
        "operator": "事業者不明",
        "ref": "",
        "url": "",
        "url2": ""
      }
    },
    {
      "type": "Feature",
      "geometry": {
        "type": "Point",
        "coordinates": [
          130.7014978,
          32.7652148
        ]
      },
      "properties": {
        "内容": "バス停: 済生会病院",
        "name": "済生会病院",
        "operator": "事業者不明",
        "ref": "",
        "url": "",
        "url2": ""
      }
    },
    {
      "type": "Feature",
      "geometry": {
        "type": "Point",
        "coordinates": [
          130.6960845,
          32.7626434
        ]
      },
      "properties": {
        "内容": "バス停: 近見町",
        "name": "近見町",
        "operator": "事業者不明",
        "ref": "",
        "url": "",
        "url2": ""
      }
    },
    {
      "type": "Feature",
      "geometry": {
        "type": "Point",
        "coordinates": [
          130.6945454,
          32.7622852
        ]
      },
      "properties": {
        "内容": "バス停: 近見町",
        "name": "近見町",
        "operator": "事業者不明",
        "ref": "",
        "url": "",
        "url2": ""
      }
    },
    {
      "type": "Feature",
      "geometry": {
        "type": "Point",
        "coordinates": [
          130.6926633,
          32.7604154
        ]
      },
      "properties": {
        "内容": "バス停: 近見八丁目",
        "name": "近見八丁目",
        "operator": "事業者不明",
        "ref": "",
        "url": "",
        "url2": ""
      }
    },
    {
      "type": "Feature",
      "geometry": {
        "type": "Point",
        "coordinates": [
          130.6925801,
          32.7604914
        ]
      },
      "properties": {
        "内容": "バス停: 近見八丁目",
        "name": "近見八丁目",
        "operator": "事業者不明",
        "ref": "",
        "url": "",
        "url2": ""
      }
    },
    {
      "type": "Feature",
      "geometry": {
        "type": "Point",
        "coordinates": [
          130.6929248,
          32.7576836
        ]
      },
      "properties": {
        "内容": "バス停: 鉾町団地",
        "name": "鉾町団地",
        "operator": "事業者不明",
        "ref": "",
        "url": "",
        "url2": ""
      }
    },
    {
      "type": "Feature",
      "geometry": {
        "type": "Point",
        "coordinates": [
          130.6927812,
          32.7573048
        ]
      },
      "properties": {
        "内容": "バス停: 鉾町団地",
        "name": "鉾町団地",
        "operator": "事業者不明",
        "ref": "",
        "url": "",
        "url2": ""
      }
    },
    {
      "type": "Feature",
      "geometry": {
        "type": "Point",
        "coordinates": [
          130.692484,
          32.7541372
        ]
      },
      "properties": {
        "内容": "バス停: 野越団地",
        "name": "野越団地",
        "operator": "事業者不明",
        "ref": "",
        "url": "",
        "url2": ""
      }
    },
    {
      "type": "Feature",
      "geometry": {
        "type": "Point",
        "coordinates": [
          130.7062731,
          32.8013103
        ]
      },
      "properties": {
        "内容": "バス停: 熊本城前",
        "name": "熊本城前",
        "operator": "事業者不明",
        "ref": "",
        "url": "",
        "url2": ""
      }
    },
    {
      "type": "Feature",
      "geometry": {
        "type": "Point",
        "coordinates": [
          130.7060124,
          32.8012517
        ]
      },
      "properties": {
        "内容": "バス停: 熊本城前",
        "name": "熊本城前",
        "operator": "事業者不明",
        "ref": "",
        "url": "",
        "url2": ""
      }
    },
    {
      "type": "Feature",
      "geometry": {
        "type": "Point",
        "coordinates": [
          130.7091166,
          32.7727297
        ]
      },
      "properties": {
        "内容": "バス停: 田迎妙見",
        "name": "田迎妙見",
        "operator": "事業者不明",
        "ref": "",
        "url": "",
        "url2": ""
      }
    },
    {
      "type": "Feature",
      "geometry": {
        "type": "Point",
        "coordinates": [
          130.7089532,
          32.7724765
        ]
      },
      "properties": {
        "内容": "バス停: 田迎妙見",
        "name": "田迎妙見",
        "operator": "事業者不明",
        "ref": "",
        "url": "",
        "url2": ""
      }
    },
    {
      "type": "Feature",
      "geometry": {
        "type": "Point",
        "coordinates": [
          130.7158307,
          32.7923729
        ]
      },
      "properties": {
        "内容": "バス停: 西原公園・九品寺三丁目",
        "name": "西原公園・九品寺三丁目",
        "operator": "事業者不明",
        "ref": "",
        "url": "",
        "url2": ""
      }
    },
    {
      "type": "Feature",
      "geometry": {
        "type": "Point",
        "coordinates": [
          130.7157226,
          32.7923092
        ]
      },
      "properties": {
        "内容": "バス停: 西原公園・九品寺三丁目",
        "name": "西原公園・九品寺三丁目",
        "operator": "事業者不明",
        "ref": "",
        "url": "",
        "url2": ""
      }
    },
    {
      "type": "Feature",
      "geometry": {
        "type": "Point",
        "coordinates": [
          130.7157922,
          32.794133
        ]
      },
      "properties": {
        "内容": "バス停: 建設会館前",
        "name": "建設会館前",
        "operator": "事業者不明",
        "ref": "",
        "url": "",
        "url2": ""
      }
    },
    {
      "type": "Feature",
      "geometry": {
        "type": "Point",
        "coordinates": [
          130.7156985,
          32.7943345
        ]
      },
      "properties": {
        "内容": "バス停: 建設会館前",
        "name": "建設会館前",
        "operator": "事業者不明",
        "ref": "",
        "url": "",
        "url2": ""
      }
    },
    {
      "type": "Feature",
      "geometry": {
        "type": "Point",
        "coordinates": [
          130.7129382,
          32.7908926
        ]
      },
      "properties": {
        "内容": "バス停: 西原公園前",
        "name": "西原公園前",
        "operator": "事業者不明",
        "ref": "",
        "url": "",
        "url2": ""
      }
    },
    {
      "type": "Feature",
      "geometry": {
        "type": "Point",
        "coordinates": [
          130.7128161,
          32.7908164
        ]
      },
      "properties": {
        "内容": "バス停: 西原公園前",
        "name": "西原公園前",
        "operator": "事業者不明",
        "ref": "",
        "url": "",
        "url2": ""
      }
    },
    {
      "type": "Feature",
      "geometry": {
        "type": "Point",
        "coordinates": [
          130.7111892,
          32.793699
        ]
      },
      "properties": {
        "内容": "バス停: 春の本",
        "name": "春の本",
        "operator": "事業者不明",
        "ref": "",
        "url": "",
        "url2": ""
      }
    },
    {
      "type": "Feature",
      "geometry": {
        "type": "Point",
        "coordinates": [
          130.7111112,
          32.7941239
        ]
      },
      "properties": {
        "内容": "バス停: 春の本",
        "name": "春の本",
        "operator": "事業者不明",
        "ref": "",
        "url": "",
        "url2": ""
      }
    },
    {
      "type": "Feature",
      "geometry": {
        "type": "Point",
        "coordinates": [
          130.7144657,
          32.7971549
        ]
      },
      "properties": {
        "内容": "バス停: 労働会館入口",
        "name": "労働会館入口",
        "operator": "事業者不明",
        "ref": "",
        "url": "",
        "url2": ""
      }
    },
    {
      "type": "Feature",
      "geometry": {
        "type": "Point",
        "coordinates": [
          130.7139153,
          32.7978304
        ]
      },
      "properties": {
        "内容": "バス停: 九品寺一丁目",
        "name": "九品寺一丁目",
        "operator": "事業者不明",
        "ref": "",
        "url": "",
        "url2": ""
      }
    },
    {
      "type": "Feature",
      "geometry": {
        "type": "Point",
        "coordinates": [
          130.7137536,
          32.797805
        ]
      },
      "properties": {
        "内容": "バス停: 九品寺一丁目",
        "name": "九品寺一丁目",
        "operator": "事業者不明",
        "ref": "",
        "url": "",
        "url2": ""
      }
    },
    {
      "type": "Feature",
      "geometry": {
        "type": "Point",
        "coordinates": [
          130.7143422,
          32.7840588
        ]
      },
      "properties": {
        "内容": "バス停: 八王子",
        "name": "八王子",
        "operator": "事業者不明",
        "ref": "",
        "url": "",
        "url2": ""
      }
    },
    {
      "type": "Feature",
      "geometry": {
        "type": "Point",
        "coordinates": [
          130.7145559,
          32.7837413
        ]
      },
      "properties": {
        "内容": "バス停: 八王子",
        "name": "八王子",
        "operator": "事業者不明",
        "ref": "",
        "url": "",
        "url2": ""
      }
    },
    {
      "type": "Feature",
      "geometry": {
        "type": "Point",
        "coordinates": [
          130.7154349,
          32.7804748
        ]
      },
      "properties": {
        "内容": "バス停: 八王子団地前",
        "name": "八王子団地前",
        "operator": "事業者不明",
        "ref": "",
        "url": "",
        "url2": ""
      }
    },
    {
      "type": "Feature",
      "geometry": {
        "type": "Point",
        "coordinates": [
          130.7148051,
          32.7811116
        ]
      },
      "properties": {
        "内容": "バス停: 八王子団地前",
        "name": "八王子団地前",
        "operator": "事業者不明",
        "ref": "",
        "url": "",
        "url2": ""
      }
    },
    {
      "type": "Feature",
      "geometry": {
        "type": "Point",
        "coordinates": [
          130.7167353,
          32.7814489
        ]
      },
      "properties": {
        "内容": "バス停: 八王子中央公園前",
        "name": "八王子中央公園前",
        "operator": "事業者不明",
        "ref": "",
        "url": "",
        "url2": ""
      }
    },
    {
      "type": "Feature",
      "geometry": {
        "type": "Point",
        "coordinates": [
          130.7166172,
          32.7817452
        ]
      },
      "properties": {
        "内容": "バス停: 八王子中央公園前",
        "name": "八王子中央公園前",
        "operator": "事業者不明",
        "ref": "",
        "url": "",
        "url2": ""
      }
    },
    {
      "type": "Feature",
      "geometry": {
        "type": "Point",
        "coordinates": [
          130.7152719,
          32.7800072
        ]
      },
      "properties": {
        "内容": "バス停: 八王子団地前",
        "name": "八王子団地前",
        "operator": "事業者不明",
        "ref": "",
        "url": "",
        "url2": ""
      }
    },
    {
      "type": "Feature",
      "geometry": {
        "type": "Point",
        "coordinates": [
          130.7174131,
          32.7772569
        ]
      },
      "properties": {
        "内容": "バス停: 田迎新道",
        "name": "田迎新道",
        "operator": "事業者不明",
        "ref": "",
        "url": "",
        "url2": ""
      }
    },
    {
      "type": "Feature",
      "geometry": {
        "type": "Point",
        "coordinates": [
          130.7199311,
          32.7774871
        ]
      },
      "properties": {
        "内容": "バス停: 長溝団地入口",
        "name": "長溝団地入口",
        "operator": "事業者不明",
        "ref": "",
        "url": "",
        "url2": ""
      }
    },
    {
      "type": "Feature",
      "geometry": {
        "type": "Point",
        "coordinates": [
          130.7204903,
          32.7775861
        ]
      },
      "properties": {
        "内容": "バス停: 長溝団地入口",
        "name": "長溝団地入口",
        "operator": "事業者不明",
        "ref": "",
        "url": "",
        "url2": ""
      }
    },
    {
      "type": "Feature",
      "geometry": {
        "type": "Point",
        "coordinates": [
          130.7223119,
          32.7771547
        ]
      },
      "properties": {
        "内容": "バス停: 長溝団地",
        "name": "長溝団地",
        "operator": "事業者不明",
        "ref": "",
        "url": "",
        "url2": ""
      }
    },
    {
      "type": "Feature",
      "geometry": {
        "type": "Point",
        "coordinates": [
          130.7164735,
          32.7846651
        ]
      },
      "properties": {
        "内容": "バス停: 八王子新道",
        "name": "八王子新道",
        "operator": "事業者不明",
        "ref": "",
        "url": "",
        "url2": ""
      }
    },
    {
      "type": "Feature",
      "geometry": {
        "type": "Point",
        "coordinates": [
          130.7163147,
          32.7852019
        ]
      },
      "properties": {
        "内容": "バス停: 八王子新道",
        "name": "八王子新道",
        "operator": "事業者不明",
        "ref": "",
        "url": "",
        "url2": ""
      }
    },
    {
      "type": "Feature",
      "geometry": {
        "type": "Point",
        "coordinates": [
          130.7187815,
          32.7865911
        ]
      },
      "properties": {
        "内容": "バス停: 食糧事務所前",
        "name": "食糧事務所前",
        "operator": "事業者不明",
        "ref": "",
        "url": "",
        "url2": ""
      }
    },
    {
      "type": "Feature",
      "geometry": {
        "type": "Point",
        "coordinates": [
          130.7180082,
          32.7864505
        ]
      },
      "properties": {
        "内容": "バス停: 食糧事務所前",
        "name": "食糧事務所前",
        "operator": "事業者不明",
        "ref": "",
        "url": "",
        "url2": ""
      }
    },
    {
      "type": "Feature",
      "geometry": {
        "type": "Point",
        "coordinates": [
          130.7231029,
          32.7869036
        ]
      },
      "properties": {
        "内容": "バス停: 白山神社前",
        "name": "白山神社前",
        "operator": "事業者不明",
        "ref": "",
        "url": "",
        "url2": ""
      }
    },
    {
      "type": "Feature",
      "geometry": {
        "type": "Point",
        "coordinates": [
          130.7235305,
          32.7869949
        ]
      },
      "properties": {
        "内容": "バス停: 白山神社前",
        "name": "白山神社前",
        "operator": "事業者不明",
        "ref": "",
        "url": "",
        "url2": ""
      }
    },
    {
      "type": "Feature",
      "geometry": {
        "type": "Point",
        "coordinates": [
          130.7275779,
          32.7869326
        ]
      },
      "properties": {
        "内容": "バス停: 出水中学前",
        "name": "出水中学前",
        "operator": "事業者不明",
        "ref": "",
        "url": "",
        "url2": ""
      }
    },
    {
      "type": "Feature",
      "geometry": {
        "type": "Point",
        "coordinates": [
          130.7273569,
          32.7868725
        ]
      },
      "properties": {
        "内容": "バス停: 出水中学前",
        "name": "出水中学前",
        "operator": "事業者不明",
        "ref": "",
        "url": "",
        "url2": ""
      }
    },
    {
      "type": "Feature",
      "geometry": {
        "type": "Point",
        "coordinates": [
          130.7324617,
          32.7874749
        ]
      },
      "properties": {
        "内容": "バス停: 画図道",
        "name": "画図道",
        "operator": "事業者不明",
        "ref": "",
        "url": "",
        "url2": ""
      }
    },
    {
      "type": "Feature",
      "geometry": {
        "type": "Point",
        "coordinates": [
          130.7325847,
          32.7878213
        ]
      },
      "properties": {
        "内容": "バス停: 画図道",
        "name": "画図道",
        "operator": "事業者不明",
        "ref": "",
        "url": "",
        "url2": ""
      }
    },
    {
      "type": "Feature",
      "geometry": {
        "type": "Point",
        "coordinates": [
          130.7324032,
          32.7890411
        ]
      },
      "properties": {
        "内容": "バス停: 水前寺公園前",
        "name": "水前寺公園前",
        "operator": "事業者不明",
        "ref": "",
        "url": "",
        "url2": ""
      }
    },
    {
      "type": "Feature",
      "geometry": {
        "type": "Point",
        "coordinates": [
          130.7325206,
          32.7892915
        ]
      },
      "properties": {
        "内容": "バス停: 水前寺公園前",
        "name": "水前寺公園前",
        "operator": "事業者不明",
        "ref": "",
        "url": "",
        "url2": ""
      }
    },
    {
      "type": "Feature",
      "geometry": {
        "type": "Point",
        "coordinates": [
          130.7031993,
          32.7842274
        ]
      },
      "properties": {
        "内容": "バス停: 団地入口",
        "name": "団地入口",
        "operator": "事業者不明",
        "ref": "",
        "url": "",
        "url2": ""
      }
    },
    {
      "type": "Feature",
      "geometry": {
        "type": "Point",
        "coordinates": [
          130.7153948,
          32.7682657
        ]
      },
      "properties": {
        "内容": "バス停: 県立高等技術専門校前",
        "name": "県立高等技術専門校前",
        "operator": "事業者不明",
        "ref": "",
        "url": "",
        "url2": ""
      }
    },
    {
      "type": "Feature",
      "geometry": {
        "type": "Point",
        "coordinates": [
          130.715633,
          32.768262
        ]
      },
      "properties": {
        "内容": "バス停: 県立高等技術専門校前",
        "name": "県立高等技術専門校前",
        "operator": "事業者不明",
        "ref": "",
        "url": "",
        "url2": ""
      }
    },
    {
      "type": "Feature",
      "geometry": {
        "type": "Point",
        "coordinates": [
          130.7146389,
          32.7667948
        ]
      },
      "properties": {
        "内容": "バス停: 幸田まちづくりセンター入口",
        "name": "幸田まちづくりセンター入口",
        "operator": "事業者不明",
        "ref": "",
        "url": "",
        "url2": ""
      }
    },
    {
      "type": "Feature",
      "geometry": {
        "type": "Point",
        "coordinates": [
          130.7147226,
          32.7663759
        ]
      },
      "properties": {
        "内容": "バス停: 幸田まちづくりセンター入口",
        "name": "幸田まちづくりセンター入口",
        "operator": "事業者不明",
        "ref": "",
        "url": "",
        "url2": ""
      }
    },
    {
      "type": "Feature",
      "geometry": {
        "type": "Point",
        "coordinates": [
          130.7134389,
          32.7637174
        ]
      },
      "properties": {
        "内容": "バス停: 友添",
        "name": "友添",
        "operator": "事業者不明",
        "ref": "",
        "url": "",
        "url2": ""
      }
    },
    {
      "type": "Feature",
      "geometry": {
        "type": "Point",
        "coordinates": [
          130.7135083,
          32.7635572
        ]
      },
      "properties": {
        "内容": "バス停: 友添",
        "name": "友添",
        "operator": "事業者不明",
        "ref": "",
        "url": "",
        "url2": ""
      }
    },
    {
      "type": "Feature",
      "geometry": {
        "type": "Point",
        "coordinates": [
          130.7104682,
          32.7594882
        ]
      },
      "properties": {
        "内容": "バス停: 御幸病院",
        "name": "御幸病院",
        "operator": "事業者不明",
        "ref": "",
        "url": "",
        "url2": ""
      }
    },
    {
      "type": "Feature",
      "geometry": {
        "type": "Point",
        "coordinates": [
          130.7137908,
          32.759454
        ]
      },
      "properties": {
        "内容": "バス停: 笛田神社前",
        "name": "笛田神社前",
        "operator": "事業者不明",
        "ref": "",
        "url": "",
        "url2": ""
      }
    },
    {
      "type": "Feature",
      "geometry": {
        "type": "Point",
        "coordinates": [
          130.7136783,
          32.7595244
        ]
      },
      "properties": {
        "内容": "バス停: 笛田神社前",
        "name": "笛田神社前",
        "operator": "事業者不明",
        "ref": "",
        "url": "",
        "url2": ""
      }
    },
    {
      "type": "Feature",
      "geometry": {
        "type": "Point",
        "coordinates": [
          130.7143712,
          32.7569218
        ]
      },
      "properties": {
        "内容": "バス停: 畑ヶ中",
        "name": "畑ヶ中",
        "operator": "事業者不明",
        "ref": "",
        "url": "",
        "url2": ""
      }
    },
    {
      "type": "Feature",
      "geometry": {
        "type": "Point",
        "coordinates": [
          130.7143084,
          32.7566902
        ]
      },
      "properties": {
        "内容": "バス停: 畑ヶ中",
        "name": "畑ヶ中",
        "operator": "事業者不明",
        "ref": "",
        "url": "",
        "url2": ""
      }
    },
    {
      "type": "Feature",
      "geometry": {
        "type": "Point",
        "coordinates": [
          130.714867,
          32.7541361
        ]
      },
      "properties": {
        "内容": "バス停: 御幸小学校前",
        "name": "御幸小学校前",
        "operator": "事業者不明",
        "ref": "",
        "url": "",
        "url2": ""
      }
    },
    {
      "type": "Feature",
      "geometry": {
        "type": "Point",
        "coordinates": [
          130.7147729,
          32.7539168
        ]
      },
      "properties": {
        "内容": "バス停: 御幸小学校前",
        "name": "御幸小学校前",
        "operator": "事業者不明",
        "ref": "",
        "url": "",
        "url2": ""
      }
    },
    {
      "type": "Feature",
      "geometry": {
        "type": "Point",
        "coordinates": [
          130.7158913,
          32.7507158
        ]
      },
      "properties": {
        "内容": "バス停: 桜十字病院前",
        "name": "桜十字病院前",
        "operator": "事業者不明",
        "ref": "",
        "url": "",
        "url2": ""
      }
    },
    {
      "type": "Feature",
      "geometry": {
        "type": "Point",
        "coordinates": [
          130.7157871,
          32.7506972
        ]
      },
      "properties": {
        "内容": "バス停: 桜十字病院前",
        "name": "桜十字病院前",
        "operator": "事業者不明",
        "ref": "",
        "url": "",
        "url2": ""
      }
    },
    {
      "type": "Feature",
      "geometry": {
        "type": "Point",
        "coordinates": [
          130.7164595,
          32.7479645
        ]
      },
      "properties": {
        "内容": "バス停: 御幸木部",
        "name": "御幸木部",
        "operator": "事業者不明",
        "ref": "",
        "url": "",
        "url2": ""
      }
    },
    {
      "type": "Feature",
      "geometry": {
        "type": "Point",
        "coordinates": [
          130.6781347,
          32.7960656
        ]
      },
      "properties": {
        "内容": "バス停: 北平",
        "name": "北平",
        "operator": "事業者不明",
        "ref": "",
        "url": "",
        "url2": ""
      }
    },
    {
      "type": "Feature",
      "geometry": {
        "type": "Point",
        "coordinates": [
          130.6780752,
          32.7961713
        ]
      },
      "properties": {
        "内容": "バス停: 北平",
        "name": "北平",
        "operator": "事業者不明",
        "ref": "",
        "url": "",
        "url2": ""
      }
    },
    {
      "type": "Feature",
      "geometry": {
        "type": "Point",
        "coordinates": [
          130.6756312,
          32.7939369
        ]
      },
      "properties": {
        "内容": "バス停: 新村",
        "name": "新村",
        "operator": "事業者不明",
        "ref": "",
        "url": "",
        "url2": ""
      }
    },
    {
      "type": "Feature",
      "geometry": {
        "type": "Point",
        "coordinates": [
          130.6708294,
          32.7915482
        ]
      },
      "properties": {
        "内容": "バス停: 池の上小学校前",
        "name": "池の上小学校前",
        "operator": "事業者不明",
        "ref": "",
        "url": "",
        "url2": ""
      }
    },
    {
      "type": "Feature",
      "geometry": {
        "type": "Point",
        "coordinates": [
          130.6593049,
          32.786315
        ]
      },
      "properties": {
        "内容": "バス停: 上高橋",
        "name": "上高橋",
        "operator": "事業者不明",
        "ref": "",
        "url": "",
        "url2": ""
      }
    },
    {
      "type": "Feature",
      "geometry": {
        "type": "Point",
        "coordinates": [
          130.6590892,
          32.7862615
        ]
      },
      "properties": {
        "内容": "バス停: 上高橋",
        "name": "上高橋",
        "operator": "事業者不明",
        "ref": "",
        "url": "",
        "url2": ""
      }
    },
    {
      "type": "Feature",
      "geometry": {
        "type": "Point",
        "coordinates": [
          130.6568693,
          32.7824463
        ]
      },
      "properties": {
        "内容": "バス停: 稲荷入口",
        "name": "稲荷入口",
        "operator": "事業者不明",
        "ref": "",
        "url": "",
        "url2": ""
      }
    },
    {
      "type": "Feature",
      "geometry": {
        "type": "Point",
        "coordinates": [
          130.6568741,
          32.7814582
        ]
      },
      "properties": {
        "内容": "バス停: 稲荷入口",
        "name": "稲荷入口",
        "operator": "事業者不明",
        "ref": "",
        "url": "",
        "url2": ""
      }
    },
    {
      "type": "Feature",
      "geometry": {
        "type": "Point",
        "coordinates": [
          130.656483,
          32.7782565
        ]
      },
      "properties": {
        "内容": "バス停: 城山小学校前",
        "name": "城山小学校前",
        "operator": "事業者不明",
        "ref": "",
        "url": "",
        "url2": ""
      }
    },
    {
      "type": "Feature",
      "geometry": {
        "type": "Point",
        "coordinates": [
          130.6565576,
          32.7779791
        ]
      },
      "properties": {
        "内容": "バス停: 城山小学校前",
        "name": "城山小学校前",
        "operator": "事業者不明",
        "ref": "",
        "url": "",
        "url2": ""
      }
    },
    {
      "type": "Feature",
      "geometry": {
        "type": "Point",
        "coordinates": [
          130.6555778,
          32.7772527
        ]
      },
      "properties": {
        "内容": "バス停: 下代入口",
        "name": "下代入口",
        "operator": "事業者不明",
        "ref": "",
        "url": "",
        "url2": ""
      }
    },
    {
      "type": "Feature",
      "geometry": {
        "type": "Point",
        "coordinates": [
          130.6552206,
          32.7771211
        ]
      },
      "properties": {
        "内容": "バス停: 下代入口",
        "name": "下代入口",
        "operator": "事業者不明",
        "ref": "",
        "url": "",
        "url2": ""
      }
    },
    {
      "type": "Feature",
      "geometry": {
        "type": "Point",
        "coordinates": [
          130.6519824,
          32.7773168
        ]
      },
      "properties": {
        "内容": "バス停: 城山下代",
        "name": "城山下代",
        "operator": "事業者不明",
        "ref": "",
        "url": "",
        "url2": ""
      }
    },
    {
      "type": "Feature",
      "geometry": {
        "type": "Point",
        "coordinates": [
          130.6499227,
          32.7774449
        ]
      },
      "properties": {
        "内容": "バス停: 西高入口",
        "name": "西高入口",
        "operator": "事業者不明",
        "ref": "",
        "url": "",
        "url2": ""
      }
    },
    {
      "type": "Feature",
      "geometry": {
        "type": "Point",
        "coordinates": [
          130.64784,
          32.7775664
        ]
      },
      "properties": {
        "内容": "バス停: 西区役所前",
        "name": "西区役所前",
        "operator": "事業者不明",
        "ref": "",
        "url": "",
        "url2": ""
      }
    },
    {
      "type": "Feature",
      "geometry": {
        "type": "Point",
        "coordinates": [
          130.6390856,
          32.7780647
        ]
      },
      "properties": {
        "内容": "バス停: 小島郵便局前",
        "name": "小島郵便局前",
        "operator": "事業者不明",
        "ref": "",
        "url": "",
        "url2": ""
      }
    },
    {
      "type": "Feature",
      "geometry": {
        "type": "Point",
        "coordinates": [
          130.6379735,
          32.7785442
        ]
      },
      "properties": {
        "内容": "バス停: 小島行在所入口",
        "name": "小島行在所入口",
        "operator": "事業者不明",
        "ref": "",
        "url": "",
        "url2": ""
      }
    },
    {
      "type": "Feature",
      "geometry": {
        "type": "Point",
        "coordinates": [
          130.6379346,
          32.7783484
        ]
      },
      "properties": {
        "内容": "バス停: 小島行在所入口",
        "name": "小島行在所入口",
        "operator": "事業者不明",
        "ref": "",
        "url": "",
        "url2": ""
      }
    },
    {
      "type": "Feature",
      "geometry": {
        "type": "Point",
        "coordinates": [
          130.6342435,
          32.7808693
        ]
      },
      "properties": {
        "内容": "バス停: 小島産交",
        "name": "小島産交",
        "operator": "事業者不明",
        "ref": "",
        "url": "",
        "url2": ""
      }
    },
    {
      "type": "Feature",
      "geometry": {
        "type": "Point",
        "coordinates": [
          130.69948,
          32.8223029
        ]
      },
      "properties": {
        "内容": "バス停: 上熊本三丁目",
        "name": "上熊本三丁目",
        "operator": "事業者不明",
        "ref": "",
        "url": "",
        "url2": ""
      }
    },
    {
      "type": "Feature",
      "geometry": {
        "type": "Point",
        "coordinates": [
          130.6988161,
          32.8238895
        ]
      },
      "properties": {
        "内容": "バス停: 県営団地入口",
        "name": "県営団地入口",
        "operator": "事業者不明",
        "ref": "",
        "url": "",
        "url2": ""
      }
    },
    {
      "type": "Feature",
      "geometry": {
        "type": "Point",
        "coordinates": [
          130.6987313,
          32.8236483
        ]
      },
      "properties": {
        "内容": "バス停: 県営団地入口",
        "name": "県営団地入口",
        "operator": "事業者不明",
        "ref": "",
        "url": "",
        "url2": ""
      }
    },
    {
      "type": "Feature",
      "geometry": {
        "type": "Point",
        "coordinates": [
          130.6977889,
          32.8257312
        ]
      },
      "properties": {
        "内容": "バス停: 池亀",
        "name": "池亀",
        "operator": "事業者不明",
        "ref": "",
        "url": "",
        "url2": ""
      }
    },
    {
      "type": "Feature",
      "geometry": {
        "type": "Point",
        "coordinates": [
          130.6976247,
          32.8256347
        ]
      },
      "properties": {
        "内容": "バス停: 池亀",
        "name": "池亀",
        "operator": "事業者不明",
        "ref": "",
        "url": "",
        "url2": ""
      }
    },
    {
      "type": "Feature",
      "geometry": {
        "type": "Point",
        "coordinates": [
          130.6956825,
          32.8294253
        ]
      },
      "properties": {
        "内容": "バス停: 崇城大学前",
        "name": "崇城大学前",
        "operator": "事業者不明",
        "ref": "",
        "url": "",
        "url2": ""
      }
    },
    {
      "type": "Feature",
      "geometry": {
        "type": "Point",
        "coordinates": [
          130.6955196,
          32.829342
        ]
      },
      "properties": {
        "内容": "バス停: 崇城大学前",
        "name": "崇城大学前",
        "operator": "事業者不明",
        "ref": "",
        "url": "",
        "url2": ""
      }
    },
    {
      "type": "Feature",
      "geometry": {
        "type": "Point",
        "coordinates": [
          130.6951492,
          32.8307333
        ]
      },
      "properties": {
        "内容": "バス停: 北島",
        "name": "北島",
        "operator": "事業者不明",
        "ref": "",
        "url": "",
        "url2": ""
      }
    },
    {
      "type": "Feature",
      "geometry": {
        "type": "Point",
        "coordinates": [
          130.6950336,
          32.8307145
        ]
      },
      "properties": {
        "内容": "バス停: 北島",
        "name": "北島",
        "operator": "事業者不明",
        "ref": "",
        "url": "",
        "url2": ""
      }
    },
    {
      "type": "Feature",
      "geometry": {
        "type": "Point",
        "coordinates": [
          130.69558,
          32.8359359
        ]
      },
      "properties": {
        "内容": "バス停: 釜尾",
        "name": "釜尾",
        "operator": "事業者不明",
        "ref": "",
        "url": "",
        "url2": ""
      }
    },
    {
      "type": "Feature",
      "geometry": {
        "type": "Point",
        "coordinates": [
          130.695728,
          32.8358997
        ]
      },
      "properties": {
        "内容": "バス停: 釜尾",
        "name": "釜尾",
        "operator": "事業者不明",
        "ref": "",
        "url": "",
        "url2": ""
      }
    },
    {
      "type": "Feature",
      "geometry": {
        "type": "Point",
        "coordinates": [
          130.7006111,
          32.8415545
        ]
      },
      "properties": {
        "内容": "バス停: 秋鯰",
        "name": "秋鯰",
        "operator": "事業者不明",
        "ref": "",
        "url": "",
        "url2": ""
      }
    },
    {
      "type": "Feature",
      "geometry": {
        "type": "Point",
        "coordinates": [
          130.7007621,
          32.8415637
        ]
      },
      "properties": {
        "内容": "バス停: 秋鯰",
        "name": "秋鯰",
        "operator": "事業者不明",
        "ref": "",
        "url": "",
        "url2": ""
      }
    },
    {
      "type": "Feature",
      "geometry": {
        "type": "Point",
        "coordinates": [
          130.6962853,
          32.8419863
        ]
      },
      "properties": {
        "内容": "バス停: 西浦",
        "name": "西浦",
        "operator": "事業者不明",
        "ref": "",
        "url": "",
        "url2": ""
      }
    },
    {
      "type": "Feature",
      "geometry": {
        "type": "Point",
        "coordinates": [
          130.6947129,
          32.847839
        ]
      },
      "properties": {
        "内容": "バス停: 荒神入口（フードパル熊本前）",
        "name": "荒神入口（フードパル熊本前）",
        "operator": "事業者不明",
        "ref": "",
        "url": "",
        "url2": ""
      }
    },
    {
      "type": "Feature",
      "geometry": {
        "type": "Point",
        "coordinates": [
          130.6931805,
          32.8509872
        ]
      },
      "properties": {
        "内容": "バス停: 古閑",
        "name": "古閑",
        "operator": "事業者不明",
        "ref": "",
        "url": "",
        "url2": ""
      }
    },
    {
      "type": "Feature",
      "geometry": {
        "type": "Point",
        "coordinates": [
          130.6917838,
          32.8531533
        ]
      },
      "properties": {
        "内容": "バス停: 和泉",
        "name": "和泉",
        "operator": "事業者不明",
        "ref": "",
        "url": "",
        "url2": ""
      }
    },
    {
      "type": "Feature",
      "geometry": {
        "type": "Point",
        "coordinates": [
          130.6884659,
          32.8540945
        ]
      },
      "properties": {
        "内容": "バス停: 赤水",
        "name": "赤水",
        "operator": "事業者不明",
        "ref": "",
        "url": "",
        "url2": ""
      }
    },
    {
      "type": "Feature",
      "geometry": {
        "type": "Point",
        "coordinates": [
          130.6850388,
          32.8556449
        ]
      },
      "properties": {
        "内容": "バス停: 川東",
        "name": "川東",
        "operator": "事業者不明",
        "ref": "",
        "url": "",
        "url2": ""
      }
    },
    {
      "type": "Feature",
      "geometry": {
        "type": "Point",
        "coordinates": [
          130.6780832,
          32.8578727
        ]
      },
      "properties": {
        "内容": "バス停: 下立福寺",
        "name": "下立福寺",
        "operator": "事業者不明",
        "ref": "",
        "url": "",
        "url2": ""
      }
    },
    {
      "type": "Feature",
      "geometry": {
        "type": "Point",
        "coordinates": [
          130.6766937,
          32.8603521
        ]
      },
      "properties": {
        "内容": "バス停: 太郎迫",
        "name": "太郎迫",
        "operator": "事業者不明",
        "ref": "",
        "url": "",
        "url2": ""
      }
    },
    {
      "type": "Feature",
      "geometry": {
        "type": "Point",
        "coordinates": [
          130.6766773,
          32.860929
        ]
      },
      "properties": {
        "内容": "バス停: 本村（太郎迫）",
        "name": "本村（太郎迫）",
        "operator": "事業者不明",
        "ref": "",
        "url": "",
        "url2": ""
      }
    },
    {
      "type": "Feature",
      "geometry": {
        "type": "Point",
        "coordinates": [
          130.6707928,
          32.8648856
        ]
      },
      "properties": {
        "内容": "バス停: 万楽寺",
        "name": "万楽寺",
        "operator": "事業者不明",
        "ref": "",
        "url": "",
        "url2": ""
      }
    },
    {
      "type": "Feature",
      "geometry": {
        "type": "Point",
        "coordinates": [
          130.6736808,
          32.8666889
        ]
      },
      "properties": {
        "内容": "バス停: 万楽寺入口",
        "name": "万楽寺入口",
        "operator": "事業者不明",
        "ref": "",
        "url": "",
        "url2": ""
      }
    },
    {
      "type": "Feature",
      "geometry": {
        "type": "Point",
        "coordinates": [
          130.6624997,
          32.8720006
        ]
      },
      "properties": {
        "内容": "バス停: 辺田野",
        "name": "辺田野",
        "operator": "事業者不明",
        "ref": "",
        "url": "",
        "url2": ""
      }
    },
    {
      "type": "Feature",
      "geometry": {
        "type": "Point",
        "coordinates": [
          130.661602,
          32.8738645
        ]
      },
      "properties": {
        "内容": "バス停: 笹尾",
        "name": "笹尾",
        "operator": "事業者不明",
        "ref": "",
        "url": "",
        "url2": ""
      }
    },
    {
      "type": "Feature",
      "geometry": {
        "type": "Point",
        "coordinates": [
          130.6606063,
          32.8778882
        ]
      },
      "properties": {
        "内容": "バス停: 木留橋",
        "name": "木留橋",
        "operator": "事業者不明",
        "ref": "",
        "url": "",
        "url2": ""
      }
    },
    {
      "type": "Feature",
      "geometry": {
        "type": "Point",
        "coordinates": [
          130.6603978,
          32.878343
        ]
      },
      "properties": {
        "内容": "バス停: 木留橋",
        "name": "木留橋",
        "operator": "事業者不明",
        "ref": "",
        "url": "",
        "url2": ""
      }
    },
    {
      "type": "Feature",
      "geometry": {
        "type": "Point",
        "coordinates": [
          130.6594845,
          32.8821138
        ]
      },
      "properties": {
        "内容": "バス停: 菱形小学校入口",
        "name": "菱形小学校入口",
        "operator": "事業者不明",
        "ref": "",
        "url": "",
        "url2": ""
      }
    },
    {
      "type": "Feature",
      "geometry": {
        "type": "Point",
        "coordinates": [
          130.6595891,
          32.8898852
        ]
      },
      "properties": {
        "内容": "バス停: 石橋",
        "name": "石橋",
        "operator": "事業者不明",
        "ref": "",
        "url": "",
        "url2": ""
      }
    },
    {
      "type": "Feature",
      "geometry": {
        "type": "Point",
        "coordinates": [
          130.6602973,
          32.8996467
        ]
      },
      "properties": {
        "内容": "バス停: 七本",
        "name": "七本",
        "operator": "事業者不明",
        "ref": "",
        "url": "",
        "url2": ""
      }
    },
    {
      "type": "Feature",
      "geometry": {
        "type": "Point",
        "coordinates": [
          130.6657435,
          32.8994073
        ]
      },
      "properties": {
        "内容": "バス停: 轟",
        "name": "轟",
        "operator": "事業者不明",
        "ref": "",
        "url": "",
        "url2": ""
      }
    },
    {
      "type": "Feature",
      "geometry": {
        "type": "Point",
        "coordinates": [
          130.6733161,
          32.8981812
        ]
      },
      "properties": {
        "内容": "バス停: 堂山",
        "name": "堂山",
        "operator": "事業者不明",
        "ref": "",
        "url": "",
        "url2": ""
      }
    },
    {
      "type": "Feature",
      "geometry": {
        "type": "Point",
        "coordinates": [
          130.6748331,
          32.8978606
        ]
      },
      "properties": {
        "内容": "バス停: 鹿南中学校前",
        "name": "鹿南中学校前",
        "operator": "事業者不明",
        "ref": "",
        "url": "",
        "url2": ""
      }
    },
    {
      "type": "Feature",
      "geometry": {
        "type": "Point",
        "coordinates": [
          130.6826244,
          32.8968116
        ]
      },
      "properties": {
        "内容": "バス停: 滴水",
        "name": "滴水",
        "operator": "事業者不明",
        "ref": "",
        "url": "",
        "url2": ""
      }
    },
    {
      "type": "Feature",
      "geometry": {
        "type": "Point",
        "coordinates": [
          130.6825357,
          32.8967223
        ]
      },
      "properties": {
        "内容": "バス停: 滴水",
        "name": "滴水",
        "operator": "事業者不明",
        "ref": "",
        "url": "",
        "url2": ""
      }
    },
    {
      "type": "Feature",
      "geometry": {
        "type": "Point",
        "coordinates": [
          130.6883369,
          32.8961863
        ]
      },
      "properties": {
        "内容": "バス停: 舞尾橋",
        "name": "舞尾橋",
        "operator": "事業者不明",
        "ref": "",
        "url": "",
        "url2": ""
      }
    },
    {
      "type": "Feature",
      "geometry": {
        "type": "Point",
        "coordinates": [
          130.688292,
          32.8960534
        ]
      },
      "properties": {
        "内容": "バス停: 舞尾橋",
        "name": "舞尾橋",
        "operator": "事業者不明",
        "ref": "",
        "url": "",
        "url2": ""
      }
    },
    {
      "type": "Feature",
      "geometry": {
        "type": "Point",
        "coordinates": [
          130.6917749,
          32.8950088
        ]
      },
      "properties": {
        "内容": "バス停: 植木",
        "name": "植木",
        "operator": "事業者不明",
        "ref": "",
        "url": "",
        "url2": ""
      }
    },
    {
      "type": "Feature",
      "geometry": {
        "type": "Point",
        "coordinates": [
          130.6916049,
          32.8949166
        ]
      },
      "properties": {
        "内容": "バス停: 植木",
        "name": "植木",
        "operator": "事業者不明",
        "ref": "",
        "url": "",
        "url2": ""
      }
    },
    {
      "type": "Feature",
      "geometry": {
        "type": "Point",
        "coordinates": [
          130.6922537,
          32.8969604
        ]
      },
      "properties": {
        "内容": "バス停: 植木三丁目",
        "name": "植木三丁目",
        "operator": "事業者不明",
        "ref": "",
        "url": "",
        "url2": ""
      }
    },
    {
      "type": "Feature",
      "geometry": {
        "type": "Point",
        "coordinates": [
          130.6921263,
          32.8969658
        ]
      },
      "properties": {
        "内容": "バス停: 植木三丁目",
        "name": "植木三丁目",
        "operator": "事業者不明",
        "ref": "",
        "url": "",
        "url2": ""
      }
    },
    {
      "type": "Feature",
      "geometry": {
        "type": "Point",
        "coordinates": [
          130.6923472,
          32.9010099
        ]
      },
      "properties": {
        "内容": "バス停: 植木五丁目",
        "name": "植木五丁目",
        "operator": "事業者不明",
        "ref": "",
        "url": "",
        "url2": ""
      }
    },
    {
      "type": "Feature",
      "geometry": {
        "type": "Point",
        "coordinates": [
          130.6922685,
          32.9010162
        ]
      },
      "properties": {
        "内容": "バス停: 植木五丁目",
        "name": "植木五丁目",
        "operator": "事業者不明",
        "ref": "",
        "url": "",
        "url2": ""
      }
    },
    {
      "type": "Feature",
      "geometry": {
        "type": "Point",
        "coordinates": [
          130.6946964,
          32.9027432
        ]
      },
      "properties": {
        "内容": "バス停: 北区役所前",
        "name": "北区役所前",
        "operator": "事業者不明",
        "ref": "",
        "url": "",
        "url2": ""
      }
    },
    {
      "type": "Feature",
      "geometry": {
        "type": "Point",
        "coordinates": [
          130.6947331,
          32.9028067
        ]
      },
      "properties": {
        "内容": "バス停: 北区役所前",
        "name": "北区役所前",
        "operator": "事業者不明",
        "ref": "",
        "url": "",
        "url2": ""
      }
    },
    {
      "type": "Feature",
      "geometry": {
        "type": "Point",
        "coordinates": [
          130.6990074,
          32.901841
        ]
      },
      "properties": {
        "内容": "バス停: 植木病院・かがやき館前",
        "name": "植木病院・かがやき館前",
        "operator": "事業者不明",
        "ref": "",
        "url": "",
        "url2": ""
      }
    },
    {
      "type": "Feature",
      "geometry": {
        "type": "Point",
        "coordinates": [
          130.6983535,
          32.9018647
        ]
      },
      "properties": {
        "内容": "バス停: 植木病院・かがやき館前",
        "name": "植木病院・かがやき館前",
        "operator": "事業者不明",
        "ref": "",
        "url": "",
        "url2": ""
      }
    },
    {
      "type": "Feature",
      "geometry": {
        "type": "Point",
        "coordinates": [
          130.6978288,
          32.9026175
        ]
      },
      "properties": {
        "内容": "バス停: 植木病院・かがやき館前",
        "name": "植木病院・かがやき館前",
        "operator": "事業者不明",
        "ref": "",
        "url": "",
        "url2": ""
      }
    },
    {
      "type": "Feature",
      "geometry": {
        "type": "Point",
        "coordinates": [
          130.6979342,
          32.9025863
        ]
      },
      "properties": {
        "内容": "バス停: 植木病院・かがやき館前",
        "name": "植木病院・かがやき館前",
        "operator": "事業者不明",
        "ref": "",
        "url": "",
        "url2": ""
      }
    },
    {
      "type": "Feature",
      "geometry": {
        "type": "Point",
        "coordinates": [
          130.6952431,
          32.9049093
        ]
      },
      "properties": {
        "内容": "バス停: 植木駐車場",
        "name": "植木駐車場",
        "operator": "事業者不明",
        "ref": "",
        "url": "",
        "url2": ""
      }
    },
    {
      "type": "Feature",
      "geometry": {
        "type": "Point",
        "coordinates": [
          130.701862,
          32.8452132
        ]
      },
      "properties": {
        "内容": "バス停: 白土",
        "name": "白土",
        "operator": "事業者不明",
        "ref": "",
        "url": "",
        "url2": ""
      }
    },
    {
      "type": "Feature",
      "geometry": {
        "type": "Point",
        "coordinates": [
          130.7033003,
          32.8493366
        ]
      },
      "properties": {
        "内容": "バス停: 坂の下",
        "name": "坂の下",
        "operator": "事業者不明",
        "ref": "",
        "url": "",
        "url2": ""
      }
    },
    {
      "type": "Feature",
      "geometry": {
        "type": "Point",
        "coordinates": [
          130.7032527,
          32.8509153
        ]
      },
      "properties": {
        "内容": "バス停: 下硯川",
        "name": "下硯川",
        "operator": "事業者不明",
        "ref": "",
        "url": "",
        "url2": ""
      }
    },
    {
      "type": "Feature",
      "geometry": {
        "type": "Point",
        "coordinates": [
          130.7031047,
          32.8507153
        ]
      },
      "properties": {
        "内容": "バス停: 下硯川",
        "name": "下硯川",
        "operator": "事業者不明",
        "ref": "",
        "url": "",
        "url2": ""
      }
    },
    {
      "type": "Feature",
      "geometry": {
        "type": "Point",
        "coordinates": [
          130.7002523,
          32.8546112
        ]
      },
      "properties": {
        "内容": "バス停: 西里駅前",
        "name": "西里駅前",
        "operator": "事業者不明",
        "ref": "",
        "url": "",
        "url2": ""
      }
    },
    {
      "type": "Feature",
      "geometry": {
        "type": "Point",
        "coordinates": [
          130.6966313,
          32.8597626
        ]
      },
      "properties": {
        "内容": "バス停: 田畑入口",
        "name": "田畑入口",
        "operator": "事業者不明",
        "ref": "",
        "url": "",
        "url2": ""
      }
    },
    {
      "type": "Feature",
      "geometry": {
        "type": "Point",
        "coordinates": [
          130.7036517,
          32.902054
        ]
      },
      "properties": {
        "内容": "バス停: ビレッジハウス前",
        "name": "ビレッジハウス前",
        "operator": "事業者不明",
        "ref": "",
        "url": "",
        "url2": ""
      }
    },
    {
      "type": "Feature",
      "geometry": {
        "type": "Point",
        "coordinates": [
          130.7066352,
          32.903375
        ]
      },
      "properties": {
        "内容": "バス停: 寿住宅前",
        "name": "寿住宅前",
        "operator": "事業者不明",
        "ref": "",
        "url": "",
        "url2": ""
      }
    },
    {
      "type": "Feature",
      "geometry": {
        "type": "Point",
        "coordinates": [
          130.7090296,
          32.9045864
        ]
      },
      "properties": {
        "内容": "バス停: 小野入口",
        "name": "小野入口",
        "operator": "事業者不明",
        "ref": "",
        "url": "",
        "url2": ""
      }
    },
    {
      "type": "Feature",
      "geometry": {
        "type": "Point",
        "coordinates": [
          130.7115709,
          32.9035098
        ]
      },
      "properties": {
        "内容": "バス停: 小道入口",
        "name": "小道入口",
        "operator": "事業者不明",
        "ref": "",
        "url": "",
        "url2": ""
      }
    },
    {
      "type": "Feature",
      "geometry": {
        "type": "Point",
        "coordinates": [
          130.7134589,
          32.908493
        ]
      },
      "properties": {
        "内容": "バス停: 小野泉水公園",
        "name": "小野泉水公園",
        "operator": "事業者不明",
        "ref": "",
        "url": "",
        "url2": ""
      }
    },
    {
      "type": "Feature",
      "geometry": {
        "type": "Point",
        "coordinates": [
          130.6928166,
          32.8614502
        ]
      },
      "properties": {
        "内容": "バス停: 硯川",
        "name": "硯川",
        "operator": "事業者不明",
        "ref": "",
        "url": "",
        "url2": ""
      }
    },
    {
      "type": "Feature",
      "geometry": {
        "type": "Point",
        "coordinates": [
          130.6893634,
          32.8627607
        ]
      },
      "properties": {
        "内容": "バス停: 西里",
        "name": "西里",
        "operator": "事業者不明",
        "ref": "",
        "url": "",
        "url2": ""
      }
    },
    {
      "type": "Feature",
      "geometry": {
        "type": "Point",
        "coordinates": [
          130.6834954,
          32.8595875
        ]
      },
      "properties": {
        "内容": "バス停: 立福寺",
        "name": "立福寺",
        "operator": "事業者不明",
        "ref": "",
        "url": "",
        "url2": ""
      }
    },
    {
      "type": "Feature",
      "geometry": {
        "type": "Point",
        "coordinates": [
          130.6864619,
          32.789209
        ]
      },
      "properties": {
        "内容": "バス停: 春日小学校前",
        "name": "春日小学校前",
        "operator": "事業者不明",
        "ref": "",
        "url": "",
        "url2": ""
      }
    },
    {
      "type": "Feature",
      "geometry": {
        "type": "Point",
        "coordinates": [
          130.6866305,
          32.7891793
        ]
      },
      "properties": {
        "内容": "バス停: 春日小学校前",
        "name": "春日小学校前",
        "operator": "事業者不明",
        "ref": "",
        "url": "",
        "url2": ""
      }
    },
    {
      "type": "Feature",
      "geometry": {
        "type": "Point",
        "coordinates": [
          130.6860303,
          32.7871855
        ]
      },
      "properties": {
        "内容": "バス停: 春日六丁目",
        "name": "春日六丁目",
        "operator": "事業者不明",
        "ref": "",
        "url": "",
        "url2": ""
      }
    },
    {
      "type": "Feature",
      "geometry": {
        "type": "Point",
        "coordinates": [
          130.6862034,
          32.7870901
        ]
      },
      "properties": {
        "内容": "バス停: 春日六丁目",
        "name": "春日六丁目",
        "operator": "事業者不明",
        "ref": "",
        "url": "",
        "url2": ""
      }
    },
    {
      "type": "Feature",
      "geometry": {
        "type": "Point",
        "coordinates": [
          130.6663407,
          32.776596
        ]
      },
      "properties": {
        "内容": "バス停: 城山保育園入口",
        "name": "城山保育園入口",
        "operator": "事業者不明",
        "ref": "",
        "url": "",
        "url2": ""
      }
    },
    {
      "type": "Feature",
      "geometry": {
        "type": "Point",
        "coordinates": [
          130.6660236,
          32.7764722
        ]
      },
      "properties": {
        "内容": "バス停: 城山保育園入口",
        "name": "城山保育園入口",
        "operator": "事業者不明",
        "ref": "",
        "url": "",
        "url2": ""
      }
    },
    {
      "type": "Feature",
      "geometry": {
        "type": "Point",
        "coordinates": [
          130.6618866,
          32.7768656
        ]
      },
      "properties": {
        "内容": "バス停: テニスコート前",
        "name": "テニスコート前",
        "operator": "事業者不明",
        "ref": "",
        "url": "",
        "url2": ""
      }
    },
    {
      "type": "Feature",
      "geometry": {
        "type": "Point",
        "coordinates": [
          130.6618526,
          32.776728
        ]
      },
      "properties": {
        "内容": "バス停: テニスコート前",
        "name": "テニスコート前",
        "operator": "事業者不明",
        "ref": "",
        "url": "",
        "url2": ""
      }
    },
    {
      "type": "Feature",
      "geometry": {
        "type": "Point",
        "coordinates": [
          130.6573838,
          32.777143
        ]
      },
      "properties": {
        "内容": "バス停: 城山小学校前",
        "name": "城山小学校前",
        "operator": "事業者不明",
        "ref": "",
        "url": "",
        "url2": ""
      }
    },
    {
      "type": "Feature",
      "geometry": {
        "type": "Point",
        "coordinates": [
          130.6571307,
          32.7770059
        ]
      },
      "properties": {
        "内容": "バス停: 城山小学校前",
        "name": "城山小学校前",
        "operator": "事業者不明",
        "ref": "",
        "url": "",
        "url2": ""
      }
    },
    {
      "type": "Feature",
      "geometry": {
        "type": "Point",
        "coordinates": [
          130.69255,
          32.8146889
        ]
      },
      "properties": {
        "内容": "バス停: 仁王門下",
        "name": "仁王門下",
        "operator": "事業者不明",
        "ref": "",
        "url": "",
        "url2": ""
      }
    },
    {
      "type": "Feature",
      "geometry": {
        "type": "Point",
        "coordinates": [
          130.6887741,
          32.815841
        ]
      },
      "properties": {
        "内容": "バス停: 花園",
        "name": "花園",
        "operator": "事業者不明",
        "ref": "",
        "url": "",
        "url2": ""
      }
    },
    {
      "type": "Feature",
      "geometry": {
        "type": "Point",
        "coordinates": [
          130.6829774,
          32.8167552
        ]
      },
      "properties": {
        "内容": "バス停: 小山田",
        "name": "小山田",
        "operator": "事業者不明",
        "ref": "",
        "url": "",
        "url2": ""
      }
    },
    {
      "type": "Feature",
      "geometry": {
        "type": "Point",
        "coordinates": [
          130.6707279,
          32.8220156
        ]
      },
      "properties": {
        "内容": "バス停: 馬の水",
        "name": "馬の水",
        "operator": "事業者不明",
        "ref": "",
        "url": "",
        "url2": ""
      }
    },
    {
      "type": "Feature",
      "geometry": {
        "type": "Point",
        "coordinates": [
          130.6717844,
          32.8188629
        ]
      },
      "properties": {
        "内容": "バス停: 石山",
        "name": "石山",
        "operator": "事業者不明",
        "ref": "",
        "url": "",
        "url2": ""
      }
    },
    {
      "type": "Feature",
      "geometry": {
        "type": "Point",
        "coordinates": [
          130.6593488,
          32.8188194
        ]
      },
      "properties": {
        "内容": "バス停: 鎌研",
        "name": "鎌研",
        "operator": "事業者不明",
        "ref": "",
        "url": "",
        "url2": ""
      }
    },
    {
      "type": "Feature",
      "geometry": {
        "type": "Point",
        "coordinates": [
          130.6563349,
          32.8189604
        ]
      },
      "properties": {
        "内容": "バス停: 峠の茶屋公園前",
        "name": "峠の茶屋公園前",
        "operator": "事業者不明",
        "ref": "",
        "url": "",
        "url2": ""
      }
    },
    {
      "type": "Feature",
      "geometry": {
        "type": "Point",
        "coordinates": [
          130.6541383,
          32.8185222
        ]
      },
      "properties": {
        "内容": "バス停: 峠の茶屋",
        "name": "峠の茶屋",
        "operator": "事業者不明",
        "ref": "",
        "url": "",
        "url2": ""
      }
    },
    {
      "type": "Feature",
      "geometry": {
        "type": "Point",
        "coordinates": [
          130.6498728,
          32.8242035
        ]
      },
      "properties": {
        "内容": "バス停: 椎山",
        "name": "椎山",
        "operator": "事業者不明",
        "ref": "",
        "url": "",
        "url2": ""
      }
    },
    {
      "type": "Feature",
      "geometry": {
        "type": "Point",
        "coordinates": [
          130.6469934,
          32.8283687
        ]
      },
      "properties": {
        "内容": "バス停: 椎倉",
        "name": "椎倉",
        "operator": "事業者不明",
        "ref": "",
        "url": "",
        "url2": ""
      }
    },
    {
      "type": "Feature",
      "geometry": {
        "type": "Point",
        "coordinates": [
          130.6442704,
          32.8315274
        ]
      },
      "properties": {
        "内容": "バス停: 芳野第一",
        "name": "芳野第一",
        "operator": "事業者不明",
        "ref": "",
        "url": "",
        "url2": ""
      }
    },
    {
      "type": "Feature",
      "geometry": {
        "type": "Point",
        "coordinates": [
          130.64023,
          32.8325538
        ]
      },
      "properties": {
        "内容": "バス停: 追分",
        "name": "追分",
        "operator": "事業者不明",
        "ref": "",
        "url": "",
        "url2": ""
      }
    },
    {
      "type": "Feature",
      "geometry": {
        "type": "Point",
        "coordinates": [
          130.6348698,
          32.8314127
        ]
      },
      "properties": {
        "内容": "バス停: 上川床",
        "name": "上川床",
        "operator": "事業者不明",
        "ref": "",
        "url": "",
        "url2": ""
      }
    },
    {
      "type": "Feature",
      "geometry": {
        "type": "Point",
        "coordinates": [
          130.6334105,
          32.8293547
        ]
      },
      "properties": {
        "内容": "バス停: 川床",
        "name": "川床",
        "operator": "事業者不明",
        "ref": "",
        "url": "",
        "url2": ""
      }
    },
    {
      "type": "Feature",
      "geometry": {
        "type": "Point",
        "coordinates": [
          130.6292907,
          32.8277833
        ]
      },
      "properties": {
        "内容": "バス停: 金峰森の駅みちくさ館",
        "name": "金峰森の駅みちくさ館",
        "operator": "事業者不明",
        "ref": "",
        "url": "",
        "url2": ""
      }
    },
    {
      "type": "Feature",
      "geometry": {
        "type": "Point",
        "coordinates": [
          130.627164,
          32.8268318
        ]
      },
      "properties": {
        "内容": "バス停: 老人ホームリバーサイド熊本前",
        "name": "老人ホームリバーサイド熊本前",
        "operator": "事業者不明",
        "ref": "",
        "url": "",
        "url2": ""
      }
    },
    {
      "type": "Feature",
      "geometry": {
        "type": "Point",
        "coordinates": [
          130.6227176,
          32.8243865
        ]
      },
      "properties": {
        "内容": "バス停: 岩戸観音入口",
        "name": "岩戸観音入口",
        "operator": "事業者不明",
        "ref": "",
        "url": "",
        "url2": ""
      }
    },
    {
      "type": "Feature",
      "geometry": {
        "type": "Point",
        "coordinates": [
          130.6157888,
          32.819629
        ]
      },
      "properties": {
        "内容": "バス停: 平公民館",
        "name": "平公民館",
        "operator": "事業者不明",
        "ref": "",
        "url": "",
        "url2": ""
      }
    },
    {
      "type": "Feature",
      "geometry": {
        "type": "Point",
        "coordinates": [
          130.6119725,
          32.8202729
        ]
      },
      "properties": {
        "内容": "バス停: 下平",
        "name": "下平",
        "operator": "事業者不明",
        "ref": "",
        "url": "",
        "url2": ""
      }
    },
    {
      "type": "Feature",
      "geometry": {
        "type": "Point",
        "coordinates": [
          130.6035539,
          32.8212949
        ]
      },
      "properties": {
        "内容": "バス停: 葛山",
        "name": "葛山",
        "operator": "事業者不明",
        "ref": "",
        "url": "",
        "url2": ""
      }
    },
    {
      "type": "Feature",
      "geometry": {
        "type": "Point",
        "coordinates": [
          130.6017508,
          32.8229103
        ]
      },
      "properties": {
        "内容": "バス停: 清田",
        "name": "清田",
        "operator": "事業者不明",
        "ref": "",
        "url": "",
        "url2": ""
      }
    },
    {
      "type": "Feature",
      "geometry": {
        "type": "Point",
        "coordinates": [
          130.5997998,
          32.8244643
        ]
      },
      "properties": {
        "内容": "バス停: 下清田",
        "name": "下清田",
        "operator": "事業者不明",
        "ref": "",
        "url": "",
        "url2": ""
      }
    },
    {
      "type": "Feature",
      "geometry": {
        "type": "Point",
        "coordinates": [
          130.5949803,
          32.826784
        ]
      },
      "properties": {
        "内容": "バス停: 中河内",
        "name": "中河内",
        "operator": "事業者不明",
        "ref": "",
        "url": "",
        "url2": ""
      }
    },
    {
      "type": "Feature",
      "geometry": {
        "type": "Point",
        "coordinates": [
          130.5931746,
          32.8278156
        ]
      },
      "properties": {
        "内容": "バス停: 下中河内",
        "name": "下中河内",
        "operator": "事業者不明",
        "ref": "",
        "url": "",
        "url2": ""
      }
    },
    {
      "type": "Feature",
      "geometry": {
        "type": "Point",
        "coordinates": [
          130.5904957,
          32.828349
        ]
      },
      "properties": {
        "内容": "バス停: 河内中学校前",
        "name": "河内中学校前",
        "operator": "事業者不明",
        "ref": "",
        "url": "",
        "url2": ""
      }
    },
    {
      "type": "Feature",
      "geometry": {
        "type": "Point",
        "coordinates": [
          130.5872987,
          32.8296979
        ]
      },
      "properties": {
        "内容": "バス停: 河内亀石",
        "name": "河内亀石",
        "operator": "事業者不明",
        "ref": "",
        "url": "",
        "url2": ""
      }
    },
    {
      "type": "Feature",
      "geometry": {
        "type": "Point",
        "coordinates": [
          130.5868809,
          32.8298301
        ]
      },
      "properties": {
        "内容": "バス停: 河内温泉入口",
        "name": "河内温泉入口",
        "operator": "事業者不明",
        "ref": "",
        "url": "",
        "url2": ""
      }
    },
    {
      "type": "Feature",
      "geometry": {
        "type": "Point",
        "coordinates": [
          130.5820596,
          32.8300959
        ]
      },
      "properties": {
        "内容": "バス停: 温泉中間",
        "name": "温泉中間",
        "operator": "事業者不明",
        "ref": "",
        "url": "",
        "url2": ""
      }
    },
    {
      "type": "Feature",
      "geometry": {
        "type": "Point",
        "coordinates": [
          130.5793252,
          32.8290872
        ]
      },
      "properties": {
        "内容": "バス停: 河内温泉センター",
        "name": "河内温泉センター",
        "operator": "事業者不明",
        "ref": "",
        "url": "",
        "url2": ""
      }
    },
    {
      "type": "Feature",
      "geometry": {
        "type": "Point",
        "coordinates": [
          130.7009578,
          32.7990697
        ]
      },
      "properties": {
        "内容": "バス停: 洗馬橋",
        "name": "洗馬橋",
        "operator": "事業者不明",
        "ref": "",
        "url": "",
        "url2": ""
      }
    },
    {
      "type": "Feature",
      "geometry": {
        "type": "Point",
        "coordinates": [
          130.700923,
          32.7988891
        ]
      },
      "properties": {
        "内容": "バス停: 洗馬橋",
        "name": "洗馬橋",
        "operator": "事業者不明",
        "ref": "",
        "url": "",
        "url2": ""
      }
    },
    {
      "type": "Feature",
      "geometry": {
        "type": "Point",
        "coordinates": [
          130.6913287,
          32.8908913
        ]
      },
      "properties": {
        "内容": "バス停: 植木宮の前（七本）",
        "name": "植木宮の前（七本）",
        "operator": "事業者不明",
        "ref": "",
        "url": "",
        "url2": ""
      }
    },
    {
      "type": "Feature",
      "geometry": {
        "type": "Point",
        "coordinates": [
          130.6917304,
          32.8924684
        ]
      },
      "properties": {
        "内容": "バス停: 寺尾病院前",
        "name": "寺尾病院前",
        "operator": "事業者不明",
        "ref": "",
        "url": "",
        "url2": ""
      }
    },
    {
      "type": "Feature",
      "geometry": {
        "type": "Point",
        "coordinates": [
          130.691622,
          32.892213
        ]
      },
      "properties": {
        "内容": "バス停: 寺尾病院前",
        "name": "寺尾病院前",
        "operator": "事業者不明",
        "ref": "",
        "url": "",
        "url2": ""
      }
    },
    {
      "type": "Feature",
      "geometry": {
        "type": "Point",
        "coordinates": [
          130.6899039,
          32.7907408
        ]
      },
      "properties": {
        "内容": "バス停: 熊本駅前",
        "name": "熊本駅前",
        "operator": "事業者不明",
        "ref": "",
        "url": "",
        "url2": ""
      }
    },
    {
      "type": "Feature",
      "geometry": {
        "type": "Point",
        "coordinates": [
          130.6907893,
          32.5694648
        ]
      },
      "properties": {
        "内容": "バス停: 野津 (産交バス)",
        "name": "野津",
        "operator": "産交バス",
        "ref": "",
        "url": "",
        "url2": ""
      }
    },
    {
      "type": "Feature",
      "geometry": {
        "type": "Point",
        "coordinates": [
          130.6961505,
          32.5784286
        ]
      },
      "properties": {
        "内容": "バス停: 吉野 (産交バス)",
        "name": "吉野",
        "operator": "産交バス",
        "ref": "",
        "url": "",
        "url2": ""
      }
    },
    {
      "type": "Feature",
      "geometry": {
        "type": "Point",
        "coordinates": [
          130.6957112,
          32.5774146
        ]
      },
      "properties": {
        "内容": "バス停: 吉野 (産交バス)",
        "name": "吉野",
        "operator": "産交バス",
        "ref": "",
        "url": "",
        "url2": ""
      }
    },
    {
      "type": "Feature",
      "geometry": {
        "type": "Point",
        "coordinates": [
          130.6909315,
          32.5699918
        ]
      },
      "properties": {
        "内容": "バス停: 野津 (産交バス)",
        "name": "野津",
        "operator": "産交バス",
        "ref": "",
        "url": "",
        "url2": ""
      }
    },
    {
      "type": "Feature",
      "geometry": {
        "type": "Point",
        "coordinates": [
          130.684851,
          32.5613432
        ]
      },
      "properties": {
        "内容": "バス停: 法道寺 (産交バス)",
        "name": "法道寺",
        "operator": "産交バス",
        "ref": "",
        "url": "",
        "url2": ""
      }
    },
    {
      "type": "Feature",
      "geometry": {
        "type": "Point",
        "coordinates": [
          130.6846659,
          32.561264
        ]
      },
      "properties": {
        "内容": "バス停: 法道寺 (産交バス)",
        "name": "法道寺",
        "operator": "産交バス",
        "ref": "",
        "url": "",
        "url2": ""
      }
    },
    {
      "type": "Feature",
      "geometry": {
        "type": "Point",
        "coordinates": [
          130.6811441,
          32.5567269
        ]
      },
      "properties": {
        "内容": "バス停: 宮原 (産交バス)",
        "name": "宮原",
        "operator": "産交バス",
        "ref": "",
        "url": "",
        "url2": ""
      }
    },
    {
      "type": "Feature",
      "geometry": {
        "type": "Point",
        "coordinates": [
          130.6810556,
          32.5560961
        ]
      },
      "properties": {
        "内容": "バス停: 宮原 (産交バス)",
        "name": "宮原",
        "operator": "産交バス",
        "ref": "",
        "url": "",
        "url2": ""
      }
    },
    {
      "type": "Feature",
      "geometry": {
        "type": "Point",
        "coordinates": [
          130.6802456,
          32.5540773
        ]
      },
      "properties": {
        "内容": "バス停: 宮原公民館前 (産交バス)",
        "name": "宮原公民館前",
        "operator": "産交バス",
        "ref": "",
        "url": "",
        "url2": ""
      }
    },
    {
      "type": "Feature",
      "geometry": {
        "type": "Point",
        "coordinates": [
          130.6799613,
          32.553702
        ]
      },
      "properties": {
        "内容": "バス停: 宮原公民館前 (産交バス)",
        "name": "宮原公民館前",
        "operator": "産交バス",
        "ref": "",
        "url": "",
        "url2": ""
      }
    },
    {
      "type": "Feature",
      "geometry": {
        "type": "Point",
        "coordinates": [
          130.6788804,
          32.5503989
        ]
      },
      "properties": {
        "内容": "バス停: 氷川中学校・八代北部地域医療センター前 (産交バス)",
        "name": "氷川中学校・八代北部地域医療センター前",
        "operator": "産交バス",
        "ref": "",
        "url": "",
        "url2": ""
      }
    },
    {
      "type": "Feature",
      "geometry": {
        "type": "Point",
        "coordinates": [
          130.6790386,
          32.5512265
        ]
      },
      "properties": {
        "内容": "バス停: 氷川中学校・八代北部地域医療センター前 (産交バス)",
        "name": "氷川中学校・八代北部地域医療センター前",
        "operator": "産交バス",
        "ref": "",
        "url": "",
        "url2": ""
      }
    },
    {
      "type": "Feature",
      "geometry": {
        "type": "Point",
        "coordinates": [
          130.6766514,
          32.5456533
        ]
      },
      "properties": {
        "内容": "バス停: 早尾 (産交バス)",
        "name": "早尾",
        "operator": "産交バス",
        "ref": "",
        "url": "",
        "url2": ""
      }
    },
    {
      "type": "Feature",
      "geometry": {
        "type": "Point",
        "coordinates": [
          130.6768499,
          32.5457008
        ]
      },
      "properties": {
        "内容": "バス停: 早尾 (産交バス)",
        "name": "早尾",
        "operator": "産交バス",
        "ref": "",
        "url": "",
        "url2": ""
      }
    },
    {
      "type": "Feature",
      "geometry": {
        "type": "Point",
        "coordinates": [
          130.6742778,
          32.5424379
        ]
      },
      "properties": {
        "内容": "バス停: かこい (八代～松橋線（宮原）)",
        "name": "かこい",
        "operator": "八代～松橋線（宮原）",
        "ref": "",
        "url": "",
        "url2": ""
      }
    },
    {
      "type": "Feature",
      "geometry": {
        "type": "Point",
        "coordinates": [
          130.6741249,
          32.5425125
        ]
      },
      "properties": {
        "内容": "バス停: かこい (産交バス)",
        "name": "かこい",
        "operator": "産交バス",
        "ref": "",
        "url": "",
        "url2": ""
      }
    },
    {
      "type": "Feature",
      "geometry": {
        "type": "Point",
        "coordinates": [
          130.6818709,
          32.5564837
        ]
      },
      "properties": {
        "内容": "バス停: 宮原中央 (産交バス)",
        "name": "宮原中央",
        "operator": "産交バス",
        "ref": "",
        "url": "",
        "url2": ""
      }
    },
    {
      "type": "Feature",
      "geometry": {
        "type": "Point",
        "coordinates": [
          130.6831415,
          32.5560758
        ]
      },
      "properties": {
        "内容": "バス停: 宮原郵便局前 (産交バス)",
        "name": "宮原郵便局前",
        "operator": "産交バス",
        "ref": "",
        "url": "",
        "url2": ""
      }
    },
    {
      "type": "Feature",
      "geometry": {
        "type": "Point",
        "coordinates": [
          130.6849169,
          32.5556623
        ]
      },
      "properties": {
        "内容": "バス停: 東上宮 (産交バス)",
        "name": "東上宮",
        "operator": "産交バス",
        "ref": "",
        "url": "",
        "url2": ""
      }
    },
    {
      "type": "Feature",
      "geometry": {
        "type": "Point",
        "coordinates": [
          130.6927074,
          32.5494379
        ]
      },
      "properties": {
        "内容": "バス停: 豊野内 (産交バス)",
        "name": "豊野内",
        "operator": "産交バス",
        "ref": "",
        "url": "",
        "url2": ""
      }
    },
    {
      "type": "Feature",
      "geometry": {
        "type": "Point",
        "coordinates": [
          130.6982821,
          32.5491275
        ]
      },
      "properties": {
        "内容": "バス停: 立神 (産交バス)",
        "name": "立神",
        "operator": "産交バス",
        "ref": "",
        "url": "",
        "url2": ""
      }
    },
    {
      "type": "Feature",
      "geometry": {
        "type": "Point",
        "coordinates": [
          130.6774928,
          32.5591146
        ]
      },
      "properties": {
        "内容": "バス停: 宮園 (産交バス)",
        "name": "宮園",
        "operator": "産交バス",
        "ref": "",
        "url": "",
        "url2": ""
      }
    },
    {
      "type": "Feature",
      "geometry": {
        "type": "Point",
        "coordinates": [
          130.6738879,
          32.5610158
        ]
      },
      "properties": {
        "内容": "バス停: 久保団地入口 (産交バス)",
        "name": "久保団地入口",
        "operator": "産交バス",
        "ref": "",
        "url": "",
        "url2": ""
      }
    },
    {
      "type": "Feature",
      "geometry": {
        "type": "Point",
        "coordinates": [
          130.6663453,
          32.5883728
        ]
      },
      "properties": {
        "内容": "バス停: 北鹿野 (産交バス)",
        "name": "北鹿野",
        "operator": "産交バス",
        "ref": "",
        "url": "",
        "url2": ""
      }
    },
    {
      "type": "Feature",
      "geometry": {
        "type": "Point",
        "coordinates": [
          130.6697035,
          32.5949987
        ]
      },
      "properties": {
        "内容": "バス停: 中網道 (産交バス)",
        "name": "中網道",
        "operator": "産交バス",
        "ref": "",
        "url": "",
        "url2": ""
      }
    },
    {
      "type": "Feature",
      "geometry": {
        "type": "Point",
        "coordinates": [
          130.6720584,
          32.5992356
        ]
      },
      "properties": {
        "内容": "バス停: 東網道 (産交バス)",
        "name": "東網道",
        "operator": "産交バス",
        "ref": "",
        "url": "",
        "url2": ""
      }
    },
    {
      "type": "Feature",
      "geometry": {
        "type": "Point",
        "coordinates": [
          130.6641916,
          32.5810204
        ]
      },
      "properties": {
        "内容": "バス停: 鹿島 (産交バス)",
        "name": "鹿島",
        "operator": "産交バス",
        "ref": "",
        "url": "",
        "url2": ""
      }
    },
    {
      "type": "Feature",
      "geometry": {
        "type": "Point",
        "coordinates": [
          130.6640763,
          32.5810204
        ]
      },
      "properties": {
        "内容": "バス停: 鹿島 (産交バス)",
        "name": "鹿島",
        "operator": "産交バス",
        "ref": "",
        "url": "",
        "url2": ""
      }
    },
    {
      "type": "Feature",
      "geometry": {
        "type": "Point",
        "coordinates": [
          130.6628666,
          32.5781454
        ]
      },
      "properties": {
        "内容": "バス停: 浜牟田橋 (産交バス)",
        "name": "浜牟田橋",
        "operator": "産交バス",
        "ref": "",
        "url": "",
        "url2": ""
      }
    },
    {
      "type": "Feature",
      "geometry": {
        "type": "Point",
        "coordinates": [
          131.0525962,
          32.8854003
        ]
      },
      "properties": {
        "内容": "バス停: Bus from/to Aso Station stop",
        "name": "Bus from/to Aso Station stop",
        "operator": "事業者不明",
        "ref": "",
        "url": "",
        "url2": ""
      }
    },
    {
      "type": "Feature",
      "geometry": {
        "type": "Point",
        "coordinates": [
          131.0642162,
          32.8843081
        ]
      },
      "properties": {
        "内容": "バス停: ヘリポート前",
        "name": "ヘリポート前",
        "operator": "事業者不明",
        "ref": "",
        "url": "",
        "url2": ""
      }
    },
    {
      "type": "Feature",
      "geometry": {
        "type": "Point",
        "coordinates": [
          130.6889841,
          33.0148278
        ]
      },
      "properties": {
        "内容": "バス停: 名称不明バス停",
        "name": "名称不明バス停",
        "operator": "事業者不明",
        "ref": "",
        "url": "",
        "url2": ""
      }
    },
    {
      "type": "Feature",
      "geometry": {
        "type": "Point",
        "coordinates": [
          130.6892988,
          33.0147251
        ]
      },
      "properties": {
        "内容": "バス停: 名称不明バス停",
        "name": "名称不明バス停",
        "operator": "事業者不明",
        "ref": "",
        "url": "",
        "url2": ""
      }
    },
    {
      "type": "Feature",
      "geometry": {
        "type": "Point",
        "coordinates": [
          130.6825058,
          32.5445765
        ]
      },
      "properties": {
        "内容": "バス停: 宮原 (高速バス)",
        "name": "宮原",
        "operator": "高速バス",
        "ref": "",
        "url": "",
        "url2": ""
      }
    },
    {
      "type": "Feature",
      "geometry": {
        "type": "Point",
        "coordinates": [
          130.6803403,
          32.5419586
        ]
      },
      "properties": {
        "内容": "バス停: 宮原 (高速バス)",
        "name": "宮原",
        "operator": "高速バス",
        "ref": "",
        "url": "",
        "url2": ""
      }
    },
    {
      "type": "Feature",
      "geometry": {
        "type": "Point",
        "coordinates": [
          130.6707921,
          32.5629058
        ]
      },
      "properties": {
        "内容": "バス停: 有佐駅前 (産交バス)",
        "name": "有佐駅前",
        "operator": "産交バス",
        "ref": "",
        "url": "",
        "url2": ""
      }
    },
    {
      "type": "Feature",
      "geometry": {
        "type": "Point",
        "coordinates": [
          130.6673079,
          32.5648194
        ]
      },
      "properties": {
        "内容": "バス停: 鏡クリニック前 (産交バス)",
        "name": "鏡クリニック前",
        "operator": "産交バス",
        "ref": "",
        "url": "",
        "url2": ""
      }
    },
    {
      "type": "Feature",
      "geometry": {
        "type": "Point",
        "coordinates": [
          130.6648822,
          32.565891
        ]
      },
      "properties": {
        "内容": "バス停: 花岡 (産交バス)",
        "name": "花岡",
        "operator": "産交バス",
        "ref": "",
        "url": "",
        "url2": ""
      }
    },
    {
      "type": "Feature",
      "geometry": {
        "type": "Point",
        "coordinates": [
          130.6557004,
          32.5660391
        ]
      },
      "properties": {
        "内容": "バス停: 新川橋",
        "name": "新川橋",
        "operator": "事業者不明",
        "ref": "",
        "url": "",
        "url2": ""
      }
    },
    {
      "type": "Feature",
      "geometry": {
        "type": "Point",
        "coordinates": [
          130.7030654,
          32.792179
        ]
      },
      "properties": {
        "内容": "バス停: 迎町",
        "name": "迎町",
        "operator": "事業者不明",
        "ref": "",
        "url": "",
        "url2": ""
      }
    },
    {
      "type": "Feature",
      "geometry": {
        "type": "Point",
        "coordinates": [
          130.7028225,
          32.7922098
        ]
      },
      "properties": {
        "内容": "バス停: 迎町",
        "name": "迎町",
        "operator": "事業者不明",
        "ref": "",
        "url": "",
        "url2": ""
      }
    },
    {
      "type": "Feature",
      "geometry": {
        "type": "Point",
        "coordinates": [
          130.7014845,
          32.7890689
        ]
      },
      "properties": {
        "内容": "バス停: 向山校前",
        "name": "向山校前",
        "operator": "事業者不明",
        "ref": "",
        "url": "",
        "url2": ""
      }
    },
    {
      "type": "Feature",
      "geometry": {
        "type": "Point",
        "coordinates": [
          130.7014596,
          32.7893143
        ]
      },
      "properties": {
        "内容": "バス停: 向山校前",
        "name": "向山校前",
        "operator": "事業者不明",
        "ref": "",
        "url": "",
        "url2": ""
      }
    },
    {
      "type": "Feature",
      "geometry": {
        "type": "Point",
        "coordinates": [
          130.699814,
          32.7864825
        ]
      },
      "properties": {
        "内容": "バス停: 世安町",
        "name": "世安町",
        "operator": "事業者不明",
        "ref": "",
        "url": "",
        "url2": ""
      }
    },
    {
      "type": "Feature",
      "geometry": {
        "type": "Point",
        "coordinates": [
          130.6993734,
          32.7861309
        ]
      },
      "properties": {
        "内容": "バス停: 世安町",
        "name": "世安町",
        "operator": "事業者不明",
        "ref": "",
        "url": "",
        "url2": ""
      }
    },
    {
      "type": "Feature",
      "geometry": {
        "type": "Point",
        "coordinates": [
          130.6973882,
          32.7821161
        ]
      },
      "properties": {
        "内容": "バス停: 熊日前",
        "name": "熊日前",
        "operator": "事業者不明",
        "ref": "",
        "url": "",
        "url2": ""
      }
    },
    {
      "type": "Feature",
      "geometry": {
        "type": "Point",
        "coordinates": [
          130.6974799,
          32.7816887
        ]
      },
      "properties": {
        "内容": "バス停: 熊日前",
        "name": "熊日前",
        "operator": "事業者不明",
        "ref": "",
        "url": "",
        "url2": ""
      }
    },
    {
      "type": "Feature",
      "geometry": {
        "type": "Point",
        "coordinates": [
          130.6969081,
          32.7817421
        ]
      },
      "properties": {
        "内容": "バス停: 熊日前（旧道）",
        "name": "熊日前（旧道）",
        "operator": "事業者不明",
        "ref": "",
        "url": "",
        "url2": ""
      }
    },
    {
      "type": "Feature",
      "geometry": {
        "type": "Point",
        "coordinates": [
          130.6970098,
          32.7820923
        ]
      },
      "properties": {
        "内容": "バス停: 熊日前（旧道）",
        "name": "熊日前（旧道）",
        "operator": "事業者不明",
        "ref": "",
        "url": "",
        "url2": ""
      }
    },
    {
      "type": "Feature",
      "geometry": {
        "type": "Point",
        "coordinates": [
          130.6960107,
          32.7759809
        ]
      },
      "properties": {
        "内容": "バス停: 十禅寺町",
        "name": "十禅寺町",
        "operator": "事業者不明",
        "ref": "",
        "url": "",
        "url2": ""
      }
    },
    {
      "type": "Feature",
      "geometry": {
        "type": "Point",
        "coordinates": [
          130.6959687,
          32.7755221
        ]
      },
      "properties": {
        "内容": "バス停: 十禅寺町",
        "name": "十禅寺町",
        "operator": "事業者不明",
        "ref": "",
        "url": "",
        "url2": ""
      }
    },
    {
      "type": "Feature",
      "geometry": {
        "type": "Point",
        "coordinates": [
          130.6946243,
          32.7737584
        ]
      },
      "properties": {
        "内容": "バス停: 平田町（国道）",
        "name": "平田町（国道）",
        "operator": "事業者不明",
        "ref": "",
        "url": "",
        "url2": ""
      }
    },
    {
      "type": "Feature",
      "geometry": {
        "type": "Point",
        "coordinates": [
          130.6943954,
          32.7723229
        ]
      },
      "properties": {
        "内容": "バス停: 平田町（国道）",
        "name": "平田町（国道）",
        "operator": "事業者不明",
        "ref": "",
        "url": "",
        "url2": ""
      }
    },
    {
      "type": "Feature",
      "geometry": {
        "type": "Point",
        "coordinates": [
          130.693295,
          32.7704704
        ]
      },
      "properties": {
        "内容": "バス停: 上近見",
        "name": "上近見",
        "operator": "事業者不明",
        "ref": "",
        "url": "",
        "url2": ""
      }
    },
    {
      "type": "Feature",
      "geometry": {
        "type": "Point",
        "coordinates": [
          130.6929441,
          32.7694088
        ]
      },
      "properties": {
        "内容": "バス停: 上近見",
        "name": "上近見",
        "operator": "事業者不明",
        "ref": "",
        "url": "",
        "url2": ""
      }
    },
    {
      "type": "Feature",
      "geometry": {
        "type": "Point",
        "coordinates": [
          130.6910894,
          32.7656464
        ]
      },
      "properties": {
        "内容": "バス停: 日吉校前",
        "name": "日吉校前",
        "operator": "事業者不明",
        "ref": "",
        "url": "",
        "url2": ""
      }
    },
    {
      "type": "Feature",
      "geometry": {
        "type": "Point",
        "coordinates": [
          130.6913378,
          32.7665218
        ]
      },
      "properties": {
        "内容": "バス停: 日吉校前",
        "name": "日吉校前",
        "operator": "事業者不明",
        "ref": "",
        "url": "",
        "url2": ""
      }
    },
    {
      "type": "Feature",
      "geometry": {
        "type": "Point",
        "coordinates": [
          130.6900655,
          32.7639569
        ]
      },
      "properties": {
        "内容": "バス停: 下近見",
        "name": "下近見",
        "operator": "事業者不明",
        "ref": "",
        "url": "",
        "url2": ""
      }
    },
    {
      "type": "Feature",
      "geometry": {
        "type": "Point",
        "coordinates": [
          130.6899374,
          32.7631124
        ]
      },
      "properties": {
        "内容": "バス停: 下近見",
        "name": "下近見",
        "operator": "事業者不明",
        "ref": "",
        "url": "",
        "url2": ""
      }
    },
    {
      "type": "Feature",
      "geometry": {
        "type": "Point",
        "coordinates": [
          130.6889365,
          32.7604072
        ]
      },
      "properties": {
        "内容": "バス停: 高江町",
        "name": "高江町",
        "operator": "事業者不明",
        "ref": "",
        "url": "",
        "url2": ""
      }
    },
    {
      "type": "Feature",
      "geometry": {
        "type": "Point",
        "coordinates": [
          130.6889398,
          32.7596448
        ]
      },
      "properties": {
        "内容": "バス停: 高江町",
        "name": "高江町",
        "operator": "事業者不明",
        "ref": "",
        "url": "",
        "url2": ""
      }
    },
    {
      "type": "Feature",
      "geometry": {
        "type": "Point",
        "coordinates": [
          130.687607,
          32.7554946
        ]
      },
      "properties": {
        "内容": "バス停: 南高江",
        "name": "南高江",
        "operator": "事業者不明",
        "ref": "",
        "url": "",
        "url2": ""
      }
    },
    {
      "type": "Feature",
      "geometry": {
        "type": "Point",
        "coordinates": [
          130.6875439,
          32.754581
        ]
      },
      "properties": {
        "内容": "バス停: 南高江",
        "name": "南高江",
        "operator": "事業者不明",
        "ref": "",
        "url": "",
        "url2": ""
      }
    },
    {
      "type": "Feature",
      "geometry": {
        "type": "Point",
        "coordinates": [
          130.6858405,
          32.7512433
        ]
      },
      "properties": {
        "内容": "バス停: 五反田",
        "name": "五反田",
        "operator": "事業者不明",
        "ref": "",
        "url": "",
        "url2": ""
      }
    },
    {
      "type": "Feature",
      "geometry": {
        "type": "Point",
        "coordinates": [
          130.6861513,
          32.7513579
        ]
      },
      "properties": {
        "内容": "バス停: 五反田",
        "name": "五反田",
        "operator": "事業者不明",
        "ref": "",
        "url": "",
        "url2": ""
      }
    },
    {
      "type": "Feature",
      "geometry": {
        "type": "Point",
        "coordinates": [
          130.6838105,
          32.747625
        ]
      },
      "properties": {
        "内容": "バス停: 八幡町",
        "name": "八幡町",
        "operator": "事業者不明",
        "ref": "",
        "url": "",
        "url2": ""
      }
    },
    {
      "type": "Feature",
      "geometry": {
        "type": "Point",
        "coordinates": [
          130.6835071,
          32.7474052
        ]
      },
      "properties": {
        "内容": "バス停: 八幡町",
        "name": "八幡町",
        "operator": "事業者不明",
        "ref": "",
        "url": "",
        "url2": ""
      }
    },
    {
      "type": "Feature",
      "geometry": {
        "type": "Point",
        "coordinates": [
          130.6818009,
          32.7439867
        ]
      },
      "properties": {
        "内容": "バス停: 川尻駅前",
        "name": "川尻駅前",
        "operator": "事業者不明",
        "ref": "",
        "url": "",
        "url2": ""
      }
    },
    {
      "type": "Feature",
      "geometry": {
        "type": "Point",
        "coordinates": [
          130.6819735,
          32.7430488
        ]
      },
      "properties": {
        "内容": "バス停: 川尻駅前",
        "name": "川尻駅前",
        "operator": "事業者不明",
        "ref": "",
        "url": "",
        "url2": ""
      }
    },
    {
      "type": "Feature",
      "geometry": {
        "type": "Point",
        "coordinates": [
          130.6827002,
          32.7396633
        ]
      },
      "properties": {
        "内容": "バス停: 岡町",
        "name": "岡町",
        "operator": "事業者不明",
        "ref": "",
        "url": "",
        "url2": ""
      }
    },
    {
      "type": "Feature",
      "geometry": {
        "type": "Point",
        "coordinates": [
          130.6830547,
          32.7392662
        ]
      },
      "properties": {
        "内容": "バス停: 岡町",
        "name": "岡町",
        "operator": "事業者不明",
        "ref": "",
        "url": "",
        "url2": ""
      }
    },
    {
      "type": "Feature",
      "geometry": {
        "type": "Point",
        "coordinates": [
          130.6834638,
          32.7375233
        ]
      },
      "properties": {
        "内容": "バス停: 川尻町（旧道）",
        "name": "川尻町（旧道）",
        "operator": "事業者不明",
        "ref": "",
        "url": "",
        "url2": ""
      }
    },
    {
      "type": "Feature",
      "geometry": {
        "type": "Point",
        "coordinates": [
          130.6834728,
          32.7371902
        ]
      },
      "properties": {
        "内容": "バス停: 川尻町（旧道）",
        "name": "川尻町（旧道）",
        "operator": "事業者不明",
        "ref": "",
        "url": "",
        "url2": ""
      }
    },
    {
      "type": "Feature",
      "geometry": {
        "type": "Point",
        "coordinates": [
          130.6842746,
          32.7378992
        ]
      },
      "properties": {
        "内容": "バス停: 川尻町（市道）",
        "name": "川尻町（市道）",
        "operator": "事業者不明",
        "ref": "",
        "url": "",
        "url2": ""
      }
    },
    {
      "type": "Feature",
      "geometry": {
        "type": "Point",
        "coordinates": [
          130.6836528,
          32.7356538
        ]
      },
      "properties": {
        "内容": "バス停: 川尻新町",
        "name": "川尻新町",
        "operator": "事業者不明",
        "ref": "",
        "url": "",
        "url2": ""
      }
    },
    {
      "type": "Feature",
      "geometry": {
        "type": "Point",
        "coordinates": [
          130.6845715,
          32.7384155
        ]
      },
      "properties": {
        "内容": "バス停: リバグリーン八幡",
        "name": "リバグリーン八幡",
        "operator": "事業者不明",
        "ref": "",
        "url": "",
        "url2": ""
      }
    },
    {
      "type": "Feature",
      "geometry": {
        "type": "Point",
        "coordinates": [
          130.6814772,
          32.7457319
        ]
      },
      "properties": {
        "内容": "バス停: 若宮神社入口",
        "name": "若宮神社入口",
        "operator": "事業者不明",
        "ref": "",
        "url": "",
        "url2": ""
      }
    },
    {
      "type": "Feature",
      "geometry": {
        "type": "Point",
        "coordinates": [
          130.6817198,
          32.7459465
        ]
      },
      "properties": {
        "内容": "バス停: 若宮神社入口",
        "name": "若宮神社入口",
        "operator": "事業者不明",
        "ref": "",
        "url": "",
        "url2": ""
      }
    },
    {
      "type": "Feature",
      "geometry": {
        "type": "Point",
        "coordinates": [
          130.6828959,
          32.7474414
        ]
      },
      "properties": {
        "内容": "バス停: 八幡町（旧道）",
        "name": "八幡町（旧道）",
        "operator": "事業者不明",
        "ref": "",
        "url": "",
        "url2": ""
      }
    },
    {
      "type": "Feature",
      "geometry": {
        "type": "Point",
        "coordinates": [
          130.6829741,
          32.7476132
        ]
      },
      "properties": {
        "内容": "バス停: 八幡町（旧道）",
        "name": "八幡町（旧道）",
        "operator": "事業者不明",
        "ref": "",
        "url": "",
        "url2": ""
      }
    },
    {
      "type": "Feature",
      "geometry": {
        "type": "Point",
        "coordinates": [
          130.6829078,
          32.7500777
        ]
      },
      "properties": {
        "内容": "バス停: 白藤東原",
        "name": "白藤東原",
        "operator": "事業者不明",
        "ref": "",
        "url": "",
        "url2": ""
      }
    },
    {
      "type": "Feature",
      "geometry": {
        "type": "Point",
        "coordinates": [
          130.6827895,
          32.7503843
        ]
      },
      "properties": {
        "内容": "バス停: 白藤東原",
        "name": "白藤東原",
        "operator": "事業者不明",
        "ref": "",
        "url": "",
        "url2": ""
      }
    },
    {
      "type": "Feature",
      "geometry": {
        "type": "Point",
        "coordinates": [
          130.6824803,
          32.7529451
        ]
      },
      "properties": {
        "内容": "バス停: 南高江（旧道）",
        "name": "南高江（旧道）",
        "operator": "事業者不明",
        "ref": "",
        "url": "",
        "url2": ""
      }
    },
    {
      "type": "Feature",
      "geometry": {
        "type": "Point",
        "coordinates": [
          130.6822503,
          32.753441
        ]
      },
      "properties": {
        "内容": "バス停: 南高江（旧道）",
        "name": "南高江（旧道）",
        "operator": "事業者不明",
        "ref": "",
        "url": "",
        "url2": ""
      }
    },
    {
      "type": "Feature",
      "geometry": {
        "type": "Point",
        "coordinates": [
          130.6821736,
          32.7565236
        ]
      },
      "properties": {
        "内容": "バス停: 合志町",
        "name": "合志町",
        "operator": "事業者不明",
        "ref": "",
        "url": "",
        "url2": ""
      }
    },
    {
      "type": "Feature",
      "geometry": {
        "type": "Point",
        "coordinates": [
          130.6822015,
          32.7570227
        ]
      },
      "properties": {
        "内容": "バス停: 合志町",
        "name": "合志町",
        "operator": "事業者不明",
        "ref": "",
        "url": "",
        "url2": ""
      }
    },
    {
      "type": "Feature",
      "geometry": {
        "type": "Point",
        "coordinates": [
          130.6835952,
          32.7601013
        ]
      },
      "properties": {
        "内容": "バス停: 刈草",
        "name": "刈草",
        "operator": "事業者不明",
        "ref": "",
        "url": "",
        "url2": ""
      }
    },
    {
      "type": "Feature",
      "geometry": {
        "type": "Point",
        "coordinates": [
          130.6836187,
          32.7601984
        ]
      },
      "properties": {
        "内容": "バス停: 刈草",
        "name": "刈草",
        "operator": "事業者不明",
        "ref": "",
        "url": "",
        "url2": ""
      }
    },
    {
      "type": "Feature",
      "geometry": {
        "type": "Point",
        "coordinates": [
          130.6869616,
          32.76313
        ]
      },
      "properties": {
        "内容": "バス停: 下近見（旧道）",
        "name": "下近見（旧道）",
        "operator": "事業者不明",
        "ref": "",
        "url": "",
        "url2": ""
      }
    },
    {
      "type": "Feature",
      "geometry": {
        "type": "Point",
        "coordinates": [
          130.6869509,
          32.7633456
        ]
      },
      "properties": {
        "内容": "バス停: 下近見（旧道）",
        "name": "下近見（旧道）",
        "operator": "事業者不明",
        "ref": "",
        "url": "",
        "url2": ""
      }
    },
    {
      "type": "Feature",
      "geometry": {
        "type": "Point",
        "coordinates": [
          130.6885262,
          32.7661315
        ]
      },
      "properties": {
        "内容": "バス停: 日吉校前（旧道）",
        "name": "日吉校前（旧道）",
        "operator": "事業者不明",
        "ref": "",
        "url": "",
        "url2": ""
      }
    },
    {
      "type": "Feature",
      "geometry": {
        "type": "Point",
        "coordinates": [
          130.6886993,
          32.7665809
        ]
      },
      "properties": {
        "内容": "バス停: 日吉校前（旧道）",
        "name": "日吉校前（旧道）",
        "operator": "事業者不明",
        "ref": "",
        "url": "",
        "url2": ""
      }
    },
    {
      "type": "Feature",
      "geometry": {
        "type": "Point",
        "coordinates": [
          130.6925125,
          32.7699669
        ]
      },
      "properties": {
        "内容": "バス停: 上近見（旧道）",
        "name": "上近見（旧道）",
        "operator": "事業者不明",
        "ref": "",
        "url": "",
        "url2": ""
      }
    },
    {
      "type": "Feature",
      "geometry": {
        "type": "Point",
        "coordinates": [
          130.692568,
          32.7703749
        ]
      },
      "properties": {
        "内容": "バス停: 上近見（旧道）",
        "name": "上近見（旧道）",
        "operator": "事業者不明",
        "ref": "",
        "url": "",
        "url2": ""
      }
    },
    {
      "type": "Feature",
      "geometry": {
        "type": "Point",
        "coordinates": [
          130.693329,
          32.7750404
        ]
      },
      "properties": {
        "内容": "バス停: 平田町（旧道）",
        "name": "平田町（旧道）",
        "operator": "事業者不明",
        "ref": "",
        "url": "",
        "url2": ""
      }
    },
    {
      "type": "Feature",
      "geometry": {
        "type": "Point",
        "coordinates": [
          130.6932691,
          32.77515
        ]
      },
      "properties": {
        "内容": "バス停: 平田町（旧道）",
        "name": "平田町（旧道）",
        "operator": "事業者不明",
        "ref": "",
        "url": "",
        "url2": ""
      }
    },
    {
      "type": "Feature",
      "geometry": {
        "type": "Point",
        "coordinates": [
          130.6945622,
          32.7781296
        ]
      },
      "properties": {
        "内容": "バス停: 十禅寺町",
        "name": "十禅寺町",
        "operator": "事業者不明",
        "ref": "",
        "url": "",
        "url2": ""
      }
    },
    {
      "type": "Feature",
      "geometry": {
        "type": "Point",
        "coordinates": [
          130.6946157,
          32.7780146
        ]
      },
      "properties": {
        "内容": "バス停: 十禅寺町",
        "name": "十禅寺町",
        "operator": "事業者不明",
        "ref": "",
        "url": "",
        "url2": ""
      }
    },
    {
      "type": "Feature",
      "geometry": {
        "type": "Point",
        "coordinates": [
          130.6821929,
          32.7418025
        ]
      },
      "properties": {
        "内容": "バス停: くまもと工芸会館前",
        "name": "くまもと工芸会館前",
        "operator": "事業者不明",
        "ref": "",
        "url": "",
        "url2": ""
      }
    },
    {
      "type": "Feature",
      "geometry": {
        "type": "Point",
        "coordinates": [
          130.6822048,
          32.7411482
        ]
      },
      "properties": {
        "内容": "バス停: くまもと工芸会館前",
        "name": "くまもと工芸会館前",
        "operator": "事業者不明",
        "ref": "",
        "url": "",
        "url2": ""
      }
    },
    {
      "type": "Feature",
      "geometry": {
        "type": "Point",
        "coordinates": [
          130.6815745,
          32.7328445
        ]
      },
      "properties": {
        "内容": "バス停: 加勢川橋",
        "name": "加勢川橋",
        "operator": "事業者不明",
        "ref": "",
        "url": "",
        "url2": ""
      }
    },
    {
      "type": "Feature",
      "geometry": {
        "type": "Point",
        "coordinates": [
          130.6816505,
          32.7327312
        ]
      },
      "properties": {
        "内容": "バス停: 加勢川橋",
        "name": "加勢川橋",
        "operator": "事業者不明",
        "ref": "",
        "url": "",
        "url2": ""
      }
    },
    {
      "type": "Feature",
      "geometry": {
        "type": "Point",
        "coordinates": [
          130.6803698,
          32.7304625
        ]
      },
      "properties": {
        "内容": "バス停: 杉島",
        "name": "杉島",
        "operator": "事業者不明",
        "ref": "",
        "url": "",
        "url2": ""
      }
    },
    {
      "type": "Feature",
      "geometry": {
        "type": "Point",
        "coordinates": [
          130.6812713,
          32.7300307
        ]
      },
      "properties": {
        "内容": "バス停: 杉島",
        "name": "杉島",
        "operator": "事業者不明",
        "ref": "",
        "url": "",
        "url2": ""
      }
    },
    {
      "type": "Feature",
      "geometry": {
        "type": "Point",
        "coordinates": [
          130.6799178,
          32.7288985
        ]
      },
      "properties": {
        "内容": "バス停: 杉島",
        "name": "杉島",
        "operator": "事業者不明",
        "ref": "",
        "url": "",
        "url2": ""
      }
    },
    {
      "type": "Feature",
      "geometry": {
        "type": "Point",
        "coordinates": [
          130.6783976,
          32.7244368
        ]
      },
      "properties": {
        "内容": "バス停: 緑川橋",
        "name": "緑川橋",
        "operator": "事業者不明",
        "ref": "",
        "url": "",
        "url2": ""
      }
    },
    {
      "type": "Feature",
      "geometry": {
        "type": "Point",
        "coordinates": [
          130.6781178,
          32.7244422
        ]
      },
      "properties": {
        "内容": "バス停: 緑川橋",
        "name": "緑川橋",
        "operator": "事業者不明",
        "ref": "",
        "url": "",
        "url2": ""
      }
    },
    {
      "type": "Feature",
      "geometry": {
        "type": "Point",
        "coordinates": [
          130.6767333,
          32.7185164
        ]
      },
      "properties": {
        "内容": "バス停: 清藤",
        "name": "清藤",
        "operator": "事業者不明",
        "ref": "",
        "url": "",
        "url2": ""
      }
    },
    {
      "type": "Feature",
      "geometry": {
        "type": "Point",
        "coordinates": [
          130.6768029,
          32.7177377
        ]
      },
      "properties": {
        "内容": "バス停: 清藤",
        "name": "清藤",
        "operator": "事業者不明",
        "ref": "",
        "url": "",
        "url2": ""
      }
    },
    {
      "type": "Feature",
      "geometry": {
        "type": "Point",
        "coordinates": [
          130.6747087,
          32.7107075
        ]
      },
      "properties": {
        "内容": "バス停: 新村",
        "name": "新村",
        "operator": "事業者不明",
        "ref": "",
        "url": "",
        "url2": ""
      }
    },
    {
      "type": "Feature",
      "geometry": {
        "type": "Point",
        "coordinates": [
          130.6749913,
          32.7107826
        ]
      },
      "properties": {
        "内容": "バス停: 新村",
        "name": "新村",
        "operator": "事業者不明",
        "ref": "",
        "url": "",
        "url2": ""
      }
    },
    {
      "type": "Feature",
      "geometry": {
        "type": "Point",
        "coordinates": [
          130.6739425,
          32.7058675
        ]
      },
      "properties": {
        "内容": "バス停: 新幹線熊本総合車両所前",
        "name": "新幹線熊本総合車両所前",
        "operator": "事業者不明",
        "ref": "",
        "url": "",
        "url2": ""
      }
    },
    {
      "type": "Feature",
      "geometry": {
        "type": "Point",
        "coordinates": [
          130.6734767,
          32.7049669
        ]
      },
      "properties": {
        "内容": "バス停: 新幹線熊本総合車両所前",
        "name": "新幹線熊本総合車両所前",
        "operator": "事業者不明",
        "ref": "",
        "url": "",
        "url2": ""
      }
    },
    {
      "type": "Feature",
      "geometry": {
        "type": "Point",
        "coordinates": [
          130.6722825,
          32.6979449
        ]
      },
      "properties": {
        "内容": "バス停: 南田尻（国道）",
        "name": "南田尻（国道）",
        "operator": "事業者不明",
        "ref": "",
        "url": "",
        "url2": ""
      }
    },
    {
      "type": "Feature",
      "geometry": {
        "type": "Point",
        "coordinates": [
          130.6719177,
          32.6973963
        ]
      },
      "properties": {
        "内容": "バス停: 南田尻（国道）",
        "name": "南田尻（国道）",
        "operator": "事業者不明",
        "ref": "",
        "url": "",
        "url2": ""
      }
    },
    {
      "type": "Feature",
      "geometry": {
        "type": "Point",
        "coordinates": [
          130.671089,
          32.693143
        ]
      },
      "properties": {
        "内容": "バス停: 宇土入口",
        "name": "宇土入口",
        "operator": "事業者不明",
        "ref": "",
        "url": "",
        "url2": ""
      }
    },
    {
      "type": "Feature",
      "geometry": {
        "type": "Point",
        "coordinates": [
          130.6710411,
          32.6916243
        ]
      },
      "properties": {
        "内容": "バス停: 宇土入口",
        "name": "宇土入口",
        "operator": "事業者不明",
        "ref": "",
        "url": "",
        "url2": ""
      }
    },
    {
      "type": "Feature",
      "geometry": {
        "type": "Point",
        "coordinates": [
          130.6698939,
          32.6828645
        ]
      },
      "properties": {
        "内容": "バス停: ショッピングプラザ宇土前",
        "name": "ショッピングプラザ宇土前",
        "operator": "事業者不明",
        "ref": "",
        "url": "",
        "url2": ""
      }
    },
    {
      "type": "Feature",
      "geometry": {
        "type": "Point",
        "coordinates": [
          130.6698674,
          32.6805756
        ]
      },
      "properties": {
        "内容": "バス停: ショッピングプラザ宇土前",
        "name": "ショッピングプラザ宇土前",
        "operator": "事業者不明",
        "ref": "",
        "url": "",
        "url2": ""
      }
    },
    {
      "type": "Feature",
      "geometry": {
        "type": "Point",
        "coordinates": [
          130.6696607,
          32.6791316
        ]
      },
      "properties": {
        "内容": "バス停: 綾織",
        "name": "綾織",
        "operator": "事業者不明",
        "ref": "",
        "url": "",
        "url2": ""
      }
    },
    {
      "type": "Feature",
      "geometry": {
        "type": "Point",
        "coordinates": [
          130.6695214,
          32.6785945
        ]
      },
      "properties": {
        "内容": "バス停: 綾織",
        "name": "綾織",
        "operator": "事業者不明",
        "ref": "",
        "url": "",
        "url2": ""
      }
    },
    {
      "type": "Feature",
      "geometry": {
        "type": "Point",
        "coordinates": [
          130.6697155,
          32.6739734
        ]
      },
      "properties": {
        "内容": "バス停: 上松山",
        "name": "上松山",
        "operator": "事業者不明",
        "ref": "",
        "url": "",
        "url2": ""
      }
    },
    {
      "type": "Feature",
      "geometry": {
        "type": "Point",
        "coordinates": [
          130.6698452,
          32.6733744
        ]
      },
      "properties": {
        "内容": "バス停: 上松山",
        "name": "上松山",
        "operator": "事業者不明",
        "ref": "",
        "url": "",
        "url2": ""
      }
    },
    {
      "type": "Feature",
      "geometry": {
        "type": "Point",
        "coordinates": [
          130.6703922,
          32.6689041
        ]
      },
      "properties": {
        "内容": "バス停: 松山（薩摩街道）",
        "name": "松山（薩摩街道）",
        "operator": "事業者不明",
        "ref": "",
        "url": "",
        "url2": ""
      }
    },
    {
      "type": "Feature",
      "geometry": {
        "type": "Point",
        "coordinates": [
          130.670292,
          32.6688979
        ]
      },
      "properties": {
        "内容": "バス停: 松山（薩摩街道）",
        "name": "松山（薩摩街道）",
        "operator": "事業者不明",
        "ref": "",
        "url": "",
        "url2": ""
      }
    },
    {
      "type": "Feature",
      "geometry": {
        "type": "Point",
        "coordinates": [
          130.6700274,
          32.6686679
        ]
      },
      "properties": {
        "内容": "バス停: 松山（旧道）",
        "name": "松山（旧道）",
        "operator": "事業者不明",
        "ref": "",
        "url": "",
        "url2": ""
      }
    },
    {
      "type": "Feature",
      "geometry": {
        "type": "Point",
        "coordinates": [
          130.6700846,
          32.6687326
        ]
      },
      "properties": {
        "内容": "バス停: 松山（旧道）",
        "name": "松山（旧道）",
        "operator": "事業者不明",
        "ref": "",
        "url": "",
        "url2": ""
      }
    },
    {
      "type": "Feature",
      "geometry": {
        "type": "Point",
        "coordinates": [
          130.6715867,
          32.6627785
        ]
      },
      "properties": {
        "内容": "バス停: 嫁坂",
        "name": "嫁坂",
        "operator": "事業者不明",
        "ref": "",
        "url": "",
        "url2": ""
      }
    },
    {
      "type": "Feature",
      "geometry": {
        "type": "Point",
        "coordinates": [
          130.6717833,
          32.6616056
        ]
      },
      "properties": {
        "内容": "バス停: 嫁坂",
        "name": "嫁坂",
        "operator": "事業者不明",
        "ref": "",
        "url": "",
        "url2": ""
      }
    },
    {
      "type": "Feature",
      "geometry": {
        "type": "Point",
        "coordinates": [
          130.6726013,
          32.6563374
        ]
      },
      "properties": {
        "内容": "バス停: 御領団地前",
        "name": "御領団地前",
        "operator": "事業者不明",
        "ref": "",
        "url": "",
        "url2": ""
      }
    },
    {
      "type": "Feature",
      "geometry": {
        "type": "Point",
        "coordinates": [
          130.6724719,
          32.6564446
        ]
      },
      "properties": {
        "内容": "バス停: 御領団地前",
        "name": "御領団地前",
        "operator": "事業者不明",
        "ref": "",
        "url": "",
        "url2": ""
      }
    },
    {
      "type": "Feature",
      "geometry": {
        "type": "Point",
        "coordinates": [
          130.6771994,
          32.6520085
        ]
      },
      "properties": {
        "内容": "バス停: 松橋産交",
        "name": "松橋産交",
        "operator": "事業者不明",
        "ref": "",
        "url": "",
        "url2": ""
      }
    },
    {
      "type": "Feature",
      "geometry": {
        "type": "Point",
        "coordinates": [
          130.6665714,
          32.6734178
        ]
      },
      "properties": {
        "内容": "バス停: 上松山",
        "name": "上松山",
        "operator": "事業者不明",
        "ref": "",
        "url": "",
        "url2": ""
      }
    },
    {
      "type": "Feature",
      "geometry": {
        "type": "Point",
        "coordinates": [
          130.6664995,
          32.6733572
        ]
      },
      "properties": {
        "内容": "バス停: 上松山",
        "name": "上松山",
        "operator": "事業者不明",
        "ref": "",
        "url": "",
        "url2": ""
      }
    },
    {
      "type": "Feature",
      "geometry": {
        "type": "Point",
        "coordinates": [
          130.6650452,
          32.6898347
        ]
      },
      "properties": {
        "内容": "バス停: 西城の浦",
        "name": "西城の浦",
        "operator": "事業者不明",
        "ref": "",
        "url": "",
        "url2": ""
      }
    },
    {
      "type": "Feature",
      "geometry": {
        "type": "Point",
        "coordinates": [
          130.6660432,
          32.6920667
        ]
      },
      "properties": {
        "内容": "バス停: 駅前団地",
        "name": "駅前団地",
        "operator": "事業者不明",
        "ref": "",
        "url": "",
        "url2": ""
      }
    },
    {
      "type": "Feature",
      "geometry": {
        "type": "Point",
        "coordinates": [
          130.6660685,
          32.6925186
        ]
      },
      "properties": {
        "内容": "バス停: 駅前団地",
        "name": "駅前団地",
        "operator": "事業者不明",
        "ref": "",
        "url": "",
        "url2": ""
      }
    },
    {
      "type": "Feature",
      "geometry": {
        "type": "Point",
        "coordinates": [
          130.6709175,
          32.70451
        ]
      },
      "properties": {
        "内容": "バス停: 田尻",
        "name": "田尻",
        "operator": "事業者不明",
        "ref": "",
        "url": "",
        "url2": ""
      }
    },
    {
      "type": "Feature",
      "geometry": {
        "type": "Point",
        "coordinates": [
          130.6719193,
          32.7095331
        ]
      },
      "properties": {
        "内容": "バス停: 古閑",
        "name": "古閑",
        "operator": "事業者不明",
        "ref": "",
        "url": "",
        "url2": ""
      }
    },
    {
      "type": "Feature",
      "geometry": {
        "type": "Point",
        "coordinates": [
          130.6724205,
          32.7124493
        ]
      },
      "properties": {
        "内容": "バス停: 国町駐車場",
        "name": "国町駐車場",
        "operator": "事業者不明",
        "ref": "",
        "url": "",
        "url2": ""
      }
    },
    {
      "type": "Feature",
      "geometry": {
        "type": "Point",
        "coordinates": [
          130.6736395,
          32.7178015
        ]
      },
      "properties": {
        "内容": "バス停: 国町",
        "name": "国町",
        "operator": "事業者不明",
        "ref": "",
        "url": "",
        "url2": ""
      }
    },
    {
      "type": "Feature",
      "geometry": {
        "type": "Point",
        "coordinates": [
          130.6736472,
          32.7182712
        ]
      },
      "properties": {
        "内容": "バス停: 国町",
        "name": "国町",
        "operator": "事業者不明",
        "ref": "",
        "url": "",
        "url2": ""
      }
    },
    {
      "type": "Feature",
      "geometry": {
        "type": "Point",
        "coordinates": [
          130.6875537,
          32.7502543
        ]
      },
      "properties": {
        "内容": "バス停: 南部まちづくりセンター前",
        "name": "南部まちづくりセンター前",
        "operator": "事業者不明",
        "ref": "",
        "url": "",
        "url2": ""
      }
    },
    {
      "type": "Feature",
      "geometry": {
        "type": "Point",
        "coordinates": [
          130.6875405,
          32.7493196
        ]
      },
      "properties": {
        "内容": "バス停: 南部まちづくりセンター前",
        "name": "南部まちづくりセンター前",
        "operator": "事業者不明",
        "ref": "",
        "url": "",
        "url2": ""
      }
    },
    {
      "type": "Feature",
      "geometry": {
        "type": "Point",
        "coordinates": [
          130.6883056,
          32.7452033
        ]
      },
      "properties": {
        "内容": "バス停: 熊本農業高校前",
        "name": "熊本農業高校前",
        "operator": "事業者不明",
        "ref": "",
        "url": "",
        "url2": ""
      }
    },
    {
      "type": "Feature",
      "geometry": {
        "type": "Point",
        "coordinates": [
          130.6885734,
          32.7446069
        ]
      },
      "properties": {
        "内容": "バス停: 熊本農業高校前",
        "name": "熊本農業高校前",
        "operator": "事業者不明",
        "ref": "",
        "url": "",
        "url2": ""
      }
    },
    {
      "type": "Feature",
      "geometry": {
        "type": "Point",
        "coordinates": [
          130.6886507,
          32.7398818
        ]
      },
      "properties": {
        "内容": "バス停: 元三町",
        "name": "元三町",
        "operator": "事業者不明",
        "ref": "",
        "url": "",
        "url2": ""
      }
    },
    {
      "type": "Feature",
      "geometry": {
        "type": "Point",
        "coordinates": [
          130.6884234,
          32.7398436
        ]
      },
      "properties": {
        "内容": "バス停: 元三町",
        "name": "元三町",
        "operator": "事業者不明",
        "ref": "",
        "url": "",
        "url2": ""
      }
    },
    {
      "type": "Feature",
      "geometry": {
        "type": "Point",
        "coordinates": [
          130.6862093,
          32.7321198
        ]
      },
      "properties": {
        "内容": "バス停: 大慈禅寺",
        "name": "大慈禅寺",
        "operator": "事業者不明",
        "ref": "",
        "url": "",
        "url2": ""
      }
    },
    {
      "type": "Feature",
      "geometry": {
        "type": "Point",
        "coordinates": [
          130.6854772,
          32.7319838
        ]
      },
      "properties": {
        "内容": "バス停: 大慈禅寺",
        "name": "大慈禅寺",
        "operator": "事業者不明",
        "ref": "",
        "url": "",
        "url2": ""
      }
    },
    {
      "type": "Feature",
      "geometry": {
        "type": "Point",
        "coordinates": [
          130.7299514,
          32.7916413
        ]
      },
      "properties": {
        "内容": "バス停: 国府",
        "name": "国府",
        "operator": "事業者不明",
        "ref": "",
        "url": "",
        "url2": ""
      }
    },
    {
      "type": "Feature",
      "geometry": {
        "type": "Point",
        "coordinates": [
          130.7210486,
          32.812694
        ]
      },
      "properties": {
        "内容": "バス停: 子飼本町",
        "name": "子飼本町",
        "operator": "事業者不明",
        "ref": "",
        "url": "",
        "url2": ""
      }
    },
    {
      "type": "Feature",
      "geometry": {
        "type": "Point",
        "coordinates": [
          130.7216199,
          32.8126639
        ]
      },
      "properties": {
        "内容": "バス停: 子飼本町",
        "name": "子飼本町",
        "operator": "事業者不明",
        "ref": "",
        "url": "",
        "url2": ""
      }
    },
    {
      "type": "Feature",
      "geometry": {
        "type": "Point",
        "coordinates": [
          130.7229804,
          32.8132556
        ]
      },
      "properties": {
        "内容": "バス停: 一夜塘",
        "name": "一夜塘",
        "operator": "事業者不明",
        "ref": "",
        "url": "",
        "url2": ""
      }
    },
    {
      "type": "Feature",
      "geometry": {
        "type": "Point",
        "coordinates": [
          130.7232606,
          32.8135761
        ]
      },
      "properties": {
        "内容": "バス停: 一夜塘",
        "name": "一夜塘",
        "operator": "事業者不明",
        "ref": "",
        "url": "",
        "url2": ""
      }
    },
    {
      "type": "Feature",
      "geometry": {
        "type": "Point",
        "coordinates": [
          130.7263762,
          32.8142964
        ]
      },
      "properties": {
        "内容": "バス停: 熊本大学前",
        "name": "熊本大学前",
        "operator": "事業者不明",
        "ref": "",
        "url": "",
        "url2": ""
      }
    },
    {
      "type": "Feature",
      "geometry": {
        "type": "Point",
        "coordinates": [
          130.7254624,
          32.8140387
        ]
      },
      "properties": {
        "内容": "バス停: 熊本大学前",
        "name": "熊本大学前",
        "operator": "事業者不明",
        "ref": "",
        "url": "",
        "url2": ""
      }
    },
    {
      "type": "Feature",
      "geometry": {
        "type": "Point",
        "coordinates": [
          130.7287884,
          32.8142182
        ]
      },
      "properties": {
        "内容": "バス停: 立田自然公園入口",
        "name": "立田自然公園入口",
        "operator": "事業者不明",
        "ref": "",
        "url": "",
        "url2": ""
      }
    },
    {
      "type": "Feature",
      "geometry": {
        "type": "Point",
        "coordinates": [
          130.7285969,
          32.8143124
        ]
      },
      "properties": {
        "内容": "バス停: 立田自然公園入口",
        "name": "立田自然公園入口",
        "operator": "事業者不明",
        "ref": "",
        "url": "",
        "url2": ""
      }
    },
    {
      "type": "Feature",
      "geometry": {
        "type": "Point",
        "coordinates": [
          130.730641,
          32.8142748
        ]
      },
      "properties": {
        "内容": "バス停: 黒髪五丁目",
        "name": "黒髪五丁目",
        "operator": "事業者不明",
        "ref": "",
        "url": "",
        "url2": ""
      }
    },
    {
      "type": "Feature",
      "geometry": {
        "type": "Point",
        "coordinates": [
          130.7306923,
          32.8141229
        ]
      },
      "properties": {
        "内容": "バス停: 黒髪五丁目",
        "name": "黒髪五丁目",
        "operator": "事業者不明",
        "ref": "",
        "url": "",
        "url2": ""
      }
    },
    {
      "type": "Feature",
      "geometry": {
        "type": "Point",
        "coordinates": [
          130.7343567,
          32.8149325
        ]
      },
      "properties": {
        "内容": "バス停: 一里木",
        "name": "一里木",
        "operator": "事業者不明",
        "ref": "",
        "url": "",
        "url2": ""
      }
    },
    {
      "type": "Feature",
      "geometry": {
        "type": "Point",
        "coordinates": [
          130.7341102,
          32.8150809
        ]
      },
      "properties": {
        "内容": "バス停: 一里木",
        "name": "一里木",
        "operator": "事業者不明",
        "ref": "",
        "url": "",
        "url2": ""
      }
    },
    {
      "type": "Feature",
      "geometry": {
        "type": "Point",
        "coordinates": [
          130.7374378,
          32.8149325
        ]
      },
      "properties": {
        "内容": "バス停: 黒髪六丁目",
        "name": "黒髪六丁目",
        "operator": "事業者不明",
        "ref": "",
        "url": "",
        "url2": ""
      }
    },
    {
      "type": "Feature",
      "geometry": {
        "type": "Point",
        "coordinates": [
          130.7365484,
          32.8149014
        ]
      },
      "properties": {
        "内容": "バス停: 黒髪六丁目",
        "name": "黒髪六丁目",
        "operator": "事業者不明",
        "ref": "",
        "url": "",
        "url2": ""
      }
    },
    {
      "type": "Feature",
      "geometry": {
        "type": "Point",
        "coordinates": [
          130.7402703,
          32.8159579
        ]
      },
      "properties": {
        "内容": "バス停: 上宇留毛",
        "name": "上宇留毛",
        "operator": "事業者不明",
        "ref": "",
        "url": "",
        "url2": ""
      }
    },
    {
      "type": "Feature",
      "geometry": {
        "type": "Point",
        "coordinates": [
          130.7403114,
          32.8158733
        ]
      },
      "properties": {
        "内容": "バス停: 上宇留毛",
        "name": "上宇留毛",
        "operator": "事業者不明",
        "ref": "",
        "url": "",
        "url2": ""
      }
    },
    {
      "type": "Feature",
      "geometry": {
        "type": "Point",
        "coordinates": [
          130.7416547,
          32.8168382
        ]
      },
      "properties": {
        "内容": "バス停: 小磧橋",
        "name": "小磧橋",
        "operator": "事業者不明",
        "ref": "",
        "url": "",
        "url2": ""
      }
    },
    {
      "type": "Feature",
      "geometry": {
        "type": "Point",
        "coordinates": [
          130.7466511,
          32.8205057
        ]
      },
      "properties": {
        "内容": "バス停: 竜田口駅前",
        "name": "竜田口駅前",
        "operator": "事業者不明",
        "ref": "",
        "url": "",
        "url2": ""
      }
    },
    {
      "type": "Feature",
      "geometry": {
        "type": "Point",
        "coordinates": [
          130.7421394,
          32.8176375
        ]
      },
      "properties": {
        "内容": "バス停: 小磧橋",
        "name": "小磧橋",
        "operator": "事業者不明",
        "ref": "",
        "url": "",
        "url2": ""
      }
    },
    {
      "type": "Feature",
      "geometry": {
        "type": "Point",
        "coordinates": [
          130.7449535,
          32.8196727
        ]
      },
      "properties": {
        "内容": "バス停: つつじヶ丘",
        "name": "つつじヶ丘",
        "operator": "事業者不明",
        "ref": "",
        "url": "",
        "url2": ""
      }
    },
    {
      "type": "Feature",
      "geometry": {
        "type": "Point",
        "coordinates": [
          130.7448795,
          32.8195501
        ]
      },
      "properties": {
        "内容": "バス停: つつじヶ丘",
        "name": "つつじヶ丘",
        "operator": "事業者不明",
        "ref": "",
        "url": "",
        "url2": ""
      }
    },
    {
      "type": "Feature",
      "geometry": {
        "type": "Point",
        "coordinates": [
          130.7464693,
          32.8206756
        ]
      },
      "properties": {
        "内容": "バス停: 竜田口駅前",
        "name": "竜田口駅前",
        "operator": "事業者不明",
        "ref": "",
        "url": "",
        "url2": ""
      }
    },
    {
      "type": "Feature",
      "geometry": {
        "type": "Point",
        "coordinates": [
          130.7465351,
          32.8206238
        ]
      },
      "properties": {
        "内容": "バス停: 竜田口駅前",
        "name": "竜田口駅前",
        "operator": "事業者不明",
        "ref": "",
        "url": "",
        "url2": ""
      }
    },
    {
      "type": "Feature",
      "geometry": {
        "type": "Point",
        "coordinates": [
          130.7493121,
          32.8241088
        ]
      },
      "properties": {
        "内容": "バス停: 緑ヶ丘入口",
        "name": "緑ヶ丘入口",
        "operator": "事業者不明",
        "ref": "",
        "url": "",
        "url2": ""
      }
    },
    {
      "type": "Feature",
      "geometry": {
        "type": "Point",
        "coordinates": [
          130.7491293,
          32.8240846
        ]
      },
      "properties": {
        "内容": "バス停: 緑ヶ丘入口",
        "name": "緑ヶ丘入口",
        "operator": "事業者不明",
        "ref": "",
        "url": "",
        "url2": ""
      }
    },
    {
      "type": "Feature",
      "geometry": {
        "type": "Point",
        "coordinates": [
          130.7504213,
          32.8257589
        ]
      },
      "properties": {
        "内容": "バス停: 竜田陳内",
        "name": "竜田陳内",
        "operator": "事業者不明",
        "ref": "",
        "url": "",
        "url2": ""
      }
    },
    {
      "type": "Feature",
      "geometry": {
        "type": "Point",
        "coordinates": [
          130.7510252,
          32.8263907
        ]
      },
      "properties": {
        "内容": "バス停: 竜田陳内",
        "name": "竜田陳内",
        "operator": "事業者不明",
        "ref": "",
        "url": "",
        "url2": ""
      }
    },
    {
      "type": "Feature",
      "geometry": {
        "type": "Point",
        "coordinates": [
          130.7560593,
          32.8308755
        ]
      },
      "properties": {
        "内容": "バス停: 三の宮",
        "name": "三の宮",
        "operator": "事業者不明",
        "ref": "",
        "url": "",
        "url2": ""
      }
    },
    {
      "type": "Feature",
      "geometry": {
        "type": "Point",
        "coordinates": [
          130.7562043,
          32.8313925
        ]
      },
      "properties": {
        "内容": "バス停: 三の宮",
        "name": "三の宮",
        "operator": "事業者不明",
        "ref": "",
        "url": "",
        "url2": ""
      }
    },
    {
      "type": "Feature",
      "geometry": {
        "type": "Point",
        "coordinates": [
          130.7567518,
          32.8325881
        ]
      },
      "properties": {
        "内容": "バス停: 上立田",
        "name": "上立田",
        "operator": "事業者不明",
        "ref": "",
        "url": "",
        "url2": ""
      }
    },
    {
      "type": "Feature",
      "geometry": {
        "type": "Point",
        "coordinates": [
          130.7568548,
          32.832563
        ]
      },
      "properties": {
        "内容": "バス停: 上立田",
        "name": "上立田",
        "operator": "事業者不明",
        "ref": "",
        "url": "",
        "url2": ""
      }
    },
    {
      "type": "Feature",
      "geometry": {
        "type": "Point",
        "coordinates": [
          130.7583809,
          32.8352035
        ]
      },
      "properties": {
        "内容": "バス停: 立田幼稚園前",
        "name": "立田幼稚園前",
        "operator": "事業者不明",
        "ref": "",
        "url": "",
        "url2": ""
      }
    },
    {
      "type": "Feature",
      "geometry": {
        "type": "Point",
        "coordinates": [
          130.7585329,
          32.8355536
        ]
      },
      "properties": {
        "内容": "バス停: 立田幼稚園前",
        "name": "立田幼稚園前",
        "operator": "事業者不明",
        "ref": "",
        "url": "",
        "url2": ""
      }
    },
    {
      "type": "Feature",
      "geometry": {
        "type": "Point",
        "coordinates": [
          130.7609107,
          32.8385573
        ]
      },
      "properties": {
        "内容": "バス停: 竜田小学校前",
        "name": "竜田小学校前",
        "operator": "事業者不明",
        "ref": "",
        "url": "",
        "url2": ""
      }
    },
    {
      "type": "Feature",
      "geometry": {
        "type": "Point",
        "coordinates": [
          130.7610345,
          32.8389194
        ]
      },
      "properties": {
        "内容": "バス停: 竜田小学校前",
        "name": "竜田小学校前",
        "operator": "事業者不明",
        "ref": "",
        "url": "",
        "url2": ""
      }
    },
    {
      "type": "Feature",
      "geometry": {
        "type": "Point",
        "coordinates": [
          130.7623803,
          32.8406275
        ]
      },
      "properties": {
        "内容": "バス停: 二里木",
        "name": "二里木",
        "operator": "事業者不明",
        "ref": "",
        "url": "",
        "url2": ""
      }
    },
    {
      "type": "Feature",
      "geometry": {
        "type": "Point",
        "coordinates": [
          130.7624429,
          32.8410136
        ]
      },
      "properties": {
        "内容": "バス停: 二里木",
        "name": "二里木",
        "operator": "事業者不明",
        "ref": "",
        "url": "",
        "url2": ""
      }
    },
    {
      "type": "Feature",
      "geometry": {
        "type": "Point",
        "coordinates": [
          130.760728,
          32.8442391
        ]
      },
      "properties": {
        "内容": "バス停: 高杉",
        "name": "高杉",
        "operator": "事業者不明",
        "ref": "",
        "url": "",
        "url2": ""
      }
    },
    {
      "type": "Feature",
      "geometry": {
        "type": "Point",
        "coordinates": [
          130.7581846,
          32.8443303
        ]
      },
      "properties": {
        "内容": "バス停: 楠団地入口",
        "name": "楠団地入口",
        "operator": "事業者不明",
        "ref": "",
        "url": "",
        "url2": ""
      }
    },
    {
      "type": "Feature",
      "geometry": {
        "type": "Point",
        "coordinates": [
          130.7583093,
          32.844336
        ]
      },
      "properties": {
        "内容": "バス停: 楠団地入口",
        "name": "楠団地入口",
        "operator": "事業者不明",
        "ref": "",
        "url": "",
        "url2": ""
      }
    },
    {
      "type": "Feature",
      "geometry": {
        "type": "Point",
        "coordinates": [
          130.7560608,
          32.8466157
        ]
      },
      "properties": {
        "内容": "バス停: 楠一丁目",
        "name": "楠一丁目",
        "operator": "事業者不明",
        "ref": "",
        "url": "",
        "url2": ""
      }
    },
    {
      "type": "Feature",
      "geometry": {
        "type": "Point",
        "coordinates": [
          130.7573916,
          32.8487253
        ]
      },
      "properties": {
        "内容": "バス停: 楠団地",
        "name": "楠団地",
        "operator": "事業者不明",
        "ref": "",
        "url": "",
        "url2": ""
      }
    },
    {
      "type": "Feature",
      "geometry": {
        "type": "Point",
        "coordinates": [
          130.7577737,
          32.8486593
        ]
      },
      "properties": {
        "内容": "バス停: 楠団地",
        "name": "楠団地",
        "operator": "事業者不明",
        "ref": "",
        "url": "",
        "url2": ""
      }
    },
    {
      "type": "Feature",
      "geometry": {
        "type": "Point",
        "coordinates": [
          130.7567718,
          32.8495996
        ]
      },
      "properties": {
        "内容": "バス停: 楠団地",
        "name": "楠団地",
        "operator": "事業者不明",
        "ref": "",
        "url": "",
        "url2": ""
      }
    },
    {
      "type": "Feature",
      "geometry": {
        "type": "Point",
        "coordinates": [
          130.7565617,
          32.849444
        ]
      },
      "properties": {
        "内容": "バス停: 楠団地",
        "name": "楠団地",
        "operator": "事業者不明",
        "ref": "",
        "url": "",
        "url2": ""
      }
    },
    {
      "type": "Feature",
      "geometry": {
        "type": "Point",
        "coordinates": [
          130.7060219,
          32.8072079
        ]
      },
      "properties": {
        "内容": "バス停: 家庭裁判所前",
        "name": "家庭裁判所前",
        "operator": "事業者不明",
        "ref": "",
        "url": "",
        "url2": ""
      }
    },
    {
      "type": "Feature",
      "geometry": {
        "type": "Point",
        "coordinates": [
          130.7059897,
          32.8075931
        ]
      },
      "properties": {
        "内容": "バス停: 家庭裁判所前",
        "name": "家庭裁判所前",
        "operator": "事業者不明",
        "ref": "",
        "url": "",
        "url2": ""
      }
    },
    {
      "type": "Feature",
      "geometry": {
        "type": "Point",
        "coordinates": [
          130.705244,
          32.8101312
        ]
      },
      "properties": {
        "内容": "バス停: 新堀町",
        "name": "新堀町",
        "operator": "事業者不明",
        "ref": "",
        "url": "",
        "url2": ""
      }
    },
    {
      "type": "Feature",
      "geometry": {
        "type": "Point",
        "coordinates": [
          130.705355,
          32.810119
        ]
      },
      "properties": {
        "内容": "バス停: 新堀町",
        "name": "新堀町",
        "operator": "事業者不明",
        "ref": "",
        "url": "",
        "url2": ""
      }
    },
    {
      "type": "Feature",
      "geometry": {
        "type": "Point",
        "coordinates": [
          130.7055611,
          32.8121919
        ]
      },
      "properties": {
        "内容": "バス停: 裁判所前",
        "name": "裁判所前",
        "operator": "事業者不明",
        "ref": "",
        "url": "",
        "url2": ""
      }
    },
    {
      "type": "Feature",
      "geometry": {
        "type": "Point",
        "coordinates": [
          130.7054744,
          32.8122022
        ]
      },
      "properties": {
        "内容": "バス停: 裁判所前",
        "name": "裁判所前",
        "operator": "事業者不明",
        "ref": "",
        "url": "",
        "url2": ""
      }
    },
    {
      "type": "Feature",
      "geometry": {
        "type": "Point",
        "coordinates": [
          130.7055623,
          32.8155581
        ]
      },
      "properties": {
        "内容": "バス停: 京町本丁",
        "name": "京町本丁",
        "operator": "事業者不明",
        "ref": "",
        "url": "",
        "url2": ""
      }
    },
    {
      "type": "Feature",
      "geometry": {
        "type": "Point",
        "coordinates": [
          130.7055272,
          32.8163171
        ]
      },
      "properties": {
        "内容": "バス停: 京町本丁",
        "name": "京町本丁",
        "operator": "事業者不明",
        "ref": "",
        "url": "",
        "url2": ""
      }
    },
    {
      "type": "Feature",
      "geometry": {
        "type": "Point",
        "coordinates": [
          130.7056685,
          32.8195571
        ]
      },
      "properties": {
        "内容": "バス停: 往生院前",
        "name": "往生院前",
        "operator": "事業者不明",
        "ref": "",
        "url": "",
        "url2": ""
      }
    },
    {
      "type": "Feature",
      "geometry": {
        "type": "Point",
        "coordinates": [
          130.7057722,
          32.8192821
        ]
      },
      "properties": {
        "内容": "バス停: 往生院前",
        "name": "往生院前",
        "operator": "事業者不明",
        "ref": "",
        "url": "",
        "url2": ""
      }
    },
    {
      "type": "Feature",
      "geometry": {
        "type": "Point",
        "coordinates": [
          130.7059915,
          32.8213669
        ]
      },
      "properties": {
        "内容": "バス停: 出町三丁目",
        "name": "出町三丁目",
        "operator": "事業者不明",
        "ref": "",
        "url": "",
        "url2": ""
      }
    },
    {
      "type": "Feature",
      "geometry": {
        "type": "Point",
        "coordinates": [
          130.7058918,
          32.8214003
        ]
      },
      "properties": {
        "内容": "バス停: 出町三丁目",
        "name": "出町三丁目",
        "operator": "事業者不明",
        "ref": "",
        "url": "",
        "url2": ""
      }
    },
    {
      "type": "Feature",
      "geometry": {
        "type": "Point",
        "coordinates": [
          130.7066717,
          32.8231886
        ]
      },
      "properties": {
        "内容": "バス停: 岩立小路",
        "name": "岩立小路",
        "operator": "事業者不明",
        "ref": "",
        "url": "",
        "url2": ""
      }
    },
    {
      "type": "Feature",
      "geometry": {
        "type": "Point",
        "coordinates": [
          130.7066701,
          32.8235352
        ]
      },
      "properties": {
        "内容": "バス停: 岩立小路",
        "name": "岩立小路",
        "operator": "事業者不明",
        "ref": "",
        "url": "",
        "url2": ""
      }
    },
    {
      "type": "Feature",
      "geometry": {
        "type": "Point",
        "coordinates": [
          130.7077387,
          32.8257896
        ]
      },
      "properties": {
        "内容": "バス停: 池田一丁目",
        "name": "池田一丁目",
        "operator": "事業者不明",
        "ref": "",
        "url": "",
        "url2": ""
      }
    },
    {
      "type": "Feature",
      "geometry": {
        "type": "Point",
        "coordinates": [
          130.7082012,
          32.8261544
        ]
      },
      "properties": {
        "内容": "バス停: 池田一丁目",
        "name": "池田一丁目",
        "operator": "事業者不明",
        "ref": "",
        "url": "",
        "url2": ""
      }
    },
    {
      "type": "Feature",
      "geometry": {
        "type": "Point",
        "coordinates": [
          130.7099024,
          32.8278348
        ]
      },
      "properties": {
        "内容": "バス停: 池田二丁目",
        "name": "池田二丁目",
        "operator": "事業者不明",
        "ref": "",
        "url": "",
        "url2": ""
      }
    },
    {
      "type": "Feature",
      "geometry": {
        "type": "Point",
        "coordinates": [
          130.7103625,
          32.8283225
        ]
      },
      "properties": {
        "内容": "バス停: 池田二丁目",
        "name": "池田二丁目",
        "operator": "事業者不明",
        "ref": "",
        "url": "",
        "url2": ""
      }
    },
    {
      "type": "Feature",
      "geometry": {
        "type": "Point",
        "coordinates": [
          130.7106267,
          32.8300504
        ]
      },
      "properties": {
        "内容": "バス停: 山伏塚",
        "name": "山伏塚",
        "operator": "事業者不明",
        "ref": "",
        "url": "",
        "url2": ""
      }
    },
    {
      "type": "Feature",
      "geometry": {
        "type": "Point",
        "coordinates": [
          130.7104262,
          32.8308563
        ]
      },
      "properties": {
        "内容": "バス停: 山伏塚",
        "name": "山伏塚",
        "operator": "事業者不明",
        "ref": "",
        "url": "",
        "url2": ""
      }
    },
    {
      "type": "Feature",
      "geometry": {
        "type": "Point",
        "coordinates": [
          130.7074226,
          32.8321014
        ]
      },
      "properties": {
        "内容": "バス停: 池田三丁目",
        "name": "池田三丁目",
        "operator": "事業者不明",
        "ref": "",
        "url": "",
        "url2": ""
      }
    },
    {
      "type": "Feature",
      "geometry": {
        "type": "Point",
        "coordinates": [
          130.7053874,
          32.8315803
        ]
      },
      "properties": {
        "内容": "バス停: 長迫団地入口",
        "name": "長迫団地入口",
        "operator": "事業者不明",
        "ref": "",
        "url": "",
        "url2": ""
      }
    },
    {
      "type": "Feature",
      "geometry": {
        "type": "Point",
        "coordinates": [
          130.7017001,
          32.8321155
        ]
      },
      "properties": {
        "内容": "バス停: 富尾団地",
        "name": "富尾団地",
        "operator": "事業者不明",
        "ref": "",
        "url": "",
        "url2": ""
      }
    },
    {
      "type": "Feature",
      "geometry": {
        "type": "Point",
        "coordinates": [
          130.7098126,
          32.8340363
        ]
      },
      "properties": {
        "内容": "バス停: 徳王",
        "name": "徳王",
        "operator": "事業者不明",
        "ref": "",
        "url": "",
        "url2": ""
      }
    },
    {
      "type": "Feature",
      "geometry": {
        "type": "Point",
        "coordinates": [
          130.7097241,
          32.8346588
        ]
      },
      "properties": {
        "内容": "バス停: 徳王",
        "name": "徳王",
        "operator": "事業者不明",
        "ref": "",
        "url": "",
        "url2": ""
      }
    },
    {
      "type": "Feature",
      "geometry": {
        "type": "Point",
        "coordinates": [
          130.7097039,
          32.8385997
        ]
      },
      "properties": {
        "内容": "バス停: 清水台団地前",
        "name": "清水台団地前",
        "operator": "事業者不明",
        "ref": "",
        "url": "",
        "url2": ""
      }
    },
    {
      "type": "Feature",
      "geometry": {
        "type": "Point",
        "coordinates": [
          130.7098109,
          32.8387967
        ]
      },
      "properties": {
        "内容": "バス停: 清水台団地前",
        "name": "清水台団地前",
        "operator": "事業者不明",
        "ref": "",
        "url": "",
        "url2": ""
      }
    },
    {
      "type": "Feature",
      "geometry": {
        "type": "Point",
        "coordinates": [
          130.7095806,
          32.8405046
        ]
      },
      "properties": {
        "内容": "バス停: 馬々鋏",
        "name": "馬々鋏",
        "operator": "事業者不明",
        "ref": "",
        "url": "",
        "url2": ""
      }
    },
    {
      "type": "Feature",
      "geometry": {
        "type": "Point",
        "coordinates": [
          130.7096754,
          32.8409156
        ]
      },
      "properties": {
        "内容": "バス停: 馬々鋏",
        "name": "馬々鋏",
        "operator": "事業者不明",
        "ref": "",
        "url": "",
        "url2": ""
      }
    },
    {
      "type": "Feature",
      "geometry": {
        "type": "Point",
        "coordinates": [
          130.7080523,
          32.8477966
        ]
      },
      "properties": {
        "内容": "バス停: 大窪",
        "name": "大窪",
        "operator": "事業者不明",
        "ref": "",
        "url": "",
        "url2": ""
      }
    },
    {
      "type": "Feature",
      "geometry": {
        "type": "Point",
        "coordinates": [
          130.7081023,
          32.8482683
        ]
      },
      "properties": {
        "内容": "バス停: 大窪",
        "name": "大窪",
        "operator": "事業者不明",
        "ref": "",
        "url": "",
        "url2": ""
      }
    },
    {
      "type": "Feature",
      "geometry": {
        "type": "Point",
        "coordinates": [
          130.7086423,
          32.8503909
        ]
      },
      "properties": {
        "内容": "バス停: 大窪二丁目",
        "name": "大窪二丁目",
        "operator": "事業者不明",
        "ref": "",
        "url": "",
        "url2": ""
      }
    },
    {
      "type": "Feature",
      "geometry": {
        "type": "Point",
        "coordinates": [
          130.7088551,
          32.850804
        ]
      },
      "properties": {
        "内容": "バス停: 大窪二丁目",
        "name": "大窪二丁目",
        "operator": "事業者不明",
        "ref": "",
        "url": "",
        "url2": ""
      }
    },
    {
      "type": "Feature",
      "geometry": {
        "type": "Point",
        "coordinates": [
          130.7095221,
          32.8545354
        ]
      },
      "properties": {
        "内容": "バス停: 昇立",
        "name": "昇立",
        "operator": "事業者不明",
        "ref": "",
        "url": "",
        "url2": ""
      }
    },
    {
      "type": "Feature",
      "geometry": {
        "type": "Point",
        "coordinates": [
          130.7098011,
          32.8550882
        ]
      },
      "properties": {
        "内容": "バス停: 昇立",
        "name": "昇立",
        "operator": "事業者不明",
        "ref": "",
        "url": "",
        "url2": ""
      }
    },
    {
      "type": "Feature",
      "geometry": {
        "type": "Point",
        "coordinates": [
          130.7099006,
          32.8560214
        ]
      },
      "properties": {
        "内容": "バス停: 外沖",
        "name": "外沖",
        "operator": "事業者不明",
        "ref": "",
        "url": "",
        "url2": ""
      }
    },
    {
      "type": "Feature",
      "geometry": {
        "type": "Point",
        "coordinates": [
          130.7103586,
          32.8556184
        ]
      },
      "properties": {
        "内容": "バス停: 外沖",
        "name": "外沖",
        "operator": "事業者不明",
        "ref": "",
        "url": "",
        "url2": ""
      }
    },
    {
      "type": "Feature",
      "geometry": {
        "type": "Point",
        "coordinates": [
          130.7095225,
          32.8583334
        ]
      },
      "properties": {
        "内容": "バス停: 南原",
        "name": "南原",
        "operator": "事業者不明",
        "ref": "",
        "url": "",
        "url2": ""
      }
    },
    {
      "type": "Feature",
      "geometry": {
        "type": "Point",
        "coordinates": [
          130.7093192,
          32.8593978
        ]
      },
      "properties": {
        "内容": "バス停: 南原",
        "name": "南原",
        "operator": "事業者不明",
        "ref": "",
        "url": "",
        "url2": ""
      }
    },
    {
      "type": "Feature",
      "geometry": {
        "type": "Point",
        "coordinates": [
          130.7085683,
          32.8631106
        ]
      },
      "properties": {
        "内容": "バス停: 四方寄",
        "name": "四方寄",
        "operator": "事業者不明",
        "ref": "",
        "url": "",
        "url2": ""
      }
    },
    {
      "type": "Feature",
      "geometry": {
        "type": "Point",
        "coordinates": [
          130.7087302,
          32.8631185
        ]
      },
      "properties": {
        "内容": "バス停: 四方寄",
        "name": "四方寄",
        "operator": "事業者不明",
        "ref": "",
        "url": "",
        "url2": ""
      }
    },
    {
      "type": "Feature",
      "geometry": {
        "type": "Point",
        "coordinates": [
          130.7073619,
          32.8658486
        ]
      },
      "properties": {
        "内容": "バス停: 御馬下",
        "name": "御馬下",
        "operator": "事業者不明",
        "ref": "",
        "url": "",
        "url2": ""
      }
    },
    {
      "type": "Feature",
      "geometry": {
        "type": "Point",
        "coordinates": [
          130.7071047,
          32.8667419
        ]
      },
      "properties": {
        "内容": "バス停: 御馬下",
        "name": "御馬下",
        "operator": "事業者不明",
        "ref": "",
        "url": "",
        "url2": ""
      }
    },
    {
      "type": "Feature",
      "geometry": {
        "type": "Point",
        "coordinates": [
          130.7043229,
          32.869233
        ]
      },
      "properties": {
        "内容": "バス停: 北部まちづくりセンター前",
        "name": "北部まちづくりセンター前",
        "operator": "事業者不明",
        "ref": "",
        "url": "",
        "url2": ""
      }
    },
    {
      "type": "Feature",
      "geometry": {
        "type": "Point",
        "coordinates": [
          130.7038038,
          32.8699266
        ]
      },
      "properties": {
        "内容": "バス停: 北部まちづくりセンター前",
        "name": "北部まちづくりセンター前",
        "operator": "事業者不明",
        "ref": "",
        "url": "",
        "url2": ""
      }
    },
    {
      "type": "Feature",
      "geometry": {
        "type": "Point",
        "coordinates": [
          130.7027491,
          32.8711077
        ]
      },
      "properties": {
        "内容": "バス停: 鹿子木",
        "name": "鹿子木",
        "operator": "事業者不明",
        "ref": "",
        "url": "",
        "url2": ""
      }
    },
    {
      "type": "Feature",
      "geometry": {
        "type": "Point",
        "coordinates": [
          130.7021427,
          32.8720589
        ]
      },
      "properties": {
        "内容": "バス停: 鹿子木",
        "name": "鹿子木",
        "operator": "事業者不明",
        "ref": "",
        "url": "",
        "url2": ""
      }
    },
    {
      "type": "Feature",
      "geometry": {
        "type": "Point",
        "coordinates": [
          130.7012973,
          32.8759734
        ]
      },
      "properties": {
        "内容": "バス停: 古閑小屋",
        "name": "古閑小屋",
        "operator": "事業者不明",
        "ref": "",
        "url": "",
        "url2": ""
      }
    },
    {
      "type": "Feature",
      "geometry": {
        "type": "Point",
        "coordinates": [
          130.7011152,
          32.876146
        ]
      },
      "properties": {
        "内容": "バス停: 古閑小屋",
        "name": "古閑小屋",
        "operator": "事業者不明",
        "ref": "",
        "url": "",
        "url2": ""
      }
    },
    {
      "type": "Feature",
      "geometry": {
        "type": "Point",
        "coordinates": [
          130.6963425,
          32.8807883
        ]
      },
      "properties": {
        "内容": "バス停: 向坂",
        "name": "向坂",
        "operator": "事業者不明",
        "ref": "",
        "url": "",
        "url2": ""
      }
    },
    {
      "type": "Feature",
      "geometry": {
        "type": "Point",
        "coordinates": [
          130.6956357,
          32.8811295
        ]
      },
      "properties": {
        "内容": "バス停: 向坂",
        "name": "向坂",
        "operator": "事業者不明",
        "ref": "",
        "url": "",
        "url2": ""
      }
    },
    {
      "type": "Feature",
      "geometry": {
        "type": "Point",
        "coordinates": [
          130.6922951,
          32.8848343
        ]
      },
      "properties": {
        "内容": "バス停: 投刀塚",
        "name": "投刀塚",
        "operator": "事業者不明",
        "ref": "",
        "url": "",
        "url2": ""
      }
    },
    {
      "type": "Feature",
      "geometry": {
        "type": "Point",
        "coordinates": [
          130.6921286,
          32.8847924
        ]
      },
      "properties": {
        "内容": "バス停: 投刀塚",
        "name": "投刀塚",
        "operator": "事業者不明",
        "ref": "",
        "url": "",
        "url2": ""
      }
    },
    {
      "type": "Feature",
      "geometry": {
        "type": "Point",
        "coordinates": [
          130.6916149,
          32.8893124
        ]
      },
      "properties": {
        "内容": "バス停: 植木宮の前",
        "name": "植木宮の前",
        "operator": "事業者不明",
        "ref": "",
        "url": "",
        "url2": ""
      }
    },
    {
      "type": "Feature",
      "geometry": {
        "type": "Point",
        "coordinates": [
          130.69174,
          32.8894511
        ]
      },
      "properties": {
        "内容": "バス停: 植木宮の前",
        "name": "植木宮の前",
        "operator": "事業者不明",
        "ref": "",
        "url": "",
        "url2": ""
      }
    },
    {
      "type": "Feature",
      "geometry": {
        "type": "Point",
        "coordinates": [
          130.6913336,
          32.8908288
        ]
      },
      "properties": {
        "内容": "バス停: 植木宮の前（七本）",
        "name": "植木宮の前（七本）",
        "operator": "事業者不明",
        "ref": "",
        "url": "",
        "url2": ""
      }
    },
    {
      "type": "Feature",
      "geometry": {
        "type": "Point",
        "coordinates": [
          130.6884925,
          32.890508
        ]
      },
      "properties": {
        "内容": "バス停: 松原",
        "name": "松原",
        "operator": "事業者不明",
        "ref": "",
        "url": "",
        "url2": ""
      }
    },
    {
      "type": "Feature",
      "geometry": {
        "type": "Point",
        "coordinates": [
          130.6850061,
          32.8880625
        ]
      },
      "properties": {
        "内容": "バス停: 桜井小学校前",
        "name": "桜井小学校前",
        "operator": "事業者不明",
        "ref": "",
        "url": "",
        "url2": ""
      }
    },
    {
      "type": "Feature",
      "geometry": {
        "type": "Point",
        "coordinates": [
          130.6808856,
          32.886045
        ]
      },
      "properties": {
        "内容": "バス停: 萩迫",
        "name": "萩迫",
        "operator": "事業者不明",
        "ref": "",
        "url": "",
        "url2": ""
      }
    },
    {
      "type": "Feature",
      "geometry": {
        "type": "Point",
        "coordinates": [
          130.6806688,
          32.8858646
        ]
      },
      "properties": {
        "内容": "バス停: 萩迫",
        "name": "萩迫",
        "operator": "事業者不明",
        "ref": "",
        "url": "",
        "url2": ""
      }
    },
    {
      "type": "Feature",
      "geometry": {
        "type": "Point",
        "coordinates": [
          130.6737975,
          32.8832834
        ]
      },
      "properties": {
        "内容": "バス停: 田原坂ニュータウン入口",
        "name": "田原坂ニュータウン入口",
        "operator": "事業者不明",
        "ref": "",
        "url": "",
        "url2": ""
      }
    },
    {
      "type": "Feature",
      "geometry": {
        "type": "Point",
        "coordinates": [
          130.6737647,
          32.8831652
        ]
      },
      "properties": {
        "内容": "バス停: 田原坂ニュータウン入口",
        "name": "田原坂ニュータウン入口",
        "operator": "事業者不明",
        "ref": "",
        "url": "",
        "url2": ""
      }
    },
    {
      "type": "Feature",
      "geometry": {
        "type": "Point",
        "coordinates": [
          130.6716418,
          32.8823374
        ]
      },
      "properties": {
        "内容": "バス停: ショッピングセンター前",
        "name": "ショッピングセンター前",
        "operator": "事業者不明",
        "ref": "",
        "url": "",
        "url2": ""
      }
    },
    {
      "type": "Feature",
      "geometry": {
        "type": "Point",
        "coordinates": [
          130.6715471,
          32.8821504
        ]
      },
      "properties": {
        "内容": "バス停: ショッピングセンター前",
        "name": "ショッピングセンター前",
        "operator": "事業者不明",
        "ref": "",
        "url": "",
        "url2": ""
      }
    },
    {
      "type": "Feature",
      "geometry": {
        "type": "Point",
        "coordinates": [
          130.6701344,
          32.8805536
        ]
      },
      "properties": {
        "内容": "バス停: 田原坂ニュータウン",
        "name": "田原坂ニュータウン",
        "operator": "事業者不明",
        "ref": "",
        "url": "",
        "url2": ""
      }
    },
    {
      "type": "Feature",
      "geometry": {
        "type": "Point",
        "coordinates": [
          130.6700636,
          32.8805952
        ]
      },
      "properties": {
        "内容": "バス停: 田原坂ニュータウン",
        "name": "田原坂ニュータウン",
        "operator": "事業者不明",
        "ref": "",
        "url": "",
        "url2": ""
      }
    },
    {
      "type": "Feature",
      "geometry": {
        "type": "Point",
        "coordinates": [
          130.6637095,
          32.8792476
        ]
      },
      "properties": {
        "内容": "バス停: 木留",
        "name": "木留",
        "operator": "事業者不明",
        "ref": "",
        "url": "",
        "url2": ""
      }
    },
    {
      "type": "Feature",
      "geometry": {
        "type": "Point",
        "coordinates": [
          130.6450708,
          32.5554169
        ]
      },
      "properties": {
        "内容": "バス停: あんこう",
        "name": "あんこう",
        "operator": "事業者不明",
        "ref": "",
        "url": "",
        "url2": ""
      }
    },
    {
      "type": "Feature",
      "geometry": {
        "type": "Point",
        "coordinates": [
          130.6449699,
          32.555487
        ]
      },
      "properties": {
        "内容": "バス停: あんこう",
        "name": "あんこう",
        "operator": "事業者不明",
        "ref": "",
        "url": "",
        "url2": ""
      }
    },
    {
      "type": "Feature",
      "geometry": {
        "type": "Point",
        "coordinates": [
          130.6425749,
          32.5516118
        ]
      },
      "properties": {
        "内容": "バス停: 外出",
        "name": "外出",
        "operator": "事業者不明",
        "ref": "",
        "url": "",
        "url2": ""
      }
    },
    {
      "type": "Feature",
      "geometry": {
        "type": "Point",
        "coordinates": [
          130.6424418,
          32.5515646
        ]
      },
      "properties": {
        "内容": "バス停: 外出",
        "name": "外出",
        "operator": "事業者不明",
        "ref": "",
        "url": "",
        "url2": ""
      }
    },
    {
      "type": "Feature",
      "geometry": {
        "type": "Point",
        "coordinates": [
          130.6731711,
          32.7779307
        ]
      },
      "properties": {
        "内容": "バス停: 野中公民館前",
        "name": "野中公民館前",
        "operator": "事業者不明",
        "ref": "",
        "url": "",
        "url2": ""
      }
    },
    {
      "type": "Feature",
      "geometry": {
        "type": "Point",
        "coordinates": [
          130.6729705,
          32.7779833
        ]
      },
      "properties": {
        "内容": "バス停: 野中公民館前",
        "name": "野中公民館前",
        "operator": "事業者不明",
        "ref": "",
        "url": "",
        "url2": ""
      }
    },
    {
      "type": "Feature",
      "geometry": {
        "type": "Point",
        "coordinates": [
          130.6973911,
          32.7960483
        ]
      },
      "properties": {
        "内容": "バス停: 呉服町",
        "name": "呉服町",
        "operator": "事業者不明",
        "ref": "",
        "url": "",
        "url2": ""
      }
    },
    {
      "type": "Feature",
      "geometry": {
        "type": "Point",
        "coordinates": [
          130.6307145,
          32.7789636
        ]
      },
      "properties": {
        "内容": "バス停: 千金甲橋",
        "name": "千金甲橋",
        "operator": "事業者不明",
        "ref": "",
        "url": "",
        "url2": ""
      }
    },
    {
      "type": "Feature",
      "geometry": {
        "type": "Point",
        "coordinates": [
          130.6255198,
          32.7812709
        ]
      },
      "properties": {
        "内容": "バス停: 小島町営住宅前",
        "name": "小島町営住宅前",
        "operator": "事業者不明",
        "ref": "",
        "url": "",
        "url2": ""
      }
    },
    {
      "type": "Feature",
      "geometry": {
        "type": "Point",
        "coordinates": [
          130.6239849,
          32.7821711
        ]
      },
      "properties": {
        "内容": "バス停: 百貫",
        "name": "百貫",
        "operator": "事業者不明",
        "ref": "",
        "url": "",
        "url2": ""
      }
    },
    {
      "type": "Feature",
      "geometry": {
        "type": "Point",
        "coordinates": [
          130.6201204,
          32.7843399
        ]
      },
      "properties": {
        "内容": "バス停: 垂玉",
        "name": "垂玉",
        "operator": "事業者不明",
        "ref": "",
        "url": "",
        "url2": ""
      }
    },
    {
      "type": "Feature",
      "geometry": {
        "type": "Point",
        "coordinates": [
          130.6169689,
          32.7894491
        ]
      },
      "properties": {
        "内容": "バス停: 梅洞",
        "name": "梅洞",
        "operator": "事業者不明",
        "ref": "",
        "url": "",
        "url2": ""
      }
    },
    {
      "type": "Feature",
      "geometry": {
        "type": "Point",
        "coordinates": [
          130.6128955,
          32.7976783
        ]
      },
      "properties": {
        "内容": "バス停: 要江",
        "name": "要江",
        "operator": "事業者不明",
        "ref": "",
        "url": "",
        "url2": ""
      }
    },
    {
      "type": "Feature",
      "geometry": {
        "type": "Point",
        "coordinates": [
          130.6089458,
          32.7985556
        ]
      },
      "properties": {
        "内容": "バス停: 要江桟橋",
        "name": "要江桟橋",
        "operator": "事業者不明",
        "ref": "",
        "url": "",
        "url2": ""
      }
    },
    {
      "type": "Feature",
      "geometry": {
        "type": "Point",
        "coordinates": [
          130.6058699,
          32.8003172
        ]
      },
      "properties": {
        "内容": "バス停: 近津",
        "name": "近津",
        "operator": "事業者不明",
        "ref": "",
        "url": "",
        "url2": ""
      }
    },
    {
      "type": "Feature",
      "geometry": {
        "type": "Point",
        "coordinates": [
          130.6050207,
          32.8059016
        ]
      },
      "properties": {
        "内容": "バス停: 上近津",
        "name": "上近津",
        "operator": "事業者不明",
        "ref": "",
        "url": "",
        "url2": ""
      }
    },
    {
      "type": "Feature",
      "geometry": {
        "type": "Point",
        "coordinates": [
          130.5955943,
          32.8172659
        ]
      },
      "properties": {
        "内容": "バス停: 塩屋",
        "name": "塩屋",
        "operator": "事業者不明",
        "ref": "",
        "url": "",
        "url2": ""
      }
    },
    {
      "type": "Feature",
      "geometry": {
        "type": "Point",
        "coordinates": [
          130.5930642,
          32.8248348
        ]
      },
      "properties": {
        "内容": "バス停: 河内阿蘇神社前",
        "name": "河内阿蘇神社前",
        "operator": "事業者不明",
        "ref": "",
        "url": "",
        "url2": ""
      }
    },
    {
      "type": "Feature",
      "geometry": {
        "type": "Point",
        "coordinates": [
          130.5929647,
          32.8261936
        ]
      },
      "properties": {
        "内容": "バス停: 宮坂",
        "name": "宮坂",
        "operator": "事業者不明",
        "ref": "",
        "url": "",
        "url2": ""
      }
    },
    {
      "type": "Feature",
      "geometry": {
        "type": "Point",
        "coordinates": [
          130.5866896,
          32.8318675
        ]
      },
      "properties": {
        "内容": "バス停: 河内農協前",
        "name": "河内農協前",
        "operator": "事業者不明",
        "ref": "",
        "url": "",
        "url2": ""
      }
    },
    {
      "type": "Feature",
      "geometry": {
        "type": "Point",
        "coordinates": [
          130.5859287,
          32.8333182
        ]
      },
      "properties": {
        "内容": "バス停: 小河内",
        "name": "小河内",
        "operator": "事業者不明",
        "ref": "",
        "url": "",
        "url2": ""
      }
    },
    {
      "type": "Feature",
      "geometry": {
        "type": "Point",
        "coordinates": [
          130.5841976,
          32.840944
        ]
      },
      "properties": {
        "内容": "バス停: 白浜農協入口",
        "name": "白浜農協入口",
        "operator": "事業者不明",
        "ref": "",
        "url": "",
        "url2": ""
      }
    },
    {
      "type": "Feature",
      "geometry": {
        "type": "Point",
        "coordinates": [
          130.5841077,
          32.844509
        ]
      },
      "properties": {
        "内容": "バス停: 白浜",
        "name": "白浜",
        "operator": "事業者不明",
        "ref": "",
        "url": "",
        "url2": ""
      }
    },
    {
      "type": "Feature",
      "geometry": {
        "type": "Point",
        "coordinates": [
          130.5858186,
          32.852397
        ]
      },
      "properties": {
        "内容": "バス停: 小天温泉",
        "name": "小天温泉",
        "operator": "事業者不明",
        "ref": "",
        "url": "",
        "url2": ""
      }
    },
    {
      "type": "Feature",
      "geometry": {
        "type": "Point",
        "coordinates": [
          130.5874713,
          32.8578339
        ]
      },
      "properties": {
        "内容": "バス停: 呑崎",
        "name": "呑崎",
        "operator": "事業者不明",
        "ref": "",
        "url": "",
        "url2": ""
      }
    },
    {
      "type": "Feature",
      "geometry": {
        "type": "Point",
        "coordinates": [
          130.591117,
          32.8581305
        ]
      },
      "properties": {
        "内容": "バス停: 天水生命学園前",
        "name": "天水生命学園前",
        "operator": "事業者不明",
        "ref": "",
        "url": "",
        "url2": ""
      }
    },
    {
      "type": "Feature",
      "geometry": {
        "type": "Point",
        "coordinates": [
          130.5921458,
          32.8595598
        ]
      },
      "properties": {
        "内容": "バス停: 小天宮の前",
        "name": "小天宮の前",
        "operator": "事業者不明",
        "ref": "",
        "url": "",
        "url2": ""
      }
    },
    {
      "type": "Feature",
      "geometry": {
        "type": "Point",
        "coordinates": [
          130.5929814,
          32.8614783
        ]
      },
      "properties": {
        "内容": "バス停: 天水小学校前",
        "name": "天水小学校前",
        "operator": "事業者不明",
        "ref": "",
        "url": "",
        "url2": ""
      }
    },
    {
      "type": "Feature",
      "geometry": {
        "type": "Point",
        "coordinates": [
          130.5935113,
          32.8638966
        ]
      },
      "properties": {
        "内容": "バス停: 石橋",
        "name": "石橋",
        "operator": "事業者不明",
        "ref": "",
        "url": "",
        "url2": ""
      }
    },
    {
      "type": "Feature",
      "geometry": {
        "type": "Point",
        "coordinates": [
          130.5929803,
          32.8655438
        ]
      },
      "properties": {
        "内容": "バス停: 天水支所前",
        "name": "天水支所前",
        "operator": "事業者不明",
        "ref": "",
        "url": "",
        "url2": ""
      }
    },
    {
      "type": "Feature",
      "geometry": {
        "type": "Point",
        "coordinates": [
          130.6502462,
          32.5610871
        ]
      },
      "properties": {
        "内容": "バス停: 八代市鏡支所前",
        "name": "八代市鏡支所前",
        "operator": "事業者不明",
        "ref": "",
        "url": "",
        "url2": ""
      }
    },
    {
      "type": "Feature",
      "geometry": {
        "type": "Point",
        "coordinates": [
          130.7982238,
          32.8628187
        ]
      },
      "properties": {
        "内容": "バス停: 竹迫踏切",
        "name": "竹迫踏切",
        "operator": "事業者不明",
        "ref": "",
        "url": "",
        "url2": ""
      }
    },
    {
      "type": "Feature",
      "geometry": {
        "type": "Point",
        "coordinates": [
          130.7974178,
          32.8678886
        ]
      },
      "properties": {
        "内容": "バス停: 菊陽病院前",
        "name": "菊陽病院前",
        "operator": "事業者不明",
        "ref": "",
        "url": "",
        "url2": ""
      }
    },
    {
      "type": "Feature",
      "geometry": {
        "type": "Point",
        "coordinates": [
          130.7925468,
          32.8664523
        ]
      },
      "properties": {
        "内容": "バス停: 菊陽西小学校前",
        "name": "菊陽西小学校前",
        "operator": "事業者不明",
        "ref": "",
        "url": "",
        "url2": ""
      }
    },
    {
      "type": "Feature",
      "geometry": {
        "type": "Point",
        "coordinates": [
          130.6557561,
          32.5662475
        ]
      },
      "properties": {
        "内容": "バス停: 新川橋",
        "name": "新川橋",
        "operator": "事業者不明",
        "ref": "",
        "url": "",
        "url2": ""
      }
    },
    {
      "type": "Feature",
      "geometry": {
        "type": "Point",
        "coordinates": [
          130.7640882,
          32.8444731
        ]
      },
      "properties": {
        "内容": "バス停: 龍田まちづくりセンター前",
        "name": "龍田まちづくりセンター前",
        "operator": "事業者不明",
        "ref": "",
        "url": "",
        "url2": ""
      }
    },
    {
      "type": "Feature",
      "geometry": {
        "type": "Point",
        "coordinates": [
          130.7655261,
          32.8467244
        ]
      },
      "properties": {
        "内容": "バス停: 武蔵陸橋",
        "name": "武蔵陸橋",
        "operator": "事業者不明",
        "ref": "",
        "url": "",
        "url2": ""
      }
    },
    {
      "type": "Feature",
      "geometry": {
        "type": "Point",
        "coordinates": [
          130.7674547,
          32.8478304
        ]
      },
      "properties": {
        "内容": "バス停: 塚の本",
        "name": "塚の本",
        "operator": "事業者不明",
        "ref": "",
        "url": "",
        "url2": ""
      }
    },
    {
      "type": "Feature",
      "geometry": {
        "type": "Point",
        "coordinates": [
          130.7700641,
          32.8500393
        ]
      },
      "properties": {
        "内容": "バス停: 武蔵塚駅前",
        "name": "武蔵塚駅前",
        "operator": "事業者不明",
        "ref": "",
        "url": "",
        "url2": ""
      }
    },
    {
      "type": "Feature",
      "geometry": {
        "type": "Point",
        "coordinates": [
          130.7708121,
          32.8502822
        ]
      },
      "properties": {
        "内容": "バス停: 武蔵ヶ丘団地入口",
        "name": "武蔵ヶ丘団地入口",
        "operator": "事業者不明",
        "ref": "",
        "url": "",
        "url2": ""
      }
    },
    {
      "type": "Feature",
      "geometry": {
        "type": "Point",
        "coordinates": [
          130.774899,
          32.8522129
        ]
      },
      "properties": {
        "内容": "バス停: 出村",
        "name": "出村",
        "operator": "事業者不明",
        "ref": "",
        "url": "",
        "url2": ""
      }
    },
    {
      "type": "Feature",
      "geometry": {
        "type": "Point",
        "coordinates": [
          130.7778597,
          32.8535695
        ]
      },
      "properties": {
        "内容": "バス停: 弓削団地入口",
        "name": "弓削団地入口",
        "operator": "事業者不明",
        "ref": "",
        "url": "",
        "url2": ""
      }
    },
    {
      "type": "Feature",
      "geometry": {
        "type": "Point",
        "coordinates": [
          130.7816877,
          32.8555364
        ]
      },
      "properties": {
        "内容": "バス停: 武蔵ヶ丘九丁目",
        "name": "武蔵ヶ丘九丁目",
        "operator": "事業者不明",
        "ref": "",
        "url": "",
        "url2": ""
      }
    },
    {
      "type": "Feature",
      "geometry": {
        "type": "Point",
        "coordinates": [
          130.7851584,
          32.8569771
        ]
      },
      "properties": {
        "内容": "バス停: 光の森駅南口",
        "name": "光の森駅南口",
        "operator": "事業者不明",
        "ref": "",
        "url": "",
        "url2": ""
      }
    },
    {
      "type": "Feature",
      "geometry": {
        "type": "Point",
        "coordinates": [
          130.7888908,
          32.8586042
        ]
      },
      "properties": {
        "内容": "バス停: 東ヶ丘団地入口",
        "name": "東ヶ丘団地入口",
        "operator": "事業者不明",
        "ref": "",
        "url": "",
        "url2": ""
      }
    },
    {
      "type": "Feature",
      "geometry": {
        "type": "Point",
        "coordinates": [
          130.76931,
          32.8524609
        ]
      },
      "properties": {
        "内容": "バス停: 武蔵ヶ丘一丁目",
        "name": "武蔵ヶ丘一丁目",
        "operator": "事業者不明",
        "ref": "",
        "url": "",
        "url2": ""
      }
    },
    {
      "type": "Feature",
      "geometry": {
        "type": "Point",
        "coordinates": [
          130.7702943,
          32.8542822
        ]
      },
      "properties": {
        "内容": "バス停: 武蔵ヶ丘中央",
        "name": "武蔵ヶ丘中央",
        "operator": "事業者不明",
        "ref": "",
        "url": "",
        "url2": ""
      }
    },
    {
      "type": "Feature",
      "geometry": {
        "type": "Point",
        "coordinates": [
          130.7724286,
          32.855289
        ]
      },
      "properties": {
        "内容": "バス停: 武蔵中学校前",
        "name": "武蔵中学校前",
        "operator": "事業者不明",
        "ref": "",
        "url": "",
        "url2": ""
      }
    },
    {
      "type": "Feature",
      "geometry": {
        "type": "Point",
        "coordinates": [
          130.7769267,
          32.8561266
        ]
      },
      "properties": {
        "内容": "バス停: 上の窪団地入口",
        "name": "上の窪団地入口",
        "operator": "事業者不明",
        "ref": "",
        "url": "",
        "url2": ""
      }
    },
    {
      "type": "Feature",
      "geometry": {
        "type": "Point",
        "coordinates": [
          130.7819928,
          32.8582644
        ]
      },
      "properties": {
        "内容": "バス停: 中迎原",
        "name": "中迎原",
        "operator": "事業者不明",
        "ref": "",
        "url": "",
        "url2": ""
      }
    },
    {
      "type": "Feature",
      "geometry": {
        "type": "Point",
        "coordinates": [
          130.7850004,
          32.8595579
        ]
      },
      "properties": {
        "内容": "バス停: ゆめタウン光の森",
        "name": "ゆめタウン光の森",
        "operator": "事業者不明",
        "ref": "",
        "url": "",
        "url2": ""
      }
    },
    {
      "type": "Feature",
      "geometry": {
        "type": "Point",
        "coordinates": [
          130.7873762,
          32.8605885
        ]
      },
      "properties": {
        "内容": "バス停: 光の森七丁目",
        "name": "光の森七丁目",
        "operator": "事業者不明",
        "ref": "",
        "url": "",
        "url2": ""
      }
    },
    {
      "type": "Feature",
      "geometry": {
        "type": "Point",
        "coordinates": [
          130.7894639,
          32.8624222
        ]
      },
      "properties": {
        "内容": "バス停: 新成",
        "name": "新成",
        "operator": "事業者不明",
        "ref": "",
        "url": "",
        "url2": ""
      }
    },
    {
      "type": "Feature",
      "geometry": {
        "type": "Point",
        "coordinates": [
          130.7900768,
          32.8639639
        ]
      },
      "properties": {
        "内容": "バス停: 光の森産交",
        "name": "光の森産交",
        "operator": "事業者不明",
        "ref": "",
        "url": "",
        "url2": ""
      }
    },
    {
      "type": "Feature",
      "geometry": {
        "type": "Point",
        "coordinates": [
          130.7878399,
          32.8654093
        ]
      },
      "properties": {
        "内容": "バス停: 東新山",
        "name": "東新山",
        "operator": "事業者不明",
        "ref": "",
        "url": "",
        "url2": ""
      }
    },
    {
      "type": "Feature",
      "geometry": {
        "type": "Point",
        "coordinates": [
          130.7835546,
          32.8646846
        ]
      },
      "properties": {
        "内容": "バス停: 新山",
        "name": "新山",
        "operator": "事業者不明",
        "ref": "",
        "url": "",
        "url2": ""
      }
    },
    {
      "type": "Feature",
      "geometry": {
        "type": "Point",
        "coordinates": [
          130.7752315,
          32.8641084
        ]
      },
      "properties": {
        "内容": "バス停: 光の森四丁目",
        "name": "光の森四丁目",
        "operator": "事業者不明",
        "ref": "",
        "url": "",
        "url2": ""
      }
    },
    {
      "type": "Feature",
      "geometry": {
        "type": "Point",
        "coordinates": [
          130.7690299,
          32.8600736
        ]
      },
      "properties": {
        "内容": "バス停: 武蔵ヶ丘車庫前",
        "name": "武蔵ヶ丘車庫前",
        "operator": "事業者不明",
        "ref": "",
        "url": "",
        "url2": ""
      }
    },
    {
      "type": "Feature",
      "geometry": {
        "type": "Point",
        "coordinates": [
          130.7700928,
          32.8587433
        ]
      },
      "properties": {
        "内容": "バス停: 武蔵ヶ丘",
        "name": "武蔵ヶ丘",
        "operator": "事業者不明",
        "ref": "",
        "url": "",
        "url2": ""
      }
    },
    {
      "type": "Feature",
      "geometry": {
        "type": "Point",
        "coordinates": [
          130.770375,
          32.8578594
        ]
      },
      "properties": {
        "内容": "バス停: 武蔵ヶ丘",
        "name": "武蔵ヶ丘",
        "operator": "事業者不明",
        "ref": "",
        "url": "",
        "url2": ""
      }
    },
    {
      "type": "Feature",
      "geometry": {
        "type": "Point",
        "coordinates": [
          130.6597662,
          32.5717447
        ]
      },
      "properties": {
        "内容": "バス停: 新道",
        "name": "新道",
        "operator": "事業者不明",
        "ref": "",
        "url": "",
        "url2": ""
      }
    },
    {
      "type": "Feature",
      "geometry": {
        "type": "Point",
        "coordinates": [
          130.661512,
          32.5755137
        ]
      },
      "properties": {
        "内容": "バス停: 浜牟田",
        "name": "浜牟田",
        "operator": "事業者不明",
        "ref": "",
        "url": "",
        "url2": ""
      }
    },
    {
      "type": "Feature",
      "geometry": {
        "type": "Point",
        "coordinates": [
          130.6615831,
          32.5753894
        ]
      },
      "properties": {
        "内容": "バス停: 浜牟田",
        "name": "浜牟田",
        "operator": "事業者不明",
        "ref": "",
        "url": "",
        "url2": ""
      }
    },
    {
      "type": "Feature",
      "geometry": {
        "type": "Point",
        "coordinates": [
          130.6579915,
          32.5682154
        ]
      },
      "properties": {
        "内容": "バス停: 鏡四つ角",
        "name": "鏡四つ角",
        "operator": "事業者不明",
        "ref": "",
        "url": "",
        "url2": ""
      }
    },
    {
      "type": "Feature",
      "geometry": {
        "type": "Point",
        "coordinates": [
          130.6577912,
          32.568174
        ]
      },
      "properties": {
        "内容": "バス停: 鏡四つ角",
        "name": "鏡四つ角",
        "operator": "事業者不明",
        "ref": "",
        "url": "",
        "url2": ""
      }
    },
    {
      "type": "Feature",
      "geometry": {
        "type": "Point",
        "coordinates": [
          130.6379692,
          32.5641788
        ]
      },
      "properties": {
        "内容": "バス停: 六角堂",
        "name": "六角堂",
        "operator": "事業者不明",
        "ref": "",
        "url": "",
        "url2": ""
      }
    },
    {
      "type": "Feature",
      "geometry": {
        "type": "Point",
        "coordinates": [
          130.6339457,
          32.5603041
        ]
      },
      "properties": {
        "内容": "バス停: 文政小学校前",
        "name": "文政小学校前",
        "operator": "事業者不明",
        "ref": "",
        "url": "",
        "url2": ""
      }
    },
    {
      "type": "Feature",
      "geometry": {
        "type": "Point",
        "coordinates": [
          130.6415871,
          32.5677829
        ]
      },
      "properties": {
        "内容": "バス停: 宝出",
        "name": "宝出",
        "operator": "事業者不明",
        "ref": "",
        "url": "",
        "url2": ""
      }
    },
    {
      "type": "Feature",
      "geometry": {
        "type": "Point",
        "coordinates": [
          130.6497263,
          32.5695837
        ]
      },
      "properties": {
        "内容": "バス停: 会社前",
        "name": "会社前",
        "operator": "事業者不明",
        "ref": "",
        "url": "",
        "url2": ""
      }
    },
    {
      "type": "Feature",
      "geometry": {
        "type": "Point",
        "coordinates": [
          130.6453713,
          32.5713421
        ]
      },
      "properties": {
        "内容": "バス停: 会社下",
        "name": "会社下",
        "operator": "事業者不明",
        "ref": "",
        "url": "",
        "url2": ""
      }
    },
    {
      "type": "Feature",
      "geometry": {
        "type": "Point",
        "coordinates": [
          130.6559482,
          32.568971
        ]
      },
      "properties": {
        "内容": "バス停: 鏡わかあゆ高等学校入口",
        "name": "鏡わかあゆ高等学校入口",
        "operator": "事業者不明",
        "ref": "",
        "url": "",
        "url2": ""
      }
    },
    {
      "type": "Feature",
      "geometry": {
        "type": "Point",
        "coordinates": [
          130.6540223,
          32.5685234
        ]
      },
      "properties": {
        "内容": "バス停: 御倉",
        "name": "御倉",
        "operator": "事業者不明",
        "ref": "",
        "url": "",
        "url2": ""
      }
    },
    {
      "type": "Feature",
      "geometry": {
        "type": "Point",
        "coordinates": [
          130.639805,
          32.5467678
        ]
      },
      "properties": {
        "内容": "バス停: 北出",
        "name": "北出",
        "operator": "事業者不明",
        "ref": "",
        "url": "",
        "url2": ""
      }
    },
    {
      "type": "Feature",
      "geometry": {
        "type": "Point",
        "coordinates": [
          130.6397705,
          32.5471978
        ]
      },
      "properties": {
        "内容": "バス停: 北出",
        "name": "北出",
        "operator": "事業者不明",
        "ref": "",
        "url": "",
        "url2": ""
      }
    },
    {
      "type": "Feature",
      "geometry": {
        "type": "Point",
        "coordinates": [
          130.6269137,
          32.5556366
        ]
      },
      "properties": {
        "内容": "バス停: 文政廻し",
        "name": "文政廻し",
        "operator": "事業者不明",
        "ref": "",
        "url": "",
        "url2": ""
      }
    },
    {
      "type": "Feature",
      "geometry": {
        "type": "Point",
        "coordinates": [
          130.7395227,
          32.7851715
        ]
      },
      "properties": {
        "内容": "バス停: 熊商前",
        "name": "熊商前",
        "operator": "事業者不明",
        "ref": "",
        "url": "",
        "url2": ""
      }
    },
    {
      "type": "Feature",
      "geometry": {
        "type": "Point",
        "coordinates": [
          130.7396568,
          32.7848423
        ]
      },
      "properties": {
        "内容": "バス停: 熊商前",
        "name": "熊商前",
        "operator": "事業者不明",
        "ref": "",
        "url": "",
        "url2": ""
      }
    },
    {
      "type": "Feature",
      "geometry": {
        "type": "Point",
        "coordinates": [
          130.793137,
          32.954026
        ]
      },
      "properties": {
        "内容": "バス停: 広瀬",
        "name": "広瀬",
        "operator": "事業者不明",
        "ref": "",
        "url": "",
        "url2": ""
      }
    },
    {
      "type": "Feature",
      "geometry": {
        "type": "Point",
        "coordinates": [
          130.7933068,
          32.9537635
        ]
      },
      "properties": {
        "内容": "バス停: 広瀬",
        "name": "広瀬",
        "operator": "事業者不明",
        "ref": "",
        "url": "",
        "url2": ""
      }
    },
    {
      "type": "Feature",
      "geometry": {
        "type": "Point",
        "coordinates": [
          130.7869865,
          32.9438754
        ]
      },
      "properties": {
        "内容": "バス停: 花房",
        "name": "花房",
        "operator": "事業者不明",
        "ref": "",
        "url": "",
        "url2": ""
      }
    },
    {
      "type": "Feature",
      "geometry": {
        "type": "Point",
        "coordinates": [
          130.7871376,
          32.9451268
        ]
      },
      "properties": {
        "内容": "バス停: 花房",
        "name": "花房",
        "operator": "事業者不明",
        "ref": "",
        "url": "",
        "url2": ""
      }
    },
    {
      "type": "Feature",
      "geometry": {
        "type": "Point",
        "coordinates": [
          130.7849421,
          32.9389596
        ]
      },
      "properties": {
        "内容": "バス停: 富の原 (熊本電鉄)",
        "name": "富の原",
        "operator": "熊本電鉄",
        "ref": "",
        "url": "",
        "url2": ""
      }
    },
    {
      "type": "Feature",
      "geometry": {
        "type": "Point",
        "coordinates": [
          130.7850136,
          32.9395817
        ]
      },
      "properties": {
        "内容": "バス停: 富の原 (熊本電鉄)",
        "name": "富の原",
        "operator": "熊本電鉄",
        "ref": "",
        "url": "",
        "url2": ""
      }
    },
    {
      "type": "Feature",
      "geometry": {
        "type": "Point",
        "coordinates": [
          130.8050285,
          32.9805039
        ]
      },
      "properties": {
        "内容": "バス停: 菊池プラザ (熊本電鉄;産交バス)",
        "name": "菊池プラザ",
        "operator": "熊本電鉄;産交バス",
        "ref": "",
        "url": "",
        "url2": ""
      }
    },
    {
      "type": "Feature",
      "geometry": {
        "type": "Point",
        "coordinates": [
          130.8020222,
          32.9741847
        ]
      },
      "properties": {
        "内容": "バス停: 大琳寺 (熊本電鉄)",
        "name": "大琳寺",
        "operator": "熊本電鉄",
        "ref": "",
        "url": "",
        "url2": ""
      }
    },
    {
      "type": "Feature",
      "geometry": {
        "type": "Point",
        "coordinates": [
          130.8021684,
          32.9742005
        ]
      },
      "properties": {
        "内容": "バス停: 大琳寺 (熊本電鉄)",
        "name": "大琳寺",
        "operator": "熊本電鉄",
        "ref": "",
        "url": "",
        "url2": ""
      }
    },
    {
      "type": "Feature",
      "geometry": {
        "type": "Point",
        "coordinates": [
          130.800601,
          32.968354
        ]
      },
      "properties": {
        "内容": "バス停: 深川 (熊本電鉄)",
        "name": "深川",
        "operator": "熊本電鉄",
        "ref": "",
        "url": "",
        "url2": ""
      }
    },
    {
      "type": "Feature",
      "geometry": {
        "type": "Point",
        "coordinates": [
          130.8000834,
          32.9677004
        ]
      },
      "properties": {
        "内容": "バス停: 深川 (熊本電鉄)",
        "name": "深川",
        "operator": "熊本電鉄",
        "ref": "",
        "url": "",
        "url2": ""
      }
    },
    {
      "type": "Feature",
      "geometry": {
        "type": "Point",
        "coordinates": [
          130.7959053,
          32.9601641
        ]
      },
      "properties": {
        "内容": "バス停: 村田 (熊本電鉄)",
        "name": "村田",
        "operator": "熊本電鉄",
        "ref": "",
        "url": "",
        "url2": ""
      }
    },
    {
      "type": "Feature",
      "geometry": {
        "type": "Point",
        "coordinates": [
          130.795358,
          32.9588827
        ]
      },
      "properties": {
        "内容": "バス停: 村田 (熊本電鉄)",
        "name": "村田",
        "operator": "熊本電鉄",
        "ref": "",
        "url": "",
        "url2": ""
      }
    },
    {
      "type": "Feature",
      "geometry": {
        "type": "Point",
        "coordinates": [
          130.8158449,
          32.9614311
        ]
      },
      "properties": {
        "内容": "バス停: 消防署前（菊池） (産交バス)",
        "name": "消防署前（菊池）",
        "operator": "産交バス",
        "ref": "",
        "url": "",
        "url2": ""
      }
    },
    {
      "type": "Feature",
      "geometry": {
        "type": "Point",
        "coordinates": [
          130.8095965,
          32.965764
        ]
      },
      "properties": {
        "内容": "バス停: 赤星 (産交バス)",
        "name": "赤星",
        "operator": "産交バス",
        "ref": "",
        "url": "",
        "url2": ""
      }
    },
    {
      "type": "Feature",
      "geometry": {
        "type": "Point",
        "coordinates": [
          130.8089228,
          32.9717605
        ]
      },
      "properties": {
        "内容": "バス停: 北宮 (産交バス)",
        "name": "北宮",
        "operator": "産交バス",
        "ref": "",
        "url": "",
        "url2": ""
      }
    },
    {
      "type": "Feature",
      "geometry": {
        "type": "Point",
        "coordinates": [
          130.8080668,
          32.9751094
        ]
      },
      "properties": {
        "内容": "バス停: 大琳寺 (産交バス)",
        "name": "大琳寺",
        "operator": "産交バス",
        "ref": "",
        "url": "",
        "url2": ""
      }
    },
    {
      "type": "Feature",
      "geometry": {
        "type": "Point",
        "coordinates": [
          130.8081473,
          32.9753395
        ]
      },
      "properties": {
        "内容": "バス停: 大琳寺 (産交バス)",
        "name": "大琳寺",
        "operator": "産交バス",
        "ref": "",
        "url": "",
        "url2": ""
      }
    },
    {
      "type": "Feature",
      "geometry": {
        "type": "Point",
        "coordinates": [
          130.8067043,
          32.978068
        ]
      },
      "properties": {
        "内容": "バス停: 北原 (産交バス)",
        "name": "北原",
        "operator": "産交バス",
        "ref": "",
        "url": "",
        "url2": ""
      }
    },
    {
      "type": "Feature",
      "geometry": {
        "type": "Point",
        "coordinates": [
          130.8068384,
          32.9781195
        ]
      },
      "properties": {
        "内容": "バス停: 北原 (産交バス)",
        "name": "北原",
        "operator": "産交バス",
        "ref": "",
        "url": "",
        "url2": ""
      }
    },
    {
      "type": "Feature",
      "geometry": {
        "type": "Point",
        "coordinates": [
          130.8058416,
          32.980181
        ]
      },
      "properties": {
        "内容": "バス停: 菊池産交 (産交バス)",
        "name": "菊池産交",
        "operator": "産交バス",
        "ref": "",
        "url": "",
        "url2": ""
      }
    },
    {
      "type": "Feature",
      "geometry": {
        "type": "Point",
        "coordinates": [
          130.7428265,
          32.8728442
        ]
      },
      "properties": {
        "内容": "バス停: 黒石・ポリテクセンター前 (熊本電鉄)",
        "name": "黒石・ポリテクセンター前",
        "operator": "熊本電鉄",
        "ref": "",
        "url": "",
        "url2": ""
      }
    },
    {
      "type": "Feature",
      "geometry": {
        "type": "Point",
        "coordinates": [
          130.7418814,
          32.8712889
        ]
      },
      "properties": {
        "内容": "バス停: 黒石・ポリテクセンター前 (熊本電鉄)",
        "name": "黒石・ポリテクセンター前",
        "operator": "熊本電鉄",
        "ref": "",
        "url": "",
        "url2": ""
      }
    },
    {
      "type": "Feature",
      "geometry": {
        "type": "Point",
        "coordinates": [
          130.7606158,
          32.9007823
        ]
      },
      "properties": {
        "内容": "バス停: 百花園ゴルフ場前",
        "name": "百花園ゴルフ場前",
        "operator": "事業者不明",
        "ref": "",
        "url": "",
        "url2": "Q5357168"
      }
    },
    {
      "type": "Feature",
      "geometry": {
        "type": "Point",
        "coordinates": [
          130.7606158,
          32.9007823
        ]
      },
      "properties": {
        "内容": "バス停: 百花園ゴルフ場前",
        "name": "百花園ゴルフ場前",
        "operator": "事業者不明",
        "ref": "",
        "url": "",
        "url2": "Q5357168"
      }
    },
    {
      "type": "Feature",
      "geometry": {
        "type": "Point",
        "coordinates": [
          130.4281718,
          32.2105078
        ]
      },
      "properties": {
        "内容": "バス停: 名称不明バス停",
        "name": "名称不明バス停",
        "operator": "事業者不明",
        "ref": "",
        "url": "",
        "url2": ""
      }
    },
    {
      "type": "Feature",
      "geometry": {
        "type": "Point",
        "coordinates": [
          130.729894,
          32.8596156
        ]
      },
      "properties": {
        "内容": "バス停: 菊南温泉前 (熊本電鉄)",
        "name": "菊南温泉前",
        "operator": "熊本電鉄",
        "ref": "",
        "url": "",
        "url2": ""
      }
    },
    {
      "type": "Feature",
      "geometry": {
        "type": "Point",
        "coordinates": [
          131.1165291,
          32.9376806
        ]
      },
      "properties": {
        "内容": "バス停: Miyaji Station Highwaybus",
        "name": "Miyaji Station Highwaybus",
        "operator": "事業者不明",
        "ref": "",
        "url": "",
        "url2": ""
      }
    },
    {
      "type": "Feature",
      "geometry": {
        "type": "Point",
        "coordinates": [
          130.7709224,
          32.9264835
        ]
      },
      "properties": {
        "内容": "バス停: バイパス泗水 (熊本電鉄)",
        "name": "バイパス泗水",
        "operator": "熊本電鉄",
        "ref": "",
        "url": "",
        "url2": ""
      }
    },
    {
      "type": "Feature",
      "geometry": {
        "type": "Point",
        "coordinates": [
          130.7706722,
          32.9256615
        ]
      },
      "properties": {
        "内容": "バス停: バイパス泗水 (熊本電鉄)",
        "name": "バイパス泗水",
        "operator": "熊本電鉄",
        "ref": "",
        "url": "",
        "url2": ""
      }
    },
    {
      "type": "Feature",
      "geometry": {
        "type": "Point",
        "coordinates": [
          130.7699499,
          32.9237927
        ]
      },
      "properties": {
        "内容": "バス停: バイパス高江 (熊本電鉄)",
        "name": "バイパス高江",
        "operator": "熊本電鉄",
        "ref": "",
        "url": "",
        "url2": ""
      }
    },
    {
      "type": "Feature",
      "geometry": {
        "type": "Point",
        "coordinates": [
          130.769928,
          32.9232201
        ]
      },
      "properties": {
        "内容": "バス停: バイパス高江 (熊本電鉄)",
        "name": "バイパス高江",
        "operator": "熊本電鉄",
        "ref": "",
        "url": "",
        "url2": ""
      }
    },
    {
      "type": "Feature",
      "geometry": {
        "type": "Point",
        "coordinates": [
          130.7725106,
          32.9293614
        ]
      },
      "properties": {
        "内容": "バス停: バイパス富 (熊本電鉄)",
        "name": "バイパス富",
        "operator": "熊本電鉄",
        "ref": "",
        "url": "",
        "url2": ""
      }
    },
    {
      "type": "Feature",
      "geometry": {
        "type": "Point",
        "coordinates": [
          130.7722706,
          32.9285767
        ]
      },
      "properties": {
        "内容": "バス停: バイパス富 (熊本電鉄)",
        "name": "バイパス富",
        "operator": "熊本電鉄",
        "ref": "",
        "url": "",
        "url2": ""
      }
    },
    {
      "type": "Feature",
      "geometry": {
        "type": "Point",
        "coordinates": [
          130.7752882,
          32.9315916
        ]
      },
      "properties": {
        "内容": "バス停: 老人ホーム前 (熊本電鉄)",
        "name": "老人ホーム前",
        "operator": "熊本電鉄",
        "ref": "",
        "url": "",
        "url2": ""
      }
    },
    {
      "type": "Feature",
      "geometry": {
        "type": "Point",
        "coordinates": [
          130.7763294,
          32.9327412
        ]
      },
      "properties": {
        "内容": "バス停: 老人ホーム前 (熊本電鉄)",
        "name": "老人ホーム前",
        "operator": "熊本電鉄",
        "ref": "",
        "url": "",
        "url2": ""
      }
    },
    {
      "type": "Feature",
      "geometry": {
        "type": "Point",
        "coordinates": [
          130.7804782,
          32.9331829
        ]
      },
      "properties": {
        "内容": "バス停: 菊池養生園前 (熊本電鉄)",
        "name": "菊池養生園前",
        "operator": "熊本電鉄",
        "ref": "",
        "url": "",
        "url2": ""
      }
    },
    {
      "type": "Feature",
      "geometry": {
        "type": "Point",
        "coordinates": [
          130.7815551,
          32.9342098
        ]
      },
      "properties": {
        "内容": "バス停: 菊池養生園前 (熊本電鉄)",
        "name": "菊池養生園前",
        "operator": "熊本電鉄",
        "ref": "",
        "url": "",
        "url2": ""
      }
    },
    {
      "type": "Feature",
      "geometry": {
        "type": "Point",
        "coordinates": [
          130.7834261,
          32.9364808
        ]
      },
      "properties": {
        "内容": "バス停: 伝承館前 (熊本電鉄)",
        "name": "伝承館前",
        "operator": "熊本電鉄",
        "ref": "",
        "url": "",
        "url2": ""
      }
    },
    {
      "type": "Feature",
      "geometry": {
        "type": "Point",
        "coordinates": [
          130.783519,
          32.9364434
        ]
      },
      "properties": {
        "内容": "バス停: 伝承館前 (熊本電鉄)",
        "name": "伝承館前",
        "operator": "熊本電鉄",
        "ref": "",
        "url": "",
        "url2": ""
      }
    },
    {
      "type": "Feature",
      "geometry": {
        "type": "Point",
        "coordinates": [
          130.763077,
          32.9043613
        ]
      },
      "properties": {
        "内容": "バス停: 辻久保 (熊本電鉄)",
        "name": "辻久保",
        "operator": "熊本電鉄",
        "ref": "",
        "url": "",
        "url2": ""
      }
    },
    {
      "type": "Feature",
      "geometry": {
        "type": "Point",
        "coordinates": [
          130.7282576,
          32.8575184
        ]
      },
      "properties": {
        "内容": "バス停: 須屋西 (熊本電鉄)",
        "name": "須屋西",
        "operator": "熊本電鉄",
        "ref": "",
        "url": "",
        "url2": ""
      }
    },
    {
      "type": "Feature",
      "geometry": {
        "type": "Point",
        "coordinates": [
          130.7559626,
          32.8936115
        ]
      },
      "properties": {
        "内容": "バス停: 大池・農業公園入口 (熊本電鉄)",
        "name": "大池・農業公園入口",
        "operator": "熊本電鉄",
        "ref": "",
        "url": "",
        "url2": ""
      }
    },
    {
      "type": "Feature",
      "geometry": {
        "type": "Point",
        "coordinates": [
          130.7559197,
          32.8938591
        ]
      },
      "properties": {
        "内容": "バス停: 大池・農業公園入口 (熊本電鉄)",
        "name": "大池・農業公園入口",
        "operator": "熊本電鉄",
        "ref": "",
        "url": "",
        "url2": ""
      }
    },
    {
      "type": "Feature",
      "geometry": {
        "type": "Point",
        "coordinates": [
          130.7583561,
          32.8976116
        ]
      },
      "properties": {
        "内容": "バス停: 菊池支援学校前 (熊本電鉄)",
        "name": "菊池支援学校前",
        "operator": "熊本電鉄",
        "ref": "",
        "url": "",
        "url2": ""
      }
    },
    {
      "type": "Feature",
      "geometry": {
        "type": "Point",
        "coordinates": [
          130.7581314,
          32.8970098
        ]
      },
      "properties": {
        "内容": "バス停: 菊池支援学校前 (熊本電鉄)",
        "name": "菊池支援学校前",
        "operator": "熊本電鉄",
        "ref": "",
        "url": "",
        "url2": ""
      }
    },
    {
      "type": "Feature",
      "geometry": {
        "type": "Point",
        "coordinates": [
          130.7604196,
          32.9007573
        ]
      },
      "properties": {
        "内容": "バス停: 百花園ゴルフ場前",
        "name": "百花園ゴルフ場前",
        "operator": "事業者不明",
        "ref": "",
        "url": "",
        "url2": "Q5357168"
      }
    },
    {
      "type": "Feature",
      "geometry": {
        "type": "Point",
        "coordinates": [
          130.7462399,
          32.934007
        ]
      },
      "properties": {
        "内容": "バス停: 田島 (熊本電鉄)",
        "name": "田島",
        "operator": "熊本電鉄",
        "ref": "",
        "url": "",
        "url2": ""
      }
    },
    {
      "type": "Feature",
      "geometry": {
        "type": "Point",
        "coordinates": [
          130.7463314,
          32.9339587
        ]
      },
      "properties": {
        "内容": "バス停: 田島 (熊本電鉄)",
        "name": "田島",
        "operator": "熊本電鉄",
        "ref": "",
        "url": "",
        "url2": ""
      }
    },
    {
      "type": "Feature",
      "geometry": {
        "type": "Point",
        "coordinates": [
          130.7689936,
          32.9157511
        ]
      },
      "properties": {
        "内容": "バス停: 江良 (熊本電鉄)",
        "name": "江良",
        "operator": "熊本電鉄",
        "ref": "",
        "url": "",
        "url2": ""
      }
    },
    {
      "type": "Feature",
      "geometry": {
        "type": "Point",
        "coordinates": [
          130.7692851,
          32.9162012
        ]
      },
      "properties": {
        "内容": "バス停: 江良 (熊本電鉄)",
        "name": "江良",
        "operator": "熊本電鉄",
        "ref": "",
        "url": "",
        "url2": ""
      }
    },
    {
      "type": "Feature",
      "geometry": {
        "type": "Point",
        "coordinates": [
          130.7489866,
          32.961827
        ]
      },
      "properties": {
        "内容": "バス停: 七城温泉前 (熊本電鉄)",
        "name": "七城温泉前",
        "operator": "熊本電鉄",
        "ref": "",
        "url": "",
        "url2": ""
      }
    },
    {
      "type": "Feature",
      "geometry": {
        "type": "Point",
        "coordinates": [
          130.7488357,
          32.9619631
        ]
      },
      "properties": {
        "内容": "バス停: 七城温泉前 (熊本電鉄)",
        "name": "七城温泉前",
        "operator": "熊本電鉄",
        "ref": "",
        "url": "",
        "url2": ""
      }
    },
    {
      "type": "Feature",
      "geometry": {
        "type": "Point",
        "coordinates": [
          130.7356851,
          32.8666855
        ]
      },
      "properties": {
        "内容": "バス停: 西合志",
        "name": "西合志",
        "operator": "事業者不明",
        "ref": "",
        "url": "",
        "url2": ""
      }
    },
    {
      "type": "Feature",
      "geometry": {
        "type": "Point",
        "coordinates": [
          130.7358832,
          32.8670132
        ]
      },
      "properties": {
        "内容": "バス停: 西合志",
        "name": "西合志",
        "operator": "事業者不明",
        "ref": "",
        "url": "",
        "url2": ""
      }
    },
    {
      "type": "Feature",
      "geometry": {
        "type": "Point",
        "coordinates": [
          130.7732382,
          32.921015
        ]
      },
      "properties": {
        "内容": "バス停: 高江 (熊本電鉄)",
        "name": "高江",
        "operator": "熊本電鉄",
        "ref": "",
        "url": "",
        "url2": ""
      }
    },
    {
      "type": "Feature",
      "geometry": {
        "type": "Point",
        "coordinates": [
          130.7734293,
          32.9252532
        ]
      },
      "properties": {
        "内容": "バス停: 泗水 (熊本電鉄)",
        "name": "泗水",
        "operator": "熊本電鉄",
        "ref": "",
        "url": "",
        "url2": ""
      }
    },
    {
      "type": "Feature",
      "geometry": {
        "type": "Point",
        "coordinates": [
          130.7735133,
          32.9252647
        ]
      },
      "properties": {
        "内容": "バス停: 泗水 (熊本電鉄)",
        "name": "泗水",
        "operator": "熊本電鉄",
        "ref": "",
        "url": "",
        "url2": ""
      }
    },
    {
      "type": "Feature",
      "geometry": {
        "type": "Point",
        "coordinates": [
          130.7730726,
          32.927845
        ]
      },
      "properties": {
        "内容": "バス停: 富 (熊本電鉄)",
        "name": "富",
        "operator": "熊本電鉄",
        "ref": "",
        "url": "",
        "url2": ""
      }
    },
    {
      "type": "Feature",
      "geometry": {
        "type": "Point",
        "coordinates": [
          130.7729431,
          32.9209466
        ]
      },
      "properties": {
        "内容": "バス停: 高江 (熊本電鉄)",
        "name": "高江",
        "operator": "熊本電鉄",
        "ref": "",
        "url": "",
        "url2": ""
      }
    },
    {
      "type": "Feature",
      "geometry": {
        "type": "Point",
        "coordinates": [
          130.8201691,
          32.9587066
        ]
      },
      "properties": {
        "内容": "バス停: 森北 (産交バス)",
        "name": "森北",
        "operator": "産交バス",
        "ref": "",
        "url": "",
        "url2": ""
      }
    },
    {
      "type": "Feature",
      "geometry": {
        "type": "Point",
        "coordinates": [
          130.8203963,
          32.9587372
        ]
      },
      "properties": {
        "内容": "バス停: 森北 (産交バス)",
        "name": "森北",
        "operator": "産交バス",
        "ref": "",
        "url": "",
        "url2": ""
      }
    },
    {
      "type": "Feature",
      "geometry": {
        "type": "Point",
        "coordinates": [
          130.8094709,
          32.9821034
        ]
      },
      "properties": {
        "内容": "バス停: 中央通り (産交バス;熊本電鉄)",
        "name": "中央通り",
        "operator": "産交バス;熊本電鉄",
        "ref": "",
        "url": "",
        "url2": ""
      }
    },
    {
      "type": "Feature",
      "geometry": {
        "type": "Point",
        "coordinates": [
          130.8114035,
          32.9831599
        ]
      },
      "properties": {
        "内容": "バス停: 妙蓮寺前 (産交バス;熊本電鉄)",
        "name": "妙蓮寺前",
        "operator": "産交バス;熊本電鉄",
        "ref": "",
        "url": "",
        "url2": ""
      }
    },
    {
      "type": "Feature",
      "geometry": {
        "type": "Point",
        "coordinates": [
          130.8133077,
          32.984084
        ]
      },
      "properties": {
        "内容": "バス停: 立町 (産交バス;熊本電鉄)",
        "name": "立町",
        "operator": "産交バス;熊本電鉄",
        "ref": "",
        "url": "",
        "url2": ""
      }
    },
    {
      "type": "Feature",
      "geometry": {
        "type": "Point",
        "coordinates": [
          130.8150504,
          32.9833601
        ]
      },
      "properties": {
        "内容": "バス停: 温泉前 (熊本電鉄)",
        "name": "温泉前",
        "operator": "熊本電鉄",
        "ref": "",
        "url": "",
        "url2": ""
      }
    },
    {
      "type": "Feature",
      "geometry": {
        "type": "Point",
        "coordinates": [
          130.815046,
          32.9833642
        ]
      },
      "properties": {
        "内容": "バス停: 温泉前 (産交バス)",
        "name": "温泉前",
        "operator": "産交バス",
        "ref": "",
        "url": "",
        "url2": ""
      }
    },
    {
      "type": "Feature",
      "geometry": {
        "type": "Point",
        "coordinates": [
          130.8148767,
          32.9834276
        ]
      },
      "properties": {
        "内容": "バス停: 温泉前 (産交バス;熊本電鉄)",
        "name": "温泉前",
        "operator": "産交バス;熊本電鉄",
        "ref": "",
        "url": "",
        "url2": ""
      }
    },
    {
      "type": "Feature",
      "geometry": {
        "type": "Point",
        "coordinates": [
          130.8112123,
          32.9805612
        ]
      },
      "properties": {
        "内容": "バス停: 栄町 (熊本電鉄)",
        "name": "栄町",
        "operator": "熊本電鉄",
        "ref": "",
        "url": "",
        "url2": ""
      }
    },
    {
      "type": "Feature",
      "geometry": {
        "type": "Point",
        "coordinates": [
          130.8112552,
          32.9805783
        ]
      },
      "properties": {
        "内容": "バス停: 栄町 (産交バス)",
        "name": "栄町",
        "operator": "産交バス",
        "ref": "",
        "url": "",
        "url2": ""
      }
    },
    {
      "type": "Feature",
      "geometry": {
        "type": "Point",
        "coordinates": [
          130.8004606,
          32.9779529
        ]
      },
      "properties": {
        "内容": "バス停: 羽手の木 (産交バス)",
        "name": "羽手の木",
        "operator": "産交バス",
        "ref": "",
        "url": "",
        "url2": ""
      }
    },
    {
      "type": "Feature",
      "geometry": {
        "type": "Point",
        "coordinates": [
          130.8004746,
          32.9779556
        ]
      },
      "properties": {
        "内容": "バス停: 羽手の木 (熊本電気鉄道)",
        "name": "羽手の木",
        "operator": "熊本電気鉄道",
        "ref": "",
        "url": "",
        "url2": ""
      }
    },
    {
      "type": "Feature",
      "geometry": {
        "type": "Point",
        "coordinates": [
          130.7907852,
          32.9755011
        ]
      },
      "properties": {
        "内容": "バス停: 野間口 (熊本電気鉄道)",
        "name": "野間口",
        "operator": "熊本電気鉄道",
        "ref": "",
        "url": "",
        "url2": ""
      }
    },
    {
      "type": "Feature",
      "geometry": {
        "type": "Point",
        "coordinates": [
          130.7882514,
          32.9735067
        ]
      },
      "properties": {
        "内容": "バス停: 西野間口 (熊本電気鉄道)",
        "name": "西野間口",
        "operator": "熊本電気鉄道",
        "ref": "",
        "url": "",
        "url2": ""
      }
    },
    {
      "type": "Feature",
      "geometry": {
        "type": "Point",
        "coordinates": [
          130.7807712,
          32.9718625
        ]
      },
      "properties": {
        "内容": "バス停: 北古閑 (熊本電気鉄道)",
        "name": "北古閑",
        "operator": "熊本電気鉄道",
        "ref": "",
        "url": "",
        "url2": ""
      }
    },
    {
      "type": "Feature",
      "geometry": {
        "type": "Point",
        "coordinates": [
          130.7806814,
          32.9719345
        ]
      },
      "properties": {
        "内容": "バス停: 北古閑 (熊本電気鉄道)",
        "name": "北古閑",
        "operator": "熊本電気鉄道",
        "ref": "",
        "url": "",
        "url2": ""
      }
    },
    {
      "type": "Feature",
      "geometry": {
        "type": "Point",
        "coordinates": [
          130.7727344,
          32.9704105
        ]
      },
      "properties": {
        "内容": "バス停: 出水 (熊本電気鉄道)",
        "name": "出水",
        "operator": "熊本電気鉄道",
        "ref": "",
        "url": "",
        "url2": ""
      }
    },
    {
      "type": "Feature",
      "geometry": {
        "type": "Point",
        "coordinates": [
          130.769671,
          32.9698157
        ]
      },
      "properties": {
        "内容": "バス停: 間所 (熊本電気鉄道)",
        "name": "間所",
        "operator": "熊本電気鉄道",
        "ref": "",
        "url": "",
        "url2": ""
      }
    },
    {
      "type": "Feature",
      "geometry": {
        "type": "Point",
        "coordinates": [
          130.7668089,
          32.9690045
        ]
      },
      "properties": {
        "内容": "バス停: 七城総合支所前 (熊本電気鉄道)",
        "name": "七城総合支所前",
        "operator": "熊本電気鉄道",
        "ref": "",
        "url": "",
        "url2": ""
      }
    },
    {
      "type": "Feature",
      "geometry": {
        "type": "Point",
        "coordinates": [
          130.7668126,
          32.9688857
        ]
      },
      "properties": {
        "内容": "バス停: 七城総合支所前 (熊本電気鉄道)",
        "name": "七城総合支所前",
        "operator": "熊本電気鉄道",
        "ref": "",
        "url": "",
        "url2": ""
      }
    },
    {
      "type": "Feature",
      "geometry": {
        "type": "Point",
        "coordinates": [
          130.7634642,
          32.9680458
        ]
      },
      "properties": {
        "内容": "バス停: 七城農協前 (熊本電気鉄道)",
        "name": "七城農協前",
        "operator": "熊本電気鉄道",
        "ref": "",
        "url": "",
        "url2": ""
      }
    },
    {
      "type": "Feature",
      "geometry": {
        "type": "Point",
        "coordinates": [
          130.7632363,
          32.9678709
        ]
      },
      "properties": {
        "内容": "バス停: 七城農協前 (熊本電気鉄道)",
        "name": "七城農協前",
        "operator": "熊本電気鉄道",
        "ref": "",
        "url": "",
        "url2": ""
      }
    },
    {
      "type": "Feature",
      "geometry": {
        "type": "Point",
        "coordinates": [
          130.7525234,
          32.9644685
        ]
      },
      "properties": {
        "内容": "バス停: 高島 (熊本電気鉄道)",
        "name": "高島",
        "operator": "熊本電気鉄道",
        "ref": "",
        "url": "",
        "url2": ""
      }
    },
    {
      "type": "Feature",
      "geometry": {
        "type": "Point",
        "coordinates": [
          130.7528212,
          32.964561
        ]
      },
      "properties": {
        "内容": "バス停: 高島 (熊本電気鉄道)",
        "name": "高島",
        "operator": "熊本電気鉄道",
        "ref": "",
        "url": "",
        "url2": ""
      }
    },
    {
      "type": "Feature",
      "geometry": {
        "type": "Point",
        "coordinates": [
          130.790395,
          32.7947402
        ]
      },
      "properties": {
        "内容": "バス停: グランメッセ前",
        "name": "グランメッセ前",
        "operator": "事業者不明",
        "ref": "",
        "url": "",
        "url2": ""
      }
    },
    {
      "type": "Feature",
      "geometry": {
        "type": "Point",
        "coordinates": [
          130.7816342,
          32.7914798
        ]
      },
      "properties": {
        "内容": "バス停: 益城インター口",
        "name": "益城インター口",
        "operator": "事業者不明",
        "ref": "",
        "url": "",
        "url2": ""
      }
    },
    {
      "type": "Feature",
      "geometry": {
        "type": "Point",
        "coordinates": [
          130.7659252,
          32.7883783
        ]
      },
      "properties": {
        "内容": "バス停: 東町中央",
        "name": "東町中央",
        "operator": "事業者不明",
        "ref": "",
        "url": "",
        "url2": ""
      }
    },
    {
      "type": "Feature",
      "geometry": {
        "type": "Point",
        "coordinates": [
          130.7174752,
          32.848453
        ]
      },
      "properties": {
        "内容": "バス停: 熊本機能病院前 (熊本電気鉄道)",
        "name": "熊本機能病院前",
        "operator": "熊本電気鉄道",
        "ref": "",
        "url": "",
        "url2": ""
      }
    },
    {
      "type": "Feature",
      "geometry": {
        "type": "Point",
        "coordinates": [
          130.7174789,
          32.8479454
        ]
      },
      "properties": {
        "内容": "バス停: 熊本機能病院前 (熊本電気鉄道)",
        "name": "熊本機能病院前",
        "operator": "熊本電気鉄道",
        "ref": "",
        "url": "",
        "url2": ""
      }
    },
    {
      "type": "Feature",
      "geometry": {
        "type": "Point",
        "coordinates": [
          131.0935642,
          33.0797673
        ]
      },
      "properties": {
        "内容": "バス停: 名称不明バス停",
        "name": "名称不明バス停",
        "operator": "事業者不明",
        "ref": "",
        "url": "",
        "url2": ""
      }
    },
    {
      "type": "Feature",
      "geometry": {
        "type": "Point",
        "coordinates": [
          131.128579,
          33.0722281
        ]
      },
      "properties": {
        "内容": "バス停: 小田温泉",
        "name": "小田温泉",
        "operator": "事業者不明",
        "ref": "",
        "url": "",
        "url2": ""
      }
    }
  ]
}