{
"type": "FeatureCollection",
"name": "geo_43_訪問看護",
"crs": { "type": "name", "properties": { "name": "urn:ogc:def:crs:OGC:1.3:CRS84" } },
"features": [
{ "type": "Feature", "properties": { "内容": "ＫＩＴ訪問看護ステーション【訪問看護】熊本県熊本市中央区帯山7丁目23番41号", "url": "https://www.kaigokensaku.mhlw.go.jp/43/index.php?action_kouhyou_detail_004_kani=true&JigyosyoCd=4360191144-00&ServiceCd=130&Type=search", "url2": "https://kitfrontier.wixsite.com/nurse" }, "geometry": { "type": "Point", "coordinates": [ 130.757222, 32.805184 ] } },
{ "type": "Feature", "properties": { "内容": "訪問看護ステーション　デューン熊本【訪問看護】熊本市中央区水前寺1丁目19-23スカイコーポ水前寺1階", "url": "https://www.kaigokensaku.mhlw.go.jp/43/index.php?action_kouhyou_detail_004_kani=true&JigyosyoCd=4360190583-00&ServiceCd=130&Type=search", "url2": "http://www.nfield.co.jp/" }, "geometry": { "type": "Point", "coordinates": [ 130.728758006190446, 32.793199127737793 ] } },
{ "type": "Feature", "properties": { "内容": "日隈病院【訪問看護】熊本県熊本市中央区萩原町9番30号", "url": "https://www.kaigokensaku.mhlw.go.jp/43/index.php?action_kouhyou_detail_004_kani=true&JigyosyoCd=4310116621-00&ServiceCd=130&Type=search", "url2": "https://hinokuma.or.jp/" }, "geometry": { "type": "Point", "coordinates": [ 130.7085424, 32.7799618 ] } },
{ "type": "Feature", "properties": { "内容": "訪問看護ステーションヴォイス東熊本【訪問看護】熊本県熊本市中央区保田窪1-10-46リバーサイドハイツ103", "url": "https://www.kaigokensaku.mhlw.go.jp/43/index.php?action_kouhyou_detail_004_kani=true&JigyosyoCd=4360191920-00&ServiceCd=130&Type=search", "url2": "https://voice-reborn.jp/" }, "geometry": { "type": "Point", "coordinates": [ 130.7443075, 32.8060418 ] } },
{ "type": "Feature", "properties": { "内容": "訪問看護ステーションM's【訪問看護】熊本県熊本市中央区南千反畑町７番８ラ・レジェンダ８０２号", "url": "https://www.kaigokensaku.mhlw.go.jp/43/index.php?action_kouhyou_detail_004_kani=true&JigyosyoCd=4360192076-00&ServiceCd=130&Type=search", "url2": null }, "geometry": { "type": "Point", "coordinates": [ 130.7173818, 32.8061988 ] } },
{ "type": "Feature", "properties": { "内容": "訪問看護ステーション　轍【訪問看護】熊本県熊本市中央区坪井１丁目７－６", "url": "https://www.kaigokensaku.mhlw.go.jp/43/index.php?action_kouhyou_detail_004_kani=true&JigyosyoCd=4360190781-00&ServiceCd=130&Type=search", "url2": null }, "geometry": { "type": "Point", "coordinates": [ 130.698921262287968, 32.776006764540824 ] } },
{ "type": "Feature", "properties": { "内容": "シップ訪問看護ステーション九品寺【訪問看護】熊本県熊本市中央区九品寺6丁目2-21ラ・レジェンダ九品寺602号", "url": "https://www.kaigokensaku.mhlw.go.jp/43/index.php?action_kouhyou_detail_004_kani=true&JigyosyoCd=4360191458-00&ServiceCd=130&Type=search", "url2": "https://www.shpe.co.jp/" }, "geometry": { "type": "Point", "coordinates": [ 130.7178738, 32.7894655 ] } },
{ "type": "Feature", "properties": { "内容": "ココファン・ナーシング熊本【訪問看護】熊本県熊本市中央区水前寺1-24-1ココファン水前寺公園", "url": "https://www.kaigokensaku.mhlw.go.jp/43/index.php?action_kouhyou_detail_004_kani=true&JigyosyoCd=4360191052-00&ServiceCd=130&Type=search", "url2": null }, "geometry": { "type": "Point", "coordinates": [ 130.730690960649582, 32.793030095052806 ] } },
{ "type": "Feature", "properties": { "内容": "村田外科・胃腸科・ひふ科医院【訪問看護】熊本県熊本市中央区本山１丁目５－１６", "url": "https://www.kaigokensaku.mhlw.go.jp/43/index.php?action_kouhyou_detail_004_kani=true&JigyosyoCd=4310122967-00&ServiceCd=130&Type=search", "url2": null }, "geometry": { "type": "Point", "coordinates": [ 130.6994877, 32.7907628 ] } },
{ "type": "Feature", "properties": { "内容": "黒髪しょうぶ苑訪問看護ステーション【訪問看護】熊本県熊本市中央区黒髪5丁目4番30号黒髪しょうぶ苑", "url": "https://www.kaigokensaku.mhlw.go.jp/43/index.php?action_kouhyou_detail_004_kani=true&JigyosyoCd=4360190930-00&ServiceCd=130&Type=search", "url2": "http://www.shoubuen.com/" }, "geometry": { "type": "Point", "coordinates": [ 130.729991, 32.8153978 ] } },
{ "type": "Feature", "properties": { "内容": "訪問看護ステーションひとてま　にしむら【訪問看護】熊本県熊本市中央区南熊本2丁目8-7", "url": "https://www.kaigokensaku.mhlw.go.jp/43/index.php?action_kouhyou_detail_004_kani=true&JigyosyoCd=4360192308-00&ServiceCd=130&Type=search", "url2": "http://good-five.com/index.html" }, "geometry": { "type": "Point", "coordinates": [ 130.713049630156718, 32.788766880199887 ] } },
{ "type": "Feature", "properties": { "内容": "訪問看護ステーション　サンキュー【訪問看護】熊本県熊本市中央区八王寺町25－1ベルデュール302", "url": "https://www.kaigokensaku.mhlw.go.jp/43/index.php?action_kouhyou_detail_004_kani=true&JigyosyoCd=4360192399-00&ServiceCd=130&Type=search", "url2": "https://komaca.app/staygold-long/" }, "geometry": { "type": "Point", "coordinates": [ 130.713623, 32.7806919 ] } },
{ "type": "Feature", "properties": { "内容": "在宅ステーション水前寺訪問看護事業所【訪問看護】熊本県熊本市中央区上水前寺１丁目６番５号", "url": "https://www.kaigokensaku.mhlw.go.jp/43/index.php?action_kouhyou_detail_004_kani=true&JigyosyoCd=4360190179-00&ServiceCd=130&Type=search", "url2": "http://www.tohya.or.jp/homecare/visitnurse.html" }, "geometry": { "type": "Point", "coordinates": [ 130.743542, 32.794546 ] } },
{ "type": "Feature", "properties": { "内容": "訪問看護ステーションくるみ【訪問看護】熊本県熊本市中央区黒髪６丁目２６－３９", "url": "https://www.kaigokensaku.mhlw.go.jp/43/index.php?action_kouhyou_detail_004_kani=true&JigyosyoCd=4360192563-00&ServiceCd=130&Type=search", "url2": null }, "geometry": { "type": "Point", "coordinates": [ 130.740269500000011, 32.8160779 ] } },
{ "type": "Feature", "properties": { "内容": "訪問看護ステーションARTE渡鹿【訪問看護】熊本県熊本市中央区渡鹿3丁目11-1", "url": "https://www.kaigokensaku.mhlw.go.jp/43/index.php?action_kouhyou_detail_004_kani=true&JigyosyoCd=4360191706-00&ServiceCd=130&Type=search", "url2": "https://arte-houmonkango.com/" }, "geometry": { "type": "Point", "coordinates": [ 130.738448299999988, 32.807678700000011 ] } },
{ "type": "Feature", "properties": { "内容": "訪問看護ステーションたすく【訪問看護】熊本県熊本市中央区八王寺町47-22ASKビル202", "url": "https://www.kaigokensaku.mhlw.go.jp/43/index.php?action_kouhyou_detail_004_kani=true&JigyosyoCd=4360191748-00&ServiceCd=130&Type=search", "url2": "https://www.tasukur381.com/" }, "geometry": { "type": "Point", "coordinates": [ 130.715791256056178, 32.780901781267353 ] } },
{ "type": "Feature", "properties": { "内容": "ツクイ熊本訪問看護ステーション【訪問看護】熊本県熊本市中央区中央街2-11熊本サンニッセイビル2階", "url": "https://www.kaigokensaku.mhlw.go.jp/43/index.php?action_kouhyou_detail_004_kani=true&JigyosyoCd=4360192142-00&ServiceCd=130&Type=search", "url2": null }, "geometry": { "type": "Point", "coordinates": [ 130.712022100000013, 32.8003815 ] } },
{ "type": "Feature", "properties": { "内容": "C&R【訪問看護】熊本市中央区島崎1丁目32-1", "url": "https://www.kaigokensaku.mhlw.go.jp/43/index.php?action_kouhyou_detail_004_kani=true&JigyosyoCd=4360190401-00&ServiceCd=130&Type=search", "url2": "https://www.ccr-net.com/visiting" }, "geometry": { "type": "Point", "coordinates": [ 130.691834200000017, 32.8025833 ] } },
{ "type": "Feature", "properties": { "内容": "大腸肛門病センター高野病院【訪問看護】大江3丁目2-55", "url": "https://www.kaigokensaku.mhlw.go.jp/43/index.php?action_kouhyou_detail_004_kani=true&JigyosyoCd=4317110460-00&ServiceCd=130&Type=search", "url2": "http://www.takano-hospital.jp" }, "geometry": { "type": "Point", "coordinates": [ 130.724814700000024, 32.8029175 ] } },
{ "type": "Feature", "properties": { "内容": "Let’sナース！熊本中央【訪問看護】熊本県熊本市中央区本荘6-17-21九電工熊本支店ビル1F", "url": "https://www.kaigokensaku.mhlw.go.jp/43/index.php?action_kouhyou_detail_004_kani=true&JigyosyoCd=4360192191-00&ServiceCd=130&Type=search", "url2": null }, "geometry": { "type": "Point", "coordinates": [ 130.703696400000013, 32.7917272 ] } },
{ "type": "Feature", "properties": { "内容": "訪問看護ステーション　八王寺の杜【訪問看護】熊本市中央区国府3丁目19-42", "url": "https://www.kaigokensaku.mhlw.go.jp/43/index.php?action_kouhyou_detail_004_kani=true&JigyosyoCd=4360190278-00&ServiceCd=130&Type=search", "url2": "http://houwakai.sub.jp" }, "geometry": { "type": "Point", "coordinates": [ 130.721995523512277, 32.787043208485215 ] } },
{ "type": "Feature", "properties": { "内容": "訪問看護ステーション椿【訪問看護】熊本県熊本市中央区本山3丁目5-15", "url": "https://www.kaigokensaku.mhlw.go.jp/43/index.php?action_kouhyou_detail_004_kani=true&JigyosyoCd=4360191532-00&ServiceCd=130&Type=search", "url2": null }, "geometry": { "type": "Point", "coordinates": [ 130.6946376, 32.7882721 ] } },
{ "type": "Feature", "properties": { "内容": "社会福祉法人照敬会　訪問看護ステーションケアベース【訪問看護】三郎1丁目1-80", "url": "https://www.kaigokensaku.mhlw.go.jp/43/index.php?action_kouhyou_detail_004_kani=true&JigyosyoCd=4360191656-00&ServiceCd=130&Type=search", "url2": "https://shoukei-kai.com" }, "geometry": { "type": "Point", "coordinates": [ 130.755661549737567, 32.799899856449869 ] } },
{ "type": "Feature", "properties": { "内容": "みんなの訪問看護ステーション坪井【訪問看護】熊本県熊本市中央区坪井6-37-11", "url": "https://www.kaigokensaku.mhlw.go.jp/43/index.php?action_kouhyou_detail_004_kani=true&JigyosyoCd=4360192340-00&ServiceCd=130&Type=search", "url2": "https://houmonkango-tsuboi.minnano.group/" }, "geometry": { "type": "Point", "coordinates": [ 130.7211, 32.821683 ] } },
{ "type": "Feature", "properties": { "内容": "熊本市医師会在宅ケアセンター訪問看護ステーション【訪問看護】熊本県熊本市中央区本荘5丁目16番10号", "url": "https://www.kaigokensaku.mhlw.go.jp/43/index.php?action_kouhyou_detail_004_kani=true&JigyosyoCd=4360190013-00&ServiceCd=130&Type=search", "url2": "http://www2.city.Kumamoto.med.or.jp/zaitaku/index.htm" }, "geometry": { "type": "Point", "coordinates": [ 130.70824970000001, 32.7938512 ] } },
{ "type": "Feature", "properties": { "内容": "セントケア訪問看護ステーション熊本【訪問看護】熊本県熊本市中央区十禅寺１丁目３番１号", "url": "https://www.kaigokensaku.mhlw.go.jp/43/index.php?action_kouhyou_detail_004_kani=true&JigyosyoCd=4360190500-00&ServiceCd=130&Type=search", "url2": null }, "geometry": { "type": "Point", "coordinates": [ 130.695595700000013, 32.7801493 ] } },
{ "type": "Feature", "properties": { "内容": "訪問看護ステーションGood　Re-Life【訪問看護】熊本県熊本市中央区出水４丁目3-40アリアンス出水102", "url": "https://www.kaigokensaku.mhlw.go.jp/43/index.php?action_kouhyou_detail_004_kani=true&JigyosyoCd=4360192407-00&ServiceCd=130&Type=search", "url2": "https://goodrelife.wixsite.com/kumamoto" }, "geometry": { "type": "Point", "coordinates": [ 130.732972100000012, 32.7828923 ] } },
{ "type": "Feature", "properties": { "内容": "訪問看護ステーション　ラシクアーレ【訪問看護】熊本市中央区琴平2丁目6-44", "url": "https://www.kaigokensaku.mhlw.go.jp/43/index.php?action_kouhyou_detail_004_kani=true&JigyosyoCd=4360190591-00&ServiceCd=130&Type=search", "url2": "http://www.la-chic-ale.com" }, "geometry": { "type": "Point", "coordinates": [ 130.706553756436136, 32.785826455546726 ] } },
{ "type": "Feature", "properties": { "内容": "訪問看護ステーション　みらい【訪問看護】熊本県熊本市中央区出水7丁目79番18号", "url": "https://www.kaigokensaku.mhlw.go.jp/43/index.php?action_kouhyou_detail_004_kani=true&JigyosyoCd=4360191268-00&ServiceCd=130&Type=search", "url2": null }, "geometry": { "type": "Point", "coordinates": [ 130.723111289762471, 32.773726851627245 ] } },
{ "type": "Feature", "properties": { "内容": "訪問看護ステーション　フォレスト熊本【訪問看護】熊本県熊本市中央区渡鹿5丁目1番37号", "url": "https://www.kaigokensaku.mhlw.go.jp/43/index.php?action_kouhyou_detail_004_kani=true&JigyosyoCd=4360190146-00&ServiceCd=130&Type=search", "url2": "http://www.kyouninkai.jp/forest/" }, "geometry": { "type": "Point", "coordinates": [ 130.730489196958928, 32.811400577821786 ] } },
{ "type": "Feature", "properties": { "内容": "訪問看護ステーションkyo－can【訪問看護】熊本市中央区国府3-21-85オクヤマハイツⅡ201号", "url": "https://www.kaigokensaku.mhlw.go.jp/43/index.php?action_kouhyou_detail_004_kani=true&JigyosyoCd=4360191821-00&ServiceCd=130&Type=search", "url2": "http://www.houjyukai-g.jp/about/kyo-can/" }, "geometry": { "type": "Point", "coordinates": [ 130.721351989257329, 32.787083783749914 ] } },
{ "type": "Feature", "properties": { "内容": "九州記念病院訪問看護ステーション【訪問看護】熊本県熊本市中央区水前寺公園3-38", "url": "https://www.kaigokensaku.mhlw.go.jp/43/index.php?action_kouhyou_detail_004_kani=true&JigyosyoCd=4360190542-00&ServiceCd=130&Type=search", "url2": "houmon@kkh.jp" }, "geometry": { "type": "Point", "coordinates": [ 130.732155336892077, 32.791044209935542 ] } },
{ "type": "Feature", "properties": { "内容": "リデルホーム浄行寺【訪問看護】熊本県熊本市中央区薬園町2-1", "url": "https://www.kaigokensaku.mhlw.go.jp/43/index.php?action_kouhyou_detail_004_kani=true&JigyosyoCd=4360191722-00&ServiceCd=130&Type=search", "url2": "http://riddell-wright.com" }, "geometry": { "type": "Point", "coordinates": [ 130.7163137, 32.8136715 ] } },
{ "type": "Feature", "properties": { "内容": "訪問看護ステーション夕凪【訪問看護】熊本県熊本市中央区本山１丁目５番１６号", "url": "https://www.kaigokensaku.mhlw.go.jp/43/index.php?action_kouhyou_detail_004_kani=true&JigyosyoCd=4360192365-00&ServiceCd=130&Type=search", "url2": "https://murata.clinic/" }, "geometry": { "type": "Point", "coordinates": [ 130.6994772, 32.7907874 ] } },
{ "type": "Feature", "properties": { "内容": "訪問看護ステーションわれもこうぷらす【訪問看護】熊本市中央区水前寺5丁目17-18アネシス水前寺1F", "url": "https://www.kaigokensaku.mhlw.go.jp/43/index.php?action_kouhyou_detail_004_kani=true&JigyosyoCd=4360191623-00&ServiceCd=130&Type=search", "url2": "https://waremoko.jimdofree.com/" }, "geometry": { "type": "Point", "coordinates": [ 130.737696400000033, 32.7965784 ] } },
{ "type": "Feature", "properties": { "内容": "表参道吉田病院　訪問看護【訪問看護】熊本県熊本市中央区北千反畑町2番5号", "url": "https://www.kaigokensaku.mhlw.go.jp/43/index.php?action_kouhyou_detail_004_kani=true&JigyosyoCd=4310126083-00&ServiceCd=130&Type=search", "url2": "http://www.kiseikai.or.jp" }, "geometry": { "type": "Point", "coordinates": [ 130.7160265, 32.809054 ] } },
{ "type": "Feature", "properties": { "内容": "石原・伊牟田内科【訪問看護】熊本市中央区水前寺2-19-8", "url": "https://www.kaigokensaku.mhlw.go.jp/43/index.php?action_kouhyou_detail_004_kani=true&JigyosyoCd=4310124351-00&ServiceCd=130&Type=search", "url2": "https://ishihara-imuta-naika.com" }, "geometry": { "type": "Point", "coordinates": [ 130.7351423, 32.796167 ] } },
{ "type": "Feature", "properties": { "内容": "合同会社まいん【訪問看護】熊本県熊本市中央区本荘2丁目1-12", "url": "https://www.kaigokensaku.mhlw.go.jp/43/index.php?action_kouhyou_detail_004_kani=true&JigyosyoCd=4360191029-00&ServiceCd=130&Type=search", "url2": "http://kango-mine.com/wp7/login74031" }, "geometry": { "type": "Point", "coordinates": [ 130.713438099999962, 32.7954457 ] } },
{ "type": "Feature", "properties": { "内容": "訪問看護ステーション心愛【訪問看護】帯山3丁目53番32号ホークス坂田101", "url": "https://www.kaigokensaku.mhlw.go.jp/43/index.php?action_kouhyou_detail_004_kani=true&JigyosyoCd=4360192036-00&ServiceCd=130&Type=search", "url2": "https://www.cocoa20230401.com/" }, "geometry": { "type": "Point", "coordinates": [ 130.7506166, 32.7967713 ] } },
{ "type": "Feature", "properties": { "内容": "訪問看護ステーションCOCCOLEA【訪問看護】熊本県熊本市中央区帯山6丁目7-101-1オリーブ帯山3号棟", "url": "https://www.kaigokensaku.mhlw.go.jp/43/index.php?action_kouhyou_detail_004_kani=true&JigyosyoCd=4360192183-00&ServiceCd=130&Type=search", "url2": "https://coccolea.my.canva.site/" }, "geometry": { "type": "Point", "coordinates": [ 130.7572836, 32.8021822 ] } },
{ "type": "Feature", "properties": { "内容": "かたーれ訪問看護ステーション【訪問看護】熊本県熊本市中央区大江1丁目19-11", "url": "https://www.kaigokensaku.mhlw.go.jp/43/index.php?action_kouhyou_detail_004_kani=true&JigyosyoCd=4360191441-00&ServiceCd=130&Type=search", "url2": null }, "geometry": { "type": "Point", "coordinates": [ 130.727827151433473, 32.808866818332127 ] } },
{ "type": "Feature", "properties": { "内容": "訪問看護ステーション　コルディアーレ熊本【訪問看護】熊本県熊本市中央区辛島町4-26　レジディア熊本辛島2-B号室レジディア熊本辛島2B号室", "url": "https://www.kaigokensaku.mhlw.go.jp/43/index.php?action_kouhyou_detail_004_kani=true&JigyosyoCd=4360192613-00&ServiceCd=130&Type=search", "url2": "https://www.jsh-japan.jp/cordiale-recruit/station_post/%E8%A8%AA%E5%95%8F%E7%9C%8B%E8%AD%B7%E3%82%B9%E3%83%86%E3%83%BC%E3%82%B7%E3%83%A7%E3%83%B3-%E3%82%B3%E3%83%AB%E3%83%87%E3%82%A3%E3%82%A2%E3%83%BC%E3%83%AC%E7%86%8A%E6%9C%AC/" }, "geometry": { "type": "Point", "coordinates": [ 130.7006467, 32.7994332 ] } },
{ "type": "Feature", "properties": { "内容": "けいず訪問看護ｽﾃｰｼｮﾝ【訪問看護】熊本県熊本市中央区新大江3丁目10番8号", "url": "https://www.kaigokensaku.mhlw.go.jp/43/index.php?action_kouhyou_detail_004_kani=true&JigyosyoCd=4360191102-00&ServiceCd=130&Type=search", "url2": null }, "geometry": { "type": "Point", "coordinates": [ 130.738595474868816, 32.8023067451714 ] } },
{ "type": "Feature", "properties": { "内容": "マワル訪問看護ステーション【訪問看護】熊本市中央区大江4丁目７－１０－１号", "url": "https://www.kaigokensaku.mhlw.go.jp/43/index.php?action_kouhyou_detail_004_kani=true&JigyosyoCd=4360191995-00&ServiceCd=130&Type=search", "url2": null }, "geometry": { "type": "Point", "coordinates": [ 130.720730593254103, 32.801621409068559 ] } },
{ "type": "Feature", "properties": { "内容": "訪問看護ステーションReafくまもと【訪問看護】子飼本町1-25シンフォニーハイツ1階", "url": "https://www.kaigokensaku.mhlw.go.jp/43/index.php?action_kouhyou_detail_004_kani=true&JigyosyoCd=4360192100-00&ServiceCd=130&Type=search", "url2": "©　kumamoto_reaf" }, "geometry": { "type": "Point", "coordinates": [ 130.722253099999989, 32.8127431 ] } },
{ "type": "Feature", "properties": { "内容": "訪問看護ステーションARTE京町【訪問看護】熊本市中央区京町2丁目7番34号", "url": "https://www.kaigokensaku.mhlw.go.jp/43/index.php?action_kouhyou_detail_004_kani=true&JigyosyoCd=4360191607-00&ServiceCd=130&Type=search", "url2": "https://arte-houmonkango.com/" }, "geometry": { "type": "Point", "coordinates": [ 130.70534760000001, 32.8157799 ] } },
{ "type": "Feature", "properties": { "内容": "訪問看護ステーションライム【訪問看護】上京塚町４－１５", "url": "https://www.kaigokensaku.mhlw.go.jp/43/index.php?action_kouhyou_detail_004_kani=true&JigyosyoCd=4360191003-00&ServiceCd=130&Type=search", "url2": "http://www.pure-sml.jp/" }, "geometry": { "type": "Point", "coordinates": [ 130.7461336, 32.7902131 ] } },
{ "type": "Feature", "properties": { "内容": "くまもと麻酔科クリニック【訪問看護】東区沼山津1-3-1サンセール健軍東", "url": "https://www.kaigokensaku.mhlw.go.jp/43/index.php?action_kouhyou_detail_004_kani=true&JigyosyoCd=4310126190-00&ServiceCd=130&Type=search", "url2": "http://higashi.us" }, "geometry": { "type": "Point", "coordinates": [ 130.775259799999958, 32.777483430877979 ] } },
{ "type": "Feature", "properties": { "内容": "訪問看護ステーション昭和【訪問看護】熊本市東区尾ノ上3丁目3－1", "url": "https://www.kaigokensaku.mhlw.go.jp/43/index.php?action_kouhyou_detail_004_kani=true&JigyosyoCd=4360190872-00&ServiceCd=130&Type=search", "url2": "http://zinpukai.com/002body.html" }, "geometry": { "type": "Point", "coordinates": [ 130.754983300000049, 32.7955765 ] } },
{ "type": "Feature", "properties": { "内容": "合同会社Nstyle【訪問看護】熊本県熊本市東区新南部3丁目5-50光産ハイツB202", "url": "https://www.kaigokensaku.mhlw.go.jp/43/index.php?action_kouhyou_detail_004_kani=true&JigyosyoCd=4360191235-00&ServiceCd=130&Type=search", "url2": null }, "geometry": { "type": "Point", "coordinates": [ 130.746700199999964, 32.8138887 ] } },
{ "type": "Feature", "properties": { "内容": "訪問看護ステーション　えいど【訪問看護】熊本県熊本市東区花立５丁目１２－１花立ファミリーハウス１０１号", "url": "https://www.kaigokensaku.mhlw.go.jp/43/index.php?action_kouhyou_detail_004_kani=true&JigyosyoCd=4360191326-00&ServiceCd=130&Type=search", "url2": "https://2019lavie.wixsite.com/-site" }, "geometry": { "type": "Point", "coordinates": [ 130.773693699999967, 32.787656 ] } },
{ "type": "Feature", "properties": { "内容": "訪問看護ステーションクレイン【訪問看護】熊本県熊本市東区月出4丁目4番70号さくらコーポ101号", "url": "https://www.kaigokensaku.mhlw.go.jp/43/index.php?action_kouhyou_detail_004_kani=true&JigyosyoCd=4360191342-00&ServiceCd=130&Type=search", "url2": "niki-hp.or.jp" }, "geometry": { "type": "Point", "coordinates": [ 130.7682529, 32.8027805 ] } },
{ "type": "Feature", "properties": { "内容": "訪問看護ステーション尾ノ上【訪問看護】熊本市東区尾ノ上3丁目1番34号", "url": "https://www.kaigokensaku.mhlw.go.jp/43/index.php?action_kouhyou_detail_004_kani=true&JigyosyoCd=4360190534-00&ServiceCd=130&Type=search", "url2": null }, "geometry": { "type": "Point", "coordinates": [ 130.75397769999995, 32.7957626 ] } },
{ "type": "Feature", "properties": { "内容": "訪問看護ステーション　小福【訪問看護】熊本県熊本市東区御領5丁目９－２０御領ハイツ111号室", "url": "https://www.kaigokensaku.mhlw.go.jp/43/index.php?action_kouhyou_detail_004_kani=true&JigyosyoCd=4360191227-00&ServiceCd=130&Type=search", "url2": null }, "geometry": { "type": "Point", "coordinates": [ 130.7707359, 32.8279342 ] } },
{ "type": "Feature", "properties": { "内容": "HALECARE訪問看護熊本【訪問看護】熊本県熊本市東区尾ノ上3丁目3－87エクセルコートM.O102", "url": "https://www.kaigokensaku.mhlw.go.jp/43/index.php?action_kouhyou_detail_004_kani=true&JigyosyoCd=4360191763-00&ServiceCd=130&Type=search", "url2": null }, "geometry": { "type": "Point", "coordinates": [ 130.7560057, 32.7948806 ] } },
{ "type": "Feature", "properties": { "内容": "訪問看護リハビリステーション福丸【訪問看護】熊本県熊本市東区桜木３丁目７－７", "url": "https://www.kaigokensaku.mhlw.go.jp/43/index.php?action_kouhyou_detail_004_kani=true&JigyosyoCd=4362890131-00&ServiceCd=130&Type=search", "url2": "https://fukumaru-fukurou.com/nursinghome/" }, "geometry": { "type": "Point", "coordinates": [ 130.777651429360958, 32.785013675970845 ] } },
{ "type": "Feature", "properties": { "内容": "医療法人社団トータルケアむらかみ内科クリニック【訪問看護】熊本県熊本市東区山ノ神2-2-32むらかみ内科クリニック", "url": "https://www.kaigokensaku.mhlw.go.jp/43/index.php?action_kouhyou_detail_004_kani=true&JigyosyoCd=4317210526-00&ServiceCd=130&Type=search", "url2": "www.murakaminaika096.com" }, "geometry": { "type": "Point", "coordinates": [ 130.777715, 32.79805 ] } },
{ "type": "Feature", "properties": { "内容": "子どもセンター訪問看護ステーション【訪問看護】熊本県熊本市東区健軍2-2-5NKビル2階", "url": "https://www.kaigokensaku.mhlw.go.jp/43/index.php?action_kouhyou_detail_004_kani=true&JigyosyoCd=4360192415-00&ServiceCd=130&Type=search", "url2": null }, "geometry": { "type": "Point", "coordinates": [ 130.7468623, 32.7842444 ] } },
{ "type": "Feature", "properties": { "内容": "訪問看護ステーションさゆは【訪問看護】熊本県熊本市東区新生2-24-7", "url": "https://www.kaigokensaku.mhlw.go.jp/43/index.php?action_kouhyou_detail_004_kani=true&JigyosyoCd=4360192548-00&ServiceCd=130&Type=search", "url2": "https://xn--n8jxdpek.my.canva.site/irodori" }, "geometry": { "type": "Point", "coordinates": [ 130.759323, 32.7766125 ] } },
{ "type": "Feature", "properties": { "内容": "訪問看護ステーションのの花【訪問看護】保田窪5丁目11番99号エクセレントビューJTC-1", "url": "https://www.kaigokensaku.mhlw.go.jp/43/index.php?action_kouhyou_detail_004_kani=true&JigyosyoCd=4360191219-00&ServiceCd=130&Type=search", "url2": null }, "geometry": { "type": "Point", "coordinates": [ 130.754827699999964, 32.8114917 ] } },
{ "type": "Feature", "properties": { "内容": "アタカ訪問看護ステーション【訪問看護】熊本県熊本市東区花立５丁目4-76グランフィーネ健軍東", "url": "https://www.kaigokensaku.mhlw.go.jp/43/index.php?action_kouhyou_detail_004_kani=true&JigyosyoCd=4360192639-00&ServiceCd=130&Type=search", "url2": "https://ataka-kaigo.jp/" }, "geometry": { "type": "Point", "coordinates": [ 130.7710684, 32.7850447 ] } },
{ "type": "Feature", "properties": { "内容": "医療法人　伸生紀　訪問看護ステーションコスモピアdonna【訪問看護】尾ノ上1丁目8-8", "url": "https://www.kaigokensaku.mhlw.go.jp/43/index.php?action_kouhyou_detail_004_kani=true&JigyosyoCd=4360192316-00&ServiceCd=130&Type=search", "url2": "https://donna-houkan.com/" }, "geometry": { "type": "Point", "coordinates": [ 130.7510346, 32.7888437 ] } },
{ "type": "Feature", "properties": { "内容": "助さん格さん　訪問看護ステーション【訪問看護】熊本県　熊本市東区　長嶺西1丁目　8-22", "url": "https://www.kaigokensaku.mhlw.go.jp/43/index.php?action_kouhyou_detail_004_kani=true&JigyosyoCd=4360190997-00&ServiceCd=130&Type=search", "url2": null }, "geometry": { "type": "Point", "coordinates": [ 130.762617927500088, 32.81337461458871 ] } },
{ "type": "Feature", "properties": { "内容": "訪問看護ステーションたくまだい熊本【訪問看護】熊本市東区尾ノ上1-14-27", "url": "https://www.kaigokensaku.mhlw.go.jp/43/index.php?action_kouhyou_detail_004_kani=true&JigyosyoCd=4360190047-00&ServiceCd=130&Type=search", "url2": "http://www.horio-kai.or.jp" }, "geometry": { "type": "Point", "coordinates": [ 130.7514751, 32.7898992 ] } },
{ "type": "Feature", "properties": { "内容": "訪問看護ステーション　ふれ愛【訪問看護】熊本市東区戸島２丁目３番１５号", "url": "https://www.kaigokensaku.mhlw.go.jp/43/index.php?action_kouhyou_detail_004_kani=true&JigyosyoCd=4360190062-00&ServiceCd=130&Type=search", "url2": "https://seijin-kumamoto.or.jp" }, "geometry": { "type": "Point", "coordinates": [ 130.7929249, 32.8167057 ] } },
{ "type": "Feature", "properties": { "内容": "熊本県看護協会訪問看護ステーションくまもと【訪問看護】熊本市東区花立5丁目14番17号", "url": "https://www.kaigokensaku.mhlw.go.jp/43/index.php?action_kouhyou_detail_004_kani=true&JigyosyoCd=4360190096-00&ServiceCd=130&Type=search", "url2": "http://www.kna.or.jp/" }, "geometry": { "type": "Point", "coordinates": [ 130.774221, 32.7856971 ] } },
{ "type": "Feature", "properties": { "内容": "鶴友会訪問看護ステーション【訪問看護】熊本市東区保田窪本町10番112", "url": "https://www.kaigokensaku.mhlw.go.jp/43/index.php?action_kouhyou_detail_004_kani=true&JigyosyoCd=4360190195-00&ServiceCd=130&Type=search", "url2": "http://www.kakuyuukai.or.jp" }, "geometry": { "type": "Point", "coordinates": [ 130.74710570000002, 32.808017 ] } },
{ "type": "Feature", "properties": { "内容": "訪問看護ステーション　聖嶺【訪問看護】熊本市東区八反田３丁目２０－１", "url": "https://www.kaigokensaku.mhlw.go.jp/43/index.php?action_kouhyou_detail_004_kani=true&JigyosyoCd=4360190237-00&ServiceCd=130&Type=search", "url2": "http://www.nishinihon.or.jp" }, "geometry": { "type": "Point", "coordinates": [ 130.7706627, 32.8211244 ] } },
{ "type": "Feature", "properties": { "内容": "特定医療法人萬生会　萬生会訪問看護ステーション【訪問看護】熊本県熊本市東区月出４丁目４番３１号", "url": "https://www.kaigokensaku.mhlw.go.jp/43/index.php?action_kouhyou_detail_004_kani=true&JigyosyoCd=4360190518-00&ServiceCd=130&Type=search", "url2": "https://vansay.jp/zaitaku/nursing" }, "geometry": { "type": "Point", "coordinates": [ 130.767592188529989, 32.803858628738929 ] } },
{ "type": "Feature", "properties": { "内容": "Let'sナース熊本東【訪問看護】熊本市東区三郎1-12-25", "url": "https://www.kaigokensaku.mhlw.go.jp/43/index.php?action_kouhyou_detail_004_kani=true&JigyosyoCd=4360191250-00&ServiceCd=130&Type=search", "url2": null }, "geometry": { "type": "Point", "coordinates": [ 130.7583942, 32.7998984 ] } },
{ "type": "Feature", "properties": { "内容": "訪問看護ステーションすみれ【訪問看護】熊本県熊本市東区長嶺西2丁目15番124号", "url": "https://www.kaigokensaku.mhlw.go.jp/43/index.php?action_kouhyou_detail_004_kani=true&JigyosyoCd=4360191482-00&ServiceCd=130&Type=search", "url2": "karin-eiseikai.com" }, "geometry": { "type": "Point", "coordinates": [ 130.766412800000012, 32.8156453 ] } },
{ "type": "Feature", "properties": { "内容": "り・りあん訪問看護ステーション【訪問看護】熊本県熊本市東区尾ノ上3丁目13－136", "url": "https://www.kaigokensaku.mhlw.go.jp/43/index.php?action_kouhyou_detail_004_kani=true&JigyosyoCd=4360192266-00&ServiceCd=130&Type=search", "url2": "ririan.jp" }, "geometry": { "type": "Point", "coordinates": [ 130.7574095, 32.7967853 ] } },
{ "type": "Feature", "properties": { "内容": "医療法人社団仁風会　比企病院【訪問看護】熊本県熊本市東区尾ノ上3-1-34", "url": "https://www.kaigokensaku.mhlw.go.jp/43/index.php?action_kouhyou_detail_004_kani=true&JigyosyoCd=4310120656-00&ServiceCd=130&Type=search", "url2": null }, "geometry": { "type": "Point", "coordinates": [ 130.7540227, 32.795737 ] } },
{ "type": "Feature", "properties": { "内容": "ニチイケアセンター保田窪訪問看護ステーション【訪問看護】熊本市東区保田窪4-10-68", "url": "https://www.kaigokensaku.mhlw.go.jp/43/index.php?action_kouhyou_detail_004_kani=true&JigyosyoCd=4360190567-00&ServiceCd=130&Type=search", "url2": null }, "geometry": { "type": "Point", "coordinates": [ 130.75818860000004, 32.8094225 ] } },
{ "type": "Feature", "properties": { "内容": "訪問看護ステーションわかば【訪問看護】熊本県熊本市東区若葉2-13-16", "url": "https://www.kaigokensaku.mhlw.go.jp/43/index.php?action_kouhyou_detail_004_kani=true&JigyosyoCd=4360190690-00&ServiceCd=130&Type=search", "url2": "http://www.wakaba-cl.jp/" }, "geometry": { "type": "Point", "coordinates": [ 130.759286438623008, 32.774549103078918 ] } },
{ "type": "Feature", "properties": { "内容": "Lit訪問看護ステーションくまもと【訪問看護】熊本県熊本市東区長嶺南7丁目1-6Seres長嶺401号", "url": "https://www.kaigokensaku.mhlw.go.jp/43/index.php?action_kouhyou_detail_004_kani=true&JigyosyoCd=4360192019-00&ServiceCd=130&Type=search", "url2": "https://www.hack-office.com/kumamoto/" }, "geometry": { "type": "Point", "coordinates": [ 130.773296922684494, 32.815108923982521 ] } },
{ "type": "Feature", "properties": { "内容": "あやの里訪問看護ステーション【訪問看護】熊本市東区山ノ内2-1-4", "url": "https://www.kaigokensaku.mhlw.go.jp/43/index.php?action_kouhyou_detail_004_kani=true&JigyosyoCd=4360192480-00&ServiceCd=130&Type=search", "url2": "http://ayanosato.net" }, "geometry": { "type": "Point", "coordinates": [ 130.7685272, 32.7983354 ] } },
{ "type": "Feature", "properties": { "内容": "訪問看護ステーション　はーとぷらす【訪問看護】熊本県熊本市東区佐土原3丁目9番25号", "url": "https://www.kaigokensaku.mhlw.go.jp/43/index.php?action_kouhyou_detail_004_kani=true&JigyosyoCd=4360192134-00&ServiceCd=130&Type=search", "url2": "https://heartplus-hc.com" }, "geometry": { "type": "Point", "coordinates": [ 130.780540500455487, 32.79474131883515 ] } },
{ "type": "Feature", "properties": { "内容": "UMICAHI訪問看護リハビリステーション【訪問看護】熊本県熊本市東区小峯2-1-8", "url": "https://www.kaigokensaku.mhlw.go.jp/43/index.php?action_kouhyou_detail_004_kani=true&JigyosyoCd=4360191672-00&ServiceCd=130&Type=search", "url2": "https://umicahi.com/" }, "geometry": { "type": "Point", "coordinates": [ 130.77385167985824, 32.803201177027979 ] } },
{ "type": "Feature", "properties": { "内容": "訪問看護ステーションspito-スピット-【訪問看護】石原1丁目2-5", "url": "https://www.kaigokensaku.mhlw.go.jp/43/index.php?action_kouhyou_detail_004_kani=true&JigyosyoCd=4360190831-00&ServiceCd=130&Type=search", "url2": "http://spito-kumamoto.jp/" }, "geometry": { "type": "Point", "coordinates": [ 130.776368780489577, 32.839629521279576 ] } },
{ "type": "Feature", "properties": { "内容": "訪問看護ステーションデューン東熊本【訪問看護】熊本県熊本市東区花立5丁目10番25号エスポアール・フルール102号室", "url": "https://www.kaigokensaku.mhlw.go.jp/43/index.php?action_kouhyou_detail_004_kani=true&JigyosyoCd=4360191177-00&ServiceCd=130&Type=search", "url2": "http://www.nfield.co.jp/" }, "geometry": { "type": "Point", "coordinates": [ 130.774093200000038, 32.788616300000037 ] } },
{ "type": "Feature", "properties": { "内容": "訪問看護ステーション　ニーズ【訪問看護】熊本県熊本市東区新外3丁目6-26ボナールハイム新外105", "url": "https://www.kaigokensaku.mhlw.go.jp/43/index.php?action_kouhyou_detail_004_kani=true&JigyosyoCd=4360191557-00&ServiceCd=130&Type=search", "url2": "https://needs-kumamoto.net" }, "geometry": { "type": "Point", "coordinates": [ 130.7650476, 32.7987112 ] } },
{ "type": "Feature", "properties": { "内容": "江津しょうぶ苑　訪問看護ステーション【訪問看護】熊本市東区画図町所島１０３９", "url": "https://www.kaigokensaku.mhlw.go.jp/43/index.php?action_kouhyou_detail_004_kani=true&JigyosyoCd=4360190609-00&ServiceCd=130&Type=search", "url2": "http://www/shobuen.com/edu.html" }, "geometry": { "type": "Point", "coordinates": [ 130.73545477354125, 32.770363293554645 ] } },
{ "type": "Feature", "properties": { "内容": "訪問看護ステーション　御領【訪問看護】熊本県熊本市東区御領1丁目10-30", "url": "https://www.kaigokensaku.mhlw.go.jp/43/index.php?action_kouhyou_detail_004_kani=true&JigyosyoCd=4360192647-00&ServiceCd=130&Type=search", "url2": "https://edu-kuri8404.com/" }, "geometry": { "type": "Point", "coordinates": [ 130.7623156, 32.8195087 ] } },
{ "type": "Feature", "properties": { "内容": "たっく　リハサポートセンター【訪問看護】熊本市東区上南部２丁目１－６７", "url": "https://www.kaigokensaku.mhlw.go.jp/43/index.php?action_kouhyou_detail_004_kani=true&JigyosyoCd=4360190385-00&ServiceCd=130&Type=search", "url2": "https://www.kumasuma.co.jp" }, "geometry": { "type": "Point", "coordinates": [ 130.765754600000037, 32.8287652 ] } },
{ "type": "Feature", "properties": { "内容": "アステル訪問看護ステーション【訪問看護】熊本県熊本市東区長嶺東8丁目6-77ハーミテイジ長嶺壱番館　105号", "url": "https://www.kaigokensaku.mhlw.go.jp/43/index.php?action_kouhyou_detail_004_kani=true&JigyosyoCd=4360191292-00&ServiceCd=130&Type=search", "url2": null }, "geometry": { "type": "Point", "coordinates": [ 130.7785404, 32.8315804 ] } },
{ "type": "Feature", "properties": { "内容": "訪問看護ステーションSowaka【訪問看護】熊本県熊本市東区月出2丁目4−41２F", "url": "https://www.kaigokensaku.mhlw.go.jp/43/index.php?action_kouhyou_detail_004_kani=true&JigyosyoCd=4360191581-00&ServiceCd=130&Type=search", "url2": "https://sowaka.info/nursing/" }, "geometry": { "type": "Point", "coordinates": [ 130.762093444844083, 32.802756461865094 ] } },
{ "type": "Feature", "properties": { "内容": "訪問看護ステーションまいん・ひがし【訪問看護】花立2丁目5－7", "url": "https://www.kaigokensaku.mhlw.go.jp/43/index.php?action_kouhyou_detail_004_kani=true&JigyosyoCd=4360191904-00&ServiceCd=130&Type=search", "url2": "https://kango-mine.com/" }, "geometry": { "type": "Point", "coordinates": [ 130.7745356, 32.7812168 ] } },
{ "type": "Feature", "properties": { "内容": "しろ訪問かんごステーション【訪問看護】熊本県熊本市東区山ノ内3-5-5", "url": "https://www.kaigokensaku.mhlw.go.jp/43/index.php?action_kouhyou_detail_004_kani=true&JigyosyoCd=4360191805-00&ServiceCd=130&Type=search", "url2": "https://wilvy.jp/" }, "geometry": { "type": "Point", "coordinates": [ 130.7682529, 32.7954321 ] } },
{ "type": "Feature", "properties": { "内容": "訪問看護ステーションブロッサムわかば【訪問看護】熊本県熊本市東区若葉一丁目33番16号", "url": "https://www.kaigokensaku.mhlw.go.jp/43/index.php?action_kouhyou_detail_004_kani=true&JigyosyoCd=4360192027-00&ServiceCd=130&Type=search", "url2": "hc-b.com" }, "geometry": { "type": "Point", "coordinates": [ 130.76124630000001, 32.7763886 ] } },
{ "type": "Feature", "properties": { "内容": "訪問看護ステーション　湧水の郷【訪問看護】江津３丁目4番12号Hagino51.BLDHagino51.BLD", "url": "https://www.kaigokensaku.mhlw.go.jp/43/index.php?action_kouhyou_detail_004_kani=true&JigyosyoCd=4360190898-00&ServiceCd=130&Type=search", "url2": "http://www.yusuinosato.com/" }, "geometry": { "type": "Point", "coordinates": [ 130.736957556591733, 32.774800451399607 ] } },
{ "type": "Feature", "properties": { "内容": "ライフサポート熊本訪問看護ステーション【訪問看護】熊本県熊本市東区戸島西1丁目23番63号", "url": "https://www.kaigokensaku.mhlw.go.jp/43/index.php?action_kouhyou_detail_004_kani=true&JigyosyoCd=4360191128-00&ServiceCd=130&Type=search", "url2": null }, "geometry": { "type": "Point", "coordinates": [ 130.7859674, 32.8094648 ] } },
{ "type": "Feature", "properties": { "内容": "訪問看護ステーション　そらから【訪問看護】熊本県熊本市東区東野3丁目16-17", "url": "https://www.kaigokensaku.mhlw.go.jp/43/index.php?action_kouhyou_detail_004_kani=true&JigyosyoCd=4360192621-00&ServiceCd=130&Type=search", "url2": "https://colorshouse.jp/" }, "geometry": { "type": "Point", "coordinates": [ 130.766095799999988, 32.7735763 ] } },
{ "type": "Feature", "properties": { "内容": "訪問看護ステーションS'appuyer【訪問看護】熊本県熊本市東区月出5丁目4番5号", "url": "https://www.kaigokensaku.mhlw.go.jp/43/index.php?action_kouhyou_detail_004_kani=true&JigyosyoCd=4360192829-00&ServiceCd=130&Type=search", "url2": null }, "geometry": { "type": "Point", "coordinates": [ 130.774628799999988, 32.8046769 ] } },
{ "type": "Feature", "properties": { "内容": "訪問看護ステーションReLife熊本【訪問看護】熊本県熊本市東区戸島本町7−１", "url": "https://www.kaigokensaku.mhlw.go.jp/43/index.php?action_kouhyou_detail_004_kani=true&JigyosyoCd=4360192787-00&ServiceCd=130&Type=search", "url2": null }, "geometry": { "type": "Point", "coordinates": [ 130.7976923, 32.8201327 ] } },
{ "type": "Feature", "properties": { "内容": "訪問看護KISAUM【訪問看護】熊本県熊本市東区月出7丁目1-12エレガンス月出1階2号", "url": "https://www.kaigokensaku.mhlw.go.jp/43/index.php?action_kouhyou_detail_004_kani=true&JigyosyoCd=4360192175-00&ServiceCd=130&Type=search", "url2": "https://k-kisaum.jp/home-nursing/" }, "geometry": { "type": "Point", "coordinates": [ 130.768190022090153, 32.808610304583169 ] } },
{ "type": "Feature", "properties": { "内容": "訪問看護ステーション　あいとわ【訪問看護】熊本県熊本市東区保田窪3丁目3-52", "url": "https://www.kaigokensaku.mhlw.go.jp/43/index.php?action_kouhyou_detail_004_kani=true&JigyosyoCd=4360192654-00&ServiceCd=130&Type=search", "url2": null }, "geometry": { "type": "Point", "coordinates": [ 130.750766, 32.8071836 ] } },
{ "type": "Feature", "properties": { "内容": "株式会社いろは【訪問看護】湖東２丁目34-14", "url": "https://www.kaigokensaku.mhlw.go.jp/43/index.php?action_kouhyou_detail_004_kani=true&JigyosyoCd=4360191649-00&ServiceCd=130&Type=search", "url2": null }, "geometry": { "type": "Point", "coordinates": [ 130.746932500000014, 32.7792682 ] } },
{ "type": "Feature", "properties": { "内容": "訪問看護ステーション　プラム【訪問看護】熊本県熊本市東区新南部3丁目7-45ジュピターホーク402号", "url": "https://www.kaigokensaku.mhlw.go.jp/43/index.php?action_kouhyou_detail_004_kani=true&JigyosyoCd=4360192753-00&ServiceCd=130&Type=search", "url2": "https://yuinosato02.com/support/" }, "geometry": { "type": "Point", "coordinates": [ 130.7477073, 32.815952 ] } },
{ "type": "Feature", "properties": { "内容": "訪問看護リハビリステーション　365ナースKUMAMOTO【訪問看護】熊本市東区月出１丁目1番５３号", "url": "https://www.kaigokensaku.mhlw.go.jp/43/index.php?action_kouhyou_detail_004_kani=true&JigyosyoCd=4360192696-00&ServiceCd=130&Type=search", "url2": null }, "geometry": { "type": "Point", "coordinates": [ 130.7616295, 32.8003544 ] } },
{ "type": "Feature", "properties": { "内容": "ハートマップ訪問看護ステーション【訪問看護】熊本県熊本市東区桜木4丁目17-13はーとまっぷ桜木デイサービスセンター", "url": "https://www.kaigokensaku.mhlw.go.jp/43/index.php?action_kouhyou_detail_004_kani=true&JigyosyoCd=4360192738-00&ServiceCd=130&Type=search", "url2": "http://kk-heartmap.com" }, "geometry": { "type": "Point", "coordinates": [ 130.7816138, 32.7844538 ] } },
{ "type": "Feature", "properties": { "内容": "訪問看護ステーション湯の郷くまもと【訪問看護】熊本県熊本市東区戸島6丁目16-52", "url": "https://www.kaigokensaku.mhlw.go.jp/43/index.php?action_kouhyou_detail_004_kani=true&JigyosyoCd=4360192324-00&ServiceCd=130&Type=search", "url2": "https://yunosato.jp/pages/426/" }, "geometry": { "type": "Point", "coordinates": [ 130.805615499999988, 32.8176874 ] } },
{ "type": "Feature", "properties": { "内容": "訪問看護ステーションCruto佐土原【訪問看護】熊本県熊本市東区佐土原1丁目4ｰ1", "url": "https://www.kaigokensaku.mhlw.go.jp/43/index.php?action_kouhyou_detail_004_kani=true&JigyosyoCd=4360191888-00&ServiceCd=130&Type=search", "url2": "http://www.cruto.net/" }, "geometry": { "type": "Point", "coordinates": [ 130.7715871, 32.7892969 ] } },
{ "type": "Feature", "properties": { "内容": "訪問看護ステーションダリア【訪問看護】熊本県熊本市東区東野2丁目16-3", "url": "https://www.kaigokensaku.mhlw.go.jp/43/index.php?action_kouhyou_detail_004_kani=true&JigyosyoCd=4360192837-00&ServiceCd=130&Type=search", "url2": null }, "geometry": { "type": "Point", "coordinates": [ 130.7723904, 32.7758866 ] } },
{ "type": "Feature", "properties": { "内容": "訪問看護ステーション　ラピレス熊本東【訪問看護】熊本県熊本市東区２丁目16−３シャトレー下南部105号", "url": "https://www.kaigokensaku.mhlw.go.jp/43/index.php?action_kouhyou_detail_004_kani=true&JigyosyoCd=4360192878-00&ServiceCd=130&Type=search", "url2": null }, "geometry": { "type": "Point", "coordinates": [ 130.788143600000012, 32.8287443 ] } },
{ "type": "Feature", "properties": { "内容": "訪問看護ステーション　らいふ【訪問看護】熊本県熊本市西区池田3丁目38-11", "url": "https://www.kaigokensaku.mhlw.go.jp/43/index.php?action_kouhyou_detail_004_kani=true&JigyosyoCd=4360190302-00&ServiceCd=130&Type=search", "url2": "http://www.sakuragaoka.or.jp/rehabilitation/visitingcare.html" }, "geometry": { "type": "Point", "coordinates": [ 130.701871954596299, 32.831951735473915 ] } },
{ "type": "Feature", "properties": { "内容": "訪問看護ステーションともに【訪問看護】熊本県熊本市西区池田３丁目44-1", "url": "https://www.kaigokensaku.mhlw.go.jp/43/index.php?action_kouhyou_detail_004_kani=true&JigyosyoCd=4360191391-00&ServiceCd=130&Type=search", "url2": "www.sakuragaoka.or.jp/" }, "geometry": { "type": "Point", "coordinates": [ 130.701070100000038, 32.8312316 ] } },
{ "type": "Feature", "properties": { "内容": "訪問看護ステーション　ヴォイス【訪問看護】熊本県熊本市西区春日７丁目１６－８", "url": "https://www.kaigokensaku.mhlw.go.jp/43/index.php?action_kouhyou_detail_004_kani=true&JigyosyoCd=4360191565-00&ServiceCd=130&Type=search", "url2": "https://voice-reborn.jp/" }, "geometry": { "type": "Point", "coordinates": [ 130.681459200000035, 32.786101500000015 ] } },
{ "type": "Feature", "properties": { "内容": "訪問看護ステーションはなぞの【訪問看護】熊本県熊本市西区花園1-12-8", "url": "https://www.kaigokensaku.mhlw.go.jp/43/index.php?action_kouhyou_detail_004_kani=true&JigyosyoCd=4360191862-00&ServiceCd=130&Type=search", "url2": null }, "geometry": { "type": "Point", "coordinates": [ 130.6966841, 32.8125255 ] } },
{ "type": "Feature", "properties": { "内容": "訪問看護ステーション縁（えん）小島【訪問看護】熊本県熊本市小島９丁目１番４０号", "url": "https://www.kaigokensaku.mhlw.go.jp/43/index.php?action_kouhyou_detail_004_kani=true&JigyosyoCd=4360191151-00&ServiceCd=130&Type=search", "url2": "https://www.living-sp.com/" }, "geometry": { "type": "Point", "coordinates": [ 130.632640579762182, 32.780286836172195 ] } },
{ "type": "Feature", "properties": { "内容": "上代成城訪問看護ステーション【訪問看護】熊本県熊本市西区上代8丁目8－7サンガーデンリヴェールA102号室", "url": "https://www.kaigokensaku.mhlw.go.jp/43/index.php?action_kouhyou_detail_004_kani=true&JigyosyoCd=4360192126-00&ServiceCd=130&Type=search", "url2": null }, "geometry": { "type": "Point", "coordinates": [ 130.6647246, 32.7825459 ] } },
{ "type": "Feature", "properties": { "内容": "訪問看護ステーション夢眠くまもとにし【訪問看護】小島九丁目1番50号", "url": "https://www.kaigokensaku.mhlw.go.jp/43/index.php?action_kouhyou_detail_004_kani=true&JigyosyoCd=4360192258-00&ServiceCd=130&Type=search", "url2": null }, "geometry": { "type": "Point", "coordinates": [ 135.516799, 34.6689664 ] } },
{ "type": "Feature", "properties": { "内容": "訪問看護ステーションのぞみ【訪問看護】熊本市西区河内町船津897", "url": "https://www.kaigokensaku.mhlw.go.jp/43/index.php?action_kouhyou_detail_004_kani=true&JigyosyoCd=4360190112-00&ServiceCd=130&Type=search", "url2": "聖ヶ塔病院で検索" }, "geometry": { "type": "Point", "coordinates": [ 130.582286787033155, 32.835977661541776 ] } },
{ "type": "Feature", "properties": { "内容": "KKF訪問看護ステーション【訪問看護】熊本市西区花園7丁目25-23", "url": "https://www.kaigokensaku.mhlw.go.jp/43/index.php?action_kouhyou_detail_004_kani=true&JigyosyoCd=4360190666-00&ServiceCd=130&Type=search", "url2": "http://www.shunkokai.jp" }, "geometry": { "type": "Point", "coordinates": [ 130.690531099999987, 32.826255 ] } },
{ "type": "Feature", "properties": { "内容": "あまてらす訪問看護ステーション　はなぞの西花【訪問看護】熊本県熊本市西区島崎5丁目4-40B棟", "url": "https://www.kaigokensaku.mhlw.go.jp/43/index.php?action_kouhyou_detail_004_kani=true&JigyosyoCd=4360191961-00&ServiceCd=130&Type=search", "url2": "http://kumamoto-amaterasu.info/" }, "geometry": { "type": "Point", "coordinates": [ 130.684539427646968, 32.811152631968802 ] } },
{ "type": "Feature", "properties": { "内容": "はるかぜ訪問看護ステーション【訪問看護】熊本市西区春日3丁目25番1号", "url": "https://www.kaigokensaku.mhlw.go.jp/43/index.php?action_kouhyou_detail_004_kani=true&JigyosyoCd=4360190138-00&ServiceCd=130&Type=search", "url2": "https://seisinkai.or.jp/" }, "geometry": { "type": "Point", "coordinates": [ 130.687488260695716, 32.789661758421815 ] } },
{ "type": "Feature", "properties": { "内容": "医療法人平成会熊本田崎クリニック訪問看護【訪問看護】熊本市西区田崎2丁目5-30", "url": "https://www.kaigokensaku.mhlw.go.jp/43/index.php?action_kouhyou_detail_004_kani=true&JigyosyoCd=4317310169-00&ServiceCd=130&Type=search", "url2": "https://www.k-heiseikai.com" }, "geometry": { "type": "Point", "coordinates": [ 130.67943120000001, 32.7826585 ] } },
{ "type": "Feature", "properties": { "内容": "訪問看護ステーション城西【訪問看護】熊本市西区島崎2丁目11-13", "url": "https://www.kaigokensaku.mhlw.go.jp/43/index.php?action_kouhyou_detail_004_kani=true&JigyosyoCd=4360190039-00&ServiceCd=130&Type=search", "url2": "https://www.seijino.or.jp/" }, "geometry": { "type": "Point", "coordinates": [ 130.690703799999937, 32.8094659 ] } },
{ "type": "Feature", "properties": { "内容": "訪問看護ステーション　えず【訪問看護】熊本市西区蓮台寺３丁目5-1プラムハイツ101号室", "url": "https://www.kaigokensaku.mhlw.go.jp/43/index.php?action_kouhyou_detail_004_kani=true&JigyosyoCd=4360192456-00&ServiceCd=130&Type=search", "url2": null }, "geometry": { "type": "Point", "coordinates": [ 130.687490771549989, 32.771131654815541 ] } },
{ "type": "Feature", "properties": { "内容": "長寿の里訪問看護ステーション【訪問看護】熊本県熊本市西区城山薬師２丁目１０番１０号", "url": "https://www.kaigokensaku.mhlw.go.jp/43/index.php?action_kouhyou_detail_004_kani=true&JigyosyoCd=4360191714-00&ServiceCd=130&Type=search", "url2": "http://ksfj.jp" }, "geometry": { "type": "Point", "coordinates": [ 130.6457768, 32.7714265 ] } },
{ "type": "Feature", "properties": { "内容": "あまてらす訪問看護ステーションほっぺ【訪問看護】熊本市西区花園5丁目10-5-103", "url": "https://www.kaigokensaku.mhlw.go.jp/43/index.php?action_kouhyou_detail_004_kani=true&JigyosyoCd=4360192761-00&ServiceCd=130&Type=search", "url2": null }, "geometry": { "type": "Point", "coordinates": [ 130.694610399999988, 32.8157912 ] } },
{ "type": "Feature", "properties": { "内容": "けいず訪問看護ステーション上高橋【訪問看護】熊本県熊本市西区上高橋1丁目-3-6", "url": "https://www.kaigokensaku.mhlw.go.jp/43/index.php?action_kouhyou_detail_004_kani=true&JigyosyoCd=4360192092-00&ServiceCd=130&Type=search", "url2": "https://kz-group.jp" }, "geometry": { "type": "Point", "coordinates": [ 130.6664844, 32.784122700000019 ] } },
{ "type": "Feature", "properties": { "内容": "訪問看護ステーション夢眠くまもとにし3【訪問看護】熊本県熊本市西区城山下代三丁目1番2号", "url": "https://www.kaigokensaku.mhlw.go.jp/43/index.php?action_kouhyou_detail_004_kani=true&JigyosyoCd=4360192811-00&ServiceCd=130&Type=search", "url2": null }, "geometry": { "type": "Point", "coordinates": [ 130.6560212, 32.776674 ] } },
{ "type": "Feature", "properties": { "内容": "訪問看護ステーションCruto新土河原【訪問看護】新土河原2丁目2-56", "url": "https://www.kaigokensaku.mhlw.go.jp/43/index.php?action_kouhyou_detail_004_kani=true&JigyosyoCd=4360192373-00&ServiceCd=130&Type=search", "url2": "http://www.cruto.net/" }, "geometry": { "type": "Point", "coordinates": [ 130.673923699999989, 32.7757959 ] } },
{ "type": "Feature", "properties": { "内容": "訪問看護ステーション煌（きらめき）☆【訪問看護】熊本県熊本市南区城南町さんさん１丁目5番８号", "url": "https://www.kaigokensaku.mhlw.go.jp/43/index.php?action_kouhyou_detail_004_kani=true&JigyosyoCd=4360191300-00&ServiceCd=130&Type=search", "url2": null }, "geometry": { "type": "Point", "coordinates": [ 130.7389521, 32.7143993 ] } },
{ "type": "Feature", "properties": { "内容": "小児訪問看護ステーションSteki【訪問看護】熊本市南区平田１丁目１４-１９草野ビル２-２０６", "url": "https://www.kaigokensaku.mhlw.go.jp/43/index.php?action_kouhyou_detail_004_kani=true&JigyosyoCd=4360191045-00&ServiceCd=130&Type=search", "url2": null }, "geometry": { "type": "Point", "coordinates": [ 130.693286583539589, 32.771620079730162 ] } },
{ "type": "Feature", "properties": { "内容": "訪問看護ステーション　はなな【訪問看護】熊本県熊本市南区御幸西3丁目9番36号有料老人ホームはなな", "url": "https://www.kaigokensaku.mhlw.go.jp/43/index.php?action_kouhyou_detail_004_kani=true&JigyosyoCd=4360191185-00&ServiceCd=130&Type=search", "url2": "https://clover-field.com/" }, "geometry": { "type": "Point", "coordinates": [ 130.70189269073785, 32.756706477310203 ] } },
{ "type": "Feature", "properties": { "内容": "エール訪問看護ステーション【訪問看護】熊本市南区馬渡1丁目5番5号", "url": "https://www.kaigokensaku.mhlw.go.jp/43/index.php?action_kouhyou_detail_004_kani=true&JigyosyoCd=4360191318-00&ServiceCd=130&Type=search", "url2": "http://himawari-clinic.info/" }, "geometry": { "type": "Point", "coordinates": [ 130.7051423, 32.775111 ] } },
{ "type": "Feature", "properties": { "内容": "訪問看護ステーションルーチェ【訪問看護】熊本県熊本市南区野田２丁目31-17アーバンウエスト102号", "url": "https://www.kaigokensaku.mhlw.go.jp/43/index.php?action_kouhyou_detail_004_kani=true&JigyosyoCd=4360191797-00&ServiceCd=130&Type=search", "url2": null }, "geometry": { "type": "Point", "coordinates": [ 130.6855103, 32.7322475 ] } },
{ "type": "Feature", "properties": { "内容": "川尻尾崎内科【訪問看護】熊本市南区川尻5丁目１番６２号", "url": "https://www.kaigokensaku.mhlw.go.jp/43/index.php?action_kouhyou_detail_004_kani=true&JigyosyoCd=4310126752-00&ServiceCd=130&Type=search", "url2": "http://www.kawashiri-ozakinaika.or.jp" }, "geometry": { "type": "Point", "coordinates": [ 130.684392399999979, 32.7376418 ] } },
{ "type": "Feature", "properties": { "内容": "訪問看護ステーション夢眠くまもとみなみ【訪問看護】御幸西3丁目9番36号", "url": "https://www.kaigokensaku.mhlw.go.jp/43/index.php?action_kouhyou_detail_004_kani=true&JigyosyoCd=4360191680-00&ServiceCd=130&Type=search", "url2": null }, "geometry": { "type": "Point", "coordinates": [ 127.6651026, 26.2150773 ] } },
{ "type": "Feature", "properties": { "内容": "あきた病院　訪問看護ステーション　たんぽぽ【訪問看護】熊本市南区会富町１１２０番地", "url": "https://www.kaigokensaku.mhlw.go.jp/43/index.php?action_kouhyou_detail_004_kani=true&JigyosyoCd=4360190187-00&ServiceCd=130&Type=search", "url2": "http://www.akita-hospital.or.jp/" }, "geometry": { "type": "Point", "coordinates": [ 130.654130799999962, 32.7521293 ] } },
{ "type": "Feature", "properties": { "内容": "訪問看護ステーションヴィーヴル【訪問看護】熊本市南区田迎1丁目7-20", "url": "https://www.kaigokensaku.mhlw.go.jp/43/index.php?action_kouhyou_detail_004_kani=true&JigyosyoCd=4360190294-00&ServiceCd=130&Type=search", "url2": "http://www.vivre-kaigo.com" }, "geometry": { "type": "Point", "coordinates": [ 130.7085002, 32.7765333 ] } },
{ "type": "Feature", "properties": { "内容": "訪問看護ステーション真幸【訪問看護】熊本県熊本市南区出仲間6丁目7-5", "url": "https://www.kaigokensaku.mhlw.go.jp/43/index.php?action_kouhyou_detail_004_kani=true&JigyosyoCd=4360192555-00&ServiceCd=130&Type=search", "url2": "https://resilience1118.com/" }, "geometry": { "type": "Point", "coordinates": [ 130.7158863, 32.7740626 ] } },
{ "type": "Feature", "properties": { "内容": "精神科特化訪問看護ステーションCrutoココロ城南【訪問看護】城南町下宮地497-1", "url": "https://www.kaigokensaku.mhlw.go.jp/43/index.php?action_kouhyou_detail_004_kani=true&JigyosyoCd=4360192530-00&ServiceCd=130&Type=search", "url2": "http://www.cruto.net" }, "geometry": { "type": "Point", "coordinates": [ 130.731226782278441, 32.70229355346973 ] } },
{ "type": "Feature", "properties": { "内容": "訪問看護ステーションひとつな【訪問看護】近見6丁目11-1", "url": "https://www.kaigokensaku.mhlw.go.jp/43/index.php?action_kouhyou_detail_004_kani=true&JigyosyoCd=4360191011-00&ServiceCd=130&Type=search", "url2": "https://kumamoto-kango.com/" }, "geometry": { "type": "Point", "coordinates": [ 138.252924, 36.204824 ] } },
{ "type": "Feature", "properties": { "内容": "あまてらす訪問看護ステーション【訪問看護】熊本県熊本市南区御幸笛田2丁目15-38", "url": "https://www.kaigokensaku.mhlw.go.jp/43/index.php?action_kouhyou_detail_004_kani=true&JigyosyoCd=4360190880-00&ServiceCd=130&Type=search", "url2": "http://www.houmonkango-amaterasu.info/" }, "geometry": { "type": "Point", "coordinates": [ 130.709345, 32.7638539 ] } },
{ "type": "Feature", "properties": { "内容": "訪問看護ステーション　レイフル【訪問看護】良町５丁目15-23", "url": "https://www.kaigokensaku.mhlw.go.jp/43/index.php?action_kouhyou_detail_004_kani=true&JigyosyoCd=4360190989-00&ServiceCd=130&Type=search", "url2": "https://chihiro-fukushi.jp/" }, "geometry": { "type": "Point", "coordinates": [ 130.721243602001834, 32.755968642418274 ] } },
{ "type": "Feature", "properties": { "内容": "医療法人　相生会　訪問看護ステーション　きんもくせい【訪問看護】熊本市南区富合町古閑1012番地にしくまもと病院内", "url": "https://www.kaigokensaku.mhlw.go.jp/43/index.php?action_kouhyou_detail_004_kani=true&JigyosyoCd=4360190674-00&ServiceCd=130&Type=search", "url2": "http://ｗｗｗ.nishikuma.com/" }, "geometry": { "type": "Point", "coordinates": [ 130.6757917, 32.709244 ] } },
{ "type": "Feature", "properties": { "内容": "訪問看護ステーションみゆきの里【訪問看護】熊本県熊本市南区御幸笛田3丁目10番10号", "url": "https://www.kaigokensaku.mhlw.go.jp/43/index.php?action_kouhyou_detail_004_kani=true&JigyosyoCd=4360190203-00&ServiceCd=130&Type=search", "url2": "http://www.miyukinosato.or.jp" }, "geometry": { "type": "Point", "coordinates": [ 130.71054549506303, 32.759675839736403 ] } },
{ "type": "Feature", "properties": { "内容": "訪問看護ステーション　樹輝【訪問看護】熊本県熊本市南区富合町清藤424－１", "url": "https://www.kaigokensaku.mhlw.go.jp/43/index.php?action_kouhyou_detail_004_kani=true&JigyosyoCd=4360192282-00&ServiceCd=130&Type=search", "url2": null }, "geometry": { "type": "Point", "coordinates": [ 130.674017, 32.715901 ] } },
{ "type": "Feature", "properties": { "内容": "訪問看護ステーションしらふじ【訪問看護】熊本市南区薄場1丁目10番28号", "url": "https://www.kaigokensaku.mhlw.go.jp/43/index.php?action_kouhyou_detail_004_kani=true&JigyosyoCd=4360190153-00&ServiceCd=130&Type=search", "url2": "http://www.matusita-kai.or.jp/" }, "geometry": { "type": "Point", "coordinates": [ 130.678181258227596, 32.769273733215407 ] } },
{ "type": "Feature", "properties": { "内容": "訪問看護ステーション　いきいきらいふ【訪問看護】熊本市南区平田２丁目１２番１８号", "url": "https://www.kaigokensaku.mhlw.go.jp/43/index.php?action_kouhyou_detail_004_kani=true&JigyosyoCd=4360190450-00&ServiceCd=130&Type=search", "url2": "https://www.iti-e.co.jp" }, "geometry": { "type": "Point", "coordinates": [ 130.6985512, 32.7724195 ] } },
{ "type": "Feature", "properties": { "内容": "レッツナースサクラジュウジ【訪問看護】熊本県熊本市南区御幸木部1丁目1番1号", "url": "https://www.kaigokensaku.mhlw.go.jp/43/index.php?action_kouhyou_detail_004_kani=true&JigyosyoCd=4360190799-00&ServiceCd=130&Type=search", "url2": "http://www.sakurajyuji.or.jp/" }, "geometry": { "type": "Point", "coordinates": [ 130.715425800000048, 32.7512164 ] } },
{ "type": "Feature", "properties": { "内容": "訪問看護ステーションはじめ【訪問看護】熊本県熊本市南区御幸笛田2丁目4-18", "url": "https://www.kaigokensaku.mhlw.go.jp/43/index.php?action_kouhyou_detail_004_kani=true&JigyosyoCd=4360191664-00&ServiceCd=130&Type=search", "url2": null }, "geometry": { "type": "Point", "coordinates": [ 130.6417248, 32.7554738 ] } },
{ "type": "Feature", "properties": { "内容": "訪問看護ステーション　紅い華【訪問看護】熊本市南区元三町２丁目9-22", "url": "https://www.kaigokensaku.mhlw.go.jp/43/index.php?action_kouhyou_detail_004_kani=true&JigyosyoCd=4360190419-00&ServiceCd=130&Type=search", "url2": "http://www.akaihana.info/" }, "geometry": { "type": "Point", "coordinates": [ 130.68891140000008, 32.7391028 ] } },
{ "type": "Feature", "properties": { "内容": "「なごみ」訪問看護ステーション【訪問看護】熊本県熊本市南区城南町舞原無番地なごみ北館", "url": "https://www.kaigokensaku.mhlw.go.jp/43/index.php?action_kouhyou_detail_004_kani=true&JigyosyoCd=4360191946-00&ServiceCd=130&Type=search", "url2": "https://www.ksr-hospital.jp/facility/introduce-03/" }, "geometry": { "type": "Point", "coordinates": [ 130.750464648940493, 32.715585475402442 ] } },
{ "type": "Feature", "properties": { "内容": "UMICAHI訪問看護リハビリステーション西熊本【訪問看護】熊本県熊本市南区野口3-18-463F", "url": "https://www.kaigokensaku.mhlw.go.jp/43/index.php?action_kouhyou_detail_004_kani=true&JigyosyoCd=4360192050-00&ServiceCd=130&Type=search", "url2": "https://umicahi.com" }, "geometry": { "type": "Point", "coordinates": [ 130.668802582761316, 32.765349688121127 ] } },
{ "type": "Feature", "properties": { "内容": "訪問看護ステーションKanau【訪問看護】熊本県熊本市南区南高江7丁目9番157号", "url": "https://www.kaigokensaku.mhlw.go.jp/43/index.php?action_kouhyou_detail_004_kani=true&JigyosyoCd=4360191425-00&ServiceCd=130&Type=search", "url2": "http://kanau-nurse.com" }, "geometry": { "type": "Point", "coordinates": [ 130.688730699999951, 32.7441593 ] } },
{ "type": "Feature", "properties": { "内容": "訪問看護ステーションえりあ【訪問看護】熊本市南区出仲間7丁目３－４５　ウィング２　201号", "url": "https://www.kaigokensaku.mhlw.go.jp/43/index.php?action_kouhyou_detail_004_kani=true&JigyosyoCd=4360190617-00&ServiceCd=130&Type=search", "url2": "http://www.total-life-care.jp" }, "geometry": { "type": "Point", "coordinates": [ 130.71768601506588, 32.769816224215603 ] } },
{ "type": "Feature", "properties": { "内容": "訪問看護ステーション　ホスピタ【訪問看護】熊本県熊本市南区御幸木部1丁目1番1号", "url": "https://www.kaigokensaku.mhlw.go.jp/43/index.php?action_kouhyou_detail_004_kani=true&JigyosyoCd=4360191953-00&ServiceCd=130&Type=search", "url2": null }, "geometry": { "type": "Point", "coordinates": [ 130.7145744, 32.7503792 ] } },
{ "type": "Feature", "properties": { "内容": "訪問看護ステーションCare'L【訪問看護】熊本県熊本市南区野田3丁目12-16-101号室", "url": "https://www.kaigokensaku.mhlw.go.jp/43/index.php?action_kouhyou_detail_004_kani=true&JigyosyoCd=4360192043-00&ServiceCd=130&Type=search", "url2": "care-l.com" }, "geometry": { "type": "Point", "coordinates": [ 130.683469300000013, 32.7306237 ] } },
{ "type": "Feature", "properties": { "内容": "訪問看護ステーション吉野乃丘【訪問看護】熊本県熊本市南区城南町坂野1793-1ケアホーム吉野乃丘", "url": "https://www.kaigokensaku.mhlw.go.jp/43/index.php?action_kouhyou_detail_004_kani=true&JigyosyoCd=4360191375-00&ServiceCd=130&Type=search", "url2": "http://care-net.biz/43/yoshinooka/" }, "geometry": { "type": "Point", "coordinates": [ 130.744447408598262, 32.721749195595564 ] } },
{ "type": "Feature", "properties": { "内容": "訪問看護ステーションサンク【訪問看護】熊本県熊本市南区田迎5丁目10-15AFIELD85浜線　202号", "url": "https://www.kaigokensaku.mhlw.go.jp/43/index.php?action_kouhyou_detail_004_kani=true&JigyosyoCd=4360192274-00&ServiceCd=130&Type=search", "url2": "https://houkan-thank.com/" }, "geometry": { "type": "Point", "coordinates": [ 130.7154319, 32.7752504 ] } },
{ "type": "Feature", "properties": { "内容": "訪問看護ステーション☆エンジェル【訪問看護】熊本県熊本市南区薄場町29", "url": "https://www.kaigokensaku.mhlw.go.jp/43/index.php?action_kouhyou_detail_004_kani=true&JigyosyoCd=4360191193-00&ServiceCd=130&Type=search", "url2": "https://r.goope.jp/newcanal2018/" }, "geometry": { "type": "Point", "coordinates": [ 130.6759467, 32.7643899 ] } },
{ "type": "Feature", "properties": { "内容": "訪問看護ステーション　まいん・みなみ【訪問看護】熊本県熊本市南区南高江6丁目8-26", "url": "https://www.kaigokensaku.mhlw.go.jp/43/index.php?action_kouhyou_detail_004_kani=true&JigyosyoCd=4360191490-00&ServiceCd=130&Type=search", "url2": "https://kango-mine.com/" }, "geometry": { "type": "Point", "coordinates": [ 130.685416699999962, 32.7499453 ] } },
{ "type": "Feature", "properties": { "内容": "小林病院【訪問看護】熊本市南区城南町隈庄５７４", "url": "https://www.kaigokensaku.mhlw.go.jp/43/index.php?action_kouhyou_detail_004_kani=true&JigyosyoCd=4312310974-00&ServiceCd=130&Type=search", "url2": "http://www.k-group.jp/kobayashi/" }, "geometry": { "type": "Point", "coordinates": [ 130.728576699999962, 32.704418 ] } },
{ "type": "Feature", "properties": { "内容": "訪問看護ステーションみつばち【訪問看護】熊本市南区八幡10丁目4番20号大空ハイツ103号", "url": "https://www.kaigokensaku.mhlw.go.jp/43/index.php?action_kouhyou_detail_004_kani=true&JigyosyoCd=4360192423-00&ServiceCd=130&Type=search", "url2": null }, "geometry": { "type": "Point", "coordinates": [ 130.6882505, 32.7401475 ] } },
{ "type": "Feature", "properties": { "内容": "訪問看護ステーションおれんじ【訪問看護】熊本県熊本市南区八分字町2580-1ルナーラハウス101号室", "url": "https://www.kaigokensaku.mhlw.go.jp/43/index.php?action_kouhyou_detail_004_kani=true&JigyosyoCd=4360191847-00&ServiceCd=130&Type=search", "url2": "https://orange-hvn.com/" }, "geometry": { "type": "Point", "coordinates": [ 130.6591328, 32.7605779 ] } },
{ "type": "Feature", "properties": { "内容": "訪問看護ステーション　アイル【訪問看護】田井島1丁目6-23センチュリー21　303号", "url": "https://www.kaigokensaku.mhlw.go.jp/43/index.php?action_kouhyou_detail_004_kani=true&JigyosyoCd=4360192597-00&ServiceCd=130&Type=search", "url2": "https://marika-ail.angry.jp/hp/index.html" }, "geometry": { "type": "Point", "coordinates": [ 130.723739599999988, 32.7695691 ] } },
{ "type": "Feature", "properties": { "内容": "訪問看護ステーション見守りナース【訪問看護】熊本県熊本市南区並建町549-1", "url": "https://www.kaigokensaku.mhlw.go.jp/43/index.php?action_kouhyou_detail_004_kani=true&JigyosyoCd=4360192795-00&ServiceCd=130&Type=search", "url2": null }, "geometry": { "type": "Point", "coordinates": [ 130.6404359, 32.7538611 ] } },
{ "type": "Feature", "properties": { "内容": "合同会社訪問看護ステーション奏【訪問看護】熊本県熊本市南区近見1丁目3番1号池永ビル504号", "url": "https://www.kaigokensaku.mhlw.go.jp/43/index.php?action_kouhyou_detail_004_kani=true&JigyosyoCd=4360190815-00&ServiceCd=130&Type=search", "url2": null }, "geometry": { "type": "Point", "coordinates": [ 130.6922935, 32.7688224 ] } },
{ "type": "Feature", "properties": { "内容": "訪問看護ステーションよかくらし【訪問看護】近見1丁目9-49", "url": "https://www.kaigokensaku.mhlw.go.jp/43/index.php?action_kouhyou_detail_004_kani=true&JigyosyoCd=4360192803-00&ServiceCd=130&Type=search", "url2": "https://yokakurahi.co.jp" }, "geometry": { "type": "Point", "coordinates": [ 130.6904858, 32.768293 ] } },
{ "type": "Feature", "properties": { "内容": "あすなろ熊本　訪問看護ステーション【訪問看護】舞原344-2あすなろ熊本壱番館", "url": "https://www.kaigokensaku.mhlw.go.jp/43/index.php?action_kouhyou_detail_004_kani=true&JigyosyoCd=4360190955-00&ServiceCd=130&Type=search", "url2": null }, "geometry": { "type": "Point", "coordinates": [ 130.7423645, 32.7103814 ] } },
{ "type": "Feature", "properties": { "内容": "みらいえ訪問看護ステーション【訪問看護】熊本県熊本市南区田迎5丁目6-26イーストハイツA101", "url": "https://www.kaigokensaku.mhlw.go.jp/43/index.php?action_kouhyou_detail_004_kani=true&JigyosyoCd=4360192662-00&ServiceCd=130&Type=search", "url2": "https://yz2024.com" }, "geometry": { "type": "Point", "coordinates": [ 130.7162521, 32.7742363 ] } },
{ "type": "Feature", "properties": { "内容": "熊本市南区富合町杉島1152-1【訪問看護】熊本市南区富合町杉島1152-1セカンドライフななみ", "url": "https://www.kaigokensaku.mhlw.go.jp/43/index.php?action_kouhyou_detail_004_kani=true&JigyosyoCd=4360192712-00&ServiceCd=130&Type=search", "url2": null }, "geometry": { "type": "Point", "coordinates": [ 130.6795531, 32.7300281 ] } },
{ "type": "Feature", "properties": { "内容": "訪問看護ステーション　デューン光の森【訪問看護】熊本県熊本市北区武蔵ヶ丘7丁目3-15松本ビル202号", "url": "https://www.kaigokensaku.mhlw.go.jp/43/index.php?action_kouhyou_detail_004_kani=true&JigyosyoCd=4360190971-00&ServiceCd=130&Type=search", "url2": null }, "geometry": { "type": "Point", "coordinates": [ 130.7762725, 32.8558405 ] } },
{ "type": "Feature", "properties": { "内容": "iSSヘルスケア訪問看護ステーション【訪問看護】室園町３－４８マリーハイム２０３号", "url": "https://www.kaigokensaku.mhlw.go.jp/43/index.php?action_kouhyou_detail_004_kani=true&JigyosyoCd=4360190732-00&ServiceCd=130&Type=search", "url2": "http://www.iss-healthcare.com/" }, "geometry": { "type": "Point", "coordinates": [ 130.722329158088655, 32.826951670363499 ] } },
{ "type": "Feature", "properties": { "内容": "訪問看護ステーション　かみふうせん【訪問看護】熊本県熊本市北区高平３丁目１１－５８宮の森ハイツ　１階・２階", "url": "https://www.kaigokensaku.mhlw.go.jp/43/index.php?action_kouhyou_detail_004_kani=true&JigyosyoCd=4360190658-00&ServiceCd=130&Type=search", "url2": "http://zs-kamifusen.com/" }, "geometry": { "type": "Point", "coordinates": [ 130.717790199999968, 32.8361338 ] } },
{ "type": "Feature", "properties": { "内容": "訪問看護ステーションQRea【訪問看護】熊本県熊本市北区鶴羽田二丁目12番31号", "url": "https://www.kaigokensaku.mhlw.go.jp/43/index.php?action_kouhyou_detail_004_kani=true&JigyosyoCd=4360191367-00&ServiceCd=130&Type=search", "url2": "relife-aid.com/qrea" }, "geometry": { "type": "Point", "coordinates": [ 130.7252863, 32.8599642 ] } },
{ "type": "Feature", "properties": { "内容": "訪問看護ステーション　はーと【訪問看護】熊本県熊本市北区清水亀井町16番10号", "url": "https://www.kaigokensaku.mhlw.go.jp/43/index.php?action_kouhyou_detail_004_kani=true&JigyosyoCd=4360191474-00&ServiceCd=130&Type=search", "url2": null }, "geometry": { "type": "Point", "coordinates": [ 130.721979899999951, 32.8404477 ] } },
{ "type": "Feature", "properties": { "内容": "訪問看護ステーション　まつお【訪問看護】熊本県熊本市北区楠4丁目13番10号", "url": "https://www.kaigokensaku.mhlw.go.jp/43/index.php?action_kouhyou_detail_004_kani=true&JigyosyoCd=4360191573-00&ServiceCd=130&Type=search", "url2": null }, "geometry": { "type": "Point", "coordinates": [ 130.7594516, 32.8496026 ] } },
{ "type": "Feature", "properties": { "内容": "医療法人　寺尾会　寺尾病院【訪問看護】熊本市北区小糸山町759", "url": "https://www.kaigokensaku.mhlw.go.jp/43/index.php?action_kouhyou_detail_004_kani=true&JigyosyoCd=4310121480-00&ServiceCd=130&Type=search", "url2": "http://www.terao.or.jp" }, "geometry": { "type": "Point", "coordinates": [ 130.6930487, 32.8925592 ] } },
{ "type": "Feature", "properties": { "内容": "seek訪問看護ステーション【訪問看護】八景水谷3丁目5−28清水ハイツ101号室", "url": "https://www.kaigokensaku.mhlw.go.jp/43/index.php?action_kouhyou_detail_004_kani=true&JigyosyoCd=4360191896-00&ServiceCd=130&Type=search", "url2": null }, "geometry": { "type": "Point", "coordinates": [ 130.728425924970196, 32.846362710866856 ] } },
{ "type": "Feature", "properties": { "内容": "八景水谷昭和館訪問看護ステーション【訪問看護】熊本県熊本市北区山室4丁目9-30", "url": "https://www.kaigokensaku.mhlw.go.jp/43/index.php?action_kouhyou_detail_004_kani=true&JigyosyoCd=4360191516-00&ServiceCd=130&Type=search", "url2": "www.syowakan.jp" }, "geometry": { "type": "Point", "coordinates": [ 130.720438300000012, 32.8417532 ] } },
{ "type": "Feature", "properties": { "内容": "サンウェルズ光の森訪問看護ステーション【訪問看護】熊本県熊本市北区武蔵ケ丘9丁目2番43号PDハウス光の森", "url": "https://www.kaigokensaku.mhlw.go.jp/43/index.php?action_kouhyou_detail_004_kani=true&JigyosyoCd=4360192159-00&ServiceCd=130&Type=search", "url2": "https://sunwels.jp" }, "geometry": { "type": "Point", "coordinates": [ 130.779681364032001, 32.855288542909683 ] } },
{ "type": "Feature", "properties": { "内容": "訪問看護ステーションそらひろ【訪問看護】熊本県熊本市北区武蔵ケ丘1丁目6-9エトワール武蔵ヶ丘Ｂ棟103号室", "url": "https://www.kaigokensaku.mhlw.go.jp/43/index.php?action_kouhyou_detail_004_kani=true&JigyosyoCd=4360192217-00&ServiceCd=130&Type=search", "url2": "https://hvns-sorahiro.jp/" }, "geometry": { "type": "Point", "coordinates": [ 130.7683399, 32.849548 ] } },
{ "type": "Feature", "properties": { "内容": "訪問看護ステーション湊【訪問看護】熊本県熊本市北区鶴羽田1丁目11-33サンビレッジ長田Ⅱ　102号", "url": "https://www.kaigokensaku.mhlw.go.jp/43/index.php?action_kouhyou_detail_004_kani=true&JigyosyoCd=4360191771-00&ServiceCd=130&Type=search", "url2": "https://seafour.co.jp/" }, "geometry": { "type": "Point", "coordinates": [ 130.7266687, 32.8563011 ] } },
{ "type": "Feature", "properties": { "内容": "訪問看護ステーションヴォイス北熊本【訪問看護】熊本県熊本市北区清水本町18-17K-smart清水本町2F-A", "url": "https://www.kaigokensaku.mhlw.go.jp/43/index.php?action_kouhyou_detail_004_kani=true&JigyosyoCd=4360192522-00&ServiceCd=130&Type=search", "url2": "https://voice-reborn.jp/" }, "geometry": { "type": "Point", "coordinates": [ 130.7217779, 32.8333996 ] } },
{ "type": "Feature", "properties": { "内容": "訪問看護ステーションゆげ【訪問看護】熊本市北区弓削5丁目11番11号", "url": "https://www.kaigokensaku.mhlw.go.jp/43/index.php?action_kouhyou_detail_004_kani=true&JigyosyoCd=4360192571-00&ServiceCd=130&Type=search", "url2": null }, "geometry": { "type": "Point", "coordinates": [ 130.7855626, 32.8546917 ] } },
{ "type": "Feature", "properties": { "内容": "訪問看護ステーションほくぶ【訪問看護】熊本県熊本市北区四方寄町1281-3", "url": "https://www.kaigokensaku.mhlw.go.jp/43/index.php?action_kouhyou_detail_004_kani=true&JigyosyoCd=4360192589-00&ServiceCd=130&Type=search", "url2": "hkb.or.jp" }, "geometry": { "type": "Point", "coordinates": [ 130.7083906, 32.8645549 ] } },
{ "type": "Feature", "properties": { "内容": "あおい訪問看護ステーション　熊本営業所【訪問看護】武蔵ケ丘１丁目5-40清正ハイツ202号", "url": "https://www.kaigokensaku.mhlw.go.jp/43/index.php?action_kouhyou_detail_004_kani=true&JigyosyoCd=4360192290-00&ServiceCd=130&Type=search", "url2": null }, "geometry": { "type": "Point", "coordinates": [ 130.768411, 32.850949 ] } },
{ "type": "Feature", "properties": { "内容": "NPO法人糸　訪問看護ステーションいまここ【訪問看護】楠7丁目4-32", "url": "https://www.kaigokensaku.mhlw.go.jp/43/index.php?action_kouhyou_detail_004_kani=true&JigyosyoCd=4360191433-00&ServiceCd=130&Type=search", "url2": "https://ito-0901.com/." }, "geometry": { "type": "Point", "coordinates": [ 130.76122421045082, 32.848462033416808 ] } },
{ "type": "Feature", "properties": { "内容": "訪問看護ステーションARTE八景水谷【訪問看護】熊本県熊本市北区飛田4丁目5-25", "url": "https://www.kaigokensaku.mhlw.go.jp/43/index.php?action_kouhyou_detail_004_kani=true&JigyosyoCd=4360191870-00&ServiceCd=130&Type=search", "url2": "http://www.cruto.net/" }, "geometry": { "type": "Point", "coordinates": [ 130.7252507, 32.8521649 ] } },
{ "type": "Feature", "properties": { "内容": "訪問看護ステーションReLIFE【訪問看護】熊本県熊本市北区八景水谷3-3-22八景水谷プラザ", "url": "https://www.kaigokensaku.mhlw.go.jp/43/index.php?action_kouhyou_detail_004_kani=true&JigyosyoCd=4360192605-00&ServiceCd=130&Type=search", "url2": "https://hibiki-2016.com" }, "geometry": { "type": "Point", "coordinates": [ 130.7255199, 32.8474891 ] } },
{ "type": "Feature", "properties": { "内容": "訪問看護ステーションほのあかり【訪問看護】熊本市北区清水万石5丁目6番16号", "url": "https://www.kaigokensaku.mhlw.go.jp/43/index.php?action_kouhyou_detail_004_kani=true&JigyosyoCd=4360191730-00&ServiceCd=130&Type=search", "url2": null }, "geometry": { "type": "Point", "coordinates": [ 130.7306879, 32.8349758 ] } },
{ "type": "Feature", "properties": { "内容": "訪問看護ステーションまごころ【訪問看護】熊本県熊本市武蔵丘1-2-30塚本ハイツ2-C", "url": "https://www.kaigokensaku.mhlw.go.jp/43/index.php?action_kouhyou_detail_004_kani=true&JigyosyoCd=4360190948-00&ServiceCd=130&Type=search", "url2": null }, "geometry": { "type": "Point", "coordinates": [ 130.7752309, 32.8551017 ] } },
{ "type": "Feature", "properties": { "内容": "成城訪問看護ステーション【訪問看護】熊本市北区室園町10-17", "url": "https://www.kaigokensaku.mhlw.go.jp/43/index.php?action_kouhyou_detail_004_kani=true&JigyosyoCd=4360190070-00&ServiceCd=130&Type=search", "url2": "http://www.k-seijo.or.jp/" }, "geometry": { "type": "Point", "coordinates": [ 130.7231842, 32.8236739 ] } },
{ "type": "Feature", "properties": { "内容": "アップルハート訪問看護ステーション熊本北【訪問看護】清水本町18-17K-smart清水本町2F-B", "url": "https://www.kaigokensaku.mhlw.go.jp/43/index.php?action_kouhyou_detail_004_kani=true&JigyosyoCd=4360190773-00&ServiceCd=130&Type=search", "url2": "http://www.aso-kaigo.jp" }, "geometry": { "type": "Point", "coordinates": [ 130.721898476329642, 32.833451890520912 ] } },
{ "type": "Feature", "properties": { "内容": "武蔵ヶ丘訪問看護ステーション【訪問看護】熊本県熊本市北区楠7-15-1", "url": "https://www.kaigokensaku.mhlw.go.jp/43/index.php?action_kouhyou_detail_004_kani=true&JigyosyoCd=4360190260-00&ServiceCd=130&Type=search", "url2": "http://www.tanakakai.com" }, "geometry": { "type": "Point", "coordinates": [ 130.762365700000032, 32.8456609 ] } },
{ "type": "Feature", "properties": { "内容": "訪問看護ステーション清雅苑【訪問看護】熊本県熊本市北区山室６丁目８番１号", "url": "https://www.kaigokensaku.mhlw.go.jp/43/index.php?action_kouhyou_detail_004_kani=true&JigyosyoCd=4360190021-00&ServiceCd=130&Type=search", "url2": "http://www.juryo.or.jp" }, "geometry": { "type": "Point", "coordinates": [ 130.718490874868763, 32.847053818096391 ] } },
{ "type": "Feature", "properties": { "内容": "ＪＡＰＡＮ　ＩＮＮＯＶＡＴＩＯＮ【訪問看護】龍田２丁目３番３号", "url": "https://www.kaigokensaku.mhlw.go.jp/43/index.php?action_kouhyou_detail_004_kani=true&JigyosyoCd=4360191136-00&ServiceCd=130&Type=search", "url2": "www.seisinkai.co.jp/" }, "geometry": { "type": "Point", "coordinates": [ 130.7537777, 32.8302122 ] } },
{ "type": "Feature", "properties": { "内容": "寺尾病院訪問看護ステーション【訪問看護】熊本県熊本市北区小糸山町759", "url": "https://www.kaigokensaku.mhlw.go.jp/43/index.php?action_kouhyou_detail_004_kani=true&JigyosyoCd=4360192084-00&ServiceCd=130&Type=search", "url2": "http://www.terao.or.jp" }, "geometry": { "type": "Point", "coordinates": [ 130.6930749, 32.8925481 ] } },
{ "type": "Feature", "properties": { "内容": "Let‘ｓナース！熊本北【訪問看護】熊本県熊本市北区高平3丁目42-3", "url": "https://www.kaigokensaku.mhlw.go.jp/43/index.php?action_kouhyou_detail_004_kani=true&JigyosyoCd=4360191938-00&ServiceCd=130&Type=search", "url2": null }, "geometry": { "type": "Point", "coordinates": [ 130.7190651, 32.8390018 ] } },
{ "type": "Feature", "properties": { "内容": "訪問看護・地域リハステーション　あーくす【訪問看護】熊本県熊本市北区弓削6-26-1", "url": "https://www.kaigokensaku.mhlw.go.jp/43/index.php?action_kouhyou_detail_004_kani=true&JigyosyoCd=4360190963-00&ServiceCd=130&Type=search", "url2": null }, "geometry": { "type": "Point", "coordinates": [ 130.7845034, 32.8494931 ] } },
{ "type": "Feature", "properties": { "内容": "訪問看護ステーションラピレス【訪問看護】熊本県熊本市北区清水亀井町55-63TORTUEB2", "url": "https://www.kaigokensaku.mhlw.go.jp/43/index.php?action_kouhyou_detail_004_kani=true&JigyosyoCd=4360191359-00&ServiceCd=130&Type=search", "url2": null }, "geometry": { "type": "Point", "coordinates": [ 130.72539, 32.839338 ] } },
{ "type": "Feature", "properties": { "内容": "訪問看護ステーション　くすのき【訪問看護】熊本県熊本市北区龍田９丁目2-12アーバンハイツ1-C", "url": "https://www.kaigokensaku.mhlw.go.jp/43/index.php?action_kouhyou_detail_004_kani=true&JigyosyoCd=4360191615-00&ServiceCd=130&Type=search", "url2": null }, "geometry": { "type": "Point", "coordinates": [ 130.761484, 32.8432176 ] } },
{ "type": "Feature", "properties": { "内容": "アシスト訪問看護リハビリステーション熊本北【訪問看護】熊本県熊本市北区植木町広住425-13", "url": "https://www.kaigokensaku.mhlw.go.jp/43/index.php?action_kouhyou_detail_004_kani=true&JigyosyoCd=4360192746-00&ServiceCd=130&Type=search", "url2": "https://assist-group.net/houmonkango_kumamotokita/" }, "geometry": { "type": "Point", "coordinates": [ 130.694128399999983, 32.901646099999979 ] } },
{ "type": "Feature", "properties": { "内容": "セントケア訪問看護ｽﾃｰｼｮﾝ熊本北【訪問看護】熊本県熊本市北区植木町豊田481-1福田アパート102号", "url": "https://www.kaigokensaku.mhlw.go.jp/43/index.php?action_kouhyou_detail_004_kani=true&JigyosyoCd=4360191466-00&ServiceCd=130&Type=search", "url2": null }, "geometry": { "type": "Point", "coordinates": [ 130.708469799999989, 32.9409953 ] } },
{ "type": "Feature", "properties": { "内容": "訪問看護ステーションハイコムライフ【訪問看護】熊本県熊本市北区楠8丁目14-33ハイコムライフ武蔵ヶ丘Ⅱ", "url": "https://www.kaigokensaku.mhlw.go.jp/43/index.php?action_kouhyou_detail_004_kani=true&JigyosyoCd=4360191383-00&ServiceCd=130&Type=search", "url2": "https://www.hicomlifecreate.com/" }, "geometry": { "type": "Point", "coordinates": [ 130.7654707, 32.84845 ] } },
{ "type": "Feature", "properties": { "内容": "訪問看護ステーションOMOIBA【訪問看護】熊本県熊本市北区植木町舞尾484-8", "url": "https://www.kaigokensaku.mhlw.go.jp/43/index.php?action_kouhyou_detail_004_kani=true&JigyosyoCd=4360192001-00&ServiceCd=130&Type=search", "url2": "https://www.yumewac.com/" }, "geometry": { "type": "Point", "coordinates": [ 130.6889775, 32.8992818 ] } },
{ "type": "Feature", "properties": { "内容": "熊本市立植木病院訪問看護ステーション【訪問看護】植木町岩野285-29", "url": "https://www.kaigokensaku.mhlw.go.jp/43/index.php?action_kouhyou_detail_004_kani=true&JigyosyoCd=4360191540-00&ServiceCd=130&Type=search", "url2": "http://www.ueki-hsp.jp" }, "geometry": { "type": "Point", "coordinates": [ 130.698608799999988, 32.9026071 ] } },
{ "type": "Feature", "properties": { "内容": "訪問看護ステーション熊本爽やかな風【訪問看護】熊本県熊本市北区梶尾町1693", "url": "https://www.kaigokensaku.mhlw.go.jp/43/index.php?action_kouhyou_detail_004_kani=true&JigyosyoCd=4360191789-00&ServiceCd=130&Type=search", "url2": "https://amec-p.jp/care/" }, "geometry": { "type": "Point", "coordinates": [ 130.7317174, 32.8707587 ] } },
{ "type": "Feature", "properties": { "内容": "朝日野訪問看護ステーション【訪問看護】熊本市北区室園町8番10号サンあさひの１階", "url": "https://www.kaigokensaku.mhlw.go.jp/43/index.php?action_kouhyou_detail_004_kani=true&JigyosyoCd=4360190526-00&ServiceCd=130&Type=search", "url2": "http://www.asahino.or.jp" }, "geometry": { "type": "Point", "coordinates": [ 130.722726100250753, 32.826694372371989 ] } },
{ "type": "Feature", "properties": { "内容": "訪問看護ステーション優愛【訪問看護】熊本県熊本市北区清水東町2-5ビルディングエステム205号室", "url": "https://www.kaigokensaku.mhlw.go.jp/43/index.php?action_kouhyou_detail_004_kani=true&JigyosyoCd=4360191755-00&ServiceCd=130&Type=search", "url2": "https://yuuai-houkan.com/" }, "geometry": { "type": "Point", "coordinates": [ 130.72581729999996, 32.83600449999998 ] } },
{ "type": "Feature", "properties": { "内容": "訪問看護ステーションレシーブ【訪問看護】熊本県熊本市北区徳王１丁目２－４６", "url": "https://www.kaigokensaku.mhlw.go.jp/43/index.php?action_kouhyou_detail_004_kani=true&JigyosyoCd=4360191037-00&ServiceCd=130&Type=search", "url2": "http://receive-homenursing.com/" }, "geometry": { "type": "Point", "coordinates": [ 130.706998308423096, 32.837547997010724 ] } },
{ "type": "Feature", "properties": { "内容": "北くまもと訪問看護ステーション【訪問看護】熊本県熊本市北区飛田4丁目3-81", "url": "https://www.kaigokensaku.mhlw.go.jp/43/index.php?action_kouhyou_detail_004_kani=true&JigyosyoCd=4360191508-00&ServiceCd=130&Type=search", "url2": "http://www.terao.or.jp" }, "geometry": { "type": "Point", "coordinates": [ 130.7219957, 32.8518886 ] } },
{ "type": "Feature", "properties": { "内容": "訪問看護ステーションYou's【訪問看護】熊本県熊本市北区龍田7-20-18", "url": "https://www.kaigokensaku.mhlw.go.jp/43/index.php?action_kouhyou_detail_004_kani=true&JigyosyoCd=4360191979-00&ServiceCd=130&Type=search", "url2": "https://yous-st.com/" }, "geometry": { "type": "Point", "coordinates": [ 130.761537642327909, 32.839184196363448 ] } },
{ "type": "Feature", "properties": { "内容": "ナースステーションたいじゅ【訪問看護】熊本県熊本市北区下硯川2111-3フェリーチェ進栄1F", "url": "https://www.kaigokensaku.mhlw.go.jp/43/index.php?action_kouhyou_detail_004_kani=true&JigyosyoCd=4360190864-00&ServiceCd=130&Type=search", "url2": "https://www.taiju-yomogi.co.jp/" }, "geometry": { "type": "Point", "coordinates": [ 130.7094205, 32.8559205 ] } },
{ "type": "Feature", "properties": { "内容": "訪問看護ステーションよかね【訪問看護】熊本県熊本市北区鶴羽田５丁目２番５号エクメーネＡ１０１号室", "url": "https://www.kaigokensaku.mhlw.go.jp/43/index.php?action_kouhyou_detail_004_kani=true&JigyosyoCd=4360191987-00&ServiceCd=130&Type=search", "url2": "https://cyan802250.studio.site/" }, "geometry": { "type": "Point", "coordinates": [ 130.7236703, 32.8630593 ] } },
{ "type": "Feature", "properties": { "内容": "あまてらすほうもんかんごすてーしょんきたくま【訪問看護】熊本市北区打越町39－332F", "url": "https://www.kaigokensaku.mhlw.go.jp/43/index.php?action_kouhyou_detail_004_kani=true&JigyosyoCd=4360192779-00&ServiceCd=130&Type=search", "url2": "https://kumamoto-amaterasu.info/" }, "geometry": { "type": "Point", "coordinates": [ 130.718387600000028, 32.830120800000017 ] } },
{ "type": "Feature", "properties": { "内容": "平成病院訪問看護ステーション【訪問看護】熊本県八代市大村町888番4", "url": "https://www.kaigokensaku.mhlw.go.jp/43/index.php?action_kouhyou_detail_004_kani=true&JigyosyoCd=4360290193-00&ServiceCd=130&Type=search", "url2": null }, "geometry": { "type": "Point", "coordinates": [ 130.741667199999938, 32.789827 ] } },
{ "type": "Feature", "properties": { "内容": "訪問看護ステーション　デューン八代【訪問看護】熊本県八代市旭中央通6番地6旭中央ビル3階西号室", "url": "https://www.kaigokensaku.mhlw.go.jp/43/index.php?action_kouhyou_detail_004_kani=true&JigyosyoCd=4360290243-00&ServiceCd=130&Type=search", "url2": null }, "geometry": { "type": "Point", "coordinates": [ 130.616053599999987, 32.5023634 ] } },
{ "type": "Feature", "properties": { "内容": "訪問看護ステーション　泰山【訪問看護】熊本県八代市千反町２丁目13号4-1泰山荘", "url": "https://www.kaigokensaku.mhlw.go.jp/43/index.php?action_kouhyou_detail_004_kani=true&JigyosyoCd=4360290300-00&ServiceCd=130&Type=search", "url2": null }, "geometry": { "type": "Point", "coordinates": [ 130.5997717, 32.4954238 ] } },
{ "type": "Feature", "properties": { "内容": "訪問看護ステーションブロッサムやつしろ【訪問看護】熊本県八代市郡築三番町８１－２１０３号室", "url": "https://www.kaigokensaku.mhlw.go.jp/43/index.php?action_kouhyou_detail_004_kani=true&JigyosyoCd=4360290318-00&ServiceCd=130&Type=search", "url2": null }, "geometry": { "type": "Point", "coordinates": [ 130.567431615344248, 32.524627284678004 ] } },
{ "type": "Feature", "properties": { "内容": "Let'sナース！八代高田【訪問看護】熊本県八代市高下西町1426", "url": "https://www.kaigokensaku.mhlw.go.jp/43/index.php?action_kouhyou_detail_004_kani=true&JigyosyoCd=4360290359-00&ServiceCd=130&Type=search", "url2": null }, "geometry": { "type": "Point", "coordinates": [ 130.607757600000014, 32.4893234 ] } },
{ "type": "Feature", "properties": { "内容": "訪問看護ステーション　ひばり【訪問看護】熊本県八代市本町1丁目8－14祐和ビル1-D号室", "url": "https://www.kaigokensaku.mhlw.go.jp/43/index.php?action_kouhyou_detail_004_kani=true&JigyosyoCd=4360290326-00&ServiceCd=130&Type=search", "url2": "https://wellbeing-hibari.com/" }, "geometry": { "type": "Point", "coordinates": [ 130.603259400000013, 32.5053212 ] } },
{ "type": "Feature", "properties": { "内容": "訪問看護ステーション　BlueStars【訪問看護】熊本県八代市松江本町3-12ファミール松江101", "url": "https://www.kaigokensaku.mhlw.go.jp/43/index.php?action_kouhyou_detail_004_kani=true&JigyosyoCd=4360290334-00&ServiceCd=130&Type=search", "url2": "https://www.bluestars.biz" }, "geometry": { "type": "Point", "coordinates": [ 130.605073535581965, 32.511408425439924 ] } },
{ "type": "Feature", "properties": { "内容": "訪問看護ステーション　　あい【訪問看護】熊本県八代市島田町863-3", "url": "https://www.kaigokensaku.mhlw.go.jp/43/index.php?action_kouhyou_detail_004_kani=true&JigyosyoCd=4360290003-00&ServiceCd=130&Type=search", "url2": "http://www.yugen-ai.com/" }, "geometry": { "type": "Point", "coordinates": [ 130.632460600000059, 32.520407 ] } },
{ "type": "Feature", "properties": { "内容": "八代市医師会　訪問看護ステーション【訪問看護】熊本県八代市平山新町４４３８－３", "url": "https://www.kaigokensaku.mhlw.go.jp/43/index.php?action_kouhyou_detail_004_kani=true&JigyosyoCd=4360290011-00&ServiceCd=130&Type=search", "url2": "http://www.yatsushiro-med.or.jp/pc/" }, "geometry": { "type": "Point", "coordinates": [ 130.6092301, 32.4777846 ] } },
{ "type": "Feature", "properties": { "内容": "訪問看護ステーション向春苑【訪問看護】熊本県八代市揚町35-2", "url": "https://www.kaigokensaku.mhlw.go.jp/43/index.php?action_kouhyou_detail_004_kani=true&JigyosyoCd=4360290029-00&ServiceCd=130&Type=search", "url2": "http://www.gongen.org/" }, "geometry": { "type": "Point", "coordinates": [ 130.594181077662626, 32.474931118071019 ] } },
{ "type": "Feature", "properties": { "内容": "訪問看護ステーションけいじん【訪問看護】熊本県八代市海士江町2817番地", "url": "https://www.kaigokensaku.mhlw.go.jp/43/index.php?action_kouhyou_detail_004_kani=true&JigyosyoCd=4360290037-00&ServiceCd=130&Type=search", "url2": "http://www.yatsushirokeijin.com" }, "geometry": { "type": "Point", "coordinates": [ 130.6225859, 32.5241285 ] } },
{ "type": "Feature", "properties": { "内容": "訪問看護ステーション　とまと【訪問看護】熊本県八代市郡築一番町１８０番地１介護老人保健施設とまと内", "url": "https://www.kaigokensaku.mhlw.go.jp/43/index.php?action_kouhyou_detail_004_kani=true&JigyosyoCd=4360290052-00&ServiceCd=130&Type=search", "url2": null }, "geometry": { "type": "Point", "coordinates": [ 130.564560700000015, 32.515274100000035 ] } },
{ "type": "Feature", "properties": { "内容": "かがやき園訪問看護ステーション【訪問看護】熊本県八代市通町８番３０号", "url": "https://www.kaigokensaku.mhlw.go.jp/43/index.php?action_kouhyou_detail_004_kani=true&JigyosyoCd=4360290102-00&ServiceCd=130&Type=search", "url2": "http://www.tagata-group.jp" }, "geometry": { "type": "Point", "coordinates": [ 130.603984800000035, 32.5075595 ] } },
{ "type": "Feature", "properties": { "内容": "訪問看護ステーション　トータルケア【訪問看護】熊本県八代市北の丸町1-12宮崎ビル2階", "url": "https://www.kaigokensaku.mhlw.go.jp/43/index.php?action_kouhyou_detail_004_kani=true&JigyosyoCd=4360290128-00&ServiceCd=130&Type=search", "url2": null }, "geometry": { "type": "Point", "coordinates": [ 130.601436806754151, 32.508797830053389 ] } },
{ "type": "Feature", "properties": { "内容": "訪問看護ステーション　キッポー【訪問看護】熊本県八代市千丁町新牟田2520-2", "url": "https://www.kaigokensaku.mhlw.go.jp/43/index.php?action_kouhyou_detail_004_kani=true&JigyosyoCd=4360290177-00&ServiceCd=130&Type=search", "url2": "https://kippo-yatsushiro.com/" }, "geometry": { "type": "Point", "coordinates": [ 130.62959475257037, 32.535538367077841 ] } },
{ "type": "Feature", "properties": { "内容": "一期一会訪問看護リハビリステーション【訪問看護】熊本県八代市西松江城町2-8-2", "url": "https://www.kaigokensaku.mhlw.go.jp/43/index.php?action_kouhyou_detail_004_kani=true&JigyosyoCd=4360290284-00&ServiceCd=130&Type=search", "url2": "ichigoichie8246.com" }, "geometry": { "type": "Point", "coordinates": [ 130.5982002, 32.5070488 ] } },
{ "type": "Feature", "properties": { "内容": "ひらきクリニック【訪問看護】熊本県八代市新地町6番26号", "url": "https://www.kaigokensaku.mhlw.go.jp/43/index.php?action_kouhyou_detail_004_kani=true&JigyosyoCd=4311711594-00&ServiceCd=130&Type=search", "url2": "https://hiraki-seiwakai.com" }, "geometry": { "type": "Point", "coordinates": [ 130.5898492, 32.5089443 ] } },
{ "type": "Feature", "properties": { "内容": "訪問看護ステーションしらぬい【訪問看護】熊本県八代市田中西町5-7SRSTビル102号室SRSTビル102号室", "url": "https://www.kaigokensaku.mhlw.go.jp/43/index.php?action_kouhyou_detail_004_kani=true&JigyosyoCd=4360290185-00&ServiceCd=130&Type=search", "url2": "http://shiranuikai.net/" }, "geometry": { "type": "Point", "coordinates": [ 130.604272746721904, 32.51929566918443 ] } },
{ "type": "Feature", "properties": { "内容": "訪問看護ステーション　花あかり【訪問看護】熊本県八代市松江町540番地1", "url": "https://www.kaigokensaku.mhlw.go.jp/43/index.php?action_kouhyou_detail_004_kani=true&JigyosyoCd=4360290250-00&ServiceCd=130&Type=search", "url2": "https://www.isk2017.com" }, "geometry": { "type": "Point", "coordinates": [ 130.598360100000036, 32.5165085 ] } },
{ "type": "Feature", "properties": { "内容": "訪問看護ステーションさくら【訪問看護】熊本県八代市上日置町4763番地12207", "url": "https://www.kaigokensaku.mhlw.go.jp/43/index.php?action_kouhyou_detail_004_kani=true&JigyosyoCd=4360290276-00&ServiceCd=130&Type=search", "url2": "https://www.houkan-sakura.com/" }, "geometry": { "type": "Point", "coordinates": [ 130.6289735, 32.5076859 ] } },
{ "type": "Feature", "properties": { "内容": "セントケア訪問看護ステーション八代【訪問看護】熊本県八代市鏡町下有佐189-1", "url": "https://www.kaigokensaku.mhlw.go.jp/43/index.php?action_kouhyou_detail_004_kani=true&JigyosyoCd=4362990030-00&ServiceCd=130&Type=search", "url2": "http://www.saint-care.com/" }, "geometry": { "type": "Point", "coordinates": [ 130.669795029319175, 32.564151703835485 ] } },
{ "type": "Feature", "properties": { "内容": "訪問看護ステーション　和花【訪問看護】熊本県八代市麦島西町6番18号", "url": "https://www.kaigokensaku.mhlw.go.jp/43/index.php?action_kouhyou_detail_004_kani=true&JigyosyoCd=4360290227-00&ServiceCd=130&Type=search", "url2": null }, "geometry": { "type": "Point", "coordinates": [ 130.608418013899779, 32.497010865760089 ] } },
{ "type": "Feature", "properties": { "内容": "アムールヴィー訪問看護ステーション【訪問看護】熊本県八代市古閑中町1441番地1", "url": "https://www.kaigokensaku.mhlw.go.jp/43/index.php?action_kouhyou_detail_004_kani=true&JigyosyoCd=4360290268-00&ServiceCd=130&Type=search", "url2": "https//www.amour-vie.net" }, "geometry": { "type": "Point", "coordinates": [ 130.612759, 32.5150746 ] } },
{ "type": "Feature", "properties": { "内容": "訪問看護事業所JustAs【訪問看護】熊本県八代市豊原中町2851番地", "url": "https://www.kaigokensaku.mhlw.go.jp/43/index.php?action_kouhyou_detail_004_kani=true&JigyosyoCd=4360290367-00&ServiceCd=130&Type=search", "url2": "http://www.suzukaze.com" }, "geometry": { "type": "Point", "coordinates": [ 130.620087500000011, 32.4910732 ] } },
{ "type": "Feature", "properties": { "内容": "訪問看護ステーションmont-もん【訪問看護】熊本県八代市麦島西町８－１１", "url": "https://www.kaigokensaku.mhlw.go.jp/43/index.php?action_kouhyou_detail_004_kani=true&JigyosyoCd=4360290342-00&ServiceCd=130&Type=search", "url2": null }, "geometry": { "type": "Point", "coordinates": [ 130.607376309787014, 32.498009661361415 ] } },
{ "type": "Feature", "properties": { "内容": "訪問看護ステーションYELL【訪問看護】熊本県八代市鏡町有佐230-1", "url": "https://www.kaigokensaku.mhlw.go.jp/43/index.php?action_kouhyou_detail_004_kani=true&JigyosyoCd=4360290292-00&ServiceCd=130&Type=search", "url2": "https://www.kisaragi-yatsushiro.com" }, "geometry": { "type": "Point", "coordinates": [ 130.66860650000001, 32.5618827 ] } },
{ "type": "Feature", "properties": { "内容": "なごみ訪問看護ステーション【訪問看護】熊本県人吉市相良町６－１", "url": "https://www.kaigokensaku.mhlw.go.jp/43/index.php?action_kouhyou_detail_004_kani=true&JigyosyoCd=4360390043-00&ServiceCd=130&Type=search", "url2": null }, "geometry": { "type": "Point", "coordinates": [ 130.743422499999951, 32.2091429 ] } },
{ "type": "Feature", "properties": { "内容": "医療法人外山胃腸病院　訪問看護【訪問看護】熊本県人吉市南泉田町１番地", "url": "https://www.kaigokensaku.mhlw.go.jp/43/index.php?action_kouhyou_detail_004_kani=true&JigyosyoCd=4310310927-00&ServiceCd=130&Type=search", "url2": "http://www.gh-toyama.or.jp/" }, "geometry": { "type": "Point", "coordinates": [ 130.7607127, 32.2178756 ] } },
{ "type": "Feature", "properties": { "内容": "万江病院【訪問看護】熊本県人吉市瓦屋町字典子1718－1", "url": "https://www.kaigokensaku.mhlw.go.jp/43/index.php?action_kouhyou_detail_004_kani=true&JigyosyoCd=4310310521-00&ServiceCd=130&Type=search", "url2": "http://www.mae-hp.jp" }, "geometry": { "type": "Point", "coordinates": [ 130.757198900000049, 32.2242942 ] } },
{ "type": "Feature", "properties": { "内容": "訪問看護ステーションはっぴーらいふ【訪問看護】熊本県人吉市下林町292-1", "url": "https://www.kaigokensaku.mhlw.go.jp/43/index.php?action_kouhyou_detail_004_kani=true&JigyosyoCd=4360390001-00&ServiceCd=130&Type=search", "url2": null }, "geometry": { "type": "Point", "coordinates": [ 130.734948, 32.2201804 ] } },
{ "type": "Feature", "properties": { "内容": "人吉市医師会訪問看護ステーション【訪問看護】熊本県人吉市南泉田町72-2", "url": "https://www.kaigokensaku.mhlw.go.jp/43/index.php?action_kouhyou_detail_004_kani=true&JigyosyoCd=4360390019-00&ServiceCd=130&Type=search", "url2": "https://hitoyoshi-med.jp" }, "geometry": { "type": "Point", "coordinates": [ 130.764043, 32.2165925 ] } },
{ "type": "Feature", "properties": { "内容": "訪問看護ステーション　リバーサイド御薬園【訪問看護】熊本県人吉市七地町28番地1", "url": "https://www.kaigokensaku.mhlw.go.jp/43/index.php?action_kouhyou_detail_004_kani=true&JigyosyoCd=4360390027-00&ServiceCd=130&Type=search", "url2": "http://www.oyakuen-g.or.jp" }, "geometry": { "type": "Point", "coordinates": [ 130.773879638167614, 32.213923700244045 ] } },
{ "type": "Feature", "properties": { "内容": "訪問看護ステーション　３ｒｄ　Hand【訪問看護】熊本県人吉市中青井町307-6", "url": "https://www.kaigokensaku.mhlw.go.jp/43/index.php?action_kouhyou_detail_004_kani=true&JigyosyoCd=4360390092-00&ServiceCd=130&Type=search", "url2": "https://3rd-hand0506.com" }, "geometry": { "type": "Point", "coordinates": [ 130.754342256483483, 32.214601827645929 ] } },
{ "type": "Feature", "properties": { "内容": "堤病院訪問看護ステーション【訪問看護】熊本県人吉市下林町２２６", "url": "https://www.kaigokensaku.mhlw.go.jp/43/index.php?action_kouhyou_detail_004_kani=true&JigyosyoCd=4360390142-00&ServiceCd=130&Type=search", "url2": "https://www.tsutsumi-hospital.jp/" }, "geometry": { "type": "Point", "coordinates": [ 130.736112797622638, 32.217734300666386 ] } },
{ "type": "Feature", "properties": { "内容": "医療法人外山胃腸病院訪問看護ステーション【訪問看護】熊本県人吉市南泉田町５", "url": "https://www.kaigokensaku.mhlw.go.jp/43/index.php?action_kouhyou_detail_004_kani=true&JigyosyoCd=4360390118-00&ServiceCd=130&Type=search", "url2": "http://www.gh-toyama.or.jp/" }, "geometry": { "type": "Point", "coordinates": [ 130.761376499999983, 32.2180173 ] } },
{ "type": "Feature", "properties": { "内容": "独立行政法人地域医療機能推進機構　人吉医療センター附属訪問看護ステーション【訪問看護】老神町35", "url": "https://www.kaigokensaku.mhlw.go.jp/43/index.php?action_kouhyou_detail_004_kani=true&JigyosyoCd=4360390126-00&ServiceCd=130&Type=search", "url2": "https://hitoyoshi.jcho.go.jp/" }, "geometry": { "type": "Point", "coordinates": [ 130.758644513749573, 32.209621320373799 ] } },
{ "type": "Feature", "properties": { "内容": "訪問看護ステーション　にこっと【訪問看護】熊本県人吉市西間上町1011", "url": "https://www.kaigokensaku.mhlw.go.jp/43/index.php?action_kouhyou_detail_004_kani=true&JigyosyoCd=4360390159-00&ServiceCd=130&Type=search", "url2": "https://www.nicot2510.com/" }, "geometry": { "type": "Point", "coordinates": [ 130.758461399999987, 32.199649 ] } },
{ "type": "Feature", "properties": { "内容": "訪問看護ステーション　とらいぶ【訪問看護】熊本県荒尾市万田443－1", "url": "https://www.kaigokensaku.mhlw.go.jp/43/index.php?action_kouhyou_detail_004_kani=true&JigyosyoCd=4360490090-00&ServiceCd=130&Type=search", "url2": "www.udo-hp.or.jp" }, "geometry": { "type": "Point", "coordinates": [ 130.4406706, 32.9972883 ] } },
{ "type": "Feature", "properties": { "内容": "訪問看護ステーションみどり【訪問看護】熊本県荒尾市増永2620", "url": "https://www.kaigokensaku.mhlw.go.jp/43/index.php?action_kouhyou_detail_004_kani=true&JigyosyoCd=4360490041-00&ServiceCd=130&Type=search", "url2": "http://www.konoe-net.jp/" }, "geometry": { "type": "Point", "coordinates": [ 130.457924721565178, 32.971758207157784 ] } },
{ "type": "Feature", "properties": { "内容": "荒尾介護システム訪問看護ステーション【訪問看護】熊本県荒尾市大平町3丁目4番", "url": "https://www.kaigokensaku.mhlw.go.jp/43/index.php?action_kouhyou_detail_004_kani=true&JigyosyoCd=4360490066-00&ServiceCd=130&Type=search", "url2": "ho-kan@araokaigo.jp" }, "geometry": { "type": "Point", "coordinates": [ 130.4383775, 32.9906796 ] } },
{ "type": "Feature", "properties": { "内容": "荒尾市医師会訪問看護ステーション【訪問看護】熊本県荒尾市宮内1092-18荒尾市医師会館", "url": "https://www.kaigokensaku.mhlw.go.jp/43/index.php?action_kouhyou_detail_004_kani=true&JigyosyoCd=4360490017-00&ServiceCd=130&Type=search", "url2": null }, "geometry": { "type": "Point", "coordinates": [ 130.451480570639063, 32.986111824736255 ] } },
{ "type": "Feature", "properties": { "内容": "慈眼苑訪問看護ステーション【訪問看護】熊本県荒尾市荒尾1997", "url": "https://www.kaigokensaku.mhlw.go.jp/43/index.php?action_kouhyou_detail_004_kani=true&JigyosyoCd=4360490025-00&ServiceCd=130&Type=search", "url2": "http://www.senshinkai.or.jp/" }, "geometry": { "type": "Point", "coordinates": [ 130.440344200000027, 32.9734036 ] } },
{ "type": "Feature", "properties": { "内容": "ねこのて訪問看護ステーション【訪問看護】熊本県荒尾市西原町１丁目３−１荒尾市起業家支援センター　オフィスＡ", "url": "https://www.kaigokensaku.mhlw.go.jp/43/index.php?action_kouhyou_detail_004_kani=true&JigyosyoCd=4360490108-00&ServiceCd=130&Type=search", "url2": "https://nekonote-nyan.com/" }, "geometry": { "type": "Point", "coordinates": [ 130.43423, 33.001262 ] } },
{ "type": "Feature", "properties": { "内容": "ひかり訪問看護ステーション【訪問看護】熊本県荒尾市増永1781－4", "url": "https://www.kaigokensaku.mhlw.go.jp/43/index.php?action_kouhyou_detail_004_kani=true&JigyosyoCd=4360490116-00&ServiceCd=130&Type=search", "url2": null }, "geometry": { "type": "Point", "coordinates": [ 130.4446797, 32.9727759 ] } },
{ "type": "Feature", "properties": { "内容": "訪問看護ステーション　にこ【訪問看護】熊本県荒尾市宮内出目570-13", "url": "https://www.kaigokensaku.mhlw.go.jp/43/index.php?action_kouhyou_detail_004_kani=true&JigyosyoCd=4360490082-00&ServiceCd=130&Type=search", "url2": "https://nico-yell.com" }, "geometry": { "type": "Point", "coordinates": [ 130.435208499999959, 32.9877408 ] } },
{ "type": "Feature", "properties": { "内容": "訪問看護ステーションかのん【訪問看護】荒尾1921‐9", "url": "https://www.kaigokensaku.mhlw.go.jp/43/index.php?action_kouhyou_detail_004_kani=true&JigyosyoCd=4360490074-00&ServiceCd=130&Type=search", "url2": null }, "geometry": { "type": "Point", "coordinates": [ 130.4397466, 32.9749919 ] } },
{ "type": "Feature", "properties": { "内容": "山田クリニック【訪問看護】熊本県水俣市旭町2丁目2番5号", "url": "https://www.kaigokensaku.mhlw.go.jp/43/index.php?action_kouhyou_detail_004_kani=true&JigyosyoCd=4310510732-00&ServiceCd=130&Type=search", "url2": null }, "geometry": { "type": "Point", "coordinates": [ 130.401929, 32.208994 ] } },
{ "type": "Feature", "properties": { "内容": "訪問看護ステーション協立【訪問看護】熊本県水俣市桜井町２丁目２番地１４号", "url": "https://www.kaigokensaku.mhlw.go.jp/43/index.php?action_kouhyou_detail_004_kani=true&JigyosyoCd=4360590030-00&ServiceCd=130&Type=search", "url2": "http://www.minamata-kyouritsu.com/" }, "geometry": { "type": "Point", "coordinates": [ 130.395968700000026, 32.2059247 ] } },
{ "type": "Feature", "properties": { "内容": "訪問看護ステーションみやざき【訪問看護】熊本県水俣市古城1丁目4番22号", "url": "https://www.kaigokensaku.mhlw.go.jp/43/index.php?action_kouhyou_detail_004_kani=true&JigyosyoCd=4360590048-00&ServiceCd=130&Type=search", "url2": null }, "geometry": { "type": "Point", "coordinates": [ 130.418182300000012, 32.2053277 ] } },
{ "type": "Feature", "properties": { "内容": "ニチイケアセンター水俣　訪問看護ステーション【訪問看護】熊本県水俣市長野町１１番１１４号1階", "url": "https://www.kaigokensaku.mhlw.go.jp/43/index.php?action_kouhyou_detail_004_kani=true&JigyosyoCd=4360590063-00&ServiceCd=130&Type=search", "url2": "http://www.nichiigakkan.co.jp" }, "geometry": { "type": "Point", "coordinates": [ 130.4243239, 32.1988624 ] } },
{ "type": "Feature", "properties": { "内容": "医療法人　岡部病院　訪問看護【訪問看護】熊本県水俣市桜井町３丁目３番３号", "url": "https://www.kaigokensaku.mhlw.go.jp/43/index.php?action_kouhyou_detail_004_kani=true&JigyosyoCd=4310510443-00&ServiceCd=130&Type=search", "url2": "http://www.okabehospital.jp/" }, "geometry": { "type": "Point", "coordinates": [ 130.398273900000049, 32.2075441 ] } },
{ "type": "Feature", "properties": { "内容": "訪問看護ステーションいいくらし【訪問看護】熊本県玉名市宮原７３６番地", "url": "https://www.kaigokensaku.mhlw.go.jp/43/index.php?action_kouhyou_detail_004_kani=true&JigyosyoCd=4360690129-00&ServiceCd=130&Type=search", "url2": null }, "geometry": { "type": "Point", "coordinates": [ 130.576614389549263, 32.904313661456563 ] } },
{ "type": "Feature", "properties": { "内容": "精神科特化訪問看護ステーションCrutoココロ　玉名【訪問看護】熊本県玉名市中1195‐11‐D", "url": "https://www.kaigokensaku.mhlw.go.jp/43/index.php?action_kouhyou_detail_004_kani=true&JigyosyoCd=4360690145-00&ServiceCd=130&Type=search", "url2": null }, "geometry": { "type": "Point", "coordinates": [ 130.5416021, 32.9274702 ] } },
{ "type": "Feature", "properties": { "内容": "訪問看護ステーション　ホヌ【訪問看護】熊本県玉名市岱明町上1117‐21", "url": "https://www.kaigokensaku.mhlw.go.jp/43/index.php?action_kouhyou_detail_004_kani=true&JigyosyoCd=4360690152-00&ServiceCd=130&Type=search", "url2": "https://home.tsuku2.jp/storeDetail.php?scd=0000160326" }, "geometry": { "type": "Point", "coordinates": [ 130.5027778, 32.9280068 ] } },
{ "type": "Feature", "properties": { "内容": "和【訪問看護】熊本県玉名市月田2107番地５", "url": "https://www.kaigokensaku.mhlw.go.jp/43/index.php?action_kouhyou_detail_004_kani=true&JigyosyoCd=4360690004-00&ServiceCd=130&Type=search", "url2": null }, "geometry": { "type": "Point", "coordinates": [ 130.596683, 32.9746613 ] } },
{ "type": "Feature", "properties": { "内容": "玉名郡市医師会訪問看護ステーション【訪問看護】熊本県玉名市玉名２１８６", "url": "https://www.kaigokensaku.mhlw.go.jp/43/index.php?action_kouhyou_detail_004_kani=true&JigyosyoCd=4360690012-00&ServiceCd=130&Type=search", "url2": "http://tma-st.jp" }, "geometry": { "type": "Point", "coordinates": [ 130.5657334, 32.9473358 ] } },
{ "type": "Feature", "properties": { "内容": "ライフケア　訪問看護リハビリセンター【訪問看護】玉名市中７５１番地４", "url": "https://www.kaigokensaku.mhlw.go.jp/43/index.php?action_kouhyou_detail_004_kani=true&JigyosyoCd=4360690053-00&ServiceCd=130&Type=search", "url2": "http://care-net.biz/43/lifecare/" }, "geometry": { "type": "Point", "coordinates": [ 130.541503392765151, 32.921373913988894 ] } },
{ "type": "Feature", "properties": { "内容": "くまもと県北病院訪問看護ステーション【訪問看護】熊本県玉名市玉名842くまもと県北病院メディカルケアセンター", "url": "https://www.kaigokensaku.mhlw.go.jp/43/index.php?action_kouhyou_detail_004_kani=true&JigyosyoCd=4360690061-00&ServiceCd=130&Type=search", "url2": "https://kumakenhoku-hp,jp" }, "geometry": { "type": "Point", "coordinates": [ 130.575947107055441, 32.945659376313536 ] } },
{ "type": "Feature", "properties": { "内容": "teTote.訪問看護ステーション【訪問看護】熊本県玉名市中尾490-1", "url": "https://www.kaigokensaku.mhlw.go.jp/43/index.php?action_kouhyou_detail_004_kani=true&JigyosyoCd=4360690095-00&ServiceCd=130&Type=search", "url2": "https://www.procarelab.net/" }, "geometry": { "type": "Point", "coordinates": [ 130.4848657, 32.9054879 ] } },
{ "type": "Feature", "properties": { "内容": "リエゾン訪問看護ステーションくまもと【訪問看護】上小田３７１番地小田っ子ルーム", "url": "https://www.kaigokensaku.mhlw.go.jp/43/index.php?action_kouhyou_detail_004_kani=true&JigyosyoCd=4360690079-00&ServiceCd=130&Type=search", "url2": "https://www.liaison-homonkango.com/" }, "geometry": { "type": "Point", "coordinates": [ 130.591169836594275, 32.950252821256306 ] } },
{ "type": "Feature", "properties": { "内容": "訪問看護ステーション　樹心台【訪問看護】熊本県玉名市伊倉北方272-3", "url": "https://www.kaigokensaku.mhlw.go.jp/43/index.php?action_kouhyou_detail_004_kani=true&JigyosyoCd=4360690020-00&ServiceCd=130&Type=search", "url2": "https://www.i-shinwa.com/jushindai/" }, "geometry": { "type": "Point", "coordinates": [ 130.562948900000038, 32.9123439 ] } },
{ "type": "Feature", "properties": { "内容": "訪問看護ステーションこころ【訪問看護】熊本県玉名市立願寺1002番地サンバレー貴翔108号", "url": "https://www.kaigokensaku.mhlw.go.jp/43/index.php?action_kouhyou_detail_004_kani=true&JigyosyoCd=4360690111-00&ServiceCd=130&Type=search", "url2": null }, "geometry": { "type": "Point", "coordinates": [ 130.5522287, 32.9399032 ] } },
{ "type": "Feature", "properties": { "内容": "在宅看護センターゆう　玉名【訪問看護】熊本県玉名市築地282-1サンライズ築地101号室", "url": "https://www.kaigokensaku.mhlw.go.jp/43/index.php?action_kouhyou_detail_004_kani=true&JigyosyoCd=4360690103-00&ServiceCd=130&Type=search", "url2": "https://www.you3kango.com/" }, "geometry": { "type": "Point", "coordinates": [ 130.528709600000013, 32.932004 ] } },
{ "type": "Feature", "properties": { "内容": "訪問看護ステーション湯の郷たまな【訪問看護】玉名市高瀬100-1　202", "url": "https://www.kaigokensaku.mhlw.go.jp/43/index.php?action_kouhyou_detail_004_kani=true&JigyosyoCd=4360690087-00&ServiceCd=130&Type=search", "url2": "https://yunosato.jp/" }, "geometry": { "type": "Point", "coordinates": [ 130.554375093953269, 32.931233795933274 ] } },
{ "type": "Feature", "properties": { "内容": "訪問看護ステーションCruto玉名【訪問看護】熊本県玉名市中1195-11-C", "url": "https://www.kaigokensaku.mhlw.go.jp/43/index.php?action_kouhyou_detail_004_kani=true&JigyosyoCd=4360690137-00&ServiceCd=130&Type=search", "url2": "http://www.cruto.net/" }, "geometry": { "type": "Point", "coordinates": [ 130.540704642189041, 32.927354511675077 ] } },
{ "type": "Feature", "properties": { "内容": "藤原クリニック【訪問看護】南島387", "url": "https://www.kaigokensaku.mhlw.go.jp/43/index.php?action_kouhyou_detail_004_kani=true&JigyosyoCd=4311310488-00&ServiceCd=130&Type=search", "url2": null }, "geometry": { "type": "Point", "coordinates": [ 130.695406199999979, 32.9914028 ] } },
{ "type": "Feature", "properties": { "内容": "山鹿市民医療センター【訪問看護】熊本県山鹿市山鹿511番地", "url": "https://www.kaigokensaku.mhlw.go.jp/43/index.php?action_kouhyou_detail_004_kani=true&JigyosyoCd=4318210095-00&ServiceCd=130&Type=search", "url2": "http://yamaga-medical-center.jp/" }, "geometry": { "type": "Point", "coordinates": [ 130.698225, 33.0148227 ] } },
{ "type": "Feature", "properties": { "内容": "訪問看護ステーションｎｉｃｏ【訪問看護】熊本県山鹿市中663-3", "url": "https://www.kaigokensaku.mhlw.go.jp/43/index.php?action_kouhyou_detail_004_kani=true&JigyosyoCd=4360890083-00&ServiceCd=130&Type=search", "url2": "https://tunaguinc.jp/" }, "geometry": { "type": "Point", "coordinates": [ 130.697577127612675, 33.01185067865655 ] } },
{ "type": "Feature", "properties": { "内容": "訪問看護ステーション紬【訪問看護】熊本県山鹿市熊入町４３番地", "url": "https://www.kaigokensaku.mhlw.go.jp/43/index.php?action_kouhyou_detail_004_kani=true&JigyosyoCd=4360890091-00&ServiceCd=130&Type=search", "url2": "https://www.earthfullb.com/" }, "geometry": { "type": "Point", "coordinates": [ 130.687326112641387, 33.022435198799037 ] } },
{ "type": "Feature", "properties": { "内容": "訪問看護ステーション湊【訪問看護】熊本県山鹿市鹿本町御宇田288-3", "url": "https://www.kaigokensaku.mhlw.go.jp/43/index.php?action_kouhyou_detail_004_kani=true&JigyosyoCd=4360890109-00&ServiceCd=130&Type=search", "url2": "https://seafour.co.jp/" }, "geometry": { "type": "Point", "coordinates": [ 130.733598199999989, 33.0088356 ] } },
{ "type": "Feature", "properties": { "内容": "医療法人　春水会　山鹿中央訪問看護ステーション【訪問看護】熊本県山鹿市山鹿１５５４番地", "url": "https://www.kaigokensaku.mhlw.go.jp/43/index.php?action_kouhyou_detail_004_kani=true&JigyosyoCd=4360890026-00&ServiceCd=130&Type=search", "url2": "http://www.yamagachuohp.jp" }, "geometry": { "type": "Point", "coordinates": [ 130.6896342, 33.0150418 ] } },
{ "type": "Feature", "properties": { "内容": "訪問看護ステーション大道【訪問看護】熊本県山鹿市保方田828-2グループホーム大道2階", "url": "https://www.kaigokensaku.mhlw.go.jp/43/index.php?action_kouhyou_detail_004_kani=true&JigyosyoCd=4360890042-00&ServiceCd=130&Type=search", "url2": "http://www.andantes.org/" }, "geometry": { "type": "Point", "coordinates": [ 130.721468466761706, 32.998548883065155 ] } },
{ "type": "Feature", "properties": { "内容": "さくかお訪問看護ステーション【訪問看護】熊本県山鹿市中775-12", "url": "https://www.kaigokensaku.mhlw.go.jp/43/index.php?action_kouhyou_detail_004_kani=true&JigyosyoCd=4360890067-00&ServiceCd=130&Type=search", "url2": null }, "geometry": { "type": "Point", "coordinates": [ 130.702945357672121, 33.018162568879497 ] } },
{ "type": "Feature", "properties": { "内容": "訪問看護ステーション　やまが【訪問看護】熊本県山鹿市山鹿430-4101", "url": "https://www.kaigokensaku.mhlw.go.jp/43/index.php?action_kouhyou_detail_004_kani=true&JigyosyoCd=4360890075-00&ServiceCd=130&Type=search", "url2": "http://yamaga-gohome0725.com" }, "geometry": { "type": "Point", "coordinates": [ 130.6955945, 33.0133747 ] } },
{ "type": "Feature", "properties": { "内容": "訪問看護ステーションCruto山鹿【訪問看護】熊本県山鹿市方保田3494番地2", "url": "https://www.kaigokensaku.mhlw.go.jp/43/index.php?action_kouhyou_detail_004_kani=true&JigyosyoCd=4360890117-00&ServiceCd=130&Type=search", "url2": "http://www.cruto.net/" }, "geometry": { "type": "Point", "coordinates": [ 130.721046229583152, 33.004758521864211 ] } },
{ "type": "Feature", "properties": { "内容": "古田医院【訪問看護】熊本県菊池市七城町甲佐町296", "url": "https://www.kaigokensaku.mhlw.go.jp/43/index.php?action_kouhyou_detail_004_kani=true&JigyosyoCd=4311610275-00&ServiceCd=130&Type=search", "url2": null }, "geometry": { "type": "Point", "coordinates": [ 130.7694735, 32.9688337 ] } },
{ "type": "Feature", "properties": { "内容": "精神科特化訪問看護ステーションCrutoココロ菊池【訪問看護】熊本県菊池市北宮332-2セベスB", "url": "https://www.kaigokensaku.mhlw.go.jp/43/index.php?action_kouhyou_detail_004_kani=true&JigyosyoCd=4361090105-00&ServiceCd=130&Type=search", "url2": "http://www.cruto.net/" }, "geometry": { "type": "Point", "coordinates": [ 130.80905580000001, 32.973800200000021 ] } },
{ "type": "Feature", "properties": { "内容": "訪問看護ステーションNoah【訪問看護】熊本県菊池市泗水町吉富210-60", "url": "https://www.kaigokensaku.mhlw.go.jp/43/index.php?action_kouhyou_detail_004_kani=true&JigyosyoCd=4361090097-00&ServiceCd=130&Type=search", "url2": "https://noahs-ark.info" }, "geometry": { "type": "Point", "coordinates": [ 130.7924624, 32.9338594 ] } },
{ "type": "Feature", "properties": { "内容": "菊池郡市医師会訪問看護ステーション【訪問看護】熊本県菊池市大琳寺７５番地1", "url": "https://www.kaigokensaku.mhlw.go.jp/43/index.php?action_kouhyou_detail_004_kani=true&JigyosyoCd=4361090014-00&ServiceCd=130&Type=search", "url2": "http://www.KiKuchi-med.or.jp/" }, "geometry": { "type": "Point", "coordinates": [ 130.800862245971643, 32.975128087065094 ] } },
{ "type": "Feature", "properties": { "内容": "訪問看護ステーション　ともづな【訪問看護】熊本県菊池市西寺1588番地1", "url": "https://www.kaigokensaku.mhlw.go.jp/43/index.php?action_kouhyou_detail_004_kani=true&JigyosyoCd=4361090030-00&ServiceCd=130&Type=search", "url2": "http://www.tomoduna.co.jp" }, "geometry": { "type": "Point", "coordinates": [ 130.796620594442743, 32.973835732470477 ] } },
{ "type": "Feature", "properties": { "内容": "菊池中央病院訪問看護ステーション【訪問看護】熊本県菊池市隈府494番地", "url": "https://www.kaigokensaku.mhlw.go.jp/43/index.php?action_kouhyou_detail_004_kani=true&JigyosyoCd=4361090071-00&ServiceCd=130&Type=search", "url2": "https://nobuokakai.ecnet.jp" }, "geometry": { "type": "Point", "coordinates": [ 130.8069205, 32.9796292 ] } },
{ "type": "Feature", "properties": { "内容": "訪問看護ステーションそうげん【訪問看護】熊本県菊池市隈府４９４番地16大忠ビル", "url": "https://www.kaigokensaku.mhlw.go.jp/43/index.php?action_kouhyou_detail_004_kani=true&JigyosyoCd=4361090055-00&ServiceCd=130&Type=search", "url2": "http://npo-sougen.com/" }, "geometry": { "type": "Point", "coordinates": [ 130.806150300000013, 32.97968 ] } },
{ "type": "Feature", "properties": { "内容": "リハビリ訪問看護ステーションユリシス【訪問看護】熊本県菊池市隈府254-１", "url": "https://www.kaigokensaku.mhlw.go.jp/43/index.php?action_kouhyou_detail_004_kani=true&JigyosyoCd=4361090113-00&ServiceCd=130&Type=search", "url2": "https://www.yurishisu-houmonkango.com/" }, "geometry": { "type": "Point", "coordinates": [ 130.810973600000011, 32.9820097 ] } },
{ "type": "Feature", "properties": { "内容": "すみれ訪問看護ステーション【訪問看護】熊本県宇土市松山町1901", "url": "https://www.kaigokensaku.mhlw.go.jp/43/index.php?action_kouhyou_detail_004_kani=true&JigyosyoCd=4361190012-00&ServiceCd=130&Type=search", "url2": null }, "geometry": { "type": "Point", "coordinates": [ 130.670540721426391, 32.66976276516391 ] } },
{ "type": "Feature", "properties": { "内容": "医療法人　小田会　ケアセンターみどりかわ　訪問看護ステーション【訪問看護】熊本県宇土市野鶴町３５２", "url": "https://www.kaigokensaku.mhlw.go.jp/43/index.php?action_kouhyou_detail_004_kani=true&JigyosyoCd=4361190004-00&ServiceCd=130&Type=search", "url2": "http://www.odakai.jp" }, "geometry": { "type": "Point", "coordinates": [ 130.628964499999938, 32.6952252 ] } },
{ "type": "Feature", "properties": { "内容": "看護リハビリセンター　こころ【訪問看護】熊本県宇土市築籠町１３９番地4", "url": "https://www.kaigokensaku.mhlw.go.jp/43/index.php?action_kouhyou_detail_004_kani=true&JigyosyoCd=4361190020-00&ServiceCd=130&Type=search", "url2": "http://www.kanamori.or.jp" }, "geometry": { "type": "Point", "coordinates": [ 130.66175590024713, 32.689605495584864 ] } },
{ "type": "Feature", "properties": { "内容": "訪問看護ステーションNOIE【訪問看護】熊本県宇土市栄町14-42F", "url": "https://www.kaigokensaku.mhlw.go.jp/43/index.php?action_kouhyou_detail_004_kani=true&JigyosyoCd=4361190079-00&ServiceCd=130&Type=search", "url2": "hks-noie.com" }, "geometry": { "type": "Point", "coordinates": [ 130.656317, 32.6861328 ] } },
{ "type": "Feature", "properties": { "内容": "医療法人　村上会　村上医院【訪問看護】熊本県上天草市姫戸町姫浦２５２８－６", "url": "https://www.kaigokensaku.mhlw.go.jp/43/index.php?action_kouhyou_detail_004_kani=true&JigyosyoCd=4313212153-00&ServiceCd=130&Type=search", "url2": null }, "geometry": { "type": "Point", "coordinates": [ 130.408729200000039, 32.439595 ] } },
{ "type": "Feature", "properties": { "内容": "上天草訪問看護ステーション【訪問看護】熊本県上天草市龍ヶ岳町高戸1419－19", "url": "https://www.kaigokensaku.mhlw.go.jp/43/index.php?action_kouhyou_detail_004_kani=true&JigyosyoCd=4361290002-00&ServiceCd=130&Type=search", "url2": null }, "geometry": { "type": "Point", "coordinates": [ 130.391635400000041, 32.393649400000015 ] } },
{ "type": "Feature", "properties": { "内容": "訪問看護ステーションCruto大矢野【訪問看護】大矢野町中4467-4", "url": "https://www.kaigokensaku.mhlw.go.jp/43/index.php?action_kouhyou_detail_004_kani=true&JigyosyoCd=4361290028-00&ServiceCd=130&Type=search", "url2": "http://www.crutooyano.com/" }, "geometry": { "type": "Point", "coordinates": [ 130.422043699999989, 32.5491423 ] } },
{ "type": "Feature", "properties": { "内容": "訪問看護ステーション蓮【訪問看護】熊本県宇城市松橋町萩尾2037-1", "url": "https://www.kaigokensaku.mhlw.go.jp/43/index.php?action_kouhyou_detail_004_kani=true&JigyosyoCd=4361390133-00&ServiceCd=130&Type=search", "url2": "http://hp.kaipoke.biz/kys/" }, "geometry": { "type": "Point", "coordinates": [ 130.718714800000043, 32.6651159 ] } },
{ "type": "Feature", "properties": { "内容": "タガワブレース訪問看護ステーション【訪問看護】熊本県宇城市小川町南部田1556-1", "url": "https://www.kaigokensaku.mhlw.go.jp/43/index.php?action_kouhyou_detail_004_kani=true&JigyosyoCd=4361390034-00&ServiceCd=130&Type=search", "url2": "http://www.tagawabrace.com/" }, "geometry": { "type": "Point", "coordinates": [ 130.7117713, 32.5984274 ] } },
{ "type": "Feature", "properties": { "内容": "訪問看護ステーション　愛話園【訪問看護】熊本県宇城市松橋町南豊崎437－3", "url": "https://www.kaigokensaku.mhlw.go.jp/43/index.php?action_kouhyou_detail_004_kani=true&JigyosyoCd=4361390125-00&ServiceCd=130&Type=search", "url2": null }, "geometry": { "type": "Point", "coordinates": [ 130.679374487156679, 32.62115372225869 ] } },
{ "type": "Feature", "properties": { "内容": "ナースステーション・エムズ【訪問看護】熊本県宇城市小川町江頭394番地", "url": "https://www.kaigokensaku.mhlw.go.jp/43/index.php?action_kouhyou_detail_004_kani=true&JigyosyoCd=4361390141-00&ServiceCd=130&Type=search", "url2": "https://www.marblefellow.com/" }, "geometry": { "type": "Point", "coordinates": [ 130.699378200000012, 32.595251 ] } },
{ "type": "Feature", "properties": { "内容": "訪問看護ステーションCruto宇城【訪問看護】熊本県宇城市松橋町松橋853-1", "url": "https://www.kaigokensaku.mhlw.go.jp/43/index.php?action_kouhyou_detail_004_kani=true&JigyosyoCd=4361390158-00&ServiceCd=130&Type=search", "url2": "http://www.cruto.net" }, "geometry": { "type": "Point", "coordinates": [ 130.6776671, 32.6516389 ] } },
{ "type": "Feature", "properties": { "内容": "訪問看護ステーションらぱん【訪問看護】熊本県宇城市松橋町久具1718-15ハイツビュー105号", "url": "https://www.kaigokensaku.mhlw.go.jp/43/index.php?action_kouhyou_detail_004_kani=true&JigyosyoCd=4361390174-00&ServiceCd=130&Type=search", "url2": null }, "geometry": { "type": "Point", "coordinates": [ 130.700829850274374, 32.647526550774792 ] } },
{ "type": "Feature", "properties": { "内容": "フォーシーズン訪問看護ステーション【訪問看護】熊本県宇城市松橋町久具2059-1", "url": "https://www.kaigokensaku.mhlw.go.jp/43/index.php?action_kouhyou_detail_004_kani=true&JigyosyoCd=4361390182-00&ServiceCd=130&Type=search", "url2": "https://fo-season.jp/" }, "geometry": { "type": "Point", "coordinates": [ 130.697852900000015, 32.642300300000031 ] } },
{ "type": "Feature", "properties": { "内容": "社会福祉法人恩賜財団済生会みすみ病院　訪問看護ステーション　みすみ【訪問看護】熊本県宇城市三角町波多７７５地１", "url": "https://www.kaigokensaku.mhlw.go.jp/43/index.php?action_kouhyou_detail_004_kani=true&JigyosyoCd=4361390190-00&ServiceCd=130&Type=search", "url2": "https://www.sk-misumi.jp" }, "geometry": { "type": "Point", "coordinates": [ 139.7958849, 35.970705 ] } },
{ "type": "Feature", "properties": { "内容": "訪問看護・リハビリステーションふぃっと【訪問看護】熊本県宇城市小川町南部田673-1", "url": "https://www.kaigokensaku.mhlw.go.jp/43/index.php?action_kouhyou_detail_004_kani=true&JigyosyoCd=4361390075-00&ServiceCd=130&Type=search", "url2": "https://www.llc-makefit.com/" }, "geometry": { "type": "Point", "coordinates": [ 130.713745162711092, 32.595293835876888 ] } },
{ "type": "Feature", "properties": { "内容": "訪問看護ステーションさくら宇城【訪問看護】熊本県宇城市松橋町松山3567", "url": "https://www.kaigokensaku.mhlw.go.jp/43/index.php?action_kouhyou_detail_004_kani=true&JigyosyoCd=4361390208-00&ServiceCd=130&Type=search", "url2": "https://www.houkan-sakura.com" }, "geometry": { "type": "Point", "coordinates": [ 130.683064699999989, 32.6604255 ] } },
{ "type": "Feature", "properties": { "内容": "訪問看護ステーション　りんく【訪問看護】熊本県宇城市小川町河江192-3", "url": "https://www.kaigokensaku.mhlw.go.jp/43/index.php?action_kouhyou_detail_004_kani=true&JigyosyoCd=4361390166-00&ServiceCd=130&Type=search", "url2": "https://houmonkangostationlink.com" }, "geometry": { "type": "Point", "coordinates": [ 130.70845, 32.5934402 ] } },
{ "type": "Feature", "properties": { "内容": "訪問看護ステーション　つくし【訪問看護】熊本県阿蘇市内牧９１１番地８", "url": "https://www.kaigokensaku.mhlw.go.jp/43/index.php?action_kouhyou_detail_004_kani=true&JigyosyoCd=4361490057-00&ServiceCd=130&Type=search", "url2": null }, "geometry": { "type": "Point", "coordinates": [ 131.044778400000013, 32.9688918 ] } },
{ "type": "Feature", "properties": { "内容": "訪問看護ステーション春草苑【訪問看護】熊本県阿蘇市内牧１１５９番地６", "url": "https://www.kaigokensaku.mhlw.go.jp/43/index.php?action_kouhyou_detail_004_kani=true&JigyosyoCd=4361490016-00&ServiceCd=130&Type=search", "url2": null }, "geometry": { "type": "Point", "coordinates": [ 131.044581058891254, 32.971915000822669 ] } },
{ "type": "Feature", "properties": { "内容": "訪問看護・地域リハステーション　あーくす　Aso【訪問看護】熊本県阿蘇市一の宮町宮地3090番地門前町B号室", "url": "https://www.kaigokensaku.mhlw.go.jp/43/index.php?action_kouhyou_detail_004_kani=true&JigyosyoCd=4361490040-00&ServiceCd=130&Type=search", "url2": null }, "geometry": { "type": "Point", "coordinates": [ 131.116515880950885, 32.949622794772161 ] } },
{ "type": "Feature", "properties": { "内容": "ハートナース【訪問看護】熊本県阿蘇市小里249番地2", "url": "https://www.kaigokensaku.mhlw.go.jp/43/index.php?action_kouhyou_detail_004_kani=true&JigyosyoCd=4361490024-00&ServiceCd=130&Type=search", "url2": "http://asoheart.com" }, "geometry": { "type": "Point", "coordinates": [ 131.039845600000035, 32.9784775 ] } },
{ "type": "Feature", "properties": { "内容": "阿蘇郡市医師会立訪問看護ステーション【訪問看護】熊本県阿蘇市黒川1178", "url": "https://www.kaigokensaku.mhlw.go.jp/43/index.php?action_kouhyou_detail_004_kani=true&JigyosyoCd=4362790026-00&ServiceCd=130&Type=search", "url2": null }, "geometry": { "type": "Point", "coordinates": [ 131.08011149999993, 32.9300849 ] } },
{ "type": "Feature", "properties": { "内容": "あまてらす訪問看護ステーションおおあそ【訪問看護】熊本県阿蘇市小里257−1", "url": "https://www.kaigokensaku.mhlw.go.jp/43/index.php?action_kouhyou_detail_004_kani=true&JigyosyoCd=4361490032-00&ServiceCd=130&Type=search", "url2": "jitokukai.com" }, "geometry": { "type": "Point", "coordinates": [ 131.036114199999986, 32.9661147 ] } },
{ "type": "Feature", "properties": { "内容": "医療法人社団永寿会　天草第一病院訪問看護ひまわり【訪問看護】熊本県天草市今釜新町３４１３番地の6", "url": "https://www.kaigokensaku.mhlw.go.jp/43/index.php?action_kouhyou_detail_004_kani=true&JigyosyoCd=4312010103-00&ServiceCd=130&Type=search", "url2": "http://www.eijukai.or.jp" }, "geometry": { "type": "Point", "coordinates": [ 130.194271299999969, 32.4598846 ] } },
{ "type": "Feature", "properties": { "内容": "中邑医院【訪問看護】天草市久玉町1411-133", "url": "https://www.kaigokensaku.mhlw.go.jp/43/index.php?action_kouhyou_detail_004_kani=true&JigyosyoCd=4310910437-00&ServiceCd=130&Type=search", "url2": null }, "geometry": { "type": "Point", "coordinates": [ 130.03290579999998, 32.2165371 ] } },
{ "type": "Feature", "properties": { "内容": "社会医療法人　芳和会　天草ふれあいクリニック【訪問看護】熊本県天草市丸尾町16番34号", "url": "https://www.kaigokensaku.mhlw.go.jp/43/index.php?action_kouhyou_detail_004_kani=true&JigyosyoCd=4310711215-00&ServiceCd=130&Type=search", "url2": "https://amafure.jp/" }, "geometry": { "type": "Point", "coordinates": [ 130.1859045, 32.4720919 ] } },
{ "type": "Feature", "properties": { "内容": "医療法人社団　福本会　福本病院【訪問看護】熊本県　天草市　牛深町　１５２２番地46", "url": "https://www.kaigokensaku.mhlw.go.jp/43/index.php?action_kouhyou_detail_004_kani=true&JigyosyoCd=4310910379-00&ServiceCd=130&Type=search", "url2": null }, "geometry": { "type": "Point", "coordinates": [ 130.030220899999989, 32.2005272 ] } },
{ "type": "Feature", "properties": { "内容": "訪問看護ステーション　笑【訪問看護】熊本県天草市東浜町10-1三貴ビル2階", "url": "https://www.kaigokensaku.mhlw.go.jp/43/index.php?action_kouhyou_detail_004_kani=true&JigyosyoCd=4361590120-00&ServiceCd=130&Type=search", "url2": null }, "geometry": { "type": "Point", "coordinates": [ 130.192471899999987, 32.4582407 ] } },
{ "type": "Feature", "properties": { "内容": "松本内科眼科訪問看護事業所【訪問看護】熊本県天草市久玉町５７１６－６", "url": "https://www.kaigokensaku.mhlw.go.jp/43/index.php?action_kouhyou_detail_004_kani=true&JigyosyoCd=4310910361-00&ServiceCd=130&Type=search", "url2": "http://www.matsumotonaikaganka.jp/" }, "geometry": { "type": "Point", "coordinates": [ 130.027853400000026, 32.213684399999984 ] } },
{ "type": "Feature", "properties": { "内容": "一般社団法人天草郡市医師会　訪問看護センター【訪問看護】熊本県天草市亀場町食場1181-1", "url": "https://www.kaigokensaku.mhlw.go.jp/43/index.php?action_kouhyou_detail_004_kani=true&JigyosyoCd=4360790028-00&ServiceCd=130&Type=search", "url2": "https://www.amed.jp" }, "geometry": { "type": "Point", "coordinates": [ 130.180667800000037, 32.4330786 ] } },
{ "type": "Feature", "properties": { "内容": "訪問看護リハステーションRICHE【訪問看護】熊本県天草市南新町10番地15ステップビル3F", "url": "https://www.kaigokensaku.mhlw.go.jp/43/index.php?action_kouhyou_detail_004_kani=true&JigyosyoCd=4361590021-00&ServiceCd=130&Type=search", "url2": "https://r-comrade.com" }, "geometry": { "type": "Point", "coordinates": [ 130.195552985840408, 32.453235030304 ] } },
{ "type": "Feature", "properties": { "内容": "訪問看護ステーションみるて【訪問看護】熊本県天草市亀場町亀川758-1", "url": "https://www.kaigokensaku.mhlw.go.jp/43/index.php?action_kouhyou_detail_004_kani=true&JigyosyoCd=4361590062-00&ServiceCd=130&Type=search", "url2": "http://hp.kaipoke.biz/kf6/" }, "geometry": { "type": "Point", "coordinates": [ 130.205343699999958, 32.4384004 ] } },
{ "type": "Feature", "properties": { "内容": "訪問看護ステーションこころ【訪問看護】熊本県天草市佐伊津町1426番地1", "url": "https://www.kaigokensaku.mhlw.go.jp/43/index.php?action_kouhyou_detail_004_kani=true&JigyosyoCd=4361590096-00&ServiceCd=130&Type=search", "url2": "https://www.cocoro-ohisama.com/" }, "geometry": { "type": "Point", "coordinates": [ 130.181097, 32.4894068 ] } },
{ "type": "Feature", "properties": { "内容": "天草訪問看護ステーション【訪問看護】熊本県天草市諏訪町1番1号", "url": "https://www.kaigokensaku.mhlw.go.jp/43/index.php?action_kouhyou_detail_004_kani=true&JigyosyoCd=4363290018-00&ServiceCd=130&Type=search", "url2": "http://www.ichiyokai.or.jp/" }, "geometry": { "type": "Point", "coordinates": [ 130.189281429469219, 32.454870632903983 ] } },
{ "type": "Feature", "properties": { "内容": "国民健康保険天草市立河浦病院【訪問看護】熊本県天草市河浦町白木河内223番地11", "url": "https://www.kaigokensaku.mhlw.go.jp/43/index.php?action_kouhyou_detail_004_kani=true&JigyosyoCd=4318210061-00&ServiceCd=130&Type=search", "url2": "https://kawaura-hp.jp" }, "geometry": { "type": "Point", "coordinates": [ 130.0828362, 32.316697 ] } },
{ "type": "Feature", "properties": { "内容": "セントケア訪問看護ステーション天草【訪問看護】熊本県天草市東町２－１４２F", "url": "https://www.kaigokensaku.mhlw.go.jp/43/index.php?action_kouhyou_detail_004_kani=true&JigyosyoCd=4361590088-00&ServiceCd=130&Type=search", "url2": "http://www.saint-care.com" }, "geometry": { "type": "Point", "coordinates": [ 130.199217484655776, 32.452784697347234 ] } },
{ "type": "Feature", "properties": { "内容": "訪問看護ステーションあこう【訪問看護】熊本県天草市宮地岳町1734-2", "url": "https://www.kaigokensaku.mhlw.go.jp/43/index.php?action_kouhyou_detail_004_kani=true&JigyosyoCd=4361590039-00&ServiceCd=130&Type=search", "url2": "http://npo-tsunagu.com/" }, "geometry": { "type": "Point", "coordinates": [ 130.128594, 32.381801699999976 ] } },
{ "type": "Feature", "properties": { "内容": "独立行政法人地域医療機能推進機構天草中央総合病院附属訪問看護ステーション【訪問看護】熊本県天草市東町101番地", "url": "https://www.kaigokensaku.mhlw.go.jp/43/index.php?action_kouhyou_detail_004_kani=true&JigyosyoCd=4361590070-00&ServiceCd=130&Type=search", "url2": "http://amakusa.jcho.go.jp" }, "geometry": { "type": "Point", "coordinates": [ 130.1994575, 32.4500049 ] } },
{ "type": "Feature", "properties": { "内容": "訪問看護ステーションCrutoあまくさ【訪問看護】熊本県天草市本渡町本渡2611-4", "url": "https://www.kaigokensaku.mhlw.go.jp/43/index.php?action_kouhyou_detail_004_kani=true&JigyosyoCd=4361590104-00&ServiceCd=130&Type=search", "url2": "http://www.crutoamakusa.com" }, "geometry": { "type": "Point", "coordinates": [ 130.1779005, 32.4585262 ] } },
{ "type": "Feature", "properties": { "内容": "訪問看護ステーションシエル【訪問看護】熊本県天草市本町新休182番地１", "url": "https://www.kaigokensaku.mhlw.go.jp/43/index.php?action_kouhyou_detail_004_kani=true&JigyosyoCd=4361590112-00&ServiceCd=130&Type=search", "url2": null }, "geometry": { "type": "Point", "coordinates": [ 130.1427137, 32.4685056 ] } },
{ "type": "Feature", "properties": { "内容": "訪問看護ステーション　いと【訪問看護】熊本県天草市亀場町亀川142番地11", "url": "https://www.kaigokensaku.mhlw.go.jp/43/index.php?action_kouhyou_detail_004_kani=true&JigyosyoCd=4361590138-00&ServiceCd=130&Type=search", "url2": "https://houmon-kango-ito.com" }, "geometry": { "type": "Point", "coordinates": [ 130.2007944, 32.4450888 ] } },
{ "type": "Feature", "properties": { "内容": "オンネリネン訪問看護ステーション【訪問看護】熊本県合志市須屋７０６番２号ラポール柴田Ⅱ３０６号", "url": "https://www.kaigokensaku.mhlw.go.jp/43/index.php?action_kouhyou_detail_004_kani=true&JigyosyoCd=4361690201-00&ServiceCd=130&Type=search", "url2": null }, "geometry": { "type": "Point", "coordinates": [ 130.7287119, 32.8582178 ] } },
{ "type": "Feature", "properties": { "内容": "セントケア訪問看護ステーション合志【訪問看護】幾久富1656番地34", "url": "https://www.kaigokensaku.mhlw.go.jp/43/index.php?action_kouhyou_detail_004_kani=true&JigyosyoCd=4361690037-00&ServiceCd=130&Type=search", "url2": null }, "geometry": { "type": "Point", "coordinates": [ 130.781221828084426, 32.870742787722484 ] } },
{ "type": "Feature", "properties": { "内容": "尽天株式会社【訪問看護】熊本県合志市野々島1601-6", "url": "https://www.kaigokensaku.mhlw.go.jp/43/index.php?action_kouhyou_detail_004_kani=true&JigyosyoCd=4361690060-00&ServiceCd=130&Type=search", "url2": "http://www.wagaya-day.com/" }, "geometry": { "type": "Point", "coordinates": [ 130.725876699999958, 32.9075936 ] } },
{ "type": "Feature", "properties": { "内容": "訪問看護ステーションあおい【訪問看護】熊本県合志市須屋1415-1", "url": "https://www.kaigokensaku.mhlw.go.jp/43/index.php?action_kouhyou_detail_004_kani=true&JigyosyoCd=4361690086-00&ServiceCd=130&Type=search", "url2": null }, "geometry": { "type": "Point", "coordinates": [ 130.74137851321413, 32.856914775740499 ] } },
{ "type": "Feature", "properties": { "内容": "特定医療法人萬生会　萬生会こうし訪問看護ステーション【訪問看護】熊本県合志市御代志812-2合志第一病院", "url": "https://www.kaigokensaku.mhlw.go.jp/43/index.php?action_kouhyou_detail_004_kani=true&JigyosyoCd=4361690102-00&ServiceCd=130&Type=search", "url2": "http://vansay.jp/zaitaku/nursing/" }, "geometry": { "type": "Point", "coordinates": [ 130.756479399999989, 32.8980311 ] } },
{ "type": "Feature", "properties": { "内容": "訪問看護ステーションアイビー【訪問看護】熊本県合志市幾久富1866-1268菊池サンビレッジA-１号", "url": "https://www.kaigokensaku.mhlw.go.jp/43/index.php?action_kouhyou_detail_004_kani=true&JigyosyoCd=4361690151-00&ServiceCd=130&Type=search", "url2": null }, "geometry": { "type": "Point", "coordinates": [ 130.775103699999988, 32.8669779 ] } },
{ "type": "Feature", "properties": { "内容": "訪問看護ステーション　元気な家【訪問看護】熊本県合志市須屋165-5", "url": "https://www.kaigokensaku.mhlw.go.jp/43/index.php?action_kouhyou_detail_004_kani=true&JigyosyoCd=4361690177-00&ServiceCd=130&Type=search", "url2": "http://sankolife.co.jp" }, "geometry": { "type": "Point", "coordinates": [ 130.739636, 32.8543161 ] } },
{ "type": "Feature", "properties": { "内容": "訪問看護ステーション　えいど北熊本【訪問看護】熊本県合志市須屋２０２８－１上須屋タウン２号", "url": "https://www.kaigokensaku.mhlw.go.jp/43/index.php?action_kouhyou_detail_004_kani=true&JigyosyoCd=4361690169-00&ServiceCd=130&Type=search", "url2": "info＠lavie-aid.com" }, "geometry": { "type": "Point", "coordinates": [ 130.7362311, 32.8657544 ] } },
{ "type": "Feature", "properties": { "内容": "訪問看護ステーションマドレ【訪問看護】熊本県合志市須屋1983‐7田上ビル１F", "url": "https://www.kaigokensaku.mhlw.go.jp/43/index.php?action_kouhyou_detail_004_kani=true&JigyosyoCd=4361690144-00&ServiceCd=130&Type=search", "url2": null }, "geometry": { "type": "Point", "coordinates": [ 130.731658, 32.8629394 ] } },
{ "type": "Feature", "properties": { "内容": "けいず訪問看護ステーション合志【訪問看護】熊本県合志市須屋706-2ラポール柴田Ⅱ101", "url": "https://www.kaigokensaku.mhlw.go.jp/43/index.php?action_kouhyou_detail_004_kani=true&JigyosyoCd=4361690185-00&ServiceCd=130&Type=search", "url2": null }, "geometry": { "type": "Point", "coordinates": [ 130.7287119, 32.8582178 ] } },
{ "type": "Feature", "properties": { "内容": "訪問看護ステーションまほろば【訪問看護】熊本県合志市須屋1921-2", "url": "https://www.kaigokensaku.mhlw.go.jp/43/index.php?action_kouhyou_detail_004_kani=true&JigyosyoCd=4361690219-00&ServiceCd=130&Type=search", "url2": null }, "geometry": { "type": "Point", "coordinates": [ 130.7339365, 32.8632434 ] } },
{ "type": "Feature", "properties": { "内容": "訪問看護ステーションラシクアーレ光の森【訪問看護】熊本県合志市幾久富1656-459", "url": "https://www.kaigokensaku.mhlw.go.jp/43/index.php?action_kouhyou_detail_004_kani=true&JigyosyoCd=4361690193-00&ServiceCd=130&Type=search", "url2": null }, "geometry": { "type": "Point", "coordinates": [ 130.780533600000012, 32.8696558 ] } },
{ "type": "Feature", "properties": { "内容": "間部病院【訪問看護】熊本県下益城郡美里町永富３２８番地", "url": "https://www.kaigokensaku.mhlw.go.jp/43/index.php?action_kouhyou_detail_004_kani=true&JigyosyoCd=4312311774-00&ServiceCd=130&Type=search", "url2": "http://www.mabe-hosp.jp" }, "geometry": { "type": "Point", "coordinates": [ 130.863689300000033, 32.5961929 ] } },
{ "type": "Feature", "properties": { "内容": "訪問看護ステーションきらり【訪問看護】熊本県下益城郡美里町中小路904", "url": "https://www.kaigokensaku.mhlw.go.jp/43/index.php?action_kouhyou_detail_004_kani=true&JigyosyoCd=4362390066-00&ServiceCd=130&Type=search", "url2": "http://www.onjaku.jp" }, "geometry": { "type": "Point", "coordinates": [ 130.784957100000042, 32.6326337 ] } },
{ "type": "Feature", "properties": { "内容": "暮らしの看護・リハ　tato【訪問看護】熊本県下益城郡美里町堅志田83番1号", "url": "https://www.kaigokensaku.mhlw.go.jp/43/index.php?action_kouhyou_detail_004_kani=true&JigyosyoCd=4362390090-00&ServiceCd=130&Type=search", "url2": null }, "geometry": { "type": "Point", "coordinates": [ 130.787975499999988, 32.6453926 ] } },
{ "type": "Feature", "properties": { "内容": "訪問看護えんのした【訪問看護】熊本県玉名郡玉東町西安寺390-1", "url": "https://www.kaigokensaku.mhlw.go.jp/43/index.php?action_kouhyou_detail_004_kani=true&JigyosyoCd=4362490098-00&ServiceCd=130&Type=search", "url2": "https://group-yamamoto.com/" }, "geometry": { "type": "Point", "coordinates": [ 130.634701739288687, 32.893222712117115 ] } },
{ "type": "Feature", "properties": { "内容": "訪問看護ステーション　パンダ【訪問看護】熊本県玉名郡南関町関村1252-1", "url": "https://www.kaigokensaku.mhlw.go.jp/43/index.php?action_kouhyou_detail_004_kani=true&JigyosyoCd=4362490106-00&ServiceCd=130&Type=search", "url2": "panda-station.com" }, "geometry": { "type": "Point", "coordinates": [ 130.538378700000067, 33.0569708 ] } },
{ "type": "Feature", "properties": { "内容": "訪問看護ステーション　なんかん株式会社【訪問看護】熊本県玉名郡南関町大字相谷899番地", "url": "https://www.kaigokensaku.mhlw.go.jp/43/index.php?action_kouhyou_detail_004_kani=true&JigyosyoCd=4362490114-00&ServiceCd=130&Type=search", "url2": "https://www.hkst-nankan.com" }, "geometry": { "type": "Point", "coordinates": [ 130.583126600000014, 33.0415155 ] } },
{ "type": "Feature", "properties": { "内容": "訪問看護ステーション　ありあけ【訪問看護】熊本県玉名郡長洲町宮野２７７５番地", "url": "https://www.kaigokensaku.mhlw.go.jp/43/index.php?action_kouhyou_detail_004_kani=true&JigyosyoCd=4362490023-00&ServiceCd=130&Type=search", "url2": "http://www.ariakeseijin.or.jp" }, "geometry": { "type": "Point", "coordinates": [ 130.49326964470518, 32.951068004420449 ] } },
{ "type": "Feature", "properties": { "内容": "公益社団法人　熊本県看護協会訪問看護ステーションながす【訪問看護】玉名郡長洲町大字長洲1306番地", "url": "https://www.kaigokensaku.mhlw.go.jp/43/index.php?action_kouhyou_detail_004_kani=true&JigyosyoCd=4362490031-00&ServiceCd=130&Type=search", "url2": null }, "geometry": { "type": "Point", "coordinates": [ 130.445155699999987, 32.9338887 ] } },
{ "type": "Feature", "properties": { "内容": "森の里クリニック【訪問看護】玉名郡和水町大田黒699", "url": "https://www.kaigokensaku.mhlw.go.jp/43/index.php?action_kouhyou_detail_004_kani=true&JigyosyoCd=4312411194-00&ServiceCd=130&Type=search", "url2": "http://www.morinosato.org" }, "geometry": { "type": "Point", "coordinates": [ 130.61744120000003, 33.0410746 ] } },
{ "type": "Feature", "properties": { "内容": "和水町立病院訪問看護ステーション【訪問看護】熊本県玉名郡和水町江田４０４０", "url": "https://www.kaigokensaku.mhlw.go.jp/43/index.php?action_kouhyou_detail_004_kani=true&JigyosyoCd=4362490080-00&ServiceCd=130&Type=search", "url2": "http://www.town.nagomi.lg.jp/hospital/nagomihptop/nagomiframepage1.html" }, "geometry": { "type": "Point", "coordinates": [ 130.605045799999971, 32.9828412 ] } },
{ "type": "Feature", "properties": { "内容": "訪問看護ステーション　ココナ【訪問看護】熊本県菊池郡大津町大字引水218-3グランディオーソA102号", "url": "https://www.kaigokensaku.mhlw.go.jp/43/index.php?action_kouhyou_detail_004_kani=true&JigyosyoCd=4362690176-00&ServiceCd=130&Type=search", "url2": null }, "geometry": { "type": "Point", "coordinates": [ 130.8788658, 32.8775187 ] } },
{ "type": "Feature", "properties": { "内容": "訪問看護ステーションしおん【訪問看護】熊本県菊池郡大津町大字室1728‐1テクノ・ヴィラN208", "url": "https://www.kaigokensaku.mhlw.go.jp/43/index.php?action_kouhyou_detail_004_kani=true&JigyosyoCd=4362690200-00&ServiceCd=130&Type=search", "url2": null }, "geometry": { "type": "Point", "coordinates": [ 130.855533634918203, 32.887067022783363 ] } },
{ "type": "Feature", "properties": { "内容": "訪問看護ステーション　ユーノス【訪問看護】熊本県菊池郡大津町室539番8号", "url": "https://www.kaigokensaku.mhlw.go.jp/43/index.php?action_kouhyou_detail_004_kani=true&JigyosyoCd=4362690283-00&ServiceCd=130&Type=search", "url2": null }, "geometry": { "type": "Point", "coordinates": [ 130.862239973016358, 32.875863042399665 ] } },
{ "type": "Feature", "properties": { "内容": "訪問看護ステーション夢眠おおづ【訪問看護】熊本県菊池郡大津町大津2399-140", "url": "https://www.kaigokensaku.mhlw.go.jp/43/index.php?action_kouhyou_detail_004_kani=true&JigyosyoCd=4362690275-00&ServiceCd=130&Type=search", "url2": null }, "geometry": { "type": "Point", "coordinates": [ 130.885742, 32.889444 ] } },
{ "type": "Feature", "properties": { "内容": "訪問看護ステーションおおづ【訪問看護】熊本県菊池郡大津町室261番地10", "url": "https://www.kaigokensaku.mhlw.go.jp/43/index.php?action_kouhyou_detail_004_kani=true&JigyosyoCd=4362690192-00&ServiceCd=130&Type=search", "url2": "houmonkango@arihanahospital.jp" }, "geometry": { "type": "Point", "coordinates": [ 130.867681, 32.8758434 ] } },
{ "type": "Feature", "properties": { "内容": "訪問看護ステーション宝の城【訪問看護】熊本県菊池郡大津町下町176-1", "url": "https://www.kaigokensaku.mhlw.go.jp/43/index.php?action_kouhyou_detail_004_kani=true&JigyosyoCd=4362690259-00&ServiceCd=130&Type=search", "url2": "https://sp-kyushu.com/care" }, "geometry": { "type": "Point", "coordinates": [ 130.859740036770631, 32.856953343642019 ] } },
{ "type": "Feature", "properties": { "内容": "つくれクリニック【訪問看護】津久礼２６８４－１", "url": "https://www.kaigokensaku.mhlw.go.jp/43/index.php?action_kouhyou_detail_004_kani=true&JigyosyoCd=4312612718-00&ServiceCd=130&Type=search", "url2": "//tukureclinic.web.fc2.com/" }, "geometry": { "type": "Point", "coordinates": [ 130.807064, 32.8608484 ] } },
{ "type": "Feature", "properties": { "内容": "精神科特化訪問看護ステーションCrutoココロ　光の森【訪問看護】熊本県菊池郡菊陽町津久礼2386−3", "url": "https://www.kaigokensaku.mhlw.go.jp/43/index.php?action_kouhyou_detail_004_kani=true&JigyosyoCd=4362690184-00&ServiceCd=130&Type=search", "url2": "http://www.cruto-cocoro.com/" }, "geometry": { "type": "Point", "coordinates": [ 130.7979674, 32.8588949 ] } },
{ "type": "Feature", "properties": { "内容": "訪問看護ステーションらこって【訪問看護】熊本県菊池郡菊陽町武蔵ヶ丘1丁目8ｰ3", "url": "https://www.kaigokensaku.mhlw.go.jp/43/index.php?action_kouhyou_detail_004_kani=true&JigyosyoCd=4362690234-00&ServiceCd=130&Type=search", "url2": "https://www.2moro2022.com/" }, "geometry": { "type": "Point", "coordinates": [ 130.7747817, 32.8594623 ] } },
{ "type": "Feature", "properties": { "内容": "訪問看護ステーションCOCHIリンク【訪問看護】熊本県菊池郡菊陽町光の森3丁目6-15", "url": "https://www.kaigokensaku.mhlw.go.jp/43/index.php?action_kouhyou_detail_004_kani=true&JigyosyoCd=4362690267-00&ServiceCd=130&Type=search", "url2": "https://cochi2020.com/" }, "geometry": { "type": "Point", "coordinates": [ 130.7789291, 32.8621497 ] } },
{ "type": "Feature", "properties": { "内容": "訪問看護ステーション菊陽台【訪問看護】熊本県菊池郡菊陽町久保田２９８４番地", "url": "https://www.kaigokensaku.mhlw.go.jp/43/index.php?action_kouhyou_detail_004_kani=true&JigyosyoCd=4362690010-00&ServiceCd=130&Type=search", "url2": "hkst-kikuyo.dai@dokomo.ne.jp" }, "geometry": { "type": "Point", "coordinates": [ 130.834073, 32.8618431 ] } },
{ "type": "Feature", "properties": { "内容": "訪問看護ステーションひまわり【訪問看護】熊本県菊池郡菊陽町曲手７６０", "url": "https://www.kaigokensaku.mhlw.go.jp/43/index.php?action_kouhyou_detail_004_kani=true&JigyosyoCd=4362690028-00&ServiceCd=130&Type=search", "url2": "www.kumareha.jp" }, "geometry": { "type": "Point", "coordinates": [ 130.835323600000038, 32.8402701 ] } },
{ "type": "Feature", "properties": { "内容": "熊本セントラル病院　訪問看護ステーション【訪問看護】熊本県菊池郡菊陽町原水2921番地", "url": "https://www.kaigokensaku.mhlw.go.jp/43/index.php?action_kouhyou_detail_004_kani=true&JigyosyoCd=4362690093-00&ServiceCd=130&Type=search", "url2": "http://www.kchosp.or.jp/" }, "geometry": { "type": "Point", "coordinates": [ 130.849495762010179, 32.873503076519086 ] } },
{ "type": "Feature", "properties": { "内容": "あまてらす訪問看護ステーション　プラス【訪問看護】熊本県菊池郡菊陽町久保田2885-6ありえすエイトB", "url": "https://www.kaigokensaku.mhlw.go.jp/43/index.php?action_kouhyou_detail_004_kani=true&JigyosyoCd=4362690135-00&ServiceCd=130&Type=search", "url2": "http://kumamoto-amaterasu.info" }, "geometry": { "type": "Point", "coordinates": [ 130.831482083450709, 32.865422130434069 ] } },
{ "type": "Feature", "properties": { "内容": "訪問看護ひたむき【訪問看護】熊本県菊池郡菊陽町大字津久礼2268番地38菊陽ビル401号室", "url": "https://www.kaigokensaku.mhlw.go.jp/43/index.php?action_kouhyou_detail_004_kani=true&JigyosyoCd=4362690143-00&ServiceCd=130&Type=search", "url2": "https://nurse-hitamuki.com" }, "geometry": { "type": "Point", "coordinates": [ 130.795510799999988, 32.8582878 ] } },
{ "type": "Feature", "properties": { "内容": "株式会社アロール　アロールケア訪問看護リハビリステーション【訪問看護】熊本県菊池郡菊陽町光の森７－１４－９", "url": "https://www.kaigokensaku.mhlw.go.jp/43/index.php?action_kouhyou_detail_004_kani=true&JigyosyoCd=4362690168-00&ServiceCd=130&Type=search", "url2": "http://e-alors.com/" }, "geometry": { "type": "Point", "coordinates": [ 130.785587200000037, 32.8613947 ] } },
{ "type": "Feature", "properties": { "内容": "訪問看護ステーション　ソレイユ【訪問看護】熊本県菊池郡菊陽町大字津久礼173-12タウンハウスシンフォニー106号", "url": "https://www.kaigokensaku.mhlw.go.jp/43/index.php?action_kouhyou_detail_004_kani=true&JigyosyoCd=4362690119-00&ServiceCd=130&Type=search", "url2": null }, "geometry": { "type": "Point", "coordinates": [ 130.824851, 32.8618277 ] } },
{ "type": "Feature", "properties": { "内容": "訪問看護ステーションHEART【訪問看護】熊本県菊池郡菊陽町津久礼3044-22", "url": "https://www.kaigokensaku.mhlw.go.jp/43/index.php?action_kouhyou_detail_004_kani=true&JigyosyoCd=4362690127-00&ServiceCd=130&Type=search", "url2": "https://alldo-co.jimdofree.com/" }, "geometry": { "type": "Point", "coordinates": [ 130.789735767814591, 32.862168018691904 ] } },
{ "type": "Feature", "properties": { "内容": "訪問看護ステーションわんぷらす【訪問看護】熊本県菊池郡菊陽町花立３丁目４－１３CREAｓ１号", "url": "https://www.kaigokensaku.mhlw.go.jp/43/index.php?action_kouhyou_detail_004_kani=true&JigyosyoCd=4362690291-00&ServiceCd=130&Type=search", "url2": "http://oneplus-kumamoto.jp/" }, "geometry": { "type": "Point", "coordinates": [ 130.75452784838123, 32.860234573504314 ] } },
{ "type": "Feature", "properties": { "内容": "エントランス訪問看護ステーション【訪問看護】熊本県菊池郡菊陽町津久礼9-3アマランツ菊陽405", "url": "https://www.kaigokensaku.mhlw.go.jp/43/index.php?action_kouhyou_detail_004_kani=true&JigyosyoCd=4362690317-00&ServiceCd=130&Type=search", "url2": "https://entrance0305-homenursing.com/" }, "geometry": { "type": "Point", "coordinates": [ 130.814537, 32.8616788 ] } },
{ "type": "Feature", "properties": { "内容": "みどりの里訪問看護ステーション【訪問看護】熊本県阿蘇郡小国町宮原４２５番地５", "url": "https://www.kaigokensaku.mhlw.go.jp/43/index.php?action_kouhyou_detail_004_kani=true&JigyosyoCd=4362790059-00&ServiceCd=130&Type=search", "url2": "http://www.daitokukai.info/" }, "geometry": { "type": "Point", "coordinates": [ 131.084636700000033, 33.122301399999984 ] } },
{ "type": "Feature", "properties": { "内容": "おぐに訪問看護ステーション【訪問看護】熊本県阿蘇郡小国町大字宮原１７４２番地1", "url": "https://www.kaigokensaku.mhlw.go.jp/43/index.php?action_kouhyou_detail_004_kani=true&JigyosyoCd=4362790042-00&ServiceCd=130&Type=search", "url2": "http://www.ogunihp.or.jp" }, "geometry": { "type": "Point", "coordinates": [ 131.065161, 33.121459399999985 ] } },
{ "type": "Feature", "properties": { "内容": "阿蘇郡市医師会立南部訪問看護ステーション【訪問看護】熊本県高森町高森1612-1", "url": "https://www.kaigokensaku.mhlw.go.jp/43/index.php?action_kouhyou_detail_004_kani=true&JigyosyoCd=4362790030-00&ServiceCd=130&Type=search", "url2": null }, "geometry": { "type": "Point", "coordinates": [ 131.126635699999952, 32.8184879 ] } },
{ "type": "Feature", "properties": { "内容": "阿蘇立野病院【訪問看護】熊本県阿蘇郡南阿蘇村立野１８５－１", "url": "https://www.kaigokensaku.mhlw.go.jp/43/index.php?action_kouhyou_detail_004_kani=true&JigyosyoCd=4312711114-00&ServiceCd=130&Type=search", "url2": "http://www.asotateno.or.jp" }, "geometry": { "type": "Point", "coordinates": [ 130.979971299999988, 32.8794784 ] } },
{ "type": "Feature", "properties": { "内容": "訪問看護ステーション　ハイビスカス【訪問看護】熊本県上益城郡御船町豊秋1466", "url": "https://www.kaigokensaku.mhlw.go.jp/43/index.php?action_kouhyou_detail_004_kani=true&JigyosyoCd=4362890214-00&ServiceCd=130&Type=search", "url2": null }, "geometry": { "type": "Point", "coordinates": [ 130.7690641, 32.7269533 ] } },
{ "type": "Feature", "properties": { "内容": "訪問看護ステーションみふね【訪問看護】熊本県上益城郡御船町高木1917番地5", "url": "https://www.kaigokensaku.mhlw.go.jp/43/index.php?action_kouhyou_detail_004_kani=true&JigyosyoCd=4362890164-00&ServiceCd=130&Type=search", "url2": null }, "geometry": { "type": "Point", "coordinates": [ 130.792054957541922, 32.739510418632136 ] } },
{ "type": "Feature", "properties": { "内容": "在宅看護センター上益城　たのも訪問看護【訪問看護】熊本県上益城郡御船町滝川1177メゾン滝川A-3", "url": "https://www.kaigokensaku.mhlw.go.jp/43/index.php?action_kouhyou_detail_004_kani=true&JigyosyoCd=4362890180-00&ServiceCd=130&Type=search", "url2": "http://www.tanomo-mifune.com" }, "geometry": { "type": "Point", "coordinates": [ 130.790983800000049, 32.7150098 ] } },
{ "type": "Feature", "properties": { "内容": "訪問看護ステーションさかきだ【訪問看護】熊本県上益城郡御船町大字御船903番地榊田泌尿器科外科医院2階", "url": "https://www.kaigokensaku.mhlw.go.jp/43/index.php?action_kouhyou_detail_004_kani=true&JigyosyoCd=4362890198-00&ServiceCd=130&Type=search", "url2": "http//:vns-sakakida.biz" }, "geometry": { "type": "Point", "coordinates": [ 130.7984574, 32.7104592 ] } },
{ "type": "Feature", "properties": { "内容": "ナーシングPlus悠優【訪問看護】熊本県上益城郡御船町陣1999番地1高齢者複合施設　悠優みふね内", "url": "https://www.kaigokensaku.mhlw.go.jp/43/index.php?action_kouhyou_detail_004_kani=true&JigyosyoCd=4362890222-00&ServiceCd=130&Type=search", "url2": "https://senjukai.jp" }, "geometry": { "type": "Point", "coordinates": [ 130.776908511595622, 32.723715204284517 ] } },
{ "type": "Feature", "properties": { "内容": "訪問看護ステーション回生会【訪問看護】熊本県上益城郡嘉島町鯰１８７３－１", "url": "https://www.kaigokensaku.mhlw.go.jp/43/index.php?action_kouhyou_detail_004_kani=true&JigyosyoCd=4362890032-00&ServiceCd=130&Type=search", "url2": "http://www.reha-kaiseikai.or.jp" }, "geometry": { "type": "Point", "coordinates": [ 130.737475345368921, 32.748008708179363 ] } },
{ "type": "Feature", "properties": { "内容": "訪問看護ステーションCruto【訪問看護】熊本県上益城郡嘉島町大字上仲間860-1", "url": "https://www.kaigokensaku.mhlw.go.jp/43/index.php?action_kouhyou_detail_004_kani=true&JigyosyoCd=4362890230-00&ServiceCd=130&Type=search", "url2": "http://www.cruto.net" }, "geometry": { "type": "Point", "coordinates": [ 130.736415952348693, 32.742126721887807 ] } },
{ "type": "Feature", "properties": { "内容": "益城病院　訪問看護ステーション【訪問看護】熊本県上益城郡益城町惣領１５３０", "url": "https://www.kaigokensaku.mhlw.go.jp/43/index.php?action_kouhyou_detail_004_kani=true&JigyosyoCd=4362890123-00&ServiceCd=130&Type=search", "url2": "http://www.mashiki.jp/" }, "geometry": { "type": "Point", "coordinates": [ 130.798151007270803, 32.782560277745766 ] } },
{ "type": "Feature", "properties": { "内容": "訪問看護ステーションいいの【訪問看護】熊本県上益城郡益城町赤井１９６８", "url": "https://www.kaigokensaku.mhlw.go.jp/43/index.php?action_kouhyou_detail_004_kani=true&JigyosyoCd=4362890289-00&ServiceCd=130&Type=search", "url2": null }, "geometry": { "type": "Point", "coordinates": [ 130.825233622090138, 32.774444340326205 ] } },
{ "type": "Feature", "properties": { "内容": "訪問看護ステーション　トラスティーホーム　げんき【訪問看護】熊本県上益城郡益城町惣領1522-1", "url": "https://www.kaigokensaku.mhlw.go.jp/43/index.php?action_kouhyou_detail_004_kani=true&JigyosyoCd=4362890008-00&ServiceCd=130&Type=search", "url2": null }, "geometry": { "type": "Point", "coordinates": [ 130.798643633343545, 32.782142211229406 ] } },
{ "type": "Feature", "properties": { "内容": "一心リハビリテーション訪問看護ステーション【訪問看護】熊本県上益城郡益城町馬水807番地1", "url": "https://www.kaigokensaku.mhlw.go.jp/43/index.php?action_kouhyou_detail_004_kani=true&JigyosyoCd=4362890099-00&ServiceCd=130&Type=search", "url2": "http://www.issin-st.com/" }, "geometry": { "type": "Point", "coordinates": [ 130.808129884307817, 32.787131831648409 ] } },
{ "type": "Feature", "properties": { "内容": "訪問看護ステーション茜【訪問看護】熊本県上益城郡益城町広崎1445-15", "url": "https://www.kaigokensaku.mhlw.go.jp/43/index.php?action_kouhyou_detail_004_kani=true&JigyosyoCd=4362890206-00&ServiceCd=130&Type=search", "url2": "https://orin-compny.com" }, "geometry": { "type": "Point", "coordinates": [ 130.7864697, 32.789992 ] } },
{ "type": "Feature", "properties": { "内容": "あまてらす訪問看護ステーション　かみましき【訪問看護】熊本県上益城郡益城町古閑55番地3-3棟", "url": "https://www.kaigokensaku.mhlw.go.jp/43/index.php?action_kouhyou_detail_004_kani=true&JigyosyoCd=4362890248-00&ServiceCd=130&Type=search", "url2": "https://kumamoto-amaterasu.info/" }, "geometry": { "type": "Point", "coordinates": [ 130.7813837, 32.8037685 ] } },
{ "type": "Feature", "properties": { "内容": "谷田病院訪問看護ステーション【訪問看護】熊本県上益城郡甲佐町岩下１２３谷田病院２Ｆエレベーター正面総合相談室内", "url": "https://www.kaigokensaku.mhlw.go.jp/43/index.php?action_kouhyou_detail_004_kani=true&JigyosyoCd=4362890040-00&ServiceCd=130&Type=search", "url2": null }, "geometry": { "type": "Point", "coordinates": [ 130.810012899999947, 32.6509689 ] } },
{ "type": "Feature", "properties": { "内容": "荒瀬病院訪問看護ステーション【訪問看護】熊本県上益城郡甲佐町緑町331", "url": "https://www.kaigokensaku.mhlw.go.jp/43/index.php?action_kouhyou_detail_004_kani=true&JigyosyoCd=4362890065-00&ServiceCd=130&Type=search", "url2": "arase4.hp@lily.ocn.ne.jp" }, "geometry": { "type": "Point", "coordinates": [ 130.8088242, 32.648994 ] } },
{ "type": "Feature", "properties": { "内容": "そよう病院訪問看護ステーション【訪問看護】熊本県上益城郡山都町滝上476番地2", "url": "https://www.kaigokensaku.mhlw.go.jp/43/index.php?action_kouhyou_detail_004_kani=true&JigyosyoCd=4362890057-00&ServiceCd=130&Type=search", "url2": "http://soyo-hospital.blogspot.com/" }, "geometry": { "type": "Point", "coordinates": [ 131.150124799999958, 32.6854025 ] } },
{ "type": "Feature", "properties": { "内容": "訪問看護ステーションSUMUTOCODE【訪問看護】熊本県上益城郡山都町城平340番地1", "url": "https://www.kaigokensaku.mhlw.go.jp/43/index.php?action_kouhyou_detail_004_kani=true&JigyosyoCd=4362890255-00&ServiceCd=130&Type=search", "url2": null }, "geometry": { "type": "Point", "coordinates": [ 130.988935700000013, 32.6893332 ] } },
{ "type": "Feature", "properties": { "内容": "訪問看護ステーション　きらら【訪問看護】熊本県八代郡氷川町鹿野1301番地2", "url": "https://www.kaigokensaku.mhlw.go.jp/43/index.php?action_kouhyou_detail_004_kani=true&JigyosyoCd=4361190046-00&ServiceCd=130&Type=search", "url2": "hikawa-kaigo.jp/" }, "geometry": { "type": "Point", "coordinates": [ 130.65152171186503, 32.590151742279929 ] } },
{ "type": "Feature", "properties": { "内容": "竹本医院【訪問看護】熊本県葦北郡芦北町大字湯浦２１８の３", "url": "https://www.kaigokensaku.mhlw.go.jp/43/index.php?action_kouhyou_detail_004_kani=true&JigyosyoCd=4313010706-00&ServiceCd=130&Type=search", "url2": null }, "geometry": { "type": "Point", "coordinates": [ 130.500284100000044, 32.2736524 ] } },
{ "type": "Feature", "properties": { "内容": "芦北クリニック【訪問看護】熊本県葦北郡芦北町湯浦４１７番地1", "url": "https://www.kaigokensaku.mhlw.go.jp/43/index.php?action_kouhyou_detail_004_kani=true&JigyosyoCd=4313010565-00&ServiceCd=130&Type=search", "url2": null }, "geometry": { "type": "Point", "coordinates": [ 130.503431299999988, 32.269528 ] } },
{ "type": "Feature", "properties": { "内容": "訪問看護ステーション　しあわせ【訪問看護】熊本県葦北郡芦北町大字芦北字塩屋田尻２７２７番地１", "url": "https://www.kaigokensaku.mhlw.go.jp/43/index.php?action_kouhyou_detail_004_kani=true&JigyosyoCd=4363090020-00&ServiceCd=130&Type=search", "url2": "http://mc-shinseikai.com/" }, "geometry": { "type": "Point", "coordinates": [ 130.493316600000071, 32.2981664 ] } },
{ "type": "Feature", "properties": { "内容": "美里訪問看護ステーション【訪問看護】熊本県葦北郡芦北町大字天月1337番地1", "url": "https://www.kaigokensaku.mhlw.go.jp/43/index.php?action_kouhyou_detail_004_kani=true&JigyosyoCd=4363090046-00&ServiceCd=130&Type=search", "url2": "https;//www.misato-zaitaku.com" }, "geometry": { "type": "Point", "coordinates": [ 130.581433, 32.2916863 ] } },
{ "type": "Feature", "properties": { "内容": "訪問看護ステーションはなみ【訪問看護】熊本県葦北郡芦北町大字花岡1675-19", "url": "https://www.kaigokensaku.mhlw.go.jp/43/index.php?action_kouhyou_detail_004_kani=true&JigyosyoCd=4363090038-00&ServiceCd=130&Type=search", "url2": null }, "geometry": { "type": "Point", "coordinates": [ 130.497802, 32.3046631 ] } },
{ "type": "Feature", "properties": { "内容": "ももの木訪問看護ステーション【訪問看護】熊本県葦北郡芦北町大字田浦町653芦北サテライトオフィス田浦202", "url": "https://www.kaigokensaku.mhlw.go.jp/43/index.php?action_kouhyou_detail_004_kani=true&JigyosyoCd=4363090053-00&ServiceCd=130&Type=search", "url2": "http://hp.kaipoke.biz/8sf/" }, "geometry": { "type": "Point", "coordinates": [ 130.5080637, 32.3639636 ] } },
{ "type": "Feature", "properties": { "内容": "訪問看護ステーション　青空【訪問看護】熊本県葦北郡津奈木町小津奈木2113番地7", "url": "https://www.kaigokensaku.mhlw.go.jp/43/index.php?action_kouhyou_detail_004_kani=true&JigyosyoCd=4363090061-00&ServiceCd=130&Type=search", "url2": "https://vcs-hk.com" }, "geometry": { "type": "Point", "coordinates": [ 130.442638758930173, 32.23445996059818 ] } },
{ "type": "Feature", "properties": { "内容": "訪問看護ステーション　のぞみ【訪問看護】熊本県球磨郡錦町西大王原239-3", "url": "https://www.kaigokensaku.mhlw.go.jp/43/index.php?action_kouhyou_detail_004_kani=true&JigyosyoCd=4363190119-00&ServiceCd=130&Type=search", "url2": "https://nozomi-houmonkango.com" }, "geometry": { "type": "Point", "coordinates": [ 130.820139875657276, 32.195107044629417 ] } },
{ "type": "Feature", "properties": { "内容": "訪問看護ステーションおうち生活応援団　錦事業所【訪問看護】熊本県球磨郡錦町大字西3287-113", "url": "https://www.kaigokensaku.mhlw.go.jp/43/index.php?action_kouhyou_detail_004_kani=true&JigyosyoCd=4363190093-00&ServiceCd=130&Type=search", "url2": null }, "geometry": { "type": "Point", "coordinates": [ 130.824258, 32.1961508 ] } },
{ "type": "Feature", "properties": { "内容": "球磨郡公立多良木病院　在宅医療センター【訪問看護】熊本県球磨郡多良木町大字多良木4210", "url": "https://www.kaigokensaku.mhlw.go.jp/43/index.php?action_kouhyou_detail_004_kani=true&JigyosyoCd=4318212273-00&ServiceCd=130&Type=search", "url2": "http://www.taragihp.jp/" }, "geometry": { "type": "Point", "coordinates": [ 130.925573799999938, 32.2540896 ] } },
{ "type": "Feature", "properties": { "内容": "球磨郡医師会訪問看護ステーション【訪問看護】熊本県球磨郡多良木町多良木３０５１", "url": "https://www.kaigokensaku.mhlw.go.jp/43/index.php?action_kouhyou_detail_004_kani=true&JigyosyoCd=4363190010-00&ServiceCd=130&Type=search", "url2": "k-houkan@galaxy.ocn.ne.jp" }, "geometry": { "type": "Point", "coordinates": [ 130.929326100000026, 32.2561534 ] } },
{ "type": "Feature", "properties": { "内容": "球磨郡公立多良木病院　訪問看護ステーション　たいよう【訪問看護】熊本県球磨郡多良木町大字多良木4210", "url": "https://www.kaigokensaku.mhlw.go.jp/43/index.php?action_kouhyou_detail_004_kani=true&JigyosyoCd=4363190069-00&ServiceCd=130&Type=search", "url2": "http://www.taragihp.jp/" }, "geometry": { "type": "Point", "coordinates": [ 130.925573799999938, 32.2540896 ] } },
{ "type": "Feature", "properties": { "内容": "緒方医院【訪問看護】熊本県球磨郡相良村川辺１７６４", "url": "https://www.kaigokensaku.mhlw.go.jp/43/index.php?action_kouhyou_detail_004_kani=true&JigyosyoCd=4313111108-00&ServiceCd=130&Type=search", "url2": null }, "geometry": { "type": "Point", "coordinates": [ 130.816510699999981, 32.2566463 ] } },
{ "type": "Feature", "properties": { "内容": "医療法人誠心会　訪問看護ステーションあさぎり【訪問看護】熊本県球磨郡あさぎり町岡原北944", "url": "https://www.kaigokensaku.mhlw.go.jp/43/index.php?action_kouhyou_detail_004_kani=true&JigyosyoCd=4363190077-00&ServiceCd=130&Type=search", "url2": "http://higashi-hp.com/" }, "geometry": { "type": "Point", "coordinates": [ 130.930455127894561, 32.239081185293763 ] } },
{ "type": "Feature", "properties": { "内容": "訪問看護ステーションなないろ【訪問看護】熊本県球磨郡あさぎり町上東1934-2", "url": "https://www.kaigokensaku.mhlw.go.jp/43/index.php?action_kouhyou_detail_004_kani=true&JigyosyoCd=4363190085-00&ServiceCd=130&Type=search", "url2": "tsunagu-nurse.com" }, "geometry": { "type": "Point", "coordinates": [ 130.9258649, 32.2178573 ] } },
{ "type": "Feature", "properties": { "内容": "訪問看護ステーション　はまゆう【訪問看護】熊本県天草郡苓北町上津深江278-10", "url": "https://www.kaigokensaku.mhlw.go.jp/43/index.php?action_kouhyou_detail_004_kani=true&JigyosyoCd=4363290034-00&ServiceCd=130&Type=search", "url2": "http://www.inahokai.com/zaitakuryouyousien/hamayu/" }, "geometry": { "type": "Point", "coordinates": [ 130.067930899999965, 32.517089500000019 ] } }
]
}
