{
"type": "FeatureCollection",
"name": "geo_43_5",
"crs": { "type": "name", "properties": { "name": "urn:ogc:def:crs:OGC:1.3:CRS84" } },
"features": [
{ "type": "Feature", "properties": { "ID": 4354300000002, "正式名称": "ミドリ薬局水前寺店", "機関区分": 5, "都道府県コード": 43, "市区町村コード": 101, "所在地": "熊本県熊本市中央区新大江３丁目１２－１５", "緯度": 32.802171, "経度": 130.738851, "url": "https://www.iryou.teikyouseido.mhlw.go.jp/znk-web/juminkanja/S2430/initialize?prefCd=43&kikanCd=4300000002&kikanKbn=5", "url2": "http://fm-midori.co.jp/", "内容": "ミドリ薬局水前寺店【5:薬局】熊本県熊本市中央区新大江３丁目１２－１５" }, "geometry": { "type": "Point", "coordinates": [ 130.738851, 32.802171 ] } },
{ "type": "Feature", "properties": { "ID": 4354300000003, "正式名称": "有限会社　船場調剤薬局", "機関区分": 5, "都道府県コード": 43, "市区町村コード": 101, "所在地": "熊本県熊本市中央区新町２丁目１０番３９号", "緯度": 32.798746, "経度": 130.69893, "url": "https://www.iryou.teikyouseido.mhlw.go.jp/znk-web/juminkanja/S2430/initialize?prefCd=43&kikanCd=4300000003&kikanKbn=5", "url2": null, "内容": "有限会社　船場調剤薬局【5:薬局】熊本県熊本市中央区新町２丁目１０番３９号" }, "geometry": { "type": "Point", "coordinates": [ 130.69893, 32.798746 ] } },
{ "type": "Feature", "properties": { "ID": 4354300000004, "正式名称": "有限会社　好生堂薬局", "機関区分": 5, "都道府県コード": 43, "市区町村コード": 101, "所在地": "熊本県熊本市中央区新町３丁目３番２号", "緯度": 32.803897, "経度": 130.696781, "url": "https://www.iryou.teikyouseido.mhlw.go.jp/znk-web/juminkanja/S2430/initialize?prefCd=43&kikanCd=4300000004&kikanKbn=5", "url2": null, "内容": "有限会社　好生堂薬局【5:薬局】熊本県熊本市中央区新町３丁目３番２号" }, "geometry": { "type": "Point", "coordinates": [ 130.696781, 32.803897 ] } },
{ "type": "Feature", "properties": { "ID": 4354300000007, "正式名称": "薬局　ワタナベ漢方", "機関区分": 5, "都道府県コード": 43, "市区町村コード": 101, "所在地": "熊本県熊本市中央区妙体寺町１－３　ライオンズマンション１０１号", "緯度": 32.810506, "経度": 130.715956, "url": "https://www.iryou.teikyouseido.mhlw.go.jp/znk-web/juminkanja/S2430/initialize?prefCd=43&kikanCd=4300000007&kikanKbn=5", "url2": null, "内容": "薬局　ワタナベ漢方【5:薬局】熊本県熊本市中央区妙体寺町１－３　ライオンズマンション１０１号" }, "geometry": { "type": "Point", "coordinates": [ 130.715956, 32.810506 ] } },
{ "type": "Feature", "properties": { "ID": 4354300000008, "正式名称": "山崎町調剤薬局", "機関区分": 5, "都道府県コード": 43, "市区町村コード": 101, "所在地": "熊本県熊本市中央区山崎町３１", "緯度": 32.797172, "経度": 130.703631, "url": "https://www.iryou.teikyouseido.mhlw.go.jp/znk-web/juminkanja/S2430/initialize?prefCd=43&kikanCd=4300000008&kikanKbn=5", "url2": null, "内容": "山崎町調剤薬局【5:薬局】熊本県熊本市中央区山崎町３１" }, "geometry": { "type": "Point", "coordinates": [ 130.703631, 32.797172 ] } },
{ "type": "Feature", "properties": { "ID": 4354300000009, "正式名称": "シモカワ薬局　下通店", "機関区分": 5, "都道府県コード": 43, "市区町村コード": 101, "所在地": "熊本県熊本市中央区安政町１－２７", "緯度": 32.802247, "経度": 130.70943, "url": "https://www.iryou.teikyouseido.mhlw.go.jp/znk-web/juminkanja/S2430/initialize?prefCd=43&kikanCd=4300000009&kikanKbn=5", "url2": "http://www.shimokawa-ph.co.jp", "内容": "シモカワ薬局　下通店【5:薬局】熊本県熊本市中央区安政町１－２７" }, "geometry": { "type": "Point", "coordinates": [ 130.70943, 32.802247 ] } },
{ "type": "Feature", "properties": { "ID": 4354300000010, "正式名称": "はくざん調剤薬局", "機関区分": 5, "都道府県コード": 43, "市区町村コード": 101, "所在地": "熊本県熊本市中央区岡田町１３－２２", "緯度": 32.79172, "経度": 130.721303, "url": "https://www.iryou.teikyouseido.mhlw.go.jp/znk-web/juminkanja/S2430/initialize?prefCd=43&kikanCd=4300000010&kikanKbn=5", "url2": "https://takahiro-medical.com/", "内容": "はくざん調剤薬局【5:薬局】熊本県熊本市中央区岡田町１３－２２" }, "geometry": { "type": "Point", "coordinates": [ 130.721303, 32.79172 ] } },
{ "type": "Feature", "properties": { "ID": 4354300000011, "正式名称": "菜の花薬局", "機関区分": 5, "都道府県コード": 43, "市区町村コード": 101, "所在地": "熊本県熊本市中央区花畑町１－５尚亜ビル２Ｆ", "緯度": 32.802919, "経度": 130.706625, "url": "https://www.iryou.teikyouseido.mhlw.go.jp/znk-web/juminkanja/S2430/initialize?prefCd=43&kikanCd=4300000011&kikanKbn=5", "url2": null, "内容": "菜の花薬局【5:薬局】熊本県熊本市中央区花畑町１－５尚亜ビル２Ｆ" }, "geometry": { "type": "Point", "coordinates": [ 130.706625, 32.802919 ] } },
{ "type": "Feature", "properties": { "ID": 4354300000012, "正式名称": "レモン薬局", "機関区分": 5, "都道府県コード": 43, "市区町村コード": 101, "所在地": "熊本県熊本市中央区九品寺１丁目１４－１８", "緯度": 32.79784, "経度": 130.714207, "url": "https://www.iryou.teikyouseido.mhlw.go.jp/znk-web/juminkanja/S2430/initialize?prefCd=43&kikanCd=4300000012&kikanKbn=5", "url2": null, "内容": "レモン薬局【5:薬局】熊本県熊本市中央区九品寺１丁目１４－１８" }, "geometry": { "type": "Point", "coordinates": [ 130.714207, 32.79784 ] } },
{ "type": "Feature", "properties": { "ID": 4354300000014, "正式名称": "シモカワ熊大前調剤薬局", "機関区分": 5, "都道府県コード": 43, "市区町村コード": 101, "所在地": "熊本県熊本市中央区九品寺１－１８－１５", "緯度": 32.799669, "経度": 130.717333, "url": "https://www.iryou.teikyouseido.mhlw.go.jp/znk-web/juminkanja/S2430/initialize?prefCd=43&kikanCd=4300000014&kikanKbn=5", "url2": "https://www.shimokawa-ph.co.jp", "内容": "シモカワ熊大前調剤薬局【5:薬局】熊本県熊本市中央区九品寺１－１８－１５" }, "geometry": { "type": "Point", "coordinates": [ 130.717333, 32.799669 ] } },
{ "type": "Feature", "properties": { "ID": 4354300000015, "正式名称": "一般財団法人恵和会保険薬局", "機関区分": 5, "都道府県コード": 43, "市区町村コード": 101, "所在地": "熊本県熊本市中央区本荘１丁目１－１くすのきテラス棟１Ｆ", "緯度": 32.796191, "経度": 130.712163, "url": "https://www.iryou.teikyouseido.mhlw.go.jp/znk-web/juminkanja/S2430/initialize?prefCd=43&kikanCd=4300000015&kikanKbn=5", "url2": "http://www2.infobears.ne.jp/keiwakai/", "内容": "一般財団法人恵和会保険薬局【5:薬局】熊本県熊本市中央区本荘１丁目１－１くすのきテラス棟１Ｆ" }, "geometry": { "type": "Point", "coordinates": [ 130.712163, 32.796191 ] } },
{ "type": "Feature", "properties": { "ID": 4354300000016, "正式名称": "有限会社ベラドンナ　開明堂薬局", "機関区分": 5, "都道府県コード": 43, "市区町村コード": 101, "所在地": "熊本県熊本市中央区九品寺２－１－２４", "緯度": 32.797569, "経度": 130.719272, "url": "https://www.iryou.teikyouseido.mhlw.go.jp/znk-web/juminkanja/S2430/initialize?prefCd=43&kikanCd=4300000016&kikanKbn=5", "url2": "http://www.e-classa.net/kaimeidou/?url=kaimeidou", "内容": "有限会社ベラドンナ　開明堂薬局【5:薬局】熊本県熊本市中央区九品寺２－１－２４" }, "geometry": { "type": "Point", "coordinates": [ 130.719272, 32.797569 ] } },
{ "type": "Feature", "properties": { "ID": 4354300000017, "正式名称": "九品寺調剤薬局", "機関区分": 5, "都道府県コード": 43, "市区町村コード": 101, "所在地": "熊本県熊本市中央区九品寺５丁目７ー１２", "緯度": 32.790637, "経度": 130.716198, "url": "https://www.iryou.teikyouseido.mhlw.go.jp/znk-web/juminkanja/S2430/initialize?prefCd=43&kikanCd=4300000017&kikanKbn=5", "url2": null, "内容": "九品寺調剤薬局【5:薬局】熊本県熊本市中央区九品寺５丁目７ー１２" }, "geometry": { "type": "Point", "coordinates": [ 130.716198, 32.790637 ] } },
{ "type": "Feature", "properties": { "ID": 4354300000018, "正式名称": "大和調剤薬局", "機関区分": 5, "都道府県コード": 43, "市区町村コード": 101, "所在地": "熊本県熊本市中央区九品寺６丁目１番２５号", "緯度": 32.790097, "経度": 130.717339, "url": "https://www.iryou.teikyouseido.mhlw.go.jp/znk-web/juminkanja/S2430/initialize?prefCd=43&kikanCd=4300000018&kikanKbn=5", "url2": null, "内容": "大和調剤薬局【5:薬局】熊本県熊本市中央区九品寺６丁目１番２５号" }, "geometry": { "type": "Point", "coordinates": [ 130.717339, 32.790097 ] } },
{ "type": "Feature", "properties": { "ID": 4354300000019, "正式名称": "くまもと西部薬局", "機関区分": 5, "都道府県コード": 43, "市区町村コード": 101, "所在地": "熊本県熊本市中央区古城町１－２", "緯度": 32.803597, "経度": 130.699307, "url": "https://www.iryou.teikyouseido.mhlw.go.jp/znk-web/juminkanja/S2430/initialize?prefCd=43&kikanCd=4300000019&kikanKbn=5", "url2": null, "内容": "くまもと西部薬局【5:薬局】熊本県熊本市中央区古城町１－２" }, "geometry": { "type": "Point", "coordinates": [ 130.699307, 32.803597 ] } },
{ "type": "Feature", "properties": { "ID": 4354300000020, "正式名称": "国立前薬局", "機関区分": 5, "都道府県コード": 43, "市区町村コード": 101, "所在地": "熊本県熊本市中央区古城町２番１６号", "緯度": 32.803003, "経度": 130.700111, "url": "https://www.iryou.teikyouseido.mhlw.go.jp/znk-web/juminkanja/S2430/initialize?prefCd=43&kikanCd=4300000020&kikanKbn=5", "url2": "http://www.drugmiyuki.com", "内容": "国立前薬局【5:薬局】熊本県熊本市中央区古城町２番１６号" }, "geometry": { "type": "Point", "coordinates": [ 130.700111, 32.803003 ] } },
{ "type": "Feature", "properties": { "ID": 4354300000021, "正式名称": "うさぎ薬局　古川町店", "機関区分": 5, "都道府県コード": 43, "市区町村コード": 101, "所在地": "熊本県熊本市中央区古川町１８番地", "緯度": 32.795969, "経度": 130.701111, "url": "https://www.iryou.teikyouseido.mhlw.go.jp/znk-web/juminkanja/S2430/initialize?prefCd=43&kikanCd=4300000021&kikanKbn=5", "url2": "https://usagi-pharmacy.net/", "内容": "うさぎ薬局　古川町店【5:薬局】熊本県熊本市中央区古川町１８番地" }, "geometry": { "type": "Point", "coordinates": [ 130.701111, 32.795969 ] } },
{ "type": "Feature", "properties": { "ID": 4354300000022, "正式名称": "日本調剤熊本薬局", "機関区分": 5, "都道府県コード": 43, "市区町村コード": 102, "所在地": "熊本県熊本市東区東町４－１－６９", "緯度": 32.787016, "経度": 130.761975, "url": "https://www.iryou.teikyouseido.mhlw.go.jp/znk-web/juminkanja/S2430/initialize?prefCd=43&kikanCd=4300000022&kikanKbn=5", "url2": "http://www.nicho.co.jp", "内容": "日本調剤熊本薬局【5:薬局】熊本県熊本市東区東町４－１－６９" }, "geometry": { "type": "Point", "coordinates": [ 130.761975, 32.787016 ] } },
{ "type": "Feature", "properties": { "ID": 4354300000023, "正式名称": "朝日ごふく薬局", "機関区分": 5, "都道府県コード": 43, "市区町村コード": 101, "所在地": "熊本県熊本市中央区呉服町１－４６", "緯度": 32.797123, "経度": 130.697385, "url": "https://www.iryou.teikyouseido.mhlw.go.jp/znk-web/juminkanja/S2430/initialize?prefCd=43&kikanCd=4300000023&kikanKbn=5", "url2": "https://gofukuph.com/", "内容": "朝日ごふく薬局【5:薬局】熊本県熊本市中央区呉服町１－４６" }, "geometry": { "type": "Point", "coordinates": [ 130.697385, 32.797123 ] } },
{ "type": "Feature", "properties": { "ID": 4354300000024, "正式名称": "ごふく薬局", "機関区分": 5, "都道府県コード": 43, "市区町村コード": 101, "所在地": "熊本県熊本市中央区呉服町１丁目３０番地", "緯度": 32.796303, "経度": 130.696978, "url": "https://www.iryou.teikyouseido.mhlw.go.jp/znk-web/juminkanja/S2430/initialize?prefCd=43&kikanCd=4300000024&kikanKbn=5", "url2": "https://gofukuph.com", "内容": "ごふく薬局【5:薬局】熊本県熊本市中央区呉服町１丁目３０番地" }, "geometry": { "type": "Point", "coordinates": [ 130.696978, 32.796303 ] } },
{ "type": "Feature", "properties": { "ID": 4354300000025, "正式名称": "有限会社　ファミリー調剤薬局", "機関区分": 5, "都道府県コード": 43, "市区町村コード": 101, "所在地": "熊本県熊本市中央区国府１－１１－７　アトール水前寺１Ｆ", "緯度": 32.792981, "経度": 130.727282, "url": "https://www.iryou.teikyouseido.mhlw.go.jp/znk-web/juminkanja/S2430/initialize?prefCd=43&kikanCd=4300000025&kikanKbn=5", "url2": null, "内容": "有限会社　ファミリー調剤薬局【5:薬局】熊本県熊本市中央区国府１－１１－７　アトール水前寺１Ｆ" }, "geometry": { "type": "Point", "coordinates": [ 130.727282, 32.792981 ] } },
{ "type": "Feature", "properties": { "ID": 4354300000026, "正式名称": "ふじさん薬局", "機関区分": 5, "都道府県コード": 43, "市区町村コード": 101, "所在地": "熊本県熊本市中央区国府２丁目１７－３５", "緯度": 32.786887, "経度": 130.730004, "url": "https://www.iryou.teikyouseido.mhlw.go.jp/znk-web/juminkanja/S2430/initialize?prefCd=43&kikanCd=4300000026&kikanKbn=5", "url2": "https://fujisan-pharm.jimdofree.com/", "内容": "ふじさん薬局【5:薬局】熊本県熊本市中央区国府２丁目１７－３５" }, "geometry": { "type": "Point", "coordinates": [ 130.730004, 32.786887 ] } },
{ "type": "Feature", "properties": { "ID": 4354300000027, "正式名称": "桜山薬局", "機関区分": 5, "都道府県コード": 43, "市区町村コード": 101, "所在地": "熊本県熊本市中央区黒髪１丁目３－１３", "緯度": 32.815667, "経度": 130.716903, "url": "https://www.iryou.teikyouseido.mhlw.go.jp/znk-web/juminkanja/S2430/initialize?prefCd=43&kikanCd=4300000027&kikanKbn=5", "url2": "http://www.kiyama-drug.com/", "内容": "桜山薬局【5:薬局】熊本県熊本市中央区黒髪１丁目３－１３" }, "geometry": { "type": "Point", "coordinates": [ 130.716903, 32.815667 ] } },
{ "type": "Feature", "properties": { "ID": 4354300000028, "正式名称": "シモカワ黒髪調剤薬局", "機関区分": 5, "都道府県コード": 43, "市区町村コード": 101, "所在地": "熊本県熊本市中央区黒髪６丁目１３－３０", "緯度": 32.815307, "経度": 130.739517, "url": "https://www.iryou.teikyouseido.mhlw.go.jp/znk-web/juminkanja/S2430/initialize?prefCd=43&kikanCd=4300000028&kikanKbn=5", "url2": "http://www.shimokawa-ph.co.jp", "内容": "シモカワ黒髪調剤薬局【5:薬局】熊本県熊本市中央区黒髪６丁目１３－３０" }, "geometry": { "type": "Point", "coordinates": [ 130.739517, 32.815307 ] } },
{ "type": "Feature", "properties": { "ID": 4354300000029, "正式名称": "有限会社細工町薬局", "機関区分": 5, "都道府県コード": 43, "市区町村コード": 101, "所在地": "熊本県熊本市中央区細工町４丁目１２－１２", "緯度": 32.793597, "経度": 130.694694, "url": "https://www.iryou.teikyouseido.mhlw.go.jp/znk-web/juminkanja/S2430/initialize?prefCd=43&kikanCd=4300000029&kikanKbn=5", "url2": "https://kizuna-pharmacy.com/saikumachiyakkyoku.html", "内容": "有限会社細工町薬局【5:薬局】熊本県熊本市中央区細工町４丁目１２－１２" }, "geometry": { "type": "Point", "coordinates": [ 130.694694, 32.793597 ] } },
{ "type": "Feature", "properties": { "ID": 4354300000030, "正式名称": "小幡調剤薬局", "機関区分": 5, "都道府県コード": 43, "市区町村コード": 101, "所在地": "熊本県熊本市中央区子飼本町１－２１", "緯度": 32.812633, "経度": 130.721806, "url": "https://www.iryou.teikyouseido.mhlw.go.jp/znk-web/juminkanja/S2430/initialize?prefCd=43&kikanCd=4300000030&kikanKbn=5", "url2": "http://www.pharma-daiwa.co.jp", "内容": "小幡調剤薬局【5:薬局】熊本県熊本市中央区子飼本町１－２１" }, "geometry": { "type": "Point", "coordinates": [ 130.721806, 32.812633 ] } },
{ "type": "Feature", "properties": { "ID": 4354300000031, "正式名称": "カモミール薬局", "機関区分": 5, "都道府県コード": 43, "市区町村コード": 101, "所在地": "熊本県熊本市中央区室園町１０－１－１Ｆ", "緯度": 32.822129, "経度": 130.722773, "url": "https://www.iryou.teikyouseido.mhlw.go.jp/znk-web/juminkanja/S2430/initialize?prefCd=43&kikanCd=4300000031&kikanKbn=5", "url2": "https://chamomile-p.amebaownd.com/", "内容": "カモミール薬局【5:薬局】熊本県熊本市中央区室園町１０－１－１Ｆ" }, "geometry": { "type": "Point", "coordinates": [ 130.722773, 32.822129 ] } },
{ "type": "Feature", "properties": { "ID": 4354300000032, "正式名称": "ＤＩ薬局水前寺店", "機関区分": 5, "都道府県コード": 43, "市区町村コード": 101, "所在地": "熊本県熊本市中央区出水１－４－３９", "緯度": 32.789436, "経度": 130.732728, "url": "https://www.iryou.teikyouseido.mhlw.go.jp/znk-web/juminkanja/S2430/initialize?prefCd=43&kikanCd=4300000032&kikanKbn=5", "url2": "http://www.dipharmacy.net/", "内容": "ＤＩ薬局水前寺店【5:薬局】熊本県熊本市中央区出水１－４－３９" }, "geometry": { "type": "Point", "coordinates": [ 130.732728, 32.789436 ] } },
{ "type": "Feature", "properties": { "ID": 4354300000033, "正式名称": "広田薬局", "機関区分": 5, "都道府県コード": 43, "市区町村コード": 101, "所在地": "熊本県熊本市中央区出水４丁目３５番１８号", "緯度": 32.779817, "経度": 130.729985, "url": "https://www.iryou.teikyouseido.mhlw.go.jp/znk-web/juminkanja/S2430/initialize?prefCd=43&kikanCd=4300000033&kikanKbn=5", "url2": null, "内容": "広田薬局【5:薬局】熊本県熊本市中央区出水４丁目３５番１８号" }, "geometry": { "type": "Point", "coordinates": [ 130.729985, 32.779817 ] } },
{ "type": "Feature", "properties": { "ID": 4354300000034, "正式名称": "新屋敷調剤薬局", "機関区分": 5, "都道府県コード": 43, "市区町村コード": 101, "所在地": "熊本県熊本市中央区新屋敷１丁目１７ー１２", "緯度": 32.801655, "経度": 130.718384, "url": "https://www.iryou.teikyouseido.mhlw.go.jp/znk-web/juminkanja/S2430/initialize?prefCd=43&kikanCd=4300000034&kikanKbn=5", "url2": "https://www.facebook.com/people/%E6%96%B0%E5%B1%8B%E6%95%B7%E8%AA%BF%E5%89%A4%E8%96%AC%E5%B1%80-Shinyashikipharmacy/100054347148281/?sk=about", "内容": "新屋敷調剤薬局【5:薬局】熊本県熊本市中央区新屋敷１丁目１７ー１２" }, "geometry": { "type": "Point", "coordinates": [ 130.718384, 32.801655 ] } },
{ "type": "Feature", "properties": { "ID": 4354300000035, "正式名称": "みかん薬局", "機関区分": 5, "都道府県コード": 43, "市区町村コード": 101, "所在地": "熊本県熊本市中央区新屋敷１丁目２１番６号", "緯度": 32.803596, "経度": 130.720072, "url": "https://www.iryou.teikyouseido.mhlw.go.jp/znk-web/juminkanja/S2430/initialize?prefCd=43&kikanCd=4300000035&kikanKbn=5", "url2": "https://mugiwara-ph.com/mikan/", "内容": "みかん薬局【5:薬局】熊本県熊本市中央区新屋敷１丁目２１番６号" }, "geometry": { "type": "Point", "coordinates": [ 130.720072, 32.803596 ] } },
{ "type": "Feature", "properties": { "ID": 4354300000037, "正式名称": "花園ファルマシア　新市街店", "機関区分": 5, "都道府県コード": 43, "市区町村コード": 101, "所在地": "熊本県熊本市中央区新市街１２－３", "緯度": 32.79841, "経度": 130.706625, "url": "https://www.iryou.teikyouseido.mhlw.go.jp/znk-web/juminkanja/S2430/initialize?prefCd=43&kikanCd=4300000037&kikanKbn=5", "url2": null, "内容": "花園ファルマシア　新市街店【5:薬局】熊本県熊本市中央区新市街１２－３" }, "geometry": { "type": "Point", "coordinates": [ 130.706625, 32.79841 ] } },
{ "type": "Feature", "properties": { "ID": 4354300000038, "正式名称": "調剤薬局ケンコー堂新大江店", "機関区分": 5, "都道府県コード": 43, "市区町村コード": 101, "所在地": "熊本県熊本市中央区新大江２丁目２番３号", "緯度": 32.801579, "経度": 130.73033, "url": "https://www.iryou.teikyouseido.mhlw.go.jp/znk-web/juminkanja/S2430/initialize?prefCd=43&kikanCd=4300000038&kikanKbn=5", "url2": null, "内容": "調剤薬局ケンコー堂新大江店【5:薬局】熊本県熊本市中央区新大江２丁目２番３号" }, "geometry": { "type": "Point", "coordinates": [ 130.73033, 32.801579 ] } },
{ "type": "Feature", "properties": { "ID": 4354300000039, "正式名称": "花みずき薬局", "機関区分": 5, "都道府県コード": 43, "市区町村コード": 101, "所在地": "熊本県熊本市中央区新町１丁目８番２１号", "緯度": 32.802759, "経度": 130.697189, "url": "https://www.iryou.teikyouseido.mhlw.go.jp/znk-web/juminkanja/S2430/initialize?prefCd=43&kikanCd=4300000039&kikanKbn=5", "url2": "https://pharma-daiwa.co.jp/", "内容": "花みずき薬局【5:薬局】熊本県熊本市中央区新町１丁目８番２１号" }, "geometry": { "type": "Point", "coordinates": [ 130.697189, 32.802759 ] } },
{ "type": "Feature", "properties": { "ID": 4354300000040, "正式名称": "十字堂調剤薬局", "機関区分": 5, "都道府県コード": 43, "市区町村コード": 101, "所在地": "熊本県熊本市中央区新町二丁目１２番３３号１階", "緯度": 32.799357, "経度": 130.696976, "url": "https://www.iryou.teikyouseido.mhlw.go.jp/znk-web/juminkanja/S2430/initialize?prefCd=43&kikanCd=4300000040&kikanKbn=5", "url2": "https://www.juujidou-ph.com/", "内容": "十字堂調剤薬局【5:薬局】熊本県熊本市中央区新町二丁目１２番３３号１階" }, "geometry": { "type": "Point", "coordinates": [ 130.696976, 32.799357 ] } },
{ "type": "Feature", "properties": { "ID": 4354300000041, "正式名称": "ゆうかり調剤薬局", "機関区分": 5, "都道府県コード": 43, "市区町村コード": 101, "所在地": "熊本県熊本市中央区新町２丁目４番７４号", "緯度": 32.800218, "経度": 130.698238, "url": "https://www.iryou.teikyouseido.mhlw.go.jp/znk-web/juminkanja/S2430/initialize?prefCd=43&kikanCd=4300000041&kikanKbn=5", "url2": "http://www.e-classa.net/yuukari-p/", "内容": "ゆうかり調剤薬局【5:薬局】熊本県熊本市中央区新町２丁目４番７４号" }, "geometry": { "type": "Point", "coordinates": [ 130.698238, 32.800218 ] } },
{ "type": "Feature", "properties": { "ID": 4354300000042, "正式名称": "ひまわり薬局", "機関区分": 5, "都道府県コード": 43, "市区町村コード": 101, "所在地": "熊本県熊本市中央区神水１丁目２０－７", "緯度": 32.786132, "経度": 130.744296, "url": "https://www.iryou.teikyouseido.mhlw.go.jp/znk-web/juminkanja/S2430/initialize?prefCd=43&kikanCd=4300000042&kikanKbn=5", "url2": "http://www.kk-pharma.jp", "内容": "ひまわり薬局【5:薬局】熊本県熊本市中央区神水１丁目２０－７" }, "geometry": { "type": "Point", "coordinates": [ 130.744296, 32.786132 ] } },
{ "type": "Feature", "properties": { "ID": 4354300000043, "正式名称": "県庁前アース薬局", "機関区分": 5, "都道府県コード": 43, "市区町村コード": 101, "所在地": "熊本県熊本市中央区神水２丁目１７－２５", "緯度": 32.789309, "経度": 130.746207, "url": "https://www.iryou.teikyouseido.mhlw.go.jp/znk-web/juminkanja/S2430/initialize?prefCd=43&kikanCd=4300000043&kikanKbn=5", "url2": "http://earth-pharmacy.com", "内容": "県庁前アース薬局【5:薬局】熊本県熊本市中央区神水２丁目１７－２５" }, "geometry": { "type": "Point", "coordinates": [ 130.746207, 32.789309 ] } },
{ "type": "Feature", "properties": { "ID": 4354300000044, "正式名称": "好和堂薬局", "機関区分": 5, "都道府県コード": 43, "市区町村コード": 101, "所在地": "熊本県熊本市中央区辛島町５番１７号", "緯度": 32.799075, "経度": 130.702864, "url": "https://www.iryou.teikyouseido.mhlw.go.jp/znk-web/juminkanja/S2430/initialize?prefCd=43&kikanCd=4300000044&kikanKbn=5", "url2": null, "内容": "好和堂薬局【5:薬局】熊本県熊本市中央区辛島町５番１７号" }, "geometry": { "type": "Point", "coordinates": [ 130.702864, 32.799075 ] } },
{ "type": "Feature", "properties": { "ID": 4354300000045, "正式名称": "薬局フェミネックス", "機関区分": 5, "都道府県コード": 43, "市区町村コード": 101, "所在地": "熊本県熊本市中央区水前寺１丁目１７－２３", "緯度": 32.793175, "経度": 130.727934, "url": "https://www.iryou.teikyouseido.mhlw.go.jp/znk-web/juminkanja/S2430/initialize?prefCd=43&kikanCd=4300000045&kikanKbn=5", "url2": null, "内容": "薬局フェミネックス【5:薬局】熊本県熊本市中央区水前寺１丁目１７－２３" }, "geometry": { "type": "Point", "coordinates": [ 130.727934, 32.793175 ] } },
{ "type": "Feature", "properties": { "ID": 4354300000046, "正式名称": "水前寺ごふく薬局", "機関区分": 5, "都道府県コード": 43, "市区町村コード": 101, "所在地": "熊本県熊本市中央区水前寺２丁目６－１", "緯度": 32.79405, "経度": 130.732947, "url": "https://www.iryou.teikyouseido.mhlw.go.jp/znk-web/juminkanja/S2430/initialize?prefCd=43&kikanCd=4300000046&kikanKbn=5", "url2": "http://gofukuph.jpn.ph", "内容": "水前寺ごふく薬局【5:薬局】熊本県熊本市中央区水前寺２丁目６－１" }, "geometry": { "type": "Point", "coordinates": [ 130.732947, 32.79405 ] } },
{ "type": "Feature", "properties": { "ID": 4354300000047, "正式名称": "保険調剤みらい薬局", "機関区分": 5, "都道府県コード": 43, "市区町村コード": 101, "所在地": "熊本県熊本市中央区水前寺４丁目３０－２８", "緯度": 32.797968, "経度": 130.739428, "url": "https://www.iryou.teikyouseido.mhlw.go.jp/znk-web/juminkanja/S2430/initialize?prefCd=43&kikanCd=4300000047&kikanKbn=5", "url2": null, "内容": "保険調剤みらい薬局【5:薬局】熊本県熊本市中央区水前寺４丁目３０－２８" }, "geometry": { "type": "Point", "coordinates": [ 130.739428, 32.797968 ] } },
{ "type": "Feature", "properties": { "ID": 4354300000048, "正式名称": "あさがお薬局", "機関区分": 5, "都道府県コード": 43, "市区町村コード": 101, "所在地": "熊本県熊本市中央区水前寺４丁目２０－３", "緯度": 32.79699, "経度": 130.73813, "url": "https://www.iryou.teikyouseido.mhlw.go.jp/znk-web/juminkanja/S2430/initialize?prefCd=43&kikanCd=4300000048&kikanKbn=5", "url2": null, "内容": "あさがお薬局【5:薬局】熊本県熊本市中央区水前寺４丁目２０－３" }, "geometry": { "type": "Point", "coordinates": [ 130.73813, 32.79699 ] } },
{ "type": "Feature", "properties": { "ID": 4354300000050, "正式名称": "有限会社県庁通薬局", "機関区分": 5, "都道府県コード": 43, "市区町村コード": 101, "所在地": "熊本県熊本市中央区水前寺公園２８番３８号", "緯度": 32.792511, "経度": 130.740833, "url": "https://www.iryou.teikyouseido.mhlw.go.jp/znk-web/juminkanja/S2430/initialize?prefCd=43&kikanCd=4300000050&kikanKbn=5", "url2": null, "内容": "有限会社県庁通薬局【5:薬局】熊本県熊本市中央区水前寺公園２８番３８号" }, "geometry": { "type": "Point", "coordinates": [ 130.740833, 32.792511 ] } },
{ "type": "Feature", "properties": { "ID": 4354300000051, "正式名称": "水前寺公園薬局", "機関区分": 5, "都道府県コード": 43, "市区町村コード": 101, "所在地": "熊本県熊本市中央区水前寺公園５－３８", "緯度": 32.791889, "経度": 130.732363, "url": "https://www.iryou.teikyouseido.mhlw.go.jp/znk-web/juminkanja/S2430/initialize?prefCd=43&kikanCd=4300000051&kikanKbn=5", "url2": null, "内容": "水前寺公園薬局【5:薬局】熊本県熊本市中央区水前寺公園５－３８" }, "geometry": { "type": "Point", "coordinates": [ 130.732363, 32.791889 ] } },
{ "type": "Feature", "properties": { "ID": 4354300000052, "正式名称": "さつき薬局水道町店", "機関区分": 5, "都道府県コード": 43, "市区町村コード": 101, "所在地": "熊本県熊本市中央区水道町８－２", "緯度": 32.80283, "経度": 130.7135, "url": "https://www.iryou.teikyouseido.mhlw.go.jp/znk-web/juminkanja/S2430/initialize?prefCd=43&kikanCd=4300000052&kikanKbn=5", "url2": null, "内容": "さつき薬局水道町店【5:薬局】熊本県熊本市中央区水道町８－２" }, "geometry": { "type": "Point", "coordinates": [ 130.7135, 32.80283 ] } },
{ "type": "Feature", "properties": { "ID": 4354300000053, "正式名称": "はくざん中央薬局", "機関区分": 5, "都道府県コード": 43, "市区町村コード": 101, "所在地": "熊本県熊本市中央区菅原町１－１", "緯度": 32.791642, "経度": 130.720417, "url": "https://www.iryou.teikyouseido.mhlw.go.jp/znk-web/juminkanja/S2430/initialize?prefCd=43&kikanCd=4300000053&kikanKbn=5", "url2": "http://www.appleph.com/", "内容": "はくざん中央薬局【5:薬局】熊本県熊本市中央区菅原町１－１" }, "geometry": { "type": "Point", "coordinates": [ 130.720417, 32.791642 ] } },
{ "type": "Feature", "properties": { "ID": 4354300000054, "正式名称": "Ｄ・ＭＬ京塚中央薬局", "機関区分": 5, "都道府県コード": 43, "市区町村コード": 101, "所在地": "熊本県熊本市中央区帯山３－３８－１５　アメニテイハイツ京塚１０２", "緯度": 32.797347, "経度": 130.748998, "url": "https://www.iryou.teikyouseido.mhlw.go.jp/znk-web/juminkanja/S2430/initialize?prefCd=43&kikanCd=4300000054&kikanKbn=5", "url2": null, "内容": "Ｄ・ＭＬ京塚中央薬局【5:薬局】熊本県熊本市中央区帯山３－３８－１５　アメニテイハイツ京塚１０２" }, "geometry": { "type": "Point", "coordinates": [ 130.748998, 32.797347 ] } },
{ "type": "Feature", "properties": { "ID": 4354300000056, "正式名称": "有限会社京塚薬局", "機関区分": 5, "都道府県コード": 43, "市区町村コード": 101, "所在地": "熊本県熊本市中央区帯山３丁目４０－５５", "緯度": 32.797674, "経度": 130.748858, "url": "https://www.iryou.teikyouseido.mhlw.go.jp/znk-web/juminkanja/S2430/initialize?prefCd=43&kikanCd=4300000056&kikanKbn=5", "url2": null, "内容": "有限会社京塚薬局【5:薬局】熊本県熊本市中央区帯山３丁目４０－５５" }, "geometry": { "type": "Point", "coordinates": [ 130.748858, 32.797674 ] } },
{ "type": "Feature", "properties": { "ID": 4354300000057, "正式名称": "そうごう薬局　北帯山店", "機関区分": 5, "都道府県コード": 43, "市区町村コード": 101, "所在地": "熊本県熊本市中央区帯山４－１８－２０", "緯度": 32.803197, "経度": 130.747258, "url": "https://www.iryou.teikyouseido.mhlw.go.jp/znk-web/juminkanja/S2430/initialize?prefCd=43&kikanCd=4300000057&kikanKbn=5", "url2": "http://www.sogo-medical.co.jp", "内容": "そうごう薬局　北帯山店【5:薬局】熊本県熊本市中央区帯山４－１８－２０" }, "geometry": { "type": "Point", "coordinates": [ 130.747258, 32.803197 ] } },
{ "type": "Feature", "properties": { "ID": 4354300000058, "正式名称": "うさぎ薬局　帯山店", "機関区分": 5, "都道府県コード": 43, "市区町村コード": 101, "所在地": "熊本県熊本市中央区帯山４－３５１－３５", "緯度": 32.800075, "経度": 130.749106, "url": "https://www.iryou.teikyouseido.mhlw.go.jp/znk-web/juminkanja/S2430/initialize?prefCd=43&kikanCd=4300000058&kikanKbn=5", "url2": "http://usagi-pharmacy.net/company.html", "内容": "うさぎ薬局　帯山店【5:薬局】熊本県熊本市中央区帯山４－３５１－３５" }, "geometry": { "type": "Point", "coordinates": [ 130.749106, 32.800075 ] } },
{ "type": "Feature", "properties": { "ID": 4354300000059, "正式名称": "株式会社　大賀薬局　帯山店", "機関区分": 5, "都道府県コード": 43, "市区町村コード": 101, "所在地": "熊本県熊本市中央区帯山８丁目２番５号", "緯度": 32.805457, "経度": 130.759398, "url": "https://www.iryou.teikyouseido.mhlw.go.jp/znk-web/juminkanja/S2430/initialize?prefCd=43&kikanCd=4300000059&kikanKbn=5", "url2": "https://www.ohga-ph.com/shop/", "内容": "株式会社　大賀薬局　帯山店【5:薬局】熊本県熊本市中央区帯山８丁目２番５号" }, "geometry": { "type": "Point", "coordinates": [ 130.759398, 32.805457 ] } },
{ "type": "Feature", "properties": { "ID": 4354300000060, "正式名称": "すこやか堂薬局", "機関区分": 5, "都道府県コード": 43, "市区町村コード": 101, "所在地": "熊本県熊本市中央区大江１丁目２１－１５", "緯度": 32.807586, "経度": 130.724877, "url": "https://www.iryou.teikyouseido.mhlw.go.jp/znk-web/juminkanja/S2430/initialize?prefCd=43&kikanCd=4300000060&kikanKbn=5", "url2": null, "内容": "すこやか堂薬局【5:薬局】熊本県熊本市中央区大江１丁目２１－１５" }, "geometry": { "type": "Point", "coordinates": [ 130.724877, 32.807586 ] } },
{ "type": "Feature", "properties": { "ID": 4354300000061, "正式名称": "タケシタ調剤薬局熊本店", "機関区分": 5, "都道府県コード": 43, "市区町村コード": 101, "所在地": "熊本県熊本市中央区大江３－２－６０", "緯度": 32.802249, "経度": 130.724699, "url": "https://www.iryou.teikyouseido.mhlw.go.jp/znk-web/juminkanja/S2430/initialize?prefCd=43&kikanCd=4300000061&kikanKbn=5", "url2": "http://takeshita-pharmacy.com", "内容": "タケシタ調剤薬局熊本店【5:薬局】熊本県熊本市中央区大江３－２－６０" }, "geometry": { "type": "Point", "coordinates": [ 130.724699, 32.802249 ] } },
{ "type": "Feature", "properties": { "ID": 4354300000062, "正式名称": "シモカワ大江調剤薬局", "機関区分": 5, "都道府県コード": 43, "市区町村コード": 101, "所在地": "熊本県熊本市中央区大江５－５－１", "緯度": 32.795961, "経度": 130.724117, "url": "https://www.iryou.teikyouseido.mhlw.go.jp/znk-web/juminkanja/S2430/initialize?prefCd=43&kikanCd=4300000062&kikanKbn=5", "url2": null, "内容": "シモカワ大江調剤薬局【5:薬局】熊本県熊本市中央区大江５－５－１" }, "geometry": { "type": "Point", "coordinates": [ 130.724117, 32.795961 ] } },
{ "type": "Feature", "properties": { "ID": 4354300000063, "正式名称": "上熊本中央薬局", "機関区分": 5, "都道府県コード": 43, "市区町村コード": 101, "所在地": "熊本県熊本市中央区段山本町６番５号", "緯度": 32.808883, "経度": 130.695996, "url": "https://www.iryou.teikyouseido.mhlw.go.jp/znk-web/juminkanja/S2430/initialize?prefCd=43&kikanCd=4300000063&kikanKbn=5", "url2": "http://www.drugmiyuki.com", "内容": "上熊本中央薬局【5:薬局】熊本県熊本市中央区段山本町６番５号" }, "geometry": { "type": "Point", "coordinates": [ 130.695996, 32.808883 ] } },
{ "type": "Feature", "properties": { "ID": 4354300000064, "正式名称": "有限会社　河原町薬局", "機関区分": 5, "都道府県コード": 43, "市区町村コード": 101, "所在地": "熊本県熊本市中央区通町９番地３", "緯度": 32.795591, "経度": 130.702948, "url": "https://www.iryou.teikyouseido.mhlw.go.jp/znk-web/juminkanja/S2430/initialize?prefCd=43&kikanCd=4300000064&kikanKbn=5", "url2": null, "内容": "有限会社　河原町薬局【5:薬局】熊本県熊本市中央区通町９番地３" }, "geometry": { "type": "Point", "coordinates": [ 130.702948, 32.795591 ] } },
{ "type": "Feature", "properties": { "ID": 4354300000066, "正式名称": "すずらん薬局", "機関区分": 5, "都道府県コード": 43, "市区町村コード": 101, "所在地": "熊本県熊本市中央区坪井１－９－２８", "緯度": 32.811253, "経度": 130.712077, "url": "https://www.iryou.teikyouseido.mhlw.go.jp/znk-web/juminkanja/S2430/initialize?prefCd=43&kikanCd=4300000066&kikanKbn=5", "url2": "http://www.pharma-daiwa.co.jp/", "内容": "すずらん薬局【5:薬局】熊本県熊本市中央区坪井１－９－２８" }, "geometry": { "type": "Point", "coordinates": [ 130.712077, 32.811253 ] } },
{ "type": "Feature", "properties": { "ID": 4354300000067, "正式名称": "つぼい調剤薬局", "機関区分": 5, "都道府県コード": 43, "市区町村コード": 101, "所在地": "熊本県熊本市中央区坪井２丁目６－２０", "緯度": 32.810108, "経度": 130.713511, "url": "https://www.iryou.teikyouseido.mhlw.go.jp/znk-web/juminkanja/S2430/initialize?prefCd=43&kikanCd=4300000067&kikanKbn=5", "url2": null, "内容": "つぼい調剤薬局【5:薬局】熊本県熊本市中央区坪井２丁目６－２０" }, "geometry": { "type": "Point", "coordinates": [ 130.713511, 32.810108 ] } },
{ "type": "Feature", "properties": { "ID": 4354300000068, "正式名称": "シモカワ渡鹿調剤薬局", "機関区分": 5, "都道府県コード": 43, "市区町村コード": 101, "所在地": "熊本県熊本市中央区渡鹿１－１７－１９", "緯度": 32.806528, "経度": 130.735047, "url": "https://www.iryou.teikyouseido.mhlw.go.jp/znk-web/juminkanja/S2430/initialize?prefCd=43&kikanCd=4300000068&kikanKbn=5", "url2": "https://www.shimokawa-ph.co.jp/", "内容": "シモカワ渡鹿調剤薬局【5:薬局】熊本県熊本市中央区渡鹿１－１７－１９" }, "geometry": { "type": "Point", "coordinates": [ 130.735047, 32.806528 ] } },
{ "type": "Feature", "properties": { "ID": 4354300000069, "正式名称": "アップル薬局とろく店", "機関区分": 5, "都道府県コード": 43, "市区町村コード": 101, "所在地": "熊本県熊本市中央区渡鹿４丁目１８番１号サンタジマビル１０１", "緯度": 32.809553, "経度": 130.734692, "url": "https://www.iryou.teikyouseido.mhlw.go.jp/znk-web/juminkanja/S2430/initialize?prefCd=43&kikanCd=4300000069&kikanKbn=5", "url2": "http://www.appleph.com/", "内容": "アップル薬局とろく店【5:薬局】熊本県熊本市中央区渡鹿４丁目１８番１号サンタジマビル１０１" }, "geometry": { "type": "Point", "coordinates": [ 130.734692, 32.809553 ] } },
{ "type": "Feature", "properties": { "ID": 4354300000070, "正式名称": "クオール薬局熊本中央店", "機関区分": 5, "都道府県コード": 43, "市区町村コード": 101, "所在地": "熊本県熊本市中央区渡鹿５－１－２６", "緯度": 32.810138, "経度": 130.730489, "url": "https://www.iryou.teikyouseido.mhlw.go.jp/znk-web/juminkanja/S2430/initialize?prefCd=43&kikanCd=4300000070&kikanKbn=5", "url2": "https://www.qol-net.co.jp/", "内容": "クオール薬局熊本中央店【5:薬局】熊本県熊本市中央区渡鹿５－１－２６" }, "geometry": { "type": "Point", "coordinates": [ 130.730489, 32.810138 ] } },
{ "type": "Feature", "properties": { "ID": 4354300000071, "正式名称": "なないろ薬局　島崎店", "機関区分": 5, "都道府県コード": 43, "市区町村コード": 101, "所在地": "熊本県熊本市中央区島崎１丁目３２ー８", "緯度": 32.802285, "経度": 130.691711, "url": "https://www.iryou.teikyouseido.mhlw.go.jp/znk-web/juminkanja/S2430/initialize?prefCd=43&kikanCd=4300000071&kikanKbn=5", "url2": "https://www.ocm-ocm.com/", "内容": "なないろ薬局　島崎店【5:薬局】熊本県熊本市中央区島崎１丁目３２ー８" }, "geometry": { "type": "Point", "coordinates": [ 130.691711, 32.802285 ] } },
{ "type": "Feature", "properties": { "ID": 4354300000072, "正式名称": "うさぎ薬局　島崎店", "機関区分": 5, "都道府県コード": 43, "市区町村コード": 103, "所在地": "熊本県熊本市西区島崎５丁目４番３１号", "緯度": 32.811489, "経度": 130.683458, "url": "https://www.iryou.teikyouseido.mhlw.go.jp/znk-web/juminkanja/S2430/initialize?prefCd=43&kikanCd=4300000072&kikanKbn=5", "url2": "https://usagi-pharmacy.net/", "内容": "うさぎ薬局　島崎店【5:薬局】熊本県熊本市西区島崎５丁目４番３１号" }, "geometry": { "type": "Point", "coordinates": [ 130.683458, 32.811489 ] } },
{ "type": "Feature", "properties": { "ID": 4354300000073, "正式名称": "丸十薬局", "機関区分": 5, "都道府県コード": 43, "市区町村コード": 101, "所在地": "熊本県熊本市中央区南熊本３－７－２５", "緯度": 32.785992, "経度": 130.711797, "url": "https://www.iryou.teikyouseido.mhlw.go.jp/znk-web/juminkanja/S2430/initialize?prefCd=43&kikanCd=4300000073&kikanKbn=5", "url2": "http://www.15ichigo.jp/", "内容": "丸十薬局【5:薬局】熊本県熊本市中央区南熊本３－７－２５" }, "geometry": { "type": "Point", "coordinates": [ 130.711797, 32.785992 ] } },
{ "type": "Feature", "properties": { "ID": 4354300000074, "正式名称": "ハート薬局南熊本店", "機関区分": 5, "都道府県コード": 43, "市区町村コード": 101, "所在地": "熊本県熊本市中央区南熊本４－３－１３", "緯度": 32.789673, "経度": 130.710265, "url": "https://www.iryou.teikyouseido.mhlw.go.jp/znk-web/juminkanja/S2430/initialize?prefCd=43&kikanCd=4300000074&kikanKbn=5", "url2": "http://www.kiyama-drug.com/", "内容": "ハート薬局南熊本店【5:薬局】熊本県熊本市中央区南熊本４－３－１３" }, "geometry": { "type": "Point", "coordinates": [ 130.710265, 32.789673 ] } },
{ "type": "Feature", "properties": { "ID": 4354300000075, "正式名称": "南熊本調剤薬局", "機関区分": 5, "都道府県コード": 43, "市区町村コード": 101, "所在地": "熊本県熊本市中央区南熊本４－３－２０", "緯度": 32.789594, "経度": 130.709658, "url": "https://www.iryou.teikyouseido.mhlw.go.jp/znk-web/juminkanja/S2430/initialize?prefCd=43&kikanCd=4300000075&kikanKbn=5", "url2": "https://www.pharma-daiwa.co.jp", "内容": "南熊本調剤薬局【5:薬局】熊本県熊本市中央区南熊本４－３－２０" }, "geometry": { "type": "Point", "coordinates": [ 130.709658, 32.789594 ] } },
{ "type": "Feature", "properties": { "ID": 4354300000076, "正式名称": "カワノ薬局", "機関区分": 5, "都道府県コード": 43, "市区町村コード": 101, "所在地": "熊本県熊本市中央区南熊本４ー３ー８", "緯度": 32.790169, "経度": 130.710183, "url": "https://www.iryou.teikyouseido.mhlw.go.jp/znk-web/juminkanja/S2430/initialize?prefCd=43&kikanCd=4300000076&kikanKbn=5", "url2": null, "内容": "カワノ薬局【5:薬局】熊本県熊本市中央区南熊本４ー３ー８" }, "geometry": { "type": "Point", "coordinates": [ 130.710183, 32.790169 ] } },
{ "type": "Feature", "properties": { "ID": 4354300000077, "正式名称": "こひつじ薬局", "機関区分": 5, "都道府県コード": 43, "市区町村コード": 101, "所在地": "熊本県熊本市中央区南熊本４丁目３番３９号", "緯度": 32.790631, "経度": 130.709262, "url": "https://www.iryou.teikyouseido.mhlw.go.jp/znk-web/juminkanja/S2430/initialize?prefCd=43&kikanCd=4300000077&kikanKbn=5", "url2": "https://mugiwara-ph.com/", "内容": "こひつじ薬局【5:薬局】熊本県熊本市中央区南熊本４丁目３番３９号" }, "geometry": { "type": "Point", "coordinates": [ 130.709262, 32.790631 ] } },
{ "type": "Feature", "properties": { "ID": 4354300000079, "正式名称": "りんご薬局　明午橋店", "機関区分": 5, "都道府県コード": 43, "市区町村コード": 101, "所在地": "熊本県熊本市中央区南千反畑町１４－２７", "緯度": 32.807042, "経度": 130.717167, "url": "https://www.iryou.teikyouseido.mhlw.go.jp/znk-web/juminkanja/S2430/initialize?prefCd=43&kikanCd=4300000079&kikanKbn=5", "url2": "https://www.ringo-chozai.jp/", "内容": "りんご薬局　明午橋店【5:薬局】熊本県熊本市中央区南千反畑町１４－２７" }, "geometry": { "type": "Point", "coordinates": [ 130.717167, 32.807042 ] } },
{ "type": "Feature", "properties": { "ID": 4354300000080, "正式名称": "平成さくら薬局", "機関区分": 5, "都道府県コード": 43, "市区町村コード": 101, "所在地": "熊本県熊本市中央区萩原町１７－２５", "緯度": 32.777571, "経度": 130.707123, "url": "https://www.iryou.teikyouseido.mhlw.go.jp/znk-web/juminkanja/S2430/initialize?prefCd=43&kikanCd=4300000080&kikanKbn=5", "url2": null, "内容": "平成さくら薬局【5:薬局】熊本県熊本市中央区萩原町１７－２５" }, "geometry": { "type": "Point", "coordinates": [ 130.707123, 32.777571 ] } },
{ "type": "Feature", "properties": { "ID": 4354300000082, "正式名称": "シモカワ萩原調剤薬局", "機関区分": 5, "都道府県コード": 43, "市区町村コード": 101, "所在地": "熊本県熊本市中央区萩原町３－１５", "緯度": 32.782126, "経度": 130.709786, "url": "https://www.iryou.teikyouseido.mhlw.go.jp/znk-web/juminkanja/S2430/initialize?prefCd=43&kikanCd=4300000082&kikanKbn=5", "url2": "http://www.shimokawa-ph.co.jp", "内容": "シモカワ萩原調剤薬局【5:薬局】熊本県熊本市中央区萩原町３－１５" }, "geometry": { "type": "Point", "coordinates": [ 130.709786, 32.782126 ] } },
{ "type": "Feature", "properties": { "ID": 4354300000083, "正式名称": "高橋薬局", "機関区分": 5, "都道府県コード": 43, "市区町村コード": 101, "所在地": "熊本県熊本市中央区白山１－１－２", "緯度": 32.794794, "経度": 130.724575, "url": "https://www.iryou.teikyouseido.mhlw.go.jp/znk-web/juminkanja/S2430/initialize?prefCd=43&kikanCd=4300000083&kikanKbn=5", "url2": "https://takahashi.jakou.com", "内容": "高橋薬局【5:薬局】熊本県熊本市中央区白山１－１－２" }, "geometry": { "type": "Point", "coordinates": [ 130.724575, 32.794794 ] } },
{ "type": "Feature", "properties": { "ID": 4354300000084, "正式名称": "メリー薬局", "機関区分": 5, "都道府県コード": 43, "市区町村コード": 101, "所在地": "熊本県熊本市中央区八王寺町１１－５２", "緯度": 32.783458, "経度": 130.716758, "url": "https://www.iryou.teikyouseido.mhlw.go.jp/znk-web/juminkanja/S2430/initialize?prefCd=43&kikanCd=4300000084&kikanKbn=5", "url2": "https://tominagagp.com/pharmacy/merrypharmacy/", "内容": "メリー薬局【5:薬局】熊本県熊本市中央区八王寺町１１－５２" }, "geometry": { "type": "Point", "coordinates": [ 130.716758, 32.783458 ] } },
{ "type": "Feature", "properties": { "ID": 4354300000085, "正式名称": "八王寺団地アップル薬局", "機関区分": 5, "都道府県コード": 43, "市区町村コード": 101, "所在地": "熊本県熊本市中央区八王寺町１６－７０", "緯度": 32.781311, "経度": 130.713064, "url": "https://www.iryou.teikyouseido.mhlw.go.jp/znk-web/juminkanja/S2430/initialize?prefCd=43&kikanCd=4300000085&kikanKbn=5", "url2": "http://www.appleph.com/", "内容": "八王寺団地アップル薬局【5:薬局】熊本県熊本市中央区八王寺町１６－７０" }, "geometry": { "type": "Point", "coordinates": [ 130.713064, 32.781311 ] } },
{ "type": "Feature", "properties": { "ID": 4354300000086, "正式名称": "はやぶさ薬局　八王寺店", "機関区分": 5, "都道府県コード": 43, "市区町村コード": 101, "所在地": "熊本県熊本市中央区八王寺町２６番１９号", "緯度": 32.781294, "経度": 130.714247, "url": "https://www.iryou.teikyouseido.mhlw.go.jp/znk-web/juminkanja/S2430/initialize?prefCd=43&kikanCd=4300000086&kikanKbn=5", "url2": "https://kizuna-pharmacy.com", "内容": "はやぶさ薬局　八王寺店【5:薬局】熊本県熊本市中央区八王寺町２６番１９号" }, "geometry": { "type": "Point", "coordinates": [ 130.714247, 32.781294 ] } },
{ "type": "Feature", "properties": { "ID": 4354300000087, "正式名称": "ふじさき調剤薬局", "機関区分": 5, "都道府県コード": 43, "市区町村コード": 101, "所在地": "熊本県熊本市中央区北千反畑町２－３", "緯度": 32.8089, "経度": 130.71581, "url": "https://www.iryou.teikyouseido.mhlw.go.jp/znk-web/juminkanja/S2430/initialize?prefCd=43&kikanCd=4300000087&kikanKbn=5", "url2": "https://takahiro-medical.com/", "内容": "ふじさき調剤薬局【5:薬局】熊本県熊本市中央区北千反畑町２－３" }, "geometry": { "type": "Point", "coordinates": [ 130.71581, 32.8089 ] } },
{ "type": "Feature", "properties": { "ID": 4354300000088, "正式名称": "参道薬局", "機関区分": 5, "都道府県コード": 43, "市区町村コード": 101, "所在地": "熊本県熊本市中央区北千反畑町２番１８号", "緯度": 32.808666, "経度": 130.716349, "url": "https://www.iryou.teikyouseido.mhlw.go.jp/znk-web/juminkanja/S2430/initialize?prefCd=43&kikanCd=4300000088&kikanKbn=5", "url2": null, "内容": "参道薬局【5:薬局】熊本県熊本市中央区北千反畑町２番１８号" }, "geometry": { "type": "Point", "coordinates": [ 130.716349, 32.808666 ] } },
{ "type": "Feature", "properties": { "ID": 4354300000089, "正式名称": "アガペ・エコ薬局", "機関区分": 5, "都道府県コード": 43, "市区町村コード": 101, "所在地": "熊本県熊本市中央区本山１丁目６－９白木ビル１Ｆ", "緯度": 32.790667, "経度": 130.698994, "url": "https://www.iryou.teikyouseido.mhlw.go.jp/znk-web/juminkanja/S2430/initialize?prefCd=43&kikanCd=4300000089&kikanKbn=5", "url2": "https://www.agape21.jp/", "内容": "アガペ・エコ薬局【5:薬局】熊本県熊本市中央区本山１丁目６－９白木ビル１Ｆ" }, "geometry": { "type": "Point", "coordinates": [ 130.698994, 32.790667 ] } },
{ "type": "Feature", "properties": { "ID": 4354300000091, "正式名称": "本山ごふく薬局", "機関区分": 5, "都道府県コード": 43, "市区町村コード": 101, "所在地": "熊本県熊本市中央区本山４丁目８－３８", "緯度": 32.789271, "経度": 130.697199, "url": "https://www.iryou.teikyouseido.mhlw.go.jp/znk-web/juminkanja/S2430/initialize?prefCd=43&kikanCd=4300000091&kikanKbn=5", "url2": "http://gofukuph.jpn.ph/", "内容": "本山ごふく薬局【5:薬局】熊本県熊本市中央区本山４丁目８－３８" }, "geometry": { "type": "Point", "coordinates": [ 130.697199, 32.789271 ] } },
{ "type": "Feature", "properties": { "ID": 4354300000092, "正式名称": "こうざん調剤薬局", "機関区分": 5, "都道府県コード": 43, "市区町村コード": 101, "所在地": "熊本県熊本市中央区本山町７９番地", "緯度": 32.787413, "経度": 130.700111, "url": "https://www.iryou.teikyouseido.mhlw.go.jp/znk-web/juminkanja/S2430/initialize?prefCd=43&kikanCd=4300000092&kikanKbn=5", "url2": "https://www.mittel-solaris-group.jp", "内容": "こうざん調剤薬局【5:薬局】熊本県熊本市中央区本山町７９番地" }, "geometry": { "type": "Point", "coordinates": [ 130.700111, 32.787413 ] } },
{ "type": "Feature", "properties": { "ID": 4354300000093, "正式名称": "すみれ薬局", "機関区分": 5, "都道府県コード": 43, "市区町村コード": 101, "所在地": "熊本県熊本市中央区本荘２丁目１４－１３", "緯度": 32.791961, "経度": 130.712822, "url": "https://www.iryou.teikyouseido.mhlw.go.jp/znk-web/juminkanja/S2430/initialize?prefCd=43&kikanCd=4300000093&kikanKbn=5", "url2": "http://www.kk-pharma.jp", "内容": "すみれ薬局【5:薬局】熊本県熊本市中央区本荘２丁目１４－１３" }, "geometry": { "type": "Point", "coordinates": [ 130.712822, 32.791961 ] } },
{ "type": "Feature", "properties": { "ID": 4354300000094, "正式名称": "くまもと中央薬局", "機関区分": 5, "都道府県コード": 43, "市区町村コード": 101, "所在地": "熊本県熊本市中央区本荘５丁目１６－１　金子ビル", "緯度": 32.794263, "経度": 130.708321, "url": "https://www.iryou.teikyouseido.mhlw.go.jp/znk-web/juminkanja/S2430/initialize?prefCd=43&kikanCd=4300000094&kikanKbn=5", "url2": null, "内容": "くまもと中央薬局【5:薬局】熊本県熊本市中央区本荘５丁目１６－１　金子ビル" }, "geometry": { "type": "Point", "coordinates": [ 130.708321, 32.794263 ] } },
{ "type": "Feature", "properties": { "ID": 4354300000095, "正式名称": "そうごう薬局熊本中央店", "機関区分": 5, "都道府県コード": 43, "市区町村コード": 101, "所在地": "熊本県熊本市中央区本荘６丁目１番２５号", "緯度": 32.793433, "経度": 130.708811, "url": "https://www.iryou.teikyouseido.mhlw.go.jp/znk-web/juminkanja/S2430/initialize?prefCd=43&kikanCd=4300000095&kikanKbn=5", "url2": "https://www.sogo-pharmacy.jp/shop/view/354", "内容": "そうごう薬局熊本中央店【5:薬局】熊本県熊本市中央区本荘６丁目１番２５号" }, "geometry": { "type": "Point", "coordinates": [ 130.708811, 32.793433 ] } },
{ "type": "Feature", "properties": { "ID": 4354300000096, "正式名称": "ユニスマイル薬局　本荘いちご店", "機関区分": 5, "都道府県コード": 43, "市区町村コード": 101, "所在地": "熊本県熊本市中央区本荘町６４５", "緯度": 32.788848, "経度": 130.70237, "url": "https://www.iryou.teikyouseido.mhlw.go.jp/znk-web/juminkanja/S2430/initialize?prefCd=43&kikanCd=4300000096&kikanKbn=5", "url2": "https://unismile.co.jp/", "内容": "ユニスマイル薬局　本荘いちご店【5:薬局】熊本県熊本市中央区本荘町６４５" }, "geometry": { "type": "Point", "coordinates": [ 130.70237, 32.788848 ] } },
{ "type": "Feature", "properties": { "ID": 4354300000097, "正式名称": "花園ファルマシア　琴平通り店", "機関区分": 5, "都道府県コード": 43, "市区町村コード": 101, "所在地": "熊本県熊本市中央区本荘町７２０－１", "緯度": 32.806163, "経度": 130.735848, "url": "https://www.iryou.teikyouseido.mhlw.go.jp/znk-web/juminkanja/S2430/initialize?prefCd=43&kikanCd=4300000097&kikanKbn=5", "url2": null, "内容": "花園ファルマシア　琴平通り店【5:薬局】熊本県熊本市中央区本荘町７２０－１" }, "geometry": { "type": "Point", "coordinates": [ 130.735848, 32.806163 ] } },
{ "type": "Feature", "properties": { "ID": 4354300000098, "正式名称": "さくらんぼ薬局", "機関区分": 5, "都道府県コード": 43, "市区町村コード": 101, "所在地": "熊本県熊本市中央区妙体寺町２－５－１０１", "緯度": 32.811358, "経度": 130.716035, "url": "https://www.iryou.teikyouseido.mhlw.go.jp/znk-web/juminkanja/S2430/initialize?prefCd=43&kikanCd=4300000098&kikanKbn=5", "url2": "https://www.mittel-solaris-group.jp", "内容": "さくらんぼ薬局【5:薬局】熊本県熊本市中央区妙体寺町２－５－１０１" }, "geometry": { "type": "Point", "coordinates": [ 130.716035, 32.811358 ] } },
{ "type": "Feature", "properties": { "ID": 4354300000099, "正式名称": "ドラッグイレブン薬局薬園店", "機関区分": 5, "都道府県コード": 43, "市区町村コード": 101, "所在地": "熊本県熊本市中央区薬園町４番５号", "緯度": 32.813926, "経度": 130.717629, "url": "https://www.iryou.teikyouseido.mhlw.go.jp/znk-web/juminkanja/S2430/initialize?prefCd=43&kikanCd=4300000099&kikanKbn=5", "url2": "https://www.drugeleven.com/", "内容": "ドラッグイレブン薬局薬園店【5:薬局】熊本県熊本市中央区薬園町４番５号" }, "geometry": { "type": "Point", "coordinates": [ 130.717629, 32.813926 ] } },
{ "type": "Feature", "properties": { "ID": 4354300000100, "正式名称": "アガぺ熊本中央薬局", "機関区分": 5, "都道府県コード": 43, "市区町村コード": 101, "所在地": "熊本県熊本市中央区練兵町４３", "緯度": 32.797932, "経度": 130.702186, "url": "https://www.iryou.teikyouseido.mhlw.go.jp/znk-web/juminkanja/S2430/initialize?prefCd=43&kikanCd=4300000100&kikanKbn=5", "url2": "http://www.agape21.jp/index.php", "内容": "アガぺ熊本中央薬局【5:薬局】熊本県熊本市中央区練兵町４３" }, "geometry": { "type": "Point", "coordinates": [ 130.702186, 32.797932 ] } },
{ "type": "Feature", "properties": { "ID": 4354300000101, "正式名称": "タカエ薬局", "機関区分": 5, "都道府県コード": 43, "市区町村コード": 102, "所在地": "熊本県熊本市東区新外３－９－６５", "緯度": 32.796603, "経度": 130.763361, "url": "https://www.iryou.teikyouseido.mhlw.go.jp/znk-web/juminkanja/S2430/initialize?prefCd=43&kikanCd=4300000101&kikanKbn=5", "url2": null, "内容": "タカエ薬局【5:薬局】熊本県熊本市東区新外３－９－６５" }, "geometry": { "type": "Point", "coordinates": [ 130.763361, 32.796603 ] } },
{ "type": "Feature", "properties": { "ID": 4354300000102, "正式名称": "ながみねオレンジ薬局", "機関区分": 5, "都道府県コード": 43, "市区町村コード": 102, "所在地": "熊本県熊本市東区長嶺８丁目１－４７－１０６号", "緯度": 32.828882, "経度": 130.781927, "url": "https://www.iryou.teikyouseido.mhlw.go.jp/znk-web/juminkanja/S2430/initialize?prefCd=43&kikanCd=4300000102&kikanKbn=5", "url2": null, "内容": "ながみねオレンジ薬局【5:薬局】熊本県熊本市東区長嶺８丁目１－４７－１０６号" }, "geometry": { "type": "Point", "coordinates": [ 130.781927, 32.828882 ] } },
{ "type": "Feature", "properties": { "ID": 4354300000103, "正式名称": "ながみね薬局", "機関区分": 5, "都道府県コード": 43, "市区町村コード": 102, "所在地": "熊本県熊本市東区長嶺南７丁目９－１３", "緯度": 32.817417, "経度": 130.779092, "url": "https://www.iryou.teikyouseido.mhlw.go.jp/znk-web/juminkanja/S2430/initialize?prefCd=43&kikanCd=4300000103&kikanKbn=5", "url2": null, "内容": "ながみね薬局【5:薬局】熊本県熊本市東区長嶺南７丁目９－１３" }, "geometry": { "type": "Point", "coordinates": [ 130.779092, 32.817417 ] } },
{ "type": "Feature", "properties": { "ID": 4354300000104, "正式名称": "はるかぜ薬局", "機関区分": 5, "都道府県コード": 43, "市区町村コード": 102, "所在地": "熊本県熊本市東区榎町２番１３号", "緯度": 32.791185, "経度": 130.77027, "url": "https://www.iryou.teikyouseido.mhlw.go.jp/znk-web/juminkanja/S2430/initialize?prefCd=43&kikanCd=4300000104&kikanKbn=5", "url2": null, "内容": "はるかぜ薬局【5:薬局】熊本県熊本市東区榎町２番１３号" }, "geometry": { "type": "Point", "coordinates": [ 130.77027, 32.791185 ] } },
{ "type": "Feature", "properties": { "ID": 4354300000105, "正式名称": "せいら調剤薬局", "機関区分": 5, "都道府県コード": 43, "市区町村コード": 102, "所在地": "熊本県熊本市東区下江津２丁目１３番１号", "緯度": 32.771017, "経度": 130.739787, "url": "https://www.iryou.teikyouseido.mhlw.go.jp/znk-web/juminkanja/S2430/initialize?prefCd=43&kikanCd=4300000105&kikanKbn=5", "url2": "https://kuhonji-pharma.com/", "内容": "せいら調剤薬局【5:薬局】熊本県熊本市東区下江津２丁目１３番１号" }, "geometry": { "type": "Point", "coordinates": [ 130.739787, 32.771017 ] } },
{ "type": "Feature", "properties": { "ID": 4354300000106, "正式名称": "すこやか堂薬局江津店", "機関区分": 5, "都道府県コード": 43, "市区町村コード": 102, "所在地": "熊本県熊本市東区下江津３－１５－２２", "緯度": 32.769926, "経度": 130.741145, "url": "https://www.iryou.teikyouseido.mhlw.go.jp/znk-web/juminkanja/S2430/initialize?prefCd=43&kikanCd=4300000106&kikanKbn=5", "url2": null, "内容": "すこやか堂薬局江津店【5:薬局】熊本県熊本市東区下江津３－１５－２２" }, "geometry": { "type": "Point", "coordinates": [ 130.741145, 32.769926 ] } },
{ "type": "Feature", "properties": { "ID": 4354300000107, "正式名称": "熊本調剤薬局江津店", "機関区分": 5, "都道府県コード": 43, "市区町村コード": 102, "所在地": "熊本県熊本市東区下江津４丁目１番２３号", "緯度": 32.770025, "経度": 130.741875, "url": "https://www.iryou.teikyouseido.mhlw.go.jp/znk-web/juminkanja/S2430/initialize?prefCd=43&kikanCd=4300000107&kikanKbn=5", "url2": "http://www.kiyama-drug.com/", "内容": "熊本調剤薬局江津店【5:薬局】熊本県熊本市東区下江津４丁目１番２３号" }, "geometry": { "type": "Point", "coordinates": [ 130.741875, 32.770025 ] } },
{ "type": "Feature", "properties": { "ID": 4354300000108, "正式名称": "熊本調剤薬局セイラ店", "機関区分": 5, "都道府県コード": 43, "市区町村コード": 102, "所在地": "熊本県熊本市東区下江津７丁目７番２２号", "緯度": 32.767608, "経度": 130.742897, "url": "https://www.iryou.teikyouseido.mhlw.go.jp/znk-web/juminkanja/S2430/initialize?prefCd=43&kikanCd=4300000108&kikanKbn=5", "url2": "http://www.kiyama-drug.com/", "内容": "熊本調剤薬局セイラ店【5:薬局】熊本県熊本市東区下江津７丁目７番２２号" }, "geometry": { "type": "Point", "coordinates": [ 130.742897, 32.767608 ] } },
{ "type": "Feature", "properties": { "ID": 4354300000109, "正式名称": "グリーン薬局下南部店", "機関区分": 5, "都道府県コード": 43, "市区町村コード": 102, "所在地": "熊本県熊本市東区下南部３丁目３番１３号", "緯度": 32.820646, "経度": 130.753253, "url": "https://www.iryou.teikyouseido.mhlw.go.jp/znk-web/juminkanja/S2430/initialize?prefCd=43&kikanCd=4300000109&kikanKbn=5", "url2": "http://medics-k.jp", "内容": "グリーン薬局下南部店【5:薬局】熊本県熊本市東区下南部３丁目３番１３号" }, "geometry": { "type": "Point", "coordinates": [ 130.753253, 32.820646 ] } },
{ "type": "Feature", "properties": { "ID": 4354300000110, "正式名称": "秋津薬局", "機関区分": 5, "都道府県コード": 43, "市区町村コード": 102, "所在地": "熊本県熊本市東区花立２丁目１６番１４号", "緯度": 32.778054, "経度": 130.775733, "url": "https://www.iryou.teikyouseido.mhlw.go.jp/znk-web/juminkanja/S2430/initialize?prefCd=43&kikanCd=4300000110&kikanKbn=5", "url2": "http://www.drugmiyuki.com", "内容": "秋津薬局【5:薬局】熊本県熊本市東区花立２丁目１６番１４号" }, "geometry": { "type": "Point", "coordinates": [ 130.775733, 32.778054 ] } },
{ "type": "Feature", "properties": { "ID": 4354300000111, "正式名称": "共生薬局　花立店", "機関区分": 5, "都道府県コード": 43, "市区町村コード": 102, "所在地": "熊本県熊本市東区花立２丁目６番１１号", "緯度": 32.782342, "経度": 130.774514, "url": "https://www.iryou.teikyouseido.mhlw.go.jp/znk-web/juminkanja/S2430/initialize?prefCd=43&kikanCd=4300000111&kikanKbn=5", "url2": "https://kyousei-pharmacy.jp/", "内容": "共生薬局　花立店【5:薬局】熊本県熊本市東区花立２丁目６番１１号" }, "geometry": { "type": "Point", "coordinates": [ 130.774514, 32.782342 ] } },
{ "type": "Feature", "properties": { "ID": 4354300000112, "正式名称": "有限会社赤星薬局", "機関区分": 5, "都道府県コード": 43, "市区町村コード": 102, "所在地": "熊本県熊本市東区花立３丁目１５番２４号", "緯度": 32.781714, "経度": 130.774086, "url": "https://www.iryou.teikyouseido.mhlw.go.jp/znk-web/juminkanja/S2430/initialize?prefCd=43&kikanCd=4300000112&kikanKbn=5", "url2": "http://akahoshi-ph.com", "内容": "有限会社赤星薬局【5:薬局】熊本県熊本市東区花立３丁目１５番２４号" }, "geometry": { "type": "Point", "coordinates": [ 130.774086, 32.781714 ] } },
{ "type": "Feature", "properties": { "ID": 4354300000113, "正式名称": "あさがお薬局　画図店", "機関区分": 5, "都道府県コード": 43, "市区町村コード": 102, "所在地": "熊本県熊本市東区画図町所島１１２－２", "緯度": 32.771203, "経度": 130.73086, "url": "https://www.iryou.teikyouseido.mhlw.go.jp/znk-web/juminkanja/S2430/initialize?prefCd=43&kikanCd=4300000113&kikanKbn=5", "url2": null, "内容": "あさがお薬局　画図店【5:薬局】熊本県熊本市東区画図町所島１１２－２" }, "geometry": { "type": "Point", "coordinates": [ 130.73086, 32.771203 ] } },
{ "type": "Feature", "properties": { "ID": 4354300000114, "正式名称": "有限会社カイホウ薬局", "機関区分": 5, "都道府県コード": 43, "市区町村コード": 102, "所在地": "熊本県熊本市東区錦ケ丘３２番２１号　末廣ビル", "緯度": 32.788503, "経度": 130.758467, "url": "https://www.iryou.teikyouseido.mhlw.go.jp/znk-web/juminkanja/S2430/initialize?prefCd=43&kikanCd=4300000114&kikanKbn=5", "url2": null, "内容": "有限会社カイホウ薬局【5:薬局】熊本県熊本市東区錦ケ丘３２番２１号　末廣ビル" }, "geometry": { "type": "Point", "coordinates": [ 130.758467, 32.788503 ] } },
{ "type": "Feature", "properties": { "ID": 4354300000115, "正式名称": "ミユキ薬局月出店", "機関区分": 5, "都道府県コード": 43, "市区町村コード": 102, "所在地": "熊本県熊本市東区月出１丁目５番１２号", "緯度": 32.802699, "経度": 130.762744, "url": "https://www.iryou.teikyouseido.mhlw.go.jp/znk-web/juminkanja/S2430/initialize?prefCd=43&kikanCd=4300000115&kikanKbn=5", "url2": "http://www.drugmiyuki.com", "内容": "ミユキ薬局月出店【5:薬局】熊本県熊本市東区月出１丁目５番１２号" }, "geometry": { "type": "Point", "coordinates": [ 130.762744, 32.802699 ] } },
{ "type": "Feature", "properties": { "ID": 4354300000116, "正式名称": "グリーン薬局　月出店", "機関区分": 5, "都道府県コード": 43, "市区町村コード": 102, "所在地": "熊本県熊本市東区月出１丁目８番３４号", "緯度": 32.802111, "経度": 130.765447, "url": "https://www.iryou.teikyouseido.mhlw.go.jp/znk-web/juminkanja/S2430/initialize?prefCd=43&kikanCd=4300000116&kikanKbn=5", "url2": "http://www.medics-k.jp", "内容": "グリーン薬局　月出店【5:薬局】熊本県熊本市東区月出１丁目８番３４号" }, "geometry": { "type": "Point", "coordinates": [ 130.765447, 32.802111 ] } },
{ "type": "Feature", "properties": { "ID": 4354300000117, "正式名称": "月出薬局", "機関区分": 5, "都道府県コード": 43, "市区町村コード": 102, "所在地": "熊本県熊本市東区月出２丁目４－７７", "緯度": 32.802836, "経度": 130.761126, "url": "https://www.iryou.teikyouseido.mhlw.go.jp/znk-web/juminkanja/S2430/initialize?prefCd=43&kikanCd=4300000117&kikanKbn=5", "url2": null, "内容": "月出薬局【5:薬局】熊本県熊本市東区月出２丁目４－７７" }, "geometry": { "type": "Point", "coordinates": [ 130.761126, 32.802836 ] } },
{ "type": "Feature", "properties": { "ID": 4354300000119, "正式名称": "太陽堂薬局　日赤前店", "機関区分": 5, "都道府県コード": 43, "市区町村コード": 102, "所在地": "熊本県熊本市東区月出７丁目１－６－１０２", "緯度": 32.808333, "経度": 130.7676, "url": "https://www.iryou.teikyouseido.mhlw.go.jp/znk-web/juminkanja/S2430/initialize?prefCd=43&kikanCd=4300000119&kikanKbn=5", "url2": "http://kanpo-yaku.com", "内容": "太陽堂薬局　日赤前店【5:薬局】熊本県熊本市東区月出７丁目１－６－１０２" }, "geometry": { "type": "Point", "coordinates": [ 130.7676, 32.808333 ] } },
{ "type": "Feature", "properties": { "ID": 4354300000121, "正式名称": "健軍校前薬局", "機関区分": 5, "都道府県コード": 43, "市区町村コード": 102, "所在地": "熊本県熊本市東区健軍４－５－３ジェネフィットビル１Ｆ", "緯度": 32.780736, "経度": 130.753236, "url": "https://www.iryou.teikyouseido.mhlw.go.jp/znk-web/juminkanja/S2430/initialize?prefCd=43&kikanCd=4300000121&kikanKbn=5", "url2": null, "内容": "健軍校前薬局【5:薬局】熊本県熊本市東区健軍４－５－３ジェネフィットビル１Ｆ" }, "geometry": { "type": "Point", "coordinates": [ 130.753236, 32.780736 ] } },
{ "type": "Feature", "properties": { "ID": 4354300000122, "正式名称": "健軍本町薬局", "機関区分": 5, "都道府県コード": 43, "市区町村コード": 102, "所在地": "熊本県熊本市東区健軍本町１１番８号", "緯度": 32.786118, "経度": 130.753898, "url": "https://www.iryou.teikyouseido.mhlw.go.jp/znk-web/juminkanja/S2430/initialize?prefCd=43&kikanCd=4300000122&kikanKbn=5", "url2": "https://www.pharman.co.jp", "内容": "健軍本町薬局【5:薬局】熊本県熊本市東区健軍本町１１番８号" }, "geometry": { "type": "Point", "coordinates": [ 130.753898, 32.786118 ] } },
{ "type": "Feature", "properties": { "ID": 4354300000125, "正式名称": "ことう薬局", "機関区分": 5, "都道府県コード": 43, "市区町村コード": 102, "所在地": "熊本県熊本市東区湖東１－２－２０", "緯度": 32.781847, "経度": 130.747643, "url": "https://www.iryou.teikyouseido.mhlw.go.jp/znk-web/juminkanja/S2430/initialize?prefCd=43&kikanCd=4300000125&kikanKbn=5", "url2": "http://amakusadispensarycontent.kataranna.com/", "内容": "ことう薬局【5:薬局】熊本県熊本市東区湖東１－２－２０" }, "geometry": { "type": "Point", "coordinates": [ 130.747643, 32.781847 ] } },
{ "type": "Feature", "properties": { "ID": 4354300000126, "正式名称": "株式会社アガペ熊本薬局", "機関区分": 5, "都道府県コード": 43, "市区町村コード": 102, "所在地": "熊本県熊本市東区湖東２丁目２－２８", "緯度": 32.780453, "経度": 130.744703, "url": "https://www.iryou.teikyouseido.mhlw.go.jp/znk-web/juminkanja/S2430/initialize?prefCd=43&kikanCd=4300000126&kikanKbn=5", "url2": "http://www.agape21.jp/", "内容": "株式会社アガペ熊本薬局【5:薬局】熊本県熊本市東区湖東２丁目２－２８" }, "geometry": { "type": "Point", "coordinates": [ 130.744703, 32.780453 ] } },
{ "type": "Feature", "properties": { "ID": 4354300000127, "正式名称": "なないろ薬局　御領店", "機関区分": 5, "都道府県コード": 43, "市区町村コード": 102, "所在地": "熊本県熊本市東区御領２丁目１９－９", "緯度": 32.821223, "経度": 130.763369, "url": "https://www.iryou.teikyouseido.mhlw.go.jp/znk-web/juminkanja/S2430/initialize?prefCd=43&kikanCd=4300000127&kikanKbn=5", "url2": "https://www.ocm-ocm.com/", "内容": "なないろ薬局　御領店【5:薬局】熊本県熊本市東区御領２丁目１９－９" }, "geometry": { "type": "Point", "coordinates": [ 130.763369, 32.821223 ] } },
{ "type": "Feature", "properties": { "ID": 4354300000128, "正式名称": "シモカワ江津調剤薬局", "機関区分": 5, "都道府県コード": 43, "市区町村コード": 102, "所在地": "熊本県熊本市東区江津１丁目１－５", "緯度": 32.783222, "経度": 130.733817, "url": "https://www.iryou.teikyouseido.mhlw.go.jp/znk-web/juminkanja/S2430/initialize?prefCd=43&kikanCd=4300000128&kikanKbn=5", "url2": "http://www.shimokawa-ph.co.jp", "内容": "シモカワ江津調剤薬局【5:薬局】熊本県熊本市東区江津１丁目１－５" }, "geometry": { "type": "Point", "coordinates": [ 130.733817, 32.783222 ] } },
{ "type": "Feature", "properties": { "ID": 4354300000129, "正式名称": "えず調剤薬局", "機関区分": 5, "都道府県コード": 43, "市区町村コード": 102, "所在地": "熊本県熊本市東区江津２丁目２７－３２", "緯度": 32.774458, "経度": 130.734511, "url": "https://www.iryou.teikyouseido.mhlw.go.jp/znk-web/juminkanja/S2430/initialize?prefCd=43&kikanCd=4300000129&kikanKbn=5", "url2": "https://kuhonji.jp", "内容": "えず調剤薬局【5:薬局】熊本県熊本市東区江津２丁目２７－３２" }, "geometry": { "type": "Point", "coordinates": [ 130.734511, 32.774458 ] } },
{ "type": "Feature", "properties": { "ID": 4354300000130, "正式名称": "えづハート薬局", "機関区分": 5, "都道府県コード": 43, "市区町村コード": 102, "所在地": "熊本県熊本市東区江津４－５－１１", "緯度": 32.772881, "経度": 130.735933, "url": "https://www.iryou.teikyouseido.mhlw.go.jp/znk-web/juminkanja/S2430/initialize?prefCd=43&kikanCd=4300000130&kikanKbn=5", "url2": null, "内容": "えづハート薬局【5:薬局】熊本県熊本市東区江津４－５－１１" }, "geometry": { "type": "Point", "coordinates": [ 130.735933, 32.772881 ] } },
{ "type": "Feature", "properties": { "ID": 4354300000131, "正式名称": "新生堂薬局　佐土原店", "機関区分": 5, "都道府県コード": 43, "市区町村コード": 102, "所在地": "熊本県熊本市東区佐土原３丁目１１－９９", "緯度": 32.795462, "経度": 130.781668, "url": "https://www.iryou.teikyouseido.mhlw.go.jp/znk-web/juminkanja/S2430/initialize?prefCd=43&kikanCd=4300000131&kikanKbn=5", "url2": "https://sinseido-co.jp/", "内容": "新生堂薬局　佐土原店【5:薬局】熊本県熊本市東区佐土原３丁目１１－９９" }, "geometry": { "type": "Point", "coordinates": [ 130.781668, 32.795462 ] } },
{ "type": "Feature", "properties": { "ID": 4354300000132, "正式名称": "フレンド薬局", "機関区分": 5, "都道府県コード": 43, "市区町村コード": 102, "所在地": "熊本県熊本市東区桜木１丁目１番１４号", "緯度": 32.778169, "経度": 130.777044, "url": "https://www.iryou.teikyouseido.mhlw.go.jp/znk-web/juminkanja/S2430/initialize?prefCd=43&kikanCd=4300000132&kikanKbn=5", "url2": null, "内容": "フレンド薬局【5:薬局】熊本県熊本市東区桜木１丁目１番１４号" }, "geometry": { "type": "Point", "coordinates": [ 130.777044, 32.778169 ] } },
{ "type": "Feature", "properties": { "ID": 4354300000133, "正式名称": "桜木薬局", "機関区分": 5, "都道府県コード": 43, "市区町村コード": 102, "所在地": "熊本県熊本市東区桜木４丁目１７－１６", "緯度": 32.7846, "経度": 130.781428, "url": "https://www.iryou.teikyouseido.mhlw.go.jp/znk-web/juminkanja/S2430/initialize?prefCd=43&kikanCd=4300000133&kikanKbn=5", "url2": "https://www.nomura-g.com", "内容": "桜木薬局【5:薬局】熊本県熊本市東区桜木４丁目１７－１６" }, "geometry": { "type": "Point", "coordinates": [ 130.781428, 32.7846 ] } },
{ "type": "Feature", "properties": { "ID": 4354300000134, "正式名称": "ハート調剤薬局", "機関区分": 5, "都道府県コード": 43, "市区町村コード": 102, "所在地": "熊本県熊本市東区三郎１丁目１４－２１", "緯度": 32.801701, "経度": 130.758834, "url": "https://www.iryou.teikyouseido.mhlw.go.jp/znk-web/juminkanja/S2430/initialize?prefCd=43&kikanCd=4300000134&kikanKbn=5", "url2": null, "内容": "ハート調剤薬局【5:薬局】熊本県熊本市東区三郎１丁目１４－２１" }, "geometry": { "type": "Point", "coordinates": [ 130.758834, 32.801701 ] } },
{ "type": "Feature", "properties": { "ID": 4354300000135, "正式名称": "なないろ薬局　山ノ神店", "機関区分": 5, "都道府県コード": 43, "市区町村コード": 102, "所在地": "熊本県熊本市東区山ノ神２丁目１４－９０", "緯度": 32.797252, "経度": 130.781021, "url": "https://www.iryou.teikyouseido.mhlw.go.jp/znk-web/juminkanja/S2430/initialize?prefCd=43&kikanCd=4300000135&kikanKbn=5", "url2": "https://www.ocm-ocm.com/", "内容": "なないろ薬局　山ノ神店【5:薬局】熊本県熊本市東区山ノ神２丁目１４－９０" }, "geometry": { "type": "Point", "coordinates": [ 130.781021, 32.797252 ] } },
{ "type": "Feature", "properties": { "ID": 4354300000136, "正式名称": "凌雲堂薬局", "機関区分": 5, "都道府県コード": 43, "市区町村コード": 102, "所在地": "熊本県熊本市東区山ノ神２丁目２ー３１", "緯度": 32.798063, "経度": 130.777826, "url": "https://www.iryou.teikyouseido.mhlw.go.jp/znk-web/juminkanja/S2430/initialize?prefCd=43&kikanCd=4300000136&kikanKbn=5", "url2": null, "内容": "凌雲堂薬局【5:薬局】熊本県熊本市東区山ノ神２丁目２ー３１" }, "geometry": { "type": "Point", "coordinates": [ 130.777826, 32.798063 ] } },
{ "type": "Feature", "properties": { "ID": 4354300000137, "正式名称": "菊陽薬局", "機関区分": 5, "都道府県コード": 43, "市区町村コード": 102, "所在地": "熊本県熊本市東区鹿帰瀬町３０１番地１", "緯度": 32.847803, "経度": 130.804804, "url": "https://www.iryou.teikyouseido.mhlw.go.jp/znk-web/juminkanja/S2430/initialize?prefCd=43&kikanCd=4300000137&kikanKbn=5", "url2": null, "内容": "菊陽薬局【5:薬局】熊本県熊本市東区鹿帰瀬町３０１番地１" }, "geometry": { "type": "Point", "coordinates": [ 130.804804, 32.847803 ] } },
{ "type": "Feature", "properties": { "ID": 4354300000138, "正式名称": "有限会社オガタ薬局", "機関区分": 5, "都道府県コード": 43, "市区町村コード": 102, "所在地": "熊本県熊本市東区若葉１丁目３７－１１", "緯度": 32.777547, "経度": 130.761931, "url": "https://www.iryou.teikyouseido.mhlw.go.jp/znk-web/juminkanja/S2430/initialize?prefCd=43&kikanCd=4300000138&kikanKbn=5", "url2": null, "内容": "有限会社オガタ薬局【5:薬局】熊本県熊本市東区若葉１丁目３７－１１" }, "geometry": { "type": "Point", "coordinates": [ 130.761931, 32.777547 ] } },
{ "type": "Feature", "properties": { "ID": 4354300000139, "正式名称": "けんぐん薬局", "機関区分": 5, "都道府県コード": 43, "市区町村コード": 102, "所在地": "熊本県熊本市東区若葉２丁目８ー６", "緯度": 32.776787, "経度": 130.764206, "url": "https://www.iryou.teikyouseido.mhlw.go.jp/znk-web/juminkanja/S2430/initialize?prefCd=43&kikanCd=4300000139&kikanKbn=5", "url2": "http://www.pharma-daiwa.co.jp", "内容": "けんぐん薬局【5:薬局】熊本県熊本市東区若葉２丁目８ー６" }, "geometry": { "type": "Point", "coordinates": [ 130.764206, 32.776787 ] } },
{ "type": "Feature", "properties": { "ID": 4354300000140, "正式名称": "さつき薬局レークタウン店", "機関区分": 5, "都道府県コード": 43, "市区町村コード": 102, "所在地": "熊本県熊本市東区秋津町秋田３４４１－３１", "緯度": 32.76111, "経度": 130.766274, "url": "https://www.iryou.teikyouseido.mhlw.go.jp/znk-web/juminkanja/S2430/initialize?prefCd=43&kikanCd=4300000140&kikanKbn=5", "url2": null, "内容": "さつき薬局レークタウン店【5:薬局】熊本県熊本市東区秋津町秋田３４４１－３１" }, "geometry": { "type": "Point", "coordinates": [ 130.766274, 32.76111 ] } },
{ "type": "Feature", "properties": { "ID": 4354300000141, "正式名称": "グリーンローズ薬局", "機関区分": 5, "都道府県コード": 43, "市区町村コード": 102, "所在地": "熊本県熊本市東区小山６丁目１４４６－６", "緯度": 32.831525, "経度": 130.798462, "url": "https://www.iryou.teikyouseido.mhlw.go.jp/znk-web/juminkanja/S2430/initialize?prefCd=43&kikanCd=4300000141&kikanKbn=5", "url2": "greenrose-ktm.jp", "内容": "グリーンローズ薬局【5:薬局】熊本県熊本市東区小山６丁目１４４６－６" }, "geometry": { "type": "Point", "coordinates": [ 130.798462, 32.831525 ] } },
{ "type": "Feature", "properties": { "ID": 4354300000142, "正式名称": "麦わら薬局", "機関区分": 5, "都道府県コード": 43, "市区町村コード": 102, "所在地": "熊本県熊本市東区小山町１８１５－１", "緯度": 32.828061, "経度": 130.806336, "url": "https://www.iryou.teikyouseido.mhlw.go.jp/znk-web/juminkanja/S2430/initialize?prefCd=43&kikanCd=4300000142&kikanKbn=5", "url2": "https://mugiwara-ph.com", "内容": "麦わら薬局【5:薬局】熊本県熊本市東区小山町１８１５－１" }, "geometry": { "type": "Point", "coordinates": [ 130.806336, 32.828061 ] } },
{ "type": "Feature", "properties": { "ID": 4354300000143, "正式名称": "グリーン薬局　小峯店", "機関区分": 5, "都道府県コード": 43, "市区町村コード": 102, "所在地": "熊本県熊本市東区小峯２丁目２－１５４", "緯度": 32.802935, "経度": 130.776839, "url": "https://www.iryou.teikyouseido.mhlw.go.jp/znk-web/juminkanja/S2430/initialize?prefCd=43&kikanCd=4300000143&kikanKbn=5", "url2": "https://www.marinegroup.jp", "内容": "グリーン薬局　小峯店【5:薬局】熊本県熊本市東区小峯２丁目２－１５４" }, "geometry": { "type": "Point", "coordinates": [ 130.776839, 32.802935 ] } },
{ "type": "Feature", "properties": { "ID": 4354300000145, "正式名称": "メロディー薬局", "機関区分": 5, "都道府県コード": 43, "市区町村コード": 102, "所在地": "熊本県熊本市東区沼山津２－１－５", "緯度": 32.776036, "経度": 130.777861, "url": "https://www.iryou.teikyouseido.mhlw.go.jp/znk-web/juminkanja/S2430/initialize?prefCd=43&kikanCd=4300000145&kikanKbn=5", "url2": null, "内容": "メロディー薬局【5:薬局】熊本県熊本市東区沼山津２－１－５" }, "geometry": { "type": "Point", "coordinates": [ 130.777861, 32.776036 ] } },
{ "type": "Feature", "properties": { "ID": 4354300000146, "正式名称": "太陽堂薬局　小楠公園前店", "機関区分": 5, "都道府県コード": 43, "市区町村コード": 102, "所在地": "熊本県熊本市東区沼山津４丁目１番２１号", "緯度": 32.779085, "経度": 130.784712, "url": "https://www.iryou.teikyouseido.mhlw.go.jp/znk-web/juminkanja/S2430/initialize?prefCd=43&kikanCd=4300000146&kikanKbn=5", "url2": "http://kanpo-yaku.com", "内容": "太陽堂薬局　小楠公園前店【5:薬局】熊本県熊本市東区沼山津４丁目１番２１号" }, "geometry": { "type": "Point", "coordinates": [ 130.784712, 32.779085 ] } },
{ "type": "Feature", "properties": { "ID": 4354300000147, "正式名称": "ペンギン薬局", "機関区分": 5, "都道府県コード": 43, "市区町村コード": 102, "所在地": "熊本県熊本市東区上南部２丁目１番７８号", "緯度": 32.828742, "経度": 130.766394, "url": "https://www.iryou.teikyouseido.mhlw.go.jp/znk-web/juminkanja/S2430/initialize?prefCd=43&kikanCd=4300000147&kikanKbn=5", "url2": "http://www.ss-dou.jp/", "内容": "ペンギン薬局【5:薬局】熊本県熊本市東区上南部２丁目１番７８号" }, "geometry": { "type": "Point", "coordinates": [ 130.766394, 32.828742 ] } },
{ "type": "Feature", "properties": { "ID": 4354300000148, "正式名称": "いちかど薬局　新外店", "機関区分": 5, "都道府県コード": 43, "市区町村コード": 102, "所在地": "熊本県熊本市東区新外２丁目６番４０号", "緯度": 32.801494, "経度": 130.769186, "url": "https://www.iryou.teikyouseido.mhlw.go.jp/znk-web/juminkanja/S2430/initialize?prefCd=43&kikanCd=4300000148&kikanKbn=5", "url2": null, "内容": "いちかど薬局　新外店【5:薬局】熊本県熊本市東区新外２丁目６番４０号" }, "geometry": { "type": "Point", "coordinates": [ 130.769186, 32.801494 ] } },
{ "type": "Feature", "properties": { "ID": 4354300000149, "正式名称": "アリス薬局", "機関区分": 5, "都道府県コード": 43, "市区町村コード": 102, "所在地": "熊本県熊本市東区新外３丁目１番１００号", "緯度": 32.79842, "経度": 130.763067, "url": "https://www.iryou.teikyouseido.mhlw.go.jp/znk-web/juminkanja/S2430/initialize?prefCd=43&kikanCd=4300000149&kikanKbn=5", "url2": null, "内容": "アリス薬局【5:薬局】熊本県熊本市東区新外３丁目１番１００号" }, "geometry": { "type": "Point", "coordinates": [ 130.763067, 32.79842 ] } },
{ "type": "Feature", "properties": { "ID": 4354300000150, "正式名称": "せぴあ調剤薬局", "機関区分": 5, "都道府県コード": 43, "市区町村コード": 102, "所在地": "熊本県熊本市東区新生２丁目３番８号", "緯度": 32.778466, "経度": 130.758953, "url": "https://www.iryou.teikyouseido.mhlw.go.jp/znk-web/juminkanja/S2430/initialize?prefCd=43&kikanCd=4300000150&kikanKbn=5", "url2": null, "内容": "せぴあ調剤薬局【5:薬局】熊本県熊本市東区新生２丁目３番８号" }, "geometry": { "type": "Point", "coordinates": [ 130.758953, 32.778466 ] } },
{ "type": "Feature", "properties": { "ID": 4354300000151, "正式名称": "新南部ごふく薬局", "機関区分": 5, "都道府県コード": 43, "市区町村コード": 102, "所在地": "熊本県熊本市東区新南部２丁目７－６０", "緯度": 32.817103, "経度": 130.748022, "url": "https://www.iryou.teikyouseido.mhlw.go.jp/znk-web/juminkanja/S2430/initialize?prefCd=43&kikanCd=4300000151&kikanKbn=5", "url2": "https://gofukuph.com/recruit.html", "内容": "新南部ごふく薬局【5:薬局】熊本県熊本市東区新南部２丁目７－６０" }, "geometry": { "type": "Point", "coordinates": [ 130.748022, 32.817103 ] } },
{ "type": "Feature", "properties": { "ID": 4354300000153, "正式名称": "すいげん調剤薬局", "機関区分": 5, "都道府県コード": 43, "市区町村コード": 102, "所在地": "熊本県熊本市東区水源２丁目３－１３", "緯度": 32.775614, "経度": 130.758192, "url": "https://www.iryou.teikyouseido.mhlw.go.jp/znk-web/juminkanja/S2430/initialize?prefCd=43&kikanCd=4300000153&kikanKbn=5", "url2": "http://www.anydoor.co.jp/", "内容": "すいげん調剤薬局【5:薬局】熊本県熊本市東区水源２丁目３－１３" }, "geometry": { "type": "Point", "coordinates": [ 130.758192, 32.775614 ] } },
{ "type": "Feature", "properties": { "ID": 4354300000154, "正式名称": "託麻中央薬局", "機関区分": 5, "都道府県コード": 43, "市区町村コード": 102, "所在地": "熊本県熊本市東区西原１－２－６７", "緯度": 32.812019, "経度": 130.75073, "url": "https://www.iryou.teikyouseido.mhlw.go.jp/znk-web/juminkanja/S2430/initialize?prefCd=43&kikanCd=4300000154&kikanKbn=5", "url2": "http://www.heartfelt-web.com//", "内容": "託麻中央薬局【5:薬局】熊本県熊本市東区西原１－２－６７" }, "geometry": { "type": "Point", "coordinates": [ 130.75073, 32.812019 ] } },
{ "type": "Feature", "properties": { "ID": 4354300000155, "正式名称": "ながみね東薬局", "機関区分": 5, "都道府県コード": 43, "市区町村コード": 102, "所在地": "熊本県熊本市東区長嶺東２－１１－９４", "緯度": 32.821119, "経度": 130.775108, "url": "https://www.iryou.teikyouseido.mhlw.go.jp/znk-web/juminkanja/S2430/initialize?prefCd=43&kikanCd=4300000155&kikanKbn=5", "url2": null, "内容": "ながみね東薬局【5:薬局】熊本県熊本市東区長嶺東２－１１－９４" }, "geometry": { "type": "Point", "coordinates": [ 130.775108, 32.821119 ] } },
{ "type": "Feature", "properties": { "ID": 4354300000156, "正式名称": "有限会社ハッピー薬局", "機関区分": 5, "都道府県コード": 43, "市区町村コード": 102, "所在地": "熊本県熊本市東区長嶺南２－４－３", "緯度": 32.810685, "経度": 130.769815, "url": "https://www.iryou.teikyouseido.mhlw.go.jp/znk-web/juminkanja/S2430/initialize?prefCd=43&kikanCd=4300000156&kikanKbn=5", "url2": "http://www.happy-pharm.co.jp", "内容": "有限会社ハッピー薬局【5:薬局】熊本県熊本市東区長嶺南２－４－３" }, "geometry": { "type": "Point", "coordinates": [ 130.769815, 32.810685 ] } },
{ "type": "Feature", "properties": { "ID": 4354300000157, "正式名称": "薬局セントラルファーマシー長嶺", "機関区分": 5, "都道府県コード": 43, "市区町村コード": 102, "所在地": "熊本県熊本市東区長嶺南２丁目８－８３", "緯度": 32.808214, "経度": 130.764961, "url": "https://www.iryou.teikyouseido.mhlw.go.jp/znk-web/juminkanja/S2430/initialize?prefCd=43&kikanCd=4300000157&kikanKbn=5", "url2": "http://www.heartfelt-web.com//", "内容": "薬局セントラルファーマシー長嶺【5:薬局】熊本県熊本市東区長嶺南２丁目８－８３" }, "geometry": { "type": "Point", "coordinates": [ 130.764961, 32.808214 ] } },
{ "type": "Feature", "properties": { "ID": 4354300000158, "正式名称": "なないろ薬局　長嶺店", "機関区分": 5, "都道府県コード": 43, "市区町村コード": 102, "所在地": "熊本県熊本市東区長嶺南３丁目８－１００", "緯度": 32.811662, "経度": 130.770431, "url": "https://www.iryou.teikyouseido.mhlw.go.jp/znk-web/juminkanja/S2430/initialize?prefCd=43&kikanCd=4300000158&kikanKbn=5", "url2": "https://www.ocm-ocm.com/", "内容": "なないろ薬局　長嶺店【5:薬局】熊本県熊本市東区長嶺南３丁目８－１００" }, "geometry": { "type": "Point", "coordinates": [ 130.770431, 32.811662 ] } },
{ "type": "Feature", "properties": { "ID": 4354300000159, "正式名称": "小峯ごふく薬局", "機関区分": 5, "都道府県コード": 43, "市区町村コード": 102, "所在地": "熊本県熊本市東区長嶺南５丁目１－１", "緯度": 32.805255, "経度": 130.777105, "url": "https://www.iryou.teikyouseido.mhlw.go.jp/znk-web/juminkanja/S2430/initialize?prefCd=43&kikanCd=4300000159&kikanKbn=5", "url2": "https://gofukuph.com/", "内容": "小峯ごふく薬局【5:薬局】熊本県熊本市東区長嶺南５丁目１－１" }, "geometry": { "type": "Point", "coordinates": [ 130.777105, 32.805255 ] } },
{ "type": "Feature", "properties": { "ID": 4354300000160, "正式名称": "長嶺ごふく薬局", "機関区分": 5, "都道府県コード": 43, "市区町村コード": 102, "所在地": "熊本県熊本市東区長嶺南６丁目２５－３", "緯度": 32.811566, "経度": 130.780182, "url": "https://www.iryou.teikyouseido.mhlw.go.jp/znk-web/juminkanja/S2430/initialize?prefCd=43&kikanCd=4300000160&kikanKbn=5", "url2": "https://gofuku.com", "内容": "長嶺ごふく薬局【5:薬局】熊本県熊本市東区長嶺南６丁目２５－３" }, "geometry": { "type": "Point", "coordinates": [ 130.780182, 32.811566 ] } },
{ "type": "Feature", "properties": { "ID": 4354300000161, "正式名称": "ぱーく調剤薬局", "機関区分": 5, "都道府県コード": 43, "市区町村コード": 102, "所在地": "熊本県熊本市東区東町４丁目６－３５", "緯度": 32.784949, "経度": 130.764533, "url": "https://www.iryou.teikyouseido.mhlw.go.jp/znk-web/juminkanja/S2430/initialize?prefCd=43&kikanCd=4300000161&kikanKbn=5", "url2": null, "内容": "ぱーく調剤薬局【5:薬局】熊本県熊本市東区東町４丁目６－３５" }, "geometry": { "type": "Point", "coordinates": [ 130.764533, 32.784949 ] } },
{ "type": "Feature", "properties": { "ID": 4354300000162, "正式名称": "アガペ保田窪薬局", "機関区分": 5, "都道府県コード": 43, "市区町村コード": 102, "所在地": "熊本県熊本市東区保田窪５丁目１０－３１", "緯度": 32.812772, "経度": 130.757212, "url": "https://www.iryou.teikyouseido.mhlw.go.jp/znk-web/juminkanja/S2430/initialize?prefCd=43&kikanCd=4300000162&kikanKbn=5", "url2": "http://www.agape21.jp/", "内容": "アガペ保田窪薬局【5:薬局】熊本県熊本市東区保田窪５丁目１０－３１" }, "geometry": { "type": "Point", "coordinates": [ 130.757212, 32.812772 ] } },
{ "type": "Feature", "properties": { "ID": 4354300000164, "正式名称": "はなぞの調剤薬局", "機関区分": 5, "都道府県コード": 43, "市区町村コード": 103, "所在地": "熊本県熊本市西区花園２－１－６１", "緯度": 32.814388, "経度": 130.695634, "url": "https://www.iryou.teikyouseido.mhlw.go.jp/znk-web/juminkanja/S2430/initialize?prefCd=43&kikanCd=4300000164&kikanKbn=5", "url2": null, "内容": "はなぞの調剤薬局【5:薬局】熊本県熊本市西区花園２－１－６１" }, "geometry": { "type": "Point", "coordinates": [ 130.695634, 32.814388 ] } },
{ "type": "Feature", "properties": { "ID": 4354300000165, "正式名称": "花園ファルマシア", "機関区分": 5, "都道府県コード": 43, "市区町村コード": 103, "所在地": "熊本県熊本市西区花園５丁目８－１２", "緯度": 32.817678, "経度": 130.694566, "url": "https://www.iryou.teikyouseido.mhlw.go.jp/znk-web/juminkanja/S2430/initialize?prefCd=43&kikanCd=4300000165&kikanKbn=5", "url2": null, "内容": "花園ファルマシア【5:薬局】熊本県熊本市西区花園５丁目８－１２" }, "geometry": { "type": "Point", "coordinates": [ 130.694566, 32.817678 ] } },
{ "type": "Feature", "properties": { "ID": 4354300000166, "正式名称": "曽我薬局", "機関区分": 5, "都道府県コード": 43, "市区町村コード": 103, "所在地": "熊本県熊本市西区出町１－２", "緯度": 32.81908, "経度": 130.705894, "url": "https://www.iryou.teikyouseido.mhlw.go.jp/znk-web/juminkanja/S2430/initialize?prefCd=43&kikanCd=4300000166&kikanKbn=5", "url2": "https://www.sogaph.net/", "内容": "曽我薬局【5:薬局】熊本県熊本市西区出町１－２" }, "geometry": { "type": "Point", "coordinates": [ 130.705894, 32.81908 ] } },
{ "type": "Feature", "properties": { "ID": 4354300000167, "正式名称": "そが薬局出町店", "機関区分": 5, "都道府県コード": 43, "市区町村コード": 103, "所在地": "熊本県熊本市西区出町２番１４号", "緯度": 32.820122, "経度": 130.705897, "url": "https://www.iryou.teikyouseido.mhlw.go.jp/znk-web/juminkanja/S2430/initialize?prefCd=43&kikanCd=4300000167&kikanKbn=5", "url2": "https://sogaph-de.jimdofree.com/", "内容": "そが薬局出町店【5:薬局】熊本県熊本市西区出町２番１４号" }, "geometry": { "type": "Point", "coordinates": [ 130.705897, 32.820122 ] } },
{ "type": "Feature", "properties": { "ID": 4354300000168, "正式名称": "出町薬局", "機関区分": 5, "都道府県コード": 43, "市区町村コード": 103, "所在地": "熊本県熊本市西区出町４番地２０", "緯度": 32.823429, "経度": 130.70709, "url": "https://www.iryou.teikyouseido.mhlw.go.jp/znk-web/juminkanja/S2430/initialize?prefCd=43&kikanCd=4300000168&kikanKbn=5", "url2": null, "内容": "出町薬局【5:薬局】熊本県熊本市西区出町４番地２０" }, "geometry": { "type": "Point", "coordinates": [ 130.70709, 32.823429 ] } },
{ "type": "Feature", "properties": { "ID": 4354300000169, "正式名称": "しらゆり薬局", "機関区分": 5, "都道府県コード": 43, "市区町村コード": 103, "所在地": "熊本県熊本市西区春日１丁目１１－１８", "緯度": 32.791948, "経度": 130.691155, "url": "https://www.iryou.teikyouseido.mhlw.go.jp/znk-web/juminkanja/S2430/initialize?prefCd=43&kikanCd=4300000169&kikanKbn=5", "url2": "https://pharma-daiwa.co.jp", "内容": "しらゆり薬局【5:薬局】熊本県熊本市西区春日１丁目１１－１８" }, "geometry": { "type": "Point", "coordinates": [ 130.691155, 32.791948 ] } },
{ "type": "Feature", "properties": { "ID": 4354300000170, "正式名称": "グリーン薬局　春日店", "機関区分": 5, "都道府県コード": 43, "市区町村コード": 103, "所在地": "熊本県熊本市西区春日７丁目１９－６", "緯度": 32.784886, "経度": 130.683247, "url": "https://www.iryou.teikyouseido.mhlw.go.jp/znk-web/juminkanja/S2430/initialize?prefCd=43&kikanCd=4300000170&kikanKbn=5", "url2": "https://gratiaph.com/", "内容": "グリーン薬局　春日店【5:薬局】熊本県熊本市西区春日７丁目１９－６" }, "geometry": { "type": "Point", "coordinates": [ 130.683247, 32.784886 ] } },
{ "type": "Feature", "properties": { "ID": 4354300000171, "正式名称": "たさき薬局", "機関区分": 5, "都道府県コード": 43, "市区町村コード": 103, "所在地": "熊本県熊本市西区春日７丁目２１－１６", "緯度": 32.784893, "経度": 130.678489, "url": "https://www.iryou.teikyouseido.mhlw.go.jp/znk-web/juminkanja/S2430/initialize?prefCd=43&kikanCd=4300000171&kikanKbn=5", "url2": "https://mebius-yakkyoku.com", "内容": "たさき薬局【5:薬局】熊本県熊本市西区春日７丁目２１－１６" }, "geometry": { "type": "Point", "coordinates": [ 130.678489, 32.784893 ] } },
{ "type": "Feature", "properties": { "ID": 4354300000172, "正式名称": "さくら薬局　小島店", "機関区分": 5, "都道府県コード": 43, "市区町村コード": 103, "所在地": "熊本県熊本市西区小島３丁目３９－５", "緯度": 32.777597, "経度": 130.638383, "url": "https://www.iryou.teikyouseido.mhlw.go.jp/znk-web/juminkanja/S2430/initialize?prefCd=43&kikanCd=4300000172&kikanKbn=5", "url2": null, "内容": "さくら薬局　小島店【5:薬局】熊本県熊本市西区小島３丁目３９－５" }, "geometry": { "type": "Point", "coordinates": [ 130.638383, 32.777597 ] } },
{ "type": "Feature", "properties": { "ID": 4354300000174, "正式名称": "ミユキ薬局上熊本店", "機関区分": 5, "都道府県コード": 43, "市区町村コード": 103, "所在地": "熊本県熊本市西区上熊本３丁目２２番１号", "緯度": 32.826062, "経度": 130.69876, "url": "https://www.iryou.teikyouseido.mhlw.go.jp/znk-web/juminkanja/S2430/initialize?prefCd=43&kikanCd=4300000174&kikanKbn=5", "url2": "http://www.drugmiyuki.com", "内容": "ミユキ薬局上熊本店【5:薬局】熊本県熊本市西区上熊本３丁目２２番１号" }, "geometry": { "type": "Point", "coordinates": [ 130.69876, 32.826062 ] } },
{ "type": "Feature", "properties": { "ID": 4354300000175, "正式名称": "坂梨薬局", "機関区分": 5, "都道府県コード": 43, "市区町村コード": 103, "所在地": "熊本県熊本市西区上熊本３－２－４", "緯度": 32.820465, "経度": 130.700144, "url": "https://www.iryou.teikyouseido.mhlw.go.jp/znk-web/juminkanja/S2430/initialize?prefCd=43&kikanCd=4300000175&kikanKbn=5", "url2": null, "内容": "坂梨薬局【5:薬局】熊本県熊本市西区上熊本３－２－４" }, "geometry": { "type": "Point", "coordinates": [ 130.700144, 32.820465 ] } },
{ "type": "Feature", "properties": { "ID": 4354300000176, "正式名称": "松の実薬局", "機関区分": 5, "都道府県コード": 43, "市区町村コード": 103, "所在地": "熊本県熊本市西区上代４丁目１２－１１", "緯度": 32.77644, "経度": 130.67055, "url": "https://www.iryou.teikyouseido.mhlw.go.jp/znk-web/juminkanja/S2430/initialize?prefCd=43&kikanCd=4300000176&kikanKbn=5", "url2": null, "内容": "松の実薬局【5:薬局】熊本県熊本市西区上代４丁目１２－１１" }, "geometry": { "type": "Point", "coordinates": [ 130.67055, 32.77644 ] } },
{ "type": "Feature", "properties": { "ID": 4354300000177, "正式名称": "有限会社すずらん堂薬局", "機関区分": 5, "都道府県コード": 43, "市区町村コード": 103, "所在地": "熊本県熊本市西区城山下代３丁目１番５号", "緯度": 32.776928, "経度": 130.655686, "url": "https://www.iryou.teikyouseido.mhlw.go.jp/znk-web/juminkanja/S2430/initialize?prefCd=43&kikanCd=4300000177&kikanKbn=5", "url2": null, "内容": "有限会社すずらん堂薬局【5:薬局】熊本県熊本市西区城山下代３丁目１番５号" }, "geometry": { "type": "Point", "coordinates": [ 130.655686, 32.776928 ] } },
{ "type": "Feature", "properties": { "ID": 4354300000178, "正式名称": "有限会社シンセイ薬局", "機関区分": 5, "都道府県コード": 43, "市区町村コード": 103, "所在地": "熊本県熊本市西区城山下代３丁目２番３号", "緯度": 32.776383, "経度": 130.655814, "url": "https://www.iryou.teikyouseido.mhlw.go.jp/znk-web/juminkanja/S2430/initialize?prefCd=43&kikanCd=4300000178&kikanKbn=5", "url2": null, "内容": "有限会社シンセイ薬局【5:薬局】熊本県熊本市西区城山下代３丁目２番３号" }, "geometry": { "type": "Point", "coordinates": [ 130.655814, 32.776383 ] } },
{ "type": "Feature", "properties": { "ID": 4354300000179, "正式名称": "かがやき薬局", "機関区分": 5, "都道府県コード": 43, "市区町村コード": 103, "所在地": "熊本県熊本市西区新土河原", "緯度": 32.77587, "経度": 130.67214, "url": "https://www.iryou.teikyouseido.mhlw.go.jp/znk-web/juminkanja/S2430/initialize?prefCd=43&kikanCd=4300000179&kikanKbn=5", "url2": "https://www.mittel-solaris-group.jp/store", "内容": "かがやき薬局【5:薬局】熊本県熊本市西区新土河原" }, "geometry": { "type": "Point", "coordinates": [ 130.67214, 32.77587 ] } },
{ "type": "Feature", "properties": { "ID": 4354300000180, "正式名称": "薬局プラム", "機関区分": 5, "都道府県コード": 43, "市区町村コード": 103, "所在地": "熊本県熊本市西区池田１丁目１４－８３", "緯度": 32.821808, "経度": 130.705888, "url": "https://www.iryou.teikyouseido.mhlw.go.jp/znk-web/juminkanja/S2430/initialize?prefCd=43&kikanCd=4300000180&kikanKbn=5", "url2": null, "内容": "薬局プラム【5:薬局】熊本県熊本市西区池田１丁目１４－８３" }, "geometry": { "type": "Point", "coordinates": [ 130.705888, 32.821808 ] } },
{ "type": "Feature", "properties": { "ID": 4354300000181, "正式名称": "アイリス薬局", "機関区分": 5, "都道府県コード": 43, "市区町村コード": 103, "所在地": "熊本県熊本市西区池田１ー３２－２", "緯度": 32.825743, "経度": 130.707576, "url": "https://www.iryou.teikyouseido.mhlw.go.jp/znk-web/juminkanja/S2430/initialize?prefCd=43&kikanCd=4300000181&kikanKbn=5", "url2": "http://www.pharma-daiwa.co.jp", "内容": "アイリス薬局【5:薬局】熊本県熊本市西区池田１ー３２－２" }, "geometry": { "type": "Point", "coordinates": [ 130.707576, 32.825743 ] } },
{ "type": "Feature", "properties": { "ID": 4354300000182, "正式名称": "ハーブ調剤薬局", "機関区分": 5, "都道府県コード": 43, "市区町村コード": 103, "所在地": "熊本県熊本市西区池田２－５－２４", "緯度": 32.830694, "経度": 130.710212, "url": "https://www.iryou.teikyouseido.mhlw.go.jp/znk-web/juminkanja/S2430/initialize?prefCd=43&kikanCd=4300000182&kikanKbn=5", "url2": null, "内容": "ハーブ調剤薬局【5:薬局】熊本県熊本市西区池田２－５－２４" }, "geometry": { "type": "Point", "coordinates": [ 130.710212, 32.830694 ] } },
{ "type": "Feature", "properties": { "ID": 4354300000183, "正式名称": "とみお薬局", "機関区分": 5, "都道府県コード": 43, "市区町村コード": 103, "所在地": "熊本県熊本市西区池田３丁目３７－１４", "緯度": 32.832117, "経度": 130.701893, "url": "https://www.iryou.teikyouseido.mhlw.go.jp/znk-web/juminkanja/S2430/initialize?prefCd=43&kikanCd=4300000183&kikanKbn=5", "url2": "http://www.pharma-daiwa.co.jp", "内容": "とみお薬局【5:薬局】熊本県熊本市西区池田３丁目３７－１４" }, "geometry": { "type": "Point", "coordinates": [ 130.701893, 32.832117 ] } },
{ "type": "Feature", "properties": { "ID": 4354300000184, "正式名称": "うさぎ薬局", "機関区分": 5, "都道府県コード": 43, "市区町村コード": 103, "所在地": "熊本県熊本市西区中原町６８８－１３", "緯度": 32.768454, "経度": 130.635954, "url": "https://www.iryou.teikyouseido.mhlw.go.jp/znk-web/juminkanja/S2430/initialize?prefCd=43&kikanCd=4300000184&kikanKbn=5", "url2": "http://usagi-pharmacy.net", "内容": "うさぎ薬局【5:薬局】熊本県熊本市西区中原町６８８－１３" }, "geometry": { "type": "Point", "coordinates": [ 130.635954, 32.768454 ] } },
{ "type": "Feature", "properties": { "ID": 4354300000185, "正式名称": "田崎調剤薬局", "機関区分": 5, "都道府県コード": 43, "市区町村コード": 103, "所在地": "熊本県熊本市西区田崎１丁目５番５７号", "緯度": 32.780423, "経度": 130.684677, "url": "https://www.iryou.teikyouseido.mhlw.go.jp/znk-web/juminkanja/S2430/initialize?prefCd=43&kikanCd=4300000185&kikanKbn=5", "url2": "http://www.tasaki-pharmacy.jp/", "内容": "田崎調剤薬局【5:薬局】熊本県熊本市西区田崎１丁目５番５７号" }, "geometry": { "type": "Point", "coordinates": [ 130.684677, 32.780423 ] } },
{ "type": "Feature", "properties": { "ID": 4354300000186, "正式名称": "ぱる薬局　田崎店", "機関区分": 5, "都道府県コード": 43, "市区町村コード": 103, "所在地": "熊本県熊本市西区田崎２丁目５－３４", "緯度": 32.783149, "経度": 130.679478, "url": "https://www.iryou.teikyouseido.mhlw.go.jp/znk-web/juminkanja/S2430/initialize?prefCd=43&kikanCd=4300000186&kikanKbn=5", "url2": null, "内容": "ぱる薬局　田崎店【5:薬局】熊本県熊本市西区田崎２丁目５－３４" }, "geometry": { "type": "Point", "coordinates": [ 130.679478, 32.783149 ] } },
{ "type": "Feature", "properties": { "ID": 4354300000187, "正式名称": "三気堂薬局イオンタウン田崎店", "機関区分": 5, "都道府県コード": 43, "市区町村コード": 103, "所在地": "熊本県熊本市西区田崎町字下寄３８０番地", "緯度": 32.783885, "経度": 130.678432, "url": "https://www.iryou.teikyouseido.mhlw.go.jp/znk-web/juminkanja/S2430/initialize?prefCd=43&kikanCd=4300000187&kikanKbn=5", "url2": "https://sankido-kumamoto.com/", "内容": "三気堂薬局イオンタウン田崎店【5:薬局】熊本県熊本市西区田崎町字下寄３８０番地" }, "geometry": { "type": "Point", "coordinates": [ 130.678432, 32.783885 ] } },
{ "type": "Feature", "properties": { "ID": 4354300000189, "正式名称": "新生堂薬局　島崎店", "機関区分": 5, "都道府県コード": 43, "市区町村コード": 103, "所在地": "熊本県熊本市西区島崎２丁目２２番２９号", "緯度": 32.808424, "経度": 130.691091, "url": "https://www.iryou.teikyouseido.mhlw.go.jp/znk-web/juminkanja/S2430/initialize?prefCd=43&kikanCd=4300000189&kikanKbn=5", "url2": "https://sinseido-co.jp/", "内容": "新生堂薬局　島崎店【5:薬局】熊本県熊本市西区島崎２丁目２２番２９号" }, "geometry": { "type": "Point", "coordinates": [ 130.691091, 32.808424 ] } },
{ "type": "Feature", "properties": { "ID": 4354300000190, "正式名称": "株式会社聖心堂薬局", "機関区分": 5, "都道府県コード": 43, "市区町村コード": 103, "所在地": "熊本県熊本市西区二本木", "緯度": 32.78438, "経度": 130.69025, "url": "https://www.iryou.teikyouseido.mhlw.go.jp/znk-web/juminkanja/S2430/initialize?prefCd=43&kikanCd=4300000190&kikanKbn=5", "url2": null, "内容": "株式会社聖心堂薬局【5:薬局】熊本県熊本市西区二本木" }, "geometry": { "type": "Point", "coordinates": [ 130.69025, 32.78438 ] } },
{ "type": "Feature", "properties": { "ID": 4354300000191, "正式名称": "とみなが薬局", "機関区分": 5, "都道府県コード": 43, "市区町村コード": 104, "所在地": "熊本県熊本市南区田迎４丁目９－４７", "緯度": 32.776456, "経度": 130.715117, "url": "https://www.iryou.teikyouseido.mhlw.go.jp/znk-web/juminkanja/S2430/initialize?prefCd=43&kikanCd=4300000191&kikanKbn=5", "url2": "http://www14.plala.or.jp/tominaga_group/", "内容": "とみなが薬局【5:薬局】熊本県熊本市南区田迎４丁目９－４７" }, "geometry": { "type": "Point", "coordinates": [ 130.715117, 32.776456 ] } },
{ "type": "Feature", "properties": { "ID": 4354300000192, "正式名称": "草木堂薬局", "機関区分": 5, "都道府県コード": 43, "市区町村コード": 104, "所在地": "熊本県熊本市南区近見８－１－１２", "緯度": 32.762156, "経度": 130.69385, "url": "https://www.iryou.teikyouseido.mhlw.go.jp/znk-web/juminkanja/S2430/initialize?prefCd=43&kikanCd=4300000192&kikanKbn=5", "url2": null, "内容": "草木堂薬局【5:薬局】熊本県熊本市南区近見８－１－１２" }, "geometry": { "type": "Point", "coordinates": [ 130.69385, 32.762156 ] } },
{ "type": "Feature", "properties": { "ID": 4354300000194, "正式名称": "くじら薬局", "機関区分": 5, "都道府県コード": 43, "市区町村コード": 104, "所在地": "熊本県熊本市南区奥古閑町４３９５番５", "緯度": 32.7309, "経度": 130.621488, "url": "https://www.iryou.teikyouseido.mhlw.go.jp/znk-web/juminkanja/S2430/initialize?prefCd=43&kikanCd=4300000194&kikanKbn=5", "url2": "http://www.pharma-daiwa.co.jp", "内容": "くじら薬局【5:薬局】熊本県熊本市南区奥古閑町４３９５番５" }, "geometry": { "type": "Point", "coordinates": [ 130.621488, 32.7309 ] } },
{ "type": "Feature", "properties": { "ID": 4354300000195, "正式名称": "そうごう薬局会富店", "機関区分": 5, "都道府県コード": 43, "市区町村コード": 104, "所在地": "熊本県熊本市南区会富町１１２７－２", "緯度": 32.752932, "経度": 130.654047, "url": "https://www.iryou.teikyouseido.mhlw.go.jp/znk-web/juminkanja/S2430/initialize?prefCd=43&kikanCd=4300000195&kikanKbn=5", "url2": "https://www.sogo-pharmacy.jp/shop/view/121", "内容": "そうごう薬局会富店【5:薬局】熊本県熊本市南区会富町１１２７－２" }, "geometry": { "type": "Point", "coordinates": [ 130.654047, 32.752932 ] } },
{ "type": "Feature", "properties": { "ID": 4354300000196, "正式名称": "いずみ調剤薬局　近見店", "機関区分": 5, "都道府県コード": 43, "市区町村コード": 104, "所在地": "熊本県熊本市南区近見２丁目１８－１", "緯度": 32.764111, "経度": 130.685747, "url": "https://www.iryou.teikyouseido.mhlw.go.jp/znk-web/juminkanja/S2430/initialize?prefCd=43&kikanCd=4300000196&kikanKbn=5", "url2": null, "内容": "いずみ調剤薬局　近見店【5:薬局】熊本県熊本市南区近見２丁目１８－１" }, "geometry": { "type": "Point", "coordinates": [ 130.685747, 32.764111 ] } },
{ "type": "Feature", "properties": { "ID": 4354300000198, "正式名称": "共生薬局", "機関区分": 5, "都道府県コード": 43, "市区町村コード": 104, "所在地": "熊本県熊本市南区御幸笛田２－１５－４３", "緯度": 32.764144, "経度": 130.713347, "url": "https://www.iryou.teikyouseido.mhlw.go.jp/znk-web/juminkanja/S2430/initialize?prefCd=43&kikanCd=4300000198&kikanKbn=5", "url2": "http://www.alpharma.co.jp/", "内容": "共生薬局【5:薬局】熊本県熊本市南区御幸笛田２－１５－４３" }, "geometry": { "type": "Point", "coordinates": [ 130.713347, 32.764144 ] } },
{ "type": "Feature", "properties": { "ID": 4354300000200, "正式名称": "そうごう薬局みゆき店", "機関区分": 5, "都道府県コード": 43, "市区町村コード": 104, "所在地": "熊本県熊本市南区御幸笛田６丁目８－３", "緯度": 32.758998, "経度": 130.710133, "url": "https://www.iryou.teikyouseido.mhlw.go.jp/znk-web/juminkanja/S2430/initialize?prefCd=43&kikanCd=4300000200&kikanKbn=5", "url2": null, "内容": "そうごう薬局みゆき店【5:薬局】熊本県熊本市南区御幸笛田６丁目８－３" }, "geometry": { "type": "Point", "coordinates": [ 130.710133, 32.758998 ] } },
{ "type": "Feature", "properties": { "ID": 4354300000201, "正式名称": "日本調剤熊本南薬局", "機関区分": 5, "都道府県コード": 43, "市区町村コード": 104, "所在地": "熊本県熊本市南区御幸木部１－２－３８", "緯度": 32.74805, "経度": 130.714714, "url": "https://www.iryou.teikyouseido.mhlw.go.jp/znk-web/juminkanja/S2430/initialize?prefCd=43&kikanCd=4300000201&kikanKbn=5", "url2": "https://www.nicho.co.jp/tenpo/kumamotominami/", "内容": "日本調剤熊本南薬局【5:薬局】熊本県熊本市南区御幸木部１－２－３８" }, "geometry": { "type": "Point", "coordinates": [ 130.714714, 32.74805 ] } },
{ "type": "Feature", "properties": { "ID": 4354300000202, "正式名称": "けやき通り薬局", "機関区分": 5, "都道府県コード": 43, "市区町村コード": 104, "所在地": "熊本県熊本市南区江越２丁目２４番地３７", "緯度": 32.771743, "経度": 130.703403, "url": "https://www.iryou.teikyouseido.mhlw.go.jp/znk-web/juminkanja/S2430/initialize?prefCd=43&kikanCd=4300000202&kikanKbn=5", "url2": "http://www.e-classa.net/keyaki-matsuyapharmacy/", "内容": "けやき通り薬局【5:薬局】熊本県熊本市南区江越２丁目２４番地３７" }, "geometry": { "type": "Point", "coordinates": [ 130.703403, 32.771743 ] } },
{ "type": "Feature", "properties": { "ID": 4354300000203, "正式名称": "有限会社保険調剤ひばり薬局", "機関区分": 5, "都道府県コード": 43, "市区町村コード": 104, "所在地": "熊本県熊本市南区荒尾１丁目－８－６７", "緯度": 32.764447, "経度": 130.673456, "url": "https://www.iryou.teikyouseido.mhlw.go.jp/znk-web/juminkanja/S2430/initialize?prefCd=43&kikanCd=4300000203&kikanKbn=5", "url2": null, "内容": "有限会社保険調剤ひばり薬局【5:薬局】熊本県熊本市南区荒尾１丁目－８－６７" }, "geometry": { "type": "Point", "coordinates": [ 130.673456, 32.764447 ] } },
{ "type": "Feature", "properties": { "ID": 4354300000204, "正式名称": "りぼん薬局", "機関区分": 5, "都道府県コード": 43, "市区町村コード": 104, "所在地": "熊本県熊本市南区出仲間１－５－２３", "緯度": 32.773311, "経度": 130.713497, "url": "https://www.iryou.teikyouseido.mhlw.go.jp/znk-web/juminkanja/S2430/initialize?prefCd=43&kikanCd=4300000204&kikanKbn=5", "url2": "http://www14.plala.or.jp/tominaga_group/index.html", "内容": "りぼん薬局【5:薬局】熊本県熊本市南区出仲間１－５－２３" }, "geometry": { "type": "Point", "coordinates": [ 130.713497, 32.773311 ] } },
{ "type": "Feature", "properties": { "ID": 4354300000206, "正式名称": "ノムラ薬局", "機関区分": 5, "都道府県コード": 43, "市区町村コード": 104, "所在地": "熊本県熊本市南区城南町阿高３２６－１", "緯度": 32.69947, "経度": 130.727084, "url": "https://www.iryou.teikyouseido.mhlw.go.jp/znk-web/juminkanja/S2430/initialize?prefCd=43&kikanCd=4300000206&kikanKbn=5", "url2": "http://www.nomura-g.com/", "内容": "ノムラ薬局【5:薬局】熊本県熊本市南区城南町阿高３２６－１" }, "geometry": { "type": "Point", "coordinates": [ 130.727084, 32.69947 ] } },
{ "type": "Feature", "properties": { "ID": 4354300000207, "正式名称": "城南調剤薬局", "機関区分": 5, "都道府県コード": 43, "市区町村コード": 104, "所在地": "熊本県熊本市南区城南町隈庄５７５", "緯度": 32.704503, "経度": 130.728817, "url": "https://www.iryou.teikyouseido.mhlw.go.jp/znk-web/juminkanja/S2430/initialize?prefCd=43&kikanCd=4300000207&kikanKbn=5", "url2": null, "内容": "城南調剤薬局【5:薬局】熊本県熊本市南区城南町隈庄５７５" }, "geometry": { "type": "Point", "coordinates": [ 130.728817, 32.704503 ] } },
{ "type": "Feature", "properties": { "ID": 4354300000208, "正式名称": "アイン薬局　熊本城南店", "機関区分": 5, "都道府県コード": 43, "市区町村コード": 104, "所在地": "熊本県熊本市南区城南町今吉野丸山２８２－１", "緯度": 32.717014, "経度": 130.73854, "url": "https://www.iryou.teikyouseido.mhlw.go.jp/znk-web/juminkanja/S2430/initialize?prefCd=43&kikanCd=4300000208&kikanKbn=5", "url2": "https://www.ainj.co.jp/", "内容": "アイン薬局　熊本城南店【5:薬局】熊本県熊本市南区城南町今吉野丸山２８２－１" }, "geometry": { "type": "Point", "coordinates": [ 130.73854, 32.717014 ] } },
{ "type": "Feature", "properties": { "ID": 4354300000209, "正式名称": "共生薬局　城南店", "機関区分": 5, "都道府県コード": 43, "市区町村コード": 104, "所在地": "熊本県熊本市南区城南町千町２１１２", "緯度": 32.729253, "経度": 130.737519, "url": "https://www.iryou.teikyouseido.mhlw.go.jp/znk-web/juminkanja/S2430/initialize?prefCd=43&kikanCd=4300000209&kikanKbn=5", "url2": null, "内容": "共生薬局　城南店【5:薬局】熊本県熊本市南区城南町千町２１１２" }, "geometry": { "type": "Point", "coordinates": [ 130.737519, 32.729253 ] } },
{ "type": "Feature", "properties": { "ID": 4354300000211, "正式名称": "草津屋薬局", "機関区分": 5, "都道府県コード": 43, "市区町村コード": 104, "所在地": "熊本県熊本市南区川尻１丁目３－１３", "緯度": 32.742808, "経度": 130.681639, "url": "https://www.iryou.teikyouseido.mhlw.go.jp/znk-web/juminkanja/S2430/initialize?prefCd=43&kikanCd=4300000211&kikanKbn=5", "url2": "http://drug-kusatsuya.com/", "内容": "草津屋薬局【5:薬局】熊本県熊本市南区川尻１丁目３－１３" }, "geometry": { "type": "Point", "coordinates": [ 130.681639, 32.742808 ] } },
{ "type": "Feature", "properties": { "ID": 4354300000212, "正式名称": "川尻調剤薬局", "機関区分": 5, "都道府県コード": 43, "市区町村コード": 104, "所在地": "熊本県熊本市南区川尻５丁目１番５９号", "緯度": 32.737215, "経度": 130.684301, "url": "https://www.iryou.teikyouseido.mhlw.go.jp/znk-web/juminkanja/S2430/initialize?prefCd=43&kikanCd=4300000212&kikanKbn=5", "url2": "http://www.drugmiyuki.com", "内容": "川尻調剤薬局【5:薬局】熊本県熊本市南区川尻５丁目１番５９号" }, "geometry": { "type": "Point", "coordinates": [ 130.684301, 32.737215 ] } },
{ "type": "Feature", "properties": { "ID": 4354300000213, "正式名称": "アイン薬局熊本中央病院店", "機関区分": 5, "都道府県コード": 43, "市区町村コード": 104, "所在地": "熊本県熊本市南区田井島１丁目５番５０号", "緯度": 32.770264, "経度": 130.724703, "url": "https://www.iryou.teikyouseido.mhlw.go.jp/znk-web/juminkanja/S2430/initialize?prefCd=43&kikanCd=4300000213&kikanKbn=5", "url2": "https://www.ainj.co.jp/", "内容": "アイン薬局熊本中央病院店【5:薬局】熊本県熊本市南区田井島１丁目５番５０号" }, "geometry": { "type": "Point", "coordinates": [ 130.724703, 32.770264 ] } },
{ "type": "Feature", "properties": { "ID": 4354300000214, "正式名称": "セガミ薬局江津店", "機関区分": 5, "都道府県コード": 43, "市区町村コード": 104, "所在地": "熊本県熊本市南区田井島１丁目１１番６号", "緯度": 32.769075, "経度": 130.725153, "url": "https://www.iryou.teikyouseido.mhlw.go.jp/znk-web/juminkanja/S2430/initialize?prefCd=43&kikanCd=4300000214&kikanKbn=5", "url2": "https://www.cocokarafine.co.jp/", "内容": "セガミ薬局江津店【5:薬局】熊本県熊本市南区田井島１丁目１１番６号" }, "geometry": { "type": "Point", "coordinates": [ 130.725153, 32.769075 ] } },
{ "type": "Feature", "properties": { "ID": 4354300000215, "正式名称": "三恵薬局浜線店", "機関区分": 5, "都道府県コード": 43, "市区町村コード": 104, "所在地": "熊本県熊本市南区田迎町田井島２２３－３", "緯度": 32.770187, "経度": 130.72716, "url": "https://www.iryou.teikyouseido.mhlw.go.jp/znk-web/juminkanja/S2430/initialize?prefCd=43&kikanCd=4300000215&kikanKbn=5", "url2": "https://sankeipharmacygroup.amebaownd.com/", "内容": "三恵薬局浜線店【5:薬局】熊本県熊本市南区田迎町田井島２２３－３" }, "geometry": { "type": "Point", "coordinates": [ 130.72716, 32.770187 ] } },
{ "type": "Feature", "properties": { "ID": 4354300000216, "正式名称": "なないろ薬局　田迎店", "機関区分": 5, "都道府県コード": 43, "市区町村コード": 104, "所在地": "熊本県熊本市南区田迎１丁目６－３", "緯度": 32.77681, "経度": 130.711153, "url": "https://www.iryou.teikyouseido.mhlw.go.jp/znk-web/juminkanja/S2430/initialize?prefCd=43&kikanCd=4300000216&kikanKbn=5", "url2": "https://www.ocm-ocm.com/", "内容": "なないろ薬局　田迎店【5:薬局】熊本県熊本市南区田迎１丁目６－３" }, "geometry": { "type": "Point", "coordinates": [ 130.711153, 32.77681 ] } },
{ "type": "Feature", "properties": { "ID": 4354300000217, "正式名称": "Ｋパーク薬局", "機関区分": 5, "都道府県コード": 43, "市区町村コード": 104, "所在地": "熊本県熊本市南区田迎２丁目１８－１８", "緯度": 32.772742, "経度": 130.708941, "url": "https://www.iryou.teikyouseido.mhlw.go.jp/znk-web/juminkanja/S2430/initialize?prefCd=43&kikanCd=4300000217&kikanKbn=5", "url2": "http://www14.plala.or.jp/tominaga_group/Kpark_pharmacy.html", "内容": "Ｋパーク薬局【5:薬局】熊本県熊本市南区田迎２丁目１８－１８" }, "geometry": { "type": "Point", "coordinates": [ 130.708941, 32.772742 ] } },
{ "type": "Feature", "properties": { "ID": 4354300000219, "正式名称": "有限会社日吉薬局", "機関区分": 5, "都道府県コード": 43, "市区町村コード": 104, "所在地": "熊本県熊本市南区日吉２丁目７番５４号", "緯度": 32.759231, "経度": 130.682965, "url": "https://www.iryou.teikyouseido.mhlw.go.jp/znk-web/juminkanja/S2430/initialize?prefCd=43&kikanCd=4300000219&kikanKbn=5", "url2": "http://www.drugmiyuki.com", "内容": "有限会社日吉薬局【5:薬局】熊本県熊本市南区日吉２丁目７番５４号" }, "geometry": { "type": "Point", "coordinates": [ 130.682965, 32.759231 ] } },
{ "type": "Feature", "properties": { "ID": 4354300000220, "正式名称": "三恵薬局　田迎店", "機関区分": 5, "都道府県コード": 43, "市区町村コード": 104, "所在地": "熊本県熊本市南区馬渡２丁目１２－１８", "緯度": 32.772742, "経度": 130.707632, "url": "https://www.iryou.teikyouseido.mhlw.go.jp/znk-web/juminkanja/S2430/initialize?prefCd=43&kikanCd=4300000220&kikanKbn=5", "url2": "https://sankeipharmacygroup.amebaownd.com/", "内容": "三恵薬局　田迎店【5:薬局】熊本県熊本市南区馬渡２丁目１２－１８" }, "geometry": { "type": "Point", "coordinates": [ 130.707632, 32.772742 ] } },
{ "type": "Feature", "properties": { "ID": 4354300000221, "正式名称": "クローバー調剤薬局", "機関区分": 5, "都道府県コード": 43, "市区町村コード": 104, "所在地": "熊本県熊本市南区白藤１丁目２６番１２号", "緯度": 32.750969, "経度": 130.675011, "url": "https://www.iryou.teikyouseido.mhlw.go.jp/znk-web/juminkanja/S2430/initialize?prefCd=43&kikanCd=4300000221&kikanKbn=5", "url2": null, "内容": "クローバー調剤薬局【5:薬局】熊本県熊本市南区白藤１丁目２６番１２号" }, "geometry": { "type": "Point", "coordinates": [ 130.675011, 32.750969 ] } },
{ "type": "Feature", "properties": { "ID": 4354300000222, "正式名称": "白藤ごふく薬局", "機関区分": 5, "都道府県コード": 43, "市区町村コード": 104, "所在地": "熊本県熊本市南区白藤５丁目８７６－６", "緯度": 32.753826, "経度": 130.675101, "url": "https://www.iryou.teikyouseido.mhlw.go.jp/znk-web/juminkanja/S2430/initialize?prefCd=43&kikanCd=4300000222&kikanKbn=5", "url2": "http://gofukuph.jpn.ph", "内容": "白藤ごふく薬局【5:薬局】熊本県熊本市南区白藤５丁目８７６－６" }, "geometry": { "type": "Point", "coordinates": [ 130.675101, 32.753826 ] } },
{ "type": "Feature", "properties": { "ID": 4354300000223, "正式名称": "薬局　昊", "機関区分": 5, "都道府県コード": 43, "市区町村コード": 104, "所在地": "熊本県熊本市南区薄場３－１１－４７", "緯度": 32.76749, "経度": 130.676216, "url": "https://www.iryou.teikyouseido.mhlw.go.jp/znk-web/juminkanja/S2430/initialize?prefCd=43&kikanCd=4300000223&kikanKbn=5", "url2": "http://sakamoto-chozai.com/", "内容": "薬局　昊【5:薬局】熊本県熊本市南区薄場３－１１－４７" }, "geometry": { "type": "Point", "coordinates": [ 130.676216, 32.76749 ] } },
{ "type": "Feature", "properties": { "ID": 4354300000224, "正式名称": "三気堂薬局　川尻店", "機関区分": 5, "都道府県コード": 43, "市区町村コード": 104, "所在地": "熊本県熊本市南区八幡１１－７－３２", "緯度": 32.739686, "経度": 130.68375, "url": "https://www.iryou.teikyouseido.mhlw.go.jp/znk-web/juminkanja/S2430/initialize?prefCd=43&kikanCd=4300000224&kikanKbn=5", "url2": null, "内容": "三気堂薬局　川尻店【5:薬局】熊本県熊本市南区八幡１１－７－３２" }, "geometry": { "type": "Point", "coordinates": [ 130.68375, 32.739686 ] } },
{ "type": "Feature", "properties": { "ID": 4354300000225, "正式名称": "有限会社　なかよし薬局", "機関区分": 5, "都道府県コード": 43, "市区町村コード": 104, "所在地": "熊本県熊本市南区八分字町８９－２", "緯度": 32.732069, "経度": 130.684423, "url": "https://www.iryou.teikyouseido.mhlw.go.jp/znk-web/juminkanja/S2430/initialize?prefCd=43&kikanCd=4300000225&kikanKbn=5", "url2": null, "内容": "有限会社　なかよし薬局【5:薬局】熊本県熊本市南区八分字町８９－２" }, "geometry": { "type": "Point", "coordinates": [ 130.684423, 32.732069 ] } },
{ "type": "Feature", "properties": { "ID": 4354300000226, "正式名称": "アイン薬局富合店", "機関区分": 5, "都道府県コード": 43, "市区町村コード": 104, "所在地": "熊本県熊本市南区富合町古９５９－１", "緯度": 32.710022, "経度": 130.675175, "url": "https://www.iryou.teikyouseido.mhlw.go.jp/znk-web/juminkanja/S2430/initialize?prefCd=43&kikanCd=4300000226&kikanKbn=5", "url2": "https://www.ainj.co.jp/detail/1100221", "内容": "アイン薬局富合店【5:薬局】熊本県熊本市南区富合町古９５９－１" }, "geometry": { "type": "Point", "coordinates": [ 130.675175, 32.710022 ] } },
{ "type": "Feature", "properties": { "ID": 4354300000227, "正式名称": "そうごう薬局　富合店", "機関区分": 5, "都道府県コード": 43, "市区町村コード": 104, "所在地": "熊本県熊本市南区富合町新４２４番４", "緯度": 32.710347, "経度": 130.678333, "url": "https://www.iryou.teikyouseido.mhlw.go.jp/znk-web/juminkanja/S2430/initialize?prefCd=43&kikanCd=4300000227&kikanKbn=5", "url2": "https://www.sogo-medical.co.jp/", "内容": "そうごう薬局　富合店【5:薬局】熊本県熊本市南区富合町新４２４番４" }, "geometry": { "type": "Point", "coordinates": [ 130.678333, 32.710347 ] } },
{ "type": "Feature", "properties": { "ID": 4354300000228, "正式名称": "とみあい薬局", "機関区分": 5, "都道府県コード": 43, "市区町村コード": 104, "所在地": "熊本県熊本市南区富合町田尻２９４－１", "緯度": 32.708983, "経度": 130.675823, "url": "https://www.iryou.teikyouseido.mhlw.go.jp/znk-web/juminkanja/S2430/initialize?prefCd=43&kikanCd=4300000228&kikanKbn=5", "url2": "https://tomiai.hiiragi-p.co.jp", "内容": "とみあい薬局【5:薬局】熊本県熊本市南区富合町田尻２９４－１" }, "geometry": { "type": "Point", "coordinates": [ 130.675823, 32.708983 ] } },
{ "type": "Feature", "properties": { "ID": 4354300000229, "正式名称": "医療センター前薬局", "機関区分": 5, "都道府県コード": 43, "市区町村コード": 104, "所在地": "熊本県熊本市南区富合町平原３８７番２", "緯度": 32.699809, "経度": 130.685292, "url": "https://www.iryou.teikyouseido.mhlw.go.jp/znk-web/juminkanja/S2430/initialize?prefCd=43&kikanCd=4300000229&kikanKbn=5", "url2": "http://www.drugmiyuki.com", "内容": "医療センター前薬局【5:薬局】熊本県熊本市南区富合町平原３８７番２" }, "geometry": { "type": "Point", "coordinates": [ 130.685292, 32.699809 ] } },
{ "type": "Feature", "properties": { "ID": 4354300000230, "正式名称": "富合中央薬局", "機関区分": 5, "都道府県コード": 43, "市区町村コード": 104, "所在地": "熊本県熊本市南区富合町平原４０２", "緯度": 32.699719, "経度": 130.684797, "url": "https://www.iryou.teikyouseido.mhlw.go.jp/znk-web/juminkanja/S2430/initialize?prefCd=43&kikanCd=4300000230&kikanKbn=5", "url2": "https://www.tomiaichuouyakkyoku.com/", "内容": "富合中央薬局【5:薬局】熊本県熊本市南区富合町平原４０２" }, "geometry": { "type": "Point", "coordinates": [ 130.684797, 32.699719 ] } },
{ "type": "Feature", "properties": { "ID": 4354300000231, "正式名称": "熊本調剤薬局平成店", "機関区分": 5, "都道府県コード": 43, "市区町村コード": 104, "所在地": "熊本県熊本市南区平成２－３－２８", "緯度": 32.777972, "経度": 130.703436, "url": "https://www.iryou.teikyouseido.mhlw.go.jp/znk-web/juminkanja/S2430/initialize?prefCd=43&kikanCd=4300000231&kikanKbn=5", "url2": "http://www.kiyama-drug.com/", "内容": "熊本調剤薬局平成店【5:薬局】熊本県熊本市南区平成２－３－２８" }, "geometry": { "type": "Point", "coordinates": [ 130.703436, 32.777972 ] } },
{ "type": "Feature", "properties": { "ID": 4354300000232, "正式名称": "大信薬局　平田店", "機関区分": 5, "都道府県コード": 43, "市区町村コード": 104, "所在地": "熊本県熊本市南区平田１－１２－３", "緯度": 32.772689, "経度": 130.694281, "url": "https://www.iryou.teikyouseido.mhlw.go.jp/znk-web/juminkanja/S2430/initialize?prefCd=43&kikanCd=4300000232&kikanKbn=5", "url2": null, "内容": "大信薬局　平田店【5:薬局】熊本県熊本市南区平田１－１２－３" }, "geometry": { "type": "Point", "coordinates": [ 130.694281, 32.772689 ] } },
{ "type": "Feature", "properties": { "ID": 4354300000235, "正式名称": "すみれ調剤薬局", "機関区分": 5, "都道府県コード": 43, "市区町村コード": 105, "所在地": "熊本県熊本市北区植木町一木１７３－３", "緯度": 32.901397, "経度": 130.691078, "url": "https://www.iryou.teikyouseido.mhlw.go.jp/znk-web/juminkanja/S2430/initialize?prefCd=43&kikanCd=4300000235&kikanKbn=5", "url2": null, "内容": "すみれ調剤薬局【5:薬局】熊本県熊本市北区植木町一木１７３－３" }, "geometry": { "type": "Point", "coordinates": [ 130.691078, 32.901397 ] } },
{ "type": "Feature", "properties": { "ID": 4354300000239, "正式名称": "弓削薬局", "機関区分": 5, "都道府県コード": 43, "市区町村コード": 105, "所在地": "熊本県熊本市北区弓削５丁目１２番３０号", "緯度": 32.854665, "経度": 130.786749, "url": "https://www.iryou.teikyouseido.mhlw.go.jp/znk-web/juminkanja/S2430/initialize?prefCd=43&kikanCd=4300000239&kikanKbn=5", "url2": "http://www.pharma-daiwa.co.jp", "内容": "弓削薬局【5:薬局】熊本県熊本市北区弓削５丁目１２番３０号" }, "geometry": { "type": "Point", "coordinates": [ 130.786749, 32.854665 ] } },
{ "type": "Feature", "properties": { "ID": 4354300000241, "正式名称": "ライフ薬局　清水店", "機関区分": 5, "都道府県コード": 43, "市区町村コード": 105, "所在地": "熊本県熊本市北区高平３－３６－２４", "緯度": 32.839808, "経度": 130.718039, "url": "https://www.iryou.teikyouseido.mhlw.go.jp/znk-web/juminkanja/S2430/initialize?prefCd=43&kikanCd=4300000241&kikanKbn=5", "url2": null, "内容": "ライフ薬局　清水店【5:薬局】熊本県熊本市北区高平３－３６－２４" }, "geometry": { "type": "Point", "coordinates": [ 130.718039, 32.839808 ] } },
{ "type": "Feature", "properties": { "ID": 4354300000242, "正式名称": "あんず薬局", "機関区分": 5, "都道府県コード": 43, "市区町村コード": 105, "所在地": "熊本県熊本市北区山室五丁目６番５号", "緯度": 32.84603, "経度": 130.717025, "url": "https://www.iryou.teikyouseido.mhlw.go.jp/znk-web/juminkanja/S2430/initialize?prefCd=43&kikanCd=4300000242&kikanKbn=5", "url2": "http://www.pharma-daiwa.co.jp", "内容": "あんず薬局【5:薬局】熊本県熊本市北区山室五丁目６番５号" }, "geometry": { "type": "Point", "coordinates": [ 130.717025, 32.84603 ] } },
{ "type": "Feature", "properties": { "ID": 4354300000243, "正式名称": "レインボー薬局", "機関区分": 5, "都道府県コード": 43, "市区町村コード": 105, "所在地": "熊本県熊本市北区山室６丁目５３２－４", "緯度": 32.845914, "経度": 130.718313, "url": "https://www.iryou.teikyouseido.mhlw.go.jp/znk-web/juminkanja/S2430/initialize?prefCd=43&kikanCd=4300000243&kikanKbn=5", "url2": "https://pharma-daiwa.co.jp/store/store_detail.php?seq=6", "内容": "レインボー薬局【5:薬局】熊本県熊本市北区山室６丁目５３２－４" }, "geometry": { "type": "Point", "coordinates": [ 130.718313, 32.845914 ] } },
{ "type": "Feature", "properties": { "ID": 4354300000244, "正式名称": "よもぎ薬局", "機関区分": 5, "都道府県コード": 43, "市区町村コード": 105, "所在地": "熊本県熊本市北区四方寄町１２８６－３", "緯度": 32.864394, "経度": 130.708656, "url": "https://www.iryou.teikyouseido.mhlw.go.jp/znk-web/juminkanja/S2430/initialize?prefCd=43&kikanCd=4300000244&kikanKbn=5", "url2": "http://www.hiiragi-p.co.jp", "内容": "よもぎ薬局【5:薬局】熊本県熊本市北区四方寄町１２８６－３" }, "geometry": { "type": "Point", "coordinates": [ 130.708656, 32.864394 ] } },
{ "type": "Feature", "properties": { "ID": 4354300000245, "正式名称": "有限会社　かねこ調剤薬局", "機関区分": 5, "都道府県コード": 43, "市区町村コード": 105, "所在地": "熊本県熊本市北区小糸山町７６１－１", "緯度": 32.892906, "経度": 130.692125, "url": "https://www.iryou.teikyouseido.mhlw.go.jp/znk-web/juminkanja/S2430/initialize?prefCd=43&kikanCd=4300000245&kikanKbn=5", "url2": null, "内容": "有限会社　かねこ調剤薬局【5:薬局】熊本県熊本市北区小糸山町７６１－１" }, "geometry": { "type": "Point", "coordinates": [ 130.692125, 32.892906 ] } },
{ "type": "Feature", "properties": { "ID": 4354300000246, "正式名称": "りんどう薬局", "機関区分": 5, "都道府県コード": 43, "市区町村コード": 105, "所在地": "熊本県熊本市北区植木町岩野４５４－３", "緯度": 32.902159, "経度": 130.703735, "url": "https://www.iryou.teikyouseido.mhlw.go.jp/znk-web/juminkanja/S2430/initialize?prefCd=43&kikanCd=4300000246&kikanKbn=5", "url2": null, "内容": "りんどう薬局【5:薬局】熊本県熊本市北区植木町岩野４５４－３" }, "geometry": { "type": "Point", "coordinates": [ 130.703735, 32.902159 ] } },
{ "type": "Feature", "properties": { "ID": 4354300000247, "正式名称": "植木病院前薬局", "機関区分": 5, "都道府県コード": 43, "市区町村コード": 105, "所在地": "熊本県熊本市北区植木町広住５０３－３", "緯度": 32.901572, "経度": 130.697975, "url": "https://www.iryou.teikyouseido.mhlw.go.jp/znk-web/juminkanja/S2430/initialize?prefCd=43&kikanCd=4300000247&kikanKbn=5", "url2": "http://www.drugmiyuki.com", "内容": "植木病院前薬局【5:薬局】熊本県熊本市北区植木町広住５０３－３" }, "geometry": { "type": "Point", "coordinates": [ 130.697975, 32.901572 ] } },
{ "type": "Feature", "properties": { "ID": 4354300000248, "正式名称": "植木あおぞら薬局", "機関区分": 5, "都道府県コード": 43, "市区町村コード": 105, "所在地": "熊本県熊本市北区植木町植木５０６", "緯度": 32.898861, "経度": 130.692012, "url": "https://www.iryou.teikyouseido.mhlw.go.jp/znk-web/juminkanja/S2430/initialize?prefCd=43&kikanCd=4300000248&kikanKbn=5", "url2": null, "内容": "植木あおぞら薬局【5:薬局】熊本県熊本市北区植木町植木５０６" }, "geometry": { "type": "Point", "coordinates": [ 130.692012, 32.898861 ] } },
{ "type": "Feature", "properties": { "ID": 4354300000249, "正式名称": "うえき薬局", "機関区分": 5, "都道府県コード": 43, "市区町村コード": 105, "所在地": "熊本県熊本市北区植木町植木４６３", "緯度": 32.89579, "経度": 130.690479, "url": "https://www.iryou.teikyouseido.mhlw.go.jp/znk-web/juminkanja/S2430/initialize?prefCd=43&kikanCd=4300000249&kikanKbn=5", "url2": "http://www.mebius-yakkyoku.com/corporate.html", "内容": "うえき薬局【5:薬局】熊本県熊本市北区植木町植木４６３" }, "geometry": { "type": "Point", "coordinates": [ 130.690479, 32.89579 ] } },
{ "type": "Feature", "properties": { "ID": 4354300000250, "正式名称": "スマイル薬局", "機関区分": 5, "都道府県コード": 43, "市区町村コード": 105, "所在地": "熊本県熊本市北区植木町鐙田１０２９－３", "緯度": 32.882716, "経度": 130.69283, "url": "https://www.iryou.teikyouseido.mhlw.go.jp/znk-web/juminkanja/S2430/initialize?prefCd=43&kikanCd=4300000250&kikanKbn=5", "url2": "http://www.pharma-daiwa.co.jp", "内容": "スマイル薬局【5:薬局】熊本県熊本市北区植木町鐙田１０２９－３" }, "geometry": { "type": "Point", "coordinates": [ 130.69283, 32.882716 ] } },
{ "type": "Feature", "properties": { "ID": 4354300000251, "正式名称": "そうごう薬局田原坂店", "機関区分": 5, "都道府県コード": 43, "市区町村コード": 105, "所在地": "熊本県熊本市北区植木町平原２１０－１", "緯度": 32.921256, "経度": 130.654711, "url": "https://www.iryou.teikyouseido.mhlw.go.jp/znk-web/juminkanja/S2430/initialize?prefCd=43&kikanCd=4300000251&kikanKbn=5", "url2": "http://www.sogo-medical.co.jp", "内容": "そうごう薬局田原坂店【5:薬局】熊本県熊本市北区植木町平原２１０－１" }, "geometry": { "type": "Point", "coordinates": [ 130.654711, 32.921256 ] } },
{ "type": "Feature", "properties": { "ID": 4354300000252, "正式名称": "みのり調剤薬局", "機関区分": 5, "都道府県コード": 43, "市区町村コード": 105, "所在地": "熊本県熊本市北区植木町豊田６０２－４", "緯度": 32.941078, "経度": 130.707169, "url": "https://www.iryou.teikyouseido.mhlw.go.jp/znk-web/juminkanja/S2430/initialize?prefCd=43&kikanCd=4300000252&kikanKbn=5", "url2": "https://minorichozai.wixsite.com/shop", "内容": "みのり調剤薬局【5:薬局】熊本県熊本市北区植木町豊田６０２－４" }, "geometry": { "type": "Point", "coordinates": [ 130.707169, 32.941078 ] } },
{ "type": "Feature", "properties": { "ID": 4354300000253, "正式名称": "つばさ薬局", "機関区分": 5, "都道府県コード": 43, "市区町村コード": 105, "所在地": "熊本県熊本市北区清水岩倉２丁目１番５号", "緯度": 32.842612, "経度": 130.735868, "url": "https://www.iryou.teikyouseido.mhlw.go.jp/znk-web/juminkanja/S2430/initialize?prefCd=43&kikanCd=4300000253&kikanKbn=5", "url2": null, "内容": "つばさ薬局【5:薬局】熊本県熊本市北区清水岩倉２丁目１番５号" }, "geometry": { "type": "Point", "coordinates": [ 130.735868, 32.842612 ] } },
{ "type": "Feature", "properties": { "ID": 4354300000254, "正式名称": "三気堂薬局　清水店", "機関区分": 5, "都道府県コード": 43, "市区町村コード": 105, "所在地": "熊本県熊本市北区清水亀井町２６－３３", "緯度": 32.83448, "経度": 130.722782, "url": "https://www.iryou.teikyouseido.mhlw.go.jp/znk-web/juminkanja/S2430/initialize?prefCd=43&kikanCd=4300000254&kikanKbn=5", "url2": null, "内容": "三気堂薬局　清水店【5:薬局】熊本県熊本市北区清水亀井町２６－３３" }, "geometry": { "type": "Point", "coordinates": [ 130.722782, 32.83448 ] } },
{ "type": "Feature", "properties": { "ID": 4354300000255, "正式名称": "三恵薬局新地店", "機関区分": 5, "都道府県コード": 43, "市区町村コード": 105, "所在地": "熊本県熊本市北区清水新地７丁目９番２３号", "緯度": 32.856847, "経度": 130.749344, "url": "https://www.iryou.teikyouseido.mhlw.go.jp/znk-web/juminkanja/S2430/initialize?prefCd=43&kikanCd=4300000255&kikanKbn=5", "url2": "https://sankeipharmacygroup.amebaownd.com/", "内容": "三恵薬局新地店【5:薬局】熊本県熊本市北区清水新地７丁目９番２３号" }, "geometry": { "type": "Point", "coordinates": [ 130.749344, 32.856847 ] } },
{ "type": "Feature", "properties": { "ID": 4354300000256, "正式名称": "清水本町調剤薬局", "機関区分": 5, "都道府県コード": 43, "市区町村コード": 105, "所在地": "熊本県熊本市北区清水本町６番１号", "緯度": 32.831036, "経度": 130.722649, "url": "https://www.iryou.teikyouseido.mhlw.go.jp/znk-web/juminkanja/S2430/initialize?prefCd=43&kikanCd=4300000256&kikanKbn=5", "url2": "https://pharmaunion.co.jp/", "内容": "清水本町調剤薬局【5:薬局】熊本県熊本市北区清水本町６番１号" }, "geometry": { "type": "Point", "coordinates": [ 130.722649, 32.831036 ] } },
{ "type": "Feature", "properties": { "ID": 4354300000257, "正式名称": "松林堂薬局　北部店", "機関区分": 5, "都道府県コード": 43, "市区町村コード": 105, "所在地": "熊本県熊本市北区西梶尾町４５１－１", "緯度": 32.8694, "経度": 130.704442, "url": "https://www.iryou.teikyouseido.mhlw.go.jp/znk-web/juminkanja/S2430/initialize?prefCd=43&kikanCd=4300000257&kikanKbn=5", "url2": "https://www.syourindo.co.jp", "内容": "松林堂薬局　北部店【5:薬局】熊本県熊本市北区西梶尾町４５１－１" }, "geometry": { "type": "Point", "coordinates": [ 130.704442, 32.8694 ] } },
{ "type": "Feature", "properties": { "ID": 4354300000258, "正式名称": "三気堂薬局　津浦店", "機関区分": 5, "都道府県コード": 43, "市区町村コード": 105, "所在地": "熊本県熊本市北区津浦町１３―４５", "緯度": 32.824408, "経度": 130.712184, "url": "https://www.iryou.teikyouseido.mhlw.go.jp/znk-web/juminkanja/S2430/initialize?prefCd=43&kikanCd=4300000258&kikanKbn=5", "url2": "https://sankido-kumamoto.com/", "内容": "三気堂薬局　津浦店【5:薬局】熊本県熊本市北区津浦町１３―４５" }, "geometry": { "type": "Point", "coordinates": [ 130.712184, 32.824408 ] } },
{ "type": "Feature", "properties": { "ID": 4354300000259, "正式名称": "ほたる薬局", "機関区分": 5, "都道府県コード": 43, "市区町村コード": 105, "所在地": "熊本県熊本市北区鶴羽田１丁目１４－５", "緯度": 32.855197, "経度": 130.725714, "url": "https://www.iryou.teikyouseido.mhlw.go.jp/znk-web/juminkanja/S2430/initialize?prefCd=43&kikanCd=4300000259&kikanKbn=5", "url2": "nanohana-ph.jp", "内容": "ほたる薬局【5:薬局】熊本県熊本市北区鶴羽田１丁目１４－５" }, "geometry": { "type": "Point", "coordinates": [ 130.725714, 32.855197 ] } },
{ "type": "Feature", "properties": { "ID": 4354300000260, "正式名称": "鶴羽田薬局", "機関区分": 5, "都道府県コード": 43, "市区町村コード": 105, "所在地": "熊本県熊本市北区鶴羽田３丁目１－５２", "緯度": 32.859405, "経度": 130.727077, "url": "https://www.iryou.teikyouseido.mhlw.go.jp/znk-web/juminkanja/S2430/initialize?prefCd=43&kikanCd=4300000260&kikanKbn=5", "url2": "https://drugmiyuki.com/", "内容": "鶴羽田薬局【5:薬局】熊本県熊本市北区鶴羽田３丁目１－５２" }, "geometry": { "type": "Point", "coordinates": [ 130.727077, 32.859405 ] } },
{ "type": "Feature", "properties": { "ID": 4354300000262, "正式名称": "まりも薬局", "機関区分": 5, "都道府県コード": 43, "市区町村コード": 105, "所在地": "熊本県熊本市北区楠６丁目６－５５村上ビル１階", "緯度": 32.850756, "経度": 130.763385, "url": "https://www.iryou.teikyouseido.mhlw.go.jp/znk-web/juminkanja/S2430/initialize?prefCd=43&kikanCd=4300000262&kikanKbn=5", "url2": "https://mugiwara-ph.com/", "内容": "まりも薬局【5:薬局】熊本県熊本市北区楠６丁目６－５５村上ビル１階" }, "geometry": { "type": "Point", "coordinates": [ 130.763385, 32.850756 ] } },
{ "type": "Feature", "properties": { "ID": 4354300000263, "正式名称": "むさし薬局", "機関区分": 5, "都道府県コード": 43, "市区町村コード": 105, "所在地": "熊本県熊本市北区楠７丁目１５番１９号", "緯度": 32.846418, "経度": 130.76197, "url": "https://www.iryou.teikyouseido.mhlw.go.jp/znk-web/juminkanja/S2430/initialize?prefCd=43&kikanCd=4300000263&kikanKbn=5", "url2": "http://www.pharma-daiwa.co.jp", "内容": "むさし薬局【5:薬局】熊本県熊本市北区楠７丁目１５番１９号" }, "geometry": { "type": "Point", "coordinates": [ 130.76197, 32.846418 ] } },
{ "type": "Feature", "properties": { "ID": 4354300000264, "正式名称": "つくし薬局", "機関区分": 5, "都道府県コード": 43, "市区町村コード": 105, "所在地": "熊本県熊本市北区楠８丁目８－５", "緯度": 32.85003, "経度": 130.76292, "url": "https://www.iryou.teikyouseido.mhlw.go.jp/znk-web/juminkanja/S2430/initialize?prefCd=43&kikanCd=4300000264&kikanKbn=5", "url2": "http://www.pharma-daiwa.co.jp", "内容": "つくし薬局【5:薬局】熊本県熊本市北区楠８丁目８－５" }, "geometry": { "type": "Point", "coordinates": [ 130.76292, 32.85003 ] } },
{ "type": "Feature", "properties": { "ID": 4354300000266, "正式名称": "有限会社　三進堂薬局", "機関区分": 5, "都道府県コード": 43, "市区町村コード": 105, "所在地": "熊本県熊本市北区飛田３丁目９番２１号", "緯度": 32.853418, "経度": 130.719188, "url": "https://www.iryou.teikyouseido.mhlw.go.jp/znk-web/juminkanja/S2430/initialize?prefCd=43&kikanCd=4300000266&kikanKbn=5", "url2": "http://sansindo.jp/index.html", "内容": "有限会社　三進堂薬局【5:薬局】熊本県熊本市北区飛田３丁目９番２１号" }, "geometry": { "type": "Point", "coordinates": [ 130.719188, 32.853418 ] } },
{ "type": "Feature", "properties": { "ID": 4354300000267, "正式名称": "ムラセ薬局　武蔵ケ丘店", "機関区分": 5, "都道府県コード": 43, "市区町村コード": 105, "所在地": "熊本県熊本市北区武蔵ケ丘２丁目２－１", "緯度": 32.851378, "経度": 130.764411, "url": "https://www.iryou.teikyouseido.mhlw.go.jp/znk-web/juminkanja/S2430/initialize?prefCd=43&kikanCd=4300000267&kikanKbn=5", "url2": null, "内容": "ムラセ薬局　武蔵ケ丘店【5:薬局】熊本県熊本市北区武蔵ケ丘２丁目２－１" }, "geometry": { "type": "Point", "coordinates": [ 130.764411, 32.851378 ] } },
{ "type": "Feature", "properties": { "ID": 4354300000268, "正式名称": "むさしが丘薬局", "機関区分": 5, "都道府県コード": 43, "市区町村コード": 105, "所在地": "熊本県熊本市北区武蔵ケ丘４－１０－１１", "緯度": 32.856922, "経度": 130.769758, "url": "https://www.iryou.teikyouseido.mhlw.go.jp/znk-web/juminkanja/S2430/initialize?prefCd=43&kikanCd=4300000268&kikanKbn=5", "url2": null, "内容": "むさしが丘薬局【5:薬局】熊本県熊本市北区武蔵ケ丘４－１０－１１" }, "geometry": { "type": "Point", "coordinates": [ 130.769758, 32.856922 ] } },
{ "type": "Feature", "properties": { "ID": 4354300000269, "正式名称": "五丁目むさし薬局", "機関区分": 5, "都道府県コード": 43, "市区町村コード": 105, "所在地": "熊本県熊本市北区武蔵ケ丘５丁目１３番１０号", "緯度": 32.854988, "経度": 130.771831, "url": "https://www.iryou.teikyouseido.mhlw.go.jp/znk-web/juminkanja/S2430/initialize?prefCd=43&kikanCd=4300000269&kikanKbn=5", "url2": null, "内容": "五丁目むさし薬局【5:薬局】熊本県熊本市北区武蔵ケ丘５丁目１３番１０号" }, "geometry": { "type": "Point", "coordinates": [ 130.771831, 32.854988 ] } },
{ "type": "Feature", "properties": { "ID": 4354300000271, "正式名称": "麻生田調剤薬局", "機関区分": 5, "都道府県コード": 43, "市区町村コード": 105, "所在地": "熊本県熊本市北区麻生田３丁目１１－１０", "緯度": 32.849512, "経度": 130.744276, "url": "https://www.iryou.teikyouseido.mhlw.go.jp/znk-web/juminkanja/S2430/initialize?prefCd=43&kikanCd=4300000271&kikanKbn=5", "url2": null, "内容": "麻生田調剤薬局【5:薬局】熊本県熊本市北区麻生田３丁目１１－１０" }, "geometry": { "type": "Point", "coordinates": [ 130.744276, 32.849512 ] } },
{ "type": "Feature", "properties": { "ID": 4354300000272, "正式名称": "サン薬局龍田店", "機関区分": 5, "都道府県コード": 43, "市区町村コード": 105, "所在地": "熊本県熊本市北区龍田１丁目１６－６", "緯度": 32.832725, "経度": 130.757028, "url": "https://www.iryou.teikyouseido.mhlw.go.jp/znk-web/juminkanja/S2430/initialize?prefCd=43&kikanCd=4300000272&kikanKbn=5", "url2": "http://sunmedic.net", "内容": "サン薬局龍田店【5:薬局】熊本県熊本市北区龍田１丁目１６－６" }, "geometry": { "type": "Point", "coordinates": [ 130.757028, 32.832725 ] } },
{ "type": "Feature", "properties": { "ID": 4354300000273, "正式名称": "くすの木薬局", "機関区分": 5, "都道府県コード": 43, "市区町村コード": 105, "所在地": "熊本県熊本市北区龍田５丁目１番４３号", "緯度": 32.84353, "経度": 130.755134, "url": "https://www.iryou.teikyouseido.mhlw.go.jp/znk-web/juminkanja/S2430/initialize?prefCd=43&kikanCd=4300000273&kikanKbn=5", "url2": "http://www.kk-pharma.jp", "内容": "くすの木薬局【5:薬局】熊本県熊本市北区龍田５丁目１番４３号" }, "geometry": { "type": "Point", "coordinates": [ 130.755134, 32.84353 ] } },
{ "type": "Feature", "properties": { "ID": 4354300000274, "正式名称": "つつじ薬局", "機関区分": 5, "都道府県コード": 43, "市区町村コード": 105, "所在地": "熊本県熊本市北区龍田７丁目３６－１８", "緯度": 32.841839, "経度": 130.763022, "url": "https://www.iryou.teikyouseido.mhlw.go.jp/znk-web/juminkanja/S2430/initialize?prefCd=43&kikanCd=4300000274&kikanKbn=5", "url2": null, "内容": "つつじ薬局【5:薬局】熊本県熊本市北区龍田７丁目３６－１８" }, "geometry": { "type": "Point", "coordinates": [ 130.763022, 32.841839 ] } },
{ "type": "Feature", "properties": { "ID": 4354300000275, "正式名称": "三気堂薬局　龍田店", "機関区分": 5, "都道府県コード": 43, "市区町村コード": 105, "所在地": "熊本県熊本市北区龍田８丁目１５－６８", "緯度": 32.844114, "経度": 130.759556, "url": "https://www.iryou.teikyouseido.mhlw.go.jp/znk-web/juminkanja/S2430/initialize?prefCd=43&kikanCd=4300000275&kikanKbn=5", "url2": "http://www.met-g.co.jp/", "内容": "三気堂薬局　龍田店【5:薬局】熊本県熊本市北区龍田８丁目１５－６８" }, "geometry": { "type": "Point", "coordinates": [ 130.759556, 32.844114 ] } },
{ "type": "Feature", "properties": { "ID": 4354300000276, "正式名称": "緒方健康堂薬局", "機関区分": 5, "都道府県コード": 43, "市区町村コード": 103, "所在地": "熊本県熊本市西区出町五番四十号", "緯度": 32.822426, "経度": 130.70618, "url": "https://www.iryou.teikyouseido.mhlw.go.jp/znk-web/juminkanja/S2430/initialize?prefCd=43&kikanCd=4300000276&kikanKbn=5", "url2": null, "内容": "緒方健康堂薬局【5:薬局】熊本県熊本市西区出町五番四十号" }, "geometry": { "type": "Point", "coordinates": [ 130.70618, 32.822426 ] } },
{ "type": "Feature", "properties": { "ID": 4354300000278, "正式名称": "アロハ薬局　春日店", "機関区分": 5, "都道府県コード": 43, "市区町村コード": 103, "所在地": "熊本県熊本市西区春日７丁目１６－７", "緯度": 32.785714, "経度": 130.681361, "url": "https://www.iryou.teikyouseido.mhlw.go.jp/znk-web/juminkanja/S2430/initialize?prefCd=43&kikanCd=4300000278&kikanKbn=5", "url2": null, "内容": "アロハ薬局　春日店【5:薬局】熊本県熊本市西区春日７丁目１６－７" }, "geometry": { "type": "Point", "coordinates": [ 130.681361, 32.785714 ] } },
{ "type": "Feature", "properties": { "ID": 4354300000279, "正式名称": "有限会社　松林堂薬局　田崎店", "機関区分": 5, "都道府県コード": 43, "市区町村コード": 103, "所在地": "熊本県熊本市西区春日７丁目２１－８", "緯度": 32.785019, "経度": 130.681942, "url": "https://www.iryou.teikyouseido.mhlw.go.jp/znk-web/juminkanja/S2430/initialize?prefCd=43&kikanCd=4300000279&kikanKbn=5", "url2": "http://wwws.syourindo.co.jp", "内容": "有限会社　松林堂薬局　田崎店【5:薬局】熊本県熊本市西区春日７丁目２１－８" }, "geometry": { "type": "Point", "coordinates": [ 130.681942, 32.785019 ] } },
{ "type": "Feature", "properties": { "ID": 4354300000280, "正式名称": "さにい薬局　上熊本店", "機関区分": 5, "都道府県コード": 43, "市区町村コード": 103, "所在地": "熊本県熊本市西区上熊本２丁目１３－１１", "緯度": 32.813675, "経度": 130.698628, "url": "https://www.iryou.teikyouseido.mhlw.go.jp/znk-web/juminkanja/S2430/initialize?prefCd=43&kikanCd=4300000280&kikanKbn=5", "url2": null, "内容": "さにい薬局　上熊本店【5:薬局】熊本県熊本市西区上熊本２丁目１３－１１" }, "geometry": { "type": "Point", "coordinates": [ 130.698628, 32.813675 ] } },
{ "type": "Feature", "properties": { "ID": 4354300000281, "正式名称": "ケンコウ堂薬局上熊本店", "機関区分": 5, "都道府県コード": 43, "市区町村コード": 103, "所在地": "熊本県熊本市西区上熊本３－１６－１７", "緯度": 32.821692, "経度": 130.701986, "url": "https://www.iryou.teikyouseido.mhlw.go.jp/znk-web/juminkanja/S2430/initialize?prefCd=43&kikanCd=4300000281&kikanKbn=5", "url2": null, "内容": "ケンコウ堂薬局上熊本店【5:薬局】熊本県熊本市西区上熊本３－１６－１７" }, "geometry": { "type": "Point", "coordinates": [ 130.701986, 32.821692 ] } },
{ "type": "Feature", "properties": { "ID": 4354300000282, "正式名称": "有限会社城山薬局", "機関区分": 5, "都道府県コード": 43, "市区町村コード": 103, "所在地": "熊本県熊本市西区上代七丁目２９番１７号", "緯度": 32.776891, "経度": 130.663504, "url": "https://www.iryou.teikyouseido.mhlw.go.jp/znk-web/juminkanja/S2430/initialize?prefCd=43&kikanCd=4300000282&kikanKbn=5", "url2": null, "内容": "有限会社城山薬局【5:薬局】熊本県熊本市西区上代七丁目２９番１７号" }, "geometry": { "type": "Point", "coordinates": [ 130.663504, 32.776891 ] } },
{ "type": "Feature", "properties": { "ID": 4354300000283, "正式名称": "松寿堂薬局", "機関区分": 5, "都道府県コード": 43, "市区町村コード": 103, "所在地": "熊本県熊本市西区池田１丁目３１－３２", "緯度": 32.825267, "経度": 130.707203, "url": "https://www.iryou.teikyouseido.mhlw.go.jp/znk-web/juminkanja/S2430/initialize?prefCd=43&kikanCd=4300000283&kikanKbn=5", "url2": "https://nakamurakanpou.com", "内容": "松寿堂薬局【5:薬局】熊本県熊本市西区池田１丁目３１－３２" }, "geometry": { "type": "Point", "coordinates": [ 130.707203, 32.825267 ] } },
{ "type": "Feature", "properties": { "ID": 4354300000284, "正式名称": "有限会社　ナナ薬局　田崎店", "機関区分": 5, "都道府県コード": 43, "市区町村コード": 103, "所在地": "熊本県熊本市西区田崎２－１－６７", "緯度": 32.784431, "経度": 130.683433, "url": "https://www.iryou.teikyouseido.mhlw.go.jp/znk-web/juminkanja/S2430/initialize?prefCd=43&kikanCd=4300000284&kikanKbn=5", "url2": null, "内容": "有限会社　ナナ薬局　田崎店【5:薬局】熊本県熊本市西区田崎２－１－６７" }, "geometry": { "type": "Point", "coordinates": [ 130.683433, 32.784431 ] } },
{ "type": "Feature", "properties": { "ID": 4354300000285, "正式名称": "有限会社みなみ調剤薬局", "機関区分": 5, "都道府県コード": 43, "市区町村コード": 103, "所在地": "熊本県熊本市西区田崎３丁目６０２－９", "緯度": 32.780985, "経度": 130.683745, "url": "https://www.iryou.teikyouseido.mhlw.go.jp/znk-web/juminkanja/S2430/initialize?prefCd=43&kikanCd=4300000285&kikanKbn=5", "url2": null, "内容": "有限会社みなみ調剤薬局【5:薬局】熊本県熊本市西区田崎３丁目６０２－９" }, "geometry": { "type": "Point", "coordinates": [ 130.683745, 32.780985 ] } },
{ "type": "Feature", "properties": { "ID": 4354300000286, "正式名称": "そうごう薬局島崎店", "機関区分": 5, "都道府県コード": 43, "市区町村コード": 103, "所在地": "熊本県熊本市西区島崎２丁目７番２４号", "緯度": 32.811256, "経度": 130.688194, "url": "https://www.iryou.teikyouseido.mhlw.go.jp/znk-web/juminkanja/S2430/initialize?prefCd=43&kikanCd=4300000286&kikanKbn=5", "url2": null, "内容": "そうごう薬局島崎店【5:薬局】熊本県熊本市西区島崎２丁目７番２４号" }, "geometry": { "type": "Point", "coordinates": [ 130.688194, 32.811256 ] } },
{ "type": "Feature", "properties": { "ID": 4354300000287, "正式名称": "ミカサ薬局", "機関区分": 5, "都道府県コード": 43, "市区町村コード": 101, "所在地": "熊本県熊本市中央区下通１－６－１３", "緯度": 32.801055, "経度": 130.709655, "url": "https://www.iryou.teikyouseido.mhlw.go.jp/znk-web/juminkanja/S2430/initialize?prefCd=43&kikanCd=4300000287&kikanKbn=5", "url2": "https://www.kumamotoshiyaku.or.jp/serch/detail.php?v=221", "内容": "ミカサ薬局【5:薬局】熊本県熊本市中央区下通１－６－１３" }, "geometry": { "type": "Point", "coordinates": [ 130.709655, 32.801055 ] } },
{ "type": "Feature", "properties": { "ID": 4354300000289, "正式名称": "マーガレット薬局", "機関区分": 5, "都道府県コード": 43, "市区町村コード": 101, "所在地": "熊本県熊本市中央区琴平本町３－５５", "緯度": 32.789533, "経度": 130.703089, "url": "https://www.iryou.teikyouseido.mhlw.go.jp/znk-web/juminkanja/S2430/initialize?prefCd=43&kikanCd=4300000289&kikanKbn=5", "url2": null, "内容": "マーガレット薬局【5:薬局】熊本県熊本市中央区琴平本町３－５５" }, "geometry": { "type": "Point", "coordinates": [ 130.703089, 32.789533 ] } },
{ "type": "Feature", "properties": { "ID": 4354300000291, "正式名称": "黒髪薬局", "機関区分": 5, "都道府県コード": 43, "市区町村コード": 101, "所在地": "熊本県熊本市中央区黒髪１－８－４８", "緯度": 32.815539, "経度": 130.719197, "url": "https://www.iryou.teikyouseido.mhlw.go.jp/znk-web/juminkanja/S2430/initialize?prefCd=43&kikanCd=4300000291&kikanKbn=5", "url2": null, "内容": "黒髪薬局【5:薬局】熊本県熊本市中央区黒髪１－８－４８" }, "geometry": { "type": "Point", "coordinates": [ 130.719197, 32.815539 ] } },
{ "type": "Feature", "properties": { "ID": 4354300000292, "正式名称": "みんなの薬局", "機関区分": 5, "都道府県コード": 43, "市区町村コード": 101, "所在地": "熊本県熊本市中央区黒髪２丁目３１番２７号", "緯度": 32.813633, "経度": 130.723281, "url": "https://www.iryou.teikyouseido.mhlw.go.jp/znk-web/juminkanja/S2430/initialize?prefCd=43&kikanCd=4300000292&kikanKbn=5", "url2": null, "内容": "みんなの薬局【5:薬局】熊本県熊本市中央区黒髪２丁目３１番２７号" }, "geometry": { "type": "Point", "coordinates": [ 130.723281, 32.813633 ] } },
{ "type": "Feature", "properties": { "ID": 4354300000293, "正式名称": "グリーン薬局黒髪店", "機関区分": 5, "都道府県コード": 43, "市区町村コード": 101, "所在地": "熊本県熊本市中央区黒髪５丁目２－６", "緯度": 32.813961, "経度": 130.73077, "url": "https://www.iryou.teikyouseido.mhlw.go.jp/znk-web/juminkanja/S2430/initialize?prefCd=43&kikanCd=4300000293&kikanKbn=5", "url2": null, "内容": "グリーン薬局黒髪店【5:薬局】熊本県熊本市中央区黒髪５丁目２－６" }, "geometry": { "type": "Point", "coordinates": [ 130.73077, 32.813961 ] } },
{ "type": "Feature", "properties": { "ID": 4354300000294, "正式名称": "くろかみオレンジ薬局", "機関区分": 5, "都道府県コード": 43, "市区町村コード": 101, "所在地": "熊本県熊本市中央区黒髪６丁目１番３２号", "緯度": 32.815281, "経度": 130.734219, "url": "https://www.iryou.teikyouseido.mhlw.go.jp/znk-web/juminkanja/S2430/initialize?prefCd=43&kikanCd=4300000294&kikanKbn=5", "url2": null, "内容": "くろかみオレンジ薬局【5:薬局】熊本県熊本市中央区黒髪６丁目１番３２号" }, "geometry": { "type": "Point", "coordinates": [ 130.734219, 32.815281 ] } },
{ "type": "Feature", "properties": { "ID": 4354300000295, "正式名称": "保険調剤薬局同仁堂上通店", "機関区分": 5, "都道府県コード": 43, "市区町村コード": 101, "所在地": "熊本県熊本市中央区上通町２番７号", "緯度": 32.803689, "経度": 130.710836, "url": "https://www.iryou.teikyouseido.mhlw.go.jp/znk-web/juminkanja/S2430/initialize?prefCd=43&kikanCd=4300000295&kikanKbn=5", "url2": null, "内容": "保険調剤薬局同仁堂上通店【5:薬局】熊本県熊本市中央区上通町２番７号" }, "geometry": { "type": "Point", "coordinates": [ 130.710836, 32.803689 ] } },
{ "type": "Feature", "properties": { "ID": 4354300000296, "正式名称": "シモカワオ－クス通り調剤薬局", "機関区分": 5, "都道府県コード": 43, "市区町村コード": 101, "所在地": "熊本県熊本市中央区城東町４番７号グランガーデン熊本ビル１階", "緯度": 32.8054417, "経度": 130.7100741, "url": "https://www.iryou.teikyouseido.mhlw.go.jp/znk-web/juminkanja/S2430/initialize?prefCd=43&kikanCd=4300000296&kikanKbn=5", "url2": "https://www.shimokawa-ph.co.jp/", "内容": "シモカワオ－クス通り調剤薬局【5:薬局】熊本県熊本市中央区城東町４番７号グランガーデン熊本ビル１階" }, "geometry": { "type": "Point", "coordinates": [ 130.710074100000014, 32.8054417 ] } },
{ "type": "Feature", "properties": { "ID": 4354300000297, "正式名称": "こもれび薬局　熊高正門前", "機関区分": 5, "都道府県コード": 43, "市区町村コード": 101, "所在地": "熊本県熊本市中央区新大江一丁目１２－１７", "緯度": 32.798712, "経度": 130.730291, "url": "https://www.iryou.teikyouseido.mhlw.go.jp/znk-web/juminkanja/S2430/initialize?prefCd=43&kikanCd=4300000297&kikanKbn=5", "url2": "https://komorebi-kumamoto.shopinfo.jp/", "内容": "こもれび薬局　熊高正門前【5:薬局】熊本県熊本市中央区新大江一丁目１２－１７" }, "geometry": { "type": "Point", "coordinates": [ 130.730291, 32.798712 ] } },
{ "type": "Feature", "properties": { "ID": 4354300000298, "正式名称": "のぞみ薬局", "機関区分": 5, "都道府県コード": 43, "市区町村コード": 101, "所在地": "熊本県熊本市中央区新町４－４－２４", "緯度": 32.798356, "経度": 130.695264, "url": "https://www.iryou.teikyouseido.mhlw.go.jp/znk-web/juminkanja/S2430/initialize?prefCd=43&kikanCd=4300000298&kikanKbn=5", "url2": "https://www.tr-nozomi.co.jp/", "内容": "のぞみ薬局【5:薬局】熊本県熊本市中央区新町４－４－２４" }, "geometry": { "type": "Point", "coordinates": [ 130.695264, 32.798356 ] } },
{ "type": "Feature", "properties": { "ID": 4354300000299, "正式名称": "グリーン薬局神水店", "機関区分": 5, "都道府県コード": 43, "市区町村コード": 101, "所在地": "熊本県熊本市中央区神水", "緯度": 32.78788, "経度": 130.74622, "url": "https://www.iryou.teikyouseido.mhlw.go.jp/znk-web/juminkanja/S2430/initialize?prefCd=43&kikanCd=4300000299&kikanKbn=5", "url2": "http://www.medics-k.jp", "内容": "グリーン薬局神水店【5:薬局】熊本県熊本市中央区神水" }, "geometry": { "type": "Point", "coordinates": [ 130.74622, 32.78788 ] } },
{ "type": "Feature", "properties": { "ID": 4354300000301, "正式名称": "高橋薬局　エコル", "機関区分": 5, "都道府県コード": 43, "市区町村コード": 101, "所在地": "熊本県熊本市中央区水前寺公園", "緯度": 32.791029, "経度": 130.731375, "url": "https://www.iryou.teikyouseido.mhlw.go.jp/znk-web/juminkanja/S2430/initialize?prefCd=43&kikanCd=4300000301&kikanKbn=5", "url2": null, "内容": "高橋薬局　エコル【5:薬局】熊本県熊本市中央区水前寺公園" }, "geometry": { "type": "Point", "coordinates": [ 130.731375, 32.791029 ] } },
{ "type": "Feature", "properties": { "ID": 4354300000303, "正式名称": "大学堂薬局本店", "機関区分": 5, "都道府県コード": 43, "市区町村コード": 101, "所在地": "熊本県熊本市中央区水道町１－２７", "緯度": 32.8026, "経度": 130.712728, "url": "https://www.iryou.teikyouseido.mhlw.go.jp/znk-web/juminkanja/S2430/initialize?prefCd=43&kikanCd=4300000303&kikanKbn=5", "url2": "https://www.daigakudo-kumamoto.com/", "内容": "大学堂薬局本店【5:薬局】熊本県熊本市中央区水道町１－２７" }, "geometry": { "type": "Point", "coordinates": [ 130.712728, 32.8026 ] } },
{ "type": "Feature", "properties": { "ID": 4354300000304, "正式名称": "有限会社　すこやか薬局", "機関区分": 5, "都道府県コード": 43, "市区町村コード": 101, "所在地": "熊本県熊本市中央区世安３丁目１２番１号", "緯度": 32.783936, "経度": 130.732611, "url": "https://www.iryou.teikyouseido.mhlw.go.jp/znk-web/juminkanja/S2430/initialize?prefCd=43&kikanCd=4300000304&kikanKbn=5", "url2": null, "内容": "有限会社　すこやか薬局【5:薬局】熊本県熊本市中央区世安３丁目１２番１号" }, "geometry": { "type": "Point", "coordinates": [ 130.732611, 32.783936 ] } },
{ "type": "Feature", "properties": { "ID": 4354300000306, "正式名称": "有限会社中村漢方", "機関区分": 5, "都道府県コード": 43, "市区町村コード": 101, "所在地": "熊本県熊本市中央区帯山１丁目１９番９号", "緯度": 32.799703, "経度": 130.739542, "url": "https://www.iryou.teikyouseido.mhlw.go.jp/znk-web/juminkanja/S2430/initialize?prefCd=43&kikanCd=4300000306&kikanKbn=5", "url2": "https://nakamurakanpou.com", "内容": "有限会社中村漢方【5:薬局】熊本県熊本市中央区帯山１丁目１９番９号" }, "geometry": { "type": "Point", "coordinates": [ 130.739542, 32.799703 ] } },
{ "type": "Feature", "properties": { "ID": 4354300000309, "正式名称": "漢方相談薬局　薬師　利松", "機関区分": 5, "都道府県コード": 43, "市区町村コード": 101, "所在地": "熊本県熊本市中央区帯山６丁目７番１４１号", "緯度": 32.80105, "経度": 130.756186, "url": "https://www.iryou.teikyouseido.mhlw.go.jp/znk-web/juminkanja/S2430/initialize?prefCd=43&kikanCd=4300000309&kikanKbn=5", "url2": "toshiyakushi.jimdofree.com", "内容": "漢方相談薬局　薬師　利松【5:薬局】熊本県熊本市中央区帯山６丁目７番１４１号" }, "geometry": { "type": "Point", "coordinates": [ 130.756186, 32.80105 ] } },
{ "type": "Feature", "properties": { "ID": 4354300000310, "正式名称": "株式会社長寿堂薬局", "機関区分": 5, "都道府県コード": 43, "市区町村コード": 101, "所在地": "熊本県熊本市中央区大江６丁目２３番２号", "緯度": 32.796597, "経度": 130.724997, "url": "https://www.iryou.teikyouseido.mhlw.go.jp/znk-web/juminkanja/S2430/initialize?prefCd=43&kikanCd=4300000310&kikanKbn=5", "url2": null, "内容": "株式会社長寿堂薬局【5:薬局】熊本県熊本市中央区大江６丁目２３番２号" }, "geometry": { "type": "Point", "coordinates": [ 130.724997, 32.796597 ] } },
{ "type": "Feature", "properties": { "ID": 4354300000311, "正式名称": "ユニスマイル薬局　大江店", "機関区分": 5, "都道府県コード": 43, "市区町村コード": 101, "所在地": "熊本県熊本市中央区大江一丁目３１番１７号天翔ビル", "緯度": 32.80922, "経度": 130.730063, "url": "https://www.iryou.teikyouseido.mhlw.go.jp/znk-web/juminkanja/S2430/initialize?prefCd=43&kikanCd=4300000311&kikanKbn=5", "url2": "http://unismile.co.jp/shop/aozora/", "内容": "ユニスマイル薬局　大江店【5:薬局】熊本県熊本市中央区大江一丁目３１番１７号天翔ビル" }, "geometry": { "type": "Point", "coordinates": [ 130.730063, 32.80922 ] } },
{ "type": "Feature", "properties": { "ID": 4354300000313, "正式名称": "高橋薬局エルア", "機関区分": 5, "都道府県コード": 43, "市区町村コード": 101, "所在地": "熊本県熊本市中央区白山２丁目１１－２２", "緯度": 32.793163, "経度": 130.722857, "url": "https://www.iryou.teikyouseido.mhlw.go.jp/znk-web/juminkanja/S2430/initialize?prefCd=43&kikanCd=4300000313&kikanKbn=5", "url2": "https://takahashi.jakou.com/", "内容": "高橋薬局エルア【5:薬局】熊本県熊本市中央区白山２丁目１１－２２" }, "geometry": { "type": "Point", "coordinates": [ 130.722857, 32.793163 ] } },
{ "type": "Feature", "properties": { "ID": 4354300000315, "正式名称": "あすは薬局", "機関区分": 5, "都道府県コード": 43, "市区町村コード": 102, "所在地": "熊本県熊本市東区月出五丁目４番５号", "緯度": 32.804676, "経度": 130.774628, "url": "https://www.iryou.teikyouseido.mhlw.go.jp/znk-web/juminkanja/S2430/initialize?prefCd=43&kikanCd=4300000315&kikanKbn=5", "url2": "https://www.kusurinomadoguchi.com/kumamoto/s130803", "内容": "あすは薬局【5:薬局】熊本県熊本市東区月出五丁目４番５号" }, "geometry": { "type": "Point", "coordinates": [ 130.774628, 32.804676 ] } },
{ "type": "Feature", "properties": { "ID": 4354300000316, "正式名称": "グリーン薬局長嶺店", "機関区分": 5, "都道府県コード": 43, "市区町村コード": 102, "所在地": "熊本県熊本市東区戸島西３－２－５０", "緯度": 32.813396, "経度": 130.780324, "url": "https://www.iryou.teikyouseido.mhlw.go.jp/znk-web/juminkanja/S2430/initialize?prefCd=43&kikanCd=4300000316&kikanKbn=5", "url2": "http://medics-k.jp/wp/", "内容": "グリーン薬局長嶺店【5:薬局】熊本県熊本市東区戸島西３－２－５０" }, "geometry": { "type": "Point", "coordinates": [ 130.780324, 32.813396 ] } },
{ "type": "Feature", "properties": { "ID": 4354300000317, "正式名称": "グリーン薬局戸島店", "機関区分": 5, "都道府県コード": 43, "市区町村コード": 102, "所在地": "熊本県熊本市東区戸島西３丁目２‐３７", "緯度": 32.813925, "経度": 130.780044, "url": "https://www.iryou.teikyouseido.mhlw.go.jp/znk-web/juminkanja/S2430/initialize?prefCd=43&kikanCd=4300000317&kikanKbn=5", "url2": "http://medics-k.jp", "内容": "グリーン薬局戸島店【5:薬局】熊本県熊本市東区戸島西３丁目２‐３７" }, "geometry": { "type": "Point", "coordinates": [ 130.780044, 32.813925 ] } },
{ "type": "Feature", "properties": { "ID": 4354300000319, "正式名称": "わかば薬局", "機関区分": 5, "都道府県コード": 43, "市区町村コード": 102, "所在地": "熊本県熊本市東区秋津新町１－４１", "緯度": 32.778171, "経度": 130.765324, "url": "https://www.iryou.teikyouseido.mhlw.go.jp/znk-web/juminkanja/S2430/initialize?prefCd=43&kikanCd=4300000319&kikanKbn=5", "url2": null, "内容": "わかば薬局【5:薬局】熊本県熊本市東区秋津新町１－４１" }, "geometry": { "type": "Point", "coordinates": [ 130.765324, 32.778171 ] } },
{ "type": "Feature", "properties": { "ID": 4354300000320, "正式名称": "そうごう薬局　上南部店", "機関区分": 5, "都道府県コード": 43, "市区町村コード": 102, "所在地": "熊本県熊本市東区上南部２丁目４番１号", "緯度": 32.827803, "経度": 130.764847, "url": "https://www.iryou.teikyouseido.mhlw.go.jp/znk-web/juminkanja/S2430/initialize?prefCd=43&kikanCd=4300000320&kikanKbn=5", "url2": "http://sogo-medical.co.jp", "内容": "そうごう薬局　上南部店【5:薬局】熊本県熊本市東区上南部２丁目４番１号" }, "geometry": { "type": "Point", "coordinates": [ 130.764847, 32.827803 ] } },
{ "type": "Feature", "properties": { "ID": 4354300000321, "正式名称": "保険調剤薬局　アシスト", "機関区分": 5, "都道府県コード": 43, "市区町村コード": 102, "所在地": "熊本県熊本市東区長嶺西１－６－９５ル・メヨール長嶺１－Ｄ号", "緯度": 32.811505, "経度": 130.764651, "url": "https://www.iryou.teikyouseido.mhlw.go.jp/znk-web/juminkanja/S2430/initialize?prefCd=43&kikanCd=4300000321&kikanKbn=5", "url2": null, "内容": "保険調剤薬局　アシスト【5:薬局】熊本県熊本市東区長嶺西１－６－９５ル・メヨール長嶺１－Ｄ号" }, "geometry": { "type": "Point", "coordinates": [ 130.764651, 32.811505 ] } },
{ "type": "Feature", "properties": { "ID": 4354300000323, "正式名称": "ほたくぼ薬局", "機関区分": 5, "都道府県コード": 43, "市区町村コード": 102, "所在地": "熊本県熊本市東区保田窪本町１０番１０７号", "緯度": 32.807529, "経度": 130.747154, "url": "https://www.iryou.teikyouseido.mhlw.go.jp/znk-web/juminkanja/S2430/initialize?prefCd=43&kikanCd=4300000323&kikanKbn=5", "url2": null, "内容": "ほたくぼ薬局【5:薬局】熊本県熊本市東区保田窪本町１０番１０７号" }, "geometry": { "type": "Point", "coordinates": [ 130.747154, 32.807529 ] } },
{ "type": "Feature", "properties": { "ID": 4354300000324, "正式名称": "なないろ薬局　江越店", "機関区分": 5, "都道府県コード": 43, "市区町村コード": 104, "所在地": "熊本県熊本市南区江越２丁目１０－１３", "緯度": 32.773799, "経度": 130.701564, "url": "https://www.iryou.teikyouseido.mhlw.go.jp/znk-web/juminkanja/S2430/initialize?prefCd=43&kikanCd=4300000324&kikanKbn=5", "url2": "https://www.ocm-ocm.com/", "内容": "なないろ薬局　江越店【5:薬局】熊本県熊本市南区江越２丁目１０－１３" }, "geometry": { "type": "Point", "coordinates": [ 130.701564, 32.773799 ] } },
{ "type": "Feature", "properties": { "ID": 4354300000325, "正式名称": "中央病院前調剤薬局", "機関区分": 5, "都道府県コード": 43, "市区町村コード": 104, "所在地": "熊本県熊本市南区田井島一丁目１１番１３号", "緯度": 32.769272, "経度": 130.725044, "url": "https://www.iryou.teikyouseido.mhlw.go.jp/znk-web/juminkanja/S2430/initialize?prefCd=43&kikanCd=4300000325&kikanKbn=5", "url2": "https://www.shimokawa-ph.co.jp/", "内容": "中央病院前調剤薬局【5:薬局】熊本県熊本市南区田井島一丁目１１番１３号" }, "geometry": { "type": "Point", "coordinates": [ 130.725044, 32.769272 ] } },
{ "type": "Feature", "properties": { "ID": 4354300000328, "正式名称": "アクア調剤薬局", "機関区分": 5, "都道府県コード": 43, "市区町村コード": 104, "所在地": "熊本県熊本市南区野口２丁目１２－１１", "緯度": 32.767191, "経度": 130.672372, "url": "https://www.iryou.teikyouseido.mhlw.go.jp/znk-web/juminkanja/S2430/initialize?prefCd=43&kikanCd=4300000328&kikanKbn=5", "url2": "https://www.mittel-solaris-group.jp/", "内容": "アクア調剤薬局【5:薬局】熊本県熊本市南区野口２丁目１２－１１" }, "geometry": { "type": "Point", "coordinates": [ 130.672372, 32.767191 ] } },
{ "type": "Feature", "properties": { "ID": 4354300000329, "正式名称": "うえき町薬局", "機関区分": 5, "都道府県コード": 43, "市区町村コード": 105, "所在地": "熊本県熊本市北区植木町岩野９３９番地４", "緯度": 32.903427, "経度": 130.698169, "url": "https://www.iryou.teikyouseido.mhlw.go.jp/znk-web/juminkanja/S2430/initialize?prefCd=43&kikanCd=4300000329&kikanKbn=5", "url2": null, "内容": "うえき町薬局【5:薬局】熊本県熊本市北区植木町岩野９３９番地４" }, "geometry": { "type": "Point", "coordinates": [ 130.698169, 32.903427 ] } },
{ "type": "Feature", "properties": { "ID": 4354300000330, "正式名称": "三気堂薬局　八景水谷店", "機関区分": 5, "都道府県コード": 43, "市区町村コード": 105, "所在地": "熊本県熊本市北区清水亀井町１９－１０", "緯度": 32.839136, "経度": 130.721925, "url": "https://www.iryou.teikyouseido.mhlw.go.jp/znk-web/juminkanja/S2430/initialize?prefCd=43&kikanCd=4300000330&kikanKbn=5", "url2": "https://sankido-kumamoto.com/", "内容": "三気堂薬局　八景水谷店【5:薬局】熊本県熊本市北区清水亀井町１９－１０" }, "geometry": { "type": "Point", "coordinates": [ 130.721925, 32.839136 ] } },
{ "type": "Feature", "properties": { "ID": 4354300000331, "正式名称": "深浦薬局", "機関区分": 5, "都道府県コード": 43, "市区町村コード": 105, "所在地": "熊本県熊本市北区楠６丁目１番３８号", "緯度": 32.850153, "経度": 130.761453, "url": "https://www.iryou.teikyouseido.mhlw.go.jp/znk-web/juminkanja/S2430/initialize?prefCd=43&kikanCd=4300000331&kikanKbn=5", "url2": null, "内容": "深浦薬局【5:薬局】熊本県熊本市北区楠６丁目１番３８号" }, "geometry": { "type": "Point", "coordinates": [ 130.761453, 32.850153 ] } },
{ "type": "Feature", "properties": { "ID": 4354300000332, "正式名称": "堀川薬局", "機関区分": 5, "都道府県コード": 43, "市区町村コード": 105, "所在地": "熊本県熊本市北区八景水谷１丁目２４番１０号", "緯度": 32.848333, "経度": 130.724975, "url": "https://www.iryou.teikyouseido.mhlw.go.jp/znk-web/juminkanja/S2430/initialize?prefCd=43&kikanCd=4300000332&kikanKbn=5", "url2": null, "内容": "堀川薬局【5:薬局】熊本県熊本市北区八景水谷１丁目２４番１０号" }, "geometry": { "type": "Point", "coordinates": [ 130.724975, 32.848333 ] } },
{ "type": "Feature", "properties": { "ID": 4354300000333, "正式名称": "八景水谷薬局", "機関区分": 5, "都道府県コード": 43, "市区町村コード": 105, "所在地": "熊本県熊本市北区八景水谷２丁目６番４１号", "緯度": 32.846439, "経度": 130.725181, "url": "https://www.iryou.teikyouseido.mhlw.go.jp/znk-web/juminkanja/S2430/initialize?prefCd=43&kikanCd=4300000333&kikanKbn=5", "url2": null, "内容": "八景水谷薬局【5:薬局】熊本県熊本市北区八景水谷２丁目６番４１号" }, "geometry": { "type": "Point", "coordinates": [ 130.725181, 32.846439 ] } },
{ "type": "Feature", "properties": { "ID": 4354300000334, "正式名称": "むさし塚駅前薬局", "機関区分": 5, "都道府県コード": 43, "市区町村コード": 105, "所在地": "熊本県熊本市北区武蔵ケ丘１－８－２１", "緯度": 32.85065, "経度": 130.769553, "url": "https://www.iryou.teikyouseido.mhlw.go.jp/znk-web/juminkanja/S2430/initialize?prefCd=43&kikanCd=4300000334&kikanKbn=5", "url2": null, "内容": "むさし塚駅前薬局【5:薬局】熊本県熊本市北区武蔵ケ丘１－８－２１" }, "geometry": { "type": "Point", "coordinates": [ 130.769553, 32.85065 ] } },
{ "type": "Feature", "properties": { "ID": 4354300000335, "正式名称": "イルカ調剤薬局", "機関区分": 5, "都道府県コード": 43, "市区町村コード": 105, "所在地": "熊本県熊本市北区武蔵ケ丘２－１－３２", "緯度": 32.851853, "経度": 130.765715, "url": "https://www.iryou.teikyouseido.mhlw.go.jp/znk-web/juminkanja/S2430/initialize?prefCd=43&kikanCd=4300000335&kikanKbn=5", "url2": null, "内容": "イルカ調剤薬局【5:薬局】熊本県熊本市北区武蔵ケ丘２－１－３２" }, "geometry": { "type": "Point", "coordinates": [ 130.765715, 32.851853 ] } },
{ "type": "Feature", "properties": { "ID": 4354300000336, "正式名称": "有限会社あさひ調剤薬局", "機関区分": 5, "都道府県コード": 43, "市区町村コード": 204, "所在地": "熊本県荒尾市大島１００番地２", "緯度": 32.995006, "経度": 130.432947, "url": "https://www.iryou.teikyouseido.mhlw.go.jp/znk-web/juminkanja/S2430/initialize?prefCd=43&kikanCd=4300000336&kikanKbn=5", "url2": null, "内容": "有限会社あさひ調剤薬局【5:薬局】熊本県荒尾市大島１００番地２" }, "geometry": { "type": "Point", "coordinates": [ 130.432947, 32.995006 ] } },
{ "type": "Feature", "properties": { "ID": 4354300000337, "正式名称": "有限会社　爽快堂調剤薬局", "機関区分": 5, "都道府県コード": 43, "市区町村コード": 204, "所在地": "熊本県荒尾市荒尾字合路２０１８－５", "緯度": 32.980328, "経度": 130.433805, "url": "https://www.iryou.teikyouseido.mhlw.go.jp/znk-web/juminkanja/S2430/initialize?prefCd=43&kikanCd=4300000337&kikanKbn=5", "url2": null, "内容": "有限会社　爽快堂調剤薬局【5:薬局】熊本県荒尾市荒尾字合路２０１８－５" }, "geometry": { "type": "Point", "coordinates": [ 130.433805, 32.980328 ] } },
{ "type": "Feature", "properties": { "ID": 4354300000338, "正式名称": "有限会社調剤薬局ケンコー堂　シティモール前店", "機関区分": 5, "都道府県コード": 43, "市区町村コード": 204, "所在地": "熊本県荒尾市荒尾字上川後田４１６０－２６７", "緯度": 32.986145, "経度": 130.43246, "url": "https://www.iryou.teikyouseido.mhlw.go.jp/znk-web/juminkanja/S2430/initialize?prefCd=43&kikanCd=4300000338&kikanKbn=5", "url2": null, "内容": "有限会社調剤薬局ケンコー堂　シティモール前店【5:薬局】熊本県荒尾市荒尾字上川後田４１６０－２６７" }, "geometry": { "type": "Point", "coordinates": [ 130.43246, 32.986145 ] } },
{ "type": "Feature", "properties": { "ID": 4354300000339, "正式名称": "有限会社調剤薬局ケンコー堂　立願寺店", "機関区分": 5, "都道府県コード": 43, "市区町村コード": 206, "所在地": "熊本県玉名市岩崎字前９０２－２", "緯度": 32.93327, "経度": 130.55963, "url": "https://www.iryou.teikyouseido.mhlw.go.jp/znk-web/juminkanja/S2430/initialize?prefCd=43&kikanCd=4300000339&kikanKbn=5", "url2": null, "内容": "有限会社調剤薬局ケンコー堂　立願寺店【5:薬局】熊本県玉名市岩崎字前９０２－２" }, "geometry": { "type": "Point", "coordinates": [ 130.55963, 32.93327 ] } },
{ "type": "Feature", "properties": { "ID": 4354300000340, "正式名称": "いくら調剤薬局", "機関区分": 5, "都道府県コード": 43, "市区町村コード": 206, "所在地": "熊本県玉名市伊倉北方２７８－４", "緯度": 32.911711, "経度": 130.563746, "url": "https://www.iryou.teikyouseido.mhlw.go.jp/znk-web/juminkanja/S2430/initialize?prefCd=43&kikanCd=4300000340&kikanKbn=5", "url2": null, "内容": "いくら調剤薬局【5:薬局】熊本県玉名市伊倉北方２７８－４" }, "geometry": { "type": "Point", "coordinates": [ 130.563746, 32.911711 ] } },
{ "type": "Feature", "properties": { "ID": 4354300000341, "正式名称": "ヨシザキ薬局横島店", "機関区分": 5, "都道府県コード": 43, "市区町村コード": 206, "所在地": "熊本県玉名市横島町横島１７０７－１", "緯度": 32.879592, "経度": 130.554558, "url": "https://www.iryou.teikyouseido.mhlw.go.jp/znk-web/juminkanja/S2430/initialize?prefCd=43&kikanCd=4300000341&kikanKbn=5", "url2": null, "内容": "ヨシザキ薬局横島店【5:薬局】熊本県玉名市横島町横島１７０７－１" }, "geometry": { "type": "Point", "coordinates": [ 130.554558, 32.879592 ] } },
{ "type": "Feature", "properties": { "ID": 4354300000342, "正式名称": "有限会社ハッピー薬局", "機関区分": 5, "都道府県コード": 43, "市区町村コード": 206, "所在地": "熊本県玉名市滑石２５４０番地１", "緯度": 32.896771, "経度": 130.528868, "url": "https://www.iryou.teikyouseido.mhlw.go.jp/znk-web/juminkanja/S2430/initialize?prefCd=43&kikanCd=4300000342&kikanKbn=5", "url2": "http://happy-pharm.co.jp", "内容": "有限会社ハッピー薬局【5:薬局】熊本県玉名市滑石２５４０番地１" }, "geometry": { "type": "Point", "coordinates": [ 130.528868, 32.896771 ] } },
{ "type": "Feature", "properties": { "ID": 4354300000343, "正式名称": "つばめ薬局", "機関区分": 5, "都道府県コード": 43, "市区町村コード": 206, "所在地": "熊本県玉名市岩崎１２－１", "緯度": 32.931869, "経度": 130.562136, "url": "https://www.iryou.teikyouseido.mhlw.go.jp/znk-web/juminkanja/S2430/initialize?prefCd=43&kikanCd=4300000343&kikanKbn=5", "url2": "http://tsubame.deca.jp/", "内容": "つばめ薬局【5:薬局】熊本県玉名市岩崎１２－１" }, "geometry": { "type": "Point", "coordinates": [ 130.562136, 32.931869 ] } },
{ "type": "Feature", "properties": { "ID": 4354300000344, "正式名称": "しょうぶ薬局", "機関区分": 5, "都道府県コード": 43, "市区町村コード": 206, "所在地": "熊本県玉名市岩崎６５８－１", "緯度": 32.933996, "経度": 130.558709, "url": "https://www.iryou.teikyouseido.mhlw.go.jp/znk-web/juminkanja/S2430/initialize?prefCd=43&kikanCd=4300000344&kikanKbn=5", "url2": "http://www.pharma-daiwa.co.jp", "内容": "しょうぶ薬局【5:薬局】熊本県玉名市岩崎６５８－１" }, "geometry": { "type": "Point", "coordinates": [ 130.558709, 32.933996 ] } },
{ "type": "Feature", "properties": { "ID": 4354300000345, "正式名称": "ひかり調剤薬局", "機関区分": 5, "都道府県コード": 43, "市区町村コード": 206, "所在地": "熊本県玉名市亀甲１１５－８", "緯度": 32.928906, "経度": 130.555556, "url": "https://www.iryou.teikyouseido.mhlw.go.jp/znk-web/juminkanja/S2430/initialize?prefCd=43&kikanCd=4300000345&kikanKbn=5", "url2": "https://pharmaunion.co.jp/shoplist/hikari/", "内容": "ひかり調剤薬局【5:薬局】熊本県玉名市亀甲１１５－８" }, "geometry": { "type": "Point", "coordinates": [ 130.555556, 32.928906 ] } },
{ "type": "Feature", "properties": { "ID": 4354300000346, "正式名称": "かめのこ調剤薬局", "機関区分": 5, "都道府県コード": 43, "市区町村コード": 206, "所在地": "熊本県玉名市亀甲", "緯度": 32.928528, "経度": 130.5538, "url": "https://www.iryou.teikyouseido.mhlw.go.jp/znk-web/juminkanja/S2430/initialize?prefCd=43&kikanCd=4300000346&kikanKbn=5", "url2": "http://www.maron-pharma.com", "内容": "かめのこ調剤薬局【5:薬局】熊本県玉名市亀甲" }, "geometry": { "type": "Point", "coordinates": [ 130.5538, 32.928528 ] } },
{ "type": "Feature", "properties": { "ID": 4354300000347, "正式名称": "そうごう薬局　玉名亀甲店", "機関区分": 5, "都道府県コード": 43, "市区町村コード": 206, "所在地": "熊本県玉名市亀甲２５１－４", "緯度": 32.929369, "経度": 130.551319, "url": "https://www.iryou.teikyouseido.mhlw.go.jp/znk-web/juminkanja/S2430/initialize?prefCd=43&kikanCd=4300000347&kikanKbn=5", "url2": "https://shop.sogo-pharmacy.jp/detail/456/", "内容": "そうごう薬局　玉名亀甲店【5:薬局】熊本県玉名市亀甲２５１－４" }, "geometry": { "type": "Point", "coordinates": [ 130.551319, 32.929369 ] } },
{ "type": "Feature", "properties": { "ID": 4354300000348, "正式名称": "新生堂薬局　くまもと県北病院前店", "機関区分": 5, "都道府県コード": 43, "市区町村コード": 206, "所在地": "熊本県玉名市玉名４２９ー１", "緯度": 32.945831, "経度": 130.577263, "url": "https://www.iryou.teikyouseido.mhlw.go.jp/znk-web/juminkanja/S2430/initialize?prefCd=43&kikanCd=4300000348&kikanKbn=5", "url2": "https://sinseido-co.jp/", "内容": "新生堂薬局　くまもと県北病院前店【5:薬局】熊本県玉名市玉名４２９ー１" }, "geometry": { "type": "Point", "coordinates": [ 130.577263, 32.945831 ] } },
{ "type": "Feature", "properties": { "ID": 4354300000349, "正式名称": "そうごう薬局高瀬店", "機関区分": 5, "都道府県コード": 43, "市区町村コード": 206, "所在地": "熊本県玉名市高瀬３２３－２", "緯度": 32.92984, "経度": 130.56299, "url": "https://www.iryou.teikyouseido.mhlw.go.jp/znk-web/juminkanja/S2430/initialize?prefCd=43&kikanCd=4300000349&kikanKbn=5", "url2": "https://www.sogo-medical.co.jp/sogopharmacy/shop/view/575", "内容": "そうごう薬局高瀬店【5:薬局】熊本県玉名市高瀬３２３－２" }, "geometry": { "type": "Point", "coordinates": [ 130.56299, 32.92984 ] } },
{ "type": "Feature", "properties": { "ID": 4354300000350, "正式名称": "有限会社吉崎調剤薬局", "機関区分": 5, "都道府県コード": 43, "市区町村コード": 206, "所在地": "熊本県玉名市高瀬５０６－１", "緯度": 32.927882, "経度": 130.562013, "url": "https://www.iryou.teikyouseido.mhlw.go.jp/znk-web/juminkanja/S2430/initialize?prefCd=43&kikanCd=4300000350&kikanKbn=5", "url2": null, "内容": "有限会社吉崎調剤薬局【5:薬局】熊本県玉名市高瀬５０６－１" }, "geometry": { "type": "Point", "coordinates": [ 130.562013, 32.927882 ] } },
{ "type": "Feature", "properties": { "ID": 4354300000351, "正式名称": "そうごう薬局　立願寺店", "機関区分": 5, "都道府県コード": 43, "市区町村コード": 206, "所在地": "熊本県玉名市山田高岡原２０１９－１", "緯度": 32.94558, "経度": 130.53719, "url": "https://www.iryou.teikyouseido.mhlw.go.jp/znk-web/juminkanja/S2430/initialize?prefCd=43&kikanCd=4300000351&kikanKbn=5", "url2": "https://www.sogo-medical.co.jp/sogopharmacy/shop/view/128", "内容": "そうごう薬局　立願寺店【5:薬局】熊本県玉名市山田高岡原２０１９－１" }, "geometry": { "type": "Point", "coordinates": [ 130.53719, 32.94558 ] } },
{ "type": "Feature", "properties": { "ID": 4354300000352, "正式名称": "そうごう薬局　玉名店", "機関区分": 5, "都道府県コード": 43, "市区町村コード": 206, "所在地": "熊本県玉名市寺田４３０－４", "緯度": 32.921469, "経度": 130.588308, "url": "https://www.iryou.teikyouseido.mhlw.go.jp/znk-web/juminkanja/S2430/initialize?prefCd=43&kikanCd=4300000352&kikanKbn=5", "url2": "https://shop.sogo-pharmacy.jp/detail/125/", "内容": "そうごう薬局　玉名店【5:薬局】熊本県玉名市寺田４３０－４" }, "geometry": { "type": "Point", "coordinates": [ 130.588308, 32.921469 ] } },
{ "type": "Feature", "properties": { "ID": 4354300000353, "正式名称": "いちご薬局　玉名店", "機関区分": 5, "都道府県コード": 43, "市区町村コード": 206, "所在地": "熊本県玉名市松木２４－３", "緯度": 32.924356, "経度": 130.554146, "url": "https://www.iryou.teikyouseido.mhlw.go.jp/znk-web/juminkanja/S2430/initialize?prefCd=43&kikanCd=4300000353&kikanKbn=5", "url2": null, "内容": "いちご薬局　玉名店【5:薬局】熊本県玉名市松木２４－３" }, "geometry": { "type": "Point", "coordinates": [ 130.554146, 32.924356 ] } },
{ "type": "Feature", "properties": { "ID": 4354300000354, "正式名称": "ハッピー薬局高道店", "機関区分": 5, "都道府県コード": 43, "市区町村コード": 206, "所在地": "熊本県玉名市岱明町高道１１９５", "緯度": 32.908569, "経度": 130.513158, "url": "https://www.iryou.teikyouseido.mhlw.go.jp/znk-web/juminkanja/S2430/initialize?prefCd=43&kikanCd=4300000354&kikanKbn=5", "url2": null, "内容": "ハッピー薬局高道店【5:薬局】熊本県玉名市岱明町高道１１９５" }, "geometry": { "type": "Point", "coordinates": [ 130.513158, 32.908569 ] } },
{ "type": "Feature", "properties": { "ID": 4354300000355, "正式名称": "ハッピー薬局岱明店", "機関区分": 5, "都道府県コード": 43, "市区町村コード": 206, "所在地": "熊本県玉名市岱明町大野下１５１３－６", "緯度": 32.921132, "経度": 130.502916, "url": "https://www.iryou.teikyouseido.mhlw.go.jp/znk-web/juminkanja/S2430/initialize?prefCd=43&kikanCd=4300000355&kikanKbn=5", "url2": "http://www.happy-pharm.co.jp/", "内容": "ハッピー薬局岱明店【5:薬局】熊本県玉名市岱明町大野下１５１３－６" }, "geometry": { "type": "Point", "coordinates": [ 130.502916, 32.921132 ] } },
{ "type": "Feature", "properties": { "ID": 4354300000356, "正式名称": "スカイメディカル玉名薬局", "機関区分": 5, "都道府県コード": 43, "市区町村コード": 206, "所在地": "熊本県玉名市築地字大坪１９６－１", "緯度": 32.945835, "経度": 130.52812, "url": "https://www.iryou.teikyouseido.mhlw.go.jp/znk-web/juminkanja/S2430/initialize?prefCd=43&kikanCd=4300000356&kikanKbn=5", "url2": "https://skymedical.jp", "内容": "スカイメディカル玉名薬局【5:薬局】熊本県玉名市築地字大坪１９６－１" }, "geometry": { "type": "Point", "coordinates": [ 130.52812, 32.945835 ] } },
{ "type": "Feature", "properties": { "ID": 4354300000357, "正式名称": "有限会社吉永薬局　ハート薬局", "機関区分": 5, "都道府県コード": 43, "市区町村コード": 206, "所在地": "熊本県玉名市築地字平町１０－７", "緯度": 32.945835, "経度": 130.52812, "url": "https://www.iryou.teikyouseido.mhlw.go.jp/znk-web/juminkanja/S2430/initialize?prefCd=43&kikanCd=4300000357&kikanKbn=5", "url2": null, "内容": "有限会社吉永薬局　ハート薬局【5:薬局】熊本県玉名市築地字平町１０－７" }, "geometry": { "type": "Point", "coordinates": [ 130.52812, 32.945835 ] } },
{ "type": "Feature", "properties": { "ID": 4354300000358, "正式名称": "たまな駅前薬局", "機関区分": 5, "都道府県コード": 43, "市区町村コード": 206, "所在地": "熊本県玉名市中１０２７－９", "緯度": 32.926244, "経度": 130.547898, "url": "https://www.iryou.teikyouseido.mhlw.go.jp/znk-web/juminkanja/S2430/initialize?prefCd=43&kikanCd=4300000358&kikanKbn=5", "url2": null, "内容": "たまな駅前薬局【5:薬局】熊本県玉名市中１０２７－９" }, "geometry": { "type": "Point", "coordinates": [ 130.547898, 32.926244 ] } },
{ "type": "Feature", "properties": { "ID": 4354300000359, "正式名称": "やまと薬局", "機関区分": 5, "都道府県コード": 43, "市区町村コード": 206, "所在地": "熊本県玉名市中１８３６－６", "緯度": 32.929411, "経度": 130.548384, "url": "https://www.iryou.teikyouseido.mhlw.go.jp/znk-web/juminkanja/S2430/initialize?prefCd=43&kikanCd=4300000359&kikanKbn=5", "url2": "https://yamato-pharmacy.jimdosite.com/", "内容": "やまと薬局【5:薬局】熊本県玉名市中１８３６－６" }, "geometry": { "type": "Point", "coordinates": [ 130.548384, 32.929411 ] } },
{ "type": "Feature", "properties": { "ID": 4354300000360, "正式名称": "新生堂薬局　玉名はねぎ店", "機関区分": 5, "都道府県コード": 43, "市区町村コード": 206, "所在地": "熊本県玉名市繁根木１４－１", "緯度": 32.930331, "経度": 130.558108, "url": "https://www.iryou.teikyouseido.mhlw.go.jp/znk-web/juminkanja/S2430/initialize?prefCd=43&kikanCd=4300000360&kikanKbn=5", "url2": "https://sinseido-co.jp/", "内容": "新生堂薬局　玉名はねぎ店【5:薬局】熊本県玉名市繁根木１４－１" }, "geometry": { "type": "Point", "coordinates": [ 130.558108, 32.930331 ] } },
{ "type": "Feature", "properties": { "ID": 4354300000361, "正式名称": "Ｄ　Ｉ　薬局　玉名店", "機関区分": 5, "都道府県コード": 43, "市区町村コード": 206, "所在地": "熊本県玉名市立願寺１３７－１", "緯度": 32.933508, "経度": 130.551956, "url": "https://www.iryou.teikyouseido.mhlw.go.jp/znk-web/juminkanja/S2430/initialize?prefCd=43&kikanCd=4300000361&kikanKbn=5", "url2": null, "内容": "Ｄ　Ｉ　薬局　玉名店【5:薬局】熊本県玉名市立願寺１３７－１" }, "geometry": { "type": "Point", "coordinates": [ 130.551956, 32.933508 ] } },
{ "type": "Feature", "properties": { "ID": 4354300000362, "正式名称": "双葉薬局", "機関区分": 5, "都道府県コード": 43, "市区町村コード": 206, "所在地": "熊本県玉名市立願寺１９０－５", "緯度": 32.933469, "経度": 130.5504, "url": "https://www.iryou.teikyouseido.mhlw.go.jp/znk-web/juminkanja/S2430/initialize?prefCd=43&kikanCd=4300000362&kikanKbn=5", "url2": "http://www.futabapharmacy.com", "内容": "双葉薬局【5:薬局】熊本県玉名市立願寺１９０－５" }, "geometry": { "type": "Point", "coordinates": [ 130.5504, 32.933469 ] } },
{ "type": "Feature", "properties": { "ID": 4354300000363, "正式名称": "ライフ薬局", "機関区分": 5, "都道府県コード": 43, "市区町村コード": 206, "所在地": "熊本県玉名市六田３７－１", "緯度": 32.921897, "経度": 130.541736, "url": "https://www.iryou.teikyouseido.mhlw.go.jp/znk-web/juminkanja/S2430/initialize?prefCd=43&kikanCd=4300000363&kikanKbn=5", "url2": null, "内容": "ライフ薬局【5:薬局】熊本県玉名市六田３７－１" }, "geometry": { "type": "Point", "coordinates": [ 130.541736, 32.921897 ] } },
{ "type": "Feature", "properties": { "ID": 4354300000366, "正式名称": "あけぼの薬局", "機関区分": 5, "都道府県コード": 43, "市区町村コード": 204, "所在地": "熊本県荒尾市荒尾２６６６－１", "緯度": 32.974694, "経度": 130.447264, "url": "https://www.iryou.teikyouseido.mhlw.go.jp/znk-web/juminkanja/S2430/initialize?prefCd=43&kikanCd=4300000366&kikanKbn=5", "url2": null, "内容": "あけぼの薬局【5:薬局】熊本県荒尾市荒尾２６６６－１" }, "geometry": { "type": "Point", "coordinates": [ 130.447264, 32.974694 ] } },
{ "type": "Feature", "properties": { "ID": 4354300000367, "正式名称": "ハッピー薬局荒尾店", "機関区分": 5, "都道府県コード": 43, "市区町村コード": 204, "所在地": "熊本県荒尾市荒尾４１６０番地２５５", "緯度": 32.981744, "経度": 130.466722, "url": "https://www.iryou.teikyouseido.mhlw.go.jp/znk-web/juminkanja/S2430/initialize?prefCd=43&kikanCd=4300000367&kikanKbn=5", "url2": null, "内容": "ハッピー薬局荒尾店【5:薬局】熊本県荒尾市荒尾４１６０番地２５５" }, "geometry": { "type": "Point", "coordinates": [ 130.466722, 32.981744 ] } },
{ "type": "Feature", "properties": { "ID": 4354300000368, "正式名称": "有限会社　アイ調剤薬局大谷店", "機関区分": 5, "都道府県コード": 43, "市区町村コード": 204, "所在地": "熊本県荒尾市荒尾４５４４－５２", "緯度": 32.985905, "経度": 130.455276, "url": "https://www.iryou.teikyouseido.mhlw.go.jp/znk-web/juminkanja/S2430/initialize?prefCd=43&kikanCd=4300000368&kikanKbn=5", "url2": null, "内容": "有限会社　アイ調剤薬局大谷店【5:薬局】熊本県荒尾市荒尾４５４４－５２" }, "geometry": { "type": "Point", "coordinates": [ 130.455276, 32.985905 ] } },
{ "type": "Feature", "properties": { "ID": 4354300000369, "正式名称": "ひかり薬局荒尾店", "機関区分": 5, "都道府県コード": 43, "市区町村コード": 204, "所在地": "熊本県荒尾市荒尾７９３", "緯度": 32.985503, "経度": 130.432304, "url": "https://www.iryou.teikyouseido.mhlw.go.jp/znk-web/juminkanja/S2430/initialize?prefCd=43&kikanCd=4300000369&kikanKbn=5", "url2": "https://u-associate.com/", "内容": "ひかり薬局荒尾店【5:薬局】熊本県荒尾市荒尾７９３" }, "geometry": { "type": "Point", "coordinates": [ 130.432304, 32.985503 ] } },
{ "type": "Feature", "properties": { "ID": 4354300000370, "正式名称": "そうごう薬局　荒尾店", "機関区分": 5, "都道府県コード": 43, "市区町村コード": 204, "所在地": "熊本県荒尾市荒尾８１３－３", "緯度": 32.984761, "経度": 130.432025, "url": "https://www.iryou.teikyouseido.mhlw.go.jp/znk-web/juminkanja/S2430/initialize?prefCd=43&kikanCd=4300000370&kikanKbn=5", "url2": "https://shop.sogo-pharmacy.jp/detail/107/", "内容": "そうごう薬局　荒尾店【5:薬局】熊本県荒尾市荒尾８１３－３" }, "geometry": { "type": "Point", "coordinates": [ 130.432025, 32.984761 ] } },
{ "type": "Feature", "properties": { "ID": 4354300000371, "正式名称": "瀬戸薬局　四ッ山店", "機関区分": 5, "都道府県コード": 43, "市区町村コード": 204, "所在地": "熊本県荒尾市四ツ山町３－６－１", "緯度": 33.004017, "経度": 130.431217, "url": "https://www.iryou.teikyouseido.mhlw.go.jp/znk-web/juminkanja/S2430/initialize?prefCd=43&kikanCd=4300000371&kikanKbn=5", "url2": "http://setoyakkyoku.com", "内容": "瀬戸薬局　四ッ山店【5:薬局】熊本県荒尾市四ツ山町３－６－１" }, "geometry": { "type": "Point", "coordinates": [ 130.431217, 33.004017 ] } },
{ "type": "Feature", "properties": { "ID": 4354300000372, "正式名称": "そうごう薬局　四ツ山店", "機関区分": 5, "都道府県コード": 43, "市区町村コード": 204, "所在地": "熊本県荒尾市四ツ山町３－２－２９", "緯度": 33.004326, "経度": 130.430173, "url": "https://www.iryou.teikyouseido.mhlw.go.jp/znk-web/juminkanja/S2430/initialize?prefCd=43&kikanCd=4300000372&kikanKbn=5", "url2": "https://www.sogo-pharmacy.jp/shop/view/103", "内容": "そうごう薬局　四ツ山店【5:薬局】熊本県荒尾市四ツ山町３－２－２９" }, "geometry": { "type": "Point", "coordinates": [ 130.430173, 33.004326 ] } },
{ "type": "Feature", "properties": { "ID": 4354300000373, "正式名称": "四ツ山はるかぜ薬局", "機関区分": 5, "都道府県コード": 43, "市区町村コード": 204, "所在地": "熊本県荒尾市四ツ山町３丁目１番２", "緯度": 33.003508, "経度": 130.430817, "url": "https://www.iryou.teikyouseido.mhlw.go.jp/znk-web/juminkanja/S2430/initialize?prefCd=43&kikanCd=4300000373&kikanKbn=5", "url2": "http://arao-harukaze.jp/", "内容": "四ツ山はるかぜ薬局【5:薬局】熊本県荒尾市四ツ山町３丁目１番２" }, "geometry": { "type": "Point", "coordinates": [ 130.430817, 33.003508 ] } },
{ "type": "Feature", "properties": { "ID": 4354300000374, "正式名称": "西原町すこやか調剤薬局", "機関区分": 5, "都道府県コード": 43, "市区町村コード": 204, "所在地": "熊本県荒尾市西原町１丁目５－１", "緯度": 33.001474, "経度": 130.434571, "url": "https://www.iryou.teikyouseido.mhlw.go.jp/znk-web/juminkanja/S2430/initialize?prefCd=43&kikanCd=4300000374&kikanKbn=5", "url2": null, "内容": "西原町すこやか調剤薬局【5:薬局】熊本県荒尾市西原町１丁目５－１" }, "geometry": { "type": "Point", "coordinates": [ 130.434571, 33.001474 ] } },
{ "type": "Feature", "properties": { "ID": 4354300000376, "正式名称": "山の手調剤薬局", "機関区分": 5, "都道府県コード": 43, "市区町村コード": 204, "所在地": "熊本県荒尾市川登１８６８－１０", "緯度": 32.980727, "経度": 130.467601, "url": "https://www.iryou.teikyouseido.mhlw.go.jp/znk-web/juminkanja/S2430/initialize?prefCd=43&kikanCd=4300000376&kikanKbn=5", "url2": null, "内容": "山の手調剤薬局【5:薬局】熊本県荒尾市川登１８６８－１０" }, "geometry": { "type": "Point", "coordinates": [ 130.467601, 32.980727 ] } },
{ "type": "Feature", "properties": { "ID": 4354300000377, "正式名称": "瀬戸薬局山浦店", "機関区分": 5, "都道府県コード": 43, "市区町村コード": 204, "所在地": "熊本県荒尾市増永字山浦２５５７－１", "緯度": 32.974064, "経度": 130.45079, "url": "https://www.iryou.teikyouseido.mhlw.go.jp/znk-web/juminkanja/S2430/initialize?prefCd=43&kikanCd=4300000377&kikanKbn=5", "url2": null, "内容": "瀬戸薬局山浦店【5:薬局】熊本県荒尾市増永字山浦２５５７－１" }, "geometry": { "type": "Point", "coordinates": [ 130.45079, 32.974064 ] } },
{ "type": "Feature", "properties": { "ID": 4354300000378, "正式名称": "あらお桜山調剤薬局", "機関区分": 5, "都道府県コード": 43, "市区町村コード": 204, "所在地": "熊本県荒尾市蔵満１８９０－５", "緯度": 32.963217, "経度": 130.450364, "url": "https://www.iryou.teikyouseido.mhlw.go.jp/znk-web/juminkanja/S2430/initialize?prefCd=43&kikanCd=4300000378&kikanKbn=5", "url2": null, "内容": "あらお桜山調剤薬局【5:薬局】熊本県荒尾市蔵満１８９０－５" }, "geometry": { "type": "Point", "coordinates": [ 130.450364, 32.963217 ] } },
{ "type": "Feature", "properties": { "ID": 4354300000379, "正式名称": "溝上薬局ひがしやかた店", "機関区分": 5, "都道府県コード": 43, "市区町村コード": 204, "所在地": "熊本県荒尾市東屋形町四丁目２番地３２号", "緯度": 32.964115, "経度": 130.460708, "url": "https://www.iryou.teikyouseido.mhlw.go.jp/znk-web/juminkanja/S2430/initialize?prefCd=43&kikanCd=4300000379&kikanKbn=5", "url2": "http://www.miz-pharmacy.co.jp", "内容": "溝上薬局ひがしやかた店【5:薬局】熊本県荒尾市東屋形町四丁目２番地３２号" }, "geometry": { "type": "Point", "coordinates": [ 130.460708, 32.964115 ] } },
{ "type": "Feature", "properties": { "ID": 4354300000380, "正式名称": "夢が丘薬局", "機関区分": 5, "都道府県コード": 43, "市区町村コード": 204, "所在地": "熊本県荒尾市本井手１５５８－９６", "緯度": 32.985628, "経度": 130.472308, "url": "https://www.iryou.teikyouseido.mhlw.go.jp/znk-web/juminkanja/S2430/initialize?prefCd=43&kikanCd=4300000380&kikanKbn=5", "url2": null, "内容": "夢が丘薬局【5:薬局】熊本県荒尾市本井手１５５８－９６" }, "geometry": { "type": "Point", "coordinates": [ 130.472308, 32.985628 ] } },
{ "type": "Feature", "properties": { "ID": 4354300000381, "正式名称": "あらおシティ薬局", "機関区分": 5, "都道府県コード": 43, "市区町村コード": 204, "所在地": "熊本県荒尾市緑ケ丘２丁目４－４", "緯度": 32.985074, "経度": 130.471463, "url": "https://www.iryou.teikyouseido.mhlw.go.jp/znk-web/juminkanja/S2430/initialize?prefCd=43&kikanCd=4300000381&kikanKbn=5", "url2": null, "内容": "あらおシティ薬局【5:薬局】熊本県荒尾市緑ケ丘２丁目４－４" }, "geometry": { "type": "Point", "coordinates": [ 130.471463, 32.985074 ] } },
{ "type": "Feature", "properties": { "ID": 4354300000382, "正式名称": "松林堂薬局", "機関区分": 5, "都道府県コード": 43, "市区町村コード": 367, "所在地": "熊本県玉名郡南関町上長田６６４―１", "緯度": 33.026977, "経度": 130.530257, "url": "https://www.iryou.teikyouseido.mhlw.go.jp/znk-web/juminkanja/S2430/initialize?prefCd=43&kikanCd=4300000382&kikanKbn=5", "url2": "http://siranui.medics.jp", "内容": "松林堂薬局【5:薬局】熊本県玉名郡南関町上長田６６４―１" }, "geometry": { "type": "Point", "coordinates": [ 130.530257, 33.026977 ] } },
{ "type": "Feature", "properties": { "ID": 4354300000383, "正式名称": "有限会社なごみ薬局", "機関区分": 5, "都道府県コード": 43, "市区町村コード": 367, "所在地": "熊本県玉名郡南関町上坂下３４７８－４", "緯度": 33.016286, "経度": 130.559134, "url": "https://www.iryou.teikyouseido.mhlw.go.jp/znk-web/juminkanja/S2430/initialize?prefCd=43&kikanCd=4300000383&kikanKbn=5", "url2": "https://sites.google.com/view/nagomipharmacy", "内容": "有限会社なごみ薬局【5:薬局】熊本県玉名郡南関町上坂下３４７８－４" }, "geometry": { "type": "Point", "coordinates": [ 130.559134, 33.016286 ] } },
{ "type": "Feature", "properties": { "ID": 4354300000384, "正式名称": "有限会社あおぞら薬局", "機関区分": 5, "都道府県コード": 43, "市区町村コード": 368, "所在地": "熊本県玉名郡長洲町宮野１４６３－３", "緯度": 32.931347, "経度": 130.491044, "url": "https://www.iryou.teikyouseido.mhlw.go.jp/znk-web/juminkanja/S2430/initialize?prefCd=43&kikanCd=4300000384&kikanKbn=5", "url2": null, "内容": "有限会社あおぞら薬局【5:薬局】熊本県玉名郡長洲町宮野１４６３－３" }, "geometry": { "type": "Point", "coordinates": [ 130.491044, 32.931347 ] } },
{ "type": "Feature", "properties": { "ID": 4354300000385, "正式名称": "そうごう薬局有明長洲店", "機関区分": 5, "都道府県コード": 43, "市区町村コード": 368, "所在地": "熊本県玉名郡長洲町宮野２７７５番地１", "緯度": 32.936953, "経度": 130.484726, "url": "https://www.iryou.teikyouseido.mhlw.go.jp/znk-web/juminkanja/S2430/initialize?prefCd=43&kikanCd=4300000385&kikanKbn=5", "url2": "https://www.sogo-medical.co.jp/", "内容": "そうごう薬局有明長洲店【5:薬局】熊本県玉名郡長洲町宮野２７７５番地１" }, "geometry": { "type": "Point", "coordinates": [ 130.484726, 32.936953 ] } },
{ "type": "Feature", "properties": { "ID": 4354300000386, "正式名称": "ヤマムラ薬局", "機関区分": 5, "都道府県コード": 43, "市区町村コード": 368, "所在地": "熊本県玉名郡長洲町高浜１４８３番地の１", "緯度": 32.935789, "経度": 130.454349, "url": "https://www.iryou.teikyouseido.mhlw.go.jp/znk-web/juminkanja/S2430/initialize?prefCd=43&kikanCd=4300000386&kikanKbn=5", "url2": "http://www.nagasushoko.jp/products/detail/19", "内容": "ヤマムラ薬局【5:薬局】熊本県玉名郡長洲町高浜１４８３番地の１" }, "geometry": { "type": "Point", "coordinates": [ 130.454349, 32.935789 ] } },
{ "type": "Feature", "properties": { "ID": 4354300000387, "正式名称": "長洲金魚薬局", "機関区分": 5, "都道府県コード": 43, "市区町村コード": 368, "所在地": "熊本県玉名郡長洲町大字清源寺字山下２７９３－１", "緯度": 32.918933, "経度": 130.473665, "url": "https://www.iryou.teikyouseido.mhlw.go.jp/znk-web/juminkanja/S2430/initialize?prefCd=43&kikanCd=4300000387&kikanKbn=5", "url2": null, "内容": "長洲金魚薬局【5:薬局】熊本県玉名郡長洲町大字清源寺字山下２７９３－１" }, "geometry": { "type": "Point", "coordinates": [ 130.473665, 32.918933 ] } },
{ "type": "Feature", "properties": { "ID": 4354300000388, "正式名称": "林田薬局", "機関区分": 5, "都道府県コード": 43, "市区町村コード": 368, "所在地": "熊本県玉名郡長洲町長洲", "緯度": 32.932647, "経度": 130.445892, "url": "https://www.iryou.teikyouseido.mhlw.go.jp/znk-web/juminkanja/S2430/initialize?prefCd=43&kikanCd=4300000388&kikanKbn=5", "url2": null, "内容": "林田薬局【5:薬局】熊本県玉名郡長洲町長洲" }, "geometry": { "type": "Point", "coordinates": [ 130.445892, 32.932647 ] } },
{ "type": "Feature", "properties": { "ID": 4354300000389, "正式名称": "長洲まりん薬局", "機関区分": 5, "都道府県コード": 43, "市区町村コード": 368, "所在地": "熊本県玉名郡長洲町長洲２７１５－１", "緯度": 32.928049, "経度": 130.453284, "url": "https://www.iryou.teikyouseido.mhlw.go.jp/znk-web/juminkanja/S2430/initialize?prefCd=43&kikanCd=4300000389&kikanKbn=5", "url2": null, "内容": "長洲まりん薬局【5:薬局】熊本県玉名郡長洲町長洲２７１５－１" }, "geometry": { "type": "Point", "coordinates": [ 130.453284, 32.928049 ] } },
{ "type": "Feature", "properties": { "ID": 4354300000390, "正式名称": "菊水堂薬局有限会社", "機関区分": 5, "都道府県コード": 43, "市区町村コード": 369, "所在地": "熊本県玉名郡和水町江田４１４４", "緯度": 32.981442, "経度": 130.604383, "url": "https://www.iryou.teikyouseido.mhlw.go.jp/znk-web/juminkanja/S2430/initialize?prefCd=43&kikanCd=4300000390&kikanKbn=5", "url2": null, "内容": "菊水堂薬局有限会社【5:薬局】熊本県玉名郡和水町江田４１４４" }, "geometry": { "type": "Point", "coordinates": [ 130.604383, 32.981442 ] } },
{ "type": "Feature", "properties": { "ID": 4354300000391, "正式名称": "地域の薬局", "機関区分": 5, "都道府県コード": 43, "市区町村コード": 364, "所在地": "熊本県玉名郡玉東町木葉７５５番７", "緯度": 32.918786, "経度": 130.629642, "url": "https://www.iryou.teikyouseido.mhlw.go.jp/znk-web/juminkanja/S2430/initialize?prefCd=43&kikanCd=4300000391&kikanKbn=5", "url2": null, "内容": "地域の薬局【5:薬局】熊本県玉名郡玉東町木葉７５５番７" }, "geometry": { "type": "Point", "coordinates": [ 130.629642, 32.918786 ] } },
{ "type": "Feature", "properties": { "ID": 4354300000392, "正式名称": "ハッピー薬局　松木店", "機関区分": 5, "都道府県コード": 43, "市区町村コード": 206, "所在地": "熊本県玉名市松木１３番地３", "緯度": 32.924367, "経度": 130.554968, "url": "https://www.iryou.teikyouseido.mhlw.go.jp/znk-web/juminkanja/S2430/initialize?prefCd=43&kikanCd=4300000392&kikanKbn=5", "url2": "http://happy-pharm.co.jp", "内容": "ハッピー薬局　松木店【5:薬局】熊本県玉名市松木１３番地３" }, "geometry": { "type": "Point", "coordinates": [ 130.554968, 32.924367 ] } },
{ "type": "Feature", "properties": { "ID": 4354300000393, "正式名称": "あかり薬局", "機関区分": 5, "都道府県コード": 43, "市区町村コード": 206, "所在地": "熊本県玉名市大浜町", "緯度": 32.879445, "経度": 130.535603, "url": "https://www.iryou.teikyouseido.mhlw.go.jp/znk-web/juminkanja/S2430/initialize?prefCd=43&kikanCd=4300000393&kikanKbn=5", "url2": null, "内容": "あかり薬局【5:薬局】熊本県玉名市大浜町" }, "geometry": { "type": "Point", "coordinates": [ 130.535603, 32.879445 ] } },
{ "type": "Feature", "properties": { "ID": 4354300000394, "正式名称": "オレンジ薬局おあま店", "機関区分": 5, "都道府県コード": 43, "市区町村コード": 206, "所在地": "熊本県玉名市天水町小天６９８７－１", "緯度": 32.863464, "経度": 130.593619, "url": "https://www.iryou.teikyouseido.mhlw.go.jp/znk-web/juminkanja/S2430/initialize?prefCd=43&kikanCd=4300000394&kikanKbn=5", "url2": "https://orangepharmacy.jp/", "内容": "オレンジ薬局おあま店【5:薬局】熊本県玉名市天水町小天６９８７－１" }, "geometry": { "type": "Point", "coordinates": [ 130.593619, 32.863464 ] } },
{ "type": "Feature", "properties": { "ID": 4354300000396, "正式名称": "ハニー薬局", "機関区分": 5, "都道府県コード": 43, "市区町村コード": 208, "所在地": "熊本県山鹿市熊入町３１５", "緯度": 33.028883, "経度": 130.682686, "url": "https://www.iryou.teikyouseido.mhlw.go.jp/znk-web/juminkanja/S2430/initialize?prefCd=43&kikanCd=4300000396&kikanKbn=5", "url2": "honey-yakkyoku.com", "内容": "ハニー薬局【5:薬局】熊本県山鹿市熊入町３１５" }, "geometry": { "type": "Point", "coordinates": [ 130.682686, 33.028883 ] } },
{ "type": "Feature", "properties": { "ID": 4354300000397, "正式名称": "エース・薬局", "機関区分": 5, "都道府県コード": 43, "市区町村コード": 208, "所在地": "熊本県山鹿市古閑１０００番地１", "緯度": 33.008666, "経度": 130.716589, "url": "https://www.iryou.teikyouseido.mhlw.go.jp/znk-web/juminkanja/S2430/initialize?prefCd=43&kikanCd=4300000397&kikanKbn=5", "url2": null, "内容": "エース・薬局【5:薬局】熊本県山鹿市古閑１０００番地１" }, "geometry": { "type": "Point", "coordinates": [ 130.716589, 33.008666 ] } },
{ "type": "Feature", "properties": { "ID": 4354300000398, "正式名称": "まつ薬局", "機関区分": 5, "都道府県コード": 43, "市区町村コード": 208, "所在地": "熊本県山鹿市山鹿１", "緯度": 33.014375, "経度": 130.690669, "url": "https://www.iryou.teikyouseido.mhlw.go.jp/znk-web/juminkanja/S2430/initialize?prefCd=43&kikanCd=4300000398&kikanKbn=5", "url2": null, "内容": "まつ薬局【5:薬局】熊本県山鹿市山鹿１" }, "geometry": { "type": "Point", "coordinates": [ 130.690669, 33.014375 ] } },
{ "type": "Feature", "properties": { "ID": 4354300000399, "正式名称": "きりん薬局松坂店", "機関区分": 5, "都道府県コード": 43, "市区町村コード": 208, "所在地": "熊本県山鹿市山鹿１０８７番地３", "緯度": 33.019558, "経度": 130.688735, "url": "https://www.iryou.teikyouseido.mhlw.go.jp/znk-web/juminkanja/S2430/initialize?prefCd=43&kikanCd=4300000399&kikanKbn=5", "url2": null, "内容": "きりん薬局松坂店【5:薬局】熊本県山鹿市山鹿１０８７番地３" }, "geometry": { "type": "Point", "coordinates": [ 130.688735, 33.019558 ] } },
{ "type": "Feature", "properties": { "ID": 4354300000400, "正式名称": "有限会社　江上薬局グリーンファーマシイ", "機関区分": 5, "都道府県コード": 43, "市区町村コード": 208, "所在地": "熊本県山鹿市山鹿１８４２－１８", "緯度": 33.012578, "経度": 130.687567, "url": "https://www.iryou.teikyouseido.mhlw.go.jp/znk-web/juminkanja/S2430/initialize?prefCd=43&kikanCd=4300000400&kikanKbn=5", "url2": null, "内容": "有限会社　江上薬局グリーンファーマシイ【5:薬局】熊本県山鹿市山鹿１８４２－１８" }, "geometry": { "type": "Point", "coordinates": [ 130.687567, 33.012578 ] } },
{ "type": "Feature", "properties": { "ID": 4354300000401, "正式名称": "城北中央薬局", "機関区分": 5, "都道府県コード": 43, "市区町村コード": 208, "所在地": "熊本県山鹿市山鹿４９９－３", "緯度": 33.01396, "経度": 130.699161, "url": "https://www.iryou.teikyouseido.mhlw.go.jp/znk-web/juminkanja/S2430/initialize?prefCd=43&kikanCd=4300000401&kikanKbn=5", "url2": null, "内容": "城北中央薬局【5:薬局】熊本県山鹿市山鹿４９９－３" }, "geometry": { "type": "Point", "coordinates": [ 130.699161, 33.01396 ] } },
{ "type": "Feature", "properties": { "ID": 4354300000402, "正式名称": "えいせい堂薬局", "機関区分": 5, "都道府県コード": 43, "市区町村コード": 208, "所在地": "熊本県山鹿市山鹿３４３番地４", "緯度": 33.015711, "経度": 130.692097, "url": "https://www.iryou.teikyouseido.mhlw.go.jp/znk-web/juminkanja/S2430/initialize?prefCd=43&kikanCd=4300000402&kikanKbn=5", "url2": "https://growup202025.com", "内容": "えいせい堂薬局【5:薬局】熊本県山鹿市山鹿３４３番地４" }, "geometry": { "type": "Point", "coordinates": [ 130.692097, 33.015711 ] } },
{ "type": "Feature", "properties": { "ID": 4354300000403, "正式名称": "かおうまち薬局", "機関区分": 5, "都道府県コード": 43, "市区町村コード": 208, "所在地": "熊本県山鹿市鹿央町合里４１１番地２", "緯度": 32.977667, "経度": 130.679308, "url": "https://www.iryou.teikyouseido.mhlw.go.jp/znk-web/juminkanja/S2430/initialize?prefCd=43&kikanCd=4300000403&kikanKbn=5", "url2": null, "内容": "かおうまち薬局【5:薬局】熊本県山鹿市鹿央町合里４１１番地２" }, "geometry": { "type": "Point", "coordinates": [ 130.679308, 32.977667 ] } },
{ "type": "Feature", "properties": { "ID": 4354300000404, "正式名称": "鹿校通薬局", "機関区分": 5, "都道府県コード": 43, "市区町村コード": 208, "所在地": "熊本県山鹿市鹿校通三丁目２番４５－２号", "緯度": 33.009564, "経度": 130.70911, "url": "https://www.iryou.teikyouseido.mhlw.go.jp/znk-web/juminkanja/S2430/initialize?prefCd=43&kikanCd=4300000404&kikanKbn=5", "url2": null, "内容": "鹿校通薬局【5:薬局】熊本県山鹿市鹿校通三丁目２番４５－２号" }, "geometry": { "type": "Point", "coordinates": [ 130.70911, 33.009564 ] } },
{ "type": "Feature", "properties": { "ID": 4354300000405, "正式名称": "山鹿新町薬局", "機関区分": 5, "都道府県コード": 43, "市区町村コード": 208, "所在地": "熊本県山鹿市新町８０５－３", "緯度": 33.017754, "経度": 130.681923, "url": "https://www.iryou.teikyouseido.mhlw.go.jp/znk-web/juminkanja/S2430/initialize?prefCd=43&kikanCd=4300000405&kikanKbn=5", "url2": "https://yamagashinmachi-pharmacy.business.site/", "内容": "山鹿新町薬局【5:薬局】熊本県山鹿市新町８０５－３" }, "geometry": { "type": "Point", "coordinates": [ 130.681923, 33.017754 ] } },
{ "type": "Feature", "properties": { "ID": 4354300000406, "正式名称": "山鹿いちご薬局", "機関区分": 5, "都道府県コード": 43, "市区町村コード": 208, "所在地": "熊本県山鹿市大橋通６０８", "緯度": 33.012746, "経度": 130.684731, "url": "https://www.iryou.teikyouseido.mhlw.go.jp/znk-web/juminkanja/S2430/initialize?prefCd=43&kikanCd=4300000406&kikanKbn=5", "url2": null, "内容": "山鹿いちご薬局【5:薬局】熊本県山鹿市大橋通６０８" }, "geometry": { "type": "Point", "coordinates": [ 130.684731, 33.012746 ] } },
{ "type": "Feature", "properties": { "ID": 4354300000407, "正式名称": "江上薬局大橋通", "機関区分": 5, "都道府県コード": 43, "市区町村コード": 208, "所在地": "熊本県山鹿市大橋通７０４－１", "緯度": 33.011927, "経度": 130.685896, "url": "https://www.iryou.teikyouseido.mhlw.go.jp/znk-web/juminkanja/S2430/initialize?prefCd=43&kikanCd=4300000407&kikanKbn=5", "url2": null, "内容": "江上薬局大橋通【5:薬局】熊本県山鹿市大橋通７０４－１" }, "geometry": { "type": "Point", "coordinates": [ 130.685896, 33.011927 ] } },
{ "type": "Feature", "properties": { "ID": 4354300000408, "正式名称": "きらきら薬局", "機関区分": 5, "都道府県コード": 43, "市区町村コード": 208, "所在地": "熊本県山鹿市中９７４", "緯度": 33.015564, "経度": 130.705283, "url": "https://www.iryou.teikyouseido.mhlw.go.jp/znk-web/juminkanja/S2430/initialize?prefCd=43&kikanCd=4300000408&kikanKbn=5", "url2": null, "内容": "きらきら薬局【5:薬局】熊本県山鹿市中９７４" }, "geometry": { "type": "Point", "coordinates": [ 130.705283, 33.015564 ] } },
{ "type": "Feature", "properties": { "ID": 4354300000409, "正式名称": "こじか薬局", "機関区分": 5, "都道府県コード": 43, "市区町村コード": 208, "所在地": "熊本県山鹿市方保田３６４６－４", "緯度": 33.005738, "経度": 130.717677, "url": "https://www.iryou.teikyouseido.mhlw.go.jp/znk-web/juminkanja/S2430/initialize?prefCd=43&kikanCd=4300000409&kikanKbn=5", "url2": "https://tominagagp.com/pharmacy/kojikapharmacy/", "内容": "こじか薬局【5:薬局】熊本県山鹿市方保田３６４６－４" }, "geometry": { "type": "Point", "coordinates": [ 130.717677, 33.005738 ] } },
{ "type": "Feature", "properties": { "ID": 4354300000410, "正式名称": "みうた薬局", "機関区分": 5, "都道府県コード": 43, "市区町村コード": 208, "所在地": "熊本県山鹿市鹿本町御宇田６６３番地２", "緯度": 33.003565, "経度": 130.727067, "url": "https://www.iryou.teikyouseido.mhlw.go.jp/znk-web/juminkanja/S2430/initialize?prefCd=43&kikanCd=4300000410&kikanKbn=5", "url2": null, "内容": "みうた薬局【5:薬局】熊本県山鹿市鹿本町御宇田６６３番地２" }, "geometry": { "type": "Point", "coordinates": [ 130.727067, 33.003565 ] } },
{ "type": "Feature", "properties": { "ID": 4354300000411, "正式名称": "海浜総合薬局　山鹿店", "機関区分": 5, "都道府県コード": 43, "市区町村コード": 208, "所在地": "熊本県山鹿市新町２０５番地２", "緯度": 33.017745, "経度": 130.683627, "url": "https://www.iryou.teikyouseido.mhlw.go.jp/znk-web/juminkanja/S2430/initialize?prefCd=43&kikanCd=4300000411&kikanKbn=5", "url2": "https://skycreate-gloup.com", "内容": "海浜総合薬局　山鹿店【5:薬局】熊本県山鹿市新町２０５番地２" }, "geometry": { "type": "Point", "coordinates": [ 130.683627, 33.017745 ] } },
{ "type": "Feature", "properties": { "ID": 4354300000412, "正式名称": "合同会社山田薬局", "機関区分": 5, "都道府県コード": 43, "市区町村コード": 210, "所在地": "熊本県菊池市隈府２９６", "緯度": 32.981483, "経度": 130.807181, "url": "https://www.iryou.teikyouseido.mhlw.go.jp/znk-web/juminkanja/S2430/initialize?prefCd=43&kikanCd=4300000412&kikanKbn=5", "url2": null, "内容": "合同会社山田薬局【5:薬局】熊本県菊池市隈府２９６" }, "geometry": { "type": "Point", "coordinates": [ 130.807181, 32.981483 ] } },
{ "type": "Feature", "properties": { "ID": 4354300000413, "正式名称": "栄町薬局", "機関区分": 5, "都道府県コード": 43, "市区町村コード": 210, "所在地": "熊本県菊池市隈府７８０－１３", "緯度": 32.980925, "経度": 130.809782, "url": "https://www.iryou.teikyouseido.mhlw.go.jp/znk-web/juminkanja/S2430/initialize?prefCd=43&kikanCd=4300000413&kikanKbn=5", "url2": "https://www.sakaemachi-okayama.com/home", "内容": "栄町薬局【5:薬局】熊本県菊池市隈府７８０－１３" }, "geometry": { "type": "Point", "coordinates": [ 130.809782, 32.980925 ] } },
{ "type": "Feature", "properties": { "ID": 4354300000414, "正式名称": "フラワー薬局", "機関区分": 5, "都道府県コード": 43, "市区町村コード": 210, "所在地": "熊本県菊池市隈府８１５－１", "緯度": 32.976243, "経度": 130.811731, "url": "https://www.iryou.teikyouseido.mhlw.go.jp/znk-web/juminkanja/S2430/initialize?prefCd=43&kikanCd=4300000414&kikanKbn=5", "url2": "https://miyamoto-parmacy.com", "内容": "フラワー薬局【5:薬局】熊本県菊池市隈府８１５－１" }, "geometry": { "type": "Point", "coordinates": [ 130.811731, 32.976243 ] } },
{ "type": "Feature", "properties": { "ID": 4354300000415, "正式名称": "溝上薬局隈府店", "機関区分": 5, "都道府県コード": 43, "市区町村コード": 210, "所在地": "熊本県菊池市隈府９２３－１", "緯度": 32.982043, "経度": 130.811487, "url": "https://www.iryou.teikyouseido.mhlw.go.jp/znk-web/juminkanja/S2430/initialize?prefCd=43&kikanCd=4300000415&kikanKbn=5", "url2": "http://www.miz-pharmacy.co.jp", "内容": "溝上薬局隈府店【5:薬局】熊本県菊池市隈府９２３－１" }, "geometry": { "type": "Point", "coordinates": [ 130.811487, 32.982043 ] } },
{ "type": "Feature", "properties": { "ID": 4354300000416, "正式名称": "そうごう薬局　菊池店", "機関区分": 5, "都道府県コード": 43, "市区町村コード": 210, "所在地": "熊本県菊池市隈府南古町４７２－５", "緯度": 32.98452, "経度": 130.81416, "url": "https://www.iryou.teikyouseido.mhlw.go.jp/znk-web/juminkanja/S2430/initialize?prefCd=43&kikanCd=4300000416&kikanKbn=5", "url2": "https://www.sogo-medical.co.jp/sogopharmacy/shop/view/123", "内容": "そうごう薬局　菊池店【5:薬局】熊本県菊池市隈府南古町４７２－５" }, "geometry": { "type": "Point", "coordinates": [ 130.81416, 32.98452 ] } },
{ "type": "Feature", "properties": { "ID": 4354300000417, "正式名称": "七城中央薬局", "機関区分": 5, "都道府県コード": 43, "市区町村コード": 210, "所在地": "熊本県菊池市七城町甲佐町２９８ー２", "緯度": 32.968721, "経度": 130.769202, "url": "https://www.iryou.teikyouseido.mhlw.go.jp/znk-web/juminkanja/S2430/initialize?prefCd=43&kikanCd=4300000417&kikanKbn=5", "url2": "http://www.heartfelt-web.com/", "内容": "七城中央薬局【5:薬局】熊本県菊池市七城町甲佐町２９８ー２" }, "geometry": { "type": "Point", "coordinates": [ 130.769202, 32.968721 ] } },
{ "type": "Feature", "properties": { "ID": 4354300000418, "正式名称": "有限会社　深川調剤薬局", "機関区分": 5, "都道府県コード": 43, "市区町村コード": 210, "所在地": "熊本県菊池市深川４１１－７", "緯度": 32.969664, "経度": 130.801493, "url": "https://www.iryou.teikyouseido.mhlw.go.jp/znk-web/juminkanja/S2430/initialize?prefCd=43&kikanCd=4300000418&kikanKbn=5", "url2": null, "内容": "有限会社　深川調剤薬局【5:薬局】熊本県菊池市深川４１１－７" }, "geometry": { "type": "Point", "coordinates": [ 130.801493, 32.969664 ] } },
{ "type": "Feature", "properties": { "ID": 4354300000419, "正式名称": "きくちドライブスルー薬局", "機関区分": 5, "都道府県コード": 43, "市区町村コード": 210, "所在地": "熊本県菊池市西寺１３９２－１", "緯度": 32.971415, "経度": 130.788282, "url": "https://www.iryou.teikyouseido.mhlw.go.jp/znk-web/juminkanja/S2430/initialize?prefCd=43&kikanCd=4300000419&kikanKbn=5", "url2": "https://kikuchi-pharmacy.jp", "内容": "きくちドライブスルー薬局【5:薬局】熊本県菊池市西寺１３９２－１" }, "geometry": { "type": "Point", "coordinates": [ 130.788282, 32.971415 ] } },
{ "type": "Feature", "properties": { "ID": 4354300000420, "正式名称": "有限会社　愛薬局", "機関区分": 5, "都道府県コード": 43, "市区町村コード": 210, "所在地": "熊本県菊池市大琳寺２４１－１８", "緯度": 32.974894, "経度": 130.807442, "url": "https://www.iryou.teikyouseido.mhlw.go.jp/znk-web/juminkanja/S2430/initialize?prefCd=43&kikanCd=4300000420&kikanKbn=5", "url2": "http://wwwaiyakkyoku.com", "内容": "有限会社　愛薬局【5:薬局】熊本県菊池市大琳寺２４１－１８" }, "geometry": { "type": "Point", "coordinates": [ 130.807442, 32.974894 ] } },
{ "type": "Feature", "properties": { "ID": 4354300000421, "正式名称": "アトム薬局", "機関区分": 5, "都道府県コード": 43, "市区町村コード": 210, "所在地": "熊本県菊池市大琳寺２７５－５", "緯度": 32.975439, "経度": 130.808186, "url": "https://www.iryou.teikyouseido.mhlw.go.jp/znk-web/juminkanja/S2430/initialize?prefCd=43&kikanCd=4300000421&kikanKbn=5", "url2": null, "内容": "アトム薬局【5:薬局】熊本県菊池市大琳寺２７５－５" }, "geometry": { "type": "Point", "coordinates": [ 130.808186, 32.975439 ] } },
{ "type": "Feature", "properties": { "ID": 4354300000422, "正式名称": "熊本調剤薬局菊池店", "機関区分": 5, "都道府県コード": 43, "市区町村コード": 210, "所在地": "熊本県菊池市大琳寺４４番地１", "緯度": 32.973533, "経度": 130.801853, "url": "https://www.iryou.teikyouseido.mhlw.go.jp/znk-web/juminkanja/S2430/initialize?prefCd=43&kikanCd=4300000422&kikanKbn=5", "url2": "http://www.kiyama-drug.com/", "内容": "熊本調剤薬局菊池店【5:薬局】熊本県菊池市大琳寺４４番地１" }, "geometry": { "type": "Point", "coordinates": [ 130.801853, 32.973533 ] } },
{ "type": "Feature", "properties": { "ID": 4354300000423, "正式名称": "きくち薬局", "機関区分": 5, "都道府県コード": 43, "市区町村コード": 210, "所在地": "熊本県菊池市大琳寺７５－４", "緯度": 32.974578, "経度": 130.801917, "url": "https://www.iryou.teikyouseido.mhlw.go.jp/znk-web/juminkanja/S2430/initialize?prefCd=43&kikanCd=4300000423&kikanKbn=5", "url2": null, "内容": "きくち薬局【5:薬局】熊本県菊池市大琳寺７５－４" }, "geometry": { "type": "Point", "coordinates": [ 130.801917, 32.974578 ] } },
{ "type": "Feature", "properties": { "ID": 4354300000425, "正式名称": "きくちハート薬局", "機関区分": 5, "都道府県コード": 43, "市区町村コード": 210, "所在地": "熊本県菊池市亘１１－６", "緯度": 32.979664, "経度": 130.816719, "url": "https://www.iryou.teikyouseido.mhlw.go.jp/znk-web/juminkanja/S2430/initialize?prefCd=43&kikanCd=4300000425&kikanKbn=5", "url2": "https://yppp.jp/pharmacy/7vp5fzmq", "内容": "きくちハート薬局【5:薬局】熊本県菊池市亘１１－６" }, "geometry": { "type": "Point", "coordinates": [ 130.816719, 32.979664 ] } },
{ "type": "Feature", "properties": { "ID": 4354300000426, "正式名称": "うさぎの谷薬局泗水店", "機関区分": 5, "都道府県コード": 43, "市区町村コード": 210, "所在地": "熊本県菊池市泗水町吉富３１６９－９", "緯度": 32.935777, "経度": 130.782584, "url": "https://www.iryou.teikyouseido.mhlw.go.jp/znk-web/juminkanja/S2430/initialize?prefCd=43&kikanCd=4300000426&kikanKbn=5", "url2": "https://usaginotani-medical.com/", "内容": "うさぎの谷薬局泗水店【5:薬局】熊本県菊池市泗水町吉富３１６９－９" }, "geometry": { "type": "Point", "coordinates": [ 130.782584, 32.935777 ] } },
{ "type": "Feature", "properties": { "ID": 4354300000427, "正式名称": "西本真生堂薬局　泗水店", "機関区分": 5, "都道府県コード": 43, "市区町村コード": 210, "所在地": "熊本県菊池市泗水町豊水３３７０－３", "緯度": 32.925919, "経度": 130.773086, "url": "https://www.iryou.teikyouseido.mhlw.go.jp/znk-web/juminkanja/S2430/initialize?prefCd=43&kikanCd=4300000427&kikanKbn=5", "url2": "https://drug-nishimoto.com/", "内容": "西本真生堂薬局　泗水店【5:薬局】熊本県菊池市泗水町豊水３３７０－３" }, "geometry": { "type": "Point", "coordinates": [ 130.773086, 32.925919 ] } },
{ "type": "Feature", "properties": { "ID": 4354300000428, "正式名称": "泗水中央薬局", "機関区分": 5, "都道府県コード": 43, "市区町村コード": 210, "所在地": "熊本県菊池市泗水町豊水３４９２", "緯度": 32.922267, "経度": 130.774375, "url": "https://www.iryou.teikyouseido.mhlw.go.jp/znk-web/juminkanja/S2430/initialize?prefCd=43&kikanCd=4300000428&kikanKbn=5", "url2": "http://www.heartfelt-web.com/", "内容": "泗水中央薬局【5:薬局】熊本県菊池市泗水町豊水３４９２" }, "geometry": { "type": "Point", "coordinates": [ 130.774375, 32.922267 ] } },
{ "type": "Feature", "properties": { "ID": 4354300000429, "正式名称": "高江バス停前薬局", "機関区分": 5, "都道府県コード": 43, "市区町村コード": 210, "所在地": "熊本県菊池市泗水町豊水３７２７－１", "緯度": 32.921008, "経度": 130.773238, "url": "https://www.iryou.teikyouseido.mhlw.go.jp/znk-web/juminkanja/S2430/initialize?prefCd=43&kikanCd=4300000429&kikanKbn=5", "url2": "http://www.heartfelt-web.com/", "内容": "高江バス停前薬局【5:薬局】熊本県菊池市泗水町豊水３７２７－１" }, "geometry": { "type": "Point", "coordinates": [ 130.773238, 32.921008 ] } },
{ "type": "Feature", "properties": { "ID": 4354300000430, "正式名称": "ひなぎく薬局", "機関区分": 5, "都道府県コード": 43, "市区町村コード": 216, "所在地": "熊本県合志市幾久富１７５８－１５０", "緯度": 32.867554, "経度": 130.780701, "url": "https://www.iryou.teikyouseido.mhlw.go.jp/znk-web/juminkanja/S2430/initialize?prefCd=43&kikanCd=4300000430&kikanKbn=5", "url2": "http://www.pharma-daiwa.co.jp", "内容": "ひなぎく薬局【5:薬局】熊本県合志市幾久富１７５８－１５０" }, "geometry": { "type": "Point", "coordinates": [ 130.780701, 32.867554 ] } },
{ "type": "Feature", "properties": { "ID": 4354300000432, "正式名称": "西本真生堂薬局　合志店", "機関区分": 5, "都道府県コード": 43, "市区町村コード": 216, "所在地": "熊本県合志市幾久富１７５８－８０２", "緯度": 32.868614, "経度": 130.779492, "url": "https://www.iryou.teikyouseido.mhlw.go.jp/znk-web/juminkanja/S2430/initialize?prefCd=43&kikanCd=4300000432&kikanKbn=5", "url2": "https://www.drug-nishimoto.com/", "内容": "西本真生堂薬局　合志店【5:薬局】熊本県合志市幾久富１７５８－８０２" }, "geometry": { "type": "Point", "coordinates": [ 130.779492, 32.868614 ] } },
{ "type": "Feature", "properties": { "ID": 4354300000434, "正式名称": "武蔵野台薬局", "機関区分": 5, "都道府県コード": 43, "市区町村コード": 216, "所在地": "熊本県合志市幾久富１９０９－１４８０", "緯度": 32.864119, "経度": 130.773108, "url": "https://www.iryou.teikyouseido.mhlw.go.jp/znk-web/juminkanja/S2430/initialize?prefCd=43&kikanCd=4300000434&kikanKbn=5", "url2": null, "内容": "武蔵野台薬局【5:薬局】熊本県合志市幾久富１９０９－１４８０" }, "geometry": { "type": "Point", "coordinates": [ 130.773108, 32.864119 ] } },
{ "type": "Feature", "properties": { "ID": 4354300000435, "正式名称": "シモカワ合志調剤薬局", "機関区分": 5, "都道府県コード": 43, "市区町村コード": 216, "所在地": "熊本県合志市幾久富１９０９－１７２０", "緯度": 32.862858, "経度": 130.768714, "url": "https://www.iryou.teikyouseido.mhlw.go.jp/znk-web/juminkanja/S2430/initialize?prefCd=43&kikanCd=4300000435&kikanKbn=5", "url2": "http://www.shimokawa-ph.co.jp", "内容": "シモカワ合志調剤薬局【5:薬局】熊本県合志市幾久富１９０９－１７２０" }, "geometry": { "type": "Point", "coordinates": [ 130.768714, 32.862858 ] } },
{ "type": "Feature", "properties": { "ID": 4354300000436, "正式名称": "すこやか堂薬局　みよし店", "機関区分": 5, "都道府県コード": 43, "市区町村コード": 216, "所在地": "熊本県合志市御代志２０３７－５", "緯度": 32.889369, "経度": 130.743713, "url": "https://www.iryou.teikyouseido.mhlw.go.jp/znk-web/juminkanja/S2430/initialize?prefCd=43&kikanCd=4300000436&kikanKbn=5", "url2": null, "内容": "すこやか堂薬局　みよし店【5:薬局】熊本県合志市御代志２０３７－５" }, "geometry": { "type": "Point", "coordinates": [ 130.743713, 32.889369 ] } },
{ "type": "Feature", "properties": { "ID": 4354300000437, "正式名称": "三恵薬局合志店", "機関区分": 5, "都道府県コード": 43, "市区町村コード": 216, "所在地": "熊本県合志市御代志８１７－４", "緯度": 32.897687, "経度": 130.75824, "url": "https://www.iryou.teikyouseido.mhlw.go.jp/znk-web/juminkanja/S2430/initialize?prefCd=43&kikanCd=4300000437&kikanKbn=5", "url2": "https://sankeipharmacygroup.amebaownd.com/", "内容": "三恵薬局合志店【5:薬局】熊本県合志市御代志８１７－４" }, "geometry": { "type": "Point", "coordinates": [ 130.75824, 32.897687 ] } },
{ "type": "Feature", "properties": { "ID": 4354300000438, "正式名称": "西本真生堂薬局御代志店", "機関区分": 5, "都道府県コード": 43, "市区町村コード": 216, "所在地": "熊本県合志市御代志字高良木４６８－３", "緯度": 32.897682, "経度": 130.7529, "url": "https://www.iryou.teikyouseido.mhlw.go.jp/znk-web/juminkanja/S2430/initialize?prefCd=43&kikanCd=4300000438&kikanKbn=5", "url2": "http://drug-nishimoto.com", "内容": "西本真生堂薬局御代志店【5:薬局】熊本県合志市御代志字高良木４６８－３" }, "geometry": { "type": "Point", "coordinates": [ 130.7529, 32.897682 ] } },
{ "type": "Feature", "properties": { "ID": 4354300000439, "正式名称": "大塚調剤薬局", "機関区分": 5, "都道府県コード": 43, "市区町村コード": 216, "所在地": "熊本県合志市須屋栗山２５２６－５", "緯度": 32.871849, "経度": 130.742009, "url": "https://www.iryou.teikyouseido.mhlw.go.jp/znk-web/juminkanja/S2430/initialize?prefCd=43&kikanCd=4300000439&kikanKbn=5", "url2": null, "内容": "大塚調剤薬局【5:薬局】熊本県合志市須屋栗山２５２６－５" }, "geometry": { "type": "Point", "coordinates": [ 130.742009, 32.871849 ] } },
{ "type": "Feature", "properties": { "ID": 4354300000440, "正式名称": "すや調剤薬局", "機関区分": 5, "都道府県コード": 43, "市区町村コード": 216, "所在地": "熊本県合志市須屋字窪２６２－３２", "緯度": 32.856115, "経度": 130.746538, "url": "https://www.iryou.teikyouseido.mhlw.go.jp/znk-web/juminkanja/S2430/initialize?prefCd=43&kikanCd=4300000440&kikanKbn=5", "url2": "https://takahiro-medical.com/", "内容": "すや調剤薬局【5:薬局】熊本県合志市須屋字窪２６２－３２" }, "geometry": { "type": "Point", "coordinates": [ 130.746538, 32.856115 ] } },
{ "type": "Feature", "properties": { "ID": 4354300000441, "正式名称": "ひまわり薬局西合志店", "機関区分": 5, "都道府県コード": 43, "市区町村コード": 216, "所在地": "熊本県合志市須屋２６６５－１０", "緯度": 32.881561, "経度": 130.749089, "url": "https://www.iryou.teikyouseido.mhlw.go.jp/znk-web/juminkanja/S2430/initialize?prefCd=43&kikanCd=4300000441&kikanKbn=5", "url2": "http://www.pharma-daiwa.co.jp", "内容": "ひまわり薬局西合志店【5:薬局】熊本県合志市須屋２６６５－１０" }, "geometry": { "type": "Point", "coordinates": [ 130.749089, 32.881561 ] } },
{ "type": "Feature", "properties": { "ID": 4354300000442, "正式名称": "大塚薬局", "機関区分": 5, "都道府県コード": 43, "市区町村コード": 216, "所在地": "熊本県合志市須屋二本松２７８４－２", "緯度": 32.870957, "経度": 130.743726, "url": "https://www.iryou.teikyouseido.mhlw.go.jp/znk-web/juminkanja/S2430/initialize?prefCd=43&kikanCd=4300000442&kikanKbn=5", "url2": null, "内容": "大塚薬局【5:薬局】熊本県合志市須屋二本松２７８４－２" }, "geometry": { "type": "Point", "coordinates": [ 130.743726, 32.870957 ] } },
{ "type": "Feature", "properties": { "ID": 4354300000443, "正式名称": "菊南薬局", "機関区分": 5, "都道府県コード": 43, "市区町村コード": 216, "所在地": "熊本県合志市須屋７０８－６", "緯度": 32.859545, "経度": 130.729499, "url": "https://www.iryou.teikyouseido.mhlw.go.jp/znk-web/juminkanja/S2430/initialize?prefCd=43&kikanCd=4300000443&kikanKbn=5", "url2": "https://www.nanohana-ph.jp/shop/kyusyu/kumamoto/koshi/kikunan.php", "内容": "菊南薬局【5:薬局】熊本県合志市須屋７０８－６" }, "geometry": { "type": "Point", "coordinates": [ 130.729499, 32.859545 ] } },
{ "type": "Feature", "properties": { "ID": 4354300000444, "正式名称": "そうごう薬局　合志店", "機関区分": 5, "都道府県コード": 43, "市区町村コード": 216, "所在地": "熊本県合志市須屋字中ノ平１４１５－６", "緯度": 32.86386, "経度": 130.73396, "url": "https://www.iryou.teikyouseido.mhlw.go.jp/znk-web/juminkanja/S2430/initialize?prefCd=43&kikanCd=4300000444&kikanKbn=5", "url2": "https://www.sogo-medical.co.jp/sogopharmacy/shop/view/347", "内容": "そうごう薬局　合志店【5:薬局】熊本県合志市須屋字中ノ平１４１５－６" }, "geometry": { "type": "Point", "coordinates": [ 130.73396, 32.86386 ] } },
{ "type": "Feature", "properties": { "ID": 4354300000445, "正式名称": "すずらん薬局", "機関区分": 5, "都道府県コード": 43, "市区町村コード": 216, "所在地": "熊本県合志市竹迫１９９１", "緯度": 32.892125, "経度": 130.797597, "url": "https://www.iryou.teikyouseido.mhlw.go.jp/znk-web/juminkanja/S2430/initialize?prefCd=43&kikanCd=4300000445&kikanKbn=5", "url2": null, "内容": "すずらん薬局【5:薬局】熊本県合志市竹迫１９９１" }, "geometry": { "type": "Point", "coordinates": [ 130.797597, 32.892125 ] } },
{ "type": "Feature", "properties": { "ID": 4354300000446, "正式名称": "ふくはら薬局", "機関区分": 5, "都道府県コード": 43, "市区町村コード": 216, "所在地": "熊本県合志市福原１４３０－２", "緯度": 32.885231, "経度": 130.821292, "url": "https://www.iryou.teikyouseido.mhlw.go.jp/znk-web/juminkanja/S2430/initialize?prefCd=43&kikanCd=4300000446&kikanKbn=5", "url2": null, "内容": "ふくはら薬局【5:薬局】熊本県合志市福原１４３０－２" }, "geometry": { "type": "Point", "coordinates": [ 130.821292, 32.885231 ] } },
{ "type": "Feature", "properties": { "ID": 4354300000447, "正式名称": "新生堂薬局　すずかけ台店", "機関区分": 5, "都道府県コード": 43, "市区町村コード": 216, "所在地": "熊本県合志市豊岡字拾三町２０００番２４７７", "緯度": 32.88164, "経度": 130.76904, "url": "https://www.iryou.teikyouseido.mhlw.go.jp/znk-web/juminkanja/S2430/initialize?prefCd=43&kikanCd=4300000447&kikanKbn=5", "url2": "https://sinseido-co.jp/", "内容": "新生堂薬局　すずかけ台店【5:薬局】熊本県合志市豊岡字拾三町２０００番２４７７" }, "geometry": { "type": "Point", "coordinates": [ 130.76904, 32.88164 ] } },
{ "type": "Feature", "properties": { "ID": 4354300000448, "正式名称": "有限会社みよし薬局", "機関区分": 5, "都道府県コード": 43, "市区町村コード": 216, "所在地": "熊本県合志市野々島２４４９－２", "緯度": 32.893542, "経度": 130.732294, "url": "https://www.iryou.teikyouseido.mhlw.go.jp/znk-web/juminkanja/S2430/initialize?prefCd=43&kikanCd=4300000448&kikanKbn=5", "url2": null, "内容": "有限会社みよし薬局【5:薬局】熊本県合志市野々島２４４９－２" }, "geometry": { "type": "Point", "coordinates": [ 130.732294, 32.893542 ] } },
{ "type": "Feature", "properties": { "ID": 4354300000450, "正式名称": "はやし調剤薬局", "機関区分": 5, "都道府県コード": 43, "市区町村コード": 404, "所在地": "熊本県菊池郡菊陽町久保田２８０２－５", "緯度": 32.862355, "経度": 130.829763, "url": "https://www.iryou.teikyouseido.mhlw.go.jp/znk-web/juminkanja/S2430/initialize?prefCd=43&kikanCd=4300000450&kikanKbn=5", "url2": null, "内容": "はやし調剤薬局【5:薬局】熊本県菊池郡菊陽町久保田２８０２－５" }, "geometry": { "type": "Point", "coordinates": [ 130.829763, 32.862355 ] } },
{ "type": "Feature", "properties": { "ID": 4354300000451, "正式名称": "よつば調剤薬局", "機関区分": 5, "都道府県コード": 43, "市区町村コード": 404, "所在地": "熊本県菊池郡菊陽町久保田２９８７－２", "緯度": 32.861894, "経度": 130.833557, "url": "https://www.iryou.teikyouseido.mhlw.go.jp/znk-web/juminkanja/S2430/initialize?prefCd=43&kikanCd=4300000451&kikanKbn=5", "url2": "https://www.yotsuba-yakkyoku.com/", "内容": "よつば調剤薬局【5:薬局】熊本県菊池郡菊陽町久保田２９８７－２" }, "geometry": { "type": "Point", "coordinates": [ 130.833557, 32.861894 ] } },
{ "type": "Feature", "properties": { "ID": 4354300000452, "正式名称": "温新堂薬局菊陽店", "機関区分": 5, "都道府県コード": 43, "市区町村コード": 404, "所在地": "熊本県菊池郡菊陽町原水１１５６－１６", "緯度": 32.864692, "経度": 130.826831, "url": "https://www.iryou.teikyouseido.mhlw.go.jp/znk-web/juminkanja/S2430/initialize?prefCd=43&kikanCd=4300000452&kikanKbn=5", "url2": null, "内容": "温新堂薬局菊陽店【5:薬局】熊本県菊池郡菊陽町原水１１５６－１６" }, "geometry": { "type": "Point", "coordinates": [ 130.826831, 32.864692 ] } },
{ "type": "Feature", "properties": { "ID": 4354300000453, "正式名称": "たんぽぽ薬局", "機関区分": 5, "都道府県コード": 43, "市区町村コード": 404, "所在地": "熊本県菊池郡菊陽町原水字下中野５５８７－４", "緯度": 32.868126, "経度": 130.81813, "url": "https://www.iryou.teikyouseido.mhlw.go.jp/znk-web/juminkanja/S2430/initialize?prefCd=43&kikanCd=4300000453&kikanKbn=5", "url2": "http://www.kk-pharma.jp", "内容": "たんぽぽ薬局【5:薬局】熊本県菊池郡菊陽町原水字下中野５５８７－４" }, "geometry": { "type": "Point", "coordinates": [ 130.81813, 32.868126 ] } },
{ "type": "Feature", "properties": { "ID": 4354300000454, "正式名称": "つぼみ調剤薬局", "機関区分": 5, "都道府県コード": 43, "市区町村コード": 404, "所在地": "熊本県菊池郡菊陽町光の森３丁目１７－７", "緯度": 32.862639, "経度": 130.781442, "url": "https://www.iryou.teikyouseido.mhlw.go.jp/znk-web/juminkanja/S2430/initialize?prefCd=43&kikanCd=4300000454&kikanKbn=5", "url2": "http://www.e-classa.net/tsubomi-pharmacy", "内容": "つぼみ調剤薬局【5:薬局】熊本県菊池郡菊陽町光の森３丁目１７－７" }, "geometry": { "type": "Point", "coordinates": [ 130.781442, 32.862639 ] } },
{ "type": "Feature", "properties": { "ID": 4354300000455, "正式名称": "有限会社あきよし調剤薬局むさし店", "機関区分": 5, "都道府県コード": 43, "市区町村コード": 404, "所在地": "熊本県菊池郡菊陽町光の森３丁目１８－８", "緯度": 32.862286, "経度": 130.782242, "url": "https://www.iryou.teikyouseido.mhlw.go.jp/znk-web/juminkanja/S2430/initialize?prefCd=43&kikanCd=4300000455&kikanKbn=5", "url2": null, "内容": "有限会社あきよし調剤薬局むさし店【5:薬局】熊本県菊池郡菊陽町光の森３丁目１８－８" }, "geometry": { "type": "Point", "coordinates": [ 130.782242, 32.862286 ] } },
{ "type": "Feature", "properties": { "ID": 4354300000457, "正式名称": "熊本調剤薬局光の森店", "機関区分": 5, "都道府県コード": 43, "市区町村コード": 404, "所在地": "熊本県菊池郡菊陽町光の森７丁目２５ー５グリーンズエリア光の森１階", "緯度": 32.862869, "経度": 130.7892204, "url": "https://www.iryou.teikyouseido.mhlw.go.jp/znk-web/juminkanja/S2430/initialize?prefCd=43&kikanCd=4300000457&kikanKbn=5", "url2": "http://www.kiyama-drug.com/", "内容": "熊本調剤薬局光の森店【5:薬局】熊本県菊池郡菊陽町光の森７丁目２５ー５グリーンズエリア光の森１階" }, "geometry": { "type": "Point", "coordinates": [ 130.7892204, 32.862869 ] } },
{ "type": "Feature", "properties": { "ID": 4354300000458, "正式名称": "光の森７丁目薬局", "機関区分": 5, "都道府県コード": 43, "市区町村コード": 404, "所在地": "熊本県菊池郡菊陽町光の森７丁目４１－１８", "緯度": 32.857744, "経度": 130.783524, "url": "https://www.iryou.teikyouseido.mhlw.go.jp/znk-web/juminkanja/S2430/initialize?prefCd=43&kikanCd=4300000458&kikanKbn=5", "url2": "http://www.pharma-daiwa.co.jp", "内容": "光の森７丁目薬局【5:薬局】熊本県菊池郡菊陽町光の森７丁目４１－１８" }, "geometry": { "type": "Point", "coordinates": [ 130.783524, 32.857744 ] } },
{ "type": "Feature", "properties": { "ID": 4354300000459, "正式名称": "カロータ薬局", "機関区分": 5, "都道府県コード": 43, "市区町村コード": 404, "所在地": "熊本県菊池郡菊陽町津久礼２４２２－４カリーノ菊陽２階", "緯度": 32.862027, "経度": 130.800194, "url": "https://www.iryou.teikyouseido.mhlw.go.jp/znk-web/juminkanja/S2430/initialize?prefCd=43&kikanCd=4300000459&kikanKbn=5", "url2": null, "内容": "カロータ薬局【5:薬局】熊本県菊池郡菊陽町津久礼２４２２－４カリーノ菊陽２階" }, "geometry": { "type": "Point", "coordinates": [ 130.800194, 32.862027 ] } },
{ "type": "Feature", "properties": { "ID": 4354300000460, "正式名称": "わたなべ薬局", "機関区分": 5, "都道府県コード": 43, "市区町村コード": 404, "所在地": "熊本県菊池郡菊陽町大字津久礼２３７６番地３", "緯度": 32.85961, "経度": 130.798466, "url": "https://www.iryou.teikyouseido.mhlw.go.jp/znk-web/juminkanja/S2430/initialize?prefCd=43&kikanCd=4300000460&kikanKbn=5", "url2": null, "内容": "わたなべ薬局【5:薬局】熊本県菊池郡菊陽町大字津久礼２３７６番地３" }, "geometry": { "type": "Point", "coordinates": [ 130.798466, 32.85961 ] } },
{ "type": "Feature", "properties": { "ID": 4354300000462, "正式名称": "熊本調剤薬局津久礼店", "機関区分": 5, "都道府県コード": 43, "市区町村コード": 404, "所在地": "熊本県菊池郡菊陽町津久礼８６９番地２", "緯度": 32.858589, "経度": 130.823344, "url": "https://www.iryou.teikyouseido.mhlw.go.jp/znk-web/juminkanja/S2430/initialize?prefCd=43&kikanCd=4300000462&kikanKbn=5", "url2": "http://www.kiyama-drug.com/", "内容": "熊本調剤薬局津久礼店【5:薬局】熊本県菊池郡菊陽町津久礼８６９番地２" }, "geometry": { "type": "Point", "coordinates": [ 130.823344, 32.858589 ] } },
{ "type": "Feature", "properties": { "ID": 4354300000463, "正式名称": "菊陽調剤薬局", "機関区分": 5, "都道府県コード": 43, "市区町村コード": 404, "所在地": "熊本県菊池郡菊陽町津久礼２４２２番地１４", "緯度": 32.862938, "経度": 130.800998, "url": "https://www.iryou.teikyouseido.mhlw.go.jp/znk-web/juminkanja/S2430/initialize?prefCd=43&kikanCd=4300000463&kikanKbn=5", "url2": "https://www.mittel-solaris-group.jp/", "内容": "菊陽調剤薬局【5:薬局】熊本県菊池郡菊陽町津久礼２４２２番地１４" }, "geometry": { "type": "Point", "coordinates": [ 130.800998, 32.862938 ] } },
{ "type": "Feature", "properties": { "ID": 4354300000465, "正式名称": "みさきの薬局", "機関区分": 5, "都道府県コード": 43, "市区町村コード": 403, "所在地": "熊本県菊池郡大津町引水５７８番地８", "緯度": 32.880625, "経度": 130.882566, "url": "https://www.iryou.teikyouseido.mhlw.go.jp/znk-web/juminkanja/S2430/initialize?prefCd=43&kikanCd=4300000465&kikanKbn=5", "url2": null, "内容": "みさきの薬局【5:薬局】熊本県菊池郡大津町引水５７８番地８" }, "geometry": { "type": "Point", "coordinates": [ 130.882566, 32.880625 ] } },
{ "type": "Feature", "properties": { "ID": 4354300000467, "正式名称": "あざりあ薬局", "機関区分": 5, "都道府県コード": 43, "市区町村コード": 403, "所在地": "熊本県菊池郡大津町室２１０番地７", "緯度": 32.876608, "経度": 130.86375, "url": "https://www.iryou.teikyouseido.mhlw.go.jp/znk-web/juminkanja/S2430/initialize?prefCd=43&kikanCd=4300000467&kikanKbn=5", "url2": null, "内容": "あざりあ薬局【5:薬局】熊本県菊池郡大津町室２１０番地７" }, "geometry": { "type": "Point", "coordinates": [ 130.86375, 32.876608 ] } },
{ "type": "Feature", "properties": { "ID": 4354300000468, "正式名称": "オレンジ薬局", "機関区分": 5, "都道府県コード": 43, "市区町村コード": 403, "所在地": "熊本県菊池郡大津町室２１５－２２", "緯度": 32.875714, "経度": 130.864669, "url": "https://www.iryou.teikyouseido.mhlw.go.jp/znk-web/juminkanja/S2430/initialize?prefCd=43&kikanCd=4300000468&kikanKbn=5", "url2": "http://www.mebius-yakkyoku.com/", "内容": "オレンジ薬局【5:薬局】熊本県菊池郡大津町室２１５－２２" }, "geometry": { "type": "Point", "coordinates": [ 130.864669, 32.875714 ] } },
{ "type": "Feature", "properties": { "ID": 4354300000469, "正式名称": "ハロー薬局", "機関区分": 5, "都道府県コード": 43, "市区町村コード": 403, "所在地": "熊本県菊池郡大津町室２２６－１", "緯度": 32.875324, "経度": 130.863429, "url": "https://www.iryou.teikyouseido.mhlw.go.jp/znk-web/juminkanja/S2430/initialize?prefCd=43&kikanCd=4300000469&kikanKbn=5", "url2": "http://www.pharma-daiwa.co.jp", "内容": "ハロー薬局【5:薬局】熊本県菊池郡大津町室２２６－１" }, "geometry": { "type": "Point", "coordinates": [ 130.863429, 32.875324 ] } },
{ "type": "Feature", "properties": { "ID": 4354300000470, "正式名称": "あおぞら薬局", "機関区分": 5, "都道府県コード": 43, "市区町村コード": 403, "所在地": "熊本県菊池郡大津町室２６１－１０", "緯度": 32.875881, "経度": 130.867833, "url": "https://www.iryou.teikyouseido.mhlw.go.jp/znk-web/juminkanja/S2430/initialize?prefCd=43&kikanCd=4300000470&kikanKbn=5", "url2": null, "内容": "あおぞら薬局【5:薬局】熊本県菊池郡大津町室２６１－１０" }, "geometry": { "type": "Point", "coordinates": [ 130.867833, 32.875881 ] } },
{ "type": "Feature", "properties": { "ID": 4354300000471, "正式名称": "アップル調剤薬局大津店", "機関区分": 5, "都道府県コード": 43, "市区町村コード": 403, "所在地": "熊本県菊池郡大津町室５３９－１１", "緯度": 32.875779, "経度": 130.861804, "url": "https://www.iryou.teikyouseido.mhlw.go.jp/znk-web/juminkanja/S2430/initialize?prefCd=43&kikanCd=4300000471&kikanKbn=5", "url2": "https://pharmaunion.co.jp/index.html", "内容": "アップル調剤薬局大津店【5:薬局】熊本県菊池郡大津町室５３９－１１" }, "geometry": { "type": "Point", "coordinates": [ 130.861804, 32.875779 ] } },
{ "type": "Feature", "properties": { "ID": 4354300000472, "正式名称": "大津ごふく薬局", "機関区分": 5, "都道府県コード": 43, "市区町村コード": 403, "所在地": "熊本県菊池郡大津町室９２５－５", "緯度": 32.876543, "経度": 130.853067, "url": "https://www.iryou.teikyouseido.mhlw.go.jp/znk-web/juminkanja/S2430/initialize?prefCd=43&kikanCd=4300000472&kikanKbn=5", "url2": "http://gofukuph.com", "内容": "大津ごふく薬局【5:薬局】熊本県菊池郡大津町室９２５－５" }, "geometry": { "type": "Point", "coordinates": [ 130.853067, 32.876543 ] } },
{ "type": "Feature", "properties": { "ID": 4354300000473, "正式名称": "新生堂薬局　大津店", "機関区分": 5, "都道府県コード": 43, "市区町村コード": 403, "所在地": "熊本県菊池郡大津町大字大津字門出１２１１ー１", "緯度": 32.87626, "経度": 130.869246, "url": "https://www.iryou.teikyouseido.mhlw.go.jp/znk-web/juminkanja/S2430/initialize?prefCd=43&kikanCd=4300000473&kikanKbn=5", "url2": "https://sinseido-co.jp/", "内容": "新生堂薬局　大津店【5:薬局】熊本県菊池郡大津町大字大津字門出１２１１ー１" }, "geometry": { "type": "Point", "coordinates": [ 130.869246, 32.87626 ] } },
{ "type": "Feature", "properties": { "ID": 4354300000474, "正式名称": "有限会社大津岩下薬局", "機関区分": 5, "都道府県コード": 43, "市区町村コード": 403, "所在地": "熊本県菊池郡大津町大津１１７６－３", "緯度": 32.879372, "経度": 130.870275, "url": "https://www.iryou.teikyouseido.mhlw.go.jp/znk-web/juminkanja/S2430/initialize?prefCd=43&kikanCd=4300000474&kikanKbn=5", "url2": null, "内容": "有限会社大津岩下薬局【5:薬局】熊本県菊池郡大津町大津１１７６－３" }, "geometry": { "type": "Point", "coordinates": [ 130.870275, 32.879372 ] } },
{ "type": "Feature", "properties": { "ID": 4354300000475, "正式名称": "おおづ調剤薬局", "機関区分": 5, "都道府県コード": 43, "市区町村コード": 403, "所在地": "熊本県菊池郡大津町大津１２０７－７", "緯度": 32.876795, "経度": 130.869544, "url": "https://www.iryou.teikyouseido.mhlw.go.jp/znk-web/juminkanja/S2430/initialize?prefCd=43&kikanCd=4300000475&kikanKbn=5", "url2": "https://takahiro-medical.com/", "内容": "おおづ調剤薬局【5:薬局】熊本県菊池郡大津町大津１２０７－７" }, "geometry": { "type": "Point", "coordinates": [ 130.869544, 32.876795 ] } },
{ "type": "Feature", "properties": { "ID": 4354300000476, "正式名称": "熊本調剤薬局　熊リハ店", "機関区分": 5, "都道府県コード": 43, "市区町村コード": 404, "所在地": "熊本県菊池郡菊陽町曲手７６０", "緯度": 32.840269, "経度": 130.835322, "url": "https://www.iryou.teikyouseido.mhlw.go.jp/znk-web/juminkanja/S2430/initialize?prefCd=43&kikanCd=4300000476&kikanKbn=5", "url2": "http://www.kiyama-drug.com/", "内容": "熊本調剤薬局　熊リハ店【5:薬局】熊本県菊池郡菊陽町曲手７６０" }, "geometry": { "type": "Point", "coordinates": [ 130.835322, 32.840269 ] } },
{ "type": "Feature", "properties": { "ID": 4354300000477, "正式名称": "光の森ごふく薬局", "機関区分": 5, "都道府県コード": 43, "市区町村コード": 404, "所在地": "熊本県菊池郡菊陽町光の森３丁目３－７", "緯度": 32.861752, "経度": 130.778856, "url": "https://www.iryou.teikyouseido.mhlw.go.jp/znk-web/juminkanja/S2430/initialize?prefCd=43&kikanCd=4300000477&kikanKbn=5", "url2": "https://correa-hm.com", "内容": "光の森ごふく薬局【5:薬局】熊本県菊池郡菊陽町光の森３丁目３－７" }, "geometry": { "type": "Point", "coordinates": [ 130.778856, 32.861752 ] } },
{ "type": "Feature", "properties": { "ID": 4354300000480, "正式名称": "しずく薬局", "機関区分": 5, "都道府県コード": 43, "市区町村コード": 216, "所在地": "熊本県合志市幾久富１８６６－３５６", "緯度": 32.867833, "経度": 130.775889, "url": "https://www.iryou.teikyouseido.mhlw.go.jp/znk-web/juminkanja/S2430/initialize?prefCd=43&kikanCd=4300000480&kikanKbn=5", "url2": "https://sites.google.com/view/sizukuph1866356", "内容": "しずく薬局【5:薬局】熊本県合志市幾久富１８６６－３５６" }, "geometry": { "type": "Point", "coordinates": [ 130.775889, 32.867833 ] } },
{ "type": "Feature", "properties": { "ID": 4354300000482, "正式名称": "サン・こうし薬局", "機関区分": 5, "都道府県コード": 43, "市区町村コード": 216, "所在地": "熊本県合志市須屋２７８９－３０", "緯度": 32.871081, "経度": 130.743136, "url": "https://www.iryou.teikyouseido.mhlw.go.jp/znk-web/juminkanja/S2430/initialize?prefCd=43&kikanCd=4300000482&kikanKbn=5", "url2": null, "内容": "サン・こうし薬局【5:薬局】熊本県合志市須屋２７８９－３０" }, "geometry": { "type": "Point", "coordinates": [ 130.743136, 32.871081 ] } },
{ "type": "Feature", "properties": { "ID": 4354300000483, "正式名称": "アンビー中央薬局", "機関区分": 5, "都道府県コード": 43, "市区町村コード": 216, "所在地": "熊本県合志市竹迫２２９２", "緯度": 32.880436, "経度": 130.785467, "url": "https://www.iryou.teikyouseido.mhlw.go.jp/znk-web/juminkanja/S2430/initialize?prefCd=43&kikanCd=4300000483&kikanKbn=5", "url2": null, "内容": "アンビー中央薬局【5:薬局】熊本県合志市竹迫２２９２" }, "geometry": { "type": "Point", "coordinates": [ 130.785467, 32.880436 ] } },
{ "type": "Feature", "properties": { "ID": 4354300000484, "正式名称": "中村薬局", "機関区分": 5, "都道府県コード": 43, "市区町村コード": 428, "所在地": "熊本県阿蘇郡高森町高森１２９２", "緯度": 32.816811, "経度": 131.125981, "url": "https://www.iryou.teikyouseido.mhlw.go.jp/znk-web/juminkanja/S2430/initialize?prefCd=43&kikanCd=4300000484&kikanKbn=5", "url2": null, "内容": "中村薬局【5:薬局】熊本県阿蘇郡高森町高森１２９２" }, "geometry": { "type": "Point", "coordinates": [ 131.125981, 32.816811 ] } },
{ "type": "Feature", "properties": { "ID": 4354300000485, "正式名称": "南阿蘇調剤薬局", "機関区分": 5, "都道府県コード": 43, "市区町村コード": 428, "所在地": "熊本県阿蘇郡高森町高森１６１２－１", "緯度": 32.818478, "経度": 131.126589, "url": "https://www.iryou.teikyouseido.mhlw.go.jp/znk-web/juminkanja/S2430/initialize?prefCd=43&kikanCd=4300000485&kikanKbn=5", "url2": null, "内容": "南阿蘇調剤薬局【5:薬局】熊本県阿蘇郡高森町高森１６１２－１" }, "geometry": { "type": "Point", "coordinates": [ 131.126589, 32.818478 ] } },
{ "type": "Feature", "properties": { "ID": 4354300000486, "正式名称": "ツツミ薬局", "機関区分": 5, "都道府県コード": 43, "市区町村コード": 428, "所在地": "熊本県阿蘇郡高森町高森１９９０－１", "緯度": 32.825223, "経度": 131.117903, "url": "https://www.iryou.teikyouseido.mhlw.go.jp/znk-web/juminkanja/S2430/initialize?prefCd=43&kikanCd=4300000486&kikanKbn=5", "url2": "tyutyumi -yakkyoku.jp", "内容": "ツツミ薬局【5:薬局】熊本県阿蘇郡高森町高森１９９０－１" }, "geometry": { "type": "Point", "coordinates": [ 131.117903, 32.825223 ] } },
{ "type": "Feature", "properties": { "ID": 4354300000487, "正式名称": "高森わたなべ薬局", "機関区分": 5, "都道府県コード": 43, "市区町村コード": 428, "所在地": "熊本県阿蘇郡高森町高森２０２２－１", "緯度": 32.821367, "経度": 131.122575, "url": "https://www.iryou.teikyouseido.mhlw.go.jp/znk-web/juminkanja/S2430/initialize?prefCd=43&kikanCd=4300000487&kikanKbn=5", "url2": null, "内容": "高森わたなべ薬局【5:薬局】熊本県阿蘇郡高森町高森２０２２－１" }, "geometry": { "type": "Point", "coordinates": [ 131.122575, 32.821367 ] } },
{ "type": "Feature", "properties": { "ID": 4354300000489, "正式名称": "小国調剤薬局", "機関区分": 5, "都道府県コード": 43, "市区町村コード": 424, "所在地": "熊本県阿蘇郡小国町宮原１７３５－９", "緯度": 33.121025, "経度": 131.066953, "url": "https://www.iryou.teikyouseido.mhlw.go.jp/znk-web/juminkanja/S2430/initialize?prefCd=43&kikanCd=4300000489&kikanKbn=5", "url2": "http://www.asoph.shop/", "内容": "小国調剤薬局【5:薬局】熊本県阿蘇郡小国町宮原１７３５－９" }, "geometry": { "type": "Point", "coordinates": [ 131.066953, 33.121025 ] } },
{ "type": "Feature", "properties": { "ID": 4354300000490, "正式名称": "ユニスマイル薬局　小国店", "機関区分": 5, "都道府県コード": 43, "市区町村コード": 424, "所在地": "熊本県阿蘇郡小国町宮原１７４８－５", "緯度": 33.122029, "経度": 131.065423, "url": "https://www.iryou.teikyouseido.mhlw.go.jp/znk-web/juminkanja/S2430/initialize?prefCd=43&kikanCd=4300000490&kikanKbn=5", "url2": "https://unismile.co.jp/shop/yuu/", "内容": "ユニスマイル薬局　小国店【5:薬局】熊本県阿蘇郡小国町宮原１７４８－５" }, "geometry": { "type": "Point", "coordinates": [ 131.065423, 33.122029 ] } },
{ "type": "Feature", "properties": { "ID": 4354300000492, "正式名称": "こもり薬局", "機関区分": 5, "都道府県コード": 43, "市区町村コード": 432, "所在地": "熊本県阿蘇郡西原村小森２８２２－４", "緯度": 32.840042, "経度": 130.905669, "url": "https://www.iryou.teikyouseido.mhlw.go.jp/znk-web/juminkanja/S2430/initialize?prefCd=43&kikanCd=4300000492&kikanKbn=5", "url2": "http://www.hikari-gp.co.jp/", "内容": "こもり薬局【5:薬局】熊本県阿蘇郡西原村小森２８２２－４" }, "geometry": { "type": "Point", "coordinates": [ 130.905669, 32.840042 ] } },
{ "type": "Feature", "properties": { "ID": 4354300000493, "正式名称": "下野中央薬局", "機関区分": 5, "都道府県コード": 43, "市区町村コード": 433, "所在地": "熊本県阿蘇郡南阿蘇村下野４０１－３", "緯度": 32.907678, "経度": 130.992858, "url": "https://www.iryou.teikyouseido.mhlw.go.jp/znk-web/juminkanja/S2430/initialize?prefCd=43&kikanCd=4300000493&kikanKbn=5", "url2": "http://www.heartfelt-web.com/", "内容": "下野中央薬局【5:薬局】熊本県阿蘇郡南阿蘇村下野４０１－３" }, "geometry": { "type": "Point", "coordinates": [ 130.992858, 32.907678 ] } },
{ "type": "Feature", "properties": { "ID": 4354300000494, "正式名称": "白川水源薬局", "機関区分": 5, "都道府県コード": 43, "市区町村コード": 433, "所在地": "熊本県阿蘇郡南阿蘇村白川２１１１ー１", "緯度": 32.824209, "経度": 131.09556, "url": "https://www.iryou.teikyouseido.mhlw.go.jp/znk-web/juminkanja/S2430/initialize?prefCd=43&kikanCd=4300000494&kikanKbn=5", "url2": "http://www.heartfelt-web.com/", "内容": "白川水源薬局【5:薬局】熊本県阿蘇郡南阿蘇村白川２１１１ー１" }, "geometry": { "type": "Point", "coordinates": [ 131.09556, 32.824209 ] } },
{ "type": "Feature", "properties": { "ID": 4354300000495, "正式名称": "ファミリー薬局", "機関区分": 5, "都道府県コード": 43, "市区町村コード": 433, "所在地": "熊本県阿蘇郡南阿蘇村中松２８５０－３", "緯度": 32.833564, "経度": 131.043019, "url": "https://www.iryou.teikyouseido.mhlw.go.jp/znk-web/juminkanja/S2430/initialize?prefCd=43&kikanCd=4300000495&kikanKbn=5", "url2": null, "内容": "ファミリー薬局【5:薬局】熊本県阿蘇郡南阿蘇村中松２８５０－３" }, "geometry": { "type": "Point", "coordinates": [ 131.043019, 32.833564 ] } },
{ "type": "Feature", "properties": { "ID": 4354300000496, "正式名称": "陽だまり薬局", "機関区分": 5, "都道府県コード": 43, "市区町村コード": 433, "所在地": "熊本県阿蘇郡南阿蘇村立野１８７－２", "緯度": 32.879222, "経度": 130.979861, "url": "https://www.iryou.teikyouseido.mhlw.go.jp/znk-web/juminkanja/S2430/initialize?prefCd=43&kikanCd=4300000496&kikanKbn=5", "url2": "http://www.heartfelt-web.com", "内容": "陽だまり薬局【5:薬局】熊本県阿蘇郡南阿蘇村立野１８７－２" }, "geometry": { "type": "Point", "coordinates": [ 130.979861, 32.879222 ] } },
{ "type": "Feature", "properties": { "ID": 4354300000497, "正式名称": "きよらのさと薬局", "機関区分": 5, "都道府県コード": 43, "市区町村コード": 423, "所在地": "熊本県阿蘇郡南小国町赤馬場１９６３－５", "緯度": 33.094434, "経度": 131.072682, "url": "https://www.iryou.teikyouseido.mhlw.go.jp/znk-web/juminkanja/S2430/initialize?prefCd=43&kikanCd=4300000497&kikanKbn=5", "url2": null, "内容": "きよらのさと薬局【5:薬局】熊本県阿蘇郡南小国町赤馬場１９６３－５" }, "geometry": { "type": "Point", "coordinates": [ 131.072682, 33.094434 ] } },
{ "type": "Feature", "properties": { "ID": 4354300000500, "正式名称": "一の宮薬局", "機関区分": 5, "都道府県コード": 43, "市区町村コード": 214, "所在地": "熊本県阿蘇市一の宮町宮地５８３３番地５", "緯度": 32.933358, "経度": 131.111817, "url": "https://www.iryou.teikyouseido.mhlw.go.jp/znk-web/juminkanja/S2430/initialize?prefCd=43&kikanCd=4300000500&kikanKbn=5", "url2": null, "内容": "一の宮薬局【5:薬局】熊本県阿蘇市一の宮町宮地５８３３番地５" }, "geometry": { "type": "Point", "coordinates": [ 131.111817, 32.933358 ] } },
{ "type": "Feature", "properties": { "ID": 4354300000501, "正式名称": "阿蘇中央薬局", "機関区分": 5, "都道府県コード": 43, "市区町村コード": 214, "所在地": "熊本県阿蘇市黒川１２４９", "緯度": 32.934803, "経度": 131.082567, "url": "https://www.iryou.teikyouseido.mhlw.go.jp/znk-web/juminkanja/S2430/initialize?prefCd=43&kikanCd=4300000501&kikanKbn=5", "url2": "http://www.heartfelt-web.com/", "内容": "阿蘇中央薬局【5:薬局】熊本県阿蘇市黒川１２４９" }, "geometry": { "type": "Point", "coordinates": [ 131.082567, 32.934803 ] } },
{ "type": "Feature", "properties": { "ID": 4354300000502, "正式名称": "へきすい薬局", "機関区分": 5, "都道府県コード": 43, "市区町村コード": 214, "所在地": "熊本県阿蘇市黒川１４８２番地４", "緯度": 32.936012, "経度": 131.080996, "url": "https://www.iryou.teikyouseido.mhlw.go.jp/znk-web/juminkanja/S2430/initialize?prefCd=43&kikanCd=4300000502&kikanKbn=5", "url2": null, "内容": "へきすい薬局【5:薬局】熊本県阿蘇市黒川１４８２番地４" }, "geometry": { "type": "Point", "coordinates": [ 131.080996, 32.936012 ] } },
{ "type": "Feature", "properties": { "ID": 4354300000503, "正式名称": "アスリード阿蘇医療センター前薬局", "機関区分": 5, "都道府県コード": 43, "市区町村コード": 214, "所在地": "熊本県阿蘇市黒川１４８８－１", "緯度": 32.935499, "経度": 131.082191, "url": "https://www.iryou.teikyouseido.mhlw.go.jp/znk-web/juminkanja/S2430/initialize?prefCd=43&kikanCd=4300000503&kikanKbn=5", "url2": "http://www.drugmiyuki.com", "内容": "アスリード阿蘇医療センター前薬局【5:薬局】熊本県阿蘇市黒川１４８８－１" }, "geometry": { "type": "Point", "coordinates": [ 131.082191, 32.935499 ] } },
{ "type": "Feature", "properties": { "ID": 4354300000504, "正式名称": "アスリード薬局", "機関区分": 5, "都道府県コード": 43, "市区町村コード": 214, "所在地": "熊本県阿蘇市黒川１４９９－９", "緯度": 32.935173, "経度": 131.080278, "url": "https://www.iryou.teikyouseido.mhlw.go.jp/znk-web/juminkanja/S2430/initialize?prefCd=43&kikanCd=4300000504&kikanKbn=5", "url2": "http://www.drugmiyuki.com", "内容": "アスリード薬局【5:薬局】熊本県阿蘇市黒川１４９９－９" }, "geometry": { "type": "Point", "coordinates": [ 131.080278, 32.935173 ] } },
{ "type": "Feature", "properties": { "ID": 4354300000506, "正式名称": "岩下調剤薬局", "機関区分": 5, "都道府県コード": 43, "市区町村コード": 214, "所在地": "熊本県阿蘇市内牧１０４８－１", "緯度": 32.967266, "経度": 131.053498, "url": "https://www.iryou.teikyouseido.mhlw.go.jp/znk-web/juminkanja/S2430/initialize?prefCd=43&kikanCd=4300000506&kikanKbn=5", "url2": null, "内容": "岩下調剤薬局【5:薬局】熊本県阿蘇市内牧１０４８－１" }, "geometry": { "type": "Point", "coordinates": [ 131.053498, 32.967266 ] } },
{ "type": "Feature", "properties": { "ID": 4354300000507, "正式名称": "阿蘇りんどう薬局", "機関区分": 5, "都道府県コード": 43, "市区町村コード": 214, "所在地": "熊本県阿蘇市内牧１１６０番地９", "緯度": 32.972392, "経度": 131.044233, "url": "https://www.iryou.teikyouseido.mhlw.go.jp/znk-web/juminkanja/S2430/initialize?prefCd=43&kikanCd=4300000507&kikanKbn=5", "url2": "https://www.pharma-daiwa.co.jp", "内容": "阿蘇りんどう薬局【5:薬局】熊本県阿蘇市内牧１１６０番地９" }, "geometry": { "type": "Point", "coordinates": [ 131.044233, 32.972392 ] } },
{ "type": "Feature", "properties": { "ID": 4354300000508, "正式名称": "有限会社　内牧中央薬局", "機関区分": 5, "都道府県コード": 43, "市区町村コード": 214, "所在地": "熊本県阿蘇市内牧１６１－８", "緯度": 32.97385, "経度": 131.039633, "url": "https://www.iryou.teikyouseido.mhlw.go.jp/znk-web/juminkanja/S2430/initialize?prefCd=43&kikanCd=4300000508&kikanKbn=5", "url2": "http://www.heartfelt-web.com", "内容": "有限会社　内牧中央薬局【5:薬局】熊本県阿蘇市内牧１６１－８" }, "geometry": { "type": "Point", "coordinates": [ 131.039633, 32.97385 ] } },
{ "type": "Feature", "properties": { "ID": 4354300000510, "正式名称": "桐原薬局本店", "機関区分": 5, "都道府県コード": 43, "市区町村コード": 428, "所在地": "熊本県阿蘇郡高森町高森１６５１番地３", "緯度": 32.817038, "経度": 131.125723, "url": "https://www.iryou.teikyouseido.mhlw.go.jp/znk-web/juminkanja/S2430/initialize?prefCd=43&kikanCd=4300000510&kikanKbn=5", "url2": null, "内容": "桐原薬局本店【5:薬局】熊本県阿蘇郡高森町高森１６５１番地３" }, "geometry": { "type": "Point", "coordinates": [ 131.125723, 32.817038 ] } },
{ "type": "Feature", "properties": { "ID": 4354300000511, "正式名称": "おぐに薬局", "機関区分": 5, "都道府県コード": 43, "市区町村コード": 424, "所在地": "熊本県阿蘇郡小国町宮原１７７１－１", "緯度": 33.122094, "経度": 131.062119, "url": "https://www.iryou.teikyouseido.mhlw.go.jp/znk-web/juminkanja/S2430/initialize?prefCd=43&kikanCd=4300000511&kikanKbn=5", "url2": "https://www.asopharm.com/", "内容": "おぐに薬局【5:薬局】熊本県阿蘇郡小国町宮原１７７１－１" }, "geometry": { "type": "Point", "coordinates": [ 131.062119, 33.122094 ] } },
{ "type": "Feature", "properties": { "ID": 4354300000512, "正式名称": "くぎの薬局", "機関区分": 5, "都道府県コード": 43, "市区町村コード": 433, "所在地": "熊本県阿蘇郡南阿蘇村河陰４６６８", "緯度": 32.833226, "経度": 131.013332, "url": "https://www.iryou.teikyouseido.mhlw.go.jp/znk-web/juminkanja/S2430/initialize?prefCd=43&kikanCd=4300000512&kikanKbn=5", "url2": null, "内容": "くぎの薬局【5:薬局】熊本県阿蘇郡南阿蘇村河陰４６６８" }, "geometry": { "type": "Point", "coordinates": [ 131.013332, 32.833226 ] } },
{ "type": "Feature", "properties": { "ID": 4354300000513, "正式名称": "野の花薬局", "機関区分": 5, "都道府県コード": 43, "市区町村コード": 214, "所在地": "熊本県阿蘇市小里２５０－４", "緯度": 32.978355, "経度": 131.050744, "url": "https://www.iryou.teikyouseido.mhlw.go.jp/znk-web/juminkanja/S2430/initialize?prefCd=43&kikanCd=4300000513&kikanKbn=5", "url2": "http://www.aso.ne.jp/~nonohana/", "内容": "野の花薬局【5:薬局】熊本県阿蘇市小里２５０－４" }, "geometry": { "type": "Point", "coordinates": [ 131.050744, 32.978355 ] } },
{ "type": "Feature", "properties": { "ID": 4354300000514, "正式名称": "ましき町薬局", "機関区分": 5, "都道府県コード": 43, "市区町村コード": 443, "所在地": "熊本県上益城郡益城町宮園４０８－２", "緯度": 32.78811, "経度": 130.817985, "url": "https://www.iryou.teikyouseido.mhlw.go.jp/znk-web/juminkanja/S2430/initialize?prefCd=43&kikanCd=4300000514&kikanKbn=5", "url2": "http://www.drugmiyuki.com", "内容": "ましき町薬局【5:薬局】熊本県上益城郡益城町宮園４０８－２" }, "geometry": { "type": "Point", "coordinates": [ 130.817985, 32.78811 ] } },
{ "type": "Feature", "properties": { "ID": 4354300000515, "正式名称": "タカサキ薬局益城店", "機関区分": 5, "都道府県コード": 43, "市区町村コード": 443, "所在地": "熊本県上益城郡益城町宮園７３２－１", "緯度": 32.794536, "経度": 130.816218, "url": "https://www.iryou.teikyouseido.mhlw.go.jp/znk-web/juminkanja/S2430/initialize?prefCd=43&kikanCd=4300000515&kikanKbn=5", "url2": "http://www.takasaki-pharm.co.jp", "内容": "タカサキ薬局益城店【5:薬局】熊本県上益城郡益城町宮園７３２－１" }, "geometry": { "type": "Point", "coordinates": [ 130.816218, 32.794536 ] } },
{ "type": "Feature", "properties": { "ID": 4354300000516, "正式名称": "チューリップ薬局", "機関区分": 5, "都道府県コード": 43, "市区町村コード": 443, "所在地": "熊本県上益城郡益城町広崎１０３８－９", "緯度": 32.785932, "経度": 130.781339, "url": "https://www.iryou.teikyouseido.mhlw.go.jp/znk-web/juminkanja/S2430/initialize?prefCd=43&kikanCd=4300000516&kikanKbn=5", "url2": "https://www.pharma-daiwa.co.jp", "内容": "チューリップ薬局【5:薬局】熊本県上益城郡益城町広崎１０３８－９" }, "geometry": { "type": "Point", "coordinates": [ 130.781339, 32.785932 ] } },
{ "type": "Feature", "properties": { "ID": 4354300000518, "正式名称": "あきよし調剤薬局", "機関区分": 5, "都道府県コード": 43, "市区町村コード": 443, "所在地": "熊本県上益城郡益城町惣領１３１７番１号", "緯度": 32.783239, "経度": 130.801166, "url": "https://www.iryou.teikyouseido.mhlw.go.jp/znk-web/juminkanja/S2430/initialize?prefCd=43&kikanCd=4300000518&kikanKbn=5", "url2": "https://www.big-advance.site/s/156/1663", "内容": "あきよし調剤薬局【5:薬局】熊本県上益城郡益城町惣領１３１７番１号" }, "geometry": { "type": "Point", "coordinates": [ 130.801166, 32.783239 ] } },
{ "type": "Feature", "properties": { "ID": 4354300000519, "正式名称": "ステップ薬局　広安店", "機関区分": 5, "都道府県コード": 43, "市区町村コード": 443, "所在地": "熊本県上益城郡益城町惣領１４２９－６", "緯度": 32.784908, "経度": 130.802619, "url": "https://www.iryou.teikyouseido.mhlw.go.jp/znk-web/juminkanja/S2430/initialize?prefCd=43&kikanCd=4300000519&kikanKbn=5", "url2": null, "内容": "ステップ薬局　広安店【5:薬局】熊本県上益城郡益城町惣領１４２９－６" }, "geometry": { "type": "Point", "coordinates": [ 130.802619, 32.784908 ] } },
{ "type": "Feature", "properties": { "ID": 4354300000521, "正式名称": "新生堂薬局　益城惣領店", "機関区分": 5, "都道府県コード": 43, "市区町村コード": 443, "所在地": "熊本県上益城郡益城町大字惣領１５３９－３", "緯度": 32.783403, "経度": 130.799097, "url": "https://www.iryou.teikyouseido.mhlw.go.jp/znk-web/juminkanja/S2430/initialize?prefCd=43&kikanCd=4300000521&kikanKbn=5", "url2": "https://sinseido-co.jp/", "内容": "新生堂薬局　益城惣領店【5:薬局】熊本県上益城郡益城町大字惣領１５３９－３" }, "geometry": { "type": "Point", "coordinates": [ 130.799097, 32.783403 ] } },
{ "type": "Feature", "properties": { "ID": 4354300000522, "正式名称": "いいの薬局", "機関区分": 5, "都道府県コード": 43, "市区町村コード": 443, "所在地": "熊本県上益城郡益城町砥川１７２０", "緯度": 32.762456, "経度": 130.815164, "url": "https://www.iryou.teikyouseido.mhlw.go.jp/znk-web/juminkanja/S2430/initialize?prefCd=43&kikanCd=4300000522&kikanKbn=5", "url2": null, "内容": "いいの薬局【5:薬局】熊本県上益城郡益城町砥川１７２０" }, "geometry": { "type": "Point", "coordinates": [ 130.815164, 32.762456 ] } },
{ "type": "Feature", "properties": { "ID": 4354300000523, "正式名称": "かんな薬局", "機関区分": 5, "都道府県コード": 43, "市区町村コード": 443, "所在地": "熊本県上益城郡益城町馬水８０５－２", "緯度": 32.786771, "経度": 130.80778, "url": "https://www.iryou.teikyouseido.mhlw.go.jp/znk-web/juminkanja/S2430/initialize?prefCd=43&kikanCd=4300000523&kikanKbn=5", "url2": null, "内容": "かんな薬局【5:薬局】熊本県上益城郡益城町馬水８０５－２" }, "geometry": { "type": "Point", "coordinates": [ 130.80778, 32.786771 ] } },
{ "type": "Feature", "properties": { "ID": 4354300000524, "正式名称": "新生堂薬局　益城木山店", "機関区分": 5, "都道府県コード": 43, "市区町村コード": 443, "所在地": "熊本県上益城郡益城町大字木山字居屋敷３４１－８", "緯度": 32.833114, "経度": 130.86171, "url": "https://www.iryou.teikyouseido.mhlw.go.jp/znk-web/juminkanja/S2430/initialize?prefCd=43&kikanCd=4300000524&kikanKbn=5", "url2": "https://sinseido-co.jp/", "内容": "新生堂薬局　益城木山店【5:薬局】熊本県上益城郡益城町大字木山字居屋敷３４１－８" }, "geometry": { "type": "Point", "coordinates": [ 130.86171, 32.833114 ] } },
{ "type": "Feature", "properties": { "ID": 4354300000525, "正式名称": "そよ風薬局嘉島店", "機関区分": 5, "都道府県コード": 43, "市区町村コード": 442, "所在地": "熊本県上益城郡嘉島町上島２４９６－１", "緯度": 32.736186, "経度": 130.751749, "url": "https://www.iryou.teikyouseido.mhlw.go.jp/znk-web/juminkanja/S2430/initialize?prefCd=43&kikanCd=4300000525&kikanKbn=5", "url2": "http://www.pharma-daiwa.co.jp", "内容": "そよ風薬局嘉島店【5:薬局】熊本県上益城郡嘉島町上島２４９６－１" }, "geometry": { "type": "Point", "coordinates": [ 130.751749, 32.736186 ] } },
{ "type": "Feature", "properties": { "ID": 4354300000526, "正式名称": "さつき薬局　嘉島店", "機関区分": 5, "都道府県コード": 43, "市区町村コード": 442, "所在地": "熊本県上益城郡嘉島町北甘木２０２７－２", "緯度": 32.749819, "経度": 130.772064, "url": "https://www.iryou.teikyouseido.mhlw.go.jp/znk-web/juminkanja/S2430/initialize?prefCd=43&kikanCd=4300000526&kikanKbn=5", "url2": "http://www.satsukipharmacy.com", "内容": "さつき薬局　嘉島店【5:薬局】熊本県上益城郡嘉島町北甘木２０２７－２" }, "geometry": { "type": "Point", "coordinates": [ 130.772064, 32.749819 ] } },
{ "type": "Feature", "properties": { "ID": 4354300000527, "正式名称": "かしま調剤薬局", "機関区分": 5, "都道府県コード": 43, "市区町村コード": 442, "所在地": "熊本県上益城郡嘉島町鯰１８５５番地１", "緯度": 32.747219, "経度": 130.738728, "url": "https://www.iryou.teikyouseido.mhlw.go.jp/znk-web/juminkanja/S2430/initialize?prefCd=43&kikanCd=4300000527&kikanKbn=5", "url2": "http://www.e-classa.net/kashima-matsuyapharmacy/", "内容": "かしま調剤薬局【5:薬局】熊本県上益城郡嘉島町鯰１８５５番地１" }, "geometry": { "type": "Point", "coordinates": [ 130.738728, 32.747219 ] } },
{ "type": "Feature", "properties": { "ID": 4354300000528, "正式名称": "ひばり薬局", "機関区分": 5, "都道府県コード": 43, "市区町村コード": 442, "所在地": "熊本県上益城郡嘉島町鯰１８７３－５", "緯度": 32.74804, "経度": 130.737452, "url": "https://www.iryou.teikyouseido.mhlw.go.jp/znk-web/juminkanja/S2430/initialize?prefCd=43&kikanCd=4300000528&kikanKbn=5", "url2": "http://www.pharma-daiwa.co.jp", "内容": "ひばり薬局【5:薬局】熊本県上益城郡嘉島町鯰１８７３－５" }, "geometry": { "type": "Point", "coordinates": [ 130.737452, 32.74804 ] } },
{ "type": "Feature", "properties": { "ID": 4354300000529, "正式名称": "なまず調剤薬局", "機関区分": 5, "都道府県コード": 43, "市区町村コード": 442, "所在地": "熊本県上益城郡嘉島町鯰１８９８－５", "緯度": 32.749357, "経度": 130.73923, "url": "https://www.iryou.teikyouseido.mhlw.go.jp/znk-web/juminkanja/S2430/initialize?prefCd=43&kikanCd=4300000529&kikanKbn=5", "url2": "kuhonji.com", "内容": "なまず調剤薬局【5:薬局】熊本県上益城郡嘉島町鯰１８９８－５" }, "geometry": { "type": "Point", "coordinates": [ 130.73923, 32.749357 ] } },
{ "type": "Feature", "properties": { "ID": 4354300000530, "正式名称": "御船中央薬局", "機関区分": 5, "都道府県コード": 43, "市区町村コード": 441, "所在地": "熊本県上益城郡御船町御船１０７１－２", "緯度": 32.710714, "経度": 130.800383, "url": "https://www.iryou.teikyouseido.mhlw.go.jp/znk-web/juminkanja/S2430/initialize?prefCd=43&kikanCd=4300000530&kikanKbn=5", "url2": "https://www.greenrose-ktm.jp/", "内容": "御船中央薬局【5:薬局】熊本県上益城郡御船町御船１０７１－２" }, "geometry": { "type": "Point", "coordinates": [ 130.800383, 32.710714 ] } },
{ "type": "Feature", "properties": { "ID": 4354300000531, "正式名称": "みすみや薬局", "機関区分": 5, "都道府県コード": 43, "市区町村コード": 441, "所在地": "熊本県上益城郡御船町御船１０７４", "緯度": 32.710471, "経度": 130.800533, "url": "https://www.iryou.teikyouseido.mhlw.go.jp/znk-web/juminkanja/S2430/initialize?prefCd=43&kikanCd=4300000531&kikanKbn=5", "url2": null, "内容": "みすみや薬局【5:薬局】熊本県上益城郡御船町御船１０７４" }, "geometry": { "type": "Point", "coordinates": [ 130.800533, 32.710471 ] } },
{ "type": "Feature", "properties": { "ID": 4354300000532, "正式名称": "さつき薬局　御船店", "機関区分": 5, "都道府県コード": 43, "市区町村コード": 441, "所在地": "熊本県上益城郡御船町御船９３５番地１", "緯度": 32.712003, "経度": 130.798595, "url": "https://www.iryou.teikyouseido.mhlw.go.jp/znk-web/juminkanja/S2430/initialize?prefCd=43&kikanCd=4300000532&kikanKbn=5", "url2": null, "内容": "さつき薬局　御船店【5:薬局】熊本県上益城郡御船町御船９３５番地１" }, "geometry": { "type": "Point", "coordinates": [ 130.798595, 32.712003 ] } },
{ "type": "Feature", "properties": { "ID": 4354300000534, "正式名称": "新生堂薬局　御船店", "機関区分": 5, "都道府県コード": 43, "市区町村コード": 441, "所在地": "熊本県上益城郡御船町辺田見３４－１", "緯度": 32.714567, "経度": 130.804086, "url": "https://www.iryou.teikyouseido.mhlw.go.jp/znk-web/juminkanja/S2430/initialize?prefCd=43&kikanCd=4300000534&kikanKbn=5", "url2": "https://sinseido-co.jp/", "内容": "新生堂薬局　御船店【5:薬局】熊本県上益城郡御船町辺田見３４－１" }, "geometry": { "type": "Point", "coordinates": [ 130.804086, 32.714567 ] } },
{ "type": "Feature", "properties": { "ID": 4354300000535, "正式名称": "有限会社御船薬局", "機関区分": 5, "都道府県コード": 43, "市区町村コード": 441, "所在地": "熊本県上益城郡御船町辺田見４１０－１－２", "緯度": 32.709089, "経度": 130.80169, "url": "https://www.iryou.teikyouseido.mhlw.go.jp/znk-web/juminkanja/S2430/initialize?prefCd=43&kikanCd=4300000535&kikanKbn=5", "url2": "http://www.drugmiyuki.com", "内容": "有限会社御船薬局【5:薬局】熊本県上益城郡御船町辺田見４１０－１－２" }, "geometry": { "type": "Point", "coordinates": [ 130.80169, 32.709089 ] } },
{ "type": "Feature", "properties": { "ID": 4354300000536, "正式名称": "リズム薬局", "機関区分": 5, "都道府県コード": 43, "市区町村コード": 441, "所在地": "熊本県上益城郡御船町豊秋１５５８－３", "緯度": 32.728142, "経度": 130.768238, "url": "https://www.iryou.teikyouseido.mhlw.go.jp/znk-web/juminkanja/S2430/initialize?prefCd=43&kikanCd=4300000536&kikanKbn=5", "url2": "https://www.pharman.co.jp", "内容": "リズム薬局【5:薬局】熊本県上益城郡御船町豊秋１５５８－３" }, "geometry": { "type": "Point", "coordinates": [ 130.768238, 32.728142 ] } },
{ "type": "Feature", "properties": { "ID": 4354300000537, "正式名称": "有限会社カワグチ薬局御船店", "機関区分": 5, "都道府県コード": 43, "市区町村コード": 441, "所在地": "熊本県上益城郡御船町木倉１１８４－６", "緯度": 32.716757, "経度": 130.800963, "url": "https://www.iryou.teikyouseido.mhlw.go.jp/znk-web/juminkanja/S2430/initialize?prefCd=43&kikanCd=4300000537&kikanKbn=5", "url2": null, "内容": "有限会社カワグチ薬局御船店【5:薬局】熊本県上益城郡御船町木倉１１８４－６" }, "geometry": { "type": "Point", "coordinates": [ 130.800963, 32.716757 ] } },
{ "type": "Feature", "properties": { "ID": 4354300000539, "正式名称": "甲佐薬局", "機関区分": 5, "都道府県コード": 43, "市区町村コード": 444, "所在地": "熊本県上益城郡甲佐町岩下８７", "緯度": 32.652869, "経度": 130.809311, "url": "https://www.iryou.teikyouseido.mhlw.go.jp/znk-web/juminkanja/S2430/initialize?prefCd=43&kikanCd=4300000539&kikanKbn=5", "url2": "https://www.nomura-g.com", "内容": "甲佐薬局【5:薬局】熊本県上益城郡甲佐町岩下８７" }, "geometry": { "type": "Point", "coordinates": [ 130.809311, 32.652869 ] } },
{ "type": "Feature", "properties": { "ID": 4354300000540, "正式名称": "コーセイ薬局", "機関区分": 5, "都道府県コード": 43, "市区町村コード": 444, "所在地": "熊本県上益城郡甲佐町大字岩下１２３番地３", "緯度": 32.650913, "経度": 130.809722, "url": "https://www.iryou.teikyouseido.mhlw.go.jp/znk-web/juminkanja/S2430/initialize?prefCd=43&kikanCd=4300000540&kikanKbn=5", "url2": "http://cosei-pharmacy.com/", "内容": "コーセイ薬局【5:薬局】熊本県上益城郡甲佐町大字岩下１２３番地３" }, "geometry": { "type": "Point", "coordinates": [ 130.809722, 32.650913 ] } },
{ "type": "Feature", "properties": { "ID": 4354300000541, "正式名称": "三恵薬局甲佐店", "機関区分": 5, "都道府県コード": 43, "市区町村コード": 444, "所在地": "熊本県上益城郡甲佐町大字緑町字中野３２９番２号", "緯度": 32.648795, "経度": 130.808783, "url": "https://www.iryou.teikyouseido.mhlw.go.jp/znk-web/juminkanja/S2430/initialize?prefCd=43&kikanCd=4300000541&kikanKbn=5", "url2": "https://sankeipharmacygroup.amebaownd.com/", "内容": "三恵薬局甲佐店【5:薬局】熊本県上益城郡甲佐町大字緑町字中野３２９番２号" }, "geometry": { "type": "Point", "coordinates": [ 130.808783, 32.648795 ] } },
{ "type": "Feature", "properties": { "ID": 4354300000542, "正式名称": "水の里調剤薬局", "機関区分": 5, "都道府県コード": 43, "市区町村コード": 447, "所在地": "熊本県上益城郡山都町城平８４５－１", "緯度": 32.686819, "経度": 130.992964, "url": "https://www.iryou.teikyouseido.mhlw.go.jp/znk-web/juminkanja/S2430/initialize?prefCd=43&kikanCd=4300000542&kikanKbn=5", "url2": null, "内容": "水の里調剤薬局【5:薬局】熊本県上益城郡山都町城平８４５－１" }, "geometry": { "type": "Point", "coordinates": [ 130.992964, 32.686819 ] } },
{ "type": "Feature", "properties": { "ID": 4354300000543, "正式名称": "まこと薬局", "機関区分": 5, "都道府県コード": 43, "市区町村コード": 447, "所在地": "熊本県上益城郡山都町菅尾１５４－１", "緯度": 32.707855, "経度": 131.137326, "url": "https://www.iryou.teikyouseido.mhlw.go.jp/znk-web/juminkanja/S2430/initialize?prefCd=43&kikanCd=4300000543&kikanKbn=5", "url2": null, "内容": "まこと薬局【5:薬局】熊本県上益城郡山都町菅尾１５４－１" }, "geometry": { "type": "Point", "coordinates": [ 131.137326, 32.707855 ] } },
{ "type": "Feature", "properties": { "ID": 4354300000544, "正式名称": "蘇陽調剤薬局", "機関区分": 5, "都道府県コード": 43, "市区町村コード": 447, "所在地": "熊本県上益城郡山都町滝上４６４番地２", "緯度": 32.692274, "経度": 131.14265, "url": "https://www.iryou.teikyouseido.mhlw.go.jp/znk-web/juminkanja/S2430/initialize?prefCd=43&kikanCd=4300000544&kikanKbn=5", "url2": "https://www.soyoupharmacy.com/", "内容": "蘇陽調剤薬局【5:薬局】熊本県上益城郡山都町滝上４６４番地２" }, "geometry": { "type": "Point", "coordinates": [ 131.14265, 32.692274 ] } },
{ "type": "Feature", "properties": { "ID": 4354300000545, "正式名称": "坂梨薬局", "機関区分": 5, "都道府県コード": 43, "市区町村コード": 447, "所在地": "熊本県上益城郡山都町浜町１７０番１号", "緯度": 32.683953, "経度": 130.986971, "url": "https://www.iryou.teikyouseido.mhlw.go.jp/znk-web/juminkanja/S2430/initialize?prefCd=43&kikanCd=4300000545&kikanKbn=5", "url2": null, "内容": "坂梨薬局【5:薬局】熊本県上益城郡山都町浜町１７０番１号" }, "geometry": { "type": "Point", "coordinates": [ 130.986971, 32.683953 ] } },
{ "type": "Feature", "properties": { "ID": 4354300000546, "正式名称": "矢部調剤薬局", "機関区分": 5, "都道府県コード": 43, "市区町村コード": 447, "所在地": "熊本県上益城郡山都町浜町１６８", "緯度": 32.683898, "経度": 130.986978, "url": "https://www.iryou.teikyouseido.mhlw.go.jp/znk-web/juminkanja/S2430/initialize?prefCd=43&kikanCd=4300000546&kikanKbn=5", "url2": null, "内容": "矢部調剤薬局【5:薬局】熊本県上益城郡山都町浜町１６８" }, "geometry": { "type": "Point", "coordinates": [ 130.986978, 32.683898 ] } },
{ "type": "Feature", "properties": { "ID": 4354300000548, "正式名称": "山都もみじ薬局", "機関区分": 5, "都道府県コード": 43, "市区町村コード": 447, "所在地": "熊本県上益城郡山都町北中島字狐平２８０６－１", "緯度": 32.735345, "経度": 130.936151, "url": "https://www.iryou.teikyouseido.mhlw.go.jp/znk-web/juminkanja/S2430/initialize?prefCd=43&kikanCd=4300000548&kikanKbn=5", "url2": null, "内容": "山都もみじ薬局【5:薬局】熊本県上益城郡山都町北中島字狐平２８０６－１" }, "geometry": { "type": "Point", "coordinates": [ 130.936151, 32.735345 ] } },
{ "type": "Feature", "properties": { "ID": 4354300000549, "正式名称": "イオン薬局　熊本店", "機関区分": 5, "都道府県コード": 43, "市区町村コード": 442, "所在地": "熊本県上益城郡嘉島町大字上島字長池２２３２イオン熊本店１階", "緯度": 32.737493, "経度": 130.745566, "url": "https://www.iryou.teikyouseido.mhlw.go.jp/znk-web/juminkanja/S2430/initialize?prefCd=43&kikanCd=4300000549&kikanKbn=5", "url2": null, "内容": "イオン薬局　熊本店【5:薬局】熊本県上益城郡嘉島町大字上島字長池２２３２イオン熊本店１階" }, "geometry": { "type": "Point", "coordinates": [ 130.745566, 32.737493 ] } },
{ "type": "Feature", "properties": { "ID": 4354300000550, "正式名称": "有限会社松林堂薬局　益城店", "機関区分": 5, "都道府県コード": 43, "市区町村コード": 443, "所在地": "熊本県上益城郡益城町安永５７０―４", "緯度": 32.789439, "経度": 130.810481, "url": "https://www.iryou.teikyouseido.mhlw.go.jp/znk-web/juminkanja/S2430/initialize?prefCd=43&kikanCd=4300000550&kikanKbn=5", "url2": "http://wwws.syourindo.co.jp", "内容": "有限会社松林堂薬局　益城店【5:薬局】熊本県上益城郡益城町安永５７０―４" }, "geometry": { "type": "Point", "coordinates": [ 130.810481, 32.789439 ] } },
{ "type": "Feature", "properties": { "ID": 4354300000551, "正式名称": "やまと薬局　嘉島店", "機関区分": 5, "都道府県コード": 43, "市区町村コード": 442, "所在地": "熊本県上益城郡嘉島町北甘木２０９４番１", "緯度": 32.747412, "経度": 130.771634, "url": "https://www.iryou.teikyouseido.mhlw.go.jp/znk-web/juminkanja/S2430/initialize?prefCd=43&kikanCd=4300000551&kikanKbn=5", "url2": "https://yamato-pharmacy.jimdosite.com/", "内容": "やまと薬局　嘉島店【5:薬局】熊本県上益城郡嘉島町北甘木２０９４番１" }, "geometry": { "type": "Point", "coordinates": [ 130.771634, 32.747412 ] } },
{ "type": "Feature", "properties": { "ID": 4354300000552, "正式名称": "ホリサカ薬局", "機関区分": 5, "都道府県コード": 43, "市区町村コード": 213, "所在地": "熊本県宇城市松橋町園田９４７－１", "緯度": 32.650978, "経度": 130.68839, "url": "https://www.iryou.teikyouseido.mhlw.go.jp/znk-web/juminkanja/S2430/initialize?prefCd=43&kikanCd=4300000552&kikanKbn=5", "url2": "https://horisaka-kampo.com", "内容": "ホリサカ薬局【5:薬局】熊本県宇城市松橋町園田９４７－１" }, "geometry": { "type": "Point", "coordinates": [ 130.68839, 32.650978 ] } },
{ "type": "Feature", "properties": { "ID": 4354300000554, "正式名称": "ヒカリ調剤薬局", "機関区分": 5, "都道府県コード": 43, "市区町村コード": 213, "所在地": "熊本県宇城市三角町三角浦１１５９－１２５", "緯度": 32.610091, "経度": 130.472437, "url": "https://www.iryou.teikyouseido.mhlw.go.jp/znk-web/juminkanja/S2430/initialize?prefCd=43&kikanCd=4300000554&kikanKbn=5", "url2": "http://www.hikari-meiwa.jp/home", "内容": "ヒカリ調剤薬局【5:薬局】熊本県宇城市三角町三角浦１１５９－１２５" }, "geometry": { "type": "Point", "coordinates": [ 130.472437, 32.610091 ] } },
{ "type": "Feature", "properties": { "ID": 4354300000555, "正式名称": "有限会社　福田薬局", "機関区分": 5, "都道府県コード": 43, "市区町村コード": 213, "所在地": "熊本県宇城市小川町小川８７", "緯度": 32.585208, "経度": 130.706686, "url": "https://www.iryou.teikyouseido.mhlw.go.jp/znk-web/juminkanja/S2430/initialize?prefCd=43&kikanCd=4300000555&kikanKbn=5", "url2": null, "内容": "有限会社　福田薬局【5:薬局】熊本県宇城市小川町小川８７" }, "geometry": { "type": "Point", "coordinates": [ 130.706686, 32.585208 ] } },
{ "type": "Feature", "properties": { "ID": 4354300000556, "正式名称": "ミノリ調剤薬局", "機関区分": 5, "都道府県コード": 43, "市区町村コード": 213, "所在地": "熊本県宇城市小川町新田出字二番２７４", "緯度": 32.609421, "経度": 130.676351, "url": "https://www.iryou.teikyouseido.mhlw.go.jp/znk-web/juminkanja/S2430/initialize?prefCd=43&kikanCd=4300000556&kikanKbn=5", "url2": null, "内容": "ミノリ調剤薬局【5:薬局】熊本県宇城市小川町新田出字二番２７４" }, "geometry": { "type": "Point", "coordinates": [ 130.676351, 32.609421 ] } },
{ "type": "Feature", "properties": { "ID": 4354300000557, "正式名称": "すまいる薬局", "機関区分": 5, "都道府県コード": 43, "市区町村コード": 213, "所在地": "熊本県宇城市小川町川尻２７４－６", "緯度": 32.5992, "経度": 130.693161, "url": "https://www.iryou.teikyouseido.mhlw.go.jp/znk-web/juminkanja/S2430/initialize?prefCd=43&kikanCd=4300000557&kikanKbn=5", "url2": null, "内容": "すまいる薬局【5:薬局】熊本県宇城市小川町川尻２７４－６" }, "geometry": { "type": "Point", "coordinates": [ 130.693161, 32.5992 ] } },
{ "type": "Feature", "properties": { "ID": 4354300000558, "正式名称": "江南薬局", "機関区分": 5, "都道府県コード": 43, "市区町村コード": 213, "所在地": "熊本県宇城市小川町北新田６１－４", "緯度": 32.599144, "経度": 130.701956, "url": "https://www.iryou.teikyouseido.mhlw.go.jp/znk-web/juminkanja/S2430/initialize?prefCd=43&kikanCd=4300000558&kikanKbn=5", "url2": null, "内容": "江南薬局【5:薬局】熊本県宇城市小川町北新田６１－４" }, "geometry": { "type": "Point", "coordinates": [ 130.701956, 32.599144 ] } },
{ "type": "Feature", "properties": { "ID": 4354300000559, "正式名称": "ウイング薬局", "機関区分": 5, "都道府県コード": 43, "市区町村コード": 213, "所在地": "熊本県宇城市松橋町きらら１丁目６番８号", "緯度": 32.644738, "経度": 130.679139, "url": "https://www.iryou.teikyouseido.mhlw.go.jp/znk-web/juminkanja/S2430/initialize?prefCd=43&kikanCd=4300000559&kikanKbn=5", "url2": "http://gofukuph.jpn.ph", "内容": "ウイング薬局【5:薬局】熊本県宇城市松橋町きらら１丁目６番８号" }, "geometry": { "type": "Point", "coordinates": [ 130.679139, 32.644738 ] } },
{ "type": "Feature", "properties": { "ID": 4354300000560, "正式名称": "松橋中央薬局", "機関区分": 5, "都道府県コード": 43, "市区町村コード": 213, "所在地": "熊本県宇城市松橋町きらら２丁目２－１３", "緯度": 32.645147, "経度": 130.680831, "url": "https://www.iryou.teikyouseido.mhlw.go.jp/znk-web/juminkanja/S2430/initialize?prefCd=43&kikanCd=4300000560&kikanKbn=5", "url2": null, "内容": "松橋中央薬局【5:薬局】熊本県宇城市松橋町きらら２丁目２－１３" }, "geometry": { "type": "Point", "coordinates": [ 130.680831, 32.645147 ] } },
{ "type": "Feature", "properties": { "ID": 4354300000562, "正式名称": "きらら調剤薬局", "機関区分": 5, "都道府県コード": 43, "市区町村コード": 213, "所在地": "熊本県宇城市松橋町きらら３丁目２番２０号", "緯度": 32.645911, "経度": 130.682217, "url": "https://www.iryou.teikyouseido.mhlw.go.jp/znk-web/juminkanja/S2430/initialize?prefCd=43&kikanCd=4300000562&kikanKbn=5", "url2": null, "内容": "きらら調剤薬局【5:薬局】熊本県宇城市松橋町きらら３丁目２番２０号" }, "geometry": { "type": "Point", "coordinates": [ 130.682217, 32.645911 ] } },
{ "type": "Feature", "properties": { "ID": 4354300000563, "正式名称": "みやび薬局", "機関区分": 5, "都道府県コード": 43, "市区町村コード": 213, "所在地": "熊本県宇城市松橋町久具３２４番地２", "緯度": 32.64922, "経度": 130.686639, "url": "https://www.iryou.teikyouseido.mhlw.go.jp/znk-web/juminkanja/S2430/initialize?prefCd=43&kikanCd=4300000563&kikanKbn=5", "url2": "https://drugmiyuki.com/", "内容": "みやび薬局【5:薬局】熊本県宇城市松橋町久具３２４番地２" }, "geometry": { "type": "Point", "coordinates": [ 130.686639, 32.64922 ] } },
{ "type": "Feature", "properties": { "ID": 4354300000564, "正式名称": "マリノ薬局", "機関区分": 5, "都道府県コード": 43, "市区町村コード": 213, "所在地": "熊本県宇城市松橋町久具６８７－２", "緯度": 32.651472, "経度": 130.695883, "url": "https://www.iryou.teikyouseido.mhlw.go.jp/znk-web/juminkanja/S2430/initialize?prefCd=43&kikanCd=4300000564&kikanKbn=5", "url2": "http://marino-okusuri.jp/introduction.html", "内容": "マリノ薬局【5:薬局】熊本県宇城市松橋町久具６８７－２" }, "geometry": { "type": "Point", "coordinates": [ 130.695883, 32.651472 ] } },
{ "type": "Feature", "properties": { "ID": 4354300000566, "正式名称": "株式会社　高浜薬局", "機関区分": 5, "都道府県コード": 43, "市区町村コード": 213, "所在地": "熊本県宇城市松橋町曲野１９－３", "緯度": 32.650778, "経度": 130.687319, "url": "https://www.iryou.teikyouseido.mhlw.go.jp/znk-web/juminkanja/S2430/initialize?prefCd=43&kikanCd=4300000566&kikanKbn=5", "url2": "http://takahama-uki.com/", "内容": "株式会社　高浜薬局【5:薬局】熊本県宇城市松橋町曲野１９－３" }, "geometry": { "type": "Point", "coordinates": [ 130.687319, 32.650778 ] } },
{ "type": "Feature", "properties": { "ID": 4354300000567, "正式名称": "良寛堂薬局", "機関区分": 5, "都道府県コード": 43, "市区町村コード": 213, "所在地": "熊本県宇城市松橋町松橋１９４番地１", "緯度": 32.647435, "経度": 130.676188, "url": "https://www.iryou.teikyouseido.mhlw.go.jp/znk-web/juminkanja/S2430/initialize?prefCd=43&kikanCd=4300000567&kikanKbn=5", "url2": "https://sites.google.com/view/kanpou-ryoukandou/%E3%83%9B%E3%83%BC%E3%83%A0", "内容": "良寛堂薬局【5:薬局】熊本県宇城市松橋町松橋１９４番地１" }, "geometry": { "type": "Point", "coordinates": [ 130.676188, 32.647435 ] } },
{ "type": "Feature", "properties": { "ID": 4354300000568, "正式名称": "三気堂薬局　松橋店", "機関区分": 5, "都道府県コード": 43, "市区町村コード": 213, "所在地": "熊本県宇城市松橋町松橋１９４７－３", "緯度": 32.656734, "経度": 130.686619, "url": "https://www.iryou.teikyouseido.mhlw.go.jp/znk-web/juminkanja/S2430/initialize?prefCd=43&kikanCd=4300000568&kikanKbn=5", "url2": "https://sankido-kumamoto.com", "内容": "三気堂薬局　松橋店【5:薬局】熊本県宇城市松橋町松橋１９４７－３" }, "geometry": { "type": "Point", "coordinates": [ 130.686619, 32.656734 ] } },
{ "type": "Feature", "properties": { "ID": 4354300000569, "正式名称": "たんぽぽ薬局", "機関区分": 5, "都道府県コード": 43, "市区町村コード": 213, "所在地": "熊本県宇城市松橋町松橋４９０－２", "緯度": 32.650822, "経度": 130.678264, "url": "https://www.iryou.teikyouseido.mhlw.go.jp/znk-web/juminkanja/S2430/initialize?prefCd=43&kikanCd=4300000569&kikanKbn=5", "url2": "https://www.matsukiyococokara-online.com/map?kid=20002497", "内容": "たんぽぽ薬局【5:薬局】熊本県宇城市松橋町松橋４９０－２" }, "geometry": { "type": "Point", "coordinates": [ 130.678264, 32.650822 ] } },
{ "type": "Feature", "properties": { "ID": 4354300000570, "正式名称": "新生堂薬局　松橋店", "機関区分": 5, "都道府県コード": 43, "市区町村コード": 213, "所在地": "熊本県宇城市松橋町松橋園田８２０－１", "緯度": 32.653959, "経度": 130.678182, "url": "https://www.iryou.teikyouseido.mhlw.go.jp/znk-web/juminkanja/S2430/initialize?prefCd=43&kikanCd=4300000570&kikanKbn=5", "url2": "https://sinseido-co.jp/", "内容": "新生堂薬局　松橋店【5:薬局】熊本県宇城市松橋町松橋園田８２０－１" }, "geometry": { "type": "Point", "coordinates": [ 130.678182, 32.653959 ] } },
{ "type": "Feature", "properties": { "ID": 4354300000571, "正式名称": "とよかわ薬局", "機関区分": 5, "都道府県コード": 43, "市区町村コード": 213, "所在地": "熊本県宇城市松橋町南豊崎５９３－４", "緯度": 32.623856, "経度": 130.678161, "url": "https://www.iryou.teikyouseido.mhlw.go.jp/znk-web/juminkanja/S2430/initialize?prefCd=43&kikanCd=4300000571&kikanKbn=5", "url2": "http://www.hiiragi-p.co.jp", "内容": "とよかわ薬局【5:薬局】熊本県宇城市松橋町南豊崎５９３－４" }, "geometry": { "type": "Point", "coordinates": [ 130.678161, 32.623856 ] } },
{ "type": "Feature", "properties": { "ID": 4354300000572, "正式名称": "まつばせ薬局", "機関区分": 5, "都道府県コード": 43, "市区町村コード": 213, "所在地": "熊本県宇城市松橋町萩尾２０５１－８", "緯度": 32.665068, "経度": 130.718332, "url": "https://www.iryou.teikyouseido.mhlw.go.jp/znk-web/juminkanja/S2430/initialize?prefCd=43&kikanCd=4300000572&kikanKbn=5", "url2": null, "内容": "まつばせ薬局【5:薬局】熊本県宇城市松橋町萩尾２０５１－８" }, "geometry": { "type": "Point", "coordinates": [ 130.718332, 32.665068 ] } },
{ "type": "Feature", "properties": { "ID": 4354300000573, "正式名称": "松橋　クローバー薬局", "機関区分": 5, "都道府県コード": 43, "市区町村コード": 213, "所在地": "熊本県宇城市松橋町豊福権現前２０６４－３", "緯度": 32.64306, "経度": 130.70331, "url": "https://www.iryou.teikyouseido.mhlw.go.jp/znk-web/juminkanja/S2430/initialize?prefCd=43&kikanCd=4300000573&kikanKbn=5", "url2": null, "内容": "松橋　クローバー薬局【5:薬局】熊本県宇城市松橋町豊福権現前２０６４－３" }, "geometry": { "type": "Point", "coordinates": [ 130.70331, 32.64306 ] } },
{ "type": "Feature", "properties": { "ID": 4354300000574, "正式名称": "熊本南前薬局", "機関区分": 5, "都道府県コード": 43, "市区町村コード": 213, "所在地": "熊本県宇城市松橋町豊福２０７０", "緯度": 32.638627, "経度": 130.702448, "url": "https://www.iryou.teikyouseido.mhlw.go.jp/znk-web/juminkanja/S2430/initialize?prefCd=43&kikanCd=4300000574&kikanKbn=5", "url2": null, "内容": "熊本南前薬局【5:薬局】熊本県宇城市松橋町豊福２０７０" }, "geometry": { "type": "Point", "coordinates": [ 130.702448, 32.638627 ] } },
{ "type": "Feature", "properties": { "ID": 4354300000575, "正式名称": "宇城薬局", "機関区分": 5, "都道府県コード": 43, "市区町村コード": 213, "所在地": "熊本県宇城市松橋町両仲間７２４", "緯度": 32.632828, "経度": 130.700244, "url": "https://www.iryou.teikyouseido.mhlw.go.jp/znk-web/juminkanja/S2430/initialize?prefCd=43&kikanCd=4300000575&kikanKbn=5", "url2": "https://www.e-classa.net/uki/index.html", "内容": "宇城薬局【5:薬局】熊本県宇城市松橋町両仲間７２４" }, "geometry": { "type": "Point", "coordinates": [ 130.700244, 32.632828 ] } },
{ "type": "Feature", "properties": { "ID": 4354300000576, "正式名称": "有限会社オレンジ薬局", "機関区分": 5, "都道府県コード": 43, "市区町村コード": 213, "所在地": "熊本県宇城市不知火町御領７０８－１５", "緯度": 32.651814, "経度": 130.670469, "url": "https://www.iryou.teikyouseido.mhlw.go.jp/znk-web/juminkanja/S2430/initialize?prefCd=43&kikanCd=4300000576&kikanKbn=5", "url2": null, "内容": "有限会社オレンジ薬局【5:薬局】熊本県宇城市不知火町御領７０８－１５" }, "geometry": { "type": "Point", "coordinates": [ 130.670469, 32.651814 ] } },
{ "type": "Feature", "properties": { "ID": 4354300000577, "正式名称": "とよの薬局", "機関区分": 5, "都道府県コード": 43, "市区町村コード": 213, "所在地": "熊本県宇城市豊野町糸石３８９６番地", "緯度": 32.641362, "経度": 130.747802, "url": "https://www.iryou.teikyouseido.mhlw.go.jp/znk-web/juminkanja/S2430/initialize?prefCd=43&kikanCd=4300000577&kikanKbn=5", "url2": "https://drugmiyuki.com/", "内容": "とよの薬局【5:薬局】熊本県宇城市豊野町糸石３８９６番地" }, "geometry": { "type": "Point", "coordinates": [ 130.747802, 32.641362 ] } },
{ "type": "Feature", "properties": { "ID": 4354300000578, "正式名称": "ココカラファイン薬局　宇土本町店", "機関区分": 5, "都道府県コード": 43, "市区町村コード": 211, "所在地": "熊本県宇土市築籠町１３９－５", "緯度": 32.686603, "経度": 130.662772, "url": "https://www.iryou.teikyouseido.mhlw.go.jp/znk-web/juminkanja/S2430/initialize?prefCd=43&kikanCd=4300000578&kikanKbn=5", "url2": "https://www.matsukiyococokara-online.com/store/", "内容": "ココカラファイン薬局　宇土本町店【5:薬局】熊本県宇土市築籠町１３９－５" }, "geometry": { "type": "Point", "coordinates": [ 130.662772, 32.686603 ] } },
{ "type": "Feature", "properties": { "ID": 4354300000579, "正式名称": "たんぽぽ薬局　宇土市役所前店", "機関区分": 5, "都道府県コード": 43, "市区町村コード": 211, "所在地": "熊本県宇土市浦田町８５番地", "緯度": 32.6865, "経度": 130.658362, "url": "https://www.iryou.teikyouseido.mhlw.go.jp/znk-web/juminkanja/S2430/initialize?prefCd=43&kikanCd=4300000579&kikanKbn=5", "url2": "https://www.cocokarafine.co.jp/", "内容": "たんぽぽ薬局　宇土市役所前店【5:薬局】熊本県宇土市浦田町８５番地" }, "geometry": { "type": "Point", "coordinates": [ 130.658362, 32.6865 ] } },
{ "type": "Feature", "properties": { "ID": 4354300000580, "正式名称": "さくら薬局　宇土店", "機関区分": 5, "都道府県コード": 43, "市区町村コード": 211, "所在地": "熊本県宇土市高柳町２２７－９", "緯度": 32.690753, "経度": 130.651189, "url": "https://www.iryou.teikyouseido.mhlw.go.jp/znk-web/juminkanja/S2430/initialize?prefCd=43&kikanCd=4300000580&kikanKbn=5", "url2": null, "内容": "さくら薬局　宇土店【5:薬局】熊本県宇土市高柳町２２７－９" }, "geometry": { "type": "Point", "coordinates": [ 130.651189, 32.690753 ] } },
{ "type": "Feature", "properties": { "ID": 4354300000581, "正式名称": "宇土駅前薬局", "機関区分": 5, "都道府県コード": 43, "市区町村コード": 211, "所在地": "熊本県宇土市松原町３５番１３", "緯度": 32.693273, "経度": 130.666102, "url": "https://www.iryou.teikyouseido.mhlw.go.jp/znk-web/juminkanja/S2430/initialize?prefCd=43&kikanCd=4300000581&kikanKbn=5", "url2": "http://www.drugmiyuki.com", "内容": "宇土駅前薬局【5:薬局】熊本県宇土市松原町３５番１３" }, "geometry": { "type": "Point", "coordinates": [ 130.666102, 32.693273 ] } },
{ "type": "Feature", "properties": { "ID": 4354300000582, "正式名称": "宇土まつやま調剤薬局", "機関区分": 5, "都道府県コード": 43, "市区町村コード": 211, "所在地": "熊本県宇土市松山町１９２１－３", "緯度": 32.669503, "経度": 130.670303, "url": "https://www.iryou.teikyouseido.mhlw.go.jp/znk-web/juminkanja/S2430/initialize?prefCd=43&kikanCd=4300000582&kikanKbn=5", "url2": null, "内容": "宇土まつやま調剤薬局【5:薬局】熊本県宇土市松山町１９２１－３" }, "geometry": { "type": "Point", "coordinates": [ 130.670303, 32.669503 ] } },
{ "type": "Feature", "properties": { "ID": 4354300000583, "正式名称": "有限会社カワグチ薬局", "機関区分": 5, "都道府県コード": 43, "市区町村コード": 211, "所在地": "熊本県宇土市松山町４３９７－３", "緯度": 32.665919, "経度": 130.670756, "url": "https://www.iryou.teikyouseido.mhlw.go.jp/znk-web/juminkanja/S2430/initialize?prefCd=43&kikanCd=4300000583&kikanKbn=5", "url2": null, "内容": "有限会社カワグチ薬局【5:薬局】熊本県宇土市松山町４３９７－３" }, "geometry": { "type": "Point", "coordinates": [ 130.670756, 32.665919 ] } },
{ "type": "Feature", "properties": { "ID": 4354300000584, "正式名称": "スエヒロ薬局", "機関区分": 5, "都道府県コード": 43, "市区町村コード": 211, "所在地": "熊本県宇土市南段原町　６－３", "緯度": 32.68261, "経度": 130.66434, "url": "https://www.iryou.teikyouseido.mhlw.go.jp/znk-web/juminkanja/S2430/initialize?prefCd=43&kikanCd=4300000584&kikanKbn=5", "url2": null, "内容": "スエヒロ薬局【5:薬局】熊本県宇土市南段原町　６－３" }, "geometry": { "type": "Point", "coordinates": [ 130.66434, 32.68261 ] } },
{ "type": "Feature", "properties": { "ID": 4354300000585, "正式名称": "ひまわり薬局宇土店", "機関区分": 5, "都道府県コード": 43, "市区町村コード": 211, "所在地": "熊本県宇土市本町１丁目５番地１", "緯度": 32.683066, "経度": 130.658676, "url": "https://www.iryou.teikyouseido.mhlw.go.jp/znk-web/juminkanja/S2430/initialize?prefCd=43&kikanCd=4300000585&kikanKbn=5", "url2": "http://www.pharma-daiwa.co.jp", "内容": "ひまわり薬局宇土店【5:薬局】熊本県宇土市本町１丁目５番地１" }, "geometry": { "type": "Point", "coordinates": [ 130.658676, 32.683066 ] } },
{ "type": "Feature", "properties": { "ID": 4354300000586, "正式名称": "福永調剤薬局　三丁目店", "機関区分": 5, "都道府県コード": 43, "市区町村コード": 211, "所在地": "熊本県宇土市本町３丁目１８", "緯度": 32.684142, "経度": 130.659989, "url": "https://www.iryou.teikyouseido.mhlw.go.jp/znk-web/juminkanja/S2430/initialize?prefCd=43&kikanCd=4300000586&kikanKbn=5", "url2": "https://corp.cocokarafine.co.jp/", "内容": "福永調剤薬局　三丁目店【5:薬局】熊本県宇土市本町３丁目１８" }, "geometry": { "type": "Point", "coordinates": [ 130.659989, 32.684142 ] } },
{ "type": "Feature", "properties": { "ID": 4354300000588, "正式名称": "つばき薬局", "機関区分": 5, "都道府県コード": 43, "市区町村コード": 211, "所在地": "熊本県宇土市野鶴町３４１－２", "緯度": 32.696168, "経度": 130.626395, "url": "https://www.iryou.teikyouseido.mhlw.go.jp/znk-web/juminkanja/S2430/initialize?prefCd=43&kikanCd=4300000588&kikanKbn=5", "url2": null, "内容": "つばき薬局【5:薬局】熊本県宇土市野鶴町３４１－２" }, "geometry": { "type": "Point", "coordinates": [ 130.626395, 32.696168 ] } },
{ "type": "Feature", "properties": { "ID": 4354300000589, "正式名称": "長生堂薬局", "機関区分": 5, "都道府県コード": 43, "市区町村コード": 348, "所在地": "熊本県下益城郡美里町永富３６２番地", "緯度": 32.617542, "経度": 130.858889, "url": "https://www.iryou.teikyouseido.mhlw.go.jp/znk-web/juminkanja/S2430/initialize?prefCd=43&kikanCd=4300000589&kikanKbn=5", "url2": null, "内容": "長生堂薬局【5:薬局】熊本県下益城郡美里町永富３６２番地" }, "geometry": { "type": "Point", "coordinates": [ 130.858889, 32.617542 ] } },
{ "type": "Feature", "properties": { "ID": 4354300000590, "正式名称": "有限会社　かやの　かやの薬局", "機関区分": 5, "都道府県コード": 43, "市区町村コード": 348, "所在地": "熊本県下益城郡美里町萱野１４１９－１", "緯度": 32.631424, "経度": 130.808314, "url": "https://www.iryou.teikyouseido.mhlw.go.jp/znk-web/juminkanja/S2430/initialize?prefCd=43&kikanCd=4300000590&kikanKbn=5", "url2": "kuhonji.com", "内容": "有限会社　かやの　かやの薬局【5:薬局】熊本県下益城郡美里町萱野１４１９－１" }, "geometry": { "type": "Point", "coordinates": [ 130.808314, 32.631424 ] } },
{ "type": "Feature", "properties": { "ID": 4354300000591, "正式名称": "サカモト薬局", "機関区分": 5, "都道府県コード": 43, "市区町村コード": 348, "所在地": "熊本県下益城郡美里町中小路７０４－５", "緯度": 32.641065, "経度": 130.779712, "url": "https://www.iryou.teikyouseido.mhlw.go.jp/znk-web/juminkanja/S2430/initialize?prefCd=43&kikanCd=4300000591&kikanKbn=5", "url2": null, "内容": "サカモト薬局【5:薬局】熊本県下益城郡美里町中小路７０４－５" }, "geometry": { "type": "Point", "coordinates": [ 130.779712, 32.641065 ] } },
{ "type": "Feature", "properties": { "ID": 4354300000593, "正式名称": "みさと薬局", "機関区分": 5, "都道府県コード": 43, "市区町村コード": 348, "所在地": "熊本県下益城郡美里町馬場７５８－１", "緯度": 32.643301, "経度": 130.789815, "url": "https://www.iryou.teikyouseido.mhlw.go.jp/znk-web/juminkanja/S2430/initialize?prefCd=43&kikanCd=4300000593&kikanKbn=5", "url2": null, "内容": "みさと薬局【5:薬局】熊本県下益城郡美里町馬場７５８－１" }, "geometry": { "type": "Point", "coordinates": [ 130.789815, 32.643301 ] } },
{ "type": "Feature", "properties": { "ID": 4354300000596, "正式名称": "むかえ町薬局", "機関区分": 5, "都道府県コード": 43, "市区町村コード": 202, "所在地": "熊本県八代市迎町１丁目１６の７", "緯度": 32.498448, "経度": 130.605034, "url": "https://www.iryou.teikyouseido.mhlw.go.jp/znk-web/juminkanja/S2430/initialize?prefCd=43&kikanCd=4300000596&kikanKbn=5", "url2": null, "内容": "むかえ町薬局【5:薬局】熊本県八代市迎町１丁目１６の７" }, "geometry": { "type": "Point", "coordinates": [ 130.605034, 32.498448 ] } },
{ "type": "Feature", "properties": { "ID": 4354300000597, "正式名称": "大手町薬局", "機関区分": 5, "都道府県コード": 43, "市区町村コード": 202, "所在地": "熊本県八代市大手町２丁目１０－１３", "緯度": 32.509017, "経度": 130.610392, "url": "https://www.iryou.teikyouseido.mhlw.go.jp/znk-web/juminkanja/S2430/initialize?prefCd=43&kikanCd=4300000597&kikanKbn=5", "url2": null, "内容": "大手町薬局【5:薬局】熊本県八代市大手町２丁目１０－１３" }, "geometry": { "type": "Point", "coordinates": [ 130.610392, 32.509017 ] } },
{ "type": "Feature", "properties": { "ID": 4354300000598, "正式名称": "エリア調剤薬局旭中央通店", "機関区分": 5, "都道府県コード": 43, "市区町村コード": 202, "所在地": "熊本県八代市旭中央通１８－４", "緯度": 32.503575, "経度": 130.608461, "url": "https://www.iryou.teikyouseido.mhlw.go.jp/znk-web/juminkanja/S2430/initialize?prefCd=43&kikanCd=4300000598&kikanKbn=5", "url2": "https://www.facebook.com/725179484227928/", "内容": "エリア調剤薬局旭中央通店【5:薬局】熊本県八代市旭中央通１８－４" }, "geometry": { "type": "Point", "coordinates": [ 130.608461, 32.503575 ] } },
{ "type": "Feature", "properties": { "ID": 4354300000599, "正式名称": "ダン永碇薬局", "機関区分": 5, "都道府県コード": 43, "市区町村コード": 202, "所在地": "熊本県八代市永碇町１０７３－１", "緯度": 32.522375, "経度": 130.588636, "url": "https://www.iryou.teikyouseido.mhlw.go.jp/znk-web/juminkanja/S2430/initialize?prefCd=43&kikanCd=4300000599&kikanKbn=5", "url2": null, "内容": "ダン永碇薬局【5:薬局】熊本県八代市永碇町１０７３－１" }, "geometry": { "type": "Point", "coordinates": [ 130.588636, 32.522375 ] } },
{ "type": "Feature", "properties": { "ID": 4354300000600, "正式名称": "りんどう薬局", "機関区分": 5, "都道府県コード": 43, "市区町村コード": 202, "所在地": "熊本県八代市永碇町１２４５－２", "緯度": 32.524081, "経度": 130.597442, "url": "https://www.iryou.teikyouseido.mhlw.go.jp/znk-web/juminkanja/S2430/initialize?prefCd=43&kikanCd=4300000600&kikanKbn=5", "url2": null, "内容": "りんどう薬局【5:薬局】熊本県八代市永碇町１２４５－２" }, "geometry": { "type": "Point", "coordinates": [ 130.597442, 32.524081 ] } },
{ "type": "Feature", "properties": { "ID": 4354300000601, "正式名称": "永碇みどり薬局", "機関区分": 5, "都道府県コード": 43, "市区町村コード": 202, "所在地": "熊本県八代市永碇町１２８３－２", "緯度": 32.522942, "経度": 130.596695, "url": "https://www.iryou.teikyouseido.mhlw.go.jp/znk-web/juminkanja/S2430/initialize?prefCd=43&kikanCd=4300000601&kikanKbn=5", "url2": null, "内容": "永碇みどり薬局【5:薬局】熊本県八代市永碇町１２８３－２" }, "geometry": { "type": "Point", "coordinates": [ 130.596695, 32.522942 ] } },
{ "type": "Feature", "properties": { "ID": 4354300000602, "正式名称": "八代みどり薬局", "機関区分": 5, "都道府県コード": 43, "市区町村コード": 202, "所在地": "熊本県八代市永碇町１３１５番地１", "緯度": 32.522729, "経度": 130.595237, "url": "https://www.iryou.teikyouseido.mhlw.go.jp/znk-web/juminkanja/S2430/initialize?prefCd=43&kikanCd=4300000602&kikanKbn=5", "url2": null, "内容": "八代みどり薬局【5:薬局】熊本県八代市永碇町１３１５番地１" }, "geometry": { "type": "Point", "coordinates": [ 130.595237, 32.522729 ] } },
{ "type": "Feature", "properties": { "ID": 4354300000603, "正式名称": "修徳調剤薬局", "機関区分": 5, "都道府県コード": 43, "市区町村コード": 202, "所在地": "熊本県八代市塩屋町４－４６", "緯度": 32.507662, "経度": 130.594502, "url": "https://www.iryou.teikyouseido.mhlw.go.jp/znk-web/juminkanja/S2430/initialize?prefCd=43&kikanCd=4300000603&kikanKbn=5", "url2": "https://www.facebook.com/171602822888938/", "内容": "修徳調剤薬局【5:薬局】熊本県八代市塩屋町４－４６" }, "geometry": { "type": "Point", "coordinates": [ 130.594502, 32.507662 ] } },
{ "type": "Feature", "properties": { "ID": 4354300000604, "正式名称": "有限会社　らん調剤薬局", "機関区分": 5, "都道府県コード": 43, "市区町村コード": 202, "所在地": "熊本県八代市横手新町１４－３－２", "緯度": 32.518245, "経度": 130.60024, "url": "https://www.iryou.teikyouseido.mhlw.go.jp/znk-web/juminkanja/S2430/initialize?prefCd=43&kikanCd=4300000604&kikanKbn=5", "url2": null, "内容": "有限会社　らん調剤薬局【5:薬局】熊本県八代市横手新町１４－３－２" }, "geometry": { "type": "Point", "coordinates": [ 130.60024, 32.518245 ] } },
{ "type": "Feature", "properties": { "ID": 4354300000605, "正式名称": "まつした調剤薬局", "機関区分": 5, "都道府県コード": 43, "市区町村コード": 202, "所在地": "熊本県八代市横手新町２－２０", "緯度": 32.518942, "経度": 130.603728, "url": "https://www.iryou.teikyouseido.mhlw.go.jp/znk-web/juminkanja/S2430/initialize?prefCd=43&kikanCd=4300000605&kikanKbn=5", "url2": null, "内容": "まつした調剤薬局【5:薬局】熊本県八代市横手新町２－２０" }, "geometry": { "type": "Point", "coordinates": [ 130.603728, 32.518942 ] } },
{ "type": "Feature", "properties": { "ID": 4354300000606, "正式名称": "こがね町調剤薬局", "機関区分": 5, "都道府県コード": 43, "市区町村コード": 202, "所在地": "熊本県八代市黄金町２１番２", "緯度": 32.503622, "経度": 130.606372, "url": "https://www.iryou.teikyouseido.mhlw.go.jp/znk-web/juminkanja/S2430/initialize?prefCd=43&kikanCd=4300000606&kikanKbn=5", "url2": null, "内容": "こがね町調剤薬局【5:薬局】熊本県八代市黄金町２１番２" }, "geometry": { "type": "Point", "coordinates": [ 130.606372, 32.503622 ] } },
{ "type": "Feature", "properties": { "ID": 4354300000607, "正式名称": "イオン薬局八代店", "機関区分": 5, "都道府県コード": 43, "市区町村コード": 202, "所在地": "熊本県八代市沖町六番割３９８７－３", "緯度": 32.525034, "経度": 130.585125, "url": "https://www.iryou.teikyouseido.mhlw.go.jp/znk-web/juminkanja/S2430/initialize?prefCd=43&kikanCd=4300000607&kikanKbn=5", "url2": "https://tenpo.aeon-kyushu.info/aeon/detail/yatsushiro/", "内容": "イオン薬局八代店【5:薬局】熊本県八代市沖町六番割３９８７－３" }, "geometry": { "type": "Point", "coordinates": [ 130.585125, 32.525034 ] } },
{ "type": "Feature", "properties": { "ID": 4354300000608, "正式名称": "はなぞの調剤薬局", "機関区分": 5, "都道府県コード": 43, "市区町村コード": 202, "所在地": "熊本県八代市花園町５－８", "緯度": 32.503147, "経度": 130.616308, "url": "https://www.iryou.teikyouseido.mhlw.go.jp/znk-web/juminkanja/S2430/initialize?prefCd=43&kikanCd=4300000608&kikanKbn=5", "url2": null, "内容": "はなぞの調剤薬局【5:薬局】熊本県八代市花園町５－８" }, "geometry": { "type": "Point", "coordinates": [ 130.616308, 32.503147 ] } },
{ "type": "Feature", "properties": { "ID": 4354300000609, "正式名称": "ゆうば薬局", "機関区分": 5, "都道府県コード": 43, "市区町村コード": 202, "所在地": "熊本県八代市花園町７番地１６", "緯度": 32.503192, "経度": 130.614556, "url": "https://www.iryou.teikyouseido.mhlw.go.jp/znk-web/juminkanja/S2430/initialize?prefCd=43&kikanCd=4300000609&kikanKbn=5", "url2": null, "内容": "ゆうば薬局【5:薬局】熊本県八代市花園町７番地１６" }, "geometry": { "type": "Point", "coordinates": [ 130.614556, 32.503192 ] } },
{ "type": "Feature", "properties": { "ID": 4354300000610, "正式名称": "クスノキ薬局　にしき町店", "機関区分": 5, "都道府県コード": 43, "市区町村コード": 202, "所在地": "熊本県八代市錦町１３－１", "緯度": 32.502097, "経度": 130.61024, "url": "https://www.iryou.teikyouseido.mhlw.go.jp/znk-web/juminkanja/S2430/initialize?prefCd=43&kikanCd=4300000610&kikanKbn=5", "url2": "https://www.kkcis.com/company/", "内容": "クスノキ薬局　にしき町店【5:薬局】熊本県八代市錦町１３－１" }, "geometry": { "type": "Point", "coordinates": [ 130.61024, 32.502097 ] } },
{ "type": "Feature", "properties": { "ID": 4354300000611, "正式名称": "にしき町調剤薬局", "機関区分": 5, "都道府県コード": 43, "市区町村コード": 202, "所在地": "熊本県八代市錦町９－６", "緯度": 32.501848, "経度": 130.611299, "url": "https://www.iryou.teikyouseido.mhlw.go.jp/znk-web/juminkanja/S2430/initialize?prefCd=43&kikanCd=4300000611&kikanKbn=5", "url2": null, "内容": "にしき町調剤薬局【5:薬局】熊本県八代市錦町９－６" }, "geometry": { "type": "Point", "coordinates": [ 130.611299, 32.501848 ] } },
{ "type": "Feature", "properties": { "ID": 4354300000612, "正式名称": "ぐんちく調剤薬局", "機関区分": 5, "都道府県コード": 43, "市区町村コード": 202, "所在地": "熊本県八代市郡築一番町２０８－２", "緯度": 32.515433, "経度": 130.563469, "url": "https://www.iryou.teikyouseido.mhlw.go.jp/znk-web/juminkanja/S2430/initialize?prefCd=43&kikanCd=4300000612&kikanKbn=5", "url2": null, "内容": "ぐんちく調剤薬局【5:薬局】熊本県八代市郡築一番町２０８－２" }, "geometry": { "type": "Point", "coordinates": [ 130.563469, 32.515433 ] } },
{ "type": "Feature", "properties": { "ID": 4354300000613, "正式名称": "ダン調剤薬局", "機関区分": 5, "都道府県コード": 43, "市区町村コード": 202, "所在地": "熊本県八代市古閑上町１３－１", "緯度": 32.511542, "経度": 130.613708, "url": "https://www.iryou.teikyouseido.mhlw.go.jp/znk-web/juminkanja/S2430/initialize?prefCd=43&kikanCd=4300000613&kikanKbn=5", "url2": null, "内容": "ダン調剤薬局【5:薬局】熊本県八代市古閑上町１３－１" }, "geometry": { "type": "Point", "coordinates": [ 130.613708, 32.511542 ] } },
{ "type": "Feature", "properties": { "ID": 4354300000614, "正式名称": "ふるしろ調剤薬局", "機関区分": 5, "都道府県コード": 43, "市区町村コード": 202, "所在地": "熊本県八代市古城町１７０８－２", "緯度": 32.49717, "経度": 130.592411, "url": "https://www.iryou.teikyouseido.mhlw.go.jp/znk-web/juminkanja/S2430/initialize?prefCd=43&kikanCd=4300000614&kikanKbn=5", "url2": null, "内容": "ふるしろ調剤薬局【5:薬局】熊本県八代市古城町１７０８－２" }, "geometry": { "type": "Point", "coordinates": [ 130.592411, 32.49717 ] } },
{ "type": "Feature", "properties": { "ID": 4354300000615, "正式名称": "とみた薬局高下店", "機関区分": 5, "都道府県コード": 43, "市区町村コード": 202, "所在地": "熊本県八代市高下西町字寺川２２７１－３", "緯度": 32.48838, "経度": 130.60843, "url": "https://www.iryou.teikyouseido.mhlw.go.jp/znk-web/juminkanja/S2430/initialize?prefCd=43&kikanCd=4300000615&kikanKbn=5", "url2": null, "内容": "とみた薬局高下店【5:薬局】熊本県八代市高下西町字寺川２２７１－３" }, "geometry": { "type": "Point", "coordinates": [ 130.60843, 32.48838 ] } },
{ "type": "Feature", "properties": { "ID": 4354300000616, "正式名称": "中村調剤薬局", "機関区分": 5, "都道府県コード": 43, "市区町村コード": 202, "所在地": "熊本県八代市松江町１６６", "緯度": 32.511647, "経度": 130.602414, "url": "https://www.iryou.teikyouseido.mhlw.go.jp/znk-web/juminkanja/S2430/initialize?prefCd=43&kikanCd=4300000616&kikanKbn=5", "url2": null, "内容": "中村調剤薬局【5:薬局】熊本県八代市松江町１６６" }, "geometry": { "type": "Point", "coordinates": [ 130.602414, 32.511647 ] } },
{ "type": "Feature", "properties": { "ID": 4354300000617, "正式名称": "新八代駅前薬局", "機関区分": 5, "都道府県コード": 43, "市区町村コード": 202, "所在地": "熊本県八代市上日置町４４４７－１１", "緯度": 32.516972, "経度": 130.637878, "url": "https://www.iryou.teikyouseido.mhlw.go.jp/znk-web/juminkanja/S2430/initialize?prefCd=43&kikanCd=4300000617&kikanKbn=5", "url2": "https://www.tomita-pharma.co.jp/pharmacy/", "内容": "新八代駅前薬局【5:薬局】熊本県八代市上日置町４４４７－１１" }, "geometry": { "type": "Point", "coordinates": [ 130.637878, 32.516972 ] } },
{ "type": "Feature", "properties": { "ID": 4354300000618, "正式名称": "元町薬局", "機関区分": 5, "都道府県コード": 43, "市区町村コード": 202, "所在地": "熊本県八代市植柳元町５５３９－６", "緯度": 32.489747, "経度": 130.599305, "url": "https://www.iryou.teikyouseido.mhlw.go.jp/znk-web/juminkanja/S2430/initialize?prefCd=43&kikanCd=4300000618&kikanKbn=5", "url2": null, "内容": "元町薬局【5:薬局】熊本県八代市植柳元町５５３９－６" }, "geometry": { "type": "Point", "coordinates": [ 130.599305, 32.489747 ] } },
{ "type": "Feature", "properties": { "ID": 4354300000619, "正式名称": "ひまわり薬局", "機関区分": 5, "都道府県コード": 43, "市区町村コード": 202, "所在地": "熊本県八代市植柳上町５７１１－２", "緯度": 32.490589, "経度": 130.603816, "url": "https://www.iryou.teikyouseido.mhlw.go.jp/znk-web/juminkanja/S2430/initialize?prefCd=43&kikanCd=4300000619&kikanKbn=5", "url2": "http://www.atena-p.com/", "内容": "ひまわり薬局【5:薬局】熊本県八代市植柳上町５７１１－２" }, "geometry": { "type": "Point", "coordinates": [ 130.603816, 32.490589 ] } },
{ "type": "Feature", "properties": { "ID": 4354300000620, "正式名称": "植柳薬局", "機関区分": 5, "都道府県コード": 43, "市区町村コード": 202, "所在地": "熊本県八代市植柳上町６５２６ー２", "緯度": 32.490864, "経度": 130.601369, "url": "https://www.iryou.teikyouseido.mhlw.go.jp/znk-web/juminkanja/S2430/initialize?prefCd=43&kikanCd=4300000620&kikanKbn=5", "url2": null, "内容": "植柳薬局【5:薬局】熊本県八代市植柳上町６５２６ー２" }, "geometry": { "type": "Point", "coordinates": [ 130.601369, 32.490864 ] } },
{ "type": "Feature", "properties": { "ID": 4354300000621, "正式名称": "有限会社しんち調剤薬局", "機関区分": 5, "都道府県コード": 43, "市区町村コード": 202, "所在地": "熊本県八代市新地町９号１１－６", "緯度": 32.508318, "経度": 130.589511, "url": "https://www.iryou.teikyouseido.mhlw.go.jp/znk-web/juminkanja/S2430/initialize?prefCd=43&kikanCd=4300000621&kikanKbn=5", "url2": null, "内容": "有限会社しんち調剤薬局【5:薬局】熊本県八代市新地町９号１１－６" }, "geometry": { "type": "Point", "coordinates": [ 130.589511, 32.508318 ] } },
{ "type": "Feature", "properties": { "ID": 4354300000622, "正式名称": "エリア調剤薬局西松江城店", "機関区分": 5, "都道府県コード": 43, "市区町村コード": 202, "所在地": "熊本県八代市西松江城町４番２７号", "緯度": 32.506481, "経度": 130.596978, "url": "https://www.iryou.teikyouseido.mhlw.go.jp/znk-web/juminkanja/S2430/initialize?prefCd=43&kikanCd=4300000622&kikanKbn=5", "url2": "https://instagram.com/prodrug_nishimatsue", "内容": "エリア調剤薬局西松江城店【5:薬局】熊本県八代市西松江城町４番２７号" }, "geometry": { "type": "Point", "coordinates": [ 130.596978, 32.506481 ] } },
{ "type": "Feature", "properties": { "ID": 4354300000623, "正式名称": "パンダ調剤薬局", "機関区分": 5, "都道府県コード": 43, "市区町村コード": 202, "所在地": "熊本県八代市大手町２－７８－１", "緯度": 32.508739, "経度": 130.611122, "url": "https://www.iryou.teikyouseido.mhlw.go.jp/znk-web/juminkanja/S2430/initialize?prefCd=43&kikanCd=4300000623&kikanKbn=5", "url2": null, "内容": "パンダ調剤薬局【5:薬局】熊本県八代市大手町２－７８－１" }, "geometry": { "type": "Point", "coordinates": [ 130.611122, 32.508739 ] } },
{ "type": "Feature", "properties": { "ID": 4354300000625, "正式名称": "はすわ薬局", "機関区分": 5, "都道府県コード": 43, "市区町村コード": 202, "所在地": "熊本県八代市大村町１１１３ー４", "緯度": 32.515415, "経度": 130.61623, "url": "https://www.iryou.teikyouseido.mhlw.go.jp/znk-web/juminkanja/S2430/initialize?prefCd=43&kikanCd=4300000625&kikanKbn=5", "url2": null, "内容": "はすわ薬局【5:薬局】熊本県八代市大村町１１１３ー４" }, "geometry": { "type": "Point", "coordinates": [ 130.61623, 32.515415 ] } },
{ "type": "Feature", "properties": { "ID": 4354300000626, "正式名称": "大村調剤薬局", "機関区分": 5, "都道府県コード": 43, "市区町村コード": 202, "所在地": "熊本県八代市大村町７２０－３", "緯度": 32.514422, "経度": 130.617728, "url": "https://www.iryou.teikyouseido.mhlw.go.jp/znk-web/juminkanja/S2430/initialize?prefCd=43&kikanCd=4300000626&kikanKbn=5", "url2": null, "内容": "大村調剤薬局【5:薬局】熊本県八代市大村町７２０－３" }, "geometry": { "type": "Point", "coordinates": [ 130.617728, 32.514422 ] } },
{ "type": "Feature", "properties": { "ID": 4354300000628, "正式名称": "労災病院前調剤薬局", "機関区分": 5, "都道府県コード": 43, "市区町村コード": 202, "所在地": "熊本県八代市竹原町１６５８－１", "緯度": 32.516845, "経度": 130.627726, "url": "https://www.iryou.teikyouseido.mhlw.go.jp/znk-web/juminkanja/S2430/initialize?prefCd=43&kikanCd=4300000628&kikanKbn=5", "url2": "http://www.shimokawa-ph.co.jp", "内容": "労災病院前調剤薬局【5:薬局】熊本県八代市竹原町１６５８－１" }, "geometry": { "type": "Point", "coordinates": [ 130.627726, 32.516845 ] } },
{ "type": "Feature", "properties": { "ID": 4354300000629, "正式名称": "そうごう薬局　八代竹原店", "機関区分": 5, "都道府県コード": 43, "市区町村コード": 202, "所在地": "熊本県八代市竹原町１６５８－２", "緯度": 32.516589, "経度": 130.627153, "url": "https://www.iryou.teikyouseido.mhlw.go.jp/znk-web/juminkanja/S2430/initialize?prefCd=43&kikanCd=4300000629&kikanKbn=5", "url2": "https://www.sogo-medical.co.jp/", "内容": "そうごう薬局　八代竹原店【5:薬局】熊本県八代市竹原町１６５８－２" }, "geometry": { "type": "Point", "coordinates": [ 130.627153, 32.516589 ] } },
{ "type": "Feature", "properties": { "ID": 4354300000630, "正式名称": "総合病院前調剤薬局", "機関区分": 5, "都道府県コード": 43, "市区町村コード": 202, "所在地": "熊本県八代市通町１０－４７", "緯度": 32.508402, "経度": 130.602676, "url": "https://www.iryou.teikyouseido.mhlw.go.jp/znk-web/juminkanja/S2430/initialize?prefCd=43&kikanCd=4300000630&kikanKbn=5", "url2": "http://www.shimokawa-ph.co.jp/", "内容": "総合病院前調剤薬局【5:薬局】熊本県八代市通町１０－４７" }, "geometry": { "type": "Point", "coordinates": [ 130.602676, 32.508402 ] } },
{ "type": "Feature", "properties": { "ID": 4354300000632, "正式名称": "有限会社　大倖堂薬局", "機関区分": 5, "都道府県コード": 43, "市区町村コード": 202, "所在地": "熊本県八代市通町６番２３号", "緯度": 32.506666, "経度": 130.605069, "url": "https://www.iryou.teikyouseido.mhlw.go.jp/znk-web/juminkanja/S2430/initialize?prefCd=43&kikanCd=4300000632&kikanKbn=5", "url2": null, "内容": "有限会社　大倖堂薬局【5:薬局】熊本県八代市通町６番２３号" }, "geometry": { "type": "Point", "coordinates": [ 130.605069, 32.506666 ] } },
{ "type": "Feature", "properties": { "ID": 4354300000633, "正式名称": "日本調剤　通町薬局", "機関区分": 5, "都道府県コード": 43, "市区町村コード": 202, "所在地": "熊本県八代市通町８－２７", "緯度": 32.506748, "経度": 130.603602, "url": "https://www.iryou.teikyouseido.mhlw.go.jp/znk-web/juminkanja/S2430/initialize?prefCd=43&kikanCd=4300000633&kikanKbn=5", "url2": "https://www.nicho.co.jp", "内容": "日本調剤　通町薬局【5:薬局】熊本県八代市通町８－２７" }, "geometry": { "type": "Point", "coordinates": [ 130.603602, 32.506748 ] } },
{ "type": "Feature", "properties": { "ID": 4354300000634, "正式名称": "いつき薬局", "機関区分": 5, "都道府県コード": 43, "市区町村コード": 202, "所在地": "熊本県八代市田中西町１－３－５", "緯度": 32.52121, "経度": 130.604488, "url": "https://www.iryou.teikyouseido.mhlw.go.jp/znk-web/juminkanja/S2430/initialize?prefCd=43&kikanCd=4300000634&kikanKbn=5", "url2": null, "内容": "いつき薬局【5:薬局】熊本県八代市田中西町１－３－５" }, "geometry": { "type": "Point", "coordinates": [ 130.604488, 32.52121 ] } },
{ "type": "Feature", "properties": { "ID": 4354300000636, "正式名称": "有限会社　ひおき調剤薬局", "機関区分": 5, "都道府県コード": 43, "市区町村コード": 202, "所在地": "熊本県八代市日置町３１２－１", "緯度": 32.512011, "経度": 130.616411, "url": "https://www.iryou.teikyouseido.mhlw.go.jp/znk-web/juminkanja/S2430/initialize?prefCd=43&kikanCd=4300000636&kikanKbn=5", "url2": null, "内容": "有限会社　ひおき調剤薬局【5:薬局】熊本県八代市日置町３１２－１" }, "geometry": { "type": "Point", "coordinates": [ 130.616411, 32.512011 ] } },
{ "type": "Feature", "properties": { "ID": 4354300000637, "正式名称": "ひなぐ薬局", "機関区分": 5, "都道府県コード": 43, "市区町村コード": 202, "所在地": "熊本県八代市日奈久中西町字西町新１２番地１", "緯度": 32.43233, "経度": 130.57205, "url": "https://www.iryou.teikyouseido.mhlw.go.jp/znk-web/juminkanja/S2430/initialize?prefCd=43&kikanCd=4300000637&kikanKbn=5", "url2": null, "内容": "ひなぐ薬局【5:薬局】熊本県八代市日奈久中西町字西町新１２番地１" }, "geometry": { "type": "Point", "coordinates": [ 130.57205, 32.43233 ] } },
{ "type": "Feature", "properties": { "ID": 4354300000639, "正式名称": "新生堂薬局　平山新町店", "機関区分": 5, "都道府県コード": 43, "市区町村コード": 202, "所在地": "熊本県八代市平山新町４４７７－３", "緯度": 32.479458, "経度": 130.608272, "url": "https://www.iryou.teikyouseido.mhlw.go.jp/znk-web/juminkanja/S2430/initialize?prefCd=43&kikanCd=4300000639&kikanKbn=5", "url2": "https://sinseido-co.jp/", "内容": "新生堂薬局　平山新町店【5:薬局】熊本県八代市平山新町４４７７－３" }, "geometry": { "type": "Point", "coordinates": [ 130.608272, 32.479458 ] } },
{ "type": "Feature", "properties": { "ID": 4354300000641, "正式名称": "トマト薬局", "機関区分": 5, "都道府県コード": 43, "市区町村コード": 202, "所在地": "熊本県八代市北の丸町３－３２", "緯度": 32.509213, "経度": 130.595664, "url": "https://www.iryou.teikyouseido.mhlw.go.jp/znk-web/juminkanja/S2430/initialize?prefCd=43&kikanCd=4300000641&kikanKbn=5", "url2": null, "内容": "トマト薬局【5:薬局】熊本県八代市北の丸町３－３２" }, "geometry": { "type": "Point", "coordinates": [ 130.595664, 32.509213 ] } },
{ "type": "Feature", "properties": { "ID": 4354300000642, "正式名称": "日本調剤八代薬局", "機関区分": 5, "都道府県コード": 43, "市区町村コード": 202, "所在地": "熊本県八代市本町２－３－２１", "緯度": 32.504422, "経度": 130.599944, "url": "https://www.iryou.teikyouseido.mhlw.go.jp/znk-web/juminkanja/S2430/initialize?prefCd=43&kikanCd=4300000642&kikanKbn=5", "url2": "http://www.nicho.co.jp", "内容": "日本調剤八代薬局【5:薬局】熊本県八代市本町２－３－２１" }, "geometry": { "type": "Point", "coordinates": [ 130.599944, 32.504422 ] } },
{ "type": "Feature", "properties": { "ID": 4354300000643, "正式名称": "本町調剤薬局", "機関区分": 5, "都道府県コード": 43, "市区町村コード": 202, "所在地": "熊本県八代市本町１丁目７－６５", "緯度": 32.506131, "経度": 130.603594, "url": "https://www.iryou.teikyouseido.mhlw.go.jp/znk-web/juminkanja/S2430/initialize?prefCd=43&kikanCd=4300000643&kikanKbn=5", "url2": null, "内容": "本町調剤薬局【5:薬局】熊本県八代市本町１丁目７－６５" }, "geometry": { "type": "Point", "coordinates": [ 130.603594, 32.506131 ] } },
{ "type": "Feature", "properties": { "ID": 4354300000644, "正式名称": "タケシタ調剤薬局八代店", "機関区分": 5, "都道府県コード": 43, "市区町村コード": 202, "所在地": "熊本県八代市本町１－８－３６", "緯度": 32.505896, "経度": 130.602351, "url": "https://www.iryou.teikyouseido.mhlw.go.jp/znk-web/juminkanja/S2430/initialize?prefCd=43&kikanCd=4300000644&kikanKbn=5", "url2": "http://takeshita-pharmacy.com", "内容": "タケシタ調剤薬局八代店【5:薬局】熊本県八代市本町１－８－３６" }, "geometry": { "type": "Point", "coordinates": [ 130.602351, 32.505896 ] } },
{ "type": "Feature", "properties": { "ID": 4354300000646, "正式名称": "とみた薬局塩屋店", "機関区分": 5, "都道府県コード": 43, "市区町村コード": 202, "所在地": "熊本県八代市本町４丁目８－１", "緯度": 32.505506, "経度": 130.594473, "url": "https://www.iryou.teikyouseido.mhlw.go.jp/znk-web/juminkanja/S2430/initialize?prefCd=43&kikanCd=4300000646&kikanKbn=5", "url2": null, "内容": "とみた薬局塩屋店【5:薬局】熊本県八代市本町４丁目８－１" }, "geometry": { "type": "Point", "coordinates": [ 130.594473, 32.505506 ] } },
{ "type": "Feature", "properties": { "ID": 4354300000647, "正式名称": "こやま薬局", "機関区分": 5, "都道府県コード": 43, "市区町村コード": 202, "所在地": "熊本県八代市本町一丁目１０号２７番", "緯度": 32.50371, "経度": 130.601519, "url": "https://www.iryou.teikyouseido.mhlw.go.jp/znk-web/juminkanja/S2430/initialize?prefCd=43&kikanCd=4300000647&kikanKbn=5", "url2": null, "内容": "こやま薬局【5:薬局】熊本県八代市本町一丁目１０号２７番" }, "geometry": { "type": "Point", "coordinates": [ 130.601519, 32.50371 ] } },
{ "type": "Feature", "properties": { "ID": 4354300000648, "正式名称": "きむら調剤薬局", "機関区分": 5, "都道府県コード": 43, "市区町村コード": 202, "所在地": "熊本県八代市千丁町吉王丸１５９７－１", "緯度": 32.534284, "経度": 130.646245, "url": "https://www.iryou.teikyouseido.mhlw.go.jp/znk-web/juminkanja/S2430/initialize?prefCd=43&kikanCd=4300000648&kikanKbn=5", "url2": null, "内容": "きむら調剤薬局【5:薬局】熊本県八代市千丁町吉王丸１５９７－１" }, "geometry": { "type": "Point", "coordinates": [ 130.646245, 32.534284 ] } },
{ "type": "Feature", "properties": { "ID": 4354300000649, "正式名称": "ヱビス薬局千丁店", "機関区分": 5, "都道府県コード": 43, "市区町村コード": 202, "所在地": "熊本県八代市千丁町古閑出６１６－３", "緯度": 32.539377, "経度": 130.634863, "url": "https://www.iryou.teikyouseido.mhlw.go.jp/znk-web/juminkanja/S2430/initialize?prefCd=43&kikanCd=4300000649&kikanKbn=5", "url2": "http://www.comsy.co.jp", "内容": "ヱビス薬局千丁店【5:薬局】熊本県八代市千丁町古閑出６１６－３" }, "geometry": { "type": "Point", "coordinates": [ 130.634863, 32.539377 ] } },
{ "type": "Feature", "properties": { "ID": 4354300000650, "正式名称": "有限会社　新光調剤薬局", "機関区分": 5, "都道府県コード": 43, "市区町村コード": 202, "所在地": "熊本県八代市鏡町下有佐４５番地６", "緯度": 32.563547, "経度": 130.672539, "url": "https://www.iryou.teikyouseido.mhlw.go.jp/znk-web/juminkanja/S2430/initialize?prefCd=43&kikanCd=4300000650&kikanKbn=5", "url2": null, "内容": "有限会社　新光調剤薬局【5:薬局】熊本県八代市鏡町下有佐４５番地６" }, "geometry": { "type": "Point", "coordinates": [ 130.672539, 32.563547 ] } },
{ "type": "Feature", "properties": { "ID": 4354300000652, "正式名称": "堤薬局", "機関区分": 5, "都道府県コード": 43, "市区町村コード": 202, "所在地": "熊本県八代市鏡町鏡５３番地", "緯度": 32.566842, "経度": 130.659511, "url": "https://www.iryou.teikyouseido.mhlw.go.jp/znk-web/juminkanja/S2430/initialize?prefCd=43&kikanCd=4300000652&kikanKbn=5", "url2": null, "内容": "堤薬局【5:薬局】熊本県八代市鏡町鏡５３番地" }, "geometry": { "type": "Point", "coordinates": [ 130.659511, 32.566842 ] } },
{ "type": "Feature", "properties": { "ID": 4354300000653, "正式名称": "鏡調剤薬局", "機関区分": 5, "都道府県コード": 43, "市区町村コード": 202, "所在地": "熊本県八代市鏡町鏡村９１０", "緯度": 32.571247, "経度": 130.660653, "url": "https://www.iryou.teikyouseido.mhlw.go.jp/znk-web/juminkanja/S2430/initialize?prefCd=43&kikanCd=4300000653&kikanKbn=5", "url2": null, "内容": "鏡調剤薬局【5:薬局】熊本県八代市鏡町鏡村９１０" }, "geometry": { "type": "Point", "coordinates": [ 130.660653, 32.571247 ] } },
{ "type": "Feature", "properties": { "ID": 4354300000655, "正式名称": "有限会社　つばき調剤薬局", "機関区分": 5, "都道府県コード": 43, "市区町村コード": 202, "所在地": "熊本県八代市鏡町鏡村１１１２―２", "緯度": 32.572292, "経度": 130.660364, "url": "https://www.iryou.teikyouseido.mhlw.go.jp/znk-web/juminkanja/S2430/initialize?prefCd=43&kikanCd=4300000655&kikanKbn=5", "url2": null, "内容": "有限会社　つばき調剤薬局【5:薬局】熊本県八代市鏡町鏡村１１１２―２" }, "geometry": { "type": "Point", "coordinates": [ 130.660364, 32.572292 ] } },
{ "type": "Feature", "properties": { "ID": 4354300000656, "正式名称": "有限会社宮原調剤薬局", "機関区分": 5, "都道府県コード": 43, "市区町村コード": 468, "所在地": "熊本県八代郡氷川町宮原６９４－１０", "緯度": 32.55335, "経度": 130.680308, "url": "https://www.iryou.teikyouseido.mhlw.go.jp/znk-web/juminkanja/S2430/initialize?prefCd=43&kikanCd=4300000656&kikanKbn=5", "url2": null, "内容": "有限会社宮原調剤薬局【5:薬局】熊本県八代郡氷川町宮原６９４－１０" }, "geometry": { "type": "Point", "coordinates": [ 130.680308, 32.55335 ] } },
{ "type": "Feature", "properties": { "ID": 4354300000657, "正式名称": "八代薬剤師会センター薬局", "機関区分": 5, "都道府県コード": 43, "市区町村コード": 468, "所在地": "熊本県八代郡氷川町今西作１５０－２番", "緯度": 32.550892, "経度": 130.677846, "url": "https://www.iryou.teikyouseido.mhlw.go.jp/znk-web/juminkanja/S2430/initialize?prefCd=43&kikanCd=4300000657&kikanKbn=5", "url2": "http://www.yatsuyaku.or.jp/", "内容": "八代薬剤師会センター薬局【5:薬局】熊本県八代郡氷川町今西作１５０－２番" }, "geometry": { "type": "Point", "coordinates": [ 130.677846, 32.550892 ] } },
{ "type": "Feature", "properties": { "ID": 4354300000659, "正式名称": "東洋調剤薬局氷川店", "機関区分": 5, "都道府県コード": 43, "市区町村コード": 468, "所在地": "熊本県八代郡氷川町鹿島７７６－３", "緯度": 32.583021, "経度": 130.664929, "url": "https://www.iryou.teikyouseido.mhlw.go.jp/znk-web/juminkanja/S2430/initialize?prefCd=43&kikanCd=4300000659&kikanKbn=5", "url2": null, "内容": "東洋調剤薬局氷川店【5:薬局】熊本県八代郡氷川町鹿島７７６－３" }, "geometry": { "type": "Point", "coordinates": [ 130.664929, 32.583021 ] } },
{ "type": "Feature", "properties": { "ID": 4354300000662, "正式名称": "こがなか調剤薬局", "機関区分": 5, "都道府県コード": 43, "市区町村コード": 202, "所在地": "熊本県八代市古閑中町１２０９－２", "緯度": 32.527864, "経度": 130.601498, "url": "https://www.iryou.teikyouseido.mhlw.go.jp/znk-web/juminkanja/S2430/initialize?prefCd=43&kikanCd=4300000662&kikanKbn=5", "url2": "https://fitstars0074.wixsite.com/wakakusa-pha", "内容": "こがなか調剤薬局【5:薬局】熊本県八代市古閑中町１２０９－２" }, "geometry": { "type": "Point", "coordinates": [ 130.601498, 32.527864 ] } },
{ "type": "Feature", "properties": { "ID": 4354300000663, "正式名称": "三気堂薬局　八代店", "機関区分": 5, "都道府県コード": 43, "市区町村コード": 202, "所在地": "熊本県八代市松江町４８４－５", "緯度": 32.517572, "経度": 130.597111, "url": "https://www.iryou.teikyouseido.mhlw.go.jp/znk-web/juminkanja/S2430/initialize?prefCd=43&kikanCd=4300000663&kikanKbn=5", "url2": "https://sankido-kumamoto.com/", "内容": "三気堂薬局　八代店【5:薬局】熊本県八代市松江町４８４－５" }, "geometry": { "type": "Point", "coordinates": [ 130.597111, 32.517572 ] } },
{ "type": "Feature", "properties": { "ID": 4354300000664, "正式名称": "りぼん薬局", "機関区分": 5, "都道府県コード": 43, "市区町村コード": 202, "所在地": "熊本県八代市東陽町南１１２６番地４", "緯度": 32.544533, "経度": 130.71665, "url": "https://www.iryou.teikyouseido.mhlw.go.jp/znk-web/juminkanja/S2430/initialize?prefCd=43&kikanCd=4300000664&kikanKbn=5", "url2": null, "内容": "りぼん薬局【5:薬局】熊本県八代市東陽町南１１２６番地４" }, "geometry": { "type": "Point", "coordinates": [ 130.71665, 32.544533 ] } },
{ "type": "Feature", "properties": { "ID": 4354300000665, "正式名称": "エリア調剤薬局　日置店", "機関区分": 5, "都道府県コード": 43, "市区町村コード": 202, "所在地": "熊本県八代市日置町１５０番地２", "緯度": 32.513367, "経度": 130.622186, "url": "https://www.iryou.teikyouseido.mhlw.go.jp/znk-web/juminkanja/S2430/initialize?prefCd=43&kikanCd=4300000665&kikanKbn=5", "url2": null, "内容": "エリア調剤薬局　日置店【5:薬局】熊本県八代市日置町１５０番地２" }, "geometry": { "type": "Point", "coordinates": [ 130.622186, 32.513367 ] } },
{ "type": "Feature", "properties": { "ID": 4354300000666, "正式名称": "有限会社旭薬局", "機関区分": 5, "都道府県コード": 43, "市区町村コード": 202, "所在地": "熊本県八代市萩原町一丁目８番３７号", "緯度": 32.501955, "経度": 130.624857, "url": "https://www.iryou.teikyouseido.mhlw.go.jp/znk-web/juminkanja/S2430/initialize?prefCd=43&kikanCd=4300000666&kikanKbn=5", "url2": "https://asahi-pharm.co.jp", "内容": "有限会社旭薬局【5:薬局】熊本県八代市萩原町一丁目８番３７号" }, "geometry": { "type": "Point", "coordinates": [ 130.624857, 32.501955 ] } },
{ "type": "Feature", "properties": { "ID": 4354300000668, "正式名称": "妙見薬局", "機関区分": 5, "都道府県コード": 43, "市区町村コード": 202, "所在地": "熊本県八代市妙見町１３５", "緯度": 32.497242, "経度": 130.639192, "url": "https://www.iryou.teikyouseido.mhlw.go.jp/znk-web/juminkanja/S2430/initialize?prefCd=43&kikanCd=4300000668&kikanKbn=5", "url2": null, "内容": "妙見薬局【5:薬局】熊本県八代市妙見町１３５" }, "geometry": { "type": "Point", "coordinates": [ 130.639192, 32.497242 ] } },
{ "type": "Feature", "properties": { "ID": 4354300000669, "正式名称": "なのはな調剤薬局", "機関区分": 5, "都道府県コード": 43, "市区町村コード": 205, "所在地": "熊本県水俣市塩浜町３１番１号", "緯度": 32.212831, "経度": 130.395639, "url": "https://www.iryou.teikyouseido.mhlw.go.jp/znk-web/juminkanja/S2430/initialize?prefCd=43&kikanCd=4300000669&kikanKbn=5", "url2": null, "内容": "なのはな調剤薬局【5:薬局】熊本県水俣市塩浜町３１番１号" }, "geometry": { "type": "Point", "coordinates": [ 130.395639, 32.212831 ] } },
{ "type": "Feature", "properties": { "ID": 4354300000670, "正式名称": "みつば調剤薬局", "機関区分": 5, "都道府県コード": 43, "市区町村コード": 205, "所在地": "熊本県水俣市旭町２－２－１", "緯度": 32.209062, "経度": 130.401698, "url": "https://www.iryou.teikyouseido.mhlw.go.jp/znk-web/juminkanja/S2430/initialize?prefCd=43&kikanCd=4300000670&kikanKbn=5", "url2": null, "内容": "みつば調剤薬局【5:薬局】熊本県水俣市旭町２－２－１" }, "geometry": { "type": "Point", "coordinates": [ 130.401698, 32.209062 ] } },
{ "type": "Feature", "properties": { "ID": 4354300000671, "正式名称": "平和薬局古賀町店", "機関区分": 5, "都道府県コード": 43, "市区町村コード": 205, "所在地": "熊本県水俣市古賀町２丁目３－２８", "緯度": 32.211749, "経度": 130.396243, "url": "https://www.iryou.teikyouseido.mhlw.go.jp/znk-web/juminkanja/S2430/initialize?prefCd=43&kikanCd=4300000671&kikanKbn=5", "url2": "https://maph.jp/", "内容": "平和薬局古賀町店【5:薬局】熊本県水俣市古賀町２丁目３－２８" }, "geometry": { "type": "Point", "coordinates": [ 130.396243, 32.211749 ] } },
{ "type": "Feature", "properties": { "ID": 4354300000672, "正式名称": "ゆうあい薬局", "機関区分": 5, "都道府県コード": 43, "市区町村コード": 205, "所在地": "熊本県水俣市古賀町二丁目５番３７号", "緯度": 32.212721, "経度": 130.399115, "url": "https://www.iryou.teikyouseido.mhlw.go.jp/znk-web/juminkanja/S2430/initialize?prefCd=43&kikanCd=4300000672&kikanKbn=5", "url2": "https://ubiquitous-ph.jp/", "内容": "ゆうあい薬局【5:薬局】熊本県水俣市古賀町二丁目５番３７号" }, "geometry": { "type": "Point", "coordinates": [ 130.399115, 32.212721 ] } },
{ "type": "Feature", "properties": { "ID": 4354300000673, "正式名称": "合資会社　下田薬局", "機関区分": 5, "都道府県コード": 43, "市区町村コード": 205, "所在地": "熊本県水俣市桜井町１－５－６", "緯度": 32.207603, "経度": 130.400122, "url": "https://www.iryou.teikyouseido.mhlw.go.jp/znk-web/juminkanja/S2430/initialize?prefCd=43&kikanCd=4300000673&kikanKbn=5", "url2": null, "内容": "合資会社　下田薬局【5:薬局】熊本県水俣市桜井町１－５－６" }, "geometry": { "type": "Point", "coordinates": [ 130.400122, 32.207603 ] } },
{ "type": "Feature", "properties": { "ID": 4354300000674, "正式名称": "みなまた駅前薬局", "機関区分": 5, "都道府県コード": 43, "市区町村コード": 205, "所在地": "熊本県水俣市桜井町１丁目１番５号", "緯度": 32.204508, "経度": 130.394928, "url": "https://www.iryou.teikyouseido.mhlw.go.jp/znk-web/juminkanja/S2430/initialize?prefCd=43&kikanCd=4300000674&kikanKbn=5", "url2": "http://www.drugmiyuki.com", "内容": "みなまた駅前薬局【5:薬局】熊本県水俣市桜井町１丁目１番５号" }, "geometry": { "type": "Point", "coordinates": [ 130.394928, 32.204508 ] } },
{ "type": "Feature", "properties": { "ID": 4354300000675, "正式名称": "さくら薬局", "機関区分": 5, "都道府県コード": 43, "市区町村コード": 205, "所在地": "熊本県水俣市桜井町２丁目２－１９", "緯度": 32.205971, "経度": 130.396113, "url": "https://www.iryou.teikyouseido.mhlw.go.jp/znk-web/juminkanja/S2430/initialize?prefCd=43&kikanCd=4300000675&kikanKbn=5", "url2": "http://www.kk-pharma.jp/", "内容": "さくら薬局【5:薬局】熊本県水俣市桜井町２丁目２－１９" }, "geometry": { "type": "Point", "coordinates": [ 130.396113, 32.205971 ] } },
{ "type": "Feature", "properties": { "ID": 4354300000677, "正式名称": "吉富薬局", "機関区分": 5, "都道府県コード": 43, "市区町村コード": 205, "所在地": "熊本県水俣市陣内１ー４ー８", "緯度": 32.207633, "経度": 130.413046, "url": "https://www.iryou.teikyouseido.mhlw.go.jp/znk-web/juminkanja/S2430/initialize?prefCd=43&kikanCd=4300000677&kikanKbn=5", "url2": "http://www.yoshitomi-kanpou.jp", "内容": "吉富薬局【5:薬局】熊本県水俣市陣内１ー４ー８" }, "geometry": { "type": "Point", "coordinates": [ 130.413046, 32.207633 ] } },
{ "type": "Feature", "properties": { "ID": 4354300000679, "正式名称": "日本調剤　水俣薬局", "機関区分": 5, "都道府県コード": 43, "市区町村コード": 205, "所在地": "熊本県水俣市天神町１－３－２", "緯度": 32.210594, "経度": 130.405462, "url": "https://www.iryou.teikyouseido.mhlw.go.jp/znk-web/juminkanja/S2430/initialize?prefCd=43&kikanCd=4300000679&kikanKbn=5", "url2": "https://www.nicho.co.jp/", "内容": "日本調剤　水俣薬局【5:薬局】熊本県水俣市天神町１－３－２" }, "geometry": { "type": "Point", "coordinates": [ 130.405462, 32.210594 ] } },
{ "type": "Feature", "properties": { "ID": 4354300000680, "正式名称": "日本調剤天神町薬局", "機関区分": 5, "都道府県コード": 43, "市区町村コード": 205, "所在地": "熊本県水俣市天神町１－８－５", "緯度": 32.210664, "経度": 130.406026, "url": "https://www.iryou.teikyouseido.mhlw.go.jp/znk-web/juminkanja/S2430/initialize?prefCd=43&kikanCd=4300000680&kikanKbn=5", "url2": "http://www.nicho.co.jp", "内容": "日本調剤天神町薬局【5:薬局】熊本県水俣市天神町１－８－５" }, "geometry": { "type": "Point", "coordinates": [ 130.406026, 32.210664 ] } },
{ "type": "Feature", "properties": { "ID": 4354300000681, "正式名称": "平和薬局センター店", "機関区分": 5, "都道府県コード": 43, "市区町村コード": 205, "所在地": "熊本県水俣市天神町１丁目３番１１号", "緯度": 32.210792, "経度": 130.405879, "url": "https://www.iryou.teikyouseido.mhlw.go.jp/znk-web/juminkanja/S2430/initialize?prefCd=43&kikanCd=4300000681&kikanKbn=5", "url2": "http://heiwa-ph.or.jp", "内容": "平和薬局センター店【5:薬局】熊本県水俣市天神町１丁目３番１１号" }, "geometry": { "type": "Point", "coordinates": [ 130.405879, 32.210792 ] } },
{ "type": "Feature", "properties": { "ID": 4354300000682, "正式名称": "おれんじ薬局", "機関区分": 5, "都道府県コード": 43, "市区町村コード": 205, "所在地": "熊本県水俣市天神町１丁目４６", "緯度": 32.210445, "経度": 130.406975, "url": "https://www.iryou.teikyouseido.mhlw.go.jp/znk-web/juminkanja/S2430/initialize?prefCd=43&kikanCd=4300000682&kikanKbn=5", "url2": null, "内容": "おれんじ薬局【5:薬局】熊本県水俣市天神町１丁目４６" }, "geometry": { "type": "Point", "coordinates": [ 130.406975, 32.210445 ] } },
{ "type": "Feature", "properties": { "ID": 4354300000683, "正式名称": "有限会社やまだ薬局", "機関区分": 5, "都道府県コード": 43, "市区町村コード": 205, "所在地": "熊本県水俣市天神町２－２３－２", "緯度": 32.210987, "経度": 130.405599, "url": "https://www.iryou.teikyouseido.mhlw.go.jp/znk-web/juminkanja/S2430/initialize?prefCd=43&kikanCd=4300000683&kikanKbn=5", "url2": "https://maph.jp/pharmacy14/", "内容": "有限会社やまだ薬局【5:薬局】熊本県水俣市天神町２－２３－２" }, "geometry": { "type": "Point", "coordinates": [ 130.405599, 32.210987 ] } },
{ "type": "Feature", "properties": { "ID": 4354300000684, "正式名称": "有限会社南福寺調剤薬局", "機関区分": 5, "都道府県コード": 43, "市区町村コード": 205, "所在地": "熊本県水俣市南福寺１７１番地", "緯度": 32.205497, "経度": 130.41002, "url": "https://www.iryou.teikyouseido.mhlw.go.jp/znk-web/juminkanja/S2430/initialize?prefCd=43&kikanCd=4300000684&kikanKbn=5", "url2": "https://maph.jp/pharmacy10/", "内容": "有限会社南福寺調剤薬局【5:薬局】熊本県水俣市南福寺１７１番地" }, "geometry": { "type": "Point", "coordinates": [ 130.41002, 32.205497 ] } },
{ "type": "Feature", "properties": { "ID": 4354300000685, "正式名称": "有限会社谷川薬局", "機関区分": 5, "都道府県コード": 43, "市区町村コード": 205, "所在地": "熊本県水俣市浜町", "緯度": 32.21057, "経度": 130.40408, "url": "https://www.iryou.teikyouseido.mhlw.go.jp/znk-web/juminkanja/S2430/initialize?prefCd=43&kikanCd=4300000685&kikanKbn=5", "url2": null, "内容": "有限会社谷川薬局【5:薬局】熊本県水俣市浜町" }, "geometry": { "type": "Point", "coordinates": [ 130.40408, 32.21057 ] } },
{ "type": "Feature", "properties": { "ID": 4354300000686, "正式名称": "ポピー薬局", "機関区分": 5, "都道府県コード": 43, "市区町村コード": 205, "所在地": "熊本県水俣市浜町１－２－３０浜町ビル１Ｆ", "緯度": 32.211653, "経度": 130.405342, "url": "https://www.iryou.teikyouseido.mhlw.go.jp/znk-web/juminkanja/S2430/initialize?prefCd=43&kikanCd=4300000686&kikanKbn=5", "url2": "poppypha.com", "内容": "ポピー薬局【5:薬局】熊本県水俣市浜町１－２－３０浜町ビル１Ｆ" }, "geometry": { "type": "Point", "coordinates": [ 130.405342, 32.211653 ] } },
{ "type": "Feature", "properties": { "ID": 4354300000687, "正式名称": "さしき薬局", "機関区分": 5, "都道府県コード": 43, "市区町村コード": 482, "所在地": "熊本県葦北郡芦北町大字佐敷１７５番地１", "緯度": 32.302158, "経度": 130.505233, "url": "https://www.iryou.teikyouseido.mhlw.go.jp/znk-web/juminkanja/S2430/initialize?prefCd=43&kikanCd=4300000687&kikanKbn=5", "url2": null, "内容": "さしき薬局【5:薬局】熊本県葦北郡芦北町大字佐敷１７５番地１" }, "geometry": { "type": "Point", "coordinates": [ 130.505233, 32.302158 ] } },
{ "type": "Feature", "properties": { "ID": 4354300000688, "正式名称": "なんこう薬局南店", "機関区分": 5, "都道府県コード": 43, "市区町村コード": 482, "所在地": "熊本県葦北郡芦北町芦北２４１５", "緯度": 32.293628, "経度": 130.494418, "url": "https://www.iryou.teikyouseido.mhlw.go.jp/znk-web/juminkanja/S2430/initialize?prefCd=43&kikanCd=4300000688&kikanKbn=5", "url2": null, "内容": "なんこう薬局南店【5:薬局】熊本県葦北郡芦北町芦北２４１５" }, "geometry": { "type": "Point", "coordinates": [ 130.494418, 32.293628 ] } },
{ "type": "Feature", "properties": { "ID": 4354300000689, "正式名称": "有限会社なんこう薬局", "機関区分": 5, "都道府県コード": 43, "市区町村コード": 482, "所在地": "熊本県葦北郡芦北町芦北大字２５９３番地", "緯度": 32.295322, "経度": 130.49475, "url": "https://www.iryou.teikyouseido.mhlw.go.jp/znk-web/juminkanja/S2430/initialize?prefCd=43&kikanCd=4300000689&kikanKbn=5", "url2": "http://www1.biglobe.ne.jp/~nankou/", "内容": "有限会社なんこう薬局【5:薬局】熊本県葦北郡芦北町芦北大字２５９３番地" }, "geometry": { "type": "Point", "coordinates": [ 130.49475, 32.295322 ] } },
{ "type": "Feature", "properties": { "ID": 4354300000690, "正式名称": "はなおか調剤薬局", "機関区分": 5, "都道府県コード": 43, "市区町村コード": 482, "所在地": "熊本県葦北郡芦北町大字佐敷３４８番地３", "緯度": 32.305142, "経度": 130.502728, "url": "https://www.iryou.teikyouseido.mhlw.go.jp/znk-web/juminkanja/S2430/initialize?prefCd=43&kikanCd=4300000690&kikanKbn=5", "url2": "https://maph.jp/pharmacy22/", "内容": "はなおか調剤薬局【5:薬局】熊本県葦北郡芦北町大字佐敷３４８番地３" }, "geometry": { "type": "Point", "coordinates": [ 130.502728, 32.305142 ] } },
{ "type": "Feature", "properties": { "ID": 4354300000691, "正式名称": "株式会社ゆのうら調剤薬局", "機関区分": 5, "都道府県コード": 43, "市区町村コード": 482, "所在地": "熊本県葦北郡芦北町大字湯浦２３２番地７", "緯度": 32.274078, "経度": 130.500594, "url": "https://www.iryou.teikyouseido.mhlw.go.jp/znk-web/juminkanja/S2430/initialize?prefCd=43&kikanCd=4300000691&kikanKbn=5", "url2": null, "内容": "株式会社ゆのうら調剤薬局【5:薬局】熊本県葦北郡芦北町大字湯浦２３２番地７" }, "geometry": { "type": "Point", "coordinates": [ 130.500594, 32.274078 ] } },
{ "type": "Feature", "properties": { "ID": 4354300000692, "正式名称": "三宝調剤薬局", "機関区分": 5, "都道府県コード": 43, "市区町村コード": 482, "所在地": "熊本県葦北郡芦北町田浦町１１９５－１０", "緯度": 32.364253, "経度": 130.510972, "url": "https://www.iryou.teikyouseido.mhlw.go.jp/znk-web/juminkanja/S2430/initialize?prefCd=43&kikanCd=4300000692&kikanKbn=5", "url2": null, "内容": "三宝調剤薬局【5:薬局】熊本県葦北郡芦北町田浦町１１９５－１０" }, "geometry": { "type": "Point", "coordinates": [ 130.510972, 32.364253 ] } },
{ "type": "Feature", "properties": { "ID": 4354300000693, "正式名称": "合資会社　文化堂薬局", "機関区分": 5, "都道府県コード": 43, "市区町村コード": 482, "所在地": "熊本県葦北郡芦北町湯浦", "緯度": 32.272247, "経度": 130.50133, "url": "https://www.iryou.teikyouseido.mhlw.go.jp/znk-web/juminkanja/S2430/initialize?prefCd=43&kikanCd=4300000693&kikanKbn=5", "url2": "http://drug-bunkadou.com/", "内容": "合資会社　文化堂薬局【5:薬局】熊本県葦北郡芦北町湯浦" }, "geometry": { "type": "Point", "coordinates": [ 130.50133, 32.272247 ] } },
{ "type": "Feature", "properties": { "ID": 4354300000694, "正式名称": "イクタ調剤薬局", "機関区分": 5, "都道府県コード": 43, "市区町村コード": 482, "所在地": "熊本県葦北郡芦北町湯浦２９５－１", "緯度": 32.269844, "経度": 130.503036, "url": "https://www.iryou.teikyouseido.mhlw.go.jp/znk-web/juminkanja/S2430/initialize?prefCd=43&kikanCd=4300000694&kikanKbn=5", "url2": null, "内容": "イクタ調剤薬局【5:薬局】熊本県葦北郡芦北町湯浦２９５－１" }, "geometry": { "type": "Point", "coordinates": [ 130.503036, 32.269844 ] } },
{ "type": "Feature", "properties": { "ID": 4354300000696, "正式名称": "有限会社みずき薬局", "機関区分": 5, "都道府県コード": 43, "市区町村コード": 203, "所在地": "熊本県人吉市鶴田町１１の２", "緯度": 32.22574, "経度": 130.76285, "url": "https://www.iryou.teikyouseido.mhlw.go.jp/znk-web/juminkanja/S2430/initialize?prefCd=43&kikanCd=4300000696&kikanKbn=5", "url2": null, "内容": "有限会社みずき薬局【5:薬局】熊本県人吉市鶴田町１１の２" }, "geometry": { "type": "Point", "coordinates": [ 130.76285, 32.22574 ] } },
{ "type": "Feature", "properties": { "ID": 4354300000697, "正式名称": "（有）くすりのエスエス堂薬局城本店", "機関区分": 5, "都道府県コード": 43, "市区町村コード": 203, "所在地": "熊本県人吉市下城本町１４３５－２", "緯度": 32.21422, "経度": 130.742542, "url": "https://www.iryou.teikyouseido.mhlw.go.jp/znk-web/juminkanja/S2430/initialize?prefCd=43&kikanCd=4300000697&kikanKbn=5", "url2": "https://www.ss-dou.jp/", "内容": "（有）くすりのエスエス堂薬局城本店【5:薬局】熊本県人吉市下城本町１４３５－２" }, "geometry": { "type": "Point", "coordinates": [ 130.742542, 32.21422 ] } },
{ "type": "Feature", "properties": { "ID": 4354300000698, "正式名称": "あけぼの薬局", "機関区分": 5, "都道府県コード": 43, "市区町村コード": 203, "所在地": "熊本県人吉市下新町３６２－４", "緯度": 32.215731, "経度": 130.768936, "url": "https://www.iryou.teikyouseido.mhlw.go.jp/znk-web/juminkanja/S2430/initialize?prefCd=43&kikanCd=4300000698&kikanKbn=5", "url2": "http://kirin-pharmacy.com/", "内容": "あけぼの薬局【5:薬局】熊本県人吉市下新町３６２－４" }, "geometry": { "type": "Point", "coordinates": [ 130.768936, 32.215731 ] } },
{ "type": "Feature", "properties": { "ID": 4354300000699, "正式名称": "ひご薬局下林店", "機関区分": 5, "都道府県コード": 43, "市区町村コード": 203, "所在地": "熊本県人吉市下林町２３１－２", "緯度": 32.217497, "経度": 130.735508, "url": "https://www.iryou.teikyouseido.mhlw.go.jp/znk-web/juminkanja/S2430/initialize?prefCd=43&kikanCd=4300000699&kikanKbn=5", "url2": "https://shop.sogo-pharmacy.jp/detail/761/", "内容": "ひご薬局下林店【5:薬局】熊本県人吉市下林町２３１－２" }, "geometry": { "type": "Point", "coordinates": [ 130.735508, 32.217497 ] } },
{ "type": "Feature", "properties": { "ID": 4354300000700, "正式名称": "人吉けんこう堂薬局", "機関区分": 5, "都道府県コード": 43, "市区町村コード": 203, "所在地": "熊本県人吉市瓦屋町１１４１番地２号", "緯度": 32.22074, "経度": 130.757369, "url": "https://www.iryou.teikyouseido.mhlw.go.jp/znk-web/juminkanja/S2430/initialize?prefCd=43&kikanCd=4300000700&kikanKbn=5", "url2": null, "内容": "人吉けんこう堂薬局【5:薬局】熊本県人吉市瓦屋町１１４１番地２号" }, "geometry": { "type": "Point", "coordinates": [ 130.757369, 32.22074 ] } },
{ "type": "Feature", "properties": { "ID": 4354300000701, "正式名称": "高階誠心堂薬局かわらや店", "機関区分": 5, "都道府県コード": 43, "市区町村コード": 203, "所在地": "熊本県人吉市瓦屋町１４６３番", "緯度": 32.227599, "経度": 130.747514, "url": "https://www.iryou.teikyouseido.mhlw.go.jp/znk-web/juminkanja/S2430/initialize?prefCd=43&kikanCd=4300000701&kikanKbn=5", "url2": "https://pharmaunion.co.jp/index.html", "内容": "高階誠心堂薬局かわらや店【5:薬局】熊本県人吉市瓦屋町１４６３番" }, "geometry": { "type": "Point", "coordinates": [ 130.747514, 32.227599 ] } },
{ "type": "Feature", "properties": { "ID": 4354300000703, "正式名称": "（有）くすりのエスエス堂薬局瓦屋店", "機関区分": 5, "都道府県コード": 43, "市区町村コード": 203, "所在地": "熊本県人吉市瓦屋町１８６６－２８", "緯度": 32.225334, "経度": 130.761129, "url": "https://www.iryou.teikyouseido.mhlw.go.jp/znk-web/juminkanja/S2430/initialize?prefCd=43&kikanCd=4300000703&kikanKbn=5", "url2": "http://www.ss-dou.jp/index.html", "内容": "（有）くすりのエスエス堂薬局瓦屋店【5:薬局】熊本県人吉市瓦屋町１８６６－２８" }, "geometry": { "type": "Point", "coordinates": [ 130.761129, 32.225334 ] } },
{ "type": "Feature", "properties": { "ID": 4354300000704, "正式名称": "有限会社　ミユキ薬局　インター店", "機関区分": 5, "都道府県コード": 43, "市区町村コード": 203, "所在地": "熊本県人吉市鬼木町７４５番地４", "緯度": 32.224964, "経度": 130.764444, "url": "https://www.iryou.teikyouseido.mhlw.go.jp/znk-web/juminkanja/S2430/initialize?prefCd=43&kikanCd=4300000704&kikanKbn=5", "url2": null, "内容": "有限会社　ミユキ薬局　インター店【5:薬局】熊本県人吉市鬼木町７４５番地４" }, "geometry": { "type": "Point", "coordinates": [ 130.764444, 32.224964 ] } },
{ "type": "Feature", "properties": { "ID": 4354300000706, "正式名称": "清風はなみずき薬局", "機関区分": 5, "都道府県コード": 43, "市区町村コード": 203, "所在地": "熊本県人吉市九日町９２", "緯度": 32.21417, "経度": 130.760971, "url": "https://www.iryou.teikyouseido.mhlw.go.jp/znk-web/juminkanja/S2430/initialize?prefCd=43&kikanCd=4300000706&kikanKbn=5", "url2": "https://www.seifu.co.jp/", "内容": "清風はなみずき薬局【5:薬局】熊本県人吉市九日町９２" }, "geometry": { "type": "Point", "coordinates": [ 130.760971, 32.21417 ] } },
{ "type": "Feature", "properties": { "ID": 4354300000707, "正式名称": "駒井田調剤薬局", "機関区分": 5, "都道府県コード": 43, "市区町村コード": 203, "所在地": "熊本県人吉市駒井田町１０７９－３", "緯度": 32.217775, "経度": 130.759738, "url": "https://www.iryou.teikyouseido.mhlw.go.jp/znk-web/juminkanja/S2430/initialize?prefCd=43&kikanCd=4300000707&kikanKbn=5", "url2": null, "内容": "駒井田調剤薬局【5:薬局】熊本県人吉市駒井田町１０７９－３" }, "geometry": { "type": "Point", "coordinates": [ 130.759738, 32.217775 ] } },
{ "type": "Feature", "properties": { "ID": 4354300000709, "正式名称": "五日町薬局", "機関区分": 5, "都道府県コード": 43, "市区町村コード": 203, "所在地": "熊本県人吉市五日町４５", "緯度": 32.214326, "経度": 130.762671, "url": "https://www.iryou.teikyouseido.mhlw.go.jp/znk-web/juminkanja/S2430/initialize?prefCd=43&kikanCd=4300000709&kikanKbn=5", "url2": "https://www.instagram.com/pharmacy_five/?hl=ja", "内容": "五日町薬局【5:薬局】熊本県人吉市五日町４５" }, "geometry": { "type": "Point", "coordinates": [ 130.762671, 32.214326 ] } },
{ "type": "Feature", "properties": { "ID": 4354300000710, "正式名称": "あおい調剤薬局", "機関区分": 5, "都道府県コード": 43, "市区町村コード": 203, "所在地": "熊本県人吉市上青井町１８０－２３ペンタハイツ１階", "緯度": 32.214164, "経度": 130.756142, "url": "https://www.iryou.teikyouseido.mhlw.go.jp/znk-web/juminkanja/S2430/initialize?prefCd=43&kikanCd=4300000710&kikanKbn=5", "url2": "https://www.aoi-yakkyoku.jp/", "内容": "あおい調剤薬局【5:薬局】熊本県人吉市上青井町１８０－２３ペンタハイツ１階" }, "geometry": { "type": "Point", "coordinates": [ 130.756142, 32.214164 ] } },
{ "type": "Feature", "properties": { "ID": 4354300000711, "正式名称": "高階誠心堂薬局", "機関区分": 5, "都道府県コード": 43, "市区町村コード": 203, "所在地": "熊本県人吉市上青井町１８０－３", "緯度": 32.214723, "経度": 130.756152, "url": "https://www.iryou.teikyouseido.mhlw.go.jp/znk-web/juminkanja/S2430/initialize?prefCd=43&kikanCd=4300000711&kikanKbn=5", "url2": "http://www.takasinaseisindo-ph.jp/", "内容": "高階誠心堂薬局【5:薬局】熊本県人吉市上青井町１８０－３" }, "geometry": { "type": "Point", "coordinates": [ 130.756152, 32.214723 ] } },
{ "type": "Feature", "properties": { "ID": 4354300000712, "正式名称": "高階誠心堂薬局西間店", "機関区分": 5, "都道府県コード": 43, "市区町村コード": 203, "所在地": "熊本県人吉市西間上町２３８７－８", "緯度": 32.196579, "経度": 130.764365, "url": "https://www.iryou.teikyouseido.mhlw.go.jp/znk-web/juminkanja/S2430/initialize?prefCd=43&kikanCd=4300000712&kikanKbn=5", "url2": "https://pharmaunion.co.jp/shoplist/nishiaida/", "内容": "高階誠心堂薬局西間店【5:薬局】熊本県人吉市西間上町２３８７－８" }, "geometry": { "type": "Point", "coordinates": [ 130.764365, 32.196579 ] } },
{ "type": "Feature", "properties": { "ID": 4354300000713, "正式名称": "きりん薬局　西間店", "機関区分": 5, "都道府県コード": 43, "市区町村コード": 203, "所在地": "熊本県人吉市西間上町今宮２５８２", "緯度": 32.199615, "経度": 130.76262, "url": "https://www.iryou.teikyouseido.mhlw.go.jp/znk-web/juminkanja/S2430/initialize?prefCd=43&kikanCd=4300000713&kikanKbn=5", "url2": "https://www.kirin-pharmacy.jp/", "内容": "きりん薬局　西間店【5:薬局】熊本県人吉市西間上町今宮２５８２" }, "geometry": { "type": "Point", "coordinates": [ 130.76262, 32.199615 ] } },
{ "type": "Feature", "properties": { "ID": 4354300000715, "正式名称": "たんぽぽ薬局", "機関区分": 5, "都道府県コード": 43, "市区町村コード": 203, "所在地": "熊本県人吉市相良町７－２７", "緯度": 32.208994, "経度": 130.741803, "url": "https://www.iryou.teikyouseido.mhlw.go.jp/znk-web/juminkanja/S2430/initialize?prefCd=43&kikanCd=4300000715&kikanKbn=5", "url2": "https://atena-p.com/", "内容": "たんぽぽ薬局【5:薬局】熊本県人吉市相良町７－２７" }, "geometry": { "type": "Point", "coordinates": [ 130.741803, 32.208994 ] } },
{ "type": "Feature", "properties": { "ID": 4354300000716, "正式名称": "まえだ薬局", "機関区分": 5, "都道府県コード": 43, "市区町村コード": 203, "所在地": "熊本県人吉市鍛冶屋町６３－６６", "緯度": 32.217386, "経度": 130.760297, "url": "https://www.iryou.teikyouseido.mhlw.go.jp/znk-web/juminkanja/S2430/initialize?prefCd=43&kikanCd=4300000716&kikanKbn=5", "url2": null, "内容": "まえだ薬局【5:薬局】熊本県人吉市鍛冶屋町６３－６６" }, "geometry": { "type": "Point", "coordinates": [ 130.760297, 32.217386 ] } },
{ "type": "Feature", "properties": { "ID": 4354300000717, "正式名称": "うさぎ薬局　人吉店", "機関区分": 5, "都道府県コード": 43, "市区町村コード": 203, "所在地": "熊本県人吉市鍛冶屋町６５番地", "緯度": 32.217644, "経度": 130.760298, "url": "https://www.iryou.teikyouseido.mhlw.go.jp/znk-web/juminkanja/S2430/initialize?prefCd=43&kikanCd=4300000717&kikanKbn=5", "url2": "http://usagi-pharmacy.net/", "内容": "うさぎ薬局　人吉店【5:薬局】熊本県人吉市鍛冶屋町６５番地" }, "geometry": { "type": "Point", "coordinates": [ 130.760298, 32.217644 ] } },
{ "type": "Feature", "properties": { "ID": 4354300000720, "正式名称": "清風薬局人吉店", "機関区分": 5, "都道府県コード": 43, "市区町村コード": 203, "所在地": "熊本県人吉市土手町４１－３", "緯度": 32.209056, "経度": 130.758834, "url": "https://www.iryou.teikyouseido.mhlw.go.jp/znk-web/juminkanja/S2430/initialize?prefCd=43&kikanCd=4300000720&kikanKbn=5", "url2": "https://www.seifu.co.jp/", "内容": "清風薬局人吉店【5:薬局】熊本県人吉市土手町４１－３" }, "geometry": { "type": "Point", "coordinates": [ 130.758834, 32.209056 ] } },
{ "type": "Feature", "properties": { "ID": 4354300000721, "正式名称": "高階誠心堂薬局　いずみだ店", "機関区分": 5, "都道府県コード": 43, "市区町村コード": 203, "所在地": "熊本県人吉市南泉田町７０－９", "緯度": 32.216978, "経度": 130.764254, "url": "https://www.iryou.teikyouseido.mhlw.go.jp/znk-web/juminkanja/S2430/initialize?prefCd=43&kikanCd=4300000721&kikanKbn=5", "url2": null, "内容": "高階誠心堂薬局　いずみだ店【5:薬局】熊本県人吉市南泉田町７０－９" }, "geometry": { "type": "Point", "coordinates": [ 130.764254, 32.216978 ] } },
{ "type": "Feature", "properties": { "ID": 4354300000722, "正式名称": "有限会社　ココ薬局", "機関区分": 5, "都道府県コード": 43, "市区町村コード": 203, "所在地": "熊本県人吉市南泉田町７５－５", "緯度": 32.216858, "経度": 130.764036, "url": "https://www.iryou.teikyouseido.mhlw.go.jp/znk-web/juminkanja/S2430/initialize?prefCd=43&kikanCd=4300000722&kikanKbn=5", "url2": null, "内容": "有限会社　ココ薬局【5:薬局】熊本県人吉市南泉田町７５－５" }, "geometry": { "type": "Point", "coordinates": [ 130.764036, 32.216858 ] } },
{ "type": "Feature", "properties": { "ID": 4354300000723, "正式名称": "ぎんなん薬局", "機関区分": 5, "都道府県コード": 43, "市区町村コード": 203, "所在地": "熊本県人吉市宝来町１０－６", "緯度": 32.210562, "経度": 130.748473, "url": "https://www.iryou.teikyouseido.mhlw.go.jp/znk-web/juminkanja/S2430/initialize?prefCd=43&kikanCd=4300000723&kikanKbn=5", "url2": null, "内容": "ぎんなん薬局【5:薬局】熊本県人吉市宝来町１０－６" }, "geometry": { "type": "Point", "coordinates": [ 130.748473, 32.210562 ] } },
{ "type": "Feature", "properties": { "ID": 4354300000724, "正式名称": "ひまわり薬局", "機関区分": 5, "都道府県コード": 43, "市区町村コード": 203, "所在地": "熊本県人吉市宝来町１２８４－３", "緯度": 32.211567, "経度": 130.7464, "url": "https://www.iryou.teikyouseido.mhlw.go.jp/znk-web/juminkanja/S2430/initialize?prefCd=43&kikanCd=4300000724&kikanKbn=5", "url2": "http://www.atena-p.com", "内容": "ひまわり薬局【5:薬局】熊本県人吉市宝来町１２８４－３" }, "geometry": { "type": "Point", "coordinates": [ 130.7464, 32.211567 ] } },
{ "type": "Feature", "properties": { "ID": 4354300000725, "正式名称": "宝来調剤薬局", "機関区分": 5, "都道府県コード": 43, "市区町村コード": 203, "所在地": "熊本県人吉市宝来町８０－３", "緯度": 32.210422, "経度": 130.745897, "url": "https://www.iryou.teikyouseido.mhlw.go.jp/znk-web/juminkanja/S2430/initialize?prefCd=43&kikanCd=4300000725&kikanKbn=5", "url2": "http://www.atena-p.com/", "内容": "宝来調剤薬局【5:薬局】熊本県人吉市宝来町８０－３" }, "geometry": { "type": "Point", "coordinates": [ 130.745897, 32.210422 ] } },
{ "type": "Feature", "properties": { "ID": 4354300000726, "正式名称": "翠薬局", "機関区分": 5, "都道府県コード": 43, "市区町村コード": 203, "所在地": "熊本県人吉市蓑野町字立野６３０－１１", "緯度": 32.18649, "経度": 130.76968, "url": "https://www.iryou.teikyouseido.mhlw.go.jp/znk-web/juminkanja/S2430/initialize?prefCd=43&kikanCd=4300000726&kikanKbn=5", "url2": "http://www.atena-p/com/", "内容": "翠薬局【5:薬局】熊本県人吉市蓑野町字立野６３０－１１" }, "geometry": { "type": "Point", "coordinates": [ 130.76968, 32.18649 ] } },
{ "type": "Feature", "properties": { "ID": 4354300000727, "正式名称": "さくら調剤薬局　医療センター前店", "機関区分": 5, "都道府県コード": 43, "市区町村コード": 203, "所在地": "熊本県人吉市老神町２７番地１", "緯度": 32.210195, "経度": 130.75869, "url": "https://www.iryou.teikyouseido.mhlw.go.jp/znk-web/juminkanja/S2430/initialize?prefCd=43&kikanCd=4300000727&kikanKbn=5", "url2": "https://www.kraft-net.co.jp/sakura/store/3862/", "内容": "さくら調剤薬局　医療センター前店【5:薬局】熊本県人吉市老神町２７番地１" }, "geometry": { "type": "Point", "coordinates": [ 130.75869, 32.210195 ] } },
{ "type": "Feature", "properties": { "ID": 4354300000729, "正式名称": "きりん薬局　岡原店", "機関区分": 5, "都道府県コード": 43, "市区町村コード": 514, "所在地": "熊本県球磨郡あさぎり町岡原北９６０－２", "緯度": 32.238418, "経度": 130.929515, "url": "https://www.iryou.teikyouseido.mhlw.go.jp/znk-web/juminkanja/S2430/initialize?prefCd=43&kikanCd=4300000729&kikanKbn=5", "url2": "http://www.kirin-pharmacy.jp/", "内容": "きりん薬局　岡原店【5:薬局】熊本県球磨郡あさぎり町岡原北９６０－２" }, "geometry": { "type": "Point", "coordinates": [ 130.929515, 32.238418 ] } },
{ "type": "Feature", "properties": { "ID": 4354300000730, "正式名称": "清風薬局免田店", "機関区分": 5, "都道府県コード": 43, "市区町村コード": 514, "所在地": "熊本県球磨郡あさぎり町上北１６７", "緯度": 32.23304, "経度": 130.891028, "url": "https://www.iryou.teikyouseido.mhlw.go.jp/znk-web/juminkanja/S2430/initialize?prefCd=43&kikanCd=4300000730&kikanKbn=5", "url2": "https://www.seifu.co.jp/", "内容": "清風薬局免田店【5:薬局】熊本県球磨郡あさぎり町上北１６７" }, "geometry": { "type": "Point", "coordinates": [ 130.891028, 32.23304 ] } },
{ "type": "Feature", "properties": { "ID": 4354300000731, "正式名称": "くるみ薬局", "機関区分": 5, "都道府県コード": 43, "市区町村コード": 514, "所在地": "熊本県球磨郡あさぎり町上北１８１", "緯度": 32.232908, "経度": 130.892136, "url": "https://www.iryou.teikyouseido.mhlw.go.jp/znk-web/juminkanja/S2430/initialize?prefCd=43&kikanCd=4300000731&kikanKbn=5", "url2": null, "内容": "くるみ薬局【5:薬局】熊本県球磨郡あさぎり町上北１８１" }, "geometry": { "type": "Point", "coordinates": [ 130.892136, 32.232908 ] } },
{ "type": "Feature", "properties": { "ID": 4354300000732, "正式名称": "おかざき薬局", "機関区分": 5, "都道府県コード": 43, "市区町村コード": 514, "所在地": "熊本県球磨郡あさぎり町深田東４４５－２", "緯度": 32.247816, "経度": 130.873564, "url": "https://www.iryou.teikyouseido.mhlw.go.jp/znk-web/juminkanja/S2430/initialize?prefCd=43&kikanCd=4300000732&kikanKbn=5", "url2": null, "内容": "おかざき薬局【5:薬局】熊本県球磨郡あさぎり町深田東４４５－２" }, "geometry": { "type": "Point", "coordinates": [ 130.873564, 32.247816 ] } },
{ "type": "Feature", "properties": { "ID": 4354300000733, "正式名称": "清風薬局サンロード免田店", "機関区分": 5, "都道府県コード": 43, "市区町村コード": 514, "所在地": "熊本県球磨郡あさぎり町免田東１２５３－１", "緯度": 32.237611, "経度": 130.896419, "url": "https://www.iryou.teikyouseido.mhlw.go.jp/znk-web/juminkanja/S2430/initialize?prefCd=43&kikanCd=4300000733&kikanKbn=5", "url2": "https://www.seifu.co.jp/", "内容": "清風薬局サンロード免田店【5:薬局】熊本県球磨郡あさぎり町免田東１２５３－１" }, "geometry": { "type": "Point", "coordinates": [ 130.896419, 32.237611 ] } },
{ "type": "Feature", "properties": { "ID": 4354300000734, "正式名称": "（有）くすりのエスエス堂きりん本町薬局", "機関区分": 5, "都道府県コード": 43, "市区町村コード": 514, "所在地": "熊本県球磨郡あさぎり町免田東１４９７", "緯度": 32.234595, "経度": 130.893279, "url": "https://www.iryou.teikyouseido.mhlw.go.jp/znk-web/juminkanja/S2430/initialize?prefCd=43&kikanCd=4300000734&kikanKbn=5", "url2": "https://www.ss-dou.jp/index.html", "内容": "（有）くすりのエスエス堂きりん本町薬局【5:薬局】熊本県球磨郡あさぎり町免田東１４９７" }, "geometry": { "type": "Point", "coordinates": [ 130.893279, 32.234595 ] } },
{ "type": "Feature", "properties": { "ID": 4354300000735, "正式名称": "高階誠心堂錦調剤薬局", "機関区分": 5, "都道府県コード": 43, "市区町村コード": 501, "所在地": "熊本県球磨郡錦町一武２１１１", "緯度": 32.199151, "経度": 130.843028, "url": "https://www.iryou.teikyouseido.mhlw.go.jp/znk-web/juminkanja/S2430/initialize?prefCd=43&kikanCd=4300000735&kikanKbn=5", "url2": "http://www.takasinaseisindo-ph.jp/", "内容": "高階誠心堂錦調剤薬局【5:薬局】熊本県球磨郡錦町一武２１１１" }, "geometry": { "type": "Point", "coordinates": [ 130.843028, 32.199151 ] } },
{ "type": "Feature", "properties": { "ID": 4354300000736, "正式名称": "つばめ薬局", "機関区分": 5, "都道府県コード": 43, "市区町村コード": 501, "所在地": "熊本県球磨郡錦町西３６０４－３", "緯度": 32.197236, "経度": 130.828997, "url": "https://www.iryou.teikyouseido.mhlw.go.jp/znk-web/juminkanja/S2430/initialize?prefCd=43&kikanCd=4300000736&kikanKbn=5", "url2": "https://intron.co.jp", "内容": "つばめ薬局【5:薬局】熊本県球磨郡錦町西３６０４－３" }, "geometry": { "type": "Point", "coordinates": [ 130.828997, 32.197236 ] } },
{ "type": "Feature", "properties": { "ID": 4354300000737, "正式名称": "百太郎薬局", "機関区分": 5, "都道府県コード": 43, "市区町村コード": 501, "所在地": "熊本県球磨郡錦町西３６０４－１０５", "緯度": 32.197938, "経度": 130.830718, "url": "https://www.iryou.teikyouseido.mhlw.go.jp/znk-web/juminkanja/S2430/initialize?prefCd=43&kikanCd=4300000737&kikanKbn=5", "url2": "https://www.ss-dou.jp/", "内容": "百太郎薬局【5:薬局】熊本県球磨郡錦町西３６０４－１０５" }, "geometry": { "type": "Point", "coordinates": [ 130.830718, 32.197938 ] } },
{ "type": "Feature", "properties": { "ID": 4354300000738, "正式名称": "クスノキ薬局　桜の里店", "機関区分": 5, "都道府県コード": 43, "市区町村コード": 507, "所在地": "熊本県球磨郡水上村岩野２６７５－４", "緯度": 32.294256, "経度": 130.986069, "url": "https://www.iryou.teikyouseido.mhlw.go.jp/znk-web/juminkanja/S2430/initialize?prefCd=43&kikanCd=4300000738&kikanKbn=5", "url2": null, "内容": "クスノキ薬局　桜の里店【5:薬局】熊本県球磨郡水上村岩野２６７５－４" }, "geometry": { "type": "Point", "coordinates": [ 130.986069, 32.294256 ] } },
{ "type": "Feature", "properties": { "ID": 4354300000739, "正式名称": "合資会社山口薬局・ピーチ店", "機関区分": 5, "都道府県コード": 43, "市区町村コード": 505, "所在地": "熊本県球磨郡多良木町多良木２５９番地１０", "緯度": 32.266483, "経度": 130.943679, "url": "https://www.iryou.teikyouseido.mhlw.go.jp/znk-web/juminkanja/S2430/initialize?prefCd=43&kikanCd=4300000739&kikanKbn=5", "url2": "https://yamaguchi-ph.jimdo.com/", "内容": "合資会社山口薬局・ピーチ店【5:薬局】熊本県球磨郡多良木町多良木２５９番地１０" }, "geometry": { "type": "Point", "coordinates": [ 130.943679, 32.266483 ] } },
{ "type": "Feature", "properties": { "ID": 4354300000740, "正式名称": "きりん薬局原田店", "機関区分": 5, "都道府県コード": 43, "市区町村コード": 505, "所在地": "熊本県球磨郡多良木町大字多良木２８９９", "緯度": 32.256415, "経度": 130.930146, "url": "https://www.iryou.teikyouseido.mhlw.go.jp/znk-web/juminkanja/S2430/initialize?prefCd=43&kikanCd=4300000740&kikanKbn=5", "url2": "https://www.kirin-pharmacy.jp", "内容": "きりん薬局原田店【5:薬局】熊本県球磨郡多良木町大字多良木２８９９" }, "geometry": { "type": "Point", "coordinates": [ 130.930146, 32.256415 ] } },
{ "type": "Feature", "properties": { "ID": 4354300000741, "正式名称": "たらぎ調剤薬局", "機関区分": 5, "都道府県コード": 43, "市区町村コード": 505, "所在地": "熊本県球磨郡多良木町多良木２９０５－４", "緯度": 32.256232, "経度": 130.931901, "url": "https://www.iryou.teikyouseido.mhlw.go.jp/znk-web/juminkanja/S2430/initialize?prefCd=43&kikanCd=4300000741&kikanKbn=5", "url2": "https://www.taragi-phar.com/", "内容": "たらぎ調剤薬局【5:薬局】熊本県球磨郡多良木町多良木２９０５－４" }, "geometry": { "type": "Point", "coordinates": [ 130.931901, 32.256232 ] } },
{ "type": "Feature", "properties": { "ID": 4354300000742, "正式名称": "ユニスマイル薬局　多良木いちご", "機関区分": 5, "都道府県コード": 43, "市区町村コード": 505, "所在地": "熊本県球磨郡多良木町多良木４２４７番地１", "緯度": 32.254153, "経度": 130.924294, "url": "https://www.iryou.teikyouseido.mhlw.go.jp/znk-web/juminkanja/S2430/initialize?prefCd=43&kikanCd=4300000742&kikanKbn=5", "url2": "http://www.unismile.co.jp", "内容": "ユニスマイル薬局　多良木いちご【5:薬局】熊本県球磨郡多良木町多良木４２４７番地１" }, "geometry": { "type": "Point", "coordinates": [ 130.924294, 32.254153 ] } },
{ "type": "Feature", "properties": { "ID": 4354300000743, "正式名称": "清風薬局", "機関区分": 5, "都道府県コード": 43, "市区町村コード": 505, "所在地": "熊本県球磨郡多良木町多良木４２４９", "緯度": 32.254427, "経度": 130.924582, "url": "https://www.iryou.teikyouseido.mhlw.go.jp/znk-web/juminkanja/S2430/initialize?prefCd=43&kikanCd=4300000743&kikanKbn=5", "url2": "https://www.seifu.co.jp/", "内容": "清風薬局【5:薬局】熊本県球磨郡多良木町多良木４２４９" }, "geometry": { "type": "Point", "coordinates": [ 130.924582, 32.254427 ] } },
{ "type": "Feature", "properties": { "ID": 4354300000744, "正式名称": "ひご薬局多良木店", "機関区分": 5, "都道府県コード": 43, "市区町村コード": 505, "所在地": "熊本県球磨郡多良木町字下迫田９６５－１", "緯度": 32.262426, "経度": 130.937536, "url": "https://www.iryou.teikyouseido.mhlw.go.jp/znk-web/juminkanja/S2430/initialize?prefCd=43&kikanCd=4300000744&kikanKbn=5", "url2": null, "内容": "ひご薬局多良木店【5:薬局】熊本県球磨郡多良木町字下迫田９６５－１" }, "geometry": { "type": "Point", "coordinates": [ 130.937536, 32.262426 ] } },
{ "type": "Feature", "properties": { "ID": 4354300000745, "正式名称": "合資会社山口薬局", "機関区分": 5, "都道府県コード": 43, "市区町村コード": 505, "所在地": "熊本県球磨郡多良木町大字多良木６５０番地", "緯度": 32.265421, "経度": 130.940838, "url": "https://www.iryou.teikyouseido.mhlw.go.jp/znk-web/juminkanja/S2430/initialize?prefCd=43&kikanCd=4300000745&kikanKbn=5", "url2": "https://yamaguchi-ph.jimdo.com/", "内容": "合資会社山口薬局【5:薬局】熊本県球磨郡多良木町大字多良木６５０番地" }, "geometry": { "type": "Point", "coordinates": [ 130.940838, 32.265421 ] } },
{ "type": "Feature", "properties": { "ID": 4354300000746, "正式名称": "高階誠心堂たらぎ店", "機関区分": 5, "都道府県コード": 43, "市区町村コード": 505, "所在地": "熊本県球磨郡多良木町多良木", "緯度": 32.266444, "経度": 130.937547, "url": "https://www.iryou.teikyouseido.mhlw.go.jp/znk-web/juminkanja/S2430/initialize?prefCd=43&kikanCd=4300000746&kikanKbn=5", "url2": "http://www.takasinaseisindo-ph.jp/", "内容": "高階誠心堂たらぎ店【5:薬局】熊本県球磨郡多良木町多良木" }, "geometry": { "type": "Point", "coordinates": [ 130.937547, 32.266444 ] } },
{ "type": "Feature", "properties": { "ID": 4354300000747, "正式名称": "清風薬局サンロード湯前店", "機関区分": 5, "都道府県コード": 43, "市区町村コード": 506, "所在地": "熊本県球磨郡湯前町２２１４", "緯度": 32.279966, "経度": 130.985581, "url": "https://www.iryou.teikyouseido.mhlw.go.jp/znk-web/juminkanja/S2430/initialize?prefCd=43&kikanCd=4300000747&kikanKbn=5", "url2": "http://www.seifu.co.jp", "内容": "清風薬局サンロード湯前店【5:薬局】熊本県球磨郡湯前町２２１４" }, "geometry": { "type": "Point", "coordinates": [ 130.985581, 32.279966 ] } },
{ "type": "Feature", "properties": { "ID": 4354300000748, "正式名称": "犬童薬局", "機関区分": 5, "都道府県コード": 43, "市区町村コード": 506, "所在地": "熊本県球磨郡湯前町下里９５２－８", "緯度": 32.28285, "経度": 130.974894, "url": "https://www.iryou.teikyouseido.mhlw.go.jp/znk-web/juminkanja/S2430/initialize?prefCd=43&kikanCd=4300000748&kikanKbn=5", "url2": null, "内容": "犬童薬局【5:薬局】熊本県球磨郡湯前町下里９５２－８" }, "geometry": { "type": "Point", "coordinates": [ 130.974894, 32.28285 ] } },
{ "type": "Feature", "properties": { "ID": 4354300000749, "正式名称": "くま薬局", "機関区分": 5, "都道府県コード": 43, "市区町村コード": 510, "所在地": "熊本県球磨郡相良村川辺１８０６", "緯度": 32.256681, "経度": 130.816746, "url": "https://www.iryou.teikyouseido.mhlw.go.jp/znk-web/juminkanja/S2430/initialize?prefCd=43&kikanCd=4300000749&kikanKbn=5", "url2": null, "内容": "くま薬局【5:薬局】熊本県球磨郡相良村川辺１８０６" }, "geometry": { "type": "Point", "coordinates": [ 130.816746, 32.256681 ] } },
{ "type": "Feature", "properties": { "ID": 4354300000750, "正式名称": "クスノキ薬局　御薬園店", "機関区分": 5, "都道府県コード": 43, "市区町村コード": 203, "所在地": "熊本県人吉市七地町２０－５", "緯度": 32.213614, "経度": 130.773753, "url": "https://www.iryou.teikyouseido.mhlw.go.jp/znk-web/juminkanja/S2430/initialize?prefCd=43&kikanCd=4300000750&kikanKbn=5", "url2": "kkcis.com", "内容": "クスノキ薬局　御薬園店【5:薬局】熊本県人吉市七地町２０－５" }, "geometry": { "type": "Point", "coordinates": [ 130.773753, 32.213614 ] } },
{ "type": "Feature", "properties": { "ID": 4354300000751, "正式名称": "にのまち薬局", "機関区分": 5, "都道府県コード": 43, "市区町村コード": 203, "所在地": "熊本県人吉市二日町５０", "緯度": 32.21543, "経度": 130.763473, "url": "https://www.iryou.teikyouseido.mhlw.go.jp/znk-web/juminkanja/S2430/initialize?prefCd=43&kikanCd=4300000751&kikanKbn=5", "url2": null, "内容": "にのまち薬局【5:薬局】熊本県人吉市二日町５０" }, "geometry": { "type": "Point", "coordinates": [ 130.763473, 32.21543 ] } },
{ "type": "Feature", "properties": { "ID": 4354300000752, "正式名称": "わかば薬局", "機関区分": 5, "都道府県コード": 43, "市区町村コード": 215, "所在地": "熊本県天草市北原町１番１１号", "緯度": 32.46467, "経度": 130.18847, "url": "https://www.iryou.teikyouseido.mhlw.go.jp/znk-web/juminkanja/S2430/initialize?prefCd=43&kikanCd=4300000752&kikanKbn=5", "url2": "https://wakabaph.com", "内容": "わかば薬局【5:薬局】熊本県天草市北原町１番１１号" }, "geometry": { "type": "Point", "coordinates": [ 130.18847, 32.46467 ] } },
{ "type": "Feature", "properties": { "ID": 4354300000753, "正式名称": "あおぞら薬局", "機関区分": 5, "都道府県コード": 43, "市区町村コード": 215, "所在地": "熊本県天草市栄町１１番１０号", "緯度": 32.455188, "経度": 130.192287, "url": "https://www.iryou.teikyouseido.mhlw.go.jp/znk-web/juminkanja/S2430/initialize?prefCd=43&kikanCd=4300000753&kikanKbn=5", "url2": null, "内容": "あおぞら薬局【5:薬局】熊本県天草市栄町１１番１０号" }, "geometry": { "type": "Point", "coordinates": [ 130.192287, 32.455188 ] } },
{ "type": "Feature", "properties": { "ID": 4354300000754, "正式名称": "有限会社　栄町薬局", "機関区分": 5, "都道府県コード": 43, "市区町村コード": 215, "所在地": "熊本県天草市栄町１２‐１５", "緯度": 32.454094, "経度": 130.191538, "url": "https://www.iryou.teikyouseido.mhlw.go.jp/znk-web/juminkanja/S2430/initialize?prefCd=43&kikanCd=4300000754&kikanKbn=5", "url2": "https://www.marinegroup.jp", "内容": "有限会社　栄町薬局【5:薬局】熊本県天草市栄町１２‐１５" }, "geometry": { "type": "Point", "coordinates": [ 130.191538, 32.454094 ] } },
{ "type": "Feature", "properties": { "ID": 4354300000755, "正式名称": "しもうら薬局", "機関区分": 5, "都道府県コード": 43, "市区町村コード": 215, "所在地": "熊本県天草市下浦町字尾戸　２００３－１", "緯度": 32.422092, "経度": 130.22806, "url": "https://www.iryou.teikyouseido.mhlw.go.jp/znk-web/juminkanja/S2430/initialize?prefCd=43&kikanCd=4300000755&kikanKbn=5", "url2": null, "内容": "しもうら薬局【5:薬局】熊本県天草市下浦町字尾戸　２００３－１" }, "geometry": { "type": "Point", "coordinates": [ 130.22806, 32.422092 ] } },
{ "type": "Feature", "properties": { "ID": 4354300000756, "正式名称": "河浦薬局", "機関区分": 5, "都道府県コード": 43, "市区町村コード": 215, "所在地": "熊本県天草市河浦町白木河内２２７番地７", "緯度": 32.3178, "経度": 130.081756, "url": "https://www.iryou.teikyouseido.mhlw.go.jp/znk-web/juminkanja/S2430/initialize?prefCd=43&kikanCd=4300000756&kikanKbn=5", "url2": "http://www.kiyama-drug.com/", "内容": "河浦薬局【5:薬局】熊本県天草市河浦町白木河内２２７番地７" }, "geometry": { "type": "Point", "coordinates": [ 130.081756, 32.3178 ] } },
{ "type": "Feature", "properties": { "ID": 4354300000758, "正式名称": "エーピー薬局", "機関区分": 5, "都道府県コード": 43, "市区町村コード": 215, "所在地": "熊本県天草市亀場町亀川１６９３番地２号", "緯度": 32.441758, "経度": 130.196531, "url": "https://www.iryou.teikyouseido.mhlw.go.jp/znk-web/juminkanja/S2430/initialize?prefCd=43&kikanCd=4300000758&kikanKbn=5", "url2": "http://www.ap-pharmacy.com", "内容": "エーピー薬局【5:薬局】熊本県天草市亀場町亀川１６９３番地２号" }, "geometry": { "type": "Point", "coordinates": [ 130.196531, 32.441758 ] } },
{ "type": "Feature", "properties": { "ID": 4354300000759, "正式名称": "デイ薬局", "機関区分": 5, "都道府県コード": 43, "市区町村コード": 215, "所在地": "熊本県天草市亀場町食場８５２－３", "緯度": 32.433472, "経度": 130.180803, "url": "https://www.iryou.teikyouseido.mhlw.go.jp/znk-web/juminkanja/S2430/initialize?prefCd=43&kikanCd=4300000759&kikanKbn=5", "url2": "http://amakusadispensarycontent.kataranna.com/", "内容": "デイ薬局【5:薬局】熊本県天草市亀場町食場８５２－３" }, "geometry": { "type": "Point", "coordinates": [ 130.180803, 32.433472 ] } },
{ "type": "Feature", "properties": { "ID": 4354300000760, "正式名称": "久玉薬局", "機関区分": 5, "都道府県コード": 43, "市区町村コード": 215, "所在地": "熊本県天草市久玉町１４１１番地１８８", "緯度": 32.216239, "経度": 130.031275, "url": "https://www.iryou.teikyouseido.mhlw.go.jp/znk-web/juminkanja/S2430/initialize?prefCd=43&kikanCd=4300000760&kikanKbn=5", "url2": "http://www.kiyama-drug.com/", "内容": "久玉薬局【5:薬局】熊本県天草市久玉町１４１１番地１８８" }, "geometry": { "type": "Point", "coordinates": [ 130.031275, 32.216239 ] } },
{ "type": "Feature", "properties": { "ID": 4354300000761, "正式名称": "海浜総合薬局", "機関区分": 5, "都道府県コード": 43, "市区町村コード": 215, "所在地": "熊本県天草市久玉町５７０４番地５", "緯度": 32.203193, "経度": 130.031008, "url": "https://www.iryou.teikyouseido.mhlw.go.jp/znk-web/juminkanja/S2430/initialize?prefCd=43&kikanCd=4300000761&kikanKbn=5", "url2": "https://skycreate-gloup.com/", "内容": "海浜総合薬局【5:薬局】熊本県天草市久玉町５７０４番地５" }, "geometry": { "type": "Point", "coordinates": [ 130.031008, 32.203193 ] } },
{ "type": "Feature", "properties": { "ID": 4354300000762, "正式名称": "うしぶか調剤薬局", "機関区分": 5, "都道府県コード": 43, "市区町村コード": 215, "所在地": "熊本県天草市久玉町５７１６－１７", "緯度": 32.213674, "経度": 130.027616, "url": "https://www.iryou.teikyouseido.mhlw.go.jp/znk-web/juminkanja/S2430/initialize?prefCd=43&kikanCd=4300000762&kikanKbn=5", "url2": "http://www.e-classa.net/ushibuka/#", "内容": "うしぶか調剤薬局【5:薬局】熊本県天草市久玉町５７１６－１７" }, "geometry": { "type": "Point", "coordinates": [ 130.027616, 32.213674 ] } },
{ "type": "Feature", "properties": { "ID": 4354300000763, "正式名称": "ハート薬局牛深店", "機関区分": 5, "都道府県コード": 43, "市区町村コード": 215, "所在地": "熊本県天草市牛深町１４９８－３８", "緯度": 32.202457, "経度": 130.031084, "url": "https://www.iryou.teikyouseido.mhlw.go.jp/znk-web/juminkanja/S2430/initialize?prefCd=43&kikanCd=4300000763&kikanKbn=5", "url2": "http://www.kiyama-drug.com/", "内容": "ハート薬局牛深店【5:薬局】熊本県天草市牛深町１４９８－３８" }, "geometry": { "type": "Point", "coordinates": [ 130.031084, 32.202457 ] } },
{ "type": "Feature", "properties": { "ID": 4354300000764, "正式名称": "マリーン薬局", "機関区分": 5, "都道府県コード": 43, "市区町村コード": 215, "所在地": "熊本県天草市牛深町１５５１－６９", "緯度": 32.213314, "経度": 130.008931, "url": "https://www.iryou.teikyouseido.mhlw.go.jp/znk-web/juminkanja/S2430/initialize?prefCd=43&kikanCd=4300000764&kikanKbn=5", "url2": null, "内容": "マリーン薬局【5:薬局】熊本県天草市牛深町１５５１－６９" }, "geometry": { "type": "Point", "coordinates": [ 130.008931, 32.213314 ] } },
{ "type": "Feature", "properties": { "ID": 4354300000765, "正式名称": "あい薬局", "機関区分": 5, "都道府県コード": 43, "市区町村コード": 215, "所在地": "熊本県天草市牛深町３０５２番地２", "緯度": 32.194077, "経度": 130.017465, "url": "https://www.iryou.teikyouseido.mhlw.go.jp/znk-web/juminkanja/S2430/initialize?prefCd=43&kikanCd=4300000765&kikanKbn=5", "url2": null, "内容": "あい薬局【5:薬局】熊本県天草市牛深町３０５２番地２" }, "geometry": { "type": "Point", "coordinates": [ 130.017465, 32.194077 ] } },
{ "type": "Feature", "properties": { "ID": 4354300000766, "正式名称": "アーチ薬局", "機関区分": 5, "都道府県コード": 43, "市区町村コード": 215, "所在地": "熊本県天草市五和町城河原３丁目４０１", "緯度": 32.502908, "経度": 130.149322, "url": "https://www.iryou.teikyouseido.mhlw.go.jp/znk-web/juminkanja/S2430/initialize?prefCd=43&kikanCd=4300000766&kikanKbn=5", "url2": null, "内容": "アーチ薬局【5:薬局】熊本県天草市五和町城河原３丁目４０１" }, "geometry": { "type": "Point", "coordinates": [ 130.149322, 32.502908 ] } },
{ "type": "Feature", "properties": { "ID": 4354300000767, "正式名称": "イルカ薬局", "機関区分": 5, "都道府県コード": 43, "市区町村コード": 215, "所在地": "熊本県天草市五和町二江１４７７－７３", "緯度": 32.542763, "経度": 130.135507, "url": "https://www.iryou.teikyouseido.mhlw.go.jp/znk-web/juminkanja/S2430/initialize?prefCd=43&kikanCd=4300000767&kikanKbn=5", "url2": null, "内容": "イルカ薬局【5:薬局】熊本県天草市五和町二江１４７７－７３" }, "geometry": { "type": "Point", "coordinates": [ 130.135507, 32.542763 ] } },
{ "type": "Feature", "properties": { "ID": 4354300000768, "正式名称": "ふれんず薬局", "機関区分": 5, "都道府県コード": 43, "市区町村コード": 215, "所在地": "熊本県天草市五和町二江４４８８－２４", "緯度": 32.545425, "経度": 130.120172, "url": "https://www.iryou.teikyouseido.mhlw.go.jp/znk-web/juminkanja/S2430/initialize?prefCd=43&kikanCd=4300000768&kikanKbn=5", "url2": null, "内容": "ふれんず薬局【5:薬局】熊本県天草市五和町二江４４８８－２４" }, "geometry": { "type": "Point", "coordinates": [ 130.120172, 32.545425 ] } },
{ "type": "Feature", "properties": { "ID": 4354300000769, "正式名称": "御所浦薬局", "機関区分": 5, "都道府県コード": 43, "市区町村コード": 215, "所在地": "熊本県天草市御所浦町御所浦２０８１番地１３", "緯度": 32.33767, "経度": 130.34617, "url": "https://www.iryou.teikyouseido.mhlw.go.jp/znk-web/juminkanja/S2430/initialize?prefCd=43&kikanCd=4300000769&kikanKbn=5", "url2": "http://www.kiyama-drug.com/", "内容": "御所浦薬局【5:薬局】熊本県天草市御所浦町御所浦２０８１番地１３" }, "geometry": { "type": "Point", "coordinates": [ 130.34617, 32.33767 ] } },
{ "type": "Feature", "properties": { "ID": 4354300000770, "正式名称": "港町調剤薬局", "機関区分": 5, "都道府県コード": 43, "市区町村コード": 215, "所在地": "熊本県天草市港町１６－１１", "緯度": 32.45539, "経度": 130.195923, "url": "https://www.iryou.teikyouseido.mhlw.go.jp/znk-web/juminkanja/S2430/initialize?prefCd=43&kikanCd=4300000770&kikanKbn=5", "url2": null, "内容": "港町調剤薬局【5:薬局】熊本県天草市港町１６－１１" }, "geometry": { "type": "Point", "coordinates": [ 130.195923, 32.45539 ] } },
{ "type": "Feature", "properties": { "ID": 4354300000771, "正式名称": "有限会社ハート薬局", "機関区分": 5, "都道府県コード": 43, "市区町村コード": 215, "所在地": "熊本県天草市今釜新町３４１３－１", "緯度": 32.460364, "経度": 130.193947, "url": "https://www.iryou.teikyouseido.mhlw.go.jp/znk-web/juminkanja/S2430/initialize?prefCd=43&kikanCd=4300000771&kikanKbn=5", "url2": "http://www.kiyama-drug.com/", "内容": "有限会社ハート薬局【5:薬局】熊本県天草市今釜新町３４１３－１" }, "geometry": { "type": "Point", "coordinates": [ 130.193947, 32.460364 ] } },
{ "type": "Feature", "properties": { "ID": 4354300000772, "正式名称": "オリーブ薬局", "機関区分": 5, "都道府県コード": 43, "市区町村コード": 215, "所在地": "熊本県天草市今釜町７－３２", "緯度": 32.461972, "経度": 130.194192, "url": "https://www.iryou.teikyouseido.mhlw.go.jp/znk-web/juminkanja/S2430/initialize?prefCd=43&kikanCd=4300000772&kikanKbn=5", "url2": "http://www.kiyama-drug.com/", "内容": "オリーブ薬局【5:薬局】熊本県天草市今釜町７－３２" }, "geometry": { "type": "Point", "coordinates": [ 130.194192, 32.461972 ] } },
{ "type": "Feature", "properties": { "ID": 4354300000773, "正式名称": "エザキ三方堂薬局", "機関区分": 5, "都道府県コード": 43, "市区町村コード": 215, "所在地": "熊本県天草市志柿町５６７６－２", "緯度": 32.439019, "経度": 130.210283, "url": "https://www.iryou.teikyouseido.mhlw.go.jp/znk-web/juminkanja/S2430/initialize?prefCd=43&kikanCd=4300000773&kikanKbn=5", "url2": null, "内容": "エザキ三方堂薬局【5:薬局】熊本県天草市志柿町５６７６－２" }, "geometry": { "type": "Point", "coordinates": [ 130.210283, 32.439019 ] } },
{ "type": "Feature", "properties": { "ID": 4354300000774, "正式名称": "シンワ薬局", "機関区分": 5, "都道府県コード": 43, "市区町村コード": 215, "所在地": "熊本県天草市新和町小宮地７６３－１０", "緯度": 32.369775, "経度": 130.186972, "url": "https://www.iryou.teikyouseido.mhlw.go.jp/znk-web/juminkanja/S2430/initialize?prefCd=43&kikanCd=4300000774&kikanKbn=5", "url2": "http://amakusadispensarybase.kataranna.com/", "内容": "シンワ薬局【5:薬局】熊本県天草市新和町小宮地７６３－１０" }, "geometry": { "type": "Point", "coordinates": [ 130.186972, 32.369775 ] } },
{ "type": "Feature", "properties": { "ID": 4354300000775, "正式名称": "スモト薬局", "機関区分": 5, "都道府県コード": 43, "市区町村コード": 215, "所在地": "熊本県天草市栖本町湯船原７６８−２０", "緯度": 32.416369, "経度": 130.272864, "url": "https://www.iryou.teikyouseido.mhlw.go.jp/znk-web/juminkanja/S2430/initialize?prefCd=43&kikanCd=4300000775&kikanKbn=5", "url2": "https://ap-pharmacy.com", "内容": "スモト薬局【5:薬局】熊本県天草市栖本町湯船原７６８−２０" }, "geometry": { "type": "Point", "coordinates": [ 130.272864, 32.416369 ] } },
{ "type": "Feature", "properties": { "ID": 4354300000776, "正式名称": "しらす薬局", "機関区分": 5, "都道府県コード": 43, "市区町村コード": 215, "所在地": "熊本県天草市栖本町馬場２５７２－４０", "緯度": 32.416133, "経度": 130.264811, "url": "https://www.iryou.teikyouseido.mhlw.go.jp/znk-web/juminkanja/S2430/initialize?prefCd=43&kikanCd=4300000776&kikanKbn=5", "url2": null, "内容": "しらす薬局【5:薬局】熊本県天草市栖本町馬場２５７２－４０" }, "geometry": { "type": "Point", "coordinates": [ 130.264811, 32.416133 ] } },
{ "type": "Feature", "properties": { "ID": 4354300000777, "正式名称": "有限会社　江崎薬局", "機関区分": 5, "都道府県コード": 43, "市区町村コード": 215, "所在地": "熊本県天草市太田町６－１", "緯度": 32.451886, "経度": 130.196219, "url": "https://www.iryou.teikyouseido.mhlw.go.jp/znk-web/juminkanja/S2430/initialize?prefCd=43&kikanCd=4300000777&kikanKbn=5", "url2": null, "内容": "有限会社　江崎薬局【5:薬局】熊本県天草市太田町６－１" }, "geometry": { "type": "Point", "coordinates": [ 130.196219, 32.451886 ] } },
{ "type": "Feature", "properties": { "ID": 4354300000778, "正式名称": "しろはと薬局", "機関区分": 5, "都道府県コード": 43, "市区町村コード": 215, "所在地": "熊本県天草市太田町７－６", "緯度": 32.450853, "経度": 130.19675, "url": "https://www.iryou.teikyouseido.mhlw.go.jp/znk-web/juminkanja/S2430/initialize?prefCd=43&kikanCd=4300000778&kikanKbn=5", "url2": null, "内容": "しろはと薬局【5:薬局】熊本県天草市太田町７－６" }, "geometry": { "type": "Point", "coordinates": [ 130.19675, 32.450853 ] } },
{ "type": "Feature", "properties": { "ID": 4354300000779, "正式名称": "すばる薬局", "機関区分": 5, "都道府県コード": 43, "市区町村コード": 215, "所在地": "熊本県天草市大浜町３－３５", "緯度": 32.460133, "経度": 130.190125, "url": "https://www.iryou.teikyouseido.mhlw.go.jp/znk-web/juminkanja/S2430/initialize?prefCd=43&kikanCd=4300000779&kikanKbn=5", "url2": null, "内容": "すばる薬局【5:薬局】熊本県天草市大浜町３－３５" }, "geometry": { "type": "Point", "coordinates": [ 130.190125, 32.460133 ] } },
{ "type": "Feature", "properties": { "ID": 4354300000780, "正式名称": "ファイン薬局", "機関区分": 5, "都道府県コード": 43, "市区町村コード": 215, "所在地": "熊本県天草市大浜町８－８", "緯度": 32.458528, "経度": 130.190306, "url": "https://www.iryou.teikyouseido.mhlw.go.jp/znk-web/juminkanja/S2430/initialize?prefCd=43&kikanCd=4300000780&kikanKbn=5", "url2": null, "内容": "ファイン薬局【5:薬局】熊本県天草市大浜町８－８" }, "geometry": { "type": "Point", "coordinates": [ 130.190306, 32.458528 ] } },
{ "type": "Feature", "properties": { "ID": 4354300000781, "正式名称": "アクア薬局", "機関区分": 5, "都道府県コード": 43, "市区町村コード": 215, "所在地": "熊本県天草市中村町３７", "緯度": 32.470486, "経度": 130.187067, "url": "https://www.iryou.teikyouseido.mhlw.go.jp/znk-web/juminkanja/S2430/initialize?prefCd=43&kikanCd=4300000781&kikanKbn=5", "url2": null, "内容": "アクア薬局【5:薬局】熊本県天草市中村町３７" }, "geometry": { "type": "Point", "coordinates": [ 130.187067, 32.470486 ] } },
{ "type": "Feature", "properties": { "ID": 4354300000782, "正式名称": "ほっと薬局", "機関区分": 5, "都道府県コード": 43, "市区町村コード": 215, "所在地": "熊本県天草市東町１０７－２", "緯度": 32.449175, "経度": 130.200814, "url": "https://www.iryou.teikyouseido.mhlw.go.jp/znk-web/juminkanja/S2430/initialize?prefCd=43&kikanCd=4300000782&kikanKbn=5", "url2": null, "内容": "ほっと薬局【5:薬局】熊本県天草市東町１０７－２" }, "geometry": { "type": "Point", "coordinates": [ 130.200814, 32.449175 ] } },
{ "type": "Feature", "properties": { "ID": 4354300000783, "正式名称": "東町調剤薬局", "機関区分": 5, "都道府県コード": 43, "市区町村コード": 215, "所在地": "熊本県天草市東町８５番地", "緯度": 32.450034, "経度": 130.20039, "url": "https://www.iryou.teikyouseido.mhlw.go.jp/znk-web/juminkanja/S2430/initialize?prefCd=43&kikanCd=4300000783&kikanKbn=5", "url2": "http://amakusadispensarycontent.kataranna.com/", "内容": "東町調剤薬局【5:薬局】熊本県天草市東町８５番地" }, "geometry": { "type": "Point", "coordinates": [ 130.20039, 32.450034 ] } },
{ "type": "Feature", "properties": { "ID": 4354300000784, "正式名称": "きたおか薬局", "機関区分": 5, "都道府県コード": 43, "市区町村コード": 215, "所在地": "熊本県天草市東浜町１２－１", "緯度": 32.458104, "経度": 130.191776, "url": "https://www.iryou.teikyouseido.mhlw.go.jp/znk-web/juminkanja/S2430/initialize?prefCd=43&kikanCd=4300000784&kikanKbn=5", "url2": null, "内容": "きたおか薬局【5:薬局】熊本県天草市東浜町１２－１" }, "geometry": { "type": "Point", "coordinates": [ 130.191776, 32.458104 ] } },
{ "type": "Feature", "properties": { "ID": 4354300000785, "正式名称": "ほんど調剤薬局", "機関区分": 5, "都道府県コード": 43, "市区町村コード": 215, "所在地": "熊本県天草市南新町３番地の１", "緯度": 32.454263, "経度": 130.193252, "url": "https://www.iryou.teikyouseido.mhlw.go.jp/znk-web/juminkanja/S2430/initialize?prefCd=43&kikanCd=4300000785&kikanKbn=5", "url2": null, "内容": "ほんど調剤薬局【5:薬局】熊本県天草市南新町３番地の１" }, "geometry": { "type": "Point", "coordinates": [ 130.193252, 32.454263 ] } },
{ "type": "Feature", "properties": { "ID": 4354300000786, "正式名称": "南新町薬局", "機関区分": 5, "都道府県コード": 43, "市区町村コード": 215, "所在地": "熊本県天草市南新町４－１３", "緯度": 32.452848, "経度": 130.194215, "url": "https://www.iryou.teikyouseido.mhlw.go.jp/znk-web/juminkanja/S2430/initialize?prefCd=43&kikanCd=4300000786&kikanKbn=5", "url2": null, "内容": "南新町薬局【5:薬局】熊本県天草市南新町４－１３" }, "geometry": { "type": "Point", "coordinates": [ 130.194215, 32.452848 ] } },
{ "type": "Feature", "properties": { "ID": 4354300000787, "正式名称": "センター薬局", "機関区分": 5, "都道府県コード": 43, "市区町村コード": 215, "所在地": "熊本県天草市南新町７－１５ぱさーじゅ南１Ｆ", "緯度": 32.453739, "経度": 130.195817, "url": "https://www.iryou.teikyouseido.mhlw.go.jp/znk-web/juminkanja/S2430/initialize?prefCd=43&kikanCd=4300000787&kikanKbn=5", "url2": null, "内容": "センター薬局【5:薬局】熊本県天草市南新町７－１５ぱさーじゅ南１Ｆ" }, "geometry": { "type": "Point", "coordinates": [ 130.195817, 32.453739 ] } },
{ "type": "Feature", "properties": { "ID": 4354300000788, "正式名称": "くすうら薬局", "機関区分": 5, "都道府県コード": 43, "市区町村コード": 215, "所在地": "熊本県天草市楠浦町　２７８－１", "緯度": 32.422792, "経度": 130.207189, "url": "https://www.iryou.teikyouseido.mhlw.go.jp/znk-web/juminkanja/S2430/initialize?prefCd=43&kikanCd=4300000788&kikanKbn=5", "url2": null, "内容": "くすうら薬局【5:薬局】熊本県天草市楠浦町　２７８－１" }, "geometry": { "type": "Point", "coordinates": [ 130.207189, 32.422792 ] } },
{ "type": "Feature", "properties": { "ID": 4354300000789, "正式名称": "木山薬局北部店", "機関区分": 5, "都道府県コード": 43, "市区町村コード": 215, "所在地": "熊本県天草市八幡町１番１号", "緯度": 32.465186, "経度": 130.189375, "url": "https://www.iryou.teikyouseido.mhlw.go.jp/znk-web/juminkanja/S2430/initialize?prefCd=43&kikanCd=4300000789&kikanKbn=5", "url2": "http://www.kiyama-drug.com/", "内容": "木山薬局北部店【5:薬局】熊本県天草市八幡町１番１号" }, "geometry": { "type": "Point", "coordinates": [ 130.189375, 32.465186 ] } },
{ "type": "Feature", "properties": { "ID": 4354300000790, "正式名称": "ココ薬局", "機関区分": 5, "都道府県コード": 43, "市区町村コード": 215, "所在地": "熊本県天草市八幡町７６－１", "緯度": 32.465569, "経度": 130.19119, "url": "https://www.iryou.teikyouseido.mhlw.go.jp/znk-web/juminkanja/S2430/initialize?prefCd=43&kikanCd=4300000790&kikanKbn=5", "url2": null, "内容": "ココ薬局【5:薬局】熊本県天草市八幡町７６－１" }, "geometry": { "type": "Point", "coordinates": [ 130.19119, 32.465569 ] } },
{ "type": "Feature", "properties": { "ID": 4354300000791, "正式名称": "ほんど北薬局", "機関区分": 5, "都道府県コード": 43, "市区町村コード": 215, "所在地": "熊本県天草市八幡町７番２５号", "緯度": 32.4666, "経度": 130.188836, "url": "https://www.iryou.teikyouseido.mhlw.go.jp/znk-web/juminkanja/S2430/initialize?prefCd=43&kikanCd=4300000791&kikanKbn=5", "url2": "https://ap-pharmacy.com", "内容": "ほんど北薬局【5:薬局】熊本県天草市八幡町７番２５号" }, "geometry": { "type": "Point", "coordinates": [ 130.188836, 32.4666 ] } },
{ "type": "Feature", "properties": { "ID": 4354300000792, "正式名称": "ひまわり薬局", "機関区分": 5, "都道府県コード": 43, "市区町村コード": 215, "所在地": "熊本県天草市本町下河内８７５－４", "緯度": 32.472881, "経度": 130.164967, "url": "https://www.iryou.teikyouseido.mhlw.go.jp/znk-web/juminkanja/S2430/initialize?prefCd=43&kikanCd=4300000792&kikanKbn=5", "url2": null, "内容": "ひまわり薬局【5:薬局】熊本県天草市本町下河内８７５－４" }, "geometry": { "type": "Point", "coordinates": [ 130.164967, 32.472881 ] } },
{ "type": "Feature", "properties": { "ID": 4354300000793, "正式名称": "あまくさ薬局", "機関区分": 5, "都道府県コード": 43, "市区町村コード": 215, "所在地": "熊本県天草市本渡町広瀬５－１２３", "緯度": 32.465586, "経度": 130.20051, "url": "https://www.iryou.teikyouseido.mhlw.go.jp/znk-web/juminkanja/S2430/initialize?prefCd=43&kikanCd=4300000793&kikanKbn=5", "url2": null, "内容": "あまくさ薬局【5:薬局】熊本県天草市本渡町広瀬５－１２３" }, "geometry": { "type": "Point", "coordinates": [ 130.20051, 32.465586 ] } },
{ "type": "Feature", "properties": { "ID": 4354300000794, "正式名称": "（有）ゆう薬局", "機関区分": 5, "都道府県コード": 43, "市区町村コード": 215, "所在地": "熊本県天草市本渡町本戸馬場２１２５－４", "緯度": 32.470568, "経度": 130.177799, "url": "https://www.iryou.teikyouseido.mhlw.go.jp/znk-web/juminkanja/S2430/initialize?prefCd=43&kikanCd=4300000794&kikanKbn=5", "url2": null, "内容": "（有）ゆう薬局【5:薬局】熊本県天草市本渡町本戸馬場２１２５－４" }, "geometry": { "type": "Point", "coordinates": [ 130.177799, 32.470568 ] } },
{ "type": "Feature", "properties": { "ID": 4354300000795, "正式名称": "コジマ薬局", "機関区分": 5, "都道府県コード": 43, "市区町村コード": 212, "所在地": "熊本県上天草市松島町阿村５０７２番１４", "緯度": 32.520508, "経度": 130.433694, "url": "https://www.iryou.teikyouseido.mhlw.go.jp/znk-web/juminkanja/S2430/initialize?prefCd=43&kikanCd=4300000795&kikanKbn=5", "url2": null, "内容": "コジマ薬局【5:薬局】熊本県上天草市松島町阿村５０７２番１４" }, "geometry": { "type": "Point", "coordinates": [ 130.433694, 32.520508 ] } },
{ "type": "Feature", "properties": { "ID": 4354300000796, "正式名称": "くらしの薬局　阿村店", "機関区分": 5, "都道府県コード": 43, "市区町村コード": 212, "所在地": "熊本県上天草市松島町阿村　８０４ー６", "緯度": 32.518166, "経度": 130.448668, "url": "https://www.iryou.teikyouseido.mhlw.go.jp/znk-web/juminkanja/S2430/initialize?prefCd=43&kikanCd=4300000796&kikanKbn=5", "url2": "https://www.kurashinopharmacy.com/", "内容": "くらしの薬局　阿村店【5:薬局】熊本県上天草市松島町阿村　８０４ー６" }, "geometry": { "type": "Point", "coordinates": [ 130.448668, 32.518166 ] } },
{ "type": "Feature", "properties": { "ID": 4354300000797, "正式名称": "はまゆう薬局", "機関区分": 5, "都道府県コード": 43, "市区町村コード": 212, "所在地": "熊本県上天草市大矢野町上１５０７－２", "緯度": 32.586617, "経度": 130.429867, "url": "https://www.iryou.teikyouseido.mhlw.go.jp/znk-web/juminkanja/S2430/initialize?prefCd=43&kikanCd=4300000797&kikanKbn=5", "url2": null, "内容": "はまゆう薬局【5:薬局】熊本県上天草市大矢野町上１５０７－２" }, "geometry": { "type": "Point", "coordinates": [ 130.429867, 32.586617 ] } },
{ "type": "Feature", "properties": { "ID": 4354300000798, "正式名称": "カミタニ薬局", "機関区分": 5, "都道府県コード": 43, "市区町村コード": 212, "所在地": "熊本県上天草市大矢野町上", "緯度": 32.585458, "経度": 130.419257, "url": "https://www.iryou.teikyouseido.mhlw.go.jp/znk-web/juminkanja/S2430/initialize?prefCd=43&kikanCd=4300000798&kikanKbn=5", "url2": "https://ap-pharmacy.com", "内容": "カミタニ薬局【5:薬局】熊本県上天草市大矢野町上" }, "geometry": { "type": "Point", "coordinates": [ 130.419257, 32.585458 ] } },
{ "type": "Feature", "properties": { "ID": 4354300000800, "正式名称": "くらしの薬局　中店", "機関区分": 5, "都道府県コード": 43, "市区町村コード": 212, "所在地": "熊本県上天草市大矢野町中８２９２－７", "緯度": 32.556967, "経度": 130.440231, "url": "https://www.iryou.teikyouseido.mhlw.go.jp/znk-web/juminkanja/S2430/initialize?prefCd=43&kikanCd=4300000800&kikanKbn=5", "url2": "https://www.kurashinopharmacy.com/", "内容": "くらしの薬局　中店【5:薬局】熊本県上天草市大矢野町中８２９２－７" }, "geometry": { "type": "Point", "coordinates": [ 130.440231, 32.556967 ] } },
{ "type": "Feature", "properties": { "ID": 4354300000802, "正式名称": "オイシ薬局", "機関区分": 5, "都道府県コード": 43, "市区町村コード": 212, "所在地": "熊本県上天草市大矢野町登立９１４５－３", "緯度": 32.590522, "経度": 130.432706, "url": "https://www.iryou.teikyouseido.mhlw.go.jp/znk-web/juminkanja/S2430/initialize?prefCd=43&kikanCd=4300000802&kikanKbn=5", "url2": null, "内容": "オイシ薬局【5:薬局】熊本県上天草市大矢野町登立９１４５－３" }, "geometry": { "type": "Point", "coordinates": [ 130.432706, 32.590522 ] } },
{ "type": "Feature", "properties": { "ID": 4354300000803, "正式名称": "登立調剤薬局", "機関区分": 5, "都道府県コード": 43, "市区町村コード": 212, "所在地": "熊本県上天草市大矢野町登立９６１６－１５", "緯度": 32.586591, "経度": 130.431039, "url": "https://www.iryou.teikyouseido.mhlw.go.jp/znk-web/juminkanja/S2430/initialize?prefCd=43&kikanCd=4300000803&kikanKbn=5", "url2": null, "内容": "登立調剤薬局【5:薬局】熊本県上天草市大矢野町登立９６１６－１５" }, "geometry": { "type": "Point", "coordinates": [ 130.431039, 32.586591 ] } },
{ "type": "Feature", "properties": { "ID": 4354300000804, "正式名称": "くらしの薬局", "機関区分": 5, "都道府県コード": 43, "市区町村コード": 212, "所在地": "熊本県上天草市姫戸町姫浦２５２８－３", "緯度": 32.439594, "経度": 130.408728, "url": "https://www.iryou.teikyouseido.mhlw.go.jp/znk-web/juminkanja/S2430/initialize?prefCd=43&kikanCd=4300000804&kikanKbn=5", "url2": "https://www.kurashinopharmacy.com/", "内容": "くらしの薬局【5:薬局】熊本県上天草市姫戸町姫浦２５２８－３" }, "geometry": { "type": "Point", "coordinates": [ 130.408728, 32.439594 ] } },
{ "type": "Feature", "properties": { "ID": 4354300000806, "正式名称": "有限会社カミシマ薬局", "機関区分": 5, "都道府県コード": 43, "市区町村コード": 212, "所在地": "熊本県上天草市龍ケ岳町高戸１４２７", "緯度": 32.394144, "経度": 130.390985, "url": "https://www.iryou.teikyouseido.mhlw.go.jp/znk-web/juminkanja/S2430/initialize?prefCd=43&kikanCd=4300000806&kikanKbn=5", "url2": null, "内容": "有限会社カミシマ薬局【5:薬局】熊本県上天草市龍ケ岳町高戸１４２７" }, "geometry": { "type": "Point", "coordinates": [ 130.390985, 32.394144 ] } },
{ "type": "Feature", "properties": { "ID": 4354300000807, "正式名称": "あすなろ薬局", "機関区分": 5, "都道府県コード": 43, "市区町村コード": 212, "所在地": "熊本県上天草市龍ケ岳町高戸２０９５番地５２", "緯度": 32.40213, "経度": 130.40172, "url": "https://www.iryou.teikyouseido.mhlw.go.jp/znk-web/juminkanja/S2430/initialize?prefCd=43&kikanCd=4300000807&kikanKbn=5", "url2": null, "内容": "あすなろ薬局【5:薬局】熊本県上天草市龍ケ岳町高戸２０９５番地５２" }, "geometry": { "type": "Point", "coordinates": [ 130.40172, 32.40213 ] } },
{ "type": "Feature", "properties": { "ID": 4354300000808, "正式名称": "あべ薬局", "機関区分": 5, "都道府県コード": 43, "市区町村コード": 531, "所在地": "熊本県天草郡苓北町上津深江２７９－４", "緯度": 32.51645, "経度": 130.068647, "url": "https://www.iryou.teikyouseido.mhlw.go.jp/znk-web/juminkanja/S2430/initialize?prefCd=43&kikanCd=4300000808&kikanKbn=5", "url2": null, "内容": "あべ薬局【5:薬局】熊本県天草郡苓北町上津深江２７９－４" }, "geometry": { "type": "Point", "coordinates": [ 130.068647, 32.51645 ] } },
{ "type": "Feature", "properties": { "ID": 4354300000809, "正式名称": "株式会社　苓北薬局", "機関区分": 5, "都道府県コード": 43, "市区町村コード": 531, "所在地": "熊本県天草郡苓北町富岡３２８１", "緯度": 32.51226, "経度": 130.039096, "url": "https://www.iryou.teikyouseido.mhlw.go.jp/znk-web/juminkanja/S2430/initialize?prefCd=43&kikanCd=4300000809&kikanKbn=5", "url2": null, "内容": "株式会社　苓北薬局【5:薬局】熊本県天草郡苓北町富岡３２８１" }, "geometry": { "type": "Point", "coordinates": [ 130.039096, 32.51226 ] } },
{ "type": "Feature", "properties": { "ID": 4354300000810, "正式名称": "株式会社サイカイ薬局", "機関区分": 5, "都道府県コード": 43, "市区町村コード": 531, "所在地": "熊本県天草郡苓北町富岡３５９７－１７", "緯度": 32.511883, "経度": 130.041067, "url": "https://www.iryou.teikyouseido.mhlw.go.jp/znk-web/juminkanja/S2430/initialize?prefCd=43&kikanCd=4300000810&kikanKbn=5", "url2": null, "内容": "株式会社サイカイ薬局【5:薬局】熊本県天草郡苓北町富岡３５９７－１７" }, "geometry": { "type": "Point", "coordinates": [ 130.041067, 32.511883 ] } },
{ "type": "Feature", "properties": { "ID": 4354300000811, "正式名称": "株式会社亀川薬局", "機関区分": 5, "都道府県コード": 43, "市区町村コード": 215, "所在地": "熊本県天草市亀場町亀川１６８１番地１", "緯度": 32.440524, "経度": 130.197032, "url": "https://www.iryou.teikyouseido.mhlw.go.jp/znk-web/juminkanja/S2430/initialize?prefCd=43&kikanCd=4300000811&kikanKbn=5", "url2": null, "内容": "株式会社亀川薬局【5:薬局】熊本県天草市亀場町亀川１６８１番地１" }, "geometry": { "type": "Point", "coordinates": [ 130.197032, 32.440524 ] } },
{ "type": "Feature", "properties": { "ID": 4354300000812, "正式名称": "新生堂薬局　田井島店", "機関区分": 5, "都道府県コード": 43, "市区町村コード": 104, "所在地": "熊本県熊本市南区田井島二丁目３番４３号", "緯度": 32.765958, "経度": 130.719956, "url": "https://www.iryou.teikyouseido.mhlw.go.jp/znk-web/juminkanja/S2430/initialize?prefCd=43&kikanCd=4300000812&kikanKbn=5", "url2": "https://sinseido-co.jp/", "内容": "新生堂薬局　田井島店【5:薬局】熊本県熊本市南区田井島二丁目３番４３号" }, "geometry": { "type": "Point", "coordinates": [ 130.719956, 32.765958 ] } },
{ "type": "Feature", "properties": { "ID": 4354300000813, "正式名称": "新生堂薬局　国府店", "機関区分": 5, "都道府県コード": 43, "市区町村コード": 101, "所在地": "熊本県熊本市中央区国府本町８番５号", "緯度": 32.786547, "経度": 130.722433, "url": "https://www.iryou.teikyouseido.mhlw.go.jp/znk-web/juminkanja/S2430/initialize?prefCd=43&kikanCd=4300000813&kikanKbn=5", "url2": "https://sinseido-co.jp/", "内容": "新生堂薬局　国府店【5:薬局】熊本県熊本市中央区国府本町８番５号" }, "geometry": { "type": "Point", "coordinates": [ 130.722433, 32.786547 ] } },
{ "type": "Feature", "properties": { "ID": 4354300000814, "正式名称": "新生堂薬局　松橋曲野店", "機関区分": 5, "都道府県コード": 43, "市区町村コード": 213, "所在地": "熊本県宇城市松橋町曲野２１１８番地１", "緯度": 32.65623, "経度": 130.692358, "url": "https://www.iryou.teikyouseido.mhlw.go.jp/znk-web/juminkanja/S2430/initialize?prefCd=43&kikanCd=4300000814&kikanKbn=5", "url2": "https://sinseido-co.jp/", "内容": "新生堂薬局　松橋曲野店【5:薬局】熊本県宇城市松橋町曲野２１１８番地１" }, "geometry": { "type": "Point", "coordinates": [ 130.692358, 32.65623 ] } },
{ "type": "Feature", "properties": { "ID": 4354300000815, "正式名称": "菊池中通り薬局", "機関区分": 5, "都道府県コード": 43, "市区町村コード": 210, "所在地": "熊本県菊池市隈府１１５－６", "緯度": 32.981906, "経度": 130.809067, "url": "https://www.iryou.teikyouseido.mhlw.go.jp/znk-web/juminkanja/S2430/initialize?prefCd=43&kikanCd=4300000815&kikanKbn=5", "url2": "http://www.heartfelt-web.com", "内容": "菊池中通り薬局【5:薬局】熊本県菊池市隈府１１５－６" }, "geometry": { "type": "Point", "coordinates": [ 130.809067, 32.981906 ] } },
{ "type": "Feature", "properties": { "ID": 4354300000816, "正式名称": "みつばち薬局", "機関区分": 5, "都道府県コード": 43, "市区町村コード": 210, "所在地": "熊本県菊池市隈府９５２－１", "緯度": 32.984017, "経度": 130.813761, "url": "https://www.iryou.teikyouseido.mhlw.go.jp/znk-web/juminkanja/S2430/initialize?prefCd=43&kikanCd=4300000816&kikanKbn=5", "url2": null, "内容": "みつばち薬局【5:薬局】熊本県菊池市隈府９５２－１" }, "geometry": { "type": "Point", "coordinates": [ 130.813761, 32.984017 ] } },
{ "type": "Feature", "properties": { "ID": 4354300000817, "正式名称": "こすもす薬局御船店", "機関区分": 5, "都道府県コード": 43, "市区町村コード": 441, "所在地": "熊本県上益城郡御船町御船９０２－２", "緯度": 32.710161, "経度": 130.7983, "url": "https://www.iryou.teikyouseido.mhlw.go.jp/znk-web/juminkanja/S2430/initialize?prefCd=43&kikanCd=4300000817&kikanKbn=5", "url2": null, "内容": "こすもす薬局御船店【5:薬局】熊本県上益城郡御船町御船９０２－２" }, "geometry": { "type": "Point", "coordinates": [ 130.7983, 32.710161 ] } },
{ "type": "Feature", "properties": { "ID": 4354300000818, "正式名称": "はやし薬局", "機関区分": 5, "都道府県コード": 43, "市区町村コード": 215, "所在地": "熊本県天草市城下町６番１９号", "緯度": 32.45856, "経度": 130.187367, "url": "https://www.iryou.teikyouseido.mhlw.go.jp/znk-web/juminkanja/S2430/initialize?prefCd=43&kikanCd=4300000818&kikanKbn=5", "url2": "https://apothecary.co.jp", "内容": "はやし薬局【5:薬局】熊本県天草市城下町６番１９号" }, "geometry": { "type": "Point", "coordinates": [ 130.187367, 32.45856 ] } },
{ "type": "Feature", "properties": { "ID": 4354300000819, "正式名称": "れいわ薬局　築地店", "機関区分": 5, "都道府県コード": 43, "市区町村コード": 206, "所在地": "熊本県玉名市築地３３５番地", "緯度": 32.934155, "経度": 130.529562, "url": "https://www.iryou.teikyouseido.mhlw.go.jp/znk-web/juminkanja/S2430/initialize?prefCd=43&kikanCd=4300000819&kikanKbn=5", "url2": null, "内容": "れいわ薬局　築地店【5:薬局】熊本県玉名市築地３３５番地" }, "geometry": { "type": "Point", "coordinates": [ 130.529562, 32.934155 ] } },
{ "type": "Feature", "properties": { "ID": 4354300000820, "正式名称": "薬局渡辺ファーマシー", "機関区分": 5, "都道府県コード": 43, "市区町村コード": 104, "所在地": "熊本県熊本市南区馬渡１丁目１４－２５", "緯度": 32.775136, "経度": 130.706508, "url": "https://www.iryou.teikyouseido.mhlw.go.jp/znk-web/juminkanja/S2430/initialize?prefCd=43&kikanCd=4300000820&kikanKbn=5", "url2": null, "内容": "薬局渡辺ファーマシー【5:薬局】熊本県熊本市南区馬渡１丁目１４－２５" }, "geometry": { "type": "Point", "coordinates": [ 130.706508, 32.775136 ] } },
{ "type": "Feature", "properties": { "ID": 4354300000821, "正式名称": "タケシタ調剤薬局　市民病院前店", "機関区分": 5, "都道府県コード": 43, "市区町村コード": 102, "所在地": "熊本県熊本市東区東町４－３－４０", "緯度": 32.78686, "経度": 130.762762, "url": "https://www.iryou.teikyouseido.mhlw.go.jp/znk-web/juminkanja/S2430/initialize?prefCd=43&kikanCd=4300000821&kikanKbn=5", "url2": "http://takeshita-pharmacy.com", "内容": "タケシタ調剤薬局　市民病院前店【5:薬局】熊本県熊本市東区東町４－３－４０" }, "geometry": { "type": "Point", "coordinates": [ 130.762762, 32.78686 ] } },
{ "type": "Feature", "properties": { "ID": 4354300000822, "正式名称": "シモカワ薬局さくらまち店", "機関区分": 5, "都道府県コード": 43, "市区町村コード": 101, "所在地": "熊本県熊本市中央区桜町３番１０号サクラマチクマモトＢ１", "緯度": 32.800553, "経度": 130.703125, "url": "https://www.iryou.teikyouseido.mhlw.go.jp/znk-web/juminkanja/S2430/initialize?prefCd=43&kikanCd=4300000822&kikanKbn=5", "url2": "https://www.shimokawa-ph.co.jp/", "内容": "シモカワ薬局さくらまち店【5:薬局】熊本県熊本市中央区桜町３番１０号サクラマチクマモトＢ１" }, "geometry": { "type": "Point", "coordinates": [ 130.703125, 32.800553 ] } },
{ "type": "Feature", "properties": { "ID": 4354300000824, "正式名称": "シモカワ薬局東町店", "機関区分": 5, "都道府県コード": 43, "市区町村コード": 102, "所在地": "熊本県熊本市東区東町４－２－５２", "緯度": 32.786225, "経度": 130.761703, "url": "https://www.iryou.teikyouseido.mhlw.go.jp/znk-web/juminkanja/S2430/initialize?prefCd=43&kikanCd=4300000824&kikanKbn=5", "url2": "http://www.shimokawa-ph.co.jp", "内容": "シモカワ薬局東町店【5:薬局】熊本県熊本市東区東町４－２－５２" }, "geometry": { "type": "Point", "coordinates": [ 130.761703, 32.786225 ] } },
{ "type": "Feature", "properties": { "ID": 4354300000826, "正式名称": "けんこう調剤薬局", "機関区分": 5, "都道府県コード": 43, "市区町村コード": 101, "所在地": "熊本県熊本市中央区南熊本１丁目９－２５ＭＲＲくまもと２Ｆ", "緯度": 32.790174, "経度": 130.710945, "url": "https://www.iryou.teikyouseido.mhlw.go.jp/znk-web/juminkanja/S2430/initialize?prefCd=43&kikanCd=4300000826&kikanKbn=5", "url2": null, "内容": "けんこう調剤薬局【5:薬局】熊本県熊本市中央区南熊本１丁目９－２５ＭＲＲくまもと２Ｆ" }, "geometry": { "type": "Point", "coordinates": [ 130.710945, 32.790174 ] } },
{ "type": "Feature", "properties": { "ID": 4354300000827, "正式名称": "新外薬局", "機関区分": 5, "都道府県コード": 43, "市区町村コード": 102, "所在地": "熊本県熊本市東区新外４丁目６－１０", "緯度": 32.800588, "経度": 130.768688, "url": "https://www.iryou.teikyouseido.mhlw.go.jp/znk-web/juminkanja/S2430/initialize?prefCd=43&kikanCd=4300000827&kikanKbn=5", "url2": "http://www.heartfelt-web.com", "内容": "新外薬局【5:薬局】熊本県熊本市東区新外４丁目６－１０" }, "geometry": { "type": "Point", "coordinates": [ 130.768688, 32.800588 ] } },
{ "type": "Feature", "properties": { "ID": 4354300000828, "正式名称": "ミント薬局", "機関区分": 5, "都道府県コード": 43, "市区町村コード": 105, "所在地": "熊本県熊本市北区八景水谷４丁目２番１６号", "緯度": 32.851, "経度": 130.725688, "url": "https://www.iryou.teikyouseido.mhlw.go.jp/znk-web/juminkanja/S2430/initialize?prefCd=43&kikanCd=4300000828&kikanKbn=5", "url2": null, "内容": "ミント薬局【5:薬局】熊本県熊本市北区八景水谷４丁目２番１６号" }, "geometry": { "type": "Point", "coordinates": [ 130.725688, 32.851 ] } },
{ "type": "Feature", "properties": { "ID": 4354300000829, "正式名称": "新生堂薬局　尾ノ上店", "機関区分": 5, "都道府県コード": 43, "市区町村コード": 102, "所在地": "熊本県熊本市東区尾ノ上２丁目３－２８", "緯度": 32.794417, "経度": 130.753156, "url": "https://www.iryou.teikyouseido.mhlw.go.jp/znk-web/juminkanja/S2430/initialize?prefCd=43&kikanCd=4300000829&kikanKbn=5", "url2": "https://sinseido-co.jp/", "内容": "新生堂薬局　尾ノ上店【5:薬局】熊本県熊本市東区尾ノ上２丁目３－２８" }, "geometry": { "type": "Point", "coordinates": [ 130.753156, 32.794417 ] } },
{ "type": "Feature", "properties": { "ID": 4354300000830, "正式名称": "大信薬局　錦ケ丘店", "機関区分": 5, "都道府県コード": 43, "市区町村コード": 102, "所在地": "熊本県熊本市東区健軍本町１－６", "緯度": 32.787992, "経度": 130.754211, "url": "https://www.iryou.teikyouseido.mhlw.go.jp/znk-web/juminkanja/S2430/initialize?prefCd=43&kikanCd=4300000830&kikanKbn=5", "url2": null, "内容": "大信薬局　錦ケ丘店【5:薬局】熊本県熊本市東区健軍本町１－６" }, "geometry": { "type": "Point", "coordinates": [ 130.754211, 32.787992 ] } },
{ "type": "Feature", "properties": { "ID": 4354300000831, "正式名称": "在宅えいよう薬局", "機関区分": 5, "都道府県コード": 43, "市区町村コード": 102, "所在地": "熊本県熊本市東区榎町", "緯度": 32.793338, "経度": 130.772229, "url": "https://www.iryou.teikyouseido.mhlw.go.jp/znk-web/juminkanja/S2430/initialize?prefCd=43&kikanCd=4300000831&kikanKbn=5", "url2": null, "内容": "在宅えいよう薬局【5:薬局】熊本県熊本市東区榎町" }, "geometry": { "type": "Point", "coordinates": [ 130.772229, 32.793338 ] } },
{ "type": "Feature", "properties": { "ID": 4354300000832, "正式名称": "太陽堂薬局　九品寺交差店", "機関区分": 5, "都道府県コード": 43, "市区町村コード": 101, "所在地": "熊本県熊本市中央区九品寺１丁目２番２３号ＭＣビル　３階", "緯度": 32.7993755, "経度": 130.717065, "url": "https://www.iryou.teikyouseido.mhlw.go.jp/znk-web/juminkanja/S2430/initialize?prefCd=43&kikanCd=4300000832&kikanKbn=5", "url2": "http://kanpo-yaku.com/", "内容": "太陽堂薬局　九品寺交差店【5:薬局】熊本県熊本市中央区九品寺１丁目２番２３号ＭＣビル　３階" }, "geometry": { "type": "Point", "coordinates": [ 130.717065, 32.7993755 ] } },
{ "type": "Feature", "properties": { "ID": 4354300000833, "正式名称": "かえで薬局", "機関区分": 5, "都道府県コード": 43, "市区町村コード": 213, "所在地": "熊本県宇城市松橋町曲野字南田２２７５－６", "緯度": 32.66147, "経度": 130.69463, "url": "https://www.iryou.teikyouseido.mhlw.go.jp/znk-web/juminkanja/S2430/initialize?prefCd=43&kikanCd=4300000833&kikanKbn=5", "url2": null, "内容": "かえで薬局【5:薬局】熊本県宇城市松橋町曲野字南田２２７５－６" }, "geometry": { "type": "Point", "coordinates": [ 130.69463, 32.66147 ] } },
{ "type": "Feature", "properties": { "ID": 4354300000835, "正式名称": "ミユキ薬局　龍田店", "機関区分": 5, "都道府県コード": 43, "市区町村コード": 105, "所在地": "熊本県熊本市北区龍田７丁目６番２号", "緯度": 32.836308, "経度": 130.759724, "url": "https://www.iryou.teikyouseido.mhlw.go.jp/znk-web/juminkanja/S2430/initialize?prefCd=43&kikanCd=4300000835&kikanKbn=5", "url2": "http://www.drugmiyuki.com", "内容": "ミユキ薬局　龍田店【5:薬局】熊本県熊本市北区龍田７丁目６番２号" }, "geometry": { "type": "Point", "coordinates": [ 130.759724, 32.836308 ] } },
{ "type": "Feature", "properties": { "ID": 4354300000836, "正式名称": "ミユキ薬局　日赤前店", "機関区分": 5, "都道府県コード": 43, "市区町村コード": 102, "所在地": "熊本県熊本市東区長嶺南２丁目２－４１", "緯度": 32.808061, "経度": 130.762475, "url": "https://www.iryou.teikyouseido.mhlw.go.jp/znk-web/juminkanja/S2430/initialize?prefCd=43&kikanCd=4300000836&kikanKbn=5", "url2": "http://www.drugmiyuki.com", "内容": "ミユキ薬局　日赤前店【5:薬局】熊本県熊本市東区長嶺南２丁目２－４１" }, "geometry": { "type": "Point", "coordinates": [ 130.762475, 32.808061 ] } },
{ "type": "Feature", "properties": { "ID": 4354300000837, "正式名称": "ミユキ薬局　画図店", "機関区分": 5, "都道府県コード": 43, "市区町村コード": 102, "所在地": "熊本県熊本市東区画図町大字重富４７４番地１", "緯度": 32.762346, "経度": 130.729796, "url": "https://www.iryou.teikyouseido.mhlw.go.jp/znk-web/juminkanja/S2430/initialize?prefCd=43&kikanCd=4300000837&kikanKbn=5", "url2": "http://www.drugmiyuki.com", "内容": "ミユキ薬局　画図店【5:薬局】熊本県熊本市東区画図町大字重富４７４番地１" }, "geometry": { "type": "Point", "coordinates": [ 130.729796, 32.762346 ] } },
{ "type": "Feature", "properties": { "ID": 4354300000838, "正式名称": "ファーマダイワ水前寺薬局", "機関区分": 5, "都道府県コード": 43, "市区町村コード": 101, "所在地": "熊本県熊本市中央区水前寺２丁目１７－１２", "緯度": 32.796307, "経度": 130.73462, "url": "https://www.iryou.teikyouseido.mhlw.go.jp/znk-web/juminkanja/S2430/initialize?prefCd=43&kikanCd=4300000838&kikanKbn=5", "url2": "https://www.pharma-daiwa.co.jp", "内容": "ファーマダイワ水前寺薬局【5:薬局】熊本県熊本市中央区水前寺２丁目１７－１２" }, "geometry": { "type": "Point", "coordinates": [ 130.73462, 32.796307 ] } },
{ "type": "Feature", "properties": { "ID": 4354300000839, "正式名称": "りんご薬局　東海大前店", "機関区分": 5, "都道府県コード": 43, "市区町村コード": 102, "所在地": "熊本県熊本市東区渡鹿８丁目１１－３５", "緯度": 32.811396, "経度": 130.742235, "url": "https://www.iryou.teikyouseido.mhlw.go.jp/znk-web/juminkanja/S2430/initialize?prefCd=43&kikanCd=4300000839&kikanKbn=5", "url2": "https://www.ringo-chozai.jp/", "内容": "りんご薬局　東海大前店【5:薬局】熊本県熊本市東区渡鹿８丁目１１－３５" }, "geometry": { "type": "Point", "coordinates": [ 130.742235, 32.811396 ] } },
{ "type": "Feature", "properties": { "ID": 4354300000840, "正式名称": "新屋敷ごふく薬局", "機関区分": 5, "都道府県コード": 43, "市区町村コード": 101, "所在地": "熊本県熊本市中央区新屋敷１丁目１４－２０", "緯度": 32.800447, "経度": 130.717861, "url": "https://www.iryou.teikyouseido.mhlw.go.jp/znk-web/juminkanja/S2430/initialize?prefCd=43&kikanCd=4300000840&kikanKbn=5", "url2": "https://gofukuph.com", "内容": "新屋敷ごふく薬局【5:薬局】熊本県熊本市中央区新屋敷１丁目１４－２０" }, "geometry": { "type": "Point", "coordinates": [ 130.717861, 32.800447 ] } },
{ "type": "Feature", "properties": { "ID": 4354300000841, "正式名称": "アップル薬局くすのき店", "機関区分": 5, "都道府県コード": 43, "市区町村コード": 105, "所在地": "熊本県熊本市北区楠６－１－５", "緯度": 32.850313, "経度": 130.760359, "url": "https://www.iryou.teikyouseido.mhlw.go.jp/znk-web/juminkanja/S2430/initialize?prefCd=43&kikanCd=4300000841&kikanKbn=5", "url2": "https://pharmaunion.co.jp/tenpo.html#kumamoto", "内容": "アップル薬局くすのき店【5:薬局】熊本県熊本市北区楠６－１－５" }, "geometry": { "type": "Point", "coordinates": [ 130.760359, 32.850313 ] } },
{ "type": "Feature", "properties": { "ID": 4354300000842, "正式名称": "タカヒロ薬局水前寺店", "機関区分": 5, "都道府県コード": 43, "市区町村コード": 101, "所在地": "熊本県熊本市中央区水前寺２－１９－１０", "緯度": 32.796009, "経度": 130.735122, "url": "https://www.iryou.teikyouseido.mhlw.go.jp/znk-web/juminkanja/S2430/initialize?prefCd=43&kikanCd=4300000842&kikanKbn=5", "url2": "https://takahiro-medical.com/", "内容": "タカヒロ薬局水前寺店【5:薬局】熊本県熊本市中央区水前寺２－１９－１０" }, "geometry": { "type": "Point", "coordinates": [ 130.735122, 32.796009 ] } },
{ "type": "Feature", "properties": { "ID": 4354300000843, "正式名称": "タカヒロ薬局尾ノ上店", "機関区分": 5, "都道府県コード": 43, "市区町村コード": 102, "所在地": "熊本県熊本市東区尾ノ上１－１４－２５", "緯度": 32.789725, "経度": 130.751297, "url": "https://www.iryou.teikyouseido.mhlw.go.jp/znk-web/juminkanja/S2430/initialize?prefCd=43&kikanCd=4300000843&kikanKbn=5", "url2": "https://takahiro-medical.com/", "内容": "タカヒロ薬局尾ノ上店【5:薬局】熊本県熊本市東区尾ノ上１－１４－２５" }, "geometry": { "type": "Point", "coordinates": [ 130.751297, 32.789725 ] } },
{ "type": "Feature", "properties": { "ID": 4354300000844, "正式名称": "水前寺本町薬局", "機関区分": 5, "都道府県コード": 43, "市区町村コード": 101, "所在地": "熊本県熊本市中央区水前寺２丁目２０－３２", "緯度": 32.794497, "経度": 130.735865, "url": "https://www.iryou.teikyouseido.mhlw.go.jp/znk-web/juminkanja/S2430/initialize?prefCd=43&kikanCd=4300000844&kikanKbn=5", "url2": null, "内容": "水前寺本町薬局【5:薬局】熊本県熊本市中央区水前寺２丁目２０－３２" }, "geometry": { "type": "Point", "coordinates": [ 130.735865, 32.794497 ] } },
{ "type": "Feature", "properties": { "ID": 4354300000845, "正式名称": "植木交番前薬局", "機関区分": 5, "都道府県コード": 43, "市区町村コード": 105, "所在地": "熊本県熊本市北区植木町植木５３４番地", "緯度": 32.898861, "経度": 130.692012, "url": "https://www.iryou.teikyouseido.mhlw.go.jp/znk-web/juminkanja/S2430/initialize?prefCd=43&kikanCd=4300000845&kikanKbn=5", "url2": null, "内容": "植木交番前薬局【5:薬局】熊本県熊本市北区植木町植木５３４番地" }, "geometry": { "type": "Point", "coordinates": [ 130.692012, 32.898861 ] } },
{ "type": "Feature", "properties": { "ID": 4354300000846, "正式名称": "りんご薬局", "機関区分": 5, "都道府県コード": 43, "市区町村コード": 102, "所在地": "熊本県熊本市東区八反田３－２０－１", "緯度": 32.821226, "経度": 130.770472, "url": "https://www.iryou.teikyouseido.mhlw.go.jp/znk-web/juminkanja/S2430/initialize?prefCd=43&kikanCd=4300000846&kikanKbn=5", "url2": "https://www.ringo-chozai.jp/", "内容": "りんご薬局【5:薬局】熊本県熊本市東区八反田３－２０－１" }, "geometry": { "type": "Point", "coordinates": [ 130.770472, 32.821226 ] } },
{ "type": "Feature", "properties": { "ID": 4354300000847, "正式名称": "むろ薬局", "機関区分": 5, "都道府県コード": 43, "市区町村コード": 403, "所在地": "熊本県菊池郡大津町室２１３－１０", "緯度": 32.876672, "経度": 130.864028, "url": "https://www.iryou.teikyouseido.mhlw.go.jp/znk-web/juminkanja/S2430/initialize?prefCd=43&kikanCd=4300000847&kikanKbn=5", "url2": null, "内容": "むろ薬局【5:薬局】熊本県菊池郡大津町室２１３－１０" }, "geometry": { "type": "Point", "coordinates": [ 130.864028, 32.876672 ] } },
{ "type": "Feature", "properties": { "ID": 4354300000848, "正式名称": "アイン薬局くまもと県北病院店", "機関区分": 5, "都道府県コード": 43, "市区町村コード": 206, "所在地": "熊本県玉名市玉名８４２番地", "緯度": 32.948384, "経度": 130.574364, "url": "https://www.iryou.teikyouseido.mhlw.go.jp/znk-web/juminkanja/S2430/initialize?prefCd=43&kikanCd=4300000848&kikanKbn=5", "url2": "https://www.ainj.co.jp/", "内容": "アイン薬局くまもと県北病院店【5:薬局】熊本県玉名市玉名８４２番地" }, "geometry": { "type": "Point", "coordinates": [ 130.574364, 32.948384 ] } },
{ "type": "Feature", "properties": { "ID": 4354300000849, "正式名称": "漢方みず堂薬局　同仁堂アミュプラザくまもと店", "機関区分": 5, "都道府県コード": 43, "市区町村コード": 103, "所在地": "熊本県熊本市西区春日３－１５－２６", "緯度": 32.790367, "経度": 130.688604, "url": "https://www.iryou.teikyouseido.mhlw.go.jp/znk-web/juminkanja/S2430/initialize?prefCd=43&kikanCd=4300000849&kikanKbn=5", "url2": null, "内容": "漢方みず堂薬局　同仁堂アミュプラザくまもと店【5:薬局】熊本県熊本市西区春日３－１５－２６" }, "geometry": { "type": "Point", "coordinates": [ 130.688604, 32.790367 ] } },
{ "type": "Feature", "properties": { "ID": 4354300000850, "正式名称": "太陽堂薬局　水前寺公園店", "機関区分": 5, "都道府県コード": 43, "市区町村コード": 101, "所在地": "熊本県熊本市中央区水前寺公園１５－３７－２階", "緯度": 32.787583, "経度": 130.736836, "url": "https://www.iryou.teikyouseido.mhlw.go.jp/znk-web/juminkanja/S2430/initialize?prefCd=43&kikanCd=4300000850&kikanKbn=5", "url2": "https://kanpo-yaku.com/", "内容": "太陽堂薬局　水前寺公園店【5:薬局】熊本県熊本市中央区水前寺公園１５－３７－２階" }, "geometry": { "type": "Point", "coordinates": [ 130.736836, 32.787583 ] } },
{ "type": "Feature", "properties": { "ID": 4354300000851, "正式名称": "しみず調剤薬局", "機関区分": 5, "都道府県コード": 43, "市区町村コード": 105, "所在地": "熊本県熊本市北区清水新地２－１６－２８", "緯度": 32.848859, "経度": 130.736785, "url": "https://www.iryou.teikyouseido.mhlw.go.jp/znk-web/juminkanja/S2430/initialize?prefCd=43&kikanCd=4300000851&kikanKbn=5", "url2": null, "内容": "しみず調剤薬局【5:薬局】熊本県熊本市北区清水新地２－１６－２８" }, "geometry": { "type": "Point", "coordinates": [ 130.736785, 32.848859 ] } },
{ "type": "Feature", "properties": { "ID": 4354300000852, "正式名称": "かごまち薬局", "機関区分": 5, "都道府県コード": 43, "市区町村コード": 101, "所在地": "熊本県熊本市中央区安政町５－１５熊本第一ファームビル１Ｆ", "緯度": 32.801386, "経度": 130.709756, "url": "https://www.iryou.teikyouseido.mhlw.go.jp/znk-web/juminkanja/S2430/initialize?prefCd=43&kikanCd=4300000852&kikanKbn=5", "url2": null, "内容": "かごまち薬局【5:薬局】熊本県熊本市中央区安政町５－１５熊本第一ファームビル１Ｆ" }, "geometry": { "type": "Point", "coordinates": [ 130.709756, 32.801386 ] } },
{ "type": "Feature", "properties": { "ID": 4354300000853, "正式名称": "ふれあい通り出水調剤薬局", "機関区分": 5, "都道府県コード": 43, "市区町村コード": 101, "所在地": "熊本県熊本市中央区出水４丁目２５－３０", "緯度": 32.779657, "経度": 130.733292, "url": "https://www.iryou.teikyouseido.mhlw.go.jp/znk-web/juminkanja/S2430/initialize?prefCd=43&kikanCd=4300000853&kikanKbn=5", "url2": "https://kizuna-pharmacy.com/fureaitoriizumiyakkyoku.html", "内容": "ふれあい通り出水調剤薬局【5:薬局】熊本県熊本市中央区出水４丁目２５－３０" }, "geometry": { "type": "Point", "coordinates": [ 130.733292, 32.779657 ] } },
{ "type": "Feature", "properties": { "ID": 4354300000854, "正式名称": "ねむの木薬局", "機関区分": 5, "都道府県コード": 43, "市区町村コード": 102, "所在地": "熊本県熊本市東区長嶺南３丁目３－９", "緯度": 32.8147, "経度": 130.772594, "url": "https://www.iryou.teikyouseido.mhlw.go.jp/znk-web/juminkanja/S2430/initialize?prefCd=43&kikanCd=4300000854&kikanKbn=5", "url2": null, "内容": "ねむの木薬局【5:薬局】熊本県熊本市東区長嶺南３丁目３－９" }, "geometry": { "type": "Point", "coordinates": [ 130.772594, 32.8147 ] } },
{ "type": "Feature", "properties": { "ID": 4354300000855, "正式名称": "田崎ごふく薬局", "機関区分": 5, "都道府県コード": 43, "市区町村コード": 103, "所在地": "熊本県熊本市西区田崎１－３－８８", "緯度": 32.784259, "経度": 130.684766, "url": "https://www.iryou.teikyouseido.mhlw.go.jp/znk-web/juminkanja/S2430/initialize?prefCd=43&kikanCd=4300000855&kikanKbn=5", "url2": "http://gofukuph.com", "内容": "田崎ごふく薬局【5:薬局】熊本県熊本市西区田崎１－３－８８" }, "geometry": { "type": "Point", "coordinates": [ 130.684766, 32.784259 ] } },
{ "type": "Feature", "properties": { "ID": 4354300000856, "正式名称": "植木きさらぎ薬局", "機関区分": 5, "都道府県コード": 43, "市区町村コード": 105, "所在地": "熊本県熊本市北区植木町広住４１９－１０９", "緯度": 32.901074, "経度": 130.692745, "url": "https://www.iryou.teikyouseido.mhlw.go.jp/znk-web/juminkanja/S2430/initialize?prefCd=43&kikanCd=4300000856&kikanKbn=5", "url2": "http://www.heartfelt-web.com", "内容": "植木きさらぎ薬局【5:薬局】熊本県熊本市北区植木町広住４１９－１０９" }, "geometry": { "type": "Point", "coordinates": [ 130.692745, 32.901074 ] } },
{ "type": "Feature", "properties": { "ID": 4354300000857, "正式名称": "城南中央薬局", "機関区分": 5, "都道府県コード": 43, "市区町村コード": 104, "所在地": "熊本県熊本市南区城南町隈庄９４３番地７", "緯度": 32.7063, "経度": 130.730028, "url": "https://www.iryou.teikyouseido.mhlw.go.jp/znk-web/juminkanja/S2430/initialize?prefCd=43&kikanCd=4300000857&kikanKbn=5", "url2": null, "内容": "城南中央薬局【5:薬局】熊本県熊本市南区城南町隈庄９４３番地７" }, "geometry": { "type": "Point", "coordinates": [ 130.730028, 32.7063 ] } },
{ "type": "Feature", "properties": { "ID": 4354300000858, "正式名称": "熊本調剤薬局　城山店", "機関区分": 5, "都道府県コード": 43, "市区町村コード": 103, "所在地": "熊本県熊本市西区城山大塘１丁目２４－２０", "緯度": 32.777228, "経度": 130.657072, "url": "https://www.iryou.teikyouseido.mhlw.go.jp/znk-web/juminkanja/S2430/initialize?prefCd=43&kikanCd=4300000858&kikanKbn=5", "url2": "http://www.kiyama-drug.com/", "内容": "熊本調剤薬局　城山店【5:薬局】熊本県熊本市西区城山大塘１丁目２４－２０" }, "geometry": { "type": "Point", "coordinates": [ 130.657072, 32.777228 ] } },
{ "type": "Feature", "properties": { "ID": 4354300000859, "正式名称": "楓の木調剤薬局", "機関区分": 5, "都道府県コード": 43, "市区町村コード": 202, "所在地": "熊本県八代市本町１丁目１番１号　高橋ビル１Ｆ", "緯度": 32.506469, "経度": 130.605094, "url": "https://www.iryou.teikyouseido.mhlw.go.jp/znk-web/juminkanja/S2430/initialize?prefCd=43&kikanCd=4300000859&kikanKbn=5", "url2": null, "内容": "楓の木調剤薬局【5:薬局】熊本県八代市本町１丁目１番１号　高橋ビル１Ｆ" }, "geometry": { "type": "Point", "coordinates": [ 130.605094, 32.506469 ] } },
{ "type": "Feature", "properties": { "ID": 4354300000860, "正式名称": "まつした鏡薬局", "機関区分": 5, "都道府県コード": 43, "市区町村コード": 202, "所在地": "熊本県八代市鏡町下村１５１３－１", "緯度": 32.554116, "経度": 130.653454, "url": "https://www.iryou.teikyouseido.mhlw.go.jp/znk-web/juminkanja/S2430/initialize?prefCd=43&kikanCd=4300000860&kikanKbn=5", "url2": null, "内容": "まつした鏡薬局【5:薬局】熊本県八代市鏡町下村１５１３－１" }, "geometry": { "type": "Point", "coordinates": [ 130.653454, 32.554116 ] } },
{ "type": "Feature", "properties": { "ID": 4354300000861, "正式名称": "ヱビス薬局本町店", "機関区分": 5, "都道府県コード": 43, "市区町村コード": 202, "所在地": "熊本県八代市本町２丁目４－６３", "緯度": 32.50371, "経度": 130.599796, "url": "https://www.iryou.teikyouseido.mhlw.go.jp/znk-web/juminkanja/S2430/initialize?prefCd=43&kikanCd=4300000861&kikanKbn=5", "url2": "http://www.comsy.co.jp", "内容": "ヱビス薬局本町店【5:薬局】熊本県八代市本町２丁目４－６３" }, "geometry": { "type": "Point", "coordinates": [ 130.599796, 32.50371 ] } },
{ "type": "Feature", "properties": { "ID": 4354300000862, "正式名称": "株式会社大賀薬局　菊陽店", "機関区分": 5, "都道府県コード": 43, "市区町村コード": 404, "所在地": "熊本県菊池郡菊陽町原水２９１０－１", "緯度": 32.873786, "経度": 130.848272, "url": "https://www.iryou.teikyouseido.mhlw.go.jp/znk-web/juminkanja/S2430/initialize?prefCd=43&kikanCd=4300000862&kikanKbn=5", "url2": "https://www.ohga-ph.com/shop/detail/?id=176", "内容": "株式会社大賀薬局　菊陽店【5:薬局】熊本県菊池郡菊陽町原水２９１０－１" }, "geometry": { "type": "Point", "coordinates": [ 130.848272, 32.873786 ] } },
{ "type": "Feature", "properties": { "ID": 4354300000863, "正式名称": "道の駅調剤薬局", "機関区分": 5, "都道府県コード": 43, "市区町村コード": 213, "所在地": "熊本県宇城市松橋久具７５８－４", "緯度": 32.650893, "経度": 130.697478, "url": "https://www.iryou.teikyouseido.mhlw.go.jp/znk-web/juminkanja/S2430/initialize?prefCd=43&kikanCd=4300000863&kikanKbn=5", "url2": null, "内容": "道の駅調剤薬局【5:薬局】熊本県宇城市松橋久具７５８－４" }, "geometry": { "type": "Point", "coordinates": [ 130.697478, 32.650893 ] } },
{ "type": "Feature", "properties": { "ID": 4354300000864, "正式名称": "海浜総合薬局　築地店", "機関区分": 5, "都道府県コード": 43, "市区町村コード": 206, "所在地": "熊本県玉名市築地６番地", "緯度": 32.933696, "経度": 130.533586, "url": "https://www.iryou.teikyouseido.mhlw.go.jp/znk-web/juminkanja/S2430/initialize?prefCd=43&kikanCd=4300000864&kikanKbn=5", "url2": "https://skycreate-gloup.com/", "内容": "海浜総合薬局　築地店【5:薬局】熊本県玉名市築地６番地" }, "geometry": { "type": "Point", "coordinates": [ 130.533586, 32.933696 ] } },
{ "type": "Feature", "properties": { "ID": 4354300000865, "正式名称": "コストコホールセール　熊本御船倉庫店薬局", "機関区分": 5, "都道府県コード": 43, "市区町村コード": 441, "所在地": "熊本県上益城郡御船町小坂字宮田６８９－１", "緯度": 32.729195, "経度": 130.779988, "url": "https://www.iryou.teikyouseido.mhlw.go.jp/znk-web/juminkanja/S2430/initialize?prefCd=43&kikanCd=4300000865&kikanKbn=5", "url2": "https://www.costco.co.jp/", "内容": "コストコホールセール　熊本御船倉庫店薬局【5:薬局】熊本県上益城郡御船町小坂字宮田６８９－１" }, "geometry": { "type": "Point", "coordinates": [ 130.779988, 32.729195 ] } },
{ "type": "Feature", "properties": { "ID": 4354300000866, "正式名称": "エリア調剤薬局　清流店", "機関区分": 5, "都道府県コード": 43, "市区町村コード": 202, "所在地": "熊本県八代市渡町１７１７番地２", "緯度": 32.492351, "経度": 130.623538, "url": "https://www.iryou.teikyouseido.mhlw.go.jp/znk-web/juminkanja/S2430/initialize?prefCd=43&kikanCd=4300000866&kikanKbn=5", "url2": null, "内容": "エリア調剤薬局　清流店【5:薬局】熊本県八代市渡町１７１７番地２" }, "geometry": { "type": "Point", "coordinates": [ 130.623538, 32.492351 ] } },
{ "type": "Feature", "properties": { "ID": 4354300000867, "正式名称": "おおづまち薬局", "機関区分": 5, "都道府県コード": 43, "市区町村コード": 403, "所在地": "熊本県菊池郡大津町引水７３１－３", "緯度": 32.879635, "経度": 130.888254, "url": "https://www.iryou.teikyouseido.mhlw.go.jp/znk-web/juminkanja/S2430/initialize?prefCd=43&kikanCd=4300000867&kikanKbn=5", "url2": null, "内容": "おおづまち薬局【5:薬局】熊本県菊池郡大津町引水７３１－３" }, "geometry": { "type": "Point", "coordinates": [ 130.888254, 32.879635 ] } },
{ "type": "Feature", "properties": { "ID": 4354300000868, "正式名称": "ふくろ町調剤薬局", "機関区分": 5, "都道府県コード": 43, "市区町村コード": 202, "所在地": "熊本県八代市袋町１番４１号", "緯度": 32.506239, "経度": 130.607592, "url": "https://www.iryou.teikyouseido.mhlw.go.jp/znk-web/juminkanja/S2430/initialize?prefCd=43&kikanCd=4300000868&kikanKbn=5", "url2": null, "内容": "ふくろ町調剤薬局【5:薬局】熊本県八代市袋町１番４１号" }, "geometry": { "type": "Point", "coordinates": [ 130.607592, 32.506239 ] } },
{ "type": "Feature", "properties": { "ID": 4354300000869, "正式名称": "たいめい薬局", "機関区分": 5, "都道府県コード": 43, "市区町村コード": 206, "所在地": "熊本県玉名市岱明町鍋８２７－１", "緯度": 32.908232, "経度": 130.49987, "url": "https://www.iryou.teikyouseido.mhlw.go.jp/znk-web/juminkanja/S2430/initialize?prefCd=43&kikanCd=4300000869&kikanKbn=5", "url2": null, "内容": "たいめい薬局【5:薬局】熊本県玉名市岱明町鍋８２７－１" }, "geometry": { "type": "Point", "coordinates": [ 130.49987, 32.908232 ] } },
{ "type": "Feature", "properties": { "ID": 4354300000870, "正式名称": "オオルリ薬局", "機関区分": 5, "都道府県コード": 43, "市区町村コード": 447, "所在地": "熊本県上益城郡山都町浜町２１７番地３", "緯度": 32.683564, "経度": 130.983957, "url": "https://www.iryou.teikyouseido.mhlw.go.jp/znk-web/juminkanja/S2430/initialize?prefCd=43&kikanCd=4300000870&kikanKbn=5", "url2": null, "内容": "オオルリ薬局【5:薬局】熊本県上益城郡山都町浜町２１７番地３" }, "geometry": { "type": "Point", "coordinates": [ 130.983957, 32.683564 ] } },
{ "type": "Feature", "properties": { "ID": 4354300000871, "正式名称": "きりん薬局　免田店", "機関区分": 5, "都道府県コード": 43, "市区町村コード": 514, "所在地": "熊本県球磨郡あさぎり町免田東２７９３番地３", "緯度": 32.240797, "経度": 130.90705, "url": "https://www.iryou.teikyouseido.mhlw.go.jp/znk-web/juminkanja/S2430/initialize?prefCd=43&kikanCd=4300000871&kikanKbn=5", "url2": "https://www.kirin-pharmacy.jp/", "内容": "きりん薬局　免田店【5:薬局】熊本県球磨郡あさぎり町免田東２７９３番地３" }, "geometry": { "type": "Point", "coordinates": [ 130.90705, 32.240797 ] } },
{ "type": "Feature", "properties": { "ID": 4354300000872, "正式名称": "アロハ薬局　新八代店", "機関区分": 5, "都道府県コード": 43, "市区町村コード": 202, "所在地": "熊本県八代市長田町３１８４－２", "緯度": 32.51215, "経度": 130.631831, "url": "https://www.iryou.teikyouseido.mhlw.go.jp/znk-web/juminkanja/S2430/initialize?prefCd=43&kikanCd=4300000872&kikanKbn=5", "url2": "https://alohalife.co.jp", "内容": "アロハ薬局　新八代店【5:薬局】熊本県八代市長田町３１８４－２" }, "geometry": { "type": "Point", "coordinates": [ 130.631831, 32.51215 ] } },
{ "type": "Feature", "properties": { "ID": 4354300000873, "正式名称": "シモカワ広崎調剤薬局", "機関区分": 5, "都道府県コード": 43, "市区町村コード": 443, "所在地": "熊本県上益城郡益城町広崎１５７２－２", "緯度": 32.793974, "経度": 130.782668, "url": "https://www.iryou.teikyouseido.mhlw.go.jp/znk-web/juminkanja/S2430/initialize?prefCd=43&kikanCd=4300000873&kikanKbn=5", "url2": "https://www.shimokawa-ph.co.jp/", "内容": "シモカワ広崎調剤薬局【5:薬局】熊本県上益城郡益城町広崎１５７２－２" }, "geometry": { "type": "Point", "coordinates": [ 130.782668, 32.793974 ] } },
{ "type": "Feature", "properties": { "ID": 4354300000875, "正式名称": "みどり薬局", "機関区分": 5, "都道府県コード": 43, "市区町村コード": 442, "所在地": "熊本県上益城郡嘉島町上島９６４番地２", "緯度": 32.740841, "経度": 130.755966, "url": "https://www.iryou.teikyouseido.mhlw.go.jp/znk-web/juminkanja/S2430/initialize?prefCd=43&kikanCd=4300000875&kikanKbn=5", "url2": "https://pharma-daiwa.co.jp", "内容": "みどり薬局【5:薬局】熊本県上益城郡嘉島町上島９６４番地２" }, "geometry": { "type": "Point", "coordinates": [ 130.755966, 32.740841 ] } },
{ "type": "Feature", "properties": { "ID": 4354300000876, "正式名称": "八代はぎわら薬局", "機関区分": 5, "都道府県コード": 43, "市区町村コード": 202, "所在地": "熊本県八代市萩原町２－１１－２", "緯度": 32.504429, "経度": 130.617568, "url": "https://www.iryou.teikyouseido.mhlw.go.jp/znk-web/juminkanja/S2430/initialize?prefCd=43&kikanCd=4300000876&kikanKbn=5", "url2": "http://www.heartfelt-web.com", "内容": "八代はぎわら薬局【5:薬局】熊本県八代市萩原町２－１１－２" }, "geometry": { "type": "Point", "coordinates": [ 130.617568, 32.504429 ] } },
{ "type": "Feature", "properties": { "ID": 4354300000877, "正式名称": "海浜総合薬局　東町店", "機関区分": 5, "都道府県コード": 43, "市区町村コード": 215, "所在地": "熊本県天草市東町７−４５", "緯度": 32.451833, "経度": 130.201886, "url": "https://www.iryou.teikyouseido.mhlw.go.jp/znk-web/juminkanja/S2430/initialize?prefCd=43&kikanCd=4300000877&kikanKbn=5", "url2": "https://skycreate-gloup.com/", "内容": "海浜総合薬局　東町店【5:薬局】熊本県天草市東町７−４５" }, "geometry": { "type": "Point", "coordinates": [ 130.201886, 32.451833 ] } },
{ "type": "Feature", "properties": { "ID": 4354300000878, "正式名称": "くまさん薬局", "機関区分": 5, "都道府県コード": 43, "市区町村コード": 482, "所在地": "熊本県葦北郡芦北町大字芦北２０９２番地１", "緯度": 32.295322, "経度": 130.49475, "url": "https://www.iryou.teikyouseido.mhlw.go.jp/znk-web/juminkanja/S2430/initialize?prefCd=43&kikanCd=4300000878&kikanKbn=5", "url2": null, "内容": "くまさん薬局【5:薬局】熊本県葦北郡芦北町大字芦北２０９２番地１" }, "geometry": { "type": "Point", "coordinates": [ 130.49475, 32.295322 ] } },
{ "type": "Feature", "properties": { "ID": 4354300000879, "正式名称": "大学堂薬局　熊本駅前支店", "機関区分": 5, "都道府県コード": 43, "市区町村コード": 103, "所在地": "熊本県熊本市西区春日２丁目１番２４号　グッドライフ熊本駅前２階", "緯度": 32.789349, "経度": 130.69165, "url": "https://www.iryou.teikyouseido.mhlw.go.jp/znk-web/juminkanja/S2430/initialize?prefCd=43&kikanCd=4300000879&kikanKbn=5", "url2": "http://www.daigakudo-kumamoto.com/", "内容": "大学堂薬局　熊本駅前支店【5:薬局】熊本県熊本市西区春日２丁目１番２４号　グッドライフ熊本駅前２階" }, "geometry": { "type": "Point", "coordinates": [ 130.69165, 32.789349 ] } },
{ "type": "Feature", "properties": { "ID": 4354300000880, "正式名称": "つぼみ薬局", "機関区分": 5, "都道府県コード": 43, "市区町村コード": 101, "所在地": "熊本県熊本市中央区坪井", "緯度": 32.818784, "経度": 130.718233, "url": "https://www.iryou.teikyouseido.mhlw.go.jp/znk-web/juminkanja/S2430/initialize?prefCd=43&kikanCd=4300000880&kikanKbn=5", "url2": null, "内容": "つぼみ薬局【5:薬局】熊本県熊本市中央区坪井" }, "geometry": { "type": "Point", "coordinates": [ 130.718233, 32.818784 ] } },
{ "type": "Feature", "properties": { "ID": 4354300000881, "正式名称": "共生薬局　嘉島店", "機関区分": 5, "都道府県コード": 43, "市区町村コード": 442, "所在地": "熊本県上益城郡嘉島町上島２２９７－１", "緯度": 32.738225, "経度": 130.740586, "url": "https://www.iryou.teikyouseido.mhlw.go.jp/znk-web/juminkanja/S2430/initialize?prefCd=43&kikanCd=4300000881&kikanKbn=5", "url2": "https://www.kyousei-pharmacy.jp", "内容": "共生薬局　嘉島店【5:薬局】熊本県上益城郡嘉島町上島２２９７－１" }, "geometry": { "type": "Point", "coordinates": [ 130.740586, 32.738225 ] } },
{ "type": "Feature", "properties": { "ID": 4354300000882, "正式名称": "上水前寺薬局", "機関区分": 5, "都道府県コード": 43, "市区町村コード": 101, "所在地": "熊本県熊本市中央区上水前寺２丁目２番３号", "緯度": 32.797444, "経度": 130.745292, "url": "https://www.iryou.teikyouseido.mhlw.go.jp/znk-web/juminkanja/S2430/initialize?prefCd=43&kikanCd=4300000882&kikanKbn=5", "url2": "https://www.asopharm.com/", "内容": "上水前寺薬局【5:薬局】熊本県熊本市中央区上水前寺２丁目２番３号" }, "geometry": { "type": "Point", "coordinates": [ 130.745292, 32.797444 ] } },
{ "type": "Feature", "properties": { "ID": 4354300000883, "正式名称": "江津湖調剤薬局", "機関区分": 5, "都道府県コード": 43, "市区町村コード": 102, "所在地": "熊本県熊本市東区湖東３丁目３－１第２藤山ビル１階", "緯度": 32.778643, "経度": 130.742345, "url": "https://www.iryou.teikyouseido.mhlw.go.jp/znk-web/juminkanja/S2430/initialize?prefCd=43&kikanCd=4300000883&kikanKbn=5", "url2": "https://qualityplanning.jimdosite.com/", "内容": "江津湖調剤薬局【5:薬局】熊本県熊本市東区湖東３丁目３－１第２藤山ビル１階" }, "geometry": { "type": "Point", "coordinates": [ 130.742345, 32.778643 ] } },
{ "type": "Feature", "properties": { "ID": 4354300000884, "正式名称": "しらつぼ薬局", "機関区分": 5, "都道府県コード": 43, "市区町村コード": 103, "所在地": "熊本県熊本市西区田崎１丁目３番７６号", "緯度": 32.783802, "経度": 130.684678, "url": "https://www.iryou.teikyouseido.mhlw.go.jp/znk-web/juminkanja/S2430/initialize?prefCd=43&kikanCd=4300000884&kikanKbn=5", "url2": null, "内容": "しらつぼ薬局【5:薬局】熊本県熊本市西区田崎１丁目３番７６号" }, "geometry": { "type": "Point", "coordinates": [ 130.684678, 32.783802 ] } },
{ "type": "Feature", "properties": { "ID": 4354300000885, "正式名称": "グリーン薬局豊岡店", "機関区分": 5, "都道府県コード": 43, "市区町村コード": 216, "所在地": "熊本県合志市豊岡字須屋久保２０００－４１３", "緯度": 32.86386, "経度": 130.73396, "url": "https://www.iryou.teikyouseido.mhlw.go.jp/znk-web/juminkanja/S2430/initialize?prefCd=43&kikanCd=4300000885&kikanKbn=5", "url2": null, "内容": "グリーン薬局豊岡店【5:薬局】熊本県合志市豊岡字須屋久保２０００－４１３" }, "geometry": { "type": "Point", "coordinates": [ 130.73396, 32.86386 ] } },
{ "type": "Feature", "properties": { "ID": 4354300000887, "正式名称": "フジモト薬局", "機関区分": 5, "都道府県コード": 43, "市区町村コード": 102, "所在地": "熊本県熊本市東区花立５丁目１－３６－２Ｆ－Ａ", "緯度": 32.788133, "経度": 130.770161, "url": "https://www.iryou.teikyouseido.mhlw.go.jp/znk-web/juminkanja/S2430/initialize?prefCd=43&kikanCd=4300000887&kikanKbn=5", "url2": "http://toyotsu-yakkyoku.mimoza.jp/", "内容": "フジモト薬局【5:薬局】熊本県熊本市東区花立５丁目１－３６－２Ｆ－Ａ" }, "geometry": { "type": "Point", "coordinates": [ 130.770161, 32.788133 ] } },
{ "type": "Feature", "properties": { "ID": 4354300000888, "正式名称": "みんなの薬局　南熊本店", "機関区分": 5, "都道府県コード": 43, "市区町村コード": 101, "所在地": "熊本県熊本市中央区南熊本２－９－４", "緯度": 32.788839, "経度": 130.713244, "url": "https://www.iryou.teikyouseido.mhlw.go.jp/znk-web/juminkanja/S2430/initialize?prefCd=43&kikanCd=4300000888&kikanKbn=5", "url2": null, "内容": "みんなの薬局　南熊本店【5:薬局】熊本県熊本市中央区南熊本２－９－４" }, "geometry": { "type": "Point", "coordinates": [ 130.713244, 32.788839 ] } },
{ "type": "Feature", "properties": { "ID": 4354300000889, "正式名称": "太陽堂薬局　県庁東店", "機関区分": 5, "都道府県コード": 43, "市区町村コード": 101, "所在地": "熊本県熊本市中央区上京塚町２－１７", "緯度": 32.791636, "経度": 130.745475, "url": "https://www.iryou.teikyouseido.mhlw.go.jp/znk-web/juminkanja/S2430/initialize?prefCd=43&kikanCd=4300000889&kikanKbn=5", "url2": "https://kanpo-yaku.com/", "内容": "太陽堂薬局　県庁東店【5:薬局】熊本県熊本市中央区上京塚町２－１７" }, "geometry": { "type": "Point", "coordinates": [ 130.745475, 32.791636 ] } },
{ "type": "Feature", "properties": { "ID": 4354300000890, "正式名称": "共生薬局　硯川店", "機関区分": 5, "都道府県コード": 43, "市区町村コード": 105, "所在地": "熊本県熊本市北区硯川町１１３１", "緯度": 32.862022, "経度": 130.690856, "url": "https://www.iryou.teikyouseido.mhlw.go.jp/znk-web/juminkanja/S2430/initialize?prefCd=43&kikanCd=4300000890&kikanKbn=5", "url2": "https://www.kyousei-pharmacy.jp", "内容": "共生薬局　硯川店【5:薬局】熊本県熊本市北区硯川町１１３１" }, "geometry": { "type": "Point", "coordinates": [ 130.690856, 32.862022 ] } },
{ "type": "Feature", "properties": { "ID": 4354300000891, "正式名称": "ウエルシア薬局　熊本麻生田店", "機関区分": 5, "都道府県コード": 43, "市区町村コード": 105, "所在地": "熊本県熊本市北区麻生田２－４－１０", "緯度": 32.84855, "経度": 130.746203, "url": "https://www.iryou.teikyouseido.mhlw.go.jp/znk-web/juminkanja/S2430/initialize?prefCd=43&kikanCd=4300000891&kikanKbn=5", "url2": "https://stores.welcia.co.jp/3773D", "内容": "ウエルシア薬局　熊本麻生田店【5:薬局】熊本県熊本市北区麻生田２－４－１０" }, "geometry": { "type": "Point", "coordinates": [ 130.746203, 32.84855 ] } },
{ "type": "Feature", "properties": { "ID": 4354300000892, "正式名称": "ゆめいろ薬局", "機関区分": 5, "都道府県コード": 43, "市区町村コード": 104, "所在地": "熊本県熊本市南区近見丁２目４－５５", "緯度": 32.764893, "経度": 130.688087, "url": "https://www.iryou.teikyouseido.mhlw.go.jp/znk-web/juminkanja/S2430/initialize?prefCd=43&kikanCd=4300000892&kikanKbn=5", "url2": "yumeiro-pharmacy.com", "内容": "ゆめいろ薬局【5:薬局】熊本県熊本市南区近見丁２目４－５５" }, "geometry": { "type": "Point", "coordinates": [ 130.688087, 32.764893 ] } },
{ "type": "Feature", "properties": { "ID": 4354300000893, "正式名称": "ルピナス薬局", "機関区分": 5, "都道府県コード": 43, "市区町村コード": 103, "所在地": "熊本県熊本市西区蓮台寺２丁目６ー７", "緯度": 32.773337, "経度": 130.690092, "url": "https://www.iryou.teikyouseido.mhlw.go.jp/znk-web/juminkanja/S2430/initialize?prefCd=43&kikanCd=4300000893&kikanKbn=5", "url2": "https://lupine-kumamoto.com", "内容": "ルピナス薬局【5:薬局】熊本県熊本市西区蓮台寺２丁目６ー７" }, "geometry": { "type": "Point", "coordinates": [ 130.690092, 32.773337 ] } },
{ "type": "Feature", "properties": { "ID": 4354300000894, "正式名称": "共生薬局　在宅調剤センター南店", "機関区分": 5, "都道府県コード": 43, "市区町村コード": 104, "所在地": "熊本県熊本市南区御幸笛田６丁目７番１号", "緯度": 32.759514, "経度": 130.712747, "url": "https://www.iryou.teikyouseido.mhlw.go.jp/znk-web/juminkanja/S2430/initialize?prefCd=43&kikanCd=4300000894&kikanKbn=5", "url2": "https://www.kyousei-pharmacy.jp/", "内容": "共生薬局　在宅調剤センター南店【5:薬局】熊本県熊本市南区御幸笛田６丁目７番１号" }, "geometry": { "type": "Point", "coordinates": [ 130.712747, 32.759514 ] } },
{ "type": "Feature", "properties": { "ID": 4354300000895, "正式名称": "いろは薬局", "機関区分": 5, "都道府県コード": 43, "市区町村コード": 101, "所在地": "熊本県熊本市中央区八王寺町３６－４３", "緯度": 32.78114, "経度": 130.715282, "url": "https://www.iryou.teikyouseido.mhlw.go.jp/znk-web/juminkanja/S2430/initialize?prefCd=43&kikanCd=4300000895&kikanKbn=5", "url2": null, "内容": "いろは薬局【5:薬局】熊本県熊本市中央区八王寺町３６－４３" }, "geometry": { "type": "Point", "coordinates": [ 130.715282, 32.78114 ] } },
{ "type": "Feature", "properties": { "ID": 4354300000896, "正式名称": "なないろ薬局　水前寺店", "機関区分": 5, "都道府県コード": 43, "市区町村コード": 101, "所在地": "熊本県熊本市中央区水前寺５丁目１５－６", "緯度": 32.79617, "経度": 130.738346, "url": "https://www.iryou.teikyouseido.mhlw.go.jp/znk-web/juminkanja/S2430/initialize?prefCd=43&kikanCd=4300000896&kikanKbn=5", "url2": "https://www.ocm-ocm.com/", "内容": "なないろ薬局　水前寺店【5:薬局】熊本県熊本市中央区水前寺５丁目１５－６" }, "geometry": { "type": "Point", "coordinates": [ 130.738346, 32.79617 ] } },
{ "type": "Feature", "properties": { "ID": 4354300000897, "正式名称": "新生堂薬局　田崎店", "機関区分": 5, "都道府県コード": 43, "市区町村コード": 103, "所在地": "熊本県熊本市西区春日７丁目２８番１０号", "緯度": 32.784111, "経度": 130.673881, "url": "https://www.iryou.teikyouseido.mhlw.go.jp/znk-web/juminkanja/S2430/initialize?prefCd=43&kikanCd=4300000897&kikanKbn=5", "url2": "https://sinseido-co.jp/", "内容": "新生堂薬局　田崎店【5:薬局】熊本県熊本市西区春日７丁目２８番１０号" }, "geometry": { "type": "Point", "coordinates": [ 130.673881, 32.784111 ] } },
{ "type": "Feature", "properties": { "ID": 4354300000898, "正式名称": "こくぶ薬局", "機関区分": 5, "都道府県コード": 43, "市区町村コード": 101, "所在地": "熊本県熊本市中央区国府１－２１－２３", "緯度": 32.79123, "経度": 130.729598, "url": "https://www.iryou.teikyouseido.mhlw.go.jp/znk-web/juminkanja/S2430/initialize?prefCd=43&kikanCd=4300000898&kikanKbn=5", "url2": null, "内容": "こくぶ薬局【5:薬局】熊本県熊本市中央区国府１－２１－２３" }, "geometry": { "type": "Point", "coordinates": [ 130.729598, 32.79123 ] } },
{ "type": "Feature", "properties": { "ID": 4354300000899, "正式名称": "泗水よしとみ薬局", "機関区分": 5, "都道府県コード": 43, "市区町村コード": 210, "所在地": "熊本県菊池市泗水町吉富１８５９", "緯度": 32.927728, "経度": 130.778553, "url": "https://www.iryou.teikyouseido.mhlw.go.jp/znk-web/juminkanja/S2430/initialize?prefCd=43&kikanCd=4300000899&kikanKbn=5", "url2": "https://www.heartfelt-web.com/", "内容": "泗水よしとみ薬局【5:薬局】熊本県菊池市泗水町吉富１８５９" }, "geometry": { "type": "Point", "coordinates": [ 130.778553, 32.927728 ] } },
{ "type": "Feature", "properties": { "ID": 4354300000900, "正式名称": "なないろ薬局　菊陽店", "機関区分": 5, "都道府県コード": 43, "市区町村コード": 404, "所在地": "熊本県菊池郡菊陽町津久礼２４１７－３", "緯度": 32.860084, "経度": 130.800013, "url": "https://www.iryou.teikyouseido.mhlw.go.jp/znk-web/juminkanja/S2430/initialize?prefCd=43&kikanCd=4300000900&kikanKbn=5", "url2": "https://www.ocm-ocm.com/", "内容": "なないろ薬局　菊陽店【5:薬局】熊本県菊池郡菊陽町津久礼２４１７－３" }, "geometry": { "type": "Point", "coordinates": [ 130.800013, 32.860084 ] } },
{ "type": "Feature", "properties": { "ID": 4354300000901, "正式名称": "西本真生堂薬局　みふね店", "機関区分": 5, "都道府県コード": 43, "市区町村コード": 441, "所在地": "熊本県上益城郡御船町御船９４８－４", "緯度": 32.71247, "経度": 130.798998, "url": "https://www.iryou.teikyouseido.mhlw.go.jp/znk-web/juminkanja/S2430/initialize?prefCd=43&kikanCd=4300000901&kikanKbn=5", "url2": "https://drug-nishimoto.com/", "内容": "西本真生堂薬局　みふね店【5:薬局】熊本県上益城郡御船町御船９４８－４" }, "geometry": { "type": "Point", "coordinates": [ 130.798998, 32.71247 ] } },
{ "type": "Feature", "properties": { "ID": 4354300000902, "正式名称": "ながたまち調剤薬局", "機関区分": 5, "都道府県コード": 43, "市区町村コード": 202, "所在地": "熊本県八代市長田町３０６５－１", "緯度": 32.509931, "経度": 130.629639, "url": "https://www.iryou.teikyouseido.mhlw.go.jp/znk-web/juminkanja/S2430/initialize?prefCd=43&kikanCd=4300000902&kikanKbn=5", "url2": null, "内容": "ながたまち調剤薬局【5:薬局】熊本県八代市長田町３０６５－１" }, "geometry": { "type": "Point", "coordinates": [ 130.629639, 32.509931 ] } },
{ "type": "Feature", "properties": { "ID": 4354300000903, "正式名称": "スカイメディカル荒尾薬局", "機関区分": 5, "都道府県コード": 43, "市区町村コード": 204, "所在地": "熊本県荒尾市荒尾４１６０－２７０", "緯度": 32.983528, "経度": 130.468162, "url": "https://www.iryou.teikyouseido.mhlw.go.jp/znk-web/juminkanja/S2430/initialize?prefCd=43&kikanCd=4300000903&kikanKbn=5", "url2": "https://skymedical.jp/pharmacy/arao/", "内容": "スカイメディカル荒尾薬局【5:薬局】熊本県荒尾市荒尾４１６０－２７０" }, "geometry": { "type": "Point", "coordinates": [ 130.468162, 32.983528 ] } },
{ "type": "Feature", "properties": { "ID": 4354300000904, "正式名称": "さどわらみのり薬局", "機関区分": 5, "都道府県コード": 43, "市区町村コード": 102, "所在地": "熊本県熊本市東区佐土原２－６－１５", "緯度": 32.793088, "経度": 130.780538, "url": "https://www.iryou.teikyouseido.mhlw.go.jp/znk-web/juminkanja/S2430/initialize?prefCd=43&kikanCd=4300000904&kikanKbn=5", "url2": null, "内容": "さどわらみのり薬局【5:薬局】熊本県熊本市東区佐土原２－６－１５" }, "geometry": { "type": "Point", "coordinates": [ 130.780538, 32.793088 ] } },
{ "type": "Feature", "properties": { "ID": 4354300000905, "正式名称": "フレンド薬局　合志店", "機関区分": 5, "都道府県コード": 43, "市区町村コード": 216, "所在地": "熊本県合志市幾久富１９０９－２２１", "緯度": 32.862858, "経度": 130.768714, "url": "https://www.iryou.teikyouseido.mhlw.go.jp/znk-web/juminkanja/S2430/initialize?prefCd=43&kikanCd=4300000905&kikanKbn=5", "url2": null, "内容": "フレンド薬局　合志店【5:薬局】熊本県合志市幾久富１９０９－２２１" }, "geometry": { "type": "Point", "coordinates": [ 130.768714, 32.862858 ] } },
{ "type": "Feature", "properties": { "ID": 4354300000907, "正式名称": "ゆらぎ薬局", "機関区分": 5, "都道府県コード": 43, "市区町村コード": 208, "所在地": "熊本県山鹿市山鹿１７００－１", "緯度": 33.013683, "経度": 130.688547, "url": "https://www.iryou.teikyouseido.mhlw.go.jp/znk-web/juminkanja/S2430/initialize?prefCd=43&kikanCd=4300000907&kikanKbn=5", "url2": "https://eli-mino.com/clp/yuragipharmacy/", "内容": "ゆらぎ薬局【5:薬局】熊本県山鹿市山鹿１７００－１" }, "geometry": { "type": "Point", "coordinates": [ 130.688547, 33.013683 ] } },
{ "type": "Feature", "properties": { "ID": 4354300000909, "正式名称": "海浜総合薬局　西原店", "機関区分": 5, "都道府県コード": 43, "市区町村コード": 432, "所在地": "熊本県阿蘇郡西原村小森３２０９－３", "緯度": 32.836851, "経度": 130.902145, "url": "https://www.iryou.teikyouseido.mhlw.go.jp/znk-web/juminkanja/S2430/initialize?prefCd=43&kikanCd=4300000909&kikanKbn=5", "url2": "https://skycreate-gloup.com/", "内容": "海浜総合薬局　西原店【5:薬局】熊本県阿蘇郡西原村小森３２０９－３" }, "geometry": { "type": "Point", "coordinates": [ 130.902145, 32.836851 ] } },
{ "type": "Feature", "properties": { "ID": 4354300000910, "正式名称": "みらい薬局", "機関区分": 5, "都道府県コード": 43, "市区町村コード": 204, "所在地": "熊本県荒尾市川登１９０７－８１", "緯度": 32.978874, "経度": 130.470074, "url": "https://www.iryou.teikyouseido.mhlw.go.jp/znk-web/juminkanja/S2430/initialize?prefCd=43&kikanCd=4300000910&kikanKbn=5", "url2": null, "内容": "みらい薬局【5:薬局】熊本県荒尾市川登１９０７－８１" }, "geometry": { "type": "Point", "coordinates": [ 130.470074, 32.978874 ] } },
{ "type": "Feature", "properties": { "ID": 4354300000911, "正式名称": "新生堂薬局　南関店", "機関区分": 5, "都道府県コード": 43, "市区町村コード": 367, "所在地": "熊本県玉名郡南関町関町１２８４", "緯度": 33.059585, "経度": 130.540817, "url": "https://www.iryou.teikyouseido.mhlw.go.jp/znk-web/juminkanja/S2430/initialize?prefCd=43&kikanCd=4300000911&kikanKbn=5", "url2": null, "内容": "新生堂薬局　南関店【5:薬局】熊本県玉名郡南関町関町１２８４" }, "geometry": { "type": "Point", "coordinates": [ 130.540817, 33.059585 ] } },
{ "type": "Feature", "properties": { "ID": 4354300000912, "正式名称": "株式会社ファルマウニオン　アップル薬局飛田バイパス店", "機関区分": 5, "都道府県コード": 43, "市区町村コード": 216, "所在地": "熊本県合志市須屋７０６－２　ラポール柴田Ⅱ　１０２号", "緯度": 32.858564, "経度": 130.728861, "url": "https://www.iryou.teikyouseido.mhlw.go.jp/znk-web/juminkanja/S2430/initialize?prefCd=43&kikanCd=4300000912&kikanKbn=5", "url2": "https://pharmaunion.co.jp", "内容": "株式会社ファルマウニオン　アップル薬局飛田バイパス店【5:薬局】熊本県合志市須屋７０６－２　ラポール柴田Ⅱ　１０２号" }, "geometry": { "type": "Point", "coordinates": [ 130.728861, 32.858564 ] } },
{ "type": "Feature", "properties": { "ID": 4354300000914, "正式名称": "新生堂薬局　光の森店", "機関区分": 5, "都道府県コード": 43, "市区町村コード": 404, "所在地": "熊本県菊池郡菊陽町光の森３丁目１２－５", "緯度": 32.861183, "経度": 130.781892, "url": "https://www.iryou.teikyouseido.mhlw.go.jp/znk-web/juminkanja/S2430/initialize?prefCd=43&kikanCd=4300000914&kikanKbn=5", "url2": "https://sinseido-co.jp/", "内容": "新生堂薬局　光の森店【5:薬局】熊本県菊池郡菊陽町光の森３丁目１２－５" }, "geometry": { "type": "Point", "coordinates": [ 130.781892, 32.861183 ] } },
{ "type": "Feature", "properties": { "ID": 4354300000915, "正式名称": "海浜総合薬局　御幸店", "機関区分": 5, "都道府県コード": 43, "市区町村コード": 104, "所在地": "熊本県熊本市南区御幸西二丁目３番７７号", "緯度": 32.758495, "経度": 130.706051, "url": "https://www.iryou.teikyouseido.mhlw.go.jp/znk-web/juminkanja/S2430/initialize?prefCd=43&kikanCd=4300000915&kikanKbn=5", "url2": "https://skycreate-gloup.com/", "内容": "海浜総合薬局　御幸店【5:薬局】熊本県熊本市南区御幸西二丁目３番７７号" }, "geometry": { "type": "Point", "coordinates": [ 130.706051, 32.758495 ] } },
{ "type": "Feature", "properties": { "ID": 4354300000916, "正式名称": "グリーン薬局　佐土原店", "機関区分": 5, "都道府県コード": 43, "市区町村コード": 102, "所在地": "熊本県熊本市東区佐土原３丁目１１番４０号", "緯度": 32.795462, "経度": 130.781668, "url": "https://www.iryou.teikyouseido.mhlw.go.jp/znk-web/juminkanja/S2430/initialize?prefCd=43&kikanCd=4300000916&kikanKbn=5", "url2": "http://medics-k.jp/wp/", "内容": "グリーン薬局　佐土原店【5:薬局】熊本県熊本市東区佐土原３丁目１１番４０号" }, "geometry": { "type": "Point", "coordinates": [ 130.781668, 32.795462 ] } },
{ "type": "Feature", "properties": { "ID": 4354300000917, "正式名称": "しんち薬局", "機関区分": 5, "都道府県コード": 43, "市区町村コード": 105, "所在地": "熊本県熊本市北区清水新地６－８－２２", "緯度": 32.853118, "経度": 130.741791, "url": "https://www.iryou.teikyouseido.mhlw.go.jp/znk-web/juminkanja/S2430/initialize?prefCd=43&kikanCd=4300000917&kikanKbn=5", "url2": "https://mebius-yakkyoku.com/", "内容": "しんち薬局【5:薬局】熊本県熊本市北区清水新地６－８－２２" }, "geometry": { "type": "Point", "coordinates": [ 130.741791, 32.853118 ] } },
{ "type": "Feature", "properties": { "ID": 4354300000920, "正式名称": "ウエルシアプラス薬局熊本島町店", "機関区分": 5, "都道府県コード": 43, "市区町村コード": 104, "所在地": "熊本県熊本市南区島町３丁目１１番４８号", "緯度": 32.765996, "経度": 130.677544, "url": "https://www.iryou.teikyouseido.mhlw.go.jp/znk-web/juminkanja/S2430/initialize?prefCd=43&kikanCd=4300000920&kikanKbn=5", "url2": "https://www.aeon-kyushu.info/lp/aeon-welcia-kyushu/", "内容": "ウエルシアプラス薬局熊本島町店【5:薬局】熊本県熊本市南区島町３丁目１１番４８号" }, "geometry": { "type": "Point", "coordinates": [ 130.677544, 32.765996 ] } },
{ "type": "Feature", "properties": { "ID": 4354300000921, "正式名称": "フレンド薬局　京町台店", "機関区分": 5, "都道府県コード": 43, "市区町村コード": 101, "所在地": "熊本県熊本市中央区京町２丁目１４－１５－１", "緯度": 32.814239, "経度": 130.705969, "url": "https://www.iryou.teikyouseido.mhlw.go.jp/znk-web/juminkanja/S2430/initialize?prefCd=43&kikanCd=4300000921&kikanKbn=5", "url2": null, "内容": "フレンド薬局　京町台店【5:薬局】熊本県熊本市中央区京町２丁目１４－１５－１" }, "geometry": { "type": "Point", "coordinates": [ 130.705969, 32.814239 ] } },
{ "type": "Feature", "properties": { "ID": 4354300000922, "正式名称": "ジロー薬局", "機関区分": 5, "都道府県コード": 43, "市区町村コード": 103, "所在地": "熊本県熊本市西区上代４丁目１３番２８号", "緯度": 32.776581, "経度": 130.667646, "url": "https://www.iryou.teikyouseido.mhlw.go.jp/znk-web/juminkanja/S2430/initialize?prefCd=43&kikanCd=4300000922&kikanKbn=5", "url2": "https://www.jiropharmacy.com/", "内容": "ジロー薬局【5:薬局】熊本県熊本市西区上代４丁目１３番２８号" }, "geometry": { "type": "Point", "coordinates": [ 130.667646, 32.776581 ] } },
{ "type": "Feature", "properties": { "ID": 4354300000923, "正式名称": "ドラッグイレブン薬局月出店", "機関区分": 5, "都道府県コード": 43, "市区町村コード": 102, "所在地": "熊本県熊本市東区月出１丁目５番１７号", "緯度": 32.802587, "経度": 130.762917, "url": "https://www.iryou.teikyouseido.mhlw.go.jp/znk-web/juminkanja/S2430/initialize?prefCd=43&kikanCd=4300000923&kikanKbn=5", "url2": "https://shop.tsuruha-g.com/4853", "内容": "ドラッグイレブン薬局月出店【5:薬局】熊本県熊本市東区月出１丁目５番１７号" }, "geometry": { "type": "Point", "coordinates": [ 130.762917, 32.802587 ] } },
{ "type": "Feature", "properties": { "ID": 4354300000924, "正式名称": "福永調剤薬局城南店", "機関区分": 5, "都道府県コード": 43, "市区町村コード": 104, "所在地": "熊本県熊本市南区城南町阿高１４７－７", "緯度": 32.700253, "経度": 130.7295, "url": "https://www.iryou.teikyouseido.mhlw.go.jp/znk-web/juminkanja/S2430/initialize?prefCd=43&kikanCd=4300000924&kikanKbn=5", "url2": "https://www.matsukiyococokara-online.com/map?kid=20002492", "内容": "福永調剤薬局城南店【5:薬局】熊本県熊本市南区城南町阿高１４７－７" }, "geometry": { "type": "Point", "coordinates": [ 130.7295, 32.700253 ] } },
{ "type": "Feature", "properties": { "ID": 4354300000925, "正式名称": "うさぎ薬局女子大通店", "機関区分": 5, "都道府県コード": 43, "市区町村コード": 101, "所在地": "熊本県熊本市中央区帯山３丁目１５－１１", "緯度": 32.799855, "経度": 130.750242, "url": "https://www.iryou.teikyouseido.mhlw.go.jp/znk-web/juminkanja/S2430/initialize?prefCd=43&kikanCd=4300000925&kikanKbn=5", "url2": "https://usagi-pharmacy.net/", "内容": "うさぎ薬局女子大通店【5:薬局】熊本県熊本市中央区帯山３丁目１５－１１" }, "geometry": { "type": "Point", "coordinates": [ 130.750242, 32.799855 ] } },
{ "type": "Feature", "properties": { "ID": 4354300000926, "正式名称": "有限会社調剤薬局ケンコー堂植木店", "機関区分": 5, "都道府県コード": 43, "市区町村コード": 105, "所在地": "熊本県熊本市北区植木町舞尾５４２－２", "緯度": 32.901289, "経度": 130.689571, "url": "https://www.iryou.teikyouseido.mhlw.go.jp/znk-web/juminkanja/S2430/initialize?prefCd=43&kikanCd=4300000926&kikanKbn=5", "url2": null, "内容": "有限会社調剤薬局ケンコー堂植木店【5:薬局】熊本県熊本市北区植木町舞尾５４２－２" }, "geometry": { "type": "Point", "coordinates": [ 130.689571, 32.901289 ] } },
{ "type": "Feature", "properties": { "ID": 4354300000927, "正式名称": "共生薬局　南高江店", "機関区分": 5, "都道府県コード": 43, "市区町村コード": 104, "所在地": "熊本県熊本市南区南高江７丁目７－５４", "緯度": 32.745064, "経度": 130.689319, "url": "https://www.iryou.teikyouseido.mhlw.go.jp/znk-web/juminkanja/S2430/initialize?prefCd=43&kikanCd=4300000927&kikanKbn=5", "url2": null, "内容": "共生薬局　南高江店【5:薬局】熊本県熊本市南区南高江７丁目７－５４" }, "geometry": { "type": "Point", "coordinates": [ 130.689319, 32.745064 ] } },
{ "type": "Feature", "properties": { "ID": 4354300000928, "正式名称": "やまと薬局光の森店", "機関区分": 5, "都道府県コード": 43, "市区町村コード": 216, "所在地": "熊本県合志市幾久富１９０９－１３８７", "緯度": 32.862858, "経度": 130.768714, "url": "https://www.iryou.teikyouseido.mhlw.go.jp/znk-web/juminkanja/S2430/initialize?prefCd=43&kikanCd=4300000928&kikanKbn=5", "url2": "https://yamato-pharmacy.jimdosite.com/", "内容": "やまと薬局光の森店【5:薬局】熊本県合志市幾久富１９０９－１３８７" }, "geometry": { "type": "Point", "coordinates": [ 130.768714, 32.862858 ] } },
{ "type": "Feature", "properties": { "ID": 4354300000929, "正式名称": "新生堂薬局　熊本東在宅サポートセンター", "機関区分": 5, "都道府県コード": 43, "市区町村コード": 102, "所在地": "熊本県熊本市東区佐土原３丁目１１－９８", "緯度": 32.795197, "経度": 130.781506, "url": "https://www.iryou.teikyouseido.mhlw.go.jp/znk-web/juminkanja/S2430/initialize?prefCd=43&kikanCd=4300000929&kikanKbn=5", "url2": null, "内容": "新生堂薬局　熊本東在宅サポートセンター【5:薬局】熊本県熊本市東区佐土原３丁目１１－９８" }, "geometry": { "type": "Point", "coordinates": [ 130.781506, 32.795197 ] } },
{ "type": "Feature", "properties": { "ID": 4354300000930, "正式名称": "松林堂薬局　花園店", "機関区分": 5, "都道府県コード": 43, "市区町村コード": 103, "所在地": "熊本県熊本市西区花園１丁目２０－６３", "緯度": 32.815112, "経度": 130.696993, "url": "https://www.iryou.teikyouseido.mhlw.go.jp/znk-web/juminkanja/S2430/initialize?prefCd=43&kikanCd=4300000930&kikanKbn=5", "url2": null, "内容": "松林堂薬局　花園店【5:薬局】熊本県熊本市西区花園１丁目２０－６３" }, "geometry": { "type": "Point", "coordinates": [ 130.696993, 32.815112 ] } },
{ "type": "Feature", "properties": { "ID": 4354300000931, "正式名称": "うさぎ薬局水俣店", "機関区分": 5, "都道府県コード": 43, "市区町村コード": 205, "所在地": "熊本県水俣市天神町１－３－１４", "緯度": 32.210642, "経度": 130.406381, "url": "https://www.iryou.teikyouseido.mhlw.go.jp/znk-web/juminkanja/S2430/initialize?prefCd=43&kikanCd=4300000931&kikanKbn=5", "url2": null, "内容": "うさぎ薬局水俣店【5:薬局】熊本県水俣市天神町１－３－１４" }, "geometry": { "type": "Point", "coordinates": [ 130.406381, 32.210642 ] } },
{ "type": "Feature", "properties": { "ID": 4354300000932, "正式名称": "くろひじ薬局", "機関区分": 5, "都道府県コード": 43, "市区町村コード": 505, "所在地": "熊本県球磨郡多良木町黒肥地１６１３番地６", "緯度": 32.274531, "経度": 130.940425, "url": "https://www.iryou.teikyouseido.mhlw.go.jp/znk-web/juminkanja/S2430/initialize?prefCd=43&kikanCd=4300000932&kikanKbn=5", "url2": "https://yamaguchi-ph.jimdofree.com/", "内容": "くろひじ薬局【5:薬局】熊本県球磨郡多良木町黒肥地１６１３番地６" }, "geometry": { "type": "Point", "coordinates": [ 130.940425, 32.274531 ] } },
{ "type": "Feature", "properties": { "ID": 4354300000933, "正式名称": "ネクスト薬局", "機関区分": 5, "都道府県コード": 43, "市区町村コード": 212, "所在地": "熊本県上天草市大矢野町中１１８８－１", "緯度": 32.579872, "経度": 130.425647, "url": "https://www.iryou.teikyouseido.mhlw.go.jp/znk-web/juminkanja/S2430/initialize?prefCd=43&kikanCd=4300000933&kikanKbn=5", "url2": null, "内容": "ネクスト薬局【5:薬局】熊本県上天草市大矢野町中１１８８－１" }, "geometry": { "type": "Point", "coordinates": [ 130.425647, 32.579872 ] } },
{ "type": "Feature", "properties": { "ID": 4354300000934, "正式名称": "共生薬局荒尾店", "機関区分": 5, "都道府県コード": 43, "市区町村コード": 204, "所在地": "熊本県荒尾市万田３６１－１", "緯度": 32.996463, "経度": 130.441498, "url": "https://www.iryou.teikyouseido.mhlw.go.jp/znk-web/juminkanja/S2430/initialize?prefCd=43&kikanCd=4300000934&kikanKbn=5", "url2": null, "内容": "共生薬局荒尾店【5:薬局】熊本県荒尾市万田３６１－１" }, "geometry": { "type": "Point", "coordinates": [ 130.441498, 32.996463 ] } },
{ "type": "Feature", "properties": { "ID": 4354300000935, "正式名称": "ドラッグセイムス熊本龍田薬局", "機関区分": 5, "都道府県コード": 43, "市区町村コード": 105, "所在地": "熊本県熊本市北区龍田９丁目４番３９号", "緯度": 32.844886, "経度": 130.762574, "url": "https://www.iryou.teikyouseido.mhlw.go.jp/znk-web/juminkanja/S2430/initialize?prefCd=43&kikanCd=4300000935&kikanKbn=5", "url2": "https://www.kyusyu-seims.co.jp/tenpo/kumamoto/79.html", "内容": "ドラッグセイムス熊本龍田薬局【5:薬局】熊本県熊本市北区龍田９丁目４番３９号" }, "geometry": { "type": "Point", "coordinates": [ 130.762574, 32.844886 ] } },
{ "type": "Feature", "properties": { "ID": 4354300000936, "正式名称": "あおば薬局", "機関区分": 5, "都道府県コード": 43, "市区町村コード": 102, "所在地": "熊本県熊本市東区若葉３丁目１２ー１０ー１", "緯度": 32.773579, "経度": 130.765021, "url": "https://www.iryou.teikyouseido.mhlw.go.jp/znk-web/juminkanja/S2430/initialize?prefCd=43&kikanCd=4300000936&kikanKbn=5", "url2": "https://www.aobaparmacy.com", "内容": "あおば薬局【5:薬局】熊本県熊本市東区若葉３丁目１２ー１０ー１" }, "geometry": { "type": "Point", "coordinates": [ 130.765021, 32.773579 ] } },
{ "type": "Feature", "properties": { "ID": 4354300000939, "正式名称": "田迎薬局", "機関区分": 5, "都道府県コード": 43, "市区町村コード": 104, "所在地": "熊本県熊本市南区出仲間８－１－１０", "緯度": 32.768803, "経度": 130.718225, "url": "https://www.iryou.teikyouseido.mhlw.go.jp/znk-web/juminkanja/S2430/initialize?prefCd=43&kikanCd=4300000939&kikanKbn=5", "url2": null, "内容": "田迎薬局【5:薬局】熊本県熊本市南区出仲間８－１－１０" }, "geometry": { "type": "Point", "coordinates": [ 130.718225, 32.768803 ] } },
{ "type": "Feature", "properties": { "ID": 4354300000940, "正式名称": "共生薬局　島町店", "機関区分": 5, "都道府県コード": 43, "市区町村コード": 104, "所在地": "熊本県熊本市南区島町４丁目１４－３６", "緯度": 32.763609, "経度": 130.677415, "url": "https://www.iryou.teikyouseido.mhlw.go.jp/znk-web/juminkanja/S2430/initialize?prefCd=43&kikanCd=4300000940&kikanKbn=5", "url2": "http://www.alpharma.co.jp/", "内容": "共生薬局　島町店【5:薬局】熊本県熊本市南区島町４丁目１４－３６" }, "geometry": { "type": "Point", "coordinates": [ 130.677415, 32.763609 ] } },
{ "type": "Feature", "properties": { "ID": 4354300000941, "正式名称": "クオール薬局山鹿店", "機関区分": 5, "都道府県コード": 43, "市区町村コード": 208, "所在地": "熊本県山鹿市山鹿１４７９", "緯度": 33.017098, "経度": 130.688264, "url": "https://www.iryou.teikyouseido.mhlw.go.jp/znk-web/juminkanja/S2430/initialize?prefCd=43&kikanCd=4300000941&kikanKbn=5", "url2": "https://store.qol-net.co.jp/detail/1187/", "内容": "クオール薬局山鹿店【5:薬局】熊本県山鹿市山鹿１４７９" }, "geometry": { "type": "Point", "coordinates": [ 130.688264, 33.017098 ] } },
{ "type": "Feature", "properties": { "ID": 4354300000942, "正式名称": "ありあけ薬局", "機関区分": 5, "都道府県コード": 43, "市区町村コード": 215, "所在地": "熊本県天草市有明町大島子１９４９－３", "緯度": 32.477051, "経度": 130.26079, "url": "https://www.iryou.teikyouseido.mhlw.go.jp/znk-web/juminkanja/S2430/initialize?prefCd=43&kikanCd=4300000942&kikanKbn=5", "url2": "https://ariake-ph.hacca.jp/wp2024.4.13", "内容": "ありあけ薬局【5:薬局】熊本県天草市有明町大島子１９４９－３" }, "geometry": { "type": "Point", "coordinates": [ 130.26079, 32.477051 ] } },
{ "type": "Feature", "properties": { "ID": 4354300000943, "正式名称": "すいれん薬局", "機関区分": 5, "都道府県コード": 43, "市区町村コード": 101, "所在地": "熊本県熊本市中央区水前寺公園４番３４号", "緯度": 32.79088, "経度": 130.732548, "url": "https://www.iryou.teikyouseido.mhlw.go.jp/znk-web/juminkanja/S2430/initialize?prefCd=43&kikanCd=4300000943&kikanKbn=5", "url2": "https://pharma-daiwa.co.jp/store/store_detail.php?seq=46", "内容": "すいれん薬局【5:薬局】熊本県熊本市中央区水前寺公園４番３４号" }, "geometry": { "type": "Point", "coordinates": [ 130.732548, 32.79088 ] } },
{ "type": "Feature", "properties": { "ID": 4354300000944, "正式名称": "有限会社　松林堂薬局　龍田店", "機関区分": 5, "都道府県コード": 43, "市区町村コード": 105, "所在地": "熊本県熊本市北区龍田１丁目１６－６", "緯度": 32.832725, "経度": 130.757028, "url": "https://www.iryou.teikyouseido.mhlw.go.jp/znk-web/juminkanja/S2430/initialize?prefCd=43&kikanCd=4300000944&kikanKbn=5", "url2": "https://syourindo.co.jp/", "内容": "有限会社　松林堂薬局　龍田店【5:薬局】熊本県熊本市北区龍田１丁目１６－６" }, "geometry": { "type": "Point", "coordinates": [ 130.757028, 32.832725 ] } },
{ "type": "Feature", "properties": { "ID": 4354300000945, "正式名称": "はちみつ薬局", "機関区分": 5, "都道府県コード": 43, "市区町村コード": 102, "所在地": "熊本県熊本市東区戸島西３－１－３６", "緯度": 32.812842, "経度": 130.780361, "url": "https://www.iryou.teikyouseido.mhlw.go.jp/znk-web/juminkanja/S2430/initialize?prefCd=43&kikanCd=4300000945&kikanKbn=5", "url2": null, "内容": "はちみつ薬局【5:薬局】熊本県熊本市東区戸島西３－１－３６" }, "geometry": { "type": "Point", "coordinates": [ 130.780361, 32.812842 ] } },
{ "type": "Feature", "properties": { "ID": 4354300000946, "正式名称": "ややまち薬局", "機関区分": 5, "都道府県コード": 43, "市区町村コード": 104, "所在地": "熊本県熊本市南区良町４丁目４番３７号", "緯度": 32.759642, "経度": 130.725409, "url": "https://www.iryou.teikyouseido.mhlw.go.jp/znk-web/juminkanja/S2430/initialize?prefCd=43&kikanCd=4300000946&kikanKbn=5", "url2": "https://pharma-daiwa.co.jp", "内容": "ややまち薬局【5:薬局】熊本県熊本市南区良町４丁目４番３７号" }, "geometry": { "type": "Point", "coordinates": [ 130.725409, 32.759642 ] } },
{ "type": "Feature", "properties": { "ID": 4354300000947, "正式名称": "ゆうすい調剤薬局", "機関区分": 5, "都道府県コード": 43, "市区町村コード": 442, "所在地": "熊本県上益城郡嘉島町北甘木２２５７番地７", "緯度": 32.745164, "経度": 130.771561, "url": "https://www.iryou.teikyouseido.mhlw.go.jp/znk-web/juminkanja/S2430/initialize?prefCd=43&kikanCd=4300000947&kikanKbn=5", "url2": null, "内容": "ゆうすい調剤薬局【5:薬局】熊本県上益城郡嘉島町北甘木２２５７番地７" }, "geometry": { "type": "Point", "coordinates": [ 130.771561, 32.745164 ] } },
{ "type": "Feature", "properties": { "ID": 4354300000948, "正式名称": "株式会社大賀薬局菊陽２号店", "機関区分": 5, "都道府県コード": 43, "市区町村コード": 404, "所在地": "熊本県菊池郡菊陽町原水２９０９－３", "緯度": 32.87696, "経度": 130.841859, "url": "https://www.iryou.teikyouseido.mhlw.go.jp/znk-web/juminkanja/S2430/initialize?prefCd=43&kikanCd=4300000948&kikanKbn=5", "url2": "https://www.ohga-ph.com/", "内容": "株式会社大賀薬局菊陽２号店【5:薬局】熊本県菊池郡菊陽町原水２９０９－３" }, "geometry": { "type": "Point", "coordinates": [ 130.841859, 32.87696 ] } },
{ "type": "Feature", "properties": { "ID": 4354300000949, "正式名称": "松林堂薬局　一の宮店", "機関区分": 5, "都道府県コード": 43, "市区町村コード": 214, "所在地": "熊本県阿蘇市一の宮町宮地１７９３－１", "緯度": 32.95063, "経度": 131.120613, "url": "https://www.iryou.teikyouseido.mhlw.go.jp/znk-web/juminkanja/S2430/initialize?prefCd=43&kikanCd=4300000949&kikanKbn=5", "url2": null, "内容": "松林堂薬局　一の宮店【5:薬局】熊本県阿蘇市一の宮町宮地１７９３－１" }, "geometry": { "type": "Point", "coordinates": [ 131.120613, 32.95063 ] } },
{ "type": "Feature", "properties": { "ID": 4354300000952, "正式名称": "クスノキ薬局　あいだ店", "機関区分": 5, "都道府県コード": 43, "市区町村コード": 203, "所在地": "熊本県人吉市東間上町２８１２－５", "緯度": 32.197599, "経度": 130.768442, "url": "https://www.iryou.teikyouseido.mhlw.go.jp/znk-web/juminkanja/S2430/initialize?prefCd=43&kikanCd=4300000952&kikanKbn=5", "url2": null, "内容": "クスノキ薬局　あいだ店【5:薬局】熊本県人吉市東間上町２８１２－５" }, "geometry": { "type": "Point", "coordinates": [ 130.768442, 32.197599 ] } },
{ "type": "Feature", "properties": { "ID": 4354300000953, "正式名称": "アル薬局　光の森店", "機関区分": 5, "都道府県コード": 43, "市区町村コード": 404, "所在地": "熊本県菊池郡菊陽町光の森５丁目２０－１１", "緯度": 32.863148, "経度": 130.78225, "url": "https://www.iryou.teikyouseido.mhlw.go.jp/znk-web/juminkanja/S2430/initialize?prefCd=43&kikanCd=4300000953&kikanKbn=5", "url2": null, "内容": "アル薬局　光の森店【5:薬局】熊本県菊池郡菊陽町光の森５丁目２０－１１" }, "geometry": { "type": "Point", "coordinates": [ 130.78225, 32.863148 ] } },
{ "type": "Feature", "properties": { "ID": 4354300000954, "正式名称": "大信薬局　荒尾店", "機関区分": 5, "都道府県コード": 43, "市区町村コード": 204, "所在地": "熊本県荒尾市荒尾１９９４番地", "緯度": 32.973385, "経度": 130.440496, "url": "https://www.iryou.teikyouseido.mhlw.go.jp/znk-web/juminkanja/S2430/initialize?prefCd=43&kikanCd=4300000954&kikanKbn=5", "url2": "https://taishinph.co.jp/cstore/%e5%a4%a7%e4%bf%a1%e8%96%ac%e5%b1%80%e8%8d%92%e5%b0%be%e5%ba%97/", "内容": "大信薬局　荒尾店【5:薬局】熊本県荒尾市荒尾１９９４番地" }, "geometry": { "type": "Point", "coordinates": [ 130.440496, 32.973385 ] } },
{ "type": "Feature", "properties": { "ID": 4354300000957, "正式名称": "きらり薬局　江越店", "機関区分": 5, "都道府県コード": 43, "市区町村コード": 104, "所在地": "熊本県熊本市南区江越１丁目８－２２", "緯度": 32.7769, "経度": 130.702594, "url": "https://www.iryou.teikyouseido.mhlw.go.jp/znk-web/juminkanja/S2430/initialize?prefCd=43&kikanCd=4300000957&kikanKbn=5", "url2": "https://kirari3.com", "内容": "きらり薬局　江越店【5:薬局】熊本県熊本市南区江越１丁目８－２２" }, "geometry": { "type": "Point", "coordinates": [ 130.702594, 32.7769 ] } },
{ "type": "Feature", "properties": { "ID": 4354300000958, "正式名称": "共生薬局　子飼町店", "機関区分": 5, "都道府県コード": 43, "市区町村コード": 101, "所在地": "熊本県熊本市中央区西子飼町６－７", "緯度": 32.812214, "経度": 130.717905, "url": "https://www.iryou.teikyouseido.mhlw.go.jp/znk-web/juminkanja/S2430/initialize?prefCd=43&kikanCd=4300000958&kikanKbn=5", "url2": "https://kyousei-pharmacy.jp/", "内容": "共生薬局　子飼町店【5:薬局】熊本県熊本市中央区西子飼町６－７" }, "geometry": { "type": "Point", "coordinates": [ 130.717905, 32.812214 ] } },
{ "type": "Feature", "properties": { "ID": 4354300000959, "正式名称": "（株）アインファーマシーズ　アイン薬局　熊大店", "機関区分": 5, "都道府県コード": 43, "市区町村コード": 101, "所在地": "熊本県熊本市中央区本荘一丁目１番１－１号くすのきテラス　１階", "緯度": 32.7951901, "経度": 130.7109247, "url": "https://www.iryou.teikyouseido.mhlw.go.jp/znk-web/juminkanja/S2430/initialize?prefCd=43&kikanCd=4300000959&kikanKbn=5", "url2": "https://www.ainj.co.jp/", "内容": "（株）アインファーマシーズ　アイン薬局　熊大店【5:薬局】熊本県熊本市中央区本荘一丁目１番１－１号くすのきテラス　１階" }, "geometry": { "type": "Point", "coordinates": [ 130.7109247, 32.7951901 ] } },
{ "type": "Feature", "properties": { "ID": 4354300000960, "正式名称": "ウエルシアプラス薬局永江団地店", "機関区分": 5, "都道府県コード": 43, "市区町村コード": 216, "所在地": "熊本県合志市幾久富１８６６－１３９５", "緯度": 32.867927, "経度": 130.777689, "url": "https://www.iryou.teikyouseido.mhlw.go.jp/znk-web/juminkanja/S2430/initialize?prefCd=43&kikanCd=4300000960&kikanKbn=5", "url2": "https://www.aeon-kyushu.info/lp/aeon-welcia-kyushu/", "内容": "ウエルシアプラス薬局永江団地店【5:薬局】熊本県合志市幾久富１８６６－１３９５" }, "geometry": { "type": "Point", "coordinates": [ 130.777689, 32.867927 ] } },
{ "type": "Feature", "properties": { "ID": 4354300000961, "正式名称": "三気堂薬局　飛田店", "機関区分": 5, "都道府県コード": 43, "市区町村コード": 105, "所在地": "熊本県熊本市北区飛田４丁目１０－７", "緯度": 32.853606, "経度": 130.722892, "url": "https://www.iryou.teikyouseido.mhlw.go.jp/znk-web/juminkanja/S2430/initialize?prefCd=43&kikanCd=4300000961&kikanKbn=5", "url2": "https://sankido-kumamoto.com/", "内容": "三気堂薬局　飛田店【5:薬局】熊本県熊本市北区飛田４丁目１０－７" }, "geometry": { "type": "Point", "coordinates": [ 130.722892, 32.853606 ] } },
{ "type": "Feature", "properties": { "ID": 4354300000962, "正式名称": "ミユキ薬局　出仲間店", "機関区分": 5, "都道府県コード": 43, "市区町村コード": 104, "所在地": "熊本県熊本市南区出仲間５丁目２番１６号", "緯度": 32.769494, "経度": 130.716981, "url": "https://www.iryou.teikyouseido.mhlw.go.jp/znk-web/juminkanja/S2430/initialize?prefCd=43&kikanCd=4300000962&kikanKbn=5", "url2": "https://drugmiyuki.com/", "内容": "ミユキ薬局　出仲間店【5:薬局】熊本県熊本市南区出仲間５丁目２番１６号" }, "geometry": { "type": "Point", "coordinates": [ 130.716981, 32.769494 ] } },
{ "type": "Feature", "properties": { "ID": 4354300000963, "正式名称": "熊本調剤薬局　花立店", "機関区分": 5, "都道府県コード": 43, "市区町村コード": 102, "所在地": "熊本県熊本市東区花立５丁目９－２７", "緯度": 32.788003, "経度": 130.773211, "url": "https://www.iryou.teikyouseido.mhlw.go.jp/znk-web/juminkanja/S2430/initialize?prefCd=43&kikanCd=4300000963&kikanKbn=5", "url2": "https://www.kiyama-drug.com/", "内容": "熊本調剤薬局　花立店【5:薬局】熊本県熊本市東区花立５丁目９－２７" }, "geometry": { "type": "Point", "coordinates": [ 130.773211, 32.788003 ] } },
{ "type": "Feature", "properties": { "ID": 4354300000964, "正式名称": "日本調剤　健軍薬局", "機関区分": 5, "都道府県コード": 43, "市区町村コード": 102, "所在地": "熊本県熊本市東区健軍本町２４－１０", "緯度": 32.787277, "経度": 130.757843, "url": "https://www.iryou.teikyouseido.mhlw.go.jp/znk-web/juminkanja/S2430/initialize?prefCd=43&kikanCd=4300000964&kikanKbn=5", "url2": "https://www.nicho.co.jp/tenpo/kengun/", "内容": "日本調剤　健軍薬局【5:薬局】熊本県熊本市東区健軍本町２４－１０" }, "geometry": { "type": "Point", "coordinates": [ 130.757843, 32.787277 ] } },
{ "type": "Feature", "properties": { "ID": 4354300000966, "正式名称": "内牧かみまち薬局", "機関区分": 5, "都道府県コード": 43, "市区町村コード": 214, "所在地": "熊本県阿蘇市内牧１０６番地１", "緯度": 32.975464, "経度": 131.043123, "url": "https://www.iryou.teikyouseido.mhlw.go.jp/znk-web/juminkanja/S2430/initialize?prefCd=43&kikanCd=4300000966&kikanKbn=5", "url2": "https://www.heartfelt-web.com/", "内容": "内牧かみまち薬局【5:薬局】熊本県阿蘇市内牧１０６番地１" }, "geometry": { "type": "Point", "coordinates": [ 131.043123, 32.975464 ] } },
{ "type": "Feature", "properties": { "ID": 4354300000967, "正式名称": "近見調剤薬局", "機関区分": 5, "都道府県コード": 43, "市区町村コード": 104, "所在地": "熊本県熊本市南区近見１－４－１０－１０１", "緯度": 32.76639, "経度": 130.691192, "url": "https://www.iryou.teikyouseido.mhlw.go.jp/znk-web/juminkanja/S2430/initialize?prefCd=43&kikanCd=4300000967&kikanKbn=5", "url2": "https://link-ph.jp/", "内容": "近見調剤薬局【5:薬局】熊本県熊本市南区近見１－４－１０－１０１" }, "geometry": { "type": "Point", "coordinates": [ 130.691192, 32.76639 ] } },
{ "type": "Feature", "properties": { "ID": 4354300000968, "正式名称": "はままち薬局", "機関区分": 5, "都道府県コード": 43, "市区町村コード": 447, "所在地": "熊本県上益城郡山都町浜町２０２番地３", "緯度": 32.684176, "経度": 130.984484, "url": "https://www.iryou.teikyouseido.mhlw.go.jp/znk-web/juminkanja/S2430/initialize?prefCd=43&kikanCd=4300000968&kikanKbn=5", "url2": null, "内容": "はままち薬局【5:薬局】熊本県上益城郡山都町浜町２０２番地３" }, "geometry": { "type": "Point", "coordinates": [ 130.984484, 32.684176 ] } },
{ "type": "Feature", "properties": { "ID": 4354300000969, "正式名称": "りんご薬局　清水店", "機関区分": 5, "都道府県コード": 43, "市区町村コード": 105, "所在地": "熊本県熊本市北区清水岩倉２丁目１－５", "緯度": 32.842612, "経度": 130.735868, "url": "https://www.iryou.teikyouseido.mhlw.go.jp/znk-web/juminkanja/S2430/initialize?prefCd=43&kikanCd=4300000969&kikanKbn=5", "url2": null, "内容": "りんご薬局　清水店【5:薬局】熊本県熊本市北区清水岩倉２丁目１－５" }, "geometry": { "type": "Point", "coordinates": [ 130.735868, 32.842612 ] } },
{ "type": "Feature", "properties": { "ID": 4354300000970, "正式名称": "ルピナス薬局　えず店", "機関区分": 5, "都道府県コード": 43, "市区町村コード": 102, "所在地": "熊本県熊本市東区画図町重富５０９－１０", "緯度": 32.762434, "経度": 130.729339, "url": "https://www.iryou.teikyouseido.mhlw.go.jp/znk-web/juminkanja/S2430/initialize?prefCd=43&kikanCd=4300000970&kikanKbn=5", "url2": null, "内容": "ルピナス薬局　えず店【5:薬局】熊本県熊本市東区画図町重富５０９－１０" }, "geometry": { "type": "Point", "coordinates": [ 130.729339, 32.762434 ] } },
{ "type": "Feature", "properties": { "ID": 4354300000971, "正式名称": "共生薬局　鳶町店", "機関区分": 5, "都道府県コード": 43, "市区町村コード": 104, "所在地": "熊本県熊本市南区鳶町２丁目８ー６", "緯度": 32.758264, "経度": 130.67572, "url": "https://www.iryou.teikyouseido.mhlw.go.jp/znk-web/juminkanja/S2430/initialize?prefCd=43&kikanCd=4300000971&kikanKbn=5", "url2": "https://kyousei-pharmacy.jp/", "内容": "共生薬局　鳶町店【5:薬局】熊本県熊本市南区鳶町２丁目８ー６" }, "geometry": { "type": "Point", "coordinates": [ 130.67572, 32.758264 ] } },
{ "type": "Feature", "properties": { "ID": 4354300000972, "正式名称": "熊本調剤薬局　大津店", "機関区分": 5, "都道府県コード": 43, "市区町村コード": 403, "所在地": "熊本県菊池郡大津町室５１番地１", "緯度": 32.879281, "経度": 130.862722, "url": "https://www.iryou.teikyouseido.mhlw.go.jp/znk-web/juminkanja/S2430/initialize?prefCd=43&kikanCd=4300000972&kikanKbn=5", "url2": "https://www.kiyama-drug.com/", "内容": "熊本調剤薬局　大津店【5:薬局】熊本県菊池郡大津町室５１番地１" }, "geometry": { "type": "Point", "coordinates": [ 130.862722, 32.879281 ] } },
{ "type": "Feature", "properties": { "ID": 4354300000973, "正式名称": "あいおい薬局", "機関区分": 5, "都道府県コード": 43, "市区町村コード": 216, "所在地": "熊本県合志市合生３８２８番地３", "緯度": 32.906928, "経度": 130.759496, "url": "https://www.iryou.teikyouseido.mhlw.go.jp/znk-web/juminkanja/S2430/initialize?prefCd=43&kikanCd=4300000973&kikanKbn=5", "url2": "https://pharma-daiwa.co.jp", "内容": "あいおい薬局【5:薬局】熊本県合志市合生３８２８番地３" }, "geometry": { "type": "Point", "coordinates": [ 130.759496, 32.906928 ] } },
{ "type": "Feature", "properties": { "ID": 4354300000975, "正式名称": "嘉島むすび薬局", "機関区分": 5, "都道府県コード": 43, "市区町村コード": 442, "所在地": "熊本県上益城郡嘉島町上島２６６７－１", "緯度": 32.738855, "経度": 130.75142, "url": "https://www.iryou.teikyouseido.mhlw.go.jp/znk-web/juminkanja/S2430/initialize?prefCd=43&kikanCd=4300000975&kikanKbn=5", "url2": "https://pharma-daiwa.co.jp", "内容": "嘉島むすび薬局【5:薬局】熊本県上益城郡嘉島町上島２６６７－１" }, "geometry": { "type": "Point", "coordinates": [ 130.75142, 32.738855 ] } },
{ "type": "Feature", "properties": { "ID": 4354300000976, "正式名称": "木山薬局　南新町店", "機関区分": 5, "都道府県コード": 43, "市区町村コード": 215, "所在地": "熊本県天草市南新町７番地１９", "緯度": 32.453942, "経度": 130.195026, "url": "https://www.iryou.teikyouseido.mhlw.go.jp/znk-web/juminkanja/S2430/initialize?prefCd=43&kikanCd=4300000976&kikanKbn=5", "url2": "https://www.kiyama-drug.com/", "内容": "木山薬局　南新町店【5:薬局】熊本県天草市南新町７番地１９" }, "geometry": { "type": "Point", "coordinates": [ 130.195026, 32.453942 ] } },
{ "type": "Feature", "properties": { "ID": 4354300000978, "正式名称": "ひのくに薬局　新町店", "機関区分": 5, "都道府県コード": 43, "市区町村コード": 101, "所在地": "熊本県熊本市中央区新町２丁目１３‐１７", "緯度": 32.797382, "経度": 130.698748, "url": "https://www.iryou.teikyouseido.mhlw.go.jp/znk-web/juminkanja/S2430/initialize?prefCd=43&kikanCd=4300000978&kikanKbn=5", "url2": null, "内容": "ひのくに薬局　新町店【5:薬局】熊本県熊本市中央区新町２丁目１３‐１７" }, "geometry": { "type": "Point", "coordinates": [ 130.698748, 32.797382 ] } },
{ "type": "Feature", "properties": { "ID": 4354300000979, "正式名称": "薬局　オリーブファーマシー", "機関区分": 5, "都道府県コード": 43, "市区町村コード": 101, "所在地": "熊本県熊本市中央区帯山７丁目４番５４号", "緯度": 32.808631, "経度": 130.754887, "url": "https://www.iryou.teikyouseido.mhlw.go.jp/znk-web/juminkanja/S2430/initialize?prefCd=43&kikanCd=4300000979&kikanKbn=5", "url2": "https://olive-kusuri.studio.site/", "内容": "薬局　オリーブファーマシー【5:薬局】熊本県熊本市中央区帯山７丁目４番５４号" }, "geometry": { "type": "Point", "coordinates": [ 130.754887, 32.808631 ] } },
{ "type": "Feature", "properties": { "ID": 4354300000980, "正式名称": "くるむ薬局　熊本下通店", "機関区分": 5, "都道府県コード": 43, "市区町村コード": 101, "所在地": "熊本県熊本市中央区安政町５番４号カリーノ５ビル１階", "緯度": 32.801642, "経度": 130.709294, "url": "https://www.iryou.teikyouseido.mhlw.go.jp/znk-web/juminkanja/S2430/initialize?prefCd=43&kikanCd=4300000980&kikanKbn=5", "url2": "https://curumu-drugstore.jp/", "内容": "くるむ薬局　熊本下通店【5:薬局】熊本県熊本市中央区安政町５番４号カリーノ５ビル１階" }, "geometry": { "type": "Point", "coordinates": [ 130.709294, 32.801642 ] } },
{ "type": "Feature", "properties": { "ID": 4354300000981, "正式名称": "ジロー薬局", "機関区分": 5, "都道府県コード": 43, "市区町村コード": 103, "所在地": "熊本県熊本市西区上代４丁目１３番２８号", "緯度": 32.776678, "経度": 130.667715, "url": "https://www.iryou.teikyouseido.mhlw.go.jp/znk-web/juminkanja/S2430/initialize?prefCd=43&kikanCd=4300000981&kikanKbn=5", "url2": "https://www.jiropharmacy.com/", "内容": "ジロー薬局【5:薬局】熊本県熊本市西区上代４丁目１３番２８号" }, "geometry": { "type": "Point", "coordinates": [ 130.667715, 32.776678 ] } },
{ "type": "Feature", "properties": { "ID": 4354300000982, "正式名称": "ステップ薬局", "機関区分": 5, "都道府県コード": 43, "市区町村コード": 104, "所在地": "熊本県熊本市南区出仲間８丁目１番１０ノ１ゴウ", "緯度": 32.768675, "経度": 130.718284, "url": "https://www.iryou.teikyouseido.mhlw.go.jp/znk-web/juminkanja/S2430/initialize?prefCd=43&kikanCd=4300000982&kikanKbn=5", "url2": "https://www.big-advance.site/c/156/1663", "内容": "ステップ薬局【5:薬局】熊本県熊本市南区出仲間８丁目１番１０ノ１ゴウ" }, "geometry": { "type": "Point", "coordinates": [ 130.718284, 32.768675 ] } },
{ "type": "Feature", "properties": { "ID": 4354300000983, "正式名称": "たいめい薬局", "機関区分": 5, "都道府県コード": 43, "市区町村コード": 206, "所在地": "熊本県玉名市岱明町鍋８２７－１", "緯度": 32.908146, "経度": 130.500343, "url": "https://www.iryou.teikyouseido.mhlw.go.jp/znk-web/juminkanja/S2430/initialize?prefCd=43&kikanCd=4300000983&kikanKbn=5", "url2": "https://phmirai.co.jp/", "内容": "たいめい薬局【5:薬局】熊本県玉名市岱明町鍋８２７－１" }, "geometry": { "type": "Point", "coordinates": [ 130.500343, 32.908146 ] } },
{ "type": "Feature", "properties": { "ID": 4354300000984, "正式名称": "フレンド薬局城南店", "機関区分": 5, "都道府県コード": 43, "市区町村コード": 104, "所在地": "熊本県熊本市南区城南町さんさん１丁目１１－３７", "緯度": 32.710055, "経度": 130.737597, "url": "https://www.iryou.teikyouseido.mhlw.go.jp/znk-web/juminkanja/S2430/initialize?prefCd=43&kikanCd=4300000984&kikanKbn=5", "url2": null, "内容": "フレンド薬局城南店【5:薬局】熊本県熊本市南区城南町さんさん１丁目１１－３７" }, "geometry": { "type": "Point", "coordinates": [ 130.737597, 32.710055 ] } },
{ "type": "Feature", "properties": { "ID": 4354300000988, "正式名称": "ゆうすい薬局", "機関区分": 5, "都道府県コード": 43, "市区町村コード": 102, "所在地": "熊本県熊本市東区佐土原３丁目１１番６０号", "緯度": 32.79656, "経度": 130.781845, "url": "https://www.iryou.teikyouseido.mhlw.go.jp/znk-web/juminkanja/S2430/initialize?prefCd=43&kikanCd=4300000988&kikanKbn=5", "url2": null, "内容": "ゆうすい薬局【5:薬局】熊本県熊本市東区佐土原３丁目１１番６０号" }, "geometry": { "type": "Point", "coordinates": [ 130.781845, 32.79656 ] } },
{ "type": "Feature", "properties": { "ID": 4354300000989, "正式名称": "つばめ薬局高瀬", "機関区分": 5, "都道府県コード": 43, "市区町村コード": 206, "所在地": "熊本県玉名市高瀬２３２－３", "緯度": 32.929047, "経度": 130.563933, "url": "https://www.iryou.teikyouseido.mhlw.go.jp/znk-web/juminkanja/S2430/initialize?prefCd=43&kikanCd=4300000989&kikanKbn=5", "url2": null, "内容": "つばめ薬局高瀬【5:薬局】熊本県玉名市高瀬２３２－３" }, "geometry": { "type": "Point", "coordinates": [ 130.563933, 32.929047 ] } },
{ "type": "Feature", "properties": { "ID": 4354300000991, "正式名称": "漢方薬局　旺樹の杜", "機関区分": 5, "都道府県コード": 43, "市区町村コード": 204, "所在地": "熊本県荒尾市昭和町８－９", "緯度": 32.997527, "経度": 130.432258, "url": "https://www.iryou.teikyouseido.mhlw.go.jp/znk-web/juminkanja/S2430/initialize?prefCd=43&kikanCd=4300000991&kikanKbn=5", "url2": "https://kampo-do.jp/", "内容": "漢方薬局　旺樹の杜【5:薬局】熊本県荒尾市昭和町８－９" }, "geometry": { "type": "Point", "coordinates": [ 130.432258, 32.997527 ] } },
{ "type": "Feature", "properties": { "ID": 4354300000994, "正式名称": "ほんど北薬局", "機関区分": 5, "都道府県コード": 43, "市区町村コード": 215, "所在地": "熊本県天草市八幡町７番２５号", "緯度": 32.4666, "経度": 130.188836, "url": "https://www.iryou.teikyouseido.mhlw.go.jp/znk-web/juminkanja/S2430/initialize?prefCd=43&kikanCd=4300000994&kikanKbn=5", "url2": "https://www.tomita-pharma.co.jp/pharmacy/", "内容": "ほんど北薬局【5:薬局】熊本県天草市八幡町７番２５号" }, "geometry": { "type": "Point", "coordinates": [ 130.188836, 32.4666 ] } },
{ "type": "Feature", "properties": { "ID": 4354300000995, "正式名称": "エーピー薬局", "機関区分": 5, "都道府県コード": 43, "市区町村コード": 215, "所在地": "熊本県天草市亀場町亀川１６９３番地２", "緯度": 32.441758, "経度": 130.196531, "url": "https://www.iryou.teikyouseido.mhlw.go.jp/znk-web/juminkanja/S2430/initialize?prefCd=43&kikanCd=4300000995&kikanKbn=5", "url2": "https://www.tomita-pharma.co.jp/pharmacy/", "内容": "エーピー薬局【5:薬局】熊本県天草市亀場町亀川１６９３番地２" }, "geometry": { "type": "Point", "coordinates": [ 130.196531, 32.441758 ] } },
{ "type": "Feature", "properties": { "ID": 4354300000996, "正式名称": "カミタニ薬局", "機関区分": 5, "都道府県コード": 43, "市区町村コード": 212, "所在地": "熊本県上天草市大矢野町上３９７－２", "緯度": 32.585458, "経度": 130.419268, "url": "https://www.iryou.teikyouseido.mhlw.go.jp/znk-web/juminkanja/S2430/initialize?prefCd=43&kikanCd=4300000996&kikanKbn=5", "url2": "https://www.tomita-pharma.co.jp/pharmacy/", "内容": "カミタニ薬局【5:薬局】熊本県上天草市大矢野町上３９７－２" }, "geometry": { "type": "Point", "coordinates": [ 130.419268, 32.585458 ] } },
{ "type": "Feature", "properties": { "ID": 4354300000997, "正式名称": "堤薬局", "機関区分": 5, "都道府県コード": 43, "市区町村コード": 202, "所在地": "熊本県八代市鏡町鏡５３", "緯度": 32.568479, "経度": 130.658463, "url": "https://www.iryou.teikyouseido.mhlw.go.jp/znk-web/juminkanja/S2430/initialize?prefCd=43&kikanCd=4300000997&kikanKbn=5", "url2": "https://www.tomita-pharma.co.jp/pharmacy/", "内容": "堤薬局【5:薬局】熊本県八代市鏡町鏡５３" }, "geometry": { "type": "Point", "coordinates": [ 130.658463, 32.568479 ] } },
{ "type": "Feature", "properties": { "ID": 4354300000998, "正式名称": "よこわ薬局", "機関区分": 5, "都道府県コード": 43, "市区町村コード": 104, "所在地": "熊本県熊本市南区良町１丁目６－３５", "緯度": 32.763208, "経度": 130.719835, "url": "https://www.iryou.teikyouseido.mhlw.go.jp/znk-web/juminkanja/S2430/initialize?prefCd=43&kikanCd=4300000998&kikanKbn=5", "url2": "https://tominagagp.com/", "内容": "よこわ薬局【5:薬局】熊本県熊本市南区良町１丁目６－３５" }, "geometry": { "type": "Point", "coordinates": [ 130.719835, 32.763208 ] } },
{ "type": "Feature", "properties": { "ID": 4354300000999, "正式名称": "スモト薬局", "機関区分": 5, "都道府県コード": 43, "市区町村コード": 215, "所在地": "熊本県天草市栖本町湯船原７６８－２０", "緯度": 32.416369, "経度": 130.272864, "url": "https://www.iryou.teikyouseido.mhlw.go.jp/znk-web/juminkanja/S2430/initialize?prefCd=43&kikanCd=4300000999&kikanKbn=5", "url2": "https://www.tomita-pharma.co.jp/pharmacy/", "内容": "スモト薬局【5:薬局】熊本県天草市栖本町湯船原７６８－２０" }, "geometry": { "type": "Point", "coordinates": [ 130.272864, 32.416369 ] } },
{ "type": "Feature", "properties": { "ID": 4354300001000, "正式名称": "うさぎ薬局花立店", "機関区分": 5, "都道府県コード": 43, "市区町村コード": 102, "所在地": "熊本県熊本市東区花立５－１－３６－２Ｆ－Ａ", "緯度": 32.787636, "経度": 130.773717, "url": "https://www.iryou.teikyouseido.mhlw.go.jp/znk-web/juminkanja/S2430/initialize?prefCd=43&kikanCd=4300001000&kikanKbn=5", "url2": "https://usagi-pharmacy.net/", "内容": "うさぎ薬局花立店【5:薬局】熊本県熊本市東区花立５－１－３６－２Ｆ－Ａ" }, "geometry": { "type": "Point", "coordinates": [ 130.773717, 32.787636 ] } },
{ "type": "Feature", "properties": { "ID": 4354300001001, "正式名称": "ミユキ薬局　大江店", "機関区分": 5, "都道府県コード": 43, "市区町村コード": 101, "所在地": "熊本県熊本市中央区大江６丁目２５番２０号", "緯度": 32.795428, "経度": 130.725697, "url": "https://www.iryou.teikyouseido.mhlw.go.jp/znk-web/juminkanja/S2430/initialize?prefCd=43&kikanCd=4300001001&kikanKbn=5", "url2": null, "内容": "ミユキ薬局　大江店【5:薬局】熊本県熊本市中央区大江６丁目２５番２０号" }, "geometry": { "type": "Point", "coordinates": [ 130.725697, 32.795428 ] } },
{ "type": "Feature", "properties": { "ID": 4354300001003, "正式名称": "みんなの薬局　保田窪店", "機関区分": 5, "都道府県コード": 43, "市区町村コード": 102, "所在地": "熊本県熊本市東区保田窪５丁目７－２３", "緯度": 32.813343, "経度": 130.753606, "url": "https://www.iryou.teikyouseido.mhlw.go.jp/znk-web/juminkanja/S2430/initialize?prefCd=43&kikanCd=4300001003&kikanKbn=5", "url2": null, "内容": "みんなの薬局　保田窪店【5:薬局】熊本県熊本市東区保田窪５丁目７－２３" }, "geometry": { "type": "Point", "coordinates": [ 130.753606, 32.813343 ] } },
{ "type": "Feature", "properties": { "ID": 4354300001005, "正式名称": "共生薬局　田崎本町店", "機関区分": 5, "都道府県コード": 43, "市区町村コード": 103, "所在地": "熊本県熊本市西区田崎本町３－２０", "緯度": 32.784962, "経度": 130.687184, "url": "https://www.iryou.teikyouseido.mhlw.go.jp/znk-web/juminkanja/S2430/initialize?prefCd=43&kikanCd=4300001005&kikanKbn=5", "url2": null, "内容": "共生薬局　田崎本町店【5:薬局】熊本県熊本市西区田崎本町３－２０" }, "geometry": { "type": "Point", "coordinates": [ 130.687184, 32.784962 ] } }
]
}
