{
"type": "FeatureCollection",
"name": "geo_43_居宅介護支援",
"crs": { "type": "name", "properties": { "name": "urn:ogc:def:crs:OGC:1.3:CRS84" } },
"features": [
{ "type": "Feature", "properties": { "内容": "居宅介護支援センター　ケアサポート　帯山【居宅介護支援】帯山７丁目４番３５号ジャパネスク帯山１階", "url": "https://www.kaigokensaku.mhlw.go.jp/43/index.php?action_kouhyou_detail_004_kani=true&JigyosyoCd=4370110704-00&ServiceCd=430&Type=search", "url2": null }, "geometry": { "type": "Point", "coordinates": [ 130.754352700000027, 32.808642 ] } },
{ "type": "Feature", "properties": { "内容": "野尻会　ケアプラン　しんまち【居宅介護支援】熊本市中央区新町４丁目７-２２", "url": "https://www.kaigokensaku.mhlw.go.jp/43/index.php?action_kouhyou_detail_004_kani=true&JigyosyoCd=4370109581-00&ServiceCd=430&Type=search", "url2": "http://nojirikai.jp/" }, "geometry": { "type": "Point", "coordinates": [ 130.694913382139617, 32.798494260175218 ] } },
{ "type": "Feature", "properties": { "内容": "福々居宅介護支援事業所【居宅介護支援】熊本県熊本市中央区帯山3丁目41番27号", "url": "https://www.kaigokensaku.mhlw.go.jp/43/index.php?action_kouhyou_detail_004_kani=true&JigyosyoCd=4370104442-00&ServiceCd=430&Type=search", "url2": null }, "geometry": { "type": "Point", "coordinates": [ 130.7509578, 32.7976264 ] } },
{ "type": "Feature", "properties": { "内容": "ケアプランセンター　熊本在宅サービス【居宅介護支援】国府3丁目8-88", "url": "https://www.kaigokensaku.mhlw.go.jp/43/index.php?action_kouhyou_detail_004_kani=true&JigyosyoCd=4370113617-00&ServiceCd=430&Type=search", "url2": null }, "geometry": { "type": "Point", "coordinates": [ 130.7230353, 32.7893987 ] } },
{ "type": "Feature", "properties": { "内容": "居宅介護支援事業所のぞみ【居宅介護支援】熊本県熊本市中央区本荘3丁目7番11号ロフティ本荘205号", "url": "https://www.kaigokensaku.mhlw.go.jp/43/index.php?action_kouhyou_detail_004_kani=true&JigyosyoCd=4370100762-00&ServiceCd=430&Type=search", "url2": "http://sugimurakai.jp/" }, "geometry": { "type": "Point", "coordinates": [ 130.708907899999986, 32.79459 ] } },
{ "type": "Feature", "properties": { "内容": "指定居宅介護支援事業所　昭孝園【居宅介護支援】熊本市中央区薬園町10-17", "url": "https://www.kaigokensaku.mhlw.go.jp/43/index.php?action_kouhyou_detail_004_kani=true&JigyosyoCd=4370102818-00&ServiceCd=430&Type=search", "url2": null }, "geometry": { "type": "Point", "coordinates": [ 130.71965997082296, 32.814048667371786 ] } },
{ "type": "Feature", "properties": { "内容": "いずみの里ASプラン【居宅介護支援】熊本県熊本市中央区出水5丁目11番38号出水ガーデンハイツ2-201号", "url": "https://www.kaigokensaku.mhlw.go.jp/43/index.php?action_kouhyou_detail_004_kani=true&JigyosyoCd=4370111967-00&ServiceCd=430&Type=search", "url2": null }, "geometry": { "type": "Point", "coordinates": [ 130.729359599999952, 32.7790724 ] } },
{ "type": "Feature", "properties": { "内容": "居宅介護支援事業所あいから【居宅介護支援】小沢町38番地パティナ小沢町", "url": "https://www.kaigokensaku.mhlw.go.jp/43/index.php?action_kouhyou_detail_004_kani=true&JigyosyoCd=4370112288-00&ServiceCd=430&Type=search", "url2": null }, "geometry": { "type": "Point", "coordinates": [ 130.694303600000012, 32.7969477 ] } },
{ "type": "Feature", "properties": { "内容": "グリーンバード熊本　居宅介護支援事業所【居宅介護支援】熊本県熊本市中央区上水前寺1丁目9番20号第４宝生ビル201号", "url": "https://www.kaigokensaku.mhlw.go.jp/43/index.php?action_kouhyou_detail_004_kani=true&JigyosyoCd=4370113229-00&ServiceCd=430&Type=search", "url2": "midori-net.or.jp" }, "geometry": { "type": "Point", "coordinates": [ 130.742432838123904, 32.793191930648611 ] } },
{ "type": "Feature", "properties": { "内容": "居宅介護支援事業所　向山【居宅介護支援】熊本市中央区本山3丁目1番2号", "url": "https://www.kaigokensaku.mhlw.go.jp/43/index.php?action_kouhyou_detail_004_kani=true&JigyosyoCd=4370100408-00&ServiceCd=430&Type=search", "url2": "http://www.matusita-kai.or.jp/" }, "geometry": { "type": "Point", "coordinates": [ 130.696952503565029, 32.789875771057758 ] } },
{ "type": "Feature", "properties": { "内容": "居宅介護支援事業所プラスワン【居宅介護支援】熊本県熊本市中央区新大江3丁目17-3", "url": "https://www.kaigokensaku.mhlw.go.jp/43/index.php?action_kouhyou_detail_004_kani=true&JigyosyoCd=4370114862-00&ServiceCd=430&Type=search", "url2": "https://www.kyushukaigo.com/" }, "geometry": { "type": "Point", "coordinates": [ 130.73919570000001, 32.8045154 ] } },
{ "type": "Feature", "properties": { "内容": "インターケアホームケアサポート【居宅介護支援】熊本市中央区島崎１丁目３２番１８号", "url": "https://www.kaigokensaku.mhlw.go.jp/43/index.php?action_kouhyou_detail_004_kani=true&JigyosyoCd=4370100085-00&ServiceCd=430&Type=search", "url2": "http://www.intercare.co.jp/" }, "geometry": { "type": "Point", "coordinates": [ 130.691134299999931, 32.802511 ] } },
{ "type": "Feature", "properties": { "内容": "居宅介護支援事業所　いこい【居宅介護支援】熊本県熊本市中央区国府本町6-43", "url": "https://www.kaigokensaku.mhlw.go.jp/43/index.php?action_kouhyou_detail_004_kani=true&JigyosyoCd=4370104699-00&ServiceCd=430&Type=search", "url2": null }, "geometry": { "type": "Point", "coordinates": [ 130.720811306745873, 32.785996152114315 ] } },
{ "type": "Feature", "properties": { "内容": "黒髪居宅介護支援事業所とも【居宅介護支援】熊本市中央区黒髪6丁目7-7", "url": "https://www.kaigokensaku.mhlw.go.jp/43/index.php?action_kouhyou_detail_004_kani=true&JigyosyoCd=4310125150-00&ServiceCd=430&Type=search", "url2": "http://www.kyouyukai.or.jp/" }, "geometry": { "type": "Point", "coordinates": [ 130.73523380000006, 32.8157135 ] } },
{ "type": "Feature", "properties": { "内容": "居宅介護支援事業所　早稲田イーライフ江津湖【居宅介護支援】熊本県熊本市中央区出水4-15-27", "url": "https://www.kaigokensaku.mhlw.go.jp/43/index.php?action_kouhyou_detail_004_kani=true&JigyosyoCd=4370110431-00&ServiceCd=430&Type=search", "url2": null }, "geometry": { "type": "Point", "coordinates": [ 130.733387099999959, 32.7807334 ] } },
{ "type": "Feature", "properties": { "内容": "居宅介護支援事業所　Ｃｌｏｕｄ【居宅介護支援】熊本県熊本市中央区帯山三丁目52番5号", "url": "https://www.kaigokensaku.mhlw.go.jp/43/index.php?action_kouhyou_detail_004_kani=true&JigyosyoCd=4370116016-00&ServiceCd=430&Type=search", "url2": null }, "geometry": { "type": "Point", "coordinates": [ 130.750251710450783, 32.797203965052738 ] } },
{ "type": "Feature", "properties": { "内容": "九州記念病院指定居宅介護支援事業所【居宅介護支援】熊本県熊本市中央区水前寺公園３番３８号", "url": "https://www.kaigokensaku.mhlw.go.jp/43/index.php?action_kouhyou_detail_004_kani=true&JigyosyoCd=4310116704-00&ServiceCd=430&Type=search", "url2": "houmon@kkh.jp" }, "geometry": { "type": "Point", "coordinates": [ 130.732146619712779, 32.790966419217966 ] } },
{ "type": "Feature", "properties": { "内容": "おびやま指定居宅介護支援事業所【居宅介護支援】熊本県熊本市中央区帯山4丁目3番13号", "url": "https://www.kaigokensaku.mhlw.go.jp/43/index.php?action_kouhyou_detail_004_kani=true&JigyosyoCd=4310123478-00&ServiceCd=430&Type=search", "url2": "http://obiyama-ct.com" }, "geometry": { "type": "Point", "coordinates": [ 130.74912715767212, 32.800136481713452 ] } },
{ "type": "Feature", "properties": { "内容": "リデルホーム黒髪居宅介護支援事業所【居宅介護支援】熊本市中央区黒髪5丁目23番1号", "url": "https://www.kaigokensaku.mhlw.go.jp/43/index.php?action_kouhyou_detail_004_kani=true&JigyosyoCd=4370100093-00&ServiceCd=430&Type=search", "url2": "http://riddell-wright.com" }, "geometry": { "type": "Point", "coordinates": [ 130.73079789999997, 32.8189855 ] } },
{ "type": "Feature", "properties": { "内容": "リデルホーム浄行寺居宅介護支援事業所【居宅介護支援】熊本県熊本市中央区薬園町2番1号スクエア浄行寺　１階", "url": "https://www.kaigokensaku.mhlw.go.jp/43/index.php?action_kouhyou_detail_004_kani=true&JigyosyoCd=4370114912-00&ServiceCd=430&Type=search", "url2": "http://riddell-wright.com/" }, "geometry": { "type": "Point", "coordinates": [ 130.7163137, 32.8136715 ] } },
{ "type": "Feature", "properties": { "内容": "居宅介護支援事業所　八王寺の杜【居宅介護支援】熊本市中央区国府3丁目19-42", "url": "https://www.kaigokensaku.mhlw.go.jp/43/index.php?action_kouhyou_detail_004_kani=true&JigyosyoCd=4310116274-00&ServiceCd=430&Type=search", "url2": "https://hachioji-mori.jp" }, "geometry": { "type": "Point", "coordinates": [ 130.722140362799081, 32.787322816119918 ] } },
{ "type": "Feature", "properties": { "内容": "居宅介護支援事業所南楓苑【居宅介護支援】熊本市中央区南熊本2丁目11番1号", "url": "https://www.kaigokensaku.mhlw.go.jp/43/index.php?action_kouhyou_detail_004_kani=true&JigyosyoCd=4370100416-00&ServiceCd=430&Type=search", "url2": "https://nanpu-en.jp/" }, "geometry": { "type": "Point", "coordinates": [ 130.711996699999986, 32.788699 ] } },
{ "type": "Feature", "properties": { "内容": "居宅介護支援事業所　レモン【居宅介護支援】熊本県熊本市中央区帯山４丁目55-94", "url": "https://www.kaigokensaku.mhlw.go.jp/43/index.php?action_kouhyou_detail_004_kani=true&JigyosyoCd=4370114375-00&ServiceCd=430&Type=search", "url2": null }, "geometry": { "type": "Point", "coordinates": [ 130.748345300000011, 32.8063317 ] } },
{ "type": "Feature", "properties": { "内容": "居宅介護支援事業所　弥勒【居宅介護支援】熊本市中央区出水６丁目２０番１１号", "url": "https://www.kaigokensaku.mhlw.go.jp/43/index.php?action_kouhyou_detail_004_kani=true&JigyosyoCd=4370105837-00&ServiceCd=430&Type=search", "url2": null }, "geometry": { "type": "Point", "coordinates": [ 130.720972195006311, 32.781962976193206 ] } },
{ "type": "Feature", "properties": { "内容": "居宅介護支援事業所　クロノス【居宅介護支援】熊本市中央区島崎1丁目32-1せんだメディカルクリニック", "url": "https://www.kaigokensaku.mhlw.go.jp/43/index.php?action_kouhyou_detail_004_kani=true&JigyosyoCd=4370114532-00&ServiceCd=430&Type=search", "url2": null }, "geometry": { "type": "Point", "coordinates": [ 130.691864900000013, 32.8025741 ] } },
{ "type": "Feature", "properties": { "内容": "居宅介護支援事業所HINATA（ひなた）【居宅介護支援】熊本市中央区黒髪２丁目19-7ハウル黒髪305号", "url": "https://www.kaigokensaku.mhlw.go.jp/43/index.php?action_kouhyou_detail_004_kani=true&JigyosyoCd=4370115836-00&ServiceCd=430&Type=search", "url2": null }, "geometry": { "type": "Point", "coordinates": [ 130.721069, 32.8182837 ] } },
{ "type": "Feature", "properties": { "内容": "ケアプランセンター　はなもも【居宅介護支援】熊本県熊本市中央区帯山3丁目16-18メモリーハイツ101", "url": "https://www.kaigokensaku.mhlw.go.jp/43/index.php?action_kouhyou_detail_004_kani=true&JigyosyoCd=4370108971-00&ServiceCd=430&Type=search", "url2": null }, "geometry": { "type": "Point", "coordinates": [ 130.751297300000033, 32.7999372 ] } },
{ "type": "Feature", "properties": { "内容": "Let’ｓケアプラン！熊本中央【居宅介護支援】熊本県熊本市中央区本荘6-17-21九電工熊本支店ビル1F", "url": "https://www.kaigokensaku.mhlw.go.jp/43/index.php?action_kouhyou_detail_004_kani=true&JigyosyoCd=4370115943-00&ServiceCd=430&Type=search", "url2": "https://www.sakurajyuji.jp/" }, "geometry": { "type": "Point", "coordinates": [ 130.703696400000013, 32.791727200000025 ] } },
{ "type": "Feature", "properties": { "内容": "フォレスト熊本【居宅介護支援】熊本県熊本市中央区渡鹿５丁目１番３７号", "url": "https://www.kaigokensaku.mhlw.go.jp/43/index.php?action_kouhyou_detail_004_kani=true&JigyosyoCd=4350180172-00&ServiceCd=430&Type=search", "url2": "http://www.kyouninkai.jp/forest/" }, "geometry": { "type": "Point", "coordinates": [ 130.7304301883606, 32.811364509234103 ] } },
{ "type": "Feature", "properties": { "内容": "居宅介護支援事業所　ふたば【居宅介護支援】熊本県熊本市中央区島崎１丁目5-16", "url": "https://www.kaigokensaku.mhlw.go.jp/43/index.php?action_kouhyou_detail_004_kani=true&JigyosyoCd=4370114144-00&ServiceCd=430&Type=search", "url2": null }, "geometry": { "type": "Point", "coordinates": [ 130.695218715084337, 32.808445200158978 ] } },
{ "type": "Feature", "properties": { "内容": "熊本市社会福祉事業団中央居宅介護支援事業所【居宅介護支援】熊本市中央区壺川２丁目３－８５　熊本市中央デイサービスセンター内", "url": "https://www.kaigokensaku.mhlw.go.jp/43/index.php?action_kouhyou_detail_004_kani=true&JigyosyoCd=4370100291-00&ServiceCd=430&Type=search", "url2": "http://ksfj.hinokuni-net.jp/" }, "geometry": { "type": "Point", "coordinates": [ 130.709732600000052, 32.8143355 ] } },
{ "type": "Feature", "properties": { "内容": "居宅介護支援事業所なでしこ【居宅介護支援】熊本市中央区北千反畑町２-２　２F", "url": "https://www.kaigokensaku.mhlw.go.jp/43/index.php?action_kouhyou_detail_004_kani=true&JigyosyoCd=4370103196-00&ServiceCd=430&Type=search", "url2": "http://www.kiseikai.or.jp/" }, "geometry": { "type": "Point", "coordinates": [ 130.715768199999957, 32.808764 ] } },
{ "type": "Feature", "properties": { "内容": "マノリアル本荘居宅介護支援事業所【居宅介護支援】熊本市中央区本荘5丁目10-23", "url": "https://www.kaigokensaku.mhlw.go.jp/43/index.php?action_kouhyou_detail_004_kani=true&JigyosyoCd=4370110746-00&ServiceCd=430&Type=search", "url2": "http://www.shunkokai.jp" }, "geometry": { "type": "Point", "coordinates": [ 130.704647199999954, 32.7928991 ] } },
{ "type": "Feature", "properties": { "内容": "花鏡【居宅介護支援】新大江3丁目13－18", "url": "https://www.kaigokensaku.mhlw.go.jp/43/index.php?action_kouhyou_detail_004_kani=true&JigyosyoCd=4370112171-00&ServiceCd=430&Type=search", "url2": "hanakagami@kyouninkai.jp" }, "geometry": { "type": "Point", "coordinates": [ 130.740131139950563, 32.802952839630834 ] } },
{ "type": "Feature", "properties": { "内容": "ヴィラ・九品寺【居宅介護支援】熊本市中央区九品寺3丁目9番38号", "url": "https://www.kaigokensaku.mhlw.go.jp/43/index.php?action_kouhyou_detail_004_kani=true&JigyosyoCd=4370106223-00&ServiceCd=430&Type=search", "url2": "http://vira.or.jp" }, "geometry": { "type": "Point", "coordinates": [ 130.7176404, 32.7960141 ] } },
{ "type": "Feature", "properties": { "内容": "在宅ステーション水前寺居宅介護支援事業所【居宅介護支援】熊本市中央区上水前寺１丁目６番５号", "url": "https://www.kaigokensaku.mhlw.go.jp/43/index.php?action_kouhyou_detail_004_kani=true&JigyosyoCd=4370108898-00&ServiceCd=430&Type=search", "url2": "http://www.tohya.or.jp/homecare/caresupport.htm/" }, "geometry": { "type": "Point", "coordinates": [ 130.743000193778926, 32.794329547229005 ] } },
{ "type": "Feature", "properties": { "内容": "けあぷらん結【居宅介護支援】帯山4-29-25カーサ帯山A-102号室", "url": "https://www.kaigokensaku.mhlw.go.jp/43/index.php?action_kouhyou_detail_004_kani=true&JigyosyoCd=4370113187-00&ServiceCd=430&Type=search", "url2": "https://soshin-care.co.jp/index.html" }, "geometry": { "type": "Point", "coordinates": [ 130.751254536789105, 32.802170593019639 ] } },
{ "type": "Feature", "properties": { "内容": "合同会社居宅介護支援センターなかむら【居宅介護支援】帯山5丁目34番85号", "url": "https://www.kaigokensaku.mhlw.go.jp/43/index.php?action_kouhyou_detail_004_kani=true&JigyosyoCd=4370113955-00&ServiceCd=430&Type=search", "url2": null }, "geometry": { "type": "Point", "coordinates": [ 130.7552823, 32.8034892 ] } },
{ "type": "Feature", "properties": { "内容": "エイジェントケア【居宅介護支援】熊本市中央区九品寺４丁目８番２６号　九品寺マンション１階101", "url": "https://www.kaigokensaku.mhlw.go.jp/43/index.php?action_kouhyou_detail_004_kani=true&JigyosyoCd=4370104970-00&ServiceCd=430&Type=search", "url2": null }, "geometry": { "type": "Point", "coordinates": [ 130.714965799999959, 32.7947574 ] } },
{ "type": "Feature", "properties": { "内容": "みんなの居宅介護支援事業所坪井【居宅介護支援】熊本県熊本市中央区坪井6丁目37‐11", "url": "https://www.kaigokensaku.mhlw.go.jp/43/index.php?action_kouhyou_detail_004_kani=true&JigyosyoCd=4370116198-00&ServiceCd=430&Type=search", "url2": null }, "geometry": { "type": "Point", "coordinates": [ 130.7211, 32.821683 ] } },
{ "type": "Feature", "properties": { "内容": "早プランニング【居宅介護支援】出水８丁目２９－３９－１", "url": "https://www.kaigokensaku.mhlw.go.jp/43/index.php?action_kouhyou_detail_004_kani=true&JigyosyoCd=4370109524-00&ServiceCd=430&Type=search", "url2": null }, "geometry": { "type": "Point", "coordinates": [ 130.730840100000023, 32.7759921 ] } },
{ "type": "Feature", "properties": { "内容": "熊本市医師会在宅ケアセンター居宅介護支援事業所【居宅介護支援】熊本市中央区本荘5-16-10", "url": "https://www.kaigokensaku.mhlw.go.jp/43/index.php?action_kouhyou_detail_004_kani=true&JigyosyoCd=4370100457-00&ServiceCd=430&Type=search", "url2": "http://www.city.kumamoto.med.or.jp/zaitaku/index.htm" }, "geometry": { "type": "Point", "coordinates": [ 130.707890283991986, 32.793576122364094 ] } },
{ "type": "Feature", "properties": { "内容": "セントケア熊本駅前【居宅介護支援】熊本県熊本市中央区十禅寺１丁目3番1号", "url": "https://www.kaigokensaku.mhlw.go.jp/43/index.php?action_kouhyou_detail_004_kani=true&JigyosyoCd=4370106124-00&ServiceCd=430&Type=search", "url2": null }, "geometry": { "type": "Point", "coordinates": [ 130.695595700000013, 32.7801493 ] } },
{ "type": "Feature", "properties": { "内容": "介護福祉支援センターいずなん【居宅介護支援】熊本県熊本市中央区出水6丁目26番72-2号", "url": "https://www.kaigokensaku.mhlw.go.jp/43/index.php?action_kouhyou_detail_004_kani=true&JigyosyoCd=4370105126-00&ServiceCd=430&Type=search", "url2": null }, "geometry": { "type": "Point", "coordinates": [ 130.719612065641371, 32.782833451175016 ] } },
{ "type": "Feature", "properties": { "内容": "ケアプラス居宅介護支援センター【居宅介護支援】新大江1丁目7－25熊日メディアコムビル3階", "url": "https://www.kaigokensaku.mhlw.go.jp/43/index.php?action_kouhyou_detail_004_kani=true&JigyosyoCd=4370111850-00&ServiceCd=430&Type=search", "url2": "http://www.care-plus.jp/" }, "geometry": { "type": "Point", "coordinates": [ 130.727703600000041, 32.80063160000001 ] } },
{ "type": "Feature", "properties": { "内容": "居宅介護支援センターあんだんて【居宅介護支援】熊本市中央区南熊本５丁目２‐１８", "url": "https://www.kaigokensaku.mhlw.go.jp/43/index.php?action_kouhyou_detail_004_kani=true&JigyosyoCd=4370116305-00&ServiceCd=430&Type=search", "url2": null }, "geometry": { "type": "Point", "coordinates": [ 130.71792640000001, 32.799819 ] } },
{ "type": "Feature", "properties": { "内容": "ケアプランセンター凪【居宅介護支援】熊本県熊本市中央区京町2丁目3－1ハイツ京町101号", "url": "https://www.kaigokensaku.mhlw.go.jp/43/index.php?action_kouhyou_detail_004_kani=true&JigyosyoCd=4370116511-00&ServiceCd=430&Type=search", "url2": null }, "geometry": { "type": "Point", "coordinates": [ 130.7041452, 32.8131016 ] } },
{ "type": "Feature", "properties": { "内容": "慈愛園パウラスホーム居宅介護支援事業所【居宅介護支援】熊本県熊本市中央区神水1丁目14番1号", "url": "https://www.kaigokensaku.mhlw.go.jp/43/index.php?action_kouhyou_detail_004_kani=true&JigyosyoCd=4370100812-00&ServiceCd=430&Type=search", "url2": "http://jiaien.or.jp" }, "geometry": { "type": "Point", "coordinates": [ 130.742953508073469, 32.784831680979345 ] } },
{ "type": "Feature", "properties": { "内容": "しょうぶ苑【居宅介護支援】熊本市中央区水前寺３丁目12-17サービス付き高齢者向け住宅　水前寺しょうぶ苑", "url": "https://www.kaigokensaku.mhlw.go.jp/43/index.php?action_kouhyou_detail_004_kani=true&JigyosyoCd=4370105217-00&ServiceCd=430&Type=search", "url2": "http://www.shoubuen.com" }, "geometry": { "type": "Point", "coordinates": [ 130.734118356483435, 32.797581928471395 ] } },
{ "type": "Feature", "properties": { "内容": "居宅介護支援センター熊本東【居宅介護支援】熊本県熊本市中央区国府３丁目２７番３０号", "url": "https://www.kaigokensaku.mhlw.go.jp/43/index.php?action_kouhyou_detail_004_kani=true&JigyosyoCd=4370114037-00&ServiceCd=430&Type=search", "url2": "https://www.houjyukai-g.jp/" }, "geometry": { "type": "Point", "coordinates": [ 130.71983362270251, 32.786872770479825 ] } },
{ "type": "Feature", "properties": { "内容": "黒髪しょうぶ苑【居宅介護支援】熊本県熊本市中央区黒髪５丁目４番３０号", "url": "https://www.kaigokensaku.mhlw.go.jp/43/index.php?action_kouhyou_detail_004_kani=true&JigyosyoCd=4370110944-00&ServiceCd=430&Type=search", "url2": "www.shoubuen.com" }, "geometry": { "type": "Point", "coordinates": [ 130.7300141, 32.81540660000001 ] } },
{ "type": "Feature", "properties": { "内容": "ケアプランセンターHUMOR【居宅介護支援】熊本県熊本市中央区帯山７丁目４番５４号", "url": "https://www.kaigokensaku.mhlw.go.jp/43/index.php?action_kouhyou_detail_004_kani=true&JigyosyoCd=4370115257-00&ServiceCd=430&Type=search", "url2": null }, "geometry": { "type": "Point", "coordinates": [ 130.754978608397352, 32.808602087581846 ] } },
{ "type": "Feature", "properties": { "内容": "居宅介護支援事業所SEED【居宅介護支援】熊本県熊本市中央区本山1丁目5ー16", "url": "https://www.kaigokensaku.mhlw.go.jp/43/index.php?action_kouhyou_detail_004_kani=true&JigyosyoCd=4370113393-00&ServiceCd=430&Type=search", "url2": null }, "geometry": { "type": "Point", "coordinates": [ 130.69944780000003, 32.7907707 ] } },
{ "type": "Feature", "properties": { "内容": "居宅介護支援事業所つなぐ【居宅介護支援】熊本県熊本市中央区出水7丁目56-12", "url": "https://www.kaigokensaku.mhlw.go.jp/43/index.php?action_kouhyou_detail_004_kani=true&JigyosyoCd=4370112023-00&ServiceCd=430&Type=search", "url2": null }, "geometry": { "type": "Point", "coordinates": [ 130.719985299999962, 32.7751393 ] } },
{ "type": "Feature", "properties": { "内容": "学研ココファン熊本ケアプランセンター【居宅介護支援】熊本県熊本市中央区出水1-8-20学研ココファン水前寺", "url": "https://www.kaigokensaku.mhlw.go.jp/43/index.php?action_kouhyou_detail_004_kani=true&JigyosyoCd=4370108989-00&ServiceCd=430&Type=search", "url2": "http://www.cocofump.co.jp" }, "geometry": { "type": "Point", "coordinates": [ 130.735370143763703, 32.787344598024511 ] } },
{ "type": "Feature", "properties": { "内容": "居宅介護支援事業所　あい工房木村屋【居宅介護支援】熊本県　熊本市　中央区　新町　３丁目　４－２兵庫屋ビル　２０３号", "url": "https://www.kaigokensaku.mhlw.go.jp/43/index.php?action_kouhyou_detail_004_kani=true&JigyosyoCd=4370110480-00&ServiceCd=430&Type=search", "url2": null }, "geometry": { "type": "Point", "coordinates": [ 130.696409470552197, 32.802777599557288 ] } },
{ "type": "Feature", "properties": { "内容": "花みずき居宅介護支援事業所【居宅介護支援】熊本市中央区出水7丁目９０－１", "url": "https://www.kaigokensaku.mhlw.go.jp/43/index.php?action_kouhyou_detail_004_kani=true&JigyosyoCd=4370100358-00&ServiceCd=430&Type=search", "url2": null }, "geometry": { "type": "Point", "coordinates": [ 130.728318100000024, 32.7737757 ] } },
{ "type": "Feature", "properties": { "内容": "居宅介護支援事業所　すいぜんじ【居宅介護支援】水前寺5丁目1-24サービス付き高齢者向け　住宅水前寺ハイム内", "url": "https://www.kaigokensaku.mhlw.go.jp/43/index.php?action_kouhyou_detail_004_kani=true&JigyosyoCd=4370107726-00&ServiceCd=430&Type=search", "url2": "http://www.suizenji-heim.com/" }, "geometry": { "type": "Point", "coordinates": [ 130.735711700000024, 32.7958542 ] } },
{ "type": "Feature", "properties": { "内容": "居宅介護支援事業所　ゆとり【居宅介護支援】京町1-14-8-704", "url": "https://www.kaigokensaku.mhlw.go.jp/43/index.php?action_kouhyou_detail_004_kani=true&JigyosyoCd=4370114052-00&ServiceCd=430&Type=search", "url2": null }, "geometry": { "type": "Point", "coordinates": [ 139.6932114, 35.5162146 ] } },
{ "type": "Feature", "properties": { "内容": "指定居宅介護支援事業所　　介護相談支援センター　　こころ【居宅介護支援】熊本県熊本市中央区東京塚町５－４２－１", "url": "https://www.kaigokensaku.mhlw.go.jp/43/index.php?action_kouhyou_detail_004_kani=true&JigyosyoCd=4370105589-00&ServiceCd=430&Type=search", "url2": null }, "geometry": { "type": "Point", "coordinates": [ 130.756076344041503, 32.798893725924479 ] } },
{ "type": "Feature", "properties": { "内容": "ザ・ブルーピース居宅介護支援事業所【居宅介護支援】熊本県熊本市中央区本山町95番地3ベルフラワーハイツ本山305", "url": "https://www.kaigokensaku.mhlw.go.jp/43/index.php?action_kouhyou_detail_004_kani=true&JigyosyoCd=4370116313-00&ServiceCd=430&Type=search", "url2": "https://www.deep-kumamoto.com/" }, "geometry": { "type": "Point", "coordinates": [ 130.698387700000012, 32.7866729 ] } },
{ "type": "Feature", "properties": { "内容": "湧心苑居宅介護支援事業所【居宅介護支援】熊本市中央区出水１丁目４番２１号湧心苑ふれあい館２F", "url": "https://www.kaigokensaku.mhlw.go.jp/43/index.php?action_kouhyou_detail_004_kani=true&JigyosyoCd=4370105571-00&ServiceCd=430&Type=search", "url2": "https://www.toueikai.or.jp/" }, "geometry": { "type": "Point", "coordinates": [ 130.732959199999982, 32.7875216 ] } },
{ "type": "Feature", "properties": { "内容": "居宅介護支援事業所おはな【居宅介護支援】熊本市中央区白山2丁目11番16号高齢者複合施設おはな", "url": "https://www.kaigokensaku.mhlw.go.jp/43/index.php?action_kouhyou_detail_004_kani=true&JigyosyoCd=4370107734-00&ServiceCd=430&Type=search", "url2": "http://www.maedakai.com" }, "geometry": { "type": "Point", "coordinates": [ 130.7227206, 32.7928712 ] } },
{ "type": "Feature", "properties": { "内容": "居宅介護支援事業所　びーず【居宅介護支援】熊本県熊本市中央区神水本町９－１９－１０１フォンス神水　１０１号", "url": "https://www.kaigokensaku.mhlw.go.jp/43/index.php?action_kouhyou_detail_004_kani=true&JigyosyoCd=4370115067-00&ServiceCd=430&Type=search", "url2": null }, "geometry": { "type": "Point", "coordinates": [ 130.738836665641372, 32.783661097201055 ] } },
{ "type": "Feature", "properties": { "内容": "居宅介護支援センターくまもと芳寿会【居宅介護支援】熊本県熊本市中央区琴平本町10番32号", "url": "https://www.kaigokensaku.mhlw.go.jp/43/index.php?action_kouhyou_detail_004_kani=true&JigyosyoCd=4370116636-00&ServiceCd=430&Type=search", "url2": "https:kumamoto-houjyukai.jp" }, "geometry": { "type": "Point", "coordinates": [ 130.7045976, 32.7870448 ] } },
{ "type": "Feature", "properties": { "内容": "はーとまっぷ桜木ケアプランセンター【居宅介護支援】熊本県熊本市東区桜木4丁目17番13号はーとまっぷ桜木デイサービスセンター", "url": "https://www.kaigokensaku.mhlw.go.jp/43/index.php?action_kouhyou_detail_004_kani=true&JigyosyoCd=4372801664-00&ServiceCd=430&Type=search", "url2": "http://www.kk-heartmap.com" }, "geometry": { "type": "Point", "coordinates": [ 130.782137079904146, 32.78154239494328 ] } },
{ "type": "Feature", "properties": { "内容": "居宅介護支援事業所　あかり【居宅介護支援】八反田３丁目２３番１３号", "url": "https://www.kaigokensaku.mhlw.go.jp/43/index.php?action_kouhyou_detail_004_kani=true&JigyosyoCd=4370112718-00&ServiceCd=430&Type=search", "url2": null }, "geometry": { "type": "Point", "coordinates": [ 130.773871699999972, 32.8236444 ] } },
{ "type": "Feature", "properties": { "内容": "居宅介護支援センター保田窪【居宅介護支援】熊本県熊本市東区保田窪3丁目23-15ケアホーム保田窪", "url": "https://www.kaigokensaku.mhlw.go.jp/43/index.php?action_kouhyou_detail_004_kani=true&JigyosyoCd=4370114045-00&ServiceCd=430&Type=search", "url2": "hotakubo@houjyukai-g.jp" }, "geometry": { "type": "Point", "coordinates": [ 130.751925300000011, 32.809182 ] } },
{ "type": "Feature", "properties": { "内容": "江津しょうぶ苑　居宅介護支援事業所【居宅介護支援】熊本市東区画図町所島1023-1", "url": "https://www.kaigokensaku.mhlw.go.jp/43/index.php?action_kouhyou_detail_004_kani=true&JigyosyoCd=4370114235-00&ServiceCd=430&Type=search", "url2": null }, "geometry": { "type": "Point", "coordinates": [ 130.733932399999986, 32.7718849 ] } },
{ "type": "Feature", "properties": { "内容": "指定居宅介護支援事業所　ゆうだい【居宅介護支援】熊本県熊本市東区桜木1丁目18番10号", "url": "https://www.kaigokensaku.mhlw.go.jp/43/index.php?action_kouhyou_detail_004_kani=true&JigyosyoCd=4370112411-00&ServiceCd=430&Type=search", "url2": "yuudai6868@outlook.jp" }, "geometry": { "type": "Point", "coordinates": [ 130.779931050777122, 32.77911593469134 ] } },
{ "type": "Feature", "properties": { "内容": "熊本高齢者ケアサービス協会【居宅介護支援】熊本県熊本市東区戸島本町４－４６", "url": "https://www.kaigokensaku.mhlw.go.jp/43/index.php?action_kouhyou_detail_004_kani=true&JigyosyoCd=4370100473-00&ServiceCd=430&Type=search", "url2": null }, "geometry": { "type": "Point", "coordinates": [ 130.802354400000013, 32.8242937 ] } },
{ "type": "Feature", "properties": { "内容": "居宅介護支援事業所ケアベースCruto御領【居宅介護支援】熊本県熊本市東区御領6丁目3-22", "url": "https://www.kaigokensaku.mhlw.go.jp/43/index.php?action_kouhyou_detail_004_kani=true&JigyosyoCd=4370115828-00&ServiceCd=430&Type=search", "url2": "http://www.cruto.net/" }, "geometry": { "type": "Point", "coordinates": [ 130.77391129999998, 32.8288447 ] } },
{ "type": "Feature", "properties": { "内容": "居宅介護支援事業所ライト【居宅介護支援】長嶺南1丁目2-33202", "url": "https://www.kaigokensaku.mhlw.go.jp/43/index.php?action_kouhyou_detail_004_kani=true&JigyosyoCd=4370116263-00&ServiceCd=430&Type=search", "url2": "https://takachan-yukingmin.wixsite.com/asagao" }, "geometry": { "type": "Point", "coordinates": [ 130.7634873, 32.8097285 ] } },
{ "type": "Feature", "properties": { "内容": "くまケア【居宅介護支援】熊本県熊本市東区下江津1丁目14番7号", "url": "https://www.kaigokensaku.mhlw.go.jp/43/index.php?action_kouhyou_detail_004_kani=true&JigyosyoCd=4370116487-00&ServiceCd=430&Type=search", "url2": null }, "geometry": { "type": "Point", "coordinates": [ 130.738783399999988, 32.7727021 ] } },
{ "type": "Feature", "properties": { "内容": "居宅介護支援事業所まつお【居宅介護支援】熊本県熊本市東区新南部5丁目2番46号やすらぎの里501号", "url": "https://www.kaigokensaku.mhlw.go.jp/43/index.php?action_kouhyou_detail_004_kani=true&JigyosyoCd=4370116545-00&ServiceCd=430&Type=search", "url2": "https://matsuo-estate.com" }, "geometry": { "type": "Point", "coordinates": [ 130.749081150926173, 32.8186890066522 ] } },
{ "type": "Feature", "properties": { "内容": "コスモピア熊本居宅介護支援センター【居宅介護支援】熊本県熊本市東区尾ノ上１丁目８-８第二コスモピア熊本内", "url": "https://www.kaigokensaku.mhlw.go.jp/43/index.php?action_kouhyou_detail_004_kani=true&JigyosyoCd=4370116453-00&ServiceCd=430&Type=search", "url2": "https://shinseiki.or.jp/" }, "geometry": { "type": "Point", "coordinates": [ 130.751137490082897, 32.788897001399526 ] } },
{ "type": "Feature", "properties": { "内容": "居宅介護支援センターこもれび桜木東【居宅介護支援】熊本県熊本市東区佐土原２丁目７番２０号", "url": "https://www.kaigokensaku.mhlw.go.jp/43/index.php?action_kouhyou_detail_004_kani=true&JigyosyoCd=4370116164-00&ServiceCd=430&Type=search", "url2": "https：//shinseiki.jp/" }, "geometry": { "type": "Point", "coordinates": [ 130.7812505, 32.792882 ] } },
{ "type": "Feature", "properties": { "内容": "ケアプランサービス心晴【居宅介護支援】熊本県東区長嶺南４丁目7-28白馬レジデンス105", "url": "https://www.kaigokensaku.mhlw.go.jp/43/index.php?action_kouhyou_detail_004_kani=true&JigyosyoCd=4370116206-00&ServiceCd=430&Type=search", "url2": null }, "geometry": { "type": "Point", "coordinates": [ 130.7760874, 32.8108356 ] } },
{ "type": "Feature", "properties": { "内容": "シルバーピアさくら樹　居宅介護支援事業所【居宅介護支援】熊本市東区佐土原3丁目12-26", "url": "https://www.kaigokensaku.mhlw.go.jp/43/index.php?action_kouhyou_detail_004_kani=true&JigyosyoCd=4370105019-00&ServiceCd=430&Type=search", "url2": "http://www.108Kai.com" }, "geometry": { "type": "Point", "coordinates": [ 130.782317700000021, 32.7952965 ] } },
{ "type": "Feature", "properties": { "内容": "指定居宅介護支援事業所　湧水の郷【居宅介護支援】熊本県熊本市東区江津３丁目４－１２Hagino51.BLD", "url": "https://www.kaigokensaku.mhlw.go.jp/43/index.php?action_kouhyou_detail_004_kani=true&JigyosyoCd=4370113708-00&ServiceCd=430&Type=search", "url2": "https://yusuinosato.com/" }, "geometry": { "type": "Point", "coordinates": [ 130.736870854496317, 32.774884218925386 ] } },
{ "type": "Feature", "properties": { "内容": "居宅介護支援事業所　あかね色【居宅介護支援】熊本県熊本市東区花立5丁目12-1花立ファミリーハウス106", "url": "https://www.kaigokensaku.mhlw.go.jp/43/index.php?action_kouhyou_detail_004_kani=true&JigyosyoCd=4370114656-00&ServiceCd=430&Type=search", "url2": null }, "geometry": { "type": "Point", "coordinates": [ 130.773865361376949, 32.787665019552776 ] } },
{ "type": "Feature", "properties": { "内容": "ケアプランセンターはぁとふる【居宅介護支援】熊本県熊本市東区桜木５丁目９－１", "url": "https://www.kaigokensaku.mhlw.go.jp/43/index.php?action_kouhyou_detail_004_kani=true&JigyosyoCd=4370115356-00&ServiceCd=430&Type=search", "url2": "kyotaku_hearthul@yahoo.co.jp" }, "geometry": { "type": "Point", "coordinates": [ 130.780515190434528, 32.786805326030475 ] } },
{ "type": "Feature", "properties": { "内容": "居宅介護支援事業所ハーモニー【居宅介護支援】熊本市東区秋津町秋田171-3", "url": "https://www.kaigokensaku.mhlw.go.jp/43/index.php?action_kouhyou_detail_004_kani=true&JigyosyoCd=4370100564-00&ServiceCd=430&Type=search", "url2": "http://harmony-k.or.jp/" }, "geometry": { "type": "Point", "coordinates": [ 130.766274399999929, 32.7660569 ] } },
{ "type": "Feature", "properties": { "内容": "居宅介護支援センターパンプキンハウス【居宅介護支援】熊本県熊本市東区佐土原1丁目２２－２０", "url": "https://www.kaigokensaku.mhlw.go.jp/43/index.php?action_kouhyou_detail_004_kani=true&JigyosyoCd=4370100820-00&ServiceCd=430&Type=search", "url2": "http://sadohara-fukushikai.net/" }, "geometry": { "type": "Point", "coordinates": [ 130.775034900000037, 32.7917744 ] } },
{ "type": "Feature", "properties": { "内容": "くまもとケアセンターそよ風【居宅介護支援】熊本市東区山ノ内３－９－２７", "url": "https://www.kaigokensaku.mhlw.go.jp/43/index.php?action_kouhyou_detail_004_kani=true&JigyosyoCd=4370102156-00&ServiceCd=430&Type=search", "url2": "http://www.sykz.co.jp" }, "geometry": { "type": "Point", "coordinates": [ 130.7652799, 32.7950101 ] } },
{ "type": "Feature", "properties": { "内容": "指定居宅介護支援事業所　るり苑【居宅介護支援】熊本市東区上南部1丁目16-36", "url": "https://www.kaigokensaku.mhlw.go.jp/43/index.php?action_kouhyou_detail_004_kani=true&JigyosyoCd=4370104129-00&ServiceCd=430&Type=search", "url2": "http://www.rurien.jimusho.jp" }, "geometry": { "type": "Point", "coordinates": [ 130.7663351, 32.8354729 ] } },
{ "type": "Feature", "properties": { "内容": "居宅介護支援事業所なかよし【居宅介護支援】熊本県熊本市東区尾ノ上3丁目1-34", "url": "https://www.kaigokensaku.mhlw.go.jp/43/index.php?action_kouhyou_detail_004_kani=true&JigyosyoCd=4370101737-00&ServiceCd=430&Type=search", "url2": "http://swc.zinpukai.com/" }, "geometry": { "type": "Point", "coordinates": [ 130.75397769999995, 32.7957626 ] } },
{ "type": "Feature", "properties": { "内容": "たくまの里【居宅介護支援】熊本市東区御領1丁目１３－２６", "url": "https://www.kaigokensaku.mhlw.go.jp/43/index.php?action_kouhyou_detail_004_kani=true&JigyosyoCd=4370105977-00&ServiceCd=430&Type=search", "url2": "http://www.takumanosato.com/" }, "geometry": { "type": "Point", "coordinates": [ 130.76161060000004, 32.8217797 ] } },
{ "type": "Feature", "properties": { "内容": "ふうの木ケアプランセンター【居宅介護支援】熊本市東区西原１丁目11-31プラチナマンション聚楽１階", "url": "https://www.kaigokensaku.mhlw.go.jp/43/index.php?action_kouhyou_detail_004_kani=true&JigyosyoCd=4370109441-00&ServiceCd=430&Type=search", "url2": "http://www.eikou.or.jp" }, "geometry": { "type": "Point", "coordinates": [ 130.750959273541298, 32.815490936988404 ] } },
{ "type": "Feature", "properties": { "内容": "朋岳園　地域介護サービスセンター　居宅介護支援事業所【居宅介護支援】熊本市東区石原２丁目４番１０号", "url": "https://www.kaigokensaku.mhlw.go.jp/43/index.php?action_kouhyou_detail_004_kani=true&JigyosyoCd=4370100572-00&ServiceCd=430&Type=search", "url2": "http://www.hougakuen.com/" }, "geometry": { "type": "Point", "coordinates": [ 130.780961400000024, 32.841864 ] } },
{ "type": "Feature", "properties": { "内容": "西日本ケアセンタ－【居宅介護支援】熊本市東区八反田３丁目１８－１", "url": "https://www.kaigokensaku.mhlw.go.jp/43/index.php?action_kouhyou_detail_004_kani=true&JigyosyoCd=4370106553-00&ServiceCd=430&Type=search", "url2": "http://www.nishinihon.or.jp" }, "geometry": { "type": "Point", "coordinates": [ 130.7706627, 32.8211244 ] } },
{ "type": "Feature", "properties": { "内容": "居宅介護支援事業所　栞【居宅介護支援】熊本県熊本市東区錦ヶ丘27-20B-102", "url": "https://www.kaigokensaku.mhlw.go.jp/43/index.php?action_kouhyou_detail_004_kani=true&JigyosyoCd=4370109383-00&ServiceCd=430&Type=search", "url2": null }, "geometry": { "type": "Point", "coordinates": [ 130.758688600000028, 32.7909103 ] } },
{ "type": "Feature", "properties": { "内容": "赤とんぼ居宅介護支援事業所【居宅介護支援】熊本市東区戸島西２－３－１０", "url": "https://www.kaigokensaku.mhlw.go.jp/43/index.php?action_kouhyou_detail_004_kani=true&JigyosyoCd=4370102347-00&ServiceCd=430&Type=search", "url2": "http://www.jinseikai.or.jp/" }, "geometry": { "type": "Point", "coordinates": [ 130.781067600000029, 32.8112451 ] } },
{ "type": "Feature", "properties": { "内容": "ヴィラ・ながみね指定居宅介護支援事業所【居宅介護支援】熊本市東区長嶺南４丁目１２番６５号", "url": "https://www.kaigokensaku.mhlw.go.jp/43/index.php?action_kouhyou_detail_004_kani=true&JigyosyoCd=4370100184-00&ServiceCd=430&Type=search", "url2": "http://vira.or.jp/" }, "geometry": { "type": "Point", "coordinates": [ 130.7749126, 32.8077953 ] } },
{ "type": "Feature", "properties": { "内容": "ゆうしん居宅介護支援センター【居宅介護支援】熊本県熊本市東区錦ケ丘26番11号", "url": "https://www.kaigokensaku.mhlw.go.jp/43/index.php?action_kouhyou_detail_004_kani=true&JigyosyoCd=4370100549-00&ServiceCd=430&Type=search", "url2": "http://yushin-wel.jp/" }, "geometry": { "type": "Point", "coordinates": [ 130.75858310000001, 32.7915269 ] } },
{ "type": "Feature", "properties": { "内容": "みどりの樹居宅介護支援センター健軍【居宅介護支援】熊本市東区健軍1-24-20", "url": "https://www.kaigokensaku.mhlw.go.jp/43/index.php?action_kouhyou_detail_004_kani=true&JigyosyoCd=4370109599-00&ServiceCd=430&Type=search", "url2": "http：//www.leaps-care.jp" }, "geometry": { "type": "Point", "coordinates": [ 130.7510509104508, 32.786298118161966 ] } },
{ "type": "Feature", "properties": { "内容": "ケアマネジメントクローバー【居宅介護支援】熊本県熊本市東区保田窪4-8-7", "url": "https://www.kaigokensaku.mhlw.go.jp/43/index.php?action_kouhyou_detail_004_kani=true&JigyosyoCd=4370113013-00&ServiceCd=430&Type=search", "url2": "http://www.qol4.com/" }, "geometry": { "type": "Point", "coordinates": [ 130.753027466296743, 32.808747170759993 ] } },
{ "type": "Feature", "properties": { "内容": "指定居宅介護支援事業所　ふれあいの里【居宅介護支援】熊本県熊本市東区戸島２丁目３番１５号", "url": "https://www.kaigokensaku.mhlw.go.jp/43/index.php?action_kouhyou_detail_004_kani=true&JigyosyoCd=4310118403-00&ServiceCd=430&Type=search", "url2": "https://seijin-kumamoto.or.jp" }, "geometry": { "type": "Point", "coordinates": [ 130.7929249, 32.8167057 ] } },
{ "type": "Feature", "properties": { "内容": "居宅サービスセンター　たくまだい熊本【居宅介護支援】熊本市東区尾ノ上１丁目14-27", "url": "https://www.kaigokensaku.mhlw.go.jp/43/index.php?action_kouhyou_detail_004_kani=true&JigyosyoCd=4350180024-00&ServiceCd=430&Type=search", "url2": "http://www.horio-kai.or.jp" }, "geometry": { "type": "Point", "coordinates": [ 130.751077900000041, 32.7888187 ] } },
{ "type": "Feature", "properties": { "内容": "鶴友会居宅介護支援センター【居宅介護支援】熊本市東区保田窪本町10-112メディエイト鶴翔苑", "url": "https://www.kaigokensaku.mhlw.go.jp/43/index.php?action_kouhyou_detail_004_kani=true&JigyosyoCd=4350180164-00&ServiceCd=430&Type=search", "url2": "http://www.kakuyuukai.or.jp" }, "geometry": { "type": "Point", "coordinates": [ 130.74710570000002, 32.808017 ] } },
{ "type": "Feature", "properties": { "内容": "熊本県看護協会介護支援事業所くまもと【居宅介護支援】熊本県熊本市東区花立5丁目14番17号", "url": "https://www.kaigokensaku.mhlw.go.jp/43/index.php?action_kouhyou_detail_004_kani=true&JigyosyoCd=4360190096-00&ServiceCd=430&Type=search", "url2": "http://www.kna.or.jp/" }, "geometry": { "type": "Point", "coordinates": [ 130.774221, 32.7856971 ] } },
{ "type": "Feature", "properties": { "内容": "ケアプランセンターすずめ【居宅介護支援】熊本市東区画図東１丁目８番４８号", "url": "https://www.kaigokensaku.mhlw.go.jp/43/index.php?action_kouhyou_detail_004_kani=true&JigyosyoCd=4370103501-00&ServiceCd=430&Type=search", "url2": "http://suzume.life.coocan.jp" }, "geometry": { "type": "Point", "coordinates": [ 130.748490413491822, 32.768264618368661 ] } },
{ "type": "Feature", "properties": { "内容": "まこと【居宅介護支援】熊本県熊本市東区月出４丁目４－３１", "url": "https://www.kaigokensaku.mhlw.go.jp/43/index.php?action_kouhyou_detail_004_kani=true&JigyosyoCd=4370105282-00&ServiceCd=430&Type=search", "url2": "http://vansay.jp/kumamoto" }, "geometry": { "type": "Point", "coordinates": [ 130.762613800000054, 32.803616500000011 ] } },
{ "type": "Feature", "properties": { "内容": "熊本市社会福祉事業団　秋津居宅介護支援事業所【居宅介護支援】熊本市東区秋津3丁目17-17秋津デイサービスセンター内", "url": "https://www.kaigokensaku.mhlw.go.jp/43/index.php?action_kouhyou_detail_004_kani=true&JigyosyoCd=4370105423-00&ServiceCd=430&Type=search", "url2": null }, "geometry": { "type": "Point", "coordinates": [ 130.707891099999983, 32.8031004 ] } },
{ "type": "Feature", "properties": { "内容": "居宅介護支援事業所　おんさ【居宅介護支援】熊本県熊本市東区新外3丁目1番63号平島ハイツ101号", "url": "https://www.kaigokensaku.mhlw.go.jp/43/index.php?action_kouhyou_detail_004_kani=true&JigyosyoCd=4370106751-00&ServiceCd=430&Type=search", "url2": null }, "geometry": { "type": "Point", "coordinates": [ 130.765789263795426, 32.799377020736962 ] } },
{ "type": "Feature", "properties": { "内容": "Let'sケアプラン！熊本東【居宅介護支援】熊本市東区三郎１丁目１２－２５", "url": "https://www.kaigokensaku.mhlw.go.jp/43/index.php?action_kouhyou_detail_004_kani=true&JigyosyoCd=4370113294-00&ServiceCd=430&Type=search", "url2": "https://www.sakurajyuji.or.jp/k-higashi/" }, "geometry": { "type": "Point", "coordinates": [ 130.7583942, 32.7998984 ] } },
{ "type": "Feature", "properties": { "内容": "相造舎　居宅介護支援【居宅介護支援】熊本県熊本市東区長嶺南5-3-71", "url": "https://www.kaigokensaku.mhlw.go.jp/43/index.php?action_kouhyou_detail_004_kani=true&JigyosyoCd=4370115919-00&ServiceCd=430&Type=search", "url2": "https://sites.google.com/view/souzousha/" }, "geometry": { "type": "Point", "coordinates": [ 130.780996499999986, 32.8058233 ] } },
{ "type": "Feature", "properties": { "内容": "ニチイケアセンター保田窪【居宅介護支援】熊本市東区保田窪4-10-68", "url": "https://www.kaigokensaku.mhlw.go.jp/43/index.php?action_kouhyou_detail_004_kani=true&JigyosyoCd=4370104350-00&ServiceCd=430&Type=search", "url2": null }, "geometry": { "type": "Point", "coordinates": [ 130.75818860000004, 32.8094225 ] } },
{ "type": "Feature", "properties": { "内容": "あやの里居宅介護支援事業所【居宅介護支援】熊本県熊本市東区山ノ内２－１－４", "url": "https://www.kaigokensaku.mhlw.go.jp/43/index.php?action_kouhyou_detail_004_kani=true&JigyosyoCd=4370102578-00&ServiceCd=430&Type=search", "url2": "https://ayanosato.net" }, "geometry": { "type": "Point", "coordinates": [ 130.768807667459072, 32.798301279940965 ] } },
{ "type": "Feature", "properties": { "内容": "（有）熊本ケアネットワーク【居宅介護支援】熊本市東区沼山津１丁目３－１サンセール健軍東", "url": "https://www.kaigokensaku.mhlw.go.jp/43/index.php?action_kouhyou_detail_004_kani=true&JigyosyoCd=4370101703-00&ServiceCd=430&Type=search", "url2": "http://kmcare.net" }, "geometry": { "type": "Point", "coordinates": [ 130.775259799999958, 32.7774699 ] } },
{ "type": "Feature", "properties": { "内容": "沼山津ケアプランセンター【居宅介護支援】熊本県熊本市東区沼山津3-9-92", "url": "https://www.kaigokensaku.mhlw.go.jp/43/index.php?action_kouhyou_detail_004_kani=true&JigyosyoCd=4370112924-00&ServiceCd=430&Type=search", "url2": null }, "geometry": { "type": "Point", "coordinates": [ 130.780857573541226, 32.77606347382568 ] } },
{ "type": "Feature", "properties": { "内容": "居宅介護支援事業所　アヤメ【居宅介護支援】小山町1781番地", "url": "https://www.kaigokensaku.mhlw.go.jp/43/index.php?action_kouhyou_detail_004_kani=true&JigyosyoCd=4370101075-00&ServiceCd=430&Type=search", "url2": "URLhttps://www.k-nisseikai.jp" }, "geometry": { "type": "Point", "coordinates": [ 139.382338900000036, 35.5940107 ] } },
{ "type": "Feature", "properties": { "内容": "居宅介護支援事業所　健軍なでしこ【居宅介護支援】東区健軍本町17番19号", "url": "https://www.kaigokensaku.mhlw.go.jp/43/index.php?action_kouhyou_detail_004_kani=true&JigyosyoCd=4370109227-00&ServiceCd=430&Type=search", "url2": null }, "geometry": { "type": "Point", "coordinates": [ 130.757210900000018, 32.786119 ] } },
{ "type": "Feature", "properties": { "内容": "ケアプランTIME【居宅介護支援】熊本県熊本市東区山ノ神1丁目４－１３", "url": "https://www.kaigokensaku.mhlw.go.jp/43/index.php?action_kouhyou_detail_004_kani=true&JigyosyoCd=4370102503-00&ServiceCd=430&Type=search", "url2": "http://fkstime.web.fc2.com" }, "geometry": { "type": "Point", "coordinates": [ 130.772221100000024, 32.7956324 ] } },
{ "type": "Feature", "properties": { "内容": "居宅介護支援事業所　アシスト【居宅介護支援】熊本市東区長嶺西１－６－95ル・メヨール１－Ｅ", "url": "https://www.kaigokensaku.mhlw.go.jp/43/index.php?action_kouhyou_detail_004_kani=true&JigyosyoCd=4370104459-00&ServiceCd=430&Type=search", "url2": "http://livewell-m.co.jp" }, "geometry": { "type": "Point", "coordinates": [ 130.764409911114512, 32.811704153839294 ] } },
{ "type": "Feature", "properties": { "内容": "居宅介護支援事業所　太陽【居宅介護支援】熊本市東区長嶺西2丁目7番8号サンパーク長嶺106号", "url": "https://www.kaigokensaku.mhlw.go.jp/43/index.php?action_kouhyou_detail_004_kani=true&JigyosyoCd=4370107346-00&ServiceCd=430&Type=search", "url2": null }, "geometry": { "type": "Point", "coordinates": [ 130.765474199999971, 32.813339 ] } },
{ "type": "Feature", "properties": { "内容": "たっく地域支援センター【居宅介護支援】熊本県熊本市東区上南部２丁目１－６７", "url": "https://www.kaigokensaku.mhlw.go.jp/43/index.php?action_kouhyou_detail_004_kani=true&JigyosyoCd=4370110696-00&ServiceCd=430&Type=search", "url2": "http://www.kumasuma.co.jp" }, "geometry": { "type": "Point", "coordinates": [ 130.765738, 32.8287624 ] } },
{ "type": "Feature", "properties": { "内容": "くるみケアプランセンター【居宅介護支援】熊本県熊本市東区渡鹿8-1-70", "url": "https://www.kaigokensaku.mhlw.go.jp/43/index.php?action_kouhyou_detail_004_kani=true&JigyosyoCd=4370111587-00&ServiceCd=430&Type=search", "url2": "http://kuruminomori.jp/" }, "geometry": { "type": "Point", "coordinates": [ 130.7416892, 32.8100918 ] } },
{ "type": "Feature", "properties": { "内容": "白川の里居宅介護支援事業所【居宅介護支援】熊本市東区小山町2493", "url": "https://www.kaigokensaku.mhlw.go.jp/43/index.php?action_kouhyou_detail_004_kani=true&JigyosyoCd=4370106843-00&ServiceCd=430&Type=search", "url2": "http://shirakawa.ed.jp/" }, "geometry": { "type": "Point", "coordinates": [ 130.810481831213366, 32.834619899720181 ] } },
{ "type": "Feature", "properties": { "内容": "ケアプランセンター令寿【居宅介護支援】熊本県熊本市東区長嶺東2丁目28-80", "url": "https://www.kaigokensaku.mhlw.go.jp/43/index.php?action_kouhyou_detail_004_kani=true&JigyosyoCd=4370114557-00&ServiceCd=430&Type=search", "url2": "https//www.takumakai.or.jp" }, "geometry": { "type": "Point", "coordinates": [ 130.773654099999987, 32.821728 ] } },
{ "type": "Feature", "properties": { "内容": "画図重富苑ケアプランセンター【居宅介護支援】熊本県熊本市東区画図町重富974-1画図重富苑デイサービスセンター2階", "url": "https://www.kaigokensaku.mhlw.go.jp/43/index.php?action_kouhyou_detail_004_kani=true&JigyosyoCd=4370116248-00&ServiceCd=430&Type=search", "url2": "https://k-zenrinkai.or.jp/" }, "geometry": { "type": "Point", "coordinates": [ 130.732527111482312, 32.756137308974054 ] } },
{ "type": "Feature", "properties": { "内容": "オリーブ居宅介護支援事業所【居宅介護支援】熊本県熊本市東区新南部6丁目２－５", "url": "https://www.kaigokensaku.mhlw.go.jp/43/index.php?action_kouhyou_detail_004_kani=true&JigyosyoCd=4370115653-00&ServiceCd=430&Type=search", "url2": null }, "geometry": { "type": "Point", "coordinates": [ 130.752439, 32.817719 ] } },
{ "type": "Feature", "properties": { "内容": "居宅介護支援事業所　わかば【居宅介護支援】熊本県熊本市東区若葉２丁目１３番１６号", "url": "https://www.kaigokensaku.mhlw.go.jp/43/index.php?action_kouhyou_detail_004_kani=true&JigyosyoCd=4370110837-00&ServiceCd=430&Type=search", "url2": null }, "geometry": { "type": "Point", "coordinates": [ 130.764478769816577, 32.776456522219704 ] } },
{ "type": "Feature", "properties": { "内容": "マイスターケア【居宅介護支援】熊本県熊本市東区御領三丁目1番41号", "url": "https://www.kaigokensaku.mhlw.go.jp/43/index.php?action_kouhyou_detail_004_kani=true&JigyosyoCd=4370108419-00&ServiceCd=430&Type=search", "url2": null }, "geometry": { "type": "Point", "coordinates": [ 130.770361830575212, 32.823135874478034 ] } },
{ "type": "Feature", "properties": { "内容": "UMICAHINOMONOGATARI【居宅介護支援】小峯2−1−8", "url": "https://www.kaigokensaku.mhlw.go.jp/43/index.php?action_kouhyou_detail_004_kani=true&JigyosyoCd=4370116024-00&ServiceCd=430&Type=search", "url2": "https://umicahi.com" }, "geometry": { "type": "Point", "coordinates": [ 130.77513, 32.804234 ] } },
{ "type": "Feature", "properties": { "内容": "居宅介護支援事業所　れいわ【居宅介護支援】熊本県熊本市東区小山5丁目19番55号", "url": "https://www.kaigokensaku.mhlw.go.jp/43/index.php?action_kouhyou_detail_004_kani=true&JigyosyoCd=4370113773-00&ServiceCd=430&Type=search", "url2": "www.howashi.jp" }, "geometry": { "type": "Point", "coordinates": [ 130.793174, 32.830980700000033 ] } },
{ "type": "Feature", "properties": { "内容": "ケアプランセンター　スマイル【居宅介護支援】熊本県熊本市東区神園2丁目6-21住宅型有料老人ホームSmile　House内", "url": "https://www.kaigokensaku.mhlw.go.jp/43/index.php?action_kouhyou_detail_004_kani=true&JigyosyoCd=4370116347-00&ServiceCd=430&Type=search", "url2": null }, "geometry": { "type": "Point", "coordinates": [ 130.7825305, 32.8359639 ] } },
{ "type": "Feature", "properties": { "内容": "ケアプランセンター　ライフぷらす【居宅介護支援】保田窪本町8-18中小路ビル103号中小路ビル103号", "url": "https://www.kaigokensaku.mhlw.go.jp/43/index.php?action_kouhyou_detail_004_kani=true&JigyosyoCd=4370115141-00&ServiceCd=430&Type=search", "url2": null }, "geometry": { "type": "Point", "coordinates": [ 130.7493595, 32.8202738 ] } },
{ "type": "Feature", "properties": { "内容": "居宅介護支援事業所　御領【居宅介護支援】熊本県熊本市東区御領１丁目１０－３０", "url": "https://www.kaigokensaku.mhlw.go.jp/43/index.php?action_kouhyou_detail_004_kani=true&JigyosyoCd=4370116560-00&ServiceCd=430&Type=search", "url2": null }, "geometry": { "type": "Point", "coordinates": [ 130.770330300000012, 32.826413 ] } },
{ "type": "Feature", "properties": { "内容": "ケアプラン　つぐみ【居宅介護支援】熊本県熊本市東区長嶺西1丁目9-1サンアメニティ壱番館302号", "url": "https://www.kaigokensaku.mhlw.go.jp/43/index.php?action_kouhyou_detail_004_kani=true&JigyosyoCd=4370116842-00&ServiceCd=430&Type=search", "url2": null }, "geometry": { "type": "Point", "coordinates": [ 130.7621484, 32.8131759 ] } },
{ "type": "Feature", "properties": { "内容": "居宅介護支援事業所　ここね【居宅介護支援】熊本県熊本市東区長嶺東5丁目3-26", "url": "https://www.kaigokensaku.mhlw.go.jp/43/index.php?action_kouhyou_detail_004_kani=true&JigyosyoCd=4370113195-00&ServiceCd=430&Type=search", "url2": null }, "geometry": { "type": "Point", "coordinates": [ 130.782750599999986, 32.821219 ] } },
{ "type": "Feature", "properties": { "内容": "在宅支援センター365ＫＵＭＡＭＯＴＯ【居宅介護支援】月出1丁目1番53号", "url": "https://www.kaigokensaku.mhlw.go.jp/43/index.php?action_kouhyou_detail_004_kani=true&JigyosyoCd=4370116719-00&ServiceCd=430&Type=search", "url2": null }, "geometry": { "type": "Point", "coordinates": [ 130.7616295, 32.8003544 ] } },
{ "type": "Feature", "properties": { "内容": "ラポーレ正直家【居宅介護支援】熊本県熊本市東区戸島西1丁目29-33トーカンマンション健軍東　三番館　1002号", "url": "https://www.kaigokensaku.mhlw.go.jp/43/index.php?action_kouhyou_detail_004_kani=true&JigyosyoCd=4370116677-00&ServiceCd=430&Type=search", "url2": "https://syojikiya-ma.com/" }, "geometry": { "type": "Point", "coordinates": [ 130.787443599999989, 32.8126554 ] } },
{ "type": "Feature", "properties": { "内容": "あおぞらの里　西原ケアプランセンター【居宅介護支援】熊本県熊本市東区西原二丁目35-41", "url": "https://www.kaigokensaku.mhlw.go.jp/43/index.php?action_kouhyou_detail_004_kani=true&JigyosyoCd=4370113674-00&ServiceCd=430&Type=search", "url2": "http://www.cedar-group.co.jp" }, "geometry": { "type": "Point", "coordinates": [ 130.758794699999953, 32.8168545 ] } },
{ "type": "Feature", "properties": { "内容": "居宅介護支援センター蓮台寺【居宅介護支援】熊本県熊本市西区蓮台寺３丁目4-5", "url": "https://www.kaigokensaku.mhlw.go.jp/43/index.php?action_kouhyou_detail_004_kani=true&JigyosyoCd=4370110985-00&ServiceCd=430&Type=search", "url2": "http://www.houjyukai-g.jp/" }, "geometry": { "type": "Point", "coordinates": [ 130.687255, 32.7716387 ] } },
{ "type": "Feature", "properties": { "内容": "みこころ居宅介護支援事業所【居宅介護支援】熊本市西区上熊本2丁目11-24", "url": "https://www.kaigokensaku.mhlw.go.jp/43/index.php?action_kouhyou_detail_004_kani=true&JigyosyoCd=4310118072-00&ServiceCd=430&Type=search", "url2": "http://www.mikokorohp.com/" }, "geometry": { "type": "Point", "coordinates": [ 130.6998946, 32.8129826 ] } },
{ "type": "Feature", "properties": { "内容": "せいぶ【居宅介護支援】熊本県熊本市西区上代7丁目29番25号", "url": "https://www.kaigokensaku.mhlw.go.jp/43/index.php?action_kouhyou_detail_004_kani=true&JigyosyoCd=4370105563-00&ServiceCd=430&Type=search", "url2": "http://www.i-seibu.jp" }, "geometry": { "type": "Point", "coordinates": [ 130.662762599999951, 32.7770216 ] } },
{ "type": "Feature", "properties": { "内容": "居宅介護支援事業所　やすらぎ【居宅介護支援】熊本県熊本市西区野中1-6-1", "url": "https://www.kaigokensaku.mhlw.go.jp/43/index.php?action_kouhyou_detail_004_kani=true&JigyosyoCd=4370109276-00&ServiceCd=430&Type=search", "url2": "https：www.seed2012.com/" }, "geometry": { "type": "Point", "coordinates": [ 130.680938800000035, 32.776177199999985 ] } },
{ "type": "Feature", "properties": { "内容": "ケアプランセンター夢眠くまもと【居宅介護支援】熊本市西区城山下代2丁目1-3　ソレイユ城山101号室ソレイユ城山101号室", "url": "https://www.kaigokensaku.mhlw.go.jp/43/index.php?action_kouhyou_detail_004_kani=true&JigyosyoCd=4370114854-00&ServiceCd=430&Type=search", "url2": null }, "geometry": { "type": "Point", "coordinates": [ 130.656475600000022, 32.7794398 ] } },
{ "type": "Feature", "properties": { "内容": "聖ヶ塔病院【居宅介護支援】熊本市西区河内町船津897", "url": "https://www.kaigokensaku.mhlw.go.jp/43/index.php?action_kouhyou_detail_004_kani=true&JigyosyoCd=4310121555-00&ServiceCd=430&Type=search", "url2": "http://www.seigatoh-hp.jp/" }, "geometry": { "type": "Point", "coordinates": [ 130.582307, 32.8358982 ] } },
{ "type": "Feature", "properties": { "内容": "居宅介護支援事業所　caito【居宅介護支援】熊本県熊本市西区谷尾崎町１１０５－２１", "url": "https://www.kaigokensaku.mhlw.go.jp/43/index.php?action_kouhyou_detail_004_kani=true&JigyosyoCd=4370116479-00&ServiceCd=430&Type=search", "url2": null }, "geometry": { "type": "Point", "coordinates": [ 130.6714001, 32.7991776 ] } },
{ "type": "Feature", "properties": { "内容": "はなぞのケアセンター居宅介護支援事業所【居宅介護支援】熊本市西区花園7丁目25-23", "url": "https://www.kaigokensaku.mhlw.go.jp/43/index.php?action_kouhyou_detail_004_kani=true&JigyosyoCd=4370105860-00&ServiceCd=430&Type=search", "url2": "http://www.shunkokai.jp" }, "geometry": { "type": "Point", "coordinates": [ 130.69082579118421, 32.826094398272105 ] } },
{ "type": "Feature", "properties": { "内容": "グリーンコープケアプランセンター熊本西【居宅介護支援】熊本市西区新土河原2丁目1-1", "url": "https://www.kaigokensaku.mhlw.go.jp/43/index.php?action_kouhyou_detail_004_kani=true&JigyosyoCd=4370109201-00&ServiceCd=430&Type=search", "url2": "http://www.fukusi-greencoop.or.jp" }, "geometry": { "type": "Point", "coordinates": [ 130.6758615, 32.7755578 ] } },
{ "type": "Feature", "properties": { "内容": "熊本市社会福祉事業団長寿の里居宅介護支援事業所【居宅介護支援】熊本市西区城山薬師２丁目１０番１０号", "url": "https://www.kaigokensaku.mhlw.go.jp/43/index.php?action_kouhyou_detail_004_kani=true&JigyosyoCd=4370105431-00&ServiceCd=430&Type=search", "url2": "https://ksfj.jp/" }, "geometry": { "type": "Point", "coordinates": [ 130.646662, 32.771263 ] } },
{ "type": "Feature", "properties": { "内容": "リバーサイド熊本指定居宅介護支援事業所【居宅介護支援】熊本市西区河内町野出1936-1", "url": "https://www.kaigokensaku.mhlw.go.jp/43/index.php?action_kouhyou_detail_004_kani=true&JigyosyoCd=4370100267-00&ServiceCd=430&Type=search", "url2": "https://shunkokai.jp/" }, "geometry": { "type": "Point", "coordinates": [ 130.627433600000018, 32.8263721 ] } },
{ "type": "Feature", "properties": { "内容": "はるかぜ居宅介護支援事業所【居宅介護支援】熊本市西区春3丁目25番1号", "url": "https://www.kaigokensaku.mhlw.go.jp/43/index.php?action_kouhyou_detail_004_kani=true&JigyosyoCd=4310122322-00&ServiceCd=430&Type=search", "url2": "http://www.seisinkai.or.jp" }, "geometry": { "type": "Point", "coordinates": [ 130.68761, 32.7896288 ] } },
{ "type": "Feature", "properties": { "内容": "聖母の丘指定居宅介護支援事業所【居宅介護支援】熊本県熊本市西区島崎６丁目１番２７号", "url": "https://www.kaigokensaku.mhlw.go.jp/43/index.php?action_kouhyou_detail_004_kani=true&JigyosyoCd=4370100135-00&ServiceCd=430&Type=search", "url2": "https://seibonooka.sakura.ne.jp/" }, "geometry": { "type": "Point", "coordinates": [ 130.688853900000026, 32.8116157 ] } },
{ "type": "Feature", "properties": { "内容": "熊本ケアプランセンター【居宅介護支援】熊本市西区八島2丁目13-82", "url": "https://www.kaigokensaku.mhlw.go.jp/43/index.php?action_kouhyou_detail_004_kani=true&JigyosyoCd=4370105548-00&ServiceCd=430&Type=search", "url2": "info@hhs-kk.com" }, "geometry": { "type": "Point", "coordinates": [ 130.680502599999954, 32.7792742 ] } },
{ "type": "Feature", "properties": { "内容": "居宅介護支援センターアルク【居宅介護支援】熊本県熊本市西区上代3丁目2-45", "url": "https://www.kaigokensaku.mhlw.go.jp/43/index.php?action_kouhyou_detail_004_kani=true&JigyosyoCd=4370111827-00&ServiceCd=430&Type=search", "url2": "aruk-kumamoto.jp/" }, "geometry": { "type": "Point", "coordinates": [ 130.672421947776826, 32.779338903328799 ] } },
{ "type": "Feature", "properties": { "内容": "居宅介護支援事業所ハッピー【居宅介護支援】熊本県熊本市西区花園5-4-11", "url": "https://www.kaigokensaku.mhlw.go.jp/43/index.php?action_kouhyou_detail_004_kani=true&JigyosyoCd=4370116222-00&ServiceCd=430&Type=search", "url2": "http://happy-kaigo.net/index.html" }, "geometry": { "type": "Point", "coordinates": [ 130.6943068, 32.8186034 ] } },
{ "type": "Feature", "properties": { "内容": "指定居宅介護支援事業所　地域介護相談センターけあまっぷ城西【居宅介護支援】熊本市西区島崎2丁目11番13号", "url": "https://www.kaigokensaku.mhlw.go.jp/43/index.php?action_kouhyou_detail_004_kani=true&JigyosyoCd=4370102263-00&ServiceCd=430&Type=search", "url2": "https://www.seijino.or.jp/" }, "geometry": { "type": "Point", "coordinates": [ 130.690620399999943, 32.809746500000024 ] } },
{ "type": "Feature", "properties": { "内容": "リユニオン田崎居宅介護支援事業所【居宅介護支援】熊本市西区田崎2丁目5-31", "url": "https://www.kaigokensaku.mhlw.go.jp/43/index.php?action_kouhyou_detail_004_kani=true&JigyosyoCd=4370114698-00&ServiceCd=430&Type=search", "url2": "http://www.shunkokai.jp" }, "geometry": { "type": "Point", "coordinates": [ 130.679517312303147, 32.782809039214371 ] } },
{ "type": "Feature", "properties": { "内容": "ケアプランセンターあゆむ【居宅介護支援】蓮台寺2-6-7", "url": "https://www.kaigokensaku.mhlw.go.jp/43/index.php?action_kouhyou_detail_004_kani=true&JigyosyoCd=4370115927-00&ServiceCd=430&Type=search", "url2": "https://www.ezu-clinic.com" }, "geometry": { "type": "Point", "coordinates": [ 130.6877978, 32.7726027 ] } },
{ "type": "Feature", "properties": { "内容": "三和荘居宅介護支援事業所【居宅介護支援】熊本市西区城山大塘４丁目1-15", "url": "https://www.kaigokensaku.mhlw.go.jp/43/index.php?action_kouhyou_detail_004_kani=true&JigyosyoCd=4370100382-00&ServiceCd=430&Type=search", "url2": "http://sanwaso.jp/" }, "geometry": { "type": "Point", "coordinates": [ 130.651416, 32.7848791 ] } },
{ "type": "Feature", "properties": { "内容": "ケアライフ春日ケアプランセンター【居宅介護支援】熊本県熊本市西区春日7丁目16番12", "url": "https://www.kaigokensaku.mhlw.go.jp/43/index.php?action_kouhyou_detail_004_kani=true&JigyosyoCd=4370107163-00&ServiceCd=430&Type=search", "url2": "http://www.bestlife1165.com/blog/?cat=8" }, "geometry": { "type": "Point", "coordinates": [ 130.680930100000069, 32.7863235 ] } },
{ "type": "Feature", "properties": { "内容": "ウェルネスケア・熊本【居宅介護支援】熊本県熊本市西区松尾１丁目9-96", "url": "https://www.kaigokensaku.mhlw.go.jp/43/index.php?action_kouhyou_detail_004_kani=true&JigyosyoCd=4370106215-00&ServiceCd=430&Type=search", "url2": null }, "geometry": { "type": "Point", "coordinates": [ 130.654007500000034, 32.7879039 ] } },
{ "type": "Feature", "properties": { "内容": "居宅介護支援事業所　みかんの丘【居宅介護支援】熊本市西区河内町白浜字堀切1440-2", "url": "https://www.kaigokensaku.mhlw.go.jp/43/index.php?action_kouhyou_detail_004_kani=true&JigyosyoCd=4370104608-00&ServiceCd=430&Type=search", "url2": "https://mikan-oka.com" }, "geometry": { "type": "Point", "coordinates": [ 130.601540093762196, 32.845318012006622 ] } },
{ "type": "Feature", "properties": { "内容": "さくらの苑在宅介護支援センター【居宅介護支援】熊本市西区松尾町近津1361番地", "url": "https://www.kaigokensaku.mhlw.go.jp/43/index.php?action_kouhyou_detail_004_kani=true&JigyosyoCd=4370102628-00&ServiceCd=430&Type=search", "url2": "http://ryowakai.com" }, "geometry": { "type": "Point", "coordinates": [ 130.606182600000011, 32.8025355 ] } },
{ "type": "Feature", "properties": { "内容": "ケアプランセンター　アロハ【居宅介護支援】松尾2丁目26-33", "url": "https://www.kaigokensaku.mhlw.go.jp/43/index.php?action_kouhyou_detail_004_kani=true&JigyosyoCd=4370114565-00&ServiceCd=430&Type=search", "url2": "info@ponoheart.co.jp" }, "geometry": { "type": "Point", "coordinates": [ 130.642636900000014, 32.7849958 ] } },
{ "type": "Feature", "properties": { "内容": "わんどう【居宅介護支援】熊本市西区河内町白浜イ2238番地", "url": "https://www.kaigokensaku.mhlw.go.jp/43/index.php?action_kouhyou_detail_004_kani=true&JigyosyoCd=4370106066-00&ServiceCd=430&Type=search", "url2": null }, "geometry": { "type": "Point", "coordinates": [ 130.582772205331224, 32.842177430248725 ] } },
{ "type": "Feature", "properties": { "内容": "居宅介護支援事業所　輝祥苑【居宅介護支援】熊本県熊本市西区田崎町380-8", "url": "https://www.kaigokensaku.mhlw.go.jp/43/index.php?action_kouhyou_detail_004_kani=true&JigyosyoCd=4370112916-00&ServiceCd=430&Type=search", "url2": "https://www.rissi.or.jp" }, "geometry": { "type": "Point", "coordinates": [ 130.677529108258653, 32.783972022798295 ] } },
{ "type": "Feature", "properties": { "内容": "ケアプランセンター桃の花【居宅介護支援】熊本県熊本市西区花園7丁目14-36Forest花園102号", "url": "https://www.kaigokensaku.mhlw.go.jp/43/index.php?action_kouhyou_detail_004_kani=true&JigyosyoCd=4370114714-00&ServiceCd=430&Type=search", "url2": null }, "geometry": { "type": "Point", "coordinates": [ 130.6878537, 32.825139299999975 ] } },
{ "type": "Feature", "properties": { "内容": "ケアプランセンター横手【居宅介護支援】熊本市西区横手5丁目4-15", "url": "https://www.kaigokensaku.mhlw.go.jp/43/index.php?action_kouhyou_detail_004_kani=true&JigyosyoCd=4370114797-00&ServiceCd=430&Type=search", "url2": null }, "geometry": { "type": "Point", "coordinates": [ 130.687975599999987, 32.8041108 ] } },
{ "type": "Feature", "properties": { "内容": "居宅介護支援事業所なすび園【居宅介護支援】熊本県熊本市西区沖新町3353番地", "url": "https://www.kaigokensaku.mhlw.go.jp/43/index.php?action_kouhyou_detail_004_kani=true&JigyosyoCd=4350180180-00&ServiceCd=430&Type=search", "url2": "https://www.nasubien.or.jp" }, "geometry": { "type": "Point", "coordinates": [ 130.612374499999987, 32.7565919 ] } },
{ "type": "Feature", "properties": { "内容": "居宅介護支援事業所　たさき【居宅介護支援】熊本市西区田崎3丁目1-17", "url": "https://www.kaigokensaku.mhlw.go.jp/43/index.php?action_kouhyou_detail_004_kani=true&JigyosyoCd=4310122553-00&ServiceCd=430&Type=search", "url2": "kyotaku@y-houjinkai.or.jp" }, "geometry": { "type": "Point", "coordinates": [ 130.683269, 32.7809768 ] } },
{ "type": "Feature", "properties": { "内容": "居宅介護支援事業所「ひまわり」【居宅介護支援】熊本市西区上高橋２丁目１３－６", "url": "https://www.kaigokensaku.mhlw.go.jp/43/index.php?action_kouhyou_detail_004_kani=true&JigyosyoCd=4370106363-00&ServiceCd=430&Type=search", "url2": "https://suetsugu-naika.com/" }, "geometry": { "type": "Point", "coordinates": [ 130.6564962, 32.7861319 ] } },
{ "type": "Feature", "properties": { "内容": "居宅介護支援事業所　AOI【居宅介護支援】熊本県熊本市西区城山下代3丁目1番3号ｵﾚﾝｼﾞ歯科　2F", "url": "https://www.kaigokensaku.mhlw.go.jp/43/index.php?action_kouhyou_detail_004_kani=true&JigyosyoCd=4370116628-00&ServiceCd=430&Type=search", "url2": "https://aoinomori-kumamoto.jp/kyotaku-aoi/" }, "geometry": { "type": "Point", "coordinates": [ 130.6558331, 32.7768906 ] } },
{ "type": "Feature", "properties": { "内容": "居宅介護支援事業所けいあん【居宅介護支援】熊本県熊本市西区池亀町１５番１２号", "url": "https://www.kaigokensaku.mhlw.go.jp/43/index.php?action_kouhyou_detail_004_kani=true&JigyosyoCd=4370114292-00&ServiceCd=430&Type=search", "url2": null }, "geometry": { "type": "Point", "coordinates": [ 130.6972288, 32.8244524 ] } },
{ "type": "Feature", "properties": { "内容": "合同会社一二三ブライト居宅介護支援事業所【居宅介護支援】熊本県熊本市西区花園３丁目４－１６・１０１号", "url": "https://www.kaigokensaku.mhlw.go.jp/43/index.php?action_kouhyou_detail_004_kani=true&JigyosyoCd=4370116578-00&ServiceCd=430&Type=search", "url2": null }, "geometry": { "type": "Point", "coordinates": [ 130.6890137, 32.8225715 ] } },
{ "type": "Feature", "properties": { "内容": "うみかぜケアステーション【居宅介護支援】春日６丁目１９番１号", "url": "https://www.kaigokensaku.mhlw.go.jp/43/index.php?action_kouhyou_detail_004_kani=true&JigyosyoCd=4370111637-00&ServiceCd=430&Type=search", "url2": null }, "geometry": { "type": "Point", "coordinates": [ 130.684362462124426, 32.785436788485704 ] } },
{ "type": "Feature", "properties": { "内容": "プラン・アイエスケア【居宅介護支援】熊本県熊本市南区出仲間八丁目9番3-1006", "url": "https://www.kaigokensaku.mhlw.go.jp/43/index.php?action_kouhyou_detail_004_kani=true&JigyosyoCd=4370108427-00&ServiceCd=430&Type=search", "url2": null }, "geometry": { "type": "Point", "coordinates": [ 130.722632298811277, 32.76916518235614 ] } },
{ "type": "Feature", "properties": { "内容": "けあねっと川尻【居宅介護支援】熊本市南区川尻5丁目1番62号", "url": "https://www.kaigokensaku.mhlw.go.jp/43/index.php?action_kouhyou_detail_004_kani=true&JigyosyoCd=4370104384-00&ServiceCd=430&Type=search", "url2": "http://kawashiri-ozakinaika.or.jp" }, "geometry": { "type": "Point", "coordinates": [ 130.684392399999979, 32.7376418 ] } },
{ "type": "Feature", "properties": { "内容": "ツクイ熊本田井島【居宅介護支援】熊本県熊本市南区田井島二丁目1番6号", "url": "https://www.kaigokensaku.mhlw.go.jp/43/index.php?action_kouhyou_detail_004_kani=true&JigyosyoCd=4370109375-00&ServiceCd=430&Type=search", "url2": "http://www.tsukui.net/" }, "geometry": { "type": "Point", "coordinates": [ 130.718849699999964, 32.7658874 ] } },
{ "type": "Feature", "properties": { "内容": "タカヒロ居宅介護支援事業所【居宅介護支援】熊本県熊本市南区内田町６６３－２", "url": "https://www.kaigokensaku.mhlw.go.jp/43/index.php?action_kouhyou_detail_004_kani=true&JigyosyoCd=4370112841-00&ServiceCd=430&Type=search", "url2": null }, "geometry": { "type": "Point", "coordinates": [ 130.653333086605784, 32.743890433771405 ] } },
{ "type": "Feature", "properties": { "内容": "ケアプランセンター福寿庵【居宅介護支援】熊本市南区田迎2丁目14番1号", "url": "https://www.kaigokensaku.mhlw.go.jp/43/index.php?action_kouhyou_detail_004_kani=true&JigyosyoCd=4370113310-00&ServiceCd=430&Type=search", "url2": "http//happiness728.co.jp" }, "geometry": { "type": "Point", "coordinates": [ 130.709915555294856, 32.774137194091999 ] } },
{ "type": "Feature", "properties": { "内容": "居宅支援事業所　桜花【居宅介護支援】熊本県熊本市南区白石町６９８", "url": "https://www.kaigokensaku.mhlw.go.jp/43/index.php?action_kouhyou_detail_004_kani=true&JigyosyoCd=4370114300-00&ServiceCd=430&Type=search", "url2": null }, "geometry": { "type": "Point", "coordinates": [ 130.6367716, 32.7525501 ] } },
{ "type": "Feature", "properties": { "内容": "居宅介護支援事業所　ひなた【居宅介護支援】熊本市南区御幸西3丁目9-36有料老人ホームはなな", "url": "https://www.kaigokensaku.mhlw.go.jp/43/index.php?action_kouhyou_detail_004_kani=true&JigyosyoCd=4370114409-00&ServiceCd=430&Type=search", "url2": null }, "geometry": { "type": "Point", "coordinates": [ 130.7018927, 32.756686200000019 ] } },
{ "type": "Feature", "properties": { "内容": "ケアプランセンターじょうなん【居宅介護支援】熊本県熊本市南区城南町下宮地５９２－１住宅型有料老人ホーム城南陽気ホーム内", "url": "https://www.kaigokensaku.mhlw.go.jp/43/index.php?action_kouhyou_detail_004_kani=true&JigyosyoCd=4370113781-00&ServiceCd=430&Type=search", "url2": "https://yokihome.com/" }, "geometry": { "type": "Point", "coordinates": [ 130.730499799999961, 32.7043965 ] } },
{ "type": "Feature", "properties": { "内容": "居宅介護支援事業所　オリーブ【居宅介護支援】熊本県熊本市南区城南町さんさん1-6-2", "url": "https://www.kaigokensaku.mhlw.go.jp/43/index.php?action_kouhyou_detail_004_kani=true&JigyosyoCd=4370112726-00&ServiceCd=430&Type=search", "url2": "http://www.shimodaclinic.jp/" }, "geometry": { "type": "Point", "coordinates": [ 130.739209, 32.7134977 ] } },
{ "type": "Feature", "properties": { "内容": "居宅介護支援事業所　まきの木【居宅介護支援】熊本県熊本市南区城南町宮地1040番地", "url": "https://www.kaigokensaku.mhlw.go.jp/43/index.php?action_kouhyou_detail_004_kani=true&JigyosyoCd=4370110415-00&ServiceCd=430&Type=search", "url2": null }, "geometry": { "type": "Point", "coordinates": [ 130.729981239534027, 32.709012632922331 ] } },
{ "type": "Feature", "properties": { "内容": "指定居宅介護支援事業所　紅い華【居宅介護支援】熊本市南区元三町2丁目9-22", "url": "https://www.kaigokensaku.mhlw.go.jp/43/index.php?action_kouhyou_detail_004_kani=true&JigyosyoCd=4370103550-00&ServiceCd=430&Type=search", "url2": "http://www.akaihana.info/" }, "geometry": { "type": "Point", "coordinates": [ 130.688911400000052, 32.7391028 ] } },
{ "type": "Feature", "properties": { "内容": "居宅介護支援事業所　いちご【居宅介護支援】南区奥古閑1966", "url": "https://www.kaigokensaku.mhlw.go.jp/43/index.php?action_kouhyou_detail_004_kani=true&JigyosyoCd=4370110043-00&ServiceCd=430&Type=search", "url2": null }, "geometry": { "type": "Point", "coordinates": [ 130.637785099999974, 32.7317223 ] } },
{ "type": "Feature", "properties": { "内容": "けあねっと共生【居宅介護支援】熊本県熊本市南区川尻4丁目13番2号", "url": "https://www.kaigokensaku.mhlw.go.jp/43/index.php?action_kouhyou_detail_004_kani=true&JigyosyoCd=4370114870-00&ServiceCd=430&Type=search", "url2": "https://kyousei-pharmacy.jp" }, "geometry": { "type": "Point", "coordinates": [ 130.68304, 32.736481500000018 ] } },
{ "type": "Feature", "properties": { "内容": "居宅介護支援センター　AQUA【居宅介護支援】熊本市南区島町３丁目８−３４レジデンスフクダ２０１号", "url": "https://www.kaigokensaku.mhlw.go.jp/43/index.php?action_kouhyou_detail_004_kani=true&JigyosyoCd=4370114888-00&ServiceCd=430&Type=search", "url2": null }, "geometry": { "type": "Point", "coordinates": [ 130.677527700000013, 32.7647732 ] } },
{ "type": "Feature", "properties": { "内容": "天寿園在宅サービスセンター【居宅介護支援】熊本県熊本市南区奥古閑町４３７５番１", "url": "https://www.kaigokensaku.mhlw.go.jp/43/index.php?action_kouhyou_detail_004_kani=true&JigyosyoCd=4370100440-00&ServiceCd=430&Type=search", "url2": "https://fuku-juryo.jp" }, "geometry": { "type": "Point", "coordinates": [ 130.620838899999967, 32.7294554 ] } },
{ "type": "Feature", "properties": { "内容": "居宅介護支援事業所　みゆきの里【居宅介護支援】熊本県熊本市南区御幸笛田６丁目6番７１号", "url": "https://www.kaigokensaku.mhlw.go.jp/43/index.php?action_kouhyou_detail_004_kani=true&JigyosyoCd=4370100333-00&ServiceCd=430&Type=search", "url2": "miyukinosato.or.jp" }, "geometry": { "type": "Point", "coordinates": [ 130.710532116765108, 32.758504501044598 ] } },
{ "type": "Feature", "properties": { "内容": "「なごみ」居宅介護支援事業所【居宅介護支援】熊本県熊本市南区城南町舞原無番地なごみ北棟", "url": "https://www.kaigokensaku.mhlw.go.jp/43/index.php?action_kouhyou_detail_004_kani=true&JigyosyoCd=4312310925-00&ServiceCd=430&Type=search", "url2": "https://www.ksr-hospital.jp/" }, "geometry": { "type": "Point", "coordinates": [ 130.750642762776096, 32.715787856633995 ] } },
{ "type": "Feature", "properties": { "内容": "居宅介護支援事業所　レイフル【居宅介護支援】熊本市南区良町５丁目15-23デイサービスちひろ", "url": "https://www.kaigokensaku.mhlw.go.jp/43/index.php?action_kouhyou_detail_004_kani=true&JigyosyoCd=4370109078-00&ServiceCd=430&Type=search", "url2": null }, "geometry": { "type": "Point", "coordinates": [ 130.7212433, 32.754813599999984 ] } },
{ "type": "Feature", "properties": { "内容": "居宅介護支援事業所　樹来【居宅介護支援】熊本県熊本市南区富合町清藤424-1", "url": "https://www.kaigokensaku.mhlw.go.jp/43/index.php?action_kouhyou_detail_004_kani=true&JigyosyoCd=4370112742-00&ServiceCd=430&Type=search", "url2": "http://www.yamabuki-ki.co.jp/" }, "geometry": { "type": "Point", "coordinates": [ 130.677369, 32.7169212 ] } },
{ "type": "Feature", "properties": { "内容": "居宅介護支援センターおと【居宅介護支援】熊本県熊本市南区八幡9丁目7-2岡村アパート1-2", "url": "https://www.kaigokensaku.mhlw.go.jp/43/index.php?action_kouhyou_detail_004_kani=true&JigyosyoCd=4370115323-00&ServiceCd=430&Type=search", "url2": "http://hp.kaipoke.biz/7t3/" }, "geometry": { "type": "Point", "coordinates": [ 130.688865099999987, 32.739937 ] } },
{ "type": "Feature", "properties": { "内容": "居宅介護支援事業所ゆうとぴあ【居宅介護支援】熊本県熊本市南区富合町古閑９９４－１", "url": "https://www.kaigokensaku.mhlw.go.jp/43/index.php?action_kouhyou_detail_004_kani=true&JigyosyoCd=4372300428-00&ServiceCd=430&Type=search", "url2": "http://wasoukai.com" }, "geometry": { "type": "Point", "coordinates": [ 130.676527800000031, 32.7093357 ] } },
{ "type": "Feature", "properties": { "内容": "ふれあい共生居宅介護支援事業所【居宅介護支援】熊本県熊本市南区野田2丁目5-8", "url": "https://www.kaigokensaku.mhlw.go.jp/43/index.php?action_kouhyou_detail_004_kani=true&JigyosyoCd=4370115430-00&ServiceCd=430&Type=search", "url2": "http://www.alpharma.co.jp/" }, "geometry": { "type": "Point", "coordinates": [ 130.68775866931469, 32.733678497873562 ] } },
{ "type": "Feature", "properties": { "内容": "Let'sケアプラン！桜十字【居宅介護支援】御幸木部1丁目1番1号", "url": "https://www.kaigokensaku.mhlw.go.jp/43/index.php?action_kouhyou_detail_004_kani=true&JigyosyoCd=4370112379-00&ServiceCd=430&Type=search", "url2": "http://www.sakurajyuji.or.jp" }, "geometry": { "type": "Point", "coordinates": [ 130.714574400000032, 32.7503792 ] } },
{ "type": "Feature", "properties": { "内容": "居宅介護支援事業所　白藤【居宅介護支援】熊本市南区白藤５丁目１番１号介護老人保健施設白藤苑", "url": "https://www.kaigokensaku.mhlw.go.jp/43/index.php?action_kouhyou_detail_004_kani=true&JigyosyoCd=4310120581-00&ServiceCd=430&Type=search", "url2": "http://www.matusita-kai.or.jp/" }, "geometry": { "type": "Point", "coordinates": [ 130.674662200000057, 32.7544458 ] } },
{ "type": "Feature", "properties": { "内容": "居宅介護支援事業所　田迎ケアセンター【居宅介護支援】熊本市南区出仲間5丁目2-2", "url": "https://www.kaigokensaku.mhlw.go.jp/43/index.php?action_kouhyou_detail_004_kani=true&JigyosyoCd=4350180198-00&ServiceCd=430&Type=search", "url2": "http://www.touyoukai.jp/" }, "geometry": { "type": "Point", "coordinates": [ 130.7167746, 32.7697064 ] } },
{ "type": "Feature", "properties": { "内容": "居宅介護支援事業所ヴィーヴル【居宅介護支援】熊本市南区田迎1丁目7-20", "url": "https://www.kaigokensaku.mhlw.go.jp/43/index.php?action_kouhyou_detail_004_kani=true&JigyosyoCd=4370100044-00&ServiceCd=430&Type=search", "url2": "https://www.vivre-kaigo.com" }, "geometry": { "type": "Point", "coordinates": [ 130.7085002, 32.7765333 ] } },
{ "type": "Feature", "properties": { "内容": "シルバー日吉指定居宅介護支援事業所【居宅介護支援】熊本市南区平成2丁目６－９", "url": "https://www.kaigokensaku.mhlw.go.jp/43/index.php?action_kouhyou_detail_004_kani=true&JigyosyoCd=4370100465-00&ServiceCd=430&Type=search", "url2": "http://care-net.biz/43/silver" }, "geometry": { "type": "Point", "coordinates": [ 130.702675699999986, 32.7781719 ] } },
{ "type": "Feature", "properties": { "内容": "居宅介護支援事業所　ヒルサイドガーデン大樹【居宅介護支援】熊本市南区城南町今吉野989ヒルサイドガーデン大樹２階", "url": "https://www.kaigokensaku.mhlw.go.jp/43/index.php?action_kouhyou_detail_004_kani=true&JigyosyoCd=4370109185-00&ServiceCd=430&Type=search", "url2": "http://sugimurakai.jp" }, "geometry": { "type": "Point", "coordinates": [ 130.733695399999988, 32.7153115 ] } },
{ "type": "Feature", "properties": { "内容": "居宅介護支援事業所薄場【居宅介護支援】熊本県熊本市南区薄場1丁目10-28", "url": "https://www.kaigokensaku.mhlw.go.jp/43/index.php?action_kouhyou_detail_004_kani=true&JigyosyoCd=4370112536-00&ServiceCd=430&Type=search", "url2": "http://www.matusita-kai.or.jp/" }, "geometry": { "type": "Point", "coordinates": [ 130.678198400000042, 32.7692899 ] } },
{ "type": "Feature", "properties": { "内容": "ツクイ熊本田井島【居宅介護支援】熊本県熊本市南区田井島2-1-6", "url": "https://www.kaigokensaku.mhlw.go.jp/43/index.php?action_kouhyou_detail_004_kani=true&JigyosyoCd=4370114508-00&ServiceCd=430&Type=search", "url2": "https://www.tsukui.net" }, "geometry": { "type": "Point", "coordinates": [ 130.7188634, 32.7658958 ] } },
{ "type": "Feature", "properties": { "内容": "ケアプランセンター真幸【居宅介護支援】熊本県熊本市南区出仲間6丁目7番5号", "url": "https://www.kaigokensaku.mhlw.go.jp/43/index.php?action_kouhyou_detail_004_kani=true&JigyosyoCd=4370114789-00&ServiceCd=430&Type=search", "url2": "http://resilience1118.com/" }, "geometry": { "type": "Point", "coordinates": [ 130.715921565359537, 32.774079507737106 ] } },
{ "type": "Feature", "properties": { "内容": "マイティー川尻【居宅介護支援】熊本市南区野田2丁目30-31フロンティアＴＫ101号室", "url": "https://www.kaigokensaku.mhlw.go.jp/43/index.php?action_kouhyou_detail_004_kani=true&JigyosyoCd=4370116255-00&ServiceCd=430&Type=search", "url2": "https://ezu-clinic.com" }, "geometry": { "type": "Point", "coordinates": [ 130.6844204, 32.7316132 ] } },
{ "type": "Feature", "properties": { "内容": "居宅介護支援事業所あきた【居宅介護支援】熊本市南区会富町1120番地", "url": "https://www.kaigokensaku.mhlw.go.jp/43/index.php?action_kouhyou_detail_004_kani=true&JigyosyoCd=4370100424-00&ServiceCd=430&Type=search", "url2": "http://kyotaku@akita-hospital.or.jp" }, "geometry": { "type": "Point", "coordinates": [ 130.654130799999962, 32.7521293 ] } },
{ "type": "Feature", "properties": { "内容": "小林病院居宅介護支援事業所【居宅介護支援】熊本県熊本市南区城南町隈庄５７４", "url": "https://www.kaigokensaku.mhlw.go.jp/43/index.php?action_kouhyou_detail_004_kani=true&JigyosyoCd=4312310974-00&ServiceCd=430&Type=search", "url2": "http://www.k-group.jp/kobayashi/index.html" }, "geometry": { "type": "Point", "coordinates": [ 130.728576699999962, 32.704418 ] } },
{ "type": "Feature", "properties": { "内容": "こぼり苑居宅介護支援事業所【居宅介護支援】熊本県熊本市南区護藤町１５８６番地", "url": "https://www.kaigokensaku.mhlw.go.jp/43/index.php?action_kouhyou_detail_004_kani=true&JigyosyoCd=4370100556-00&ServiceCd=430&Type=search", "url2": "www.kaminogo.com" }, "geometry": { "type": "Point", "coordinates": [ 130.673489322090148, 32.748979390722845 ] } },
{ "type": "Feature", "properties": { "内容": "ケアーセンター桜十字【居宅介護支援】熊本市南区御幸笛田7丁目14-21", "url": "https://www.kaigokensaku.mhlw.go.jp/43/index.php?action_kouhyou_detail_004_kani=true&JigyosyoCd=4310117280-00&ServiceCd=430&Type=search", "url2": "https://www.sakurajyuji.or.jp/" }, "geometry": { "type": "Point", "coordinates": [ 130.715666125862299, 32.754536892805305 ] } },
{ "type": "Feature", "properties": { "内容": "ケアサポートメロンプラン【居宅介護支援】南区日吉2丁目14-10", "url": "https://www.kaigokensaku.mhlw.go.jp/43/index.php?action_kouhyou_detail_004_kani=true&JigyosyoCd=4370111553-00&ServiceCd=430&Type=search", "url2": "http://www.care-melon.co.jp" }, "geometry": { "type": "Point", "coordinates": [ 130.685419700000011, 32.7500323 ] } },
{ "type": "Feature", "properties": { "内容": "指定居宅介護支援事業所ひより【居宅介護支援】熊本県熊本市南区野口2丁目6番22-3号", "url": "https://www.kaigokensaku.mhlw.go.jp/43/index.php?action_kouhyou_detail_004_kani=true&JigyosyoCd=4370116701-00&ServiceCd=430&Type=search", "url2": null }, "geometry": { "type": "Point", "coordinates": [ 130.6729051, 32.7668209 ] } },
{ "type": "Feature", "properties": { "内容": "エール居宅介護支援事業所【居宅介護支援】熊本市南区馬渡1丁目5番5号", "url": "https://www.kaigokensaku.mhlw.go.jp/43/index.php?action_kouhyou_detail_004_kani=true&JigyosyoCd=4370114730-00&ServiceCd=430&Type=search", "url2": "https://himawari-clinic.info/" }, "geometry": { "type": "Point", "coordinates": [ 130.7051423, 32.775111 ] } },
{ "type": "Feature", "properties": { "内容": "居宅介護支援事業所・青い鳥【居宅介護支援】熊本市南区御幸笛田6丁目1-8", "url": "https://www.kaigokensaku.mhlw.go.jp/43/index.php?action_kouhyou_detail_004_kani=true&JigyosyoCd=4370103477-00&ServiceCd=430&Type=search", "url2": "http://www.aoitori-kaigo.co.jp" }, "geometry": { "type": "Point", "coordinates": [ 130.713748625829709, 32.759198434520648 ] } },
{ "type": "Feature", "properties": { "内容": "介護支援事業所　Rita【居宅介護支援】熊本県熊本市南区南高江1丁目12番69号", "url": "https://www.kaigokensaku.mhlw.go.jp/43/index.php?action_kouhyou_detail_004_kani=true&JigyosyoCd=4370116339-00&ServiceCd=430&Type=search", "url2": null }, "geometry": { "type": "Point", "coordinates": [ 130.6840884, 32.7552718 ] } },
{ "type": "Feature", "properties": { "内容": "居宅介護支援事業所PRODUCE【居宅介護支援】熊本県熊本市南区八分字町2581-1", "url": "https://www.kaigokensaku.mhlw.go.jp/43/index.php?action_kouhyou_detail_004_kani=true&JigyosyoCd=4370115448-00&ServiceCd=430&Type=search", "url2": "https://www.produce549-1.com/" }, "geometry": { "type": "Point", "coordinates": [ 130.658770637536463, 32.760297497010626 ] } },
{ "type": "Feature", "properties": { "内容": "カエツ居宅介護支援事業所【居宅介護支援】八幡７丁目３番４６号　堀川店舗１階２号室", "url": "https://www.kaigokensaku.mhlw.go.jp/43/index.php?action_kouhyou_detail_004_kani=true&JigyosyoCd=4370111272-00&ServiceCd=430&Type=search", "url2": "hp.kaipoke.biz/mzk/info.html" }, "geometry": { "type": "Point", "coordinates": [ 130.685996233742316, 32.743917416790822 ] } },
{ "type": "Feature", "properties": { "内容": "にしくまもと病院指定居宅介護支援事業所【居宅介護支援】熊本県熊本市南区富合町古閑1012番地", "url": "https://www.kaigokensaku.mhlw.go.jp/43/index.php?action_kouhyou_detail_004_kani=true&JigyosyoCd=4370109854-00&ServiceCd=430&Type=search", "url2": "http://www.nishikuma.com/" }, "geometry": { "type": "Point", "coordinates": [ 130.6757917, 32.709244 ] } },
{ "type": "Feature", "properties": { "内容": "ケアプランセンター想い【居宅介護支援】熊本市南区出仲間６丁目１１番３９号", "url": "https://www.kaigokensaku.mhlw.go.jp/43/index.php?action_kouhyou_detail_004_kani=true&JigyosyoCd=4370115315-00&ServiceCd=430&Type=search", "url2": null }, "geometry": { "type": "Point", "coordinates": [ 130.718164, 32.7735868 ] } },
{ "type": "Feature", "properties": { "内容": "居宅介護支援事業所わらべ【居宅介護支援】熊本県熊本市南区富合町木原１４６０－２", "url": "https://www.kaigokensaku.mhlw.go.jp/43/index.php?action_kouhyou_detail_004_kani=true&JigyosyoCd=4372300949-00&ServiceCd=430&Type=search", "url2": "https://aelcare.co.jp" }, "geometry": { "type": "Point", "coordinates": [ 130.701002500000016, 32.705167699999983 ] } },
{ "type": "Feature", "properties": { "内容": "居宅介護支援事業所みらい【居宅介護支援】熊本県熊本市南区出仲間７丁目3-45ｳｨﾝｸﾞⅡ　201号", "url": "https://www.kaigokensaku.mhlw.go.jp/43/index.php?action_kouhyou_detail_004_kani=true&JigyosyoCd=4372301210-00&ServiceCd=430&Type=search", "url2": "http://www.total-life-care.jp/" }, "geometry": { "type": "Point", "coordinates": [ 130.717357658660376, 32.769934071354619 ] } },
{ "type": "Feature", "properties": { "内容": "福田ケアセンター【居宅介護支援】熊本県熊本市南区川口町2694番地", "url": "https://www.kaigokensaku.mhlw.go.jp/43/index.php?action_kouhyou_detail_004_kani=true&JigyosyoCd=4370104186-00&ServiceCd=430&Type=search", "url2": "http://u29da6.wixsite.com/fukudacare" }, "geometry": { "type": "Point", "coordinates": [ 130.63001425893026, 32.721578312212287 ] } },
{ "type": "Feature", "properties": { "内容": "まんまるケアセンター【居宅介護支援】熊本県熊本市南区南高江5丁目1-56", "url": "https://www.kaigokensaku.mhlw.go.jp/43/index.php?action_kouhyou_detail_004_kani=true&JigyosyoCd=4370104723-00&ServiceCd=430&Type=search", "url2": "まごころ．jp" }, "geometry": { "type": "Point", "coordinates": [ 130.687365158468538, 32.752142579862259 ] } },
{ "type": "Feature", "properties": { "内容": "祥麟館居宅介護支援事業所【居宅介護支援】熊本県熊本市南区城南町沈目1513", "url": "https://www.kaigokensaku.mhlw.go.jp/43/index.php?action_kouhyou_detail_004_kani=true&JigyosyoCd=4372300154-00&ServiceCd=430&Type=search", "url2": "http://www.k-group.jp/" }, "geometry": { "type": "Point", "coordinates": [ 130.750692299999969, 32.697002 ] } },
{ "type": "Feature", "properties": { "内容": "ケアセンター　サンフラワー【居宅介護支援】城南町隈庄376", "url": "https://www.kaigokensaku.mhlw.go.jp/43/index.php?action_kouhyou_detail_004_kani=true&JigyosyoCd=4370110720-00&ServiceCd=430&Type=search", "url2": "http://www.sunsmile2013.co.jp" }, "geometry": { "type": "Point", "coordinates": [ 130.727529499999946, 32.706176200000016 ] } },
{ "type": "Feature", "properties": { "内容": "あまてらす居宅介護支援事業所【居宅介護支援】熊本県熊本市南区御幸笛田2丁目15-38", "url": "https://www.kaigokensaku.mhlw.go.jp/43/index.php?action_kouhyou_detail_004_kani=true&JigyosyoCd=4370111488-00&ServiceCd=430&Type=search", "url2": "http://kumamoto-amaterasu.info/" }, "geometry": { "type": "Point", "coordinates": [ 130.709345, 32.7638512 ] } },
{ "type": "Feature", "properties": { "内容": "ファーマダイワ介護サービスセンター【居宅介護支援】熊本市流通団地１丁目５６番地", "url": "https://www.kaigokensaku.mhlw.go.jp/43/index.php?action_kouhyou_detail_004_kani=true&JigyosyoCd=4370106496-00&ServiceCd=430&Type=search", "url2": "http://www.pharma-daiwa.co.jp" }, "geometry": { "type": "Point", "coordinates": [ 130.706954642852764, 32.766360275997727 ] } },
{ "type": "Feature", "properties": { "内容": "ケアマネジメント浦田【居宅介護支援】熊本市南区近見6丁目4番55サルヴァトーレ近見116号", "url": "https://www.kaigokensaku.mhlw.go.jp/43/index.php?action_kouhyou_detail_004_kani=true&JigyosyoCd=4370111207-00&ServiceCd=430&Type=search", "url2": "http://hp.kaipoke.biz/n8c/88982/base_0001.html" }, "geometry": { "type": "Point", "coordinates": [ 130.695436, 32.7655981 ] } },
{ "type": "Feature", "properties": { "内容": "ケアセンターエルプラン【居宅介護支援】熊本県熊本市南区城南町宮地１２９１－１－７", "url": "https://www.kaigokensaku.mhlw.go.jp/43/index.php?action_kouhyou_detail_004_kani=true&JigyosyoCd=4370113427-00&ServiceCd=430&Type=search", "url2": "https://elplan.biz/" }, "geometry": { "type": "Point", "coordinates": [ 130.73102080000001, 32.710423 ] } },
{ "type": "Feature", "properties": { "内容": "居宅介護支援事業所ときわ【居宅介護支援】熊本県熊本市南区富合町杉島1149番地29", "url": "https://www.kaigokensaku.mhlw.go.jp/43/index.php?action_kouhyou_detail_004_kani=true&JigyosyoCd=4370115174-00&ServiceCd=430&Type=search", "url2": "https://tokiwa-llc.com/" }, "geometry": { "type": "Point", "coordinates": [ 130.679827281020351, 32.729925826460089 ] } },
{ "type": "Feature", "properties": { "内容": "吉野乃丘【居宅介護支援】熊本県熊本市南区城南町坂野1793-1", "url": "https://www.kaigokensaku.mhlw.go.jp/43/index.php?action_kouhyou_detail_004_kani=true&JigyosyoCd=4372301236-00&ServiceCd=430&Type=search", "url2": "http://care-net,biz/43/yoshinooka/" }, "geometry": { "type": "Point", "coordinates": [ 130.744394300000067, 32.7218109 ] } },
{ "type": "Feature", "properties": { "内容": "ケアプランセンター皐月【居宅介護支援】熊本県熊本市南区御幸笛田4丁目7−17", "url": "https://www.kaigokensaku.mhlw.go.jp/43/index.php?action_kouhyou_detail_004_kani=true&JigyosyoCd=4370113856-00&ServiceCd=430&Type=search", "url2": null }, "geometry": { "type": "Point", "coordinates": [ 130.716180822090081, 32.7614953 ] } },
{ "type": "Feature", "properties": { "内容": "居宅介護支援事業所　一歩【居宅介護支援】熊本県熊本市南区八幡5丁目14-38コーポ野村200号", "url": "https://www.kaigokensaku.mhlw.go.jp/43/index.php?action_kouhyou_detail_004_kani=true&JigyosyoCd=4370115240-00&ServiceCd=430&Type=search", "url2": null }, "geometry": { "type": "Point", "coordinates": [ 130.683035, 32.7470846 ] } },
{ "type": "Feature", "properties": { "内容": "みらいえ居宅介護支援事業所【居宅介護支援】熊本市南区田迎5-6-26イーストハイツA　101", "url": "https://www.kaigokensaku.mhlw.go.jp/43/index.php?action_kouhyou_detail_004_kani=true&JigyosyoCd=4370116685-00&ServiceCd=430&Type=search", "url2": null }, "geometry": { "type": "Point", "coordinates": [ 130.716257464418021, 32.774308467280818 ] } },
{ "type": "Feature", "properties": { "内容": "居宅介護支援シンシア【居宅介護支援】熊本市南区城南町阿高148－201", "url": "https://www.kaigokensaku.mhlw.go.jp/43/index.php?action_kouhyou_detail_004_kani=true&JigyosyoCd=4370113435-00&ServiceCd=430&Type=search", "url2": null }, "geometry": { "type": "Point", "coordinates": [ 130.7288893, 32.7001974 ] } },
{ "type": "Feature", "properties": { "内容": "居宅介護支援事業所　星のひかり【居宅介護支援】熊本県熊本市南区南高江６丁目10-1ピュアハウス101", "url": "https://www.kaigokensaku.mhlw.go.jp/43/index.php?action_kouhyou_detail_004_kani=true&JigyosyoCd=4370113831-00&ServiceCd=430&Type=search", "url2": "hoshinohikari.kaigo@gmail.com" }, "geometry": { "type": "Point", "coordinates": [ 130.6857089, 32.748718 ] } },
{ "type": "Feature", "properties": { "内容": "居宅介護支援事業所　愛和【居宅介護支援】熊本県熊本市北区龍田８丁目２０－９０", "url": "https://www.kaigokensaku.mhlw.go.jp/43/index.php?action_kouhyou_detail_004_kani=true&JigyosyoCd=4370113179-00&ServiceCd=430&Type=search", "url2": null }, "geometry": { "type": "Point", "coordinates": [ 130.760854900000027, 32.8410752 ] } },
{ "type": "Feature", "properties": { "内容": "居宅介護支援事業所たつだ【居宅介護支援】熊本県熊本市北区龍田弓削1-17-12", "url": "https://www.kaigokensaku.mhlw.go.jp/43/index.php?action_kouhyou_detail_004_kani=true&JigyosyoCd=4370113211-00&ServiceCd=430&Type=search", "url2": null }, "geometry": { "type": "Point", "coordinates": [ 130.7649295, 32.8424723 ] } },
{ "type": "Feature", "properties": { "内容": "居宅介護支援事業所　Filo-フィーロ-【居宅介護支援】熊本県熊本市北区武蔵ヶ丘7丁目4-10", "url": "https://www.kaigokensaku.mhlw.go.jp/43/index.php?action_kouhyou_detail_004_kani=true&JigyosyoCd=4370113799-00&ServiceCd=430&Type=search", "url2": "kyotaku-filo.studio.dfesign" }, "geometry": { "type": "Point", "coordinates": [ 130.776987500000018, 32.8559422 ] } },
{ "type": "Feature", "properties": { "内容": "居宅介護支援事業所　熊本介護サポート【居宅介護支援】熊本市北区清水東町2番32号", "url": "https://www.kaigokensaku.mhlw.go.jp/43/index.php?action_kouhyou_detail_004_kani=true&JigyosyoCd=4370103071-00&ServiceCd=430&Type=search", "url2": null }, "geometry": { "type": "Point", "coordinates": [ 130.726528026983601, 32.836664441686104 ] } },
{ "type": "Feature", "properties": { "内容": "なかしま指定居宅介護支援事業所【居宅介護支援】熊本市北区硯川町１１３４", "url": "https://www.kaigokensaku.mhlw.go.jp/43/index.php?action_kouhyou_detail_004_kani=true&JigyosyoCd=4310121639-00&ServiceCd=430&Type=search", "url2": null }, "geometry": { "type": "Point", "coordinates": [ 130.690664199999986, 32.8615224 ] } },
{ "type": "Feature", "properties": { "内容": "居宅介護支援事業所　みつぐ苑【居宅介護支援】熊本県熊本市北区貢町１３５番地", "url": "https://www.kaigokensaku.mhlw.go.jp/43/index.php?action_kouhyou_detail_004_kani=true&JigyosyoCd=4350180131-00&ServiceCd=430&Type=search", "url2": "http://www.iseikai.info" }, "geometry": { "type": "Point", "coordinates": [ 130.702220775264095, 32.842571058108689 ] } },
{ "type": "Feature", "properties": { "内容": "居宅介護支援センター　田原坂【居宅介護支援】熊本市北区植木町一木582-1", "url": "https://www.kaigokensaku.mhlw.go.jp/43/index.php?action_kouhyou_detail_004_kani=true&JigyosyoCd=4370107718-00&ServiceCd=430&Type=search", "url2": "www.houjyukai-g.jp/houjyuen.php" }, "geometry": { "type": "Point", "coordinates": [ 130.689486200000033, 32.9043518 ] } },
{ "type": "Feature", "properties": { "内容": "かなんの杜居宅介護支援事業所【居宅介護支援】熊本県熊本市北区植木町滴水9番1", "url": "https://www.kaigokensaku.mhlw.go.jp/43/index.php?action_kouhyou_detail_004_kani=true&JigyosyoCd=4370114060-00&ServiceCd=430&Type=search", "url2": "http://kanan.or.jp/" }, "geometry": { "type": "Point", "coordinates": [ 130.690817900000013, 32.8948628 ] } },
{ "type": "Feature", "properties": { "内容": "ケアプランセンター燕【居宅介護支援】八景水谷4-7-3後藤アパート1F", "url": "https://www.kaigokensaku.mhlw.go.jp/43/index.php?action_kouhyou_detail_004_kani=true&JigyosyoCd=4370114490-00&ServiceCd=430&Type=search", "url2": "http://en-bless.jp" }, "geometry": { "type": "Point", "coordinates": [ 130.7254213, 32.8513347 ] } },
{ "type": "Feature", "properties": { "内容": "医療法人社団上野会　博愛居宅介護支援事業所【居宅介護支援】熊本県熊本市北区楠6丁目6番60号", "url": "https://www.kaigokensaku.mhlw.go.jp/43/index.php?action_kouhyou_detail_004_kani=true&JigyosyoCd=4310119583-00&ServiceCd=430&Type=search", "url2": null }, "geometry": { "type": "Point", "coordinates": [ 130.762698900000032, 32.8505743 ] } },
{ "type": "Feature", "properties": { "内容": "有限会社　在宅サービス　かみふうせん【居宅介護支援】熊本県熊本市北区高平３丁目１１－５８宮の森ハイツ１階", "url": "https://www.kaigokensaku.mhlw.go.jp/43/index.php?action_kouhyou_detail_004_kani=true&JigyosyoCd=4370102784-00&ServiceCd=430&Type=search", "url2": "http://zs-kamifusen.com" }, "geometry": { "type": "Point", "coordinates": [ 130.717790199999968, 32.8361338 ] } },
{ "type": "Feature", "properties": { "内容": "ケアマネセンターまい【居宅介護支援】清水新地3丁目4番２０号", "url": "https://www.kaigokensaku.mhlw.go.jp/43/index.php?action_kouhyou_detail_004_kani=true&JigyosyoCd=4370112734-00&ServiceCd=430&Type=search", "url2": null }, "geometry": { "type": "Point", "coordinates": [ 130.739164100000039, 32.8477357 ] } },
{ "type": "Feature", "properties": { "内容": "居宅介護支援事業所たんぽぽ【居宅介護支援】熊本県熊本市北区植木町宮原１７７番地", "url": "https://www.kaigokensaku.mhlw.go.jp/43/index.php?action_kouhyou_detail_004_kani=true&JigyosyoCd=4372500696-00&ServiceCd=430&Type=search", "url2": "qqmz6mg9k@bird.ocn.ne.jp" }, "geometry": { "type": "Point", "coordinates": [ 130.7145468, 32.9712495 ] } },
{ "type": "Feature", "properties": { "内容": "コスモス・ファミリー熊本　居宅介護支援事業所【居宅介護支援】熊本市北区太郎迫町144-1", "url": "https://www.kaigokensaku.mhlw.go.jp/43/index.php?action_kouhyou_detail_004_kani=true&JigyosyoCd=4370100499-00&ServiceCd=430&Type=search", "url2": "http://www.shafuku-aiseikai.or.jp/" }, "geometry": { "type": "Point", "coordinates": [ 130.672385299999974, 32.8600058 ] } },
{ "type": "Feature", "properties": { "内容": "居宅介護支援事業所　つるのはら【居宅介護支援】熊本県熊本市北区梶尾町1779-7", "url": "https://www.kaigokensaku.mhlw.go.jp/43/index.php?action_kouhyou_detail_004_kani=true&JigyosyoCd=4370112932-00&ServiceCd=430&Type=search", "url2": "http//www.syafuku-aiseikai.or.jp/" }, "geometry": { "type": "Point", "coordinates": [ 130.729383904368689, 32.867470271161764 ] } },
{ "type": "Feature", "properties": { "内容": "かいごの窓口なかおさん【居宅介護支援】熊本市北区武蔵ケ丘１丁目１６番８号", "url": "https://www.kaigokensaku.mhlw.go.jp/43/index.php?action_kouhyou_detail_004_kani=true&JigyosyoCd=4370114763-00&ServiceCd=430&Type=search", "url2": "https://lpckuma.xsrv.jp/" }, "geometry": { "type": "Point", "coordinates": [ 130.7690628, 32.8521703 ] } },
{ "type": "Feature", "properties": { "内容": "リデルホーム龍田居宅介護支援事業所【居宅介護支援】熊本市北区龍田7丁目1番65号コーポマスミ１Ｆ106号", "url": "https://www.kaigokensaku.mhlw.go.jp/43/index.php?action_kouhyou_detail_004_kani=true&JigyosyoCd=4370113088-00&ServiceCd=430&Type=search", "url2": "http://riddell-wright.com" }, "geometry": { "type": "Point", "coordinates": [ 130.758204638297997, 32.834771154250006 ] } },
{ "type": "Feature", "properties": { "内容": "居宅介護支援事業所　ぽかぽか【居宅介護支援】熊本県熊本市北区鹿子木町196", "url": "https://www.kaigokensaku.mhlw.go.jp/43/index.php?action_kouhyou_detail_004_kani=true&JigyosyoCd=4370114946-00&ServiceCd=430&Type=search", "url2": "https://www.pokapokabiyori.com/" }, "geometry": { "type": "Point", "coordinates": [ 130.701321169622389, 32.873311912448443 ] } },
{ "type": "Feature", "properties": { "内容": "指定居宅介護支援事業所　あいこう【居宅介護支援】熊本県熊本市北区清水新地三丁目5番33号", "url": "https://www.kaigokensaku.mhlw.go.jp/43/index.php?action_kouhyou_detail_004_kani=true&JigyosyoCd=4370102404-00&ServiceCd=430&Type=search", "url2": "http://www.aikou.or.jp" }, "geometry": { "type": "Point", "coordinates": [ 130.739472400000068, 32.8478995 ] } },
{ "type": "Feature", "properties": { "内容": "アップルハート熊本北ケアプランセンター【居宅介護支援】熊本県熊本市北区清水本町18-17K-smart清水本町２F-B", "url": "https://www.kaigokensaku.mhlw.go.jp/43/index.php?action_kouhyou_detail_004_kani=true&JigyosyoCd=4370114615-00&ServiceCd=430&Type=search", "url2": "http://www.aso-kaigo.jp" }, "geometry": { "type": "Point", "coordinates": [ 130.721817499999986, 32.8334209 ] } },
{ "type": "Feature", "properties": { "内容": "田原坂指定居宅介護支援事業所【居宅介護支援】熊本県熊本市北区植木町平原２１２番地田原坂クリニック", "url": "https://www.kaigokensaku.mhlw.go.jp/43/index.php?action_kouhyou_detail_004_kani=true&JigyosyoCd=4312510748-00&ServiceCd=430&Type=search", "url2": "http://www.touyoukai.com" }, "geometry": { "type": "Point", "coordinates": [ 130.655210500000067, 32.9213975 ] } },
{ "type": "Feature", "properties": { "内容": "ケアビレッジ箱根崎居宅介護支援事業所【居宅介護支援】熊本県熊本市北区植木町正清888", "url": "https://www.kaigokensaku.mhlw.go.jp/43/index.php?action_kouhyou_detail_004_kani=true&JigyosyoCd=4352580015-00&ServiceCd=430&Type=search", "url2": "http://www.hakonezaki.or.jp/" }, "geometry": { "type": "Point", "coordinates": [ 130.7167495, 32.9681082 ] } },
{ "type": "Feature", "properties": { "内容": "グリーンコープケアプランセンター熊本北【居宅介護支援】熊本県熊本市北区麻生田1丁目２－２", "url": "https://www.kaigokensaku.mhlw.go.jp/43/index.php?action_kouhyou_detail_004_kani=true&JigyosyoCd=4370108450-00&ServiceCd=430&Type=search", "url2": "http://www.fukushi-greencoop.or.jp" }, "geometry": { "type": "Point", "coordinates": [ 130.741202899999962, 32.8464163 ] } },
{ "type": "Feature", "properties": { "内容": "あーる【居宅介護支援】熊本県熊本市北区植木町富応1646番地4", "url": "https://www.kaigokensaku.mhlw.go.jp/43/index.php?action_kouhyou_detail_004_kani=true&JigyosyoCd=4370116289-00&ServiceCd=430&Type=search", "url2": null }, "geometry": { "type": "Point", "coordinates": [ 130.663564799999989, 32.9099421 ] } },
{ "type": "Feature", "properties": { "内容": "社会福祉法人熊本市社会福祉協議会　居宅介護支援事業所【居宅介護支援】熊本県熊本市北区植木町岩野２３８－１", "url": "https://www.kaigokensaku.mhlw.go.jp/43/index.php?action_kouhyou_detail_004_kani=true&JigyosyoCd=4372500308-00&ServiceCd=430&Type=search", "url2": "http://www.kumamoto-city-csw.or.jp" }, "geometry": { "type": "Point", "coordinates": [ 130.695530100000042, 32.9037854 ] } },
{ "type": "Feature", "properties": { "内容": "居宅介護支援事業所ほのあかり【居宅介護支援】熊本県熊本市北区清水万石５丁目６番１６号", "url": "https://www.kaigokensaku.mhlw.go.jp/43/index.php?action_kouhyou_detail_004_kani=true&JigyosyoCd=4370113963-00&ServiceCd=430&Type=search", "url2": null }, "geometry": { "type": "Point", "coordinates": [ 130.7306879, 32.8349758 ] } },
{ "type": "Feature", "properties": { "内容": "ケアプランセンターだんだん【居宅介護支援】熊本市北区植木町岩野927番地4号", "url": "https://www.kaigokensaku.mhlw.go.jp/43/index.php?action_kouhyou_detail_004_kani=true&JigyosyoCd=4370115398-00&ServiceCd=430&Type=search", "url2": null }, "geometry": { "type": "Point", "coordinates": [ 130.6995862, 32.9053241 ] } },
{ "type": "Feature", "properties": { "内容": "武蔵ヶ丘指定居宅介護支援事業所【居宅介護支援】熊本県熊本市北区楠７－１５－１", "url": "https://www.kaigokensaku.mhlw.go.jp/43/index.php?action_kouhyou_detail_004_kani=true&JigyosyoCd=4310118437-00&ServiceCd=430&Type=search", "url2": "http://www.tanakakai.com" }, "geometry": { "type": "Point", "coordinates": [ 130.762365700000032, 32.8456609 ] } },
{ "type": "Feature", "properties": { "内容": "河本内科小児科クリニック居宅介護支援事業所【居宅介護支援】熊本県熊本市北区徳王一丁目7番1号", "url": "https://www.kaigokensaku.mhlw.go.jp/43/index.php?action_kouhyou_detail_004_kani=true&JigyosyoCd=4310125945-00&ServiceCd=430&Type=search", "url2": null }, "geometry": { "type": "Point", "coordinates": [ 130.709268699999939, 32.8400526 ] } },
{ "type": "Feature", "properties": { "内容": "居宅介護支援事業所　ほくぶ【居宅介護支援】熊本県熊本市北区四方寄町１２８１－３", "url": "https://www.kaigokensaku.mhlw.go.jp/43/index.php?action_kouhyou_detail_004_kani=true&JigyosyoCd=4370102883-00&ServiceCd=430&Type=search", "url2": null }, "geometry": { "type": "Point", "coordinates": [ 130.708449, 32.8645393 ] } },
{ "type": "Feature", "properties": { "内容": "ケアプランセンターすまいる【居宅介護支援】熊本市北区鶴羽田2丁目12-31すまいる縁寿内", "url": "https://www.kaigokensaku.mhlw.go.jp/43/index.php?action_kouhyou_detail_004_kani=true&JigyosyoCd=4370111330-00&ServiceCd=430&Type=search", "url2": "relife-aid@tmt.ne.jp" }, "geometry": { "type": "Point", "coordinates": [ 130.7252863, 32.859964200000022 ] } },
{ "type": "Feature", "properties": { "内容": "ケアプランセンタークリア【居宅介護支援】熊本県熊本市北区八景水谷４－７－３後藤アパート1階", "url": "https://www.kaigokensaku.mhlw.go.jp/43/index.php?action_kouhyou_detail_004_kani=true&JigyosyoCd=4370114482-00&ServiceCd=430&Type=search", "url2": "http://relife-aid.com/" }, "geometry": { "type": "Point", "coordinates": [ 130.7254213, 32.8513347 ] } },
{ "type": "Feature", "properties": { "内容": "NPO法人にじのわ　居宅介護支援事業所なないろ【居宅介護支援】下硯川町1881-6", "url": "https://www.kaigokensaku.mhlw.go.jp/43/index.php?action_kouhyou_detail_004_kani=true&JigyosyoCd=4370114938-00&ServiceCd=430&Type=search", "url2": null }, "geometry": { "type": "Point", "coordinates": [ 130.702434915764826, 32.854163263977583 ] } },
{ "type": "Feature", "properties": { "内容": "指定居宅介護支援事業所　ハレノヒ【居宅介護支援】熊本県熊本市北区植木町岩野266-3エバーグリーン101", "url": "https://www.kaigokensaku.mhlw.go.jp/43/index.php?action_kouhyou_detail_004_kani=true&JigyosyoCd=4370114433-00&ServiceCd=430&Type=search", "url2": "https://www.ease20.com" }, "geometry": { "type": "Point", "coordinates": [ 130.69471271851981, 32.902304049467844 ] } },
{ "type": "Feature", "properties": { "内容": "熊本機能病院在宅サービスセンター【居宅介護支援】熊本県熊本市北区山室六丁目８番１号", "url": "https://www.kaigokensaku.mhlw.go.jp/43/index.php?action_kouhyou_detail_004_kani=true&JigyosyoCd=4370100374-00&ServiceCd=430&Type=search", "url2": "http://www.juryo.or.jp/" }, "geometry": { "type": "Point", "coordinates": [ 130.718897897622696, 32.846822053368506 ] } },
{ "type": "Feature", "properties": { "内容": "くわのみ荘居宅介護支援事業所【居宅介護支援】熊本県熊本市北区鹿子木町405", "url": "https://www.kaigokensaku.mhlw.go.jp/43/index.php?action_kouhyou_detail_004_kani=true&JigyosyoCd=4370100234-00&ServiceCd=430&Type=search", "url2": "http://www.kuwa.or.jp" }, "geometry": { "type": "Point", "coordinates": [ 130.696330200000034, 32.8722271 ] } },
{ "type": "Feature", "properties": { "内容": "居宅介護支援事業所きくなん【居宅介護支援】熊本県熊本市北区鶴羽田三丁目１番５３号", "url": "https://www.kaigokensaku.mhlw.go.jp/43/index.php?action_kouhyou_detail_004_kani=true&JigyosyoCd=4310121472-00&ServiceCd=430&Type=search", "url2": "http://www.kikunan-hospital.com" }, "geometry": { "type": "Point", "coordinates": [ 130.727120099999979, 32.8588041 ] } },
{ "type": "Feature", "properties": { "内容": "居宅介護支援事業所　郁栄会【居宅介護支援】熊本県熊本市北区硯川町768-1", "url": "https://www.kaigokensaku.mhlw.go.jp/43/index.php?action_kouhyou_detail_004_kani=true&JigyosyoCd=4310126406-00&ServiceCd=430&Type=search", "url2": "https://ikueikai-2003.com" }, "geometry": { "type": "Point", "coordinates": [ 130.69972729999995, 32.8709662 ] } },
{ "type": "Feature", "properties": { "内容": "成城居宅介護支援事業所【居宅介護支援】熊本県熊本市北区室園町10-17", "url": "https://www.kaigokensaku.mhlw.go.jp/43/index.php?action_kouhyou_detail_004_kani=true&JigyosyoCd=4370112551-00&ServiceCd=430&Type=search", "url2": "http://www.k-seijo.or.jp" }, "geometry": { "type": "Point", "coordinates": [ 130.722820946865795, 32.823618416126216 ] } },
{ "type": "Feature", "properties": { "内容": "Let'sケアプラン！熊本北【居宅介護支援】熊本市北区高平3-42-3", "url": "https://www.kaigokensaku.mhlw.go.jp/43/index.php?action_kouhyou_detail_004_kani=true&JigyosyoCd=4370114243-00&ServiceCd=430&Type=search", "url2": "https://www.sakurajyuji.or.jp" }, "geometry": { "type": "Point", "coordinates": [ 130.719007249642743, 32.839088455243044 ] } },
{ "type": "Feature", "properties": { "内容": "けあねっと共生居宅介護支援事業所　熊本北【居宅介護支援】熊本県熊本市北区硯川町1131番地共生薬局硯川店　２F", "url": "https://www.kaigokensaku.mhlw.go.jp/43/index.php?action_kouhyou_detail_004_kani=true&JigyosyoCd=4370115331-00&ServiceCd=430&Type=search", "url2": "http://kyousei-pharmacy.jp" }, "geometry": { "type": "Point", "coordinates": [ 130.6908789, 32.862046596046845 ] } },
{ "type": "Feature", "properties": { "内容": "寺尾病院居宅介護支援事業所【居宅介護支援】熊本市北区小糸山町759", "url": "https://www.kaigokensaku.mhlw.go.jp/43/index.php?action_kouhyou_detail_004_kani=true&JigyosyoCd=4310121480-00&ServiceCd=430&Type=search", "url2": "https://www.terao.or.jp/" }, "geometry": { "type": "Point", "coordinates": [ 130.693079650926251, 32.892709755633142 ] } },
{ "type": "Feature", "properties": { "内容": "居宅介護支援事業所ひまわりの里【居宅介護支援】熊本県熊本市北区植木町一木28－3アニバーサリー52　103号", "url": "https://www.kaigokensaku.mhlw.go.jp/43/index.php?action_kouhyou_detail_004_kani=true&JigyosyoCd=4370112031-00&ServiceCd=430&Type=search", "url2": "http://www.himawari-kaigo.com/" }, "geometry": { "type": "Point", "coordinates": [ 130.688779299999965, 32.9125476 ] } },
{ "type": "Feature", "properties": { "内容": "ケアプランセンター高平台【居宅介護支援】熊本市北区高平1丁目38-43", "url": "https://www.kaigokensaku.mhlw.go.jp/43/index.php?action_kouhyou_detail_004_kani=true&JigyosyoCd=4370112239-00&ServiceCd=430&Type=search", "url2": "http://wwww17.plala.or.jp/ogata-k/" }, "geometry": { "type": "Point", "coordinates": [ 130.711572727510685, 32.838227692696826 ] } },
{ "type": "Feature", "properties": { "内容": "ケアマネセンター北部【居宅介護支援】梶尾町1123番地7", "url": "https://www.kaigokensaku.mhlw.go.jp/43/index.php?action_kouhyou_detail_004_kani=true&JigyosyoCd=4370113914-00&ServiceCd=430&Type=search", "url2": null }, "geometry": { "type": "Point", "coordinates": [ 130.704681199999982, 32.8673617 ] } },
{ "type": "Feature", "properties": { "内容": "居宅介護支援事業所　りん【居宅介護支援】熊本県熊本市北区植木町大和78番地7", "url": "https://www.kaigokensaku.mhlw.go.jp/43/index.php?action_kouhyou_detail_004_kani=true&JigyosyoCd=4370114367-00&ServiceCd=430&Type=search", "url2": "https://www.goudou-rin.com/" }, "geometry": { "type": "Point", "coordinates": [ 130.673085500000013, 32.8801574 ] } },
{ "type": "Feature", "properties": { "内容": "居宅介護支援事業所黎明館【居宅介護支援】熊本県熊本市北区植木町豊田１８７", "url": "https://www.kaigokensaku.mhlw.go.jp/43/index.php?action_kouhyou_detail_004_kani=true&JigyosyoCd=4372500399-00&ServiceCd=430&Type=search", "url2": "http://care-net.biz/43/reimeinet/" }, "geometry": { "type": "Point", "coordinates": [ 130.706834500000014, 32.9407694 ] } },
{ "type": "Feature", "properties": { "内容": "天望庵居宅介護支援事業所【居宅介護支援】熊本市北区龍田陳内1丁目3番30号", "url": "https://www.kaigokensaku.mhlw.go.jp/43/index.php?action_kouhyou_detail_004_kani=true&JigyosyoCd=4370100325-00&ServiceCd=430&Type=search", "url2": "https://jiyukai.or.jp/tenbouan/" }, "geometry": { "type": "Point", "coordinates": [ 130.746065555294706, 32.822730012041887 ] } },
{ "type": "Feature", "properties": { "内容": "クローバー居宅介護支援事業所【居宅介護支援】龍田4丁目30-28シゲタビルⅡ202", "url": "https://www.kaigokensaku.mhlw.go.jp/43/index.php?action_kouhyou_detail_004_kani=true&JigyosyoCd=4370114607-00&ServiceCd=430&Type=search", "url2": null }, "geometry": { "type": "Point", "coordinates": [ 130.753718, 32.8433788 ] } },
{ "type": "Feature", "properties": { "内容": "ケアプランセンターくすのき【居宅介護支援】熊本市北区龍田9丁目2-12アーバンハイツ1-C", "url": "https://www.kaigokensaku.mhlw.go.jp/43/index.php?action_kouhyou_detail_004_kani=true&JigyosyoCd=4370115000-00&ServiceCd=430&Type=search", "url2": null }, "geometry": { "type": "Point", "coordinates": [ 130.761484, 32.8432176 ] } },
{ "type": "Feature", "properties": { "内容": "居宅介護支援事業所さわらび【居宅介護支援】熊本県熊本市北区弓削４丁目８番１号", "url": "https://www.kaigokensaku.mhlw.go.jp/43/index.php?action_kouhyou_detail_004_kani=true&JigyosyoCd=4370103097-00&ServiceCd=430&Type=search", "url2": "https://kumamotokikujyukai.or.jp/publics/index/23/" }, "geometry": { "type": "Point", "coordinates": [ 130.781791737434332, 32.854353640676891 ] } },
{ "type": "Feature", "properties": { "内容": "あったかケアプランセンターたいじゅ【居宅介護支援】熊本県熊本市北区四方寄1672-2有料老人ホームたいじゅ四方寄", "url": "https://www.kaigokensaku.mhlw.go.jp/43/index.php?action_kouhyou_detail_004_kani=true&JigyosyoCd=4370111223-00&ServiceCd=430&Type=search", "url2": "http://www.taiju-yomogi.co.jp/info/" }, "geometry": { "type": "Point", "coordinates": [ 130.709183804910822, 32.858439187633444 ] } },
{ "type": "Feature", "properties": { "内容": "ケアプランセンター　はな【居宅介護支援】熊本県熊本市北区楡木3丁目8－5セジュールコンフォールB棟１０１号", "url": "https://www.kaigokensaku.mhlw.go.jp/43/index.php?action_kouhyou_detail_004_kani=true&JigyosyoCd=4370113328-00&ServiceCd=430&Type=search", "url2": null }, "geometry": { "type": "Point", "coordinates": [ 130.7510466, 32.8454732 ] } },
{ "type": "Feature", "properties": { "内容": "オリーブケアプラン【居宅介護支援】熊本県熊本市北区清水万石3丁目１－６１", "url": "https://www.kaigokensaku.mhlw.go.jp/43/index.php?action_kouhyou_detail_004_kani=true&JigyosyoCd=4370115125-00&ServiceCd=430&Type=search", "url2": null }, "geometry": { "type": "Point", "coordinates": [ 130.7258569, 32.8299258 ] } },
{ "type": "Feature", "properties": { "内容": "ケアプランセンターOMOIBA【居宅介護支援】熊本県熊本市北区植木町舞尾484番地8", "url": "https://www.kaigokensaku.mhlw.go.jp/43/index.php?action_kouhyou_detail_004_kani=true&JigyosyoCd=4370116123-00&ServiceCd=430&Type=search", "url2": "https://www.yumewac.com/" }, "geometry": { "type": "Point", "coordinates": [ 130.688993900000014, 32.8992709 ] } },
{ "type": "Feature", "properties": { "内容": "居宅介護支援事業所　かなえ【居宅介護支援】北区龍田9丁目4-34丸利ビル　102号", "url": "https://www.kaigokensaku.mhlw.go.jp/43/index.php?action_kouhyou_detail_004_kani=true&JigyosyoCd=4370109516-00&ServiceCd=430&Type=search", "url2": null }, "geometry": { "type": "Point", "coordinates": [ 130.761907400000041, 32.8451665 ] } },
{ "type": "Feature", "properties": { "内容": "ケアプラン事業所まる【居宅介護支援】弓削６丁目２６番１号２階", "url": "https://www.kaigokensaku.mhlw.go.jp/43/index.php?action_kouhyou_detail_004_kani=true&JigyosyoCd=4370116321-00&ServiceCd=430&Type=search", "url2": null }, "geometry": { "type": "Point", "coordinates": [ 130.7845255, 32.8494485 ] } },
{ "type": "Feature", "properties": { "内容": "八景水谷クリニック指定居宅介護支援事業所【居宅介護支援】熊本県熊本市八景水谷１丁目３１番１６号", "url": "https://www.kaigokensaku.mhlw.go.jp/43/index.php?action_kouhyou_detail_004_kani=true&JigyosyoCd=4310121621-00&ServiceCd=430&Type=search", "url2": "http://www.hakemiya.com/" }, "geometry": { "type": "Point", "coordinates": [ 130.724592499999972, 32.8505326 ] } },
{ "type": "Feature", "properties": { "内容": "居宅介護支援事業所　まごころ【居宅介護支援】熊本市北区武蔵ヶ丘1丁目2－30塚本ハイツ２C", "url": "https://www.kaigokensaku.mhlw.go.jp/43/index.php?action_kouhyou_detail_004_kani=true&JigyosyoCd=4370111884-00&ServiceCd=430&Type=search", "url2": "http://dr-factory.jp/" }, "geometry": { "type": "Point", "coordinates": [ 130.7752309, 32.8551017 ] } },
{ "type": "Feature", "properties": { "内容": "朝日野居宅介護支援センター【居宅介護支援】室園町８番１０号", "url": "https://www.kaigokensaku.mhlw.go.jp/43/index.php?action_kouhyou_detail_004_kani=true&JigyosyoCd=4370112619-00&ServiceCd=430&Type=search", "url2": "http://www.asahino.or.jp" }, "geometry": { "type": "Point", "coordinates": [ 130.722816365853873, 32.82716551262677 ] } },
{ "type": "Feature", "properties": { "内容": "介護保険相談センター結　熊本営業所【居宅介護支援】武蔵ヶ丘1丁目5-40清正ハイツ201", "url": "https://www.kaigokensaku.mhlw.go.jp/43/index.php?action_kouhyou_detail_004_kani=true&JigyosyoCd=4370115521-00&ServiceCd=430&Type=search", "url2": "https://www.nanairo-official.com/about" }, "geometry": { "type": "Point", "coordinates": [ 130.7738915, 32.8582883 ] } },
{ "type": "Feature", "properties": { "内容": "橋本整形外科内科居宅介護支援事業所【居宅介護支援】熊本市北区改寄町２３８０－５", "url": "https://www.kaigokensaku.mhlw.go.jp/43/index.php?action_kouhyou_detail_004_kani=true&JigyosyoCd=4310125754-00&ServiceCd=430&Type=search", "url2": "https://hashimotoseikei.com/" }, "geometry": { "type": "Point", "coordinates": [ 130.692674799999963, 32.8951694 ] } },
{ "type": "Feature", "properties": { "内容": "元気ケアプランニングセンターくまもと【居宅介護支援】熊本県熊本市北区弓削6丁目6-31", "url": "https://www.kaigokensaku.mhlw.go.jp/43/index.php?action_kouhyou_detail_004_kani=true&JigyosyoCd=4370116172-00&ServiceCd=430&Type=search", "url2": "http//www.genkimuragroup.jp" }, "geometry": { "type": "Point", "coordinates": [ 130.774036700000011, 32.8488003 ] } },
{ "type": "Feature", "properties": { "内容": "けいじん居宅介護支援事業所【居宅介護支援】熊本県八代市海士江町2817番地", "url": "https://www.kaigokensaku.mhlw.go.jp/43/index.php?action_kouhyou_detail_004_kani=true&JigyosyoCd=4310211539-00&ServiceCd=430&Type=search", "url2": "https://yatsushirokeijin.com" }, "geometry": { "type": "Point", "coordinates": [ 130.623229630163536, 32.524142069269203 ] } },
{ "type": "Feature", "properties": { "内容": "在宅介護支援センターとまと【居宅介護支援】熊本県八代市郡築一番町１８０－１介護老人保健施設とまと（母体施設内）", "url": "https://www.kaigokensaku.mhlw.go.jp/43/index.php?action_kouhyou_detail_004_kani=true&JigyosyoCd=4350211380-00&ServiceCd=430&Type=search", "url2": "http://www.tomato-r.com" }, "geometry": { "type": "Point", "coordinates": [ 130.564476077783638, 32.515360059422044 ] } },
{ "type": "Feature", "properties": { "内容": "皇寿園居宅介護支援事業所【居宅介護支援】熊本県八代市高島町4218番地", "url": "https://www.kaigokensaku.mhlw.go.jp/43/index.php?action_kouhyou_detail_004_kani=true&JigyosyoCd=4350280048-00&ServiceCd=430&Type=search", "url2": "http://www.tagata-group.jp/kohjuen/" }, "geometry": { "type": "Point", "coordinates": [ 130.5825754, 32.5232769 ] } },
{ "type": "Feature", "properties": { "内容": "八代市医師会　居宅介護支援事業所【居宅介護支援】熊本県八代市平山新町4438-3", "url": "https://www.kaigokensaku.mhlw.go.jp/43/index.php?action_kouhyou_detail_004_kani=true&JigyosyoCd=4360290011-00&ServiceCd=430&Type=search", "url2": "http://www.yatsushiro-med.or.jp/pc/" }, "geometry": { "type": "Point", "coordinates": [ 130.6092301, 32.4777846 ] } },
{ "type": "Feature", "properties": { "内容": "あさひ園居宅介護支援事業所【居宅介護支援】熊本県八代市宮地町169番地1", "url": "https://www.kaigokensaku.mhlw.go.jp/43/index.php?action_kouhyou_detail_004_kani=true&JigyosyoCd=4370200067-00&ServiceCd=430&Type=search", "url2": "http://www.kyoujukai.jp" }, "geometry": { "type": "Point", "coordinates": [ 130.638242093067902, 32.498603920616098 ] } },
{ "type": "Feature", "properties": { "内容": "いきいき行楽園【居宅介護支援】熊本県八代市日奈久塩南町146－7", "url": "https://www.kaigokensaku.mhlw.go.jp/43/index.php?action_kouhyou_detail_004_kani=true&JigyosyoCd=4370200299-00&ServiceCd=430&Type=search", "url2": "https://k-keiaikai.or.jp/" }, "geometry": { "type": "Point", "coordinates": [ 130.577912838657738, 32.435267585438673 ] } },
{ "type": "Feature", "properties": { "内容": "すずらんの里居宅介護支援事業所【居宅介護支援】熊本県八代市本野町2568番地１", "url": "https://www.kaigokensaku.mhlw.go.jp/43/index.php?action_kouhyou_detail_004_kani=true&JigyosyoCd=4370200315-00&ServiceCd=430&Type=search", "url2": "http://www.tenryuukai.jp" }, "geometry": { "type": "Point", "coordinates": [ 130.608207485008307, 32.481467320456403 ] } },
{ "type": "Feature", "properties": { "内容": "みやび園居宅介護支援事業所【居宅介護支援】熊本県八代市高島町4221番地", "url": "https://www.kaigokensaku.mhlw.go.jp/43/index.php?action_kouhyou_detail_004_kani=true&JigyosyoCd=4370200331-00&ServiceCd=430&Type=search", "url2": "http://www.tagata-group.jp/miyabien/" }, "geometry": { "type": "Point", "coordinates": [ 130.582869800000026, 32.5238325 ] } },
{ "type": "Feature", "properties": { "内容": "ニチイケアセンター八代【居宅介護支援】熊本県八代市松江町561番地1", "url": "https://www.kaigokensaku.mhlw.go.jp/43/index.php?action_kouhyou_detail_004_kani=true&JigyosyoCd=4370200448-00&ServiceCd=430&Type=search", "url2": "http://www.nichiigakkan.co.jp" }, "geometry": { "type": "Point", "coordinates": [ 130.6004544, 32.5156698 ] } },
{ "type": "Feature", "properties": { "内容": "シラサギ居宅介護支援事業所【居宅介護支援】熊本県八代市北の丸町３－５０", "url": "https://www.kaigokensaku.mhlw.go.jp/43/index.php?action_kouhyou_detail_004_kani=true&JigyosyoCd=4370200570-00&ServiceCd=430&Type=search", "url2": "https://www.sirasagi-care.co.jp/" }, "geometry": { "type": "Point", "coordinates": [ 130.595477, 32.5099116 ] } },
{ "type": "Feature", "properties": { "内容": "居宅介護支援事業所キャッスル八代【居宅介護支援】熊本県八代市本町3丁目3-41", "url": "https://www.kaigokensaku.mhlw.go.jp/43/index.php?action_kouhyou_detail_004_kani=true&JigyosyoCd=4370200893-00&ServiceCd=430&Type=search", "url2": null }, "geometry": { "type": "Point", "coordinates": [ 130.597433849073781, 32.505319334453695 ] } },
{ "type": "Feature", "properties": { "内容": "居宅介護支援事業所　ふれ愛館　キララ【居宅介護支援】熊本県八代市錦町1８番地９号メゾンボヌール（103）", "url": "https://www.kaigokensaku.mhlw.go.jp/43/index.php?action_kouhyou_detail_004_kani=true&JigyosyoCd=4370201024-00&ServiceCd=430&Type=search", "url2": "fureaikan-kirara@lily.ocn.ne.jp" }, "geometry": { "type": "Point", "coordinates": [ 130.605094094336295, 32.50286488412079 ] } },
{ "type": "Feature", "properties": { "内容": "八代市社協さわやか八代【居宅介護支援】八代市本町1丁目9番14号", "url": "https://www.kaigokensaku.mhlw.go.jp/43/index.php?action_kouhyou_detail_004_kani=true&JigyosyoCd=4370201255-00&ServiceCd=430&Type=search", "url2": "http://www.yatsushiro-shakyo.jp" }, "geometry": { "type": "Point", "coordinates": [ 130.6028076, 32.5044094 ] } },
{ "type": "Feature", "properties": { "内容": "八代市社協さわやか泉【居宅介護支援】八代市泉町下岳2974", "url": "https://www.kaigokensaku.mhlw.go.jp/43/index.php?action_kouhyou_detail_004_kani=true&JigyosyoCd=4370201305-00&ServiceCd=430&Type=search", "url2": null }, "geometry": { "type": "Point", "coordinates": [ 130.791296119049122, 32.57577495930785 ] } },
{ "type": "Feature", "properties": { "内容": "ケアプランバンク　トータルケア【居宅介護支援】熊本県八代市北の丸町1-12　宮崎ビル2階", "url": "https://www.kaigokensaku.mhlw.go.jp/43/index.php?action_kouhyou_detail_004_kani=true&JigyosyoCd=4370201859-00&ServiceCd=430&Type=search", "url2": null }, "geometry": { "type": "Point", "coordinates": [ 130.60130329810147, 32.508812560955803 ] } },
{ "type": "Feature", "properties": { "内容": "居宅介護支援事業所　楽寿【居宅介護支援】熊本県八代市川田町東1048-16", "url": "https://www.kaigokensaku.mhlw.go.jp/43/index.php?action_kouhyou_detail_004_kani=true&JigyosyoCd=4370202733-00&ServiceCd=430&Type=search", "url2": "rakuju1165@wonder.ocn.ne.jp" }, "geometry": { "type": "Point", "coordinates": [ 130.6564151, 32.5198804 ] } },
{ "type": "Feature", "properties": { "内容": "Let’ｓケアプラン！八代【居宅介護支援】熊本県八代市通町8-9", "url": "https://www.kaigokensaku.mhlw.go.jp/43/index.php?action_kouhyou_detail_004_kani=true&JigyosyoCd=4370202972-00&ServiceCd=430&Type=search", "url2": null }, "geometry": { "type": "Point", "coordinates": [ 130.603756617721558, 32.507595728088887 ] } },
{ "type": "Feature", "properties": { "内容": "居宅介護支援事業所すずな【居宅介護支援】熊本県八代市古閑浜町3371-3", "url": "https://www.kaigokensaku.mhlw.go.jp/43/index.php?action_kouhyou_detail_004_kani=true&JigyosyoCd=4370203137-00&ServiceCd=430&Type=search", "url2": null }, "geometry": { "type": "Point", "coordinates": [ 130.601717576489875, 32.539456306019609 ] } },
{ "type": "Feature", "properties": { "内容": "プレストガーデン古閑中町居宅介護支援事業所【居宅介護支援】熊本県八代市古閑中町1386番地1サービス付き高齢者住宅プレストガーデン古閑中町", "url": "https://www.kaigokensaku.mhlw.go.jp/43/index.php?action_kouhyou_detail_004_kani=true&JigyosyoCd=4370203301-00&ServiceCd=430&Type=search", "url2": null }, "geometry": { "type": "Point", "coordinates": [ 130.606428404299152, 32.527080189187835 ] } },
{ "type": "Feature", "properties": { "内容": "ひかわの里居宅介護支援事業所【居宅介護支援】八代市東陽町南７５２－１", "url": "https://www.kaigokensaku.mhlw.go.jp/43/index.php?action_kouhyou_detail_004_kani=true&JigyosyoCd=4372900318-00&ServiceCd=430&Type=search", "url2": "http://www4.ocn.ne.jp/~hikawa/" }, "geometry": { "type": "Point", "coordinates": [ 130.710577199999989, 32.5482855 ] } },
{ "type": "Feature", "properties": { "内容": "居宅介護支援事業所かがみ苑【居宅介護支援】熊本県八代市鏡町塩浜235番地", "url": "https://www.kaigokensaku.mhlw.go.jp/43/index.php?action_kouhyou_detail_004_kani=true&JigyosyoCd=4372900573-00&ServiceCd=430&Type=search", "url2": "https://www.kagamien-kumamoto.com/" }, "geometry": { "type": "Point", "coordinates": [ 130.61779312065832, 32.561965922487339 ] } },
{ "type": "Feature", "properties": { "内容": "居宅介護支援センター　安寿の里【居宅介護支援】熊本県八代市鏡町両出８８０－１", "url": "https://www.kaigokensaku.mhlw.go.jp/43/index.php?action_kouhyou_detail_004_kani=true&JigyosyoCd=4372900581-00&ServiceCd=430&Type=search", "url2": "http://www.kaigonet.net/anju/" }, "geometry": { "type": "Point", "coordinates": [ 130.635468, 32.5486717 ] } },
{ "type": "Feature", "properties": { "内容": "指定居宅介護支援事業所　一灯苑【居宅介護支援】熊本県八代市坂本町坂本1071", "url": "https://www.kaigokensaku.mhlw.go.jp/43/index.php?action_kouhyou_detail_004_kani=true&JigyosyoCd=4372900730-00&ServiceCd=430&Type=search", "url2": "https://www.s-ittouen.com/" }, "geometry": { "type": "Point", "coordinates": [ 130.669216199999937, 32.4411096 ] } },
{ "type": "Feature", "properties": { "内容": "康和苑【居宅介護支援】熊本県八代市千丁町太牟田1300番地8", "url": "https://www.kaigokensaku.mhlw.go.jp/43/index.php?action_kouhyou_detail_004_kani=true&JigyosyoCd=4372900383-00&ServiceCd=430&Type=search", "url2": "www.pma.ne.jp/kouwaen-top/" }, "geometry": { "type": "Point", "coordinates": [ 130.647698399999967, 32.5417423 ] } },
{ "type": "Feature", "properties": { "内容": "居宅介護支援事業所　キッポー【居宅介護支援】熊本県八代市千丁町新牟田2520番地2", "url": "https://www.kaigokensaku.mhlw.go.jp/43/index.php?action_kouhyou_detail_004_kani=true&JigyosyoCd=4370200307-00&ServiceCd=430&Type=search", "url2": "https://kippo-yatsushiro.com/" }, "geometry": { "type": "Point", "coordinates": [ 130.629542652114907, 32.535473721936782 ] } },
{ "type": "Feature", "properties": { "内容": "居宅介護支援事業所夕葉町【居宅介護支援】夕葉町７－３", "url": "https://www.kaigokensaku.mhlw.go.jp/43/index.php?action_kouhyou_detail_004_kani=true&JigyosyoCd=4370202238-00&ServiceCd=430&Type=search", "url2": null }, "geometry": { "type": "Point", "coordinates": [ 130.609784600000012, 32.501252 ] } },
{ "type": "Feature", "properties": { "内容": "居宅介護支援事業所しらぬい【居宅介護支援】熊本県八代市田中西町5-7SRSTビル　102号室", "url": "https://www.kaigokensaku.mhlw.go.jp/43/index.php?action_kouhyou_detail_004_kani=true&JigyosyoCd=4370202956-00&ServiceCd=430&Type=search", "url2": "haap://shiranui.net" }, "geometry": { "type": "Point", "coordinates": [ 130.604273083006944, 32.519270604368621 ] } },
{ "type": "Feature", "properties": { "内容": "居宅介護支援事業所アドバンテージ【居宅介護支援】熊本県八代市泉町下岳4350", "url": "https://www.kaigokensaku.mhlw.go.jp/43/index.php?action_kouhyou_detail_004_kani=true&JigyosyoCd=4370203319-00&ServiceCd=430&Type=search", "url2": null }, "geometry": { "type": "Point", "coordinates": [ 130.7869076, 32.5675544 ] } },
{ "type": "Feature", "properties": { "内容": "ケアサポートえんむすび【居宅介護支援】熊本県八代市田中西町6-3-1アネックスシティ102", "url": "https://www.kaigokensaku.mhlw.go.jp/43/index.php?action_kouhyou_detail_004_kani=true&JigyosyoCd=4370203400-00&ServiceCd=430&Type=search", "url2": null }, "geometry": { "type": "Point", "coordinates": [ 130.603577963039641, 32.520294457811666 ] } },
{ "type": "Feature", "properties": { "内容": "ケアプランセンター笑顔やっちろ【居宅介護支援】熊本県八代市松江本町７番２５号１階", "url": "https://www.kaigokensaku.mhlw.go.jp/43/index.php?action_kouhyou_detail_004_kani=true&JigyosyoCd=4370201644-00&ServiceCd=430&Type=search", "url2": null }, "geometry": { "type": "Point", "coordinates": [ 130.623572299999978, 32.5141266 ] } },
{ "type": "Feature", "properties": { "内容": "介護支援事業所れい和【居宅介護支援】熊本県八代市奈良木町1857-1", "url": "https://www.kaigokensaku.mhlw.go.jp/43/index.php?action_kouhyou_detail_004_kani=true&JigyosyoCd=4370203152-00&ServiceCd=430&Type=search", "url2": null }, "geometry": { "type": "Point", "coordinates": [ 130.6195916, 32.4811017 ] } },
{ "type": "Feature", "properties": { "内容": "ま心苑居宅介護支援事業所【居宅介護支援】熊本県八代市敷川内町2251番地の1", "url": "https://www.kaigokensaku.mhlw.go.jp/43/index.php?action_kouhyou_detail_004_kani=true&JigyosyoCd=4370200422-00&ServiceCd=430&Type=search", "url2": "http://magokoroen.jp" }, "geometry": { "type": "Point", "coordinates": [ 130.599076500000024, 32.457488900000016 ] } },
{ "type": "Feature", "properties": { "内容": "居宅介護支援事業　万葉【居宅介護支援】熊本県八代市中北町　3053-3", "url": "https://www.kaigokensaku.mhlw.go.jp/43/index.php?action_kouhyou_detail_004_kani=true&JigyosyoCd=4370202006-00&ServiceCd=430&Type=search", "url2": null }, "geometry": { "type": "Point", "coordinates": [ 130.581429946138513, 32.501480270468662 ] } },
{ "type": "Feature", "properties": { "内容": "居宅介護支援事業所ケアバンクなな【居宅介護支援】熊本県八代市鏡町下村310", "url": "https://www.kaigokensaku.mhlw.go.jp/43/index.php?action_kouhyou_detail_004_kani=true&JigyosyoCd=4370202063-00&ServiceCd=430&Type=search", "url2": null }, "geometry": { "type": "Point", "coordinates": [ 130.654961599999979, 32.5501558 ] } },
{ "type": "Feature", "properties": { "内容": "居宅介護支援事業所やつしろ【居宅介護支援】熊本県八代市古閑中町1441番地1", "url": "https://www.kaigokensaku.mhlw.go.jp/43/index.php?action_kouhyou_detail_004_kani=true&JigyosyoCd=4370203327-00&ServiceCd=430&Type=search", "url2": "https://www.amour-vie.net" }, "geometry": { "type": "Point", "coordinates": [ 130.6016766, 32.5283296 ] } },
{ "type": "Feature", "properties": { "内容": "居宅介護支援センター　ここね【居宅介護支援】熊本県八代市二見本町718-2", "url": "https://www.kaigokensaku.mhlw.go.jp/43/index.php?action_kouhyou_detail_004_kani=true&JigyosyoCd=4370202667-00&ServiceCd=430&Type=search", "url2": "cocone-yuukyou@estate.ocn.ne.jp" }, "geometry": { "type": "Point", "coordinates": [ 130.556149299999987, 32.4024319 ] } },
{ "type": "Feature", "properties": { "内容": "一期一会居宅介護支援事業所【居宅介護支援】熊本県八代市西松江城町2-8-2", "url": "https://www.kaigokensaku.mhlw.go.jp/43/index.php?action_kouhyou_detail_004_kani=true&JigyosyoCd=4370203459-00&ServiceCd=430&Type=search", "url2": "https://ichigoichie8246.com" }, "geometry": { "type": "Point", "coordinates": [ 130.5982002, 32.5070488 ] } },
{ "type": "Feature", "properties": { "内容": "かいご１１０番はぎわら【居宅介護支援】熊本県八代市末広町３番地６", "url": "https://www.kaigokensaku.mhlw.go.jp/43/index.php?action_kouhyou_detail_004_kani=true&JigyosyoCd=4370201909-00&ServiceCd=430&Type=search", "url2": "http://gongen.org" }, "geometry": { "type": "Point", "coordinates": [ 130.617387, 32.500833 ] } },
{ "type": "Feature", "properties": { "内容": "居宅介護支援事業所　佑仁【居宅介護支援】熊本県八代市渡町１７１７", "url": "https://www.kaigokensaku.mhlw.go.jp/43/index.php?action_kouhyou_detail_004_kani=true&JigyosyoCd=4370203491-00&ServiceCd=430&Type=search", "url2": "https：//minetoma-fos.jp" }, "geometry": { "type": "Point", "coordinates": [ 130.623546299999987, 32.4918765 ] } },
{ "type": "Feature", "properties": { "内容": "かいご１１０番ホッと【居宅介護支援】熊本県八代市大福寺町２４０６番地１", "url": "https://www.kaigokensaku.mhlw.go.jp/43/index.php?action_kouhyou_detail_004_kani=true&JigyosyoCd=4370200323-00&ServiceCd=430&Type=search", "url2": "http://gongen.org" }, "geometry": { "type": "Point", "coordinates": [ 130.591531799999984, 32.473822800000022 ] } },
{ "type": "Feature", "properties": { "内容": "かいご110番こうだ【居宅介護支援】熊本県八代市高下西町1760", "url": "https://www.kaigokensaku.mhlw.go.jp/43/index.php?action_kouhyou_detail_004_kani=true&JigyosyoCd=4370201750-00&ServiceCd=430&Type=search", "url2": "http://www10.ocn.ne.jp/~gongen/" }, "geometry": { "type": "Point", "coordinates": [ 130.608369674667074, 32.486939997979839 ] } },
{ "type": "Feature", "properties": { "内容": "介護計画作成所　ききょう【居宅介護支援】熊本県人吉市南泉田町58番地3", "url": "https://www.kaigokensaku.mhlw.go.jp/43/index.php?action_kouhyou_detail_004_kani=true&JigyosyoCd=4370300644-00&ServiceCd=430&Type=search", "url2": "http://ｈ-carehome.jp/" }, "geometry": { "type": "Point", "coordinates": [ 130.764790100000027, 32.2176202 ] } },
{ "type": "Feature", "properties": { "内容": "長寿支援センター愛生【居宅介護支援】熊本県人吉市南泉田町109-1（２階）", "url": "https://www.kaigokensaku.mhlw.go.jp/43/index.php?action_kouhyou_detail_004_kani=true&JigyosyoCd=4310310554-00&ServiceCd=430&Type=search", "url2": "kyotaku@h-aisei.or.jp" }, "geometry": { "type": "Point", "coordinates": [ 130.763226904893486, 32.216170320586073 ] } },
{ "type": "Feature", "properties": { "内容": "居宅介護支援事業所　リバーサイド御薬園【居宅介護支援】熊本県人吉市七地町４９５番地", "url": "https://www.kaigokensaku.mhlw.go.jp/43/index.php?action_kouhyou_detail_004_kani=true&JigyosyoCd=4350380012-00&ServiceCd=430&Type=search", "url2": "http://www.oyakuen-g.or.jp" }, "geometry": { "type": "Point", "coordinates": [ 130.773056200000042, 32.2130432 ] } },
{ "type": "Feature", "properties": { "内容": "社会福祉法人　人吉市社会福祉協議会　居宅介護支援事業所【居宅介護支援】熊本県人吉市西間下町４１番地１", "url": "https://www.kaigokensaku.mhlw.go.jp/43/index.php?action_kouhyou_detail_004_kani=true&JigyosyoCd=4370300297-00&ServiceCd=430&Type=search", "url2": "http://www.hitoyoshi-shakyo.com" }, "geometry": { "type": "Point", "coordinates": [ 130.759779799999933, 32.2066575 ] } },
{ "type": "Feature", "properties": { "内容": "龍生園【居宅介護支援】熊本県人吉市下原田町字瓜生田字若宮1057-9", "url": "https://www.kaigokensaku.mhlw.go.jp/43/index.php?action_kouhyou_detail_004_kani=true&JigyosyoCd=4370300305-00&ServiceCd=430&Type=search", "url2": "http://park5.wakwak.com/~ryuseien/" }, "geometry": { "type": "Point", "coordinates": [ 130.71957589756164, 32.230861331827754 ] } },
{ "type": "Feature", "properties": { "内容": "聖心園居宅介護支援事業所【居宅介護支援】熊本県人吉市寺町11-6", "url": "https://www.kaigokensaku.mhlw.go.jp/43/index.php?action_kouhyou_detail_004_kani=true&JigyosyoCd=4370300321-00&ServiceCd=430&Type=search", "url2": null }, "geometry": { "type": "Point", "coordinates": [ 130.7620296, 32.2066076 ] } },
{ "type": "Feature", "properties": { "内容": "タンポポ居宅介護支援事業所【居宅介護支援】熊本県人吉市下漆田町1538", "url": "https://www.kaigokensaku.mhlw.go.jp/43/index.php?action_kouhyou_detail_004_kani=true&JigyosyoCd=4370300487-00&ServiceCd=430&Type=search", "url2": null }, "geometry": { "type": "Point", "coordinates": [ 130.793496299999987, 32.1908215 ] } },
{ "type": "Feature", "properties": { "内容": "堤病院居宅介護支援事業所「げんき」【居宅介護支援】人吉市九日町100", "url": "https://www.kaigokensaku.mhlw.go.jp/43/index.php?action_kouhyou_detail_004_kani=true&JigyosyoCd=4370300586-00&ServiceCd=430&Type=search", "url2": "http://www.tsutsumi-hospital.jp" }, "geometry": { "type": "Point", "coordinates": [ 130.761382200000071, 32.2144011 ] } },
{ "type": "Feature", "properties": { "内容": "ケアプラン作成所いずみ【居宅介護支援】熊本県人吉市南泉田町70-3ケアプラン作成所いずみ", "url": "https://www.kaigokensaku.mhlw.go.jp/43/index.php?action_kouhyou_detail_004_kani=true&JigyosyoCd=4370300701-00&ServiceCd=430&Type=search", "url2": "http://www.libertylife2003.co.jp/" }, "geometry": { "type": "Point", "coordinates": [ 130.7642624, 32.216684200000017 ] } },
{ "type": "Feature", "properties": { "内容": "居宅介護支援事業所　あいせい【居宅介護支援】熊本県人吉市下城本町１５１９番地の２ケアハウスあいせい", "url": "https://www.kaigokensaku.mhlw.go.jp/43/index.php?action_kouhyou_detail_004_kani=true&JigyosyoCd=4370300446-00&ServiceCd=430&Type=search", "url2": null }, "geometry": { "type": "Point", "coordinates": [ 130.743947400000025, 32.2151645 ] } },
{ "type": "Feature", "properties": { "内容": "医療法人　外山胃腸病院指定居宅介護支援事業所【居宅介護支援】熊本県人吉市南泉田町5番地", "url": "https://www.kaigokensaku.mhlw.go.jp/43/index.php?action_kouhyou_detail_004_kani=true&JigyosyoCd=4370300495-00&ServiceCd=430&Type=search", "url2": "http://gh-toyama.or.jp/" }, "geometry": { "type": "Point", "coordinates": [ 130.7607127, 32.217875600000035 ] } },
{ "type": "Feature", "properties": { "内容": "居宅介護支援事業所ささやま【居宅介護支援】中林町2096番地2", "url": "https://www.kaigokensaku.mhlw.go.jp/43/index.php?action_kouhyou_detail_004_kani=true&JigyosyoCd=4370301295-00&ServiceCd=430&Type=search", "url2": "https://www.tomo-sasa0928.com" }, "geometry": { "type": "Point", "coordinates": [ 130.734092317196627, 32.221244977916406 ] } },
{ "type": "Feature", "properties": { "内容": "すずのCare【居宅介護支援】熊本県人吉市大畑麓町４１３２番地", "url": "https://www.kaigokensaku.mhlw.go.jp/43/index.php?action_kouhyou_detail_004_kani=true&JigyosyoCd=4370301329-00&ServiceCd=430&Type=search", "url2": null }, "geometry": { "type": "Point", "coordinates": [ 130.8024649, 32.1660429 ] } },
{ "type": "Feature", "properties": { "内容": "ケアプランセンターのどか【居宅介護支援】熊本県人吉市南泉田町70番地9", "url": "https://www.kaigokensaku.mhlw.go.jp/43/index.php?action_kouhyou_detail_004_kani=true&JigyosyoCd=4370301352-00&ServiceCd=430&Type=search", "url2": null }, "geometry": { "type": "Point", "coordinates": [ 130.764254599999987, 32.2169781 ] } },
{ "type": "Feature", "properties": { "内容": "居宅介護支援事業所伊藤医院【居宅介護支援】熊本県荒尾市四ッ山町３丁目５番２号", "url": "https://www.kaigokensaku.mhlw.go.jp/43/index.php?action_kouhyou_detail_004_kani=true&JigyosyoCd=4310411071-00&ServiceCd=430&Type=search", "url2": "fujizaikai@zpost.plala.or.jp" }, "geometry": { "type": "Point", "coordinates": [ 130.430675, 33.0047029 ] } },
{ "type": "Feature", "properties": { "内容": "ふれあいクリニック【居宅介護支援】熊本県荒尾市川登１７６１番地２４", "url": "https://www.kaigokensaku.mhlw.go.jp/43/index.php?action_kouhyou_detail_004_kani=true&JigyosyoCd=4310411196-00&ServiceCd=430&Type=search", "url2": "http://araoclinic.jp/kanren/fureai.php" }, "geometry": { "type": "Point", "coordinates": [ 130.467817200000013, 32.9702266 ] } },
{ "type": "Feature", "properties": { "内容": "じげんえん居宅介護支援事業所【居宅介護支援】熊本県荒尾市荒尾1997番地洗心会　在宅総合センター", "url": "https://www.kaigokensaku.mhlw.go.jp/43/index.php?action_kouhyou_detail_004_kani=true&JigyosyoCd=4350480010-00&ServiceCd=430&Type=search", "url2": "http://www.senshinkai.or.jp/" }, "geometry": { "type": "Point", "coordinates": [ 130.440344200000027, 32.9734036 ] } },
{ "type": "Feature", "properties": { "内容": "居宅介護支援事業所ドリーム【居宅介護支援】熊本県荒尾市水野1556番地", "url": "https://www.kaigokensaku.mhlw.go.jp/43/index.php?action_kouhyou_detail_004_kani=true&JigyosyoCd=4350480028-00&ServiceCd=430&Type=search", "url2": null }, "geometry": { "type": "Point", "coordinates": [ 130.449793600000021, 32.9622716 ] } },
{ "type": "Feature", "properties": { "内容": "白寿園居宅介護支援事業所【居宅介護支援】熊本県荒尾市一部字鴻巣２１２２番地", "url": "https://www.kaigokensaku.mhlw.go.jp/43/index.php?action_kouhyou_detail_004_kani=true&JigyosyoCd=4370400253-00&ServiceCd=430&Type=search", "url2": "http://www.hakujuen.jp" }, "geometry": { "type": "Point", "coordinates": [ 130.45434309999996, 32.9686958 ] } },
{ "type": "Feature", "properties": { "内容": "オレンジヒル居宅介護支援事業所【居宅介護支援】熊本県荒尾市樺２５１６番地", "url": "https://www.kaigokensaku.mhlw.go.jp/43/index.php?action_kouhyou_detail_004_kani=true&JigyosyoCd=4370400303-00&ServiceCd=430&Type=search", "url2": "http://ks-orange.jp" }, "geometry": { "type": "Point", "coordinates": [ 130.5002538, 32.9662332 ] } },
{ "type": "Feature", "properties": { "内容": "ユーユー居宅介護支援センター【居宅介護支援】熊本県荒尾市下井手1199番12", "url": "https://www.kaigokensaku.mhlw.go.jp/43/index.php?action_kouhyou_detail_004_kani=true&JigyosyoCd=4370400451-00&ServiceCd=430&Type=search", "url2": "http://www9.plala.or.jp/care-yu-yu/" }, "geometry": { "type": "Point", "coordinates": [ 130.462199820237714, 32.994509283764486 ] } },
{ "type": "Feature", "properties": { "内容": "居宅介護支援事業所むつみ【居宅介護支援】熊本県荒尾市荒尾317-1", "url": "https://www.kaigokensaku.mhlw.go.jp/43/index.php?action_kouhyou_detail_004_kani=true&JigyosyoCd=4370400592-00&ServiceCd=430&Type=search", "url2": null }, "geometry": { "type": "Point", "coordinates": [ 130.43102829999998, 32.9792807 ] } },
{ "type": "Feature", "properties": { "内容": "とよふくケアプランサービス【居宅介護支援】熊本県荒尾市宮内９７８番地４", "url": "https://www.kaigokensaku.mhlw.go.jp/43/index.php?action_kouhyou_detail_004_kani=true&JigyosyoCd=4370400717-00&ServiceCd=430&Type=search", "url2": null }, "geometry": { "type": "Point", "coordinates": [ 130.444685400000026, 32.9885049 ] } },
{ "type": "Feature", "properties": { "内容": "ケアプランセンター山田クリニック【居宅介護支援】熊本県荒尾市東屋形２丁目１４－９", "url": "https://www.kaigokensaku.mhlw.go.jp/43/index.php?action_kouhyou_detail_004_kani=true&JigyosyoCd=4370400857-00&ServiceCd=430&Type=search", "url2": "http://yamada-clinic.or.jp" }, "geometry": { "type": "Point", "coordinates": [ 130.4531237, 32.9836416 ] } },
{ "type": "Feature", "properties": { "内容": "ケアプランサービスキララ【居宅介護支援】熊本県荒尾市本井手57番地", "url": "https://www.kaigokensaku.mhlw.go.jp/43/index.php?action_kouhyou_detail_004_kani=true&JigyosyoCd=4370401053-00&ServiceCd=430&Type=search", "url2": "http://hp.kaipoke.biz/uet/" }, "geometry": { "type": "Point", "coordinates": [ 130.480173385319489, 33.002134280130875 ] } },
{ "type": "Feature", "properties": { "内容": "ケアプランセンター緑ヶ丘【居宅介護支援】熊本県荒尾市荒尾４１８６番地１５ケアポート緑ヶ丘", "url": "https://www.kaigokensaku.mhlw.go.jp/43/index.php?action_kouhyou_detail_004_kani=true&JigyosyoCd=4370401095-00&ServiceCd=430&Type=search", "url2": "http://careport-midorigaoka.com/" }, "geometry": { "type": "Point", "coordinates": [ 130.4652979, 32.983217 ] } },
{ "type": "Feature", "properties": { "内容": "ケアプランサービスやまびこ【居宅介護支援】熊本県荒尾市大島町３丁目１５番７やまびこ", "url": "https://www.kaigokensaku.mhlw.go.jp/43/index.php?action_kouhyou_detail_004_kani=true&JigyosyoCd=4370401137-00&ServiceCd=430&Type=search", "url2": "http://hp.kaipoke.biz/m9k/" }, "geometry": { "type": "Point", "coordinates": [ 130.429595180976094, 33.000751892463391 ] } },
{ "type": "Feature", "properties": { "内容": "梨園居宅介護支援事業所【居宅介護支援】熊本県荒尾市菰屋2031番地8", "url": "https://www.kaigokensaku.mhlw.go.jp/43/index.php?action_kouhyou_detail_004_kani=true&JigyosyoCd=4370401210-00&ServiceCd=430&Type=search", "url2": "contact@enai.co.jp" }, "geometry": { "type": "Point", "coordinates": [ 130.4650229, 32.9676907 ] } },
{ "type": "Feature", "properties": { "内容": "グリーンコープケアプランセンター荒玉【居宅介護支援】川登１７９５番地３", "url": "https://www.kaigokensaku.mhlw.go.jp/43/index.php?action_kouhyou_detail_004_kani=true&JigyosyoCd=4370401228-00&ServiceCd=430&Type=search", "url2": "ｈｔｔｐ．／／ｗｗｗ．ｈｆｕｋｕｓｈｉ－ｇｒｅｅｎｃｏｏｐ．ｏｒ．ｊｐ" }, "geometry": { "type": "Point", "coordinates": [ 130.464278499999978, 32.9753843 ] } },
{ "type": "Feature", "properties": { "内容": "ケアプランセンター楓【居宅介護支援】荒尾市西原町2-1-2", "url": "https://www.kaigokensaku.mhlw.go.jp/43/index.php?action_kouhyou_detail_004_kani=true&JigyosyoCd=4370401319-00&ServiceCd=430&Type=search", "url2": null }, "geometry": { "type": "Point", "coordinates": [ 130.433380400000033, 33.002231 ] } },
{ "type": "Feature", "properties": { "内容": "荒尾市社会福祉事業団　居宅介護支援事業所【居宅介護支援】熊本県荒尾市増永2452番地22", "url": "https://www.kaigokensaku.mhlw.go.jp/43/index.php?action_kouhyou_detail_004_kani=true&JigyosyoCd=4370401061-00&ServiceCd=430&Type=search", "url2": null }, "geometry": { "type": "Point", "coordinates": [ 130.452686893917843, 32.974467473048207 ] } },
{ "type": "Feature", "properties": { "内容": "ケアプランセンターすまいる青葉【居宅介護支援】熊本県荒尾市四ﾂ山町1丁目103－2すまいるセンタービル1F", "url": "https://www.kaigokensaku.mhlw.go.jp/43/index.php?action_kouhyou_detail_004_kani=true&JigyosyoCd=4370401533-00&ServiceCd=430&Type=search", "url2": "http://www.smilehome-kanri.jp/" }, "geometry": { "type": "Point", "coordinates": [ 130.427422400000069, 33.0037668 ] } },
{ "type": "Feature", "properties": { "内容": "荒尾介護システム　居宅介護支援事業所【居宅介護支援】熊本県荒尾市大平町3丁目4番地デイサービスセンター雅内　事務センター", "url": "https://www.kaigokensaku.mhlw.go.jp/43/index.php?action_kouhyou_detail_004_kani=true&JigyosyoCd=4370400683-00&ServiceCd=430&Type=search", "url2": null }, "geometry": { "type": "Point", "coordinates": [ 130.438382300000058, 32.9906544 ] } },
{ "type": "Feature", "properties": { "内容": "介護相談サポート　ゆたか【居宅介護支援】熊本県荒尾市原万田７６２番地１", "url": "https://www.kaigokensaku.mhlw.go.jp/43/index.php?action_kouhyou_detail_004_kani=true&JigyosyoCd=4370401590-00&ServiceCd=430&Type=search", "url2": null }, "geometry": { "type": "Point", "coordinates": [ 130.44051716745912, 33.001574302202002 ] } },
{ "type": "Feature", "properties": { "内容": "西居宅介護支援事業所【居宅介護支援】熊本県荒尾市蔵満1859-1", "url": "https://www.kaigokensaku.mhlw.go.jp/43/index.php?action_kouhyou_detail_004_kani=true&JigyosyoCd=4370401624-00&ServiceCd=430&Type=search", "url2": null }, "geometry": { "type": "Point", "coordinates": [ 130.4503995, 32.96353 ] } },
{ "type": "Feature", "properties": { "内容": "スター☆ケアプラン【居宅介護支援】熊本県荒尾市東屋形4丁目8番地15", "url": "https://www.kaigokensaku.mhlw.go.jp/43/index.php?action_kouhyou_detail_004_kani=true&JigyosyoCd=4372401358-00&ServiceCd=430&Type=search", "url2": null }, "geometry": { "type": "Point", "coordinates": [ 130.4409865, 32.9364275 ] } },
{ "type": "Feature", "properties": { "内容": "居宅介護支援事業所　やすらぎ苑【居宅介護支援】水俣市浜4051", "url": "https://www.kaigokensaku.mhlw.go.jp/43/index.php?action_kouhyou_detail_004_kani=true&JigyosyoCd=4350580017-00&ServiceCd=430&Type=search", "url2": null }, "geometry": { "type": "Point", "coordinates": [ 130.397676300000057, 32.2238341 ] } },
{ "type": "Feature", "properties": { "内容": "白梅ケアプランセンター【居宅介護支援】熊本県水俣市古賀町２－５－３２", "url": "https://www.kaigokensaku.mhlw.go.jp/43/index.php?action_kouhyou_detail_004_kani=true&JigyosyoCd=4370500292-00&ServiceCd=430&Type=search", "url2": "http://www.shiraumesou.com" }, "geometry": { "type": "Point", "coordinates": [ 130.398248800000033, 32.2126991 ] } },
{ "type": "Feature", "properties": { "内容": "居宅介護支援事業所白梅【居宅介護支援】熊本県水俣市昭和町２丁目４番１６号", "url": "https://www.kaigokensaku.mhlw.go.jp/43/index.php?action_kouhyou_detail_004_kani=true&JigyosyoCd=4370500326-00&ServiceCd=430&Type=search", "url2": "http://www.kaigocsc.co.jp/shiraume/" }, "geometry": { "type": "Point", "coordinates": [ 130.399269600000025, 32.208586900000022 ] } },
{ "type": "Feature", "properties": { "内容": "リブ・ラン扇　居宅介護支援事業所【居宅介護支援】水俣市栄町2-1-1", "url": "https://www.kaigokensaku.mhlw.go.jp/43/index.php?action_kouhyou_detail_004_kani=true&JigyosyoCd=4370500383-00&ServiceCd=430&Type=search", "url2": "liverun@jasmine.ocn.ne.jp" }, "geometry": { "type": "Point", "coordinates": [ 130.396279600000071, 32.210815900000028 ] } },
{ "type": "Feature", "properties": { "内容": "在宅総合ケアセンター協立【居宅介護支援】熊本県水俣市桜井町2丁目2番地14号", "url": "https://www.kaigokensaku.mhlw.go.jp/43/index.php?action_kouhyou_detail_004_kani=true&JigyosyoCd=4370500490-00&ServiceCd=430&Type=search", "url2": "http://www.minamata-kyouritsu.com/" }, "geometry": { "type": "Point", "coordinates": [ 130.395968700000026, 32.2059247 ] } },
{ "type": "Feature", "properties": { "内容": "ケアアシスト【居宅介護支援】熊本県水俣市八ノ窪町２－４－２２", "url": "https://www.kaigokensaku.mhlw.go.jp/43/index.php?action_kouhyou_detail_004_kani=true&JigyosyoCd=4370500623-00&ServiceCd=430&Type=search", "url2": null }, "geometry": { "type": "Point", "coordinates": [ 130.3908166, 32.1986003 ] } },
{ "type": "Feature", "properties": { "内容": "居宅介護支援事業所　和光苑【居宅介護支援】熊本県水俣市深川1020番地3", "url": "https://www.kaigokensaku.mhlw.go.jp/43/index.php?action_kouhyou_detail_004_kani=true&JigyosyoCd=4370500755-00&ServiceCd=430&Type=search", "url2": "http;//koutokukai,amsstudio,jp/" }, "geometry": { "type": "Point", "coordinates": [ 130.446825759955146, 32.180901328952288 ] } },
{ "type": "Feature", "properties": { "内容": "CareQloveえぐち　居宅介護支援事業所【居宅介護支援】熊本県水俣市浜町1丁目4番5号", "url": "https://www.kaigokensaku.mhlw.go.jp/43/index.php?action_kouhyou_detail_004_kani=true&JigyosyoCd=4370500938-00&ServiceCd=430&Type=search", "url2": null }, "geometry": { "type": "Point", "coordinates": [ 130.402826460852083, 32.211176871536765 ] } },
{ "type": "Feature", "properties": { "内容": "グリーンコープケアプランセンター水俣【居宅介護支援】水俣市汐見町１丁目４番３号ー１", "url": "https://www.kaigokensaku.mhlw.go.jp/43/index.php?action_kouhyou_detail_004_kani=true&JigyosyoCd=4370500821-00&ServiceCd=430&Type=search", "url2": "https://www.fukushi-greencoop.or.jp/index.html" }, "geometry": { "type": "Point", "coordinates": [ 130.3862282, 32.2017777 ] } },
{ "type": "Feature", "properties": { "内容": "やまだ介護支援センター【居宅介護支援】水俣市旭町2丁目2番15号", "url": "https://www.kaigokensaku.mhlw.go.jp/43/index.php?action_kouhyou_detail_004_kani=true&JigyosyoCd=4370500656-00&ServiceCd=430&Type=search", "url2": null }, "geometry": { "type": "Point", "coordinates": [ 130.402797365168539, 32.208744928339819 ] } },
{ "type": "Feature", "properties": { "内容": "ケアプランセンターきみしま【居宅介護支援】熊本県水俣市大園町１丁目３番３号", "url": "https://www.kaigokensaku.mhlw.go.jp/43/index.php?action_kouhyou_detail_004_kani=true&JigyosyoCd=4370500953-00&ServiceCd=430&Type=search", "url2": null }, "geometry": { "type": "Point", "coordinates": [ 130.40254, 32.2098967 ] } },
{ "type": "Feature", "properties": { "内容": "居宅介護支援センターぱれっと【居宅介護支援】熊本県水俣市大園町1丁目1番3号", "url": "https://www.kaigokensaku.mhlw.go.jp/43/index.php?action_kouhyou_detail_004_kani=true&JigyosyoCd=4370500961-00&ServiceCd=430&Type=search", "url2": null }, "geometry": { "type": "Point", "coordinates": [ 130.402104, 32.2093468 ] } },
{ "type": "Feature", "properties": { "内容": "居宅介護支援事業所　えーる【居宅介護支援】熊本県水俣市汐見町１－４－３３", "url": "https://www.kaigokensaku.mhlw.go.jp/43/index.php?action_kouhyou_detail_004_kani=true&JigyosyoCd=4370500979-00&ServiceCd=430&Type=search", "url2": null }, "geometry": { "type": "Point", "coordinates": [ 130.383314399999989, 32.2014431 ] } },
{ "type": "Feature", "properties": { "内容": "幸　居宅介護支援事業所【居宅介護支援】熊本県玉名市岱明町鍋1831", "url": "https://www.kaigokensaku.mhlw.go.jp/43/index.php?action_kouhyou_detail_004_kani=true&JigyosyoCd=4352480000-00&ServiceCd=430&Type=search", "url2": "Googleサイトにて、https://souyukai.or.jp/" }, "geometry": { "type": "Point", "coordinates": [ 130.4890206, 32.9040582 ] } },
{ "type": "Feature", "properties": { "内容": "和【居宅介護支援】熊本県玉名市月田2107-5", "url": "https://www.kaigokensaku.mhlw.go.jp/43/index.php?action_kouhyou_detail_004_kani=true&JigyosyoCd=4360690004-00&ServiceCd=430&Type=search", "url2": "nagominodoka.com" }, "geometry": { "type": "Point", "coordinates": [ 130.596683, 32.9746613 ] } },
{ "type": "Feature", "properties": { "内容": "玉名郡市医師会居宅介護支援事業所【居宅介護支援】熊本県玉名市玉名２１８６", "url": "https://www.kaigokensaku.mhlw.go.jp/43/index.php?action_kouhyou_detail_004_kani=true&JigyosyoCd=4360690012-00&ServiceCd=430&Type=search", "url2": "http://tma-st.jp" }, "geometry": { "type": "Point", "coordinates": [ 130.5657334, 32.9473358 ] } },
{ "type": "Feature", "properties": { "内容": "介護相談センターゆうきの里【居宅介護支援】熊本県玉名市上小田1063番地", "url": "https://www.kaigokensaku.mhlw.go.jp/43/index.php?action_kouhyou_detail_004_kani=true&JigyosyoCd=4370600332-00&ServiceCd=430&Type=search", "url2": "http://www.yukikai.or.jp/" }, "geometry": { "type": "Point", "coordinates": [ 130.586976700000037, 32.9521215 ] } },
{ "type": "Feature", "properties": { "内容": "さくら苑指定居宅介護支援事業所【居宅介護支援】熊本県玉名市伊倉北方1533番地", "url": "https://www.kaigokensaku.mhlw.go.jp/43/index.php?action_kouhyou_detail_004_kani=true&JigyosyoCd=4370600407-00&ServiceCd=430&Type=search", "url2": "https://www.sakura-en.com/" }, "geometry": { "type": "Point", "coordinates": [ 130.574748, 32.9141274 ] } },
{ "type": "Feature", "properties": { "内容": "ライフケア【居宅介護支援】熊本県玉名市中751番地4", "url": "https://www.kaigokensaku.mhlw.go.jp/43/index.php?action_kouhyou_detail_004_kani=true&JigyosyoCd=4370600514-00&ServiceCd=430&Type=search", "url2": null }, "geometry": { "type": "Point", "coordinates": [ 130.541521193978951, 32.921619392530758 ] } },
{ "type": "Feature", "properties": { "内容": "しもだ介護サービス玉名【居宅介護支援】熊本県玉名市伊倉北方２６－１", "url": "https://www.kaigokensaku.mhlw.go.jp/43/index.php?action_kouhyou_detail_004_kani=true&JigyosyoCd=4370600886-00&ServiceCd=430&Type=search", "url2": "https://www.at-home.co.jp" }, "geometry": { "type": "Point", "coordinates": [ 130.567309598978795, 32.907725090971624 ] } },
{ "type": "Feature", "properties": { "内容": "ケアプランセンターみゆき苑【居宅介護支援】熊本県玉名市岩崎１０４２番地", "url": "https://www.kaigokensaku.mhlw.go.jp/43/index.php?action_kouhyou_detail_004_kani=true&JigyosyoCd=4370601090-00&ServiceCd=430&Type=search", "url2": "http://www.miyuki-en.com" }, "geometry": { "type": "Point", "coordinates": [ 130.557770500000061, 32.9308816 ] } },
{ "type": "Feature", "properties": { "内容": "あゆみの家居宅介護支援センター【居宅介護支援】熊本県玉名市中尾城ノ下４６５番地１", "url": "https://www.kaigokensaku.mhlw.go.jp/43/index.php?action_kouhyou_detail_004_kani=true&JigyosyoCd=4370601173-00&ServiceCd=430&Type=search", "url2": "http:/www.taizanen.com" }, "geometry": { "type": "Point", "coordinates": [ 130.54717638255616, 32.933048754641234 ] } },
{ "type": "Feature", "properties": { "内容": "くまもと県北病院指定居宅介護支援事業所【居宅介護支援】熊本県玉名市玉名842くまもと県北病院メディカルケアセンター", "url": "https://www.kaigokensaku.mhlw.go.jp/43/index.php?action_kouhyou_detail_004_kani=true&JigyosyoCd=4370601470-00&ServiceCd=430&Type=search", "url2": "https：//kumakenhoku-hp.jp" }, "geometry": { "type": "Point", "coordinates": [ 130.57627260000001, 32.948310400000011 ] } },
{ "type": "Feature", "properties": { "内容": "介護相談援助センター　たいめい苑【居宅介護支援】熊本県玉名市岱明町古閑３８８番地", "url": "https://www.kaigokensaku.mhlw.go.jp/43/index.php?action_kouhyou_detail_004_kani=true&JigyosyoCd=4372400319-00&ServiceCd=430&Type=search", "url2": "http://ww7.tiki.ne.jp/~taimeien/" }, "geometry": { "type": "Point", "coordinates": [ 130.506009799999987, 32.9304732 ] } },
{ "type": "Feature", "properties": { "内容": "有明ホーム居宅介護支援事業所【居宅介護支援】熊本県玉名市築地６４番１", "url": "https://www.kaigokensaku.mhlw.go.jp/43/index.php?action_kouhyou_detail_004_kani=true&JigyosyoCd=4372400335-00&ServiceCd=430&Type=search", "url2": "http://www.ariakehome.jp/" }, "geometry": { "type": "Point", "coordinates": [ 130.5338941, 32.9319481 ] } },
{ "type": "Feature", "properties": { "内容": "居宅介護支援事業所　星雲荘【居宅介護支援】熊本県玉名市横島町横島3384番地", "url": "https://www.kaigokensaku.mhlw.go.jp/43/index.php?action_kouhyou_detail_004_kani=true&JigyosyoCd=4372400657-00&ServiceCd=430&Type=search", "url2": "http://seiunsou.net" }, "geometry": { "type": "Point", "coordinates": [ 130.56680259999996, 32.8757888 ] } },
{ "type": "Feature", "properties": { "内容": "指定居宅介護支援事業所　てんすい倶楽部【居宅介護支援】玉名市天水町部田見1214-15", "url": "https://www.kaigokensaku.mhlw.go.jp/43/index.php?action_kouhyou_detail_004_kani=true&JigyosyoCd=4372400780-00&ServiceCd=430&Type=search", "url2": "http://www.shunkokai.jp/tensui" }, "geometry": { "type": "Point", "coordinates": [ 130.583653899999945, 32.8742367 ] } },
{ "type": "Feature", "properties": { "内容": "居宅介護支援事業所　樹心台【居宅介護支援】熊本県玉名市伊倉北方272-3", "url": "https://www.kaigokensaku.mhlw.go.jp/43/index.php?action_kouhyou_detail_004_kani=true&JigyosyoCd=4350680015-00&ServiceCd=430&Type=search", "url2": "https://www.i-shinwa.com/jushindai/" }, "geometry": { "type": "Point", "coordinates": [ 130.562948900000038, 32.9123439 ] } },
{ "type": "Feature", "properties": { "内容": "ニチイケアセンター玉名【居宅介護支援】熊本県玉名市滑石２６２１－１", "url": "https://www.kaigokensaku.mhlw.go.jp/43/index.php?action_kouhyou_detail_004_kani=true&JigyosyoCd=4370600480-00&ServiceCd=430&Type=search", "url2": "http://www.nichiigakkan.co.jp" }, "geometry": { "type": "Point", "coordinates": [ 130.526808499999987, 32.8975716 ] } },
{ "type": "Feature", "properties": { "内容": "ケアプラン花しるべ【居宅介護支援】熊本県玉名市岱明町西照寺10番地161", "url": "https://www.kaigokensaku.mhlw.go.jp/43/index.php?action_kouhyou_detail_004_kani=true&JigyosyoCd=4370601579-00&ServiceCd=430&Type=search", "url2": null }, "geometry": { "type": "Point", "coordinates": [ 130.49879820000001, 32.9349463 ] } },
{ "type": "Feature", "properties": { "内容": "居宅介護支援事業所　ＮＥＴワークサービス【居宅介護支援】熊本県玉名市築地2243番地1サンスポットれんげ　102号", "url": "https://www.kaigokensaku.mhlw.go.jp/43/index.php?action_kouhyou_detail_004_kani=true&JigyosyoCd=4370601371-00&ServiceCd=430&Type=search", "url2": null }, "geometry": { "type": "Point", "coordinates": [ 130.536062793254132, 32.933189850099851 ] } },
{ "type": "Feature", "properties": { "内容": "居宅介護支援事業所ゆう　玉名【居宅介護支援】熊本県玉名市築地282-1サンライズ築地101号室", "url": "https://www.kaigokensaku.mhlw.go.jp/43/index.php?action_kouhyou_detail_004_kani=true&JigyosyoCd=4370601595-00&ServiceCd=430&Type=search", "url2": "https://www.you3kango.com/" }, "geometry": { "type": "Point", "coordinates": [ 130.528706199999988, 32.932009600000029 ] } },
{ "type": "Feature", "properties": { "内容": "居宅介護支援センター　木星会【居宅介護支援】熊本県山鹿市新町１２０４", "url": "https://www.kaigokensaku.mhlw.go.jp/43/index.php?action_kouhyou_detail_004_kani=true&JigyosyoCd=4310810801-00&ServiceCd=430&Type=search", "url2": "http://www.yamaga-reha.jp" }, "geometry": { "type": "Point", "coordinates": [ 130.6818376, 33.0181582 ] } },
{ "type": "Feature", "properties": { "内容": "希望の園居宅介護支援事業所【居宅介護支援】熊本県山鹿市山鹿３６９番地", "url": "https://www.kaigokensaku.mhlw.go.jp/43/index.php?action_kouhyou_detail_004_kani=true&JigyosyoCd=4350880011-00&ServiceCd=430&Type=search", "url2": "https://kibou-sono.com" }, "geometry": { "type": "Point", "coordinates": [ 130.693258799999967, 33.0146309 ] } },
{ "type": "Feature", "properties": { "内容": "社会福祉法人愛隣園愛隣の家【居宅介護支援】熊本県山鹿市津留2027", "url": "https://www.kaigokensaku.mhlw.go.jp/43/index.php?action_kouhyou_detail_004_kani=true&JigyosyoCd=4370800304-00&ServiceCd=430&Type=search", "url2": "http://aileans.com/ie/" }, "geometry": { "type": "Point", "coordinates": [ 130.685555600000043, 33.0557909 ] } },
{ "type": "Feature", "properties": { "内容": "山鹿居宅介護センター【居宅介護支援】熊本県山鹿市鹿央町合里1608番地", "url": "https://www.kaigokensaku.mhlw.go.jp/43/index.php?action_kouhyou_detail_004_kani=true&JigyosyoCd=4370800650-00&ServiceCd=430&Type=search", "url2": "https://www.yamaga-shakyo.com" }, "geometry": { "type": "Point", "coordinates": [ 130.682518100000038, 33.013903 ] } },
{ "type": "Feature", "properties": { "内容": "ゆめ【居宅介護支援】山鹿市菊鹿町下内田７５番地", "url": "https://www.kaigokensaku.mhlw.go.jp/43/index.php?action_kouhyou_detail_004_kani=true&JigyosyoCd=4370800726-00&ServiceCd=430&Type=search", "url2": "http://www.seisinkai.co.jp" }, "geometry": { "type": "Point", "coordinates": [ 130.767740160535311, 33.024861415137195 ] } },
{ "type": "Feature", "properties": { "内容": "指定居宅介護支援事業者　わかばケアプラン【居宅介護支援】山鹿市大橋通1207", "url": "https://www.kaigokensaku.mhlw.go.jp/43/index.php?action_kouhyou_detail_004_kani=true&JigyosyoCd=4370800742-00&ServiceCd=430&Type=search", "url2": "http//mimorikai.com/" }, "geometry": { "type": "Point", "coordinates": [ 130.684422505804349, 33.01200611772861 ] } },
{ "type": "Feature", "properties": { "内容": "菊鹿ケアプランスマイル【居宅介護支援】熊本県山鹿市菊鹿町下内田1676番地", "url": "https://www.kaigokensaku.mhlw.go.jp/43/index.php?action_kouhyou_detail_004_kani=true&JigyosyoCd=4370800999-00&ServiceCd=430&Type=search", "url2": "https://www.smail3103.com/" }, "geometry": { "type": "Point", "coordinates": [ 130.76296322831115, 33.027723948740665 ] } },
{ "type": "Feature", "properties": { "内容": "花プラン居宅介護センター【居宅介護支援】熊本県山鹿市鹿央町岩原1544番地", "url": "https://www.kaigokensaku.mhlw.go.jp/43/index.php?action_kouhyou_detail_004_kani=true&JigyosyoCd=4370801179-00&ServiceCd=430&Type=search", "url2": null }, "geometry": { "type": "Point", "coordinates": [ 130.6806269, 32.9959909 ] } },
{ "type": "Feature", "properties": { "内容": "ひかりケアプランセンター【居宅介護支援】熊本県山鹿市久原１８１５－１", "url": "https://www.kaigokensaku.mhlw.go.jp/43/index.php?action_kouhyou_detail_004_kani=true&JigyosyoCd=4370801294-00&ServiceCd=430&Type=search", "url2": null }, "geometry": { "type": "Point", "coordinates": [ 130.712997699999988, 33.0312508 ] } },
{ "type": "Feature", "properties": { "内容": "矢筈荘居宅介護支援事業所【居宅介護支援】熊本県山鹿市菊鹿町長502番地", "url": "https://www.kaigokensaku.mhlw.go.jp/43/index.php?action_kouhyou_detail_004_kani=true&JigyosyoCd=4372500373-00&ServiceCd=430&Type=search", "url2": "http://yahazusou.com/" }, "geometry": { "type": "Point", "coordinates": [ 130.761955299999954, 33.042223900000025 ] } },
{ "type": "Feature", "properties": { "内容": "太陽指定居宅介護支援事業所【居宅介護支援】熊本県山鹿市鹿本町津袋654-1", "url": "https://www.kaigokensaku.mhlw.go.jp/43/index.php?action_kouhyou_detail_004_kani=true&JigyosyoCd=4372500407-00&ServiceCd=430&Type=search", "url2": "http://www.taiyoyamaga.com/" }, "geometry": { "type": "Point", "coordinates": [ 130.745915599999989, 33.0153984 ] } },
{ "type": "Feature", "properties": { "内容": "あやすぎ荘居宅介護支援事業所【居宅介護支援】熊本県山鹿市鹿北町岩野5497番地2", "url": "https://www.kaigokensaku.mhlw.go.jp/43/index.php?action_kouhyou_detail_004_kani=true&JigyosyoCd=4372500449-00&ServiceCd=430&Type=search", "url2": "http://www.ayasugisou.com" }, "geometry": { "type": "Point", "coordinates": [ 130.68947270000001, 33.1082473 ] } },
{ "type": "Feature", "properties": { "内容": "ライフサポートかほく【居宅介護支援】熊本県山鹿市鹿北町四丁1702番地8", "url": "https://www.kaigokensaku.mhlw.go.jp/43/index.php?action_kouhyou_detail_004_kani=true&JigyosyoCd=4370801153-00&ServiceCd=430&Type=search", "url2": null }, "geometry": { "type": "Point", "coordinates": [ 130.692814797038665, 33.108832551288586 ] } },
{ "type": "Feature", "properties": { "内容": "一本松荘居宅介護支援事業所【居宅介護支援】熊本県山鹿市鹿本町津袋450番地", "url": "https://www.kaigokensaku.mhlw.go.jp/43/index.php?action_kouhyou_detail_004_kani=true&JigyosyoCd=4372500324-00&ServiceCd=430&Type=search", "url2": "http://www.ipponmatu.com/" }, "geometry": { "type": "Point", "coordinates": [ 130.7541235, 33.0114931 ] } },
{ "type": "Feature", "properties": { "内容": "ライフサポート居宅介護支援事業所【居宅介護支援】熊入町1093", "url": "https://www.kaigokensaku.mhlw.go.jp/43/index.php?action_kouhyou_detail_004_kani=true&JigyosyoCd=4370800015-00&ServiceCd=430&Type=search", "url2": null }, "geometry": { "type": "Point", "coordinates": [ 130.686220481864609, 33.023504869896001 ] } },
{ "type": "Feature", "properties": { "内容": "ケアプランジュン【居宅介護支援】熊本県山鹿市中774番地14", "url": "https://www.kaigokensaku.mhlw.go.jp/43/index.php?action_kouhyou_detail_004_kani=true&JigyosyoCd=4370800908-00&ServiceCd=430&Type=search", "url2": null }, "geometry": { "type": "Point", "coordinates": [ 130.7036577, 33.0179726 ] } },
{ "type": "Feature", "properties": { "内容": "山鹿中央指定居宅介護支援事業所【居宅介護支援】熊本県山鹿市山鹿1554", "url": "https://www.kaigokensaku.mhlw.go.jp/43/index.php?action_kouhyou_detail_004_kani=true&JigyosyoCd=4370801104-00&ServiceCd=430&Type=search", "url2": null }, "geometry": { "type": "Point", "coordinates": [ 130.6896342, 33.0150418 ] } },
{ "type": "Feature", "properties": { "内容": "さくらケアサービス山鹿【居宅介護支援】熊本県山鹿市中央通７０７番地", "url": "https://www.kaigokensaku.mhlw.go.jp/43/index.php?action_kouhyou_detail_004_kani=true&JigyosyoCd=4370800460-00&ServiceCd=430&Type=search", "url2": null }, "geometry": { "type": "Point", "coordinates": [ 130.683613855094904, 33.016002579280226 ] } },
{ "type": "Feature", "properties": { "内容": "ケアサポート居宅介護支援事業所【居宅介護支援】熊本県山鹿市古閑1320-7パティーナ１０５", "url": "https://www.kaigokensaku.mhlw.go.jp/43/index.php?action_kouhyou_detail_004_kani=true&JigyosyoCd=4370800023-00&ServiceCd=430&Type=search", "url2": "http://hp.kaipoke.biz/x9w/" }, "geometry": { "type": "Point", "coordinates": [ 130.71155163428034, 33.008036662290898 ] } },
{ "type": "Feature", "properties": { "内容": "チブサン荘居宅介護支援事業所【居宅介護支援】熊本県山鹿市鍋田１８８８番地の１", "url": "https://www.kaigokensaku.mhlw.go.jp/43/index.php?action_kouhyou_detail_004_kani=true&JigyosyoCd=4370800312-00&ServiceCd=430&Type=search", "url2": "http://tibusansou.com/" }, "geometry": { "type": "Point", "coordinates": [ 130.666685899999948, 33.0219495 ] } },
{ "type": "Feature", "properties": { "内容": "ケアプランセンターきらら【居宅介護支援】熊本県菊池市泗水町永3288番地きらら弐番館", "url": "https://www.kaigokensaku.mhlw.go.jp/43/index.php?action_kouhyou_detail_004_kani=true&JigyosyoCd=4371001100-00&ServiceCd=430&Type=search", "url2": "https://www.facebook.com/kirara.2gou/" }, "geometry": { "type": "Point", "coordinates": [ 130.800238900000068, 32.9167989 ] } },
{ "type": "Feature", "properties": { "内容": "地域密着型特別養護老人ホーム健やか園【居宅介護支援】七城町甲佐町８５番地１", "url": "https://www.kaigokensaku.mhlw.go.jp/43/index.php?action_kouhyou_detail_004_kani=true&JigyosyoCd=4371001043-00&ServiceCd=430&Type=search", "url2": "http://shuseikai-sukoyakaen.jp/" }, "geometry": { "type": "Point", "coordinates": [ 130.765223295770227, 32.96920468871636 ] } },
{ "type": "Feature", "properties": { "内容": "居宅介護支援事業所　アトム薬局【居宅介護支援】熊本県菊池市大琳寺２７５番地５", "url": "https://www.kaigokensaku.mhlw.go.jp/43/index.php?action_kouhyou_detail_004_kani=true&JigyosyoCd=4371000581-00&ServiceCd=430&Type=search", "url2": null }, "geometry": { "type": "Point", "coordinates": [ 130.8081641, 32.9755332 ] } },
{ "type": "Feature", "properties": { "内容": "孔子の里　指定居宅介護支援事業所【居宅介護支援】熊本県菊池市泗水町福本９０４番地１", "url": "https://www.kaigokensaku.mhlw.go.jp/43/index.php?action_kouhyou_detail_004_kani=true&JigyosyoCd=4352680054-00&ServiceCd=430&Type=search", "url2": "https://hckousikai.com/" }, "geometry": { "type": "Point", "coordinates": [ 130.775052, 32.9203543 ] } },
{ "type": "Feature", "properties": { "内容": "菊池郡市医師会居宅介護支援事業所【居宅介護支援】熊本県菊池市大琳寺75-1", "url": "https://www.kaigokensaku.mhlw.go.jp/43/index.php?action_kouhyou_detail_004_kani=true&JigyosyoCd=4371000318-00&ServiceCd=430&Type=search", "url2": "http://www.kikuchi-med.or.jp/" }, "geometry": { "type": "Point", "coordinates": [ 130.801488289149461, 32.974772082022326 ] } },
{ "type": "Feature", "properties": { "内容": "居宅介護支援事業所花見丁【居宅介護支援】熊本県菊池市隈府２３８番地", "url": "https://www.kaigokensaku.mhlw.go.jp/43/index.php?action_kouhyou_detail_004_kani=true&JigyosyoCd=4371000433-00&ServiceCd=430&Type=search", "url2": null }, "geometry": { "type": "Point", "coordinates": [ 130.812027299999954, 32.9835938 ] } },
{ "type": "Feature", "properties": { "内容": "牧診療所居宅介護支援事業所【居宅介護支援】熊本県菊池市深川400番地", "url": "https://www.kaigokensaku.mhlw.go.jp/43/index.php?action_kouhyou_detail_004_kani=true&JigyosyoCd=4371000474-00&ServiceCd=430&Type=search", "url2": null }, "geometry": { "type": "Point", "coordinates": [ 130.8015067, 32.9691695 ] } },
{ "type": "Feature", "properties": { "内容": "きくち【居宅介護支援】熊本県菊池市隈府８８８番地2", "url": "https://www.kaigokensaku.mhlw.go.jp/43/index.php?action_kouhyou_detail_004_kani=true&JigyosyoCd=4371000508-00&ServiceCd=430&Type=search", "url2": "http://kikuchi-shakyo.or.jp" }, "geometry": { "type": "Point", "coordinates": [ 130.813282899999962, 32.980194099999984 ] } },
{ "type": "Feature", "properties": { "内容": "泗水苑指定居宅介護支援事業所【居宅介護支援】熊本県菊池市泗水町永1021番地", "url": "https://www.kaigokensaku.mhlw.go.jp/43/index.php?action_kouhyou_detail_004_kani=true&JigyosyoCd=4371000631-00&ServiceCd=430&Type=search", "url2": "http://www.sisuien.com" }, "geometry": { "type": "Point", "coordinates": [ 130.802902300000028, 32.9260092 ] } },
{ "type": "Feature", "properties": { "内容": "リラックスプラン【居宅介護支援】熊本県菊池市大琳寺292-12　2F", "url": "https://www.kaigokensaku.mhlw.go.jp/43/index.php?action_kouhyou_detail_004_kani=true&JigyosyoCd=4371000656-00&ServiceCd=430&Type=search", "url2": "http://hp.kaipoke.biz/6gv/61937/base_0001.html" }, "geometry": { "type": "Point", "coordinates": [ 130.809598525948644, 32.977066730820432 ] } },
{ "type": "Feature", "properties": { "内容": "ふるさと陽向　きくち事業所【居宅介護支援】熊本県菊池市野間口３８０番地", "url": "https://www.kaigokensaku.mhlw.go.jp/43/index.php?action_kouhyou_detail_004_kani=true&JigyosyoCd=4371000938-00&ServiceCd=430&Type=search", "url2": null }, "geometry": { "type": "Point", "coordinates": [ 130.791538009821693, 32.976756950082375 ] } },
{ "type": "Feature", "properties": { "内容": "居宅介護支援事業所　のどか【居宅介護支援】熊本県菊池市木柑子1480番地26", "url": "https://www.kaigokensaku.mhlw.go.jp/43/index.php?action_kouhyou_detail_004_kani=true&JigyosyoCd=4371001217-00&ServiceCd=430&Type=search", "url2": null }, "geometry": { "type": "Point", "coordinates": [ 130.786556630688466, 32.942827221203984 ] } },
{ "type": "Feature", "properties": { "内容": "居宅介護支援事業所　こころ【居宅介護支援】熊本県菊池市隈府237番地18", "url": "https://www.kaigokensaku.mhlw.go.jp/43/index.php?action_kouhyou_detail_004_kani=true&JigyosyoCd=4371001225-00&ServiceCd=430&Type=search", "url2": null }, "geometry": { "type": "Point", "coordinates": [ 130.811894877246118, 32.983723002885647 ] } },
{ "type": "Feature", "properties": { "内容": "居宅介護支援事業所　清泉【居宅介護支援】熊本県菊池市七城町亀尾2429", "url": "https://www.kaigokensaku.mhlw.go.jp/43/index.php?action_kouhyou_detail_004_kani=true&JigyosyoCd=4372600314-00&ServiceCd=430&Type=search", "url2": "https://seisen-aikei.wixsite.com/seisen" }, "geometry": { "type": "Point", "coordinates": [ 130.768224, 32.9553711 ] } },
{ "type": "Feature", "properties": { "内容": "あさひが丘荘居宅介護支援事業所【居宅介護支援】熊本県菊池市旭志伊坂４４９番地１", "url": "https://www.kaigokensaku.mhlw.go.jp/43/index.php?action_kouhyou_detail_004_kani=true&JigyosyoCd=4372600454-00&ServiceCd=430&Type=search", "url2": "http://www.asahigaokasou.or.jp" }, "geometry": { "type": "Point", "coordinates": [ 130.8323648, 32.9347845 ] } },
{ "type": "Feature", "properties": { "内容": "菊池中央病院居宅介護支援事業所【居宅介護支援】熊本県菊池市隈府４９４番地", "url": "https://www.kaigokensaku.mhlw.go.jp/43/index.php?action_kouhyou_detail_004_kani=true&JigyosyoCd=4371000383-00&ServiceCd=430&Type=search", "url2": "http://www.nobuokakai.ecnet.jp" }, "geometry": { "type": "Point", "coordinates": [ 130.8069974, 32.9795634 ] } },
{ "type": "Feature", "properties": { "内容": "りぼん居宅介護支援事業所【居宅介護支援】熊本県菊池市隈府1381", "url": "https://www.kaigokensaku.mhlw.go.jp/43/index.php?action_kouhyou_detail_004_kani=true&JigyosyoCd=4371001134-00&ServiceCd=430&Type=search", "url2": "https://reborn-kyotaku.jimdosite.com/" }, "geometry": { "type": "Point", "coordinates": [ 130.814286455450116, 32.98698175154022 ] } },
{ "type": "Feature", "properties": { "内容": "居宅介護支援事業所　錬【居宅介護支援】熊本県菊池市泗水町吉富２８６０－４０", "url": "https://www.kaigokensaku.mhlw.go.jp/43/index.php?action_kouhyou_detail_004_kani=true&JigyosyoCd=4371001142-00&ServiceCd=430&Type=search", "url2": null }, "geometry": { "type": "Point", "coordinates": [ 130.775929200000064, 32.9339323 ] } },
{ "type": "Feature", "properties": { "内容": "居宅介護支援事業所コーラル【居宅介護支援】熊本県菊池市泗水町吉富210-60", "url": "https://www.kaigokensaku.mhlw.go.jp/43/index.php?action_kouhyou_detail_004_kani=true&JigyosyoCd=4371001209-00&ServiceCd=430&Type=search", "url2": null }, "geometry": { "type": "Point", "coordinates": [ 130.793533200000013, 32.9346711 ] } },
{ "type": "Feature", "properties": { "内容": "ＪＡ菊池福祉センターめぐみの里居宅介護支援事業所【居宅介護支援】菊池市旭志川辺１875番地", "url": "https://www.kaigokensaku.mhlw.go.jp/43/index.php?action_kouhyou_detail_004_kani=true&JigyosyoCd=4372600280-00&ServiceCd=430&Type=search", "url2": null }, "geometry": { "type": "Point", "coordinates": [ 130.830977500000017, 32.9287175 ] } },
{ "type": "Feature", "properties": { "内容": "景雅苑居宅介護支援センター【居宅介護支援】熊本県宇土市上網田町3676", "url": "https://www.kaigokensaku.mhlw.go.jp/43/index.php?action_kouhyou_detail_004_kani=true&JigyosyoCd=4351180023-00&ServiceCd=430&Type=search", "url2": "http://www.odakai.jp" }, "geometry": { "type": "Point", "coordinates": [ 130.552869699999974, 32.6798616 ] } },
{ "type": "Feature", "properties": { "内容": "照古苑居宅介護支援事業所【居宅介護支援】熊本県宇土市南段原町１６１－２", "url": "https://www.kaigokensaku.mhlw.go.jp/43/index.php?action_kouhyou_detail_004_kani=true&JigyosyoCd=4371100290-00&ServiceCd=430&Type=search", "url2": "http://www.hakujitsukai.jp" }, "geometry": { "type": "Point", "coordinates": [ 130.663190699999973, 32.6800134 ] } },
{ "type": "Feature", "properties": { "内容": "金森会ケアプランセンター【居宅介護支援】熊本県宇土市築籠町139番地4", "url": "https://www.kaigokensaku.mhlw.go.jp/43/index.php?action_kouhyou_detail_004_kani=true&JigyosyoCd=4371100308-00&ServiceCd=430&Type=search", "url2": "http://www.kanamori.or.jp" }, "geometry": { "type": "Point", "coordinates": [ 130.661724530986987, 32.689711089904186 ] } },
{ "type": "Feature", "properties": { "内容": "居宅介護支援事業所「とどろき」【居宅介護支援】熊本県宇土市栗崎町773番地", "url": "https://www.kaigokensaku.mhlw.go.jp/43/index.php?action_kouhyou_detail_004_kani=true&JigyosyoCd=4371100472-00&ServiceCd=430&Type=search", "url2": "https://www.onshinkai-g.com/content3.html" }, "geometry": { "type": "Point", "coordinates": [ 130.6518972, 32.6702227 ] } },
{ "type": "Feature", "properties": { "内容": "宇土・千の郷【居宅介護支援】熊本県宇土市栗崎町字上徳平865－1", "url": "https://www.kaigokensaku.mhlw.go.jp/43/index.php?action_kouhyou_detail_004_kani=true&JigyosyoCd=4371100670-00&ServiceCd=430&Type=search", "url2": "http://utosennosato.ecgo.jp/" }, "geometry": { "type": "Point", "coordinates": [ 130.652490740869325, 32.668889635166657 ] } },
{ "type": "Feature", "properties": { "内容": "居宅介護支援事業所　西城園【居宅介護支援】熊本県宇土市下網田町1905番地", "url": "https://www.kaigokensaku.mhlw.go.jp/43/index.php?action_kouhyou_detail_004_kani=true&JigyosyoCd=4371100753-00&ServiceCd=430&Type=search", "url2": "http://www.seijyo-en.com" }, "geometry": { "type": "Point", "coordinates": [ 130.552409, 32.6683154 ] } },
{ "type": "Feature", "properties": { "内容": "ケアプランセンターうと【居宅介護支援】熊本県宇土市岩古曽町2253番1住宅型有料老人ホーム　リビングホームうと", "url": "https://www.kaigokensaku.mhlw.go.jp/43/index.php?action_kouhyou_detail_004_kani=true&JigyosyoCd=4371100993-00&ServiceCd=430&Type=search", "url2": "http://livinghome-uto.com/" }, "geometry": { "type": "Point", "coordinates": [ 130.687967, 32.6880727 ] } },
{ "type": "Feature", "properties": { "内容": "ケアサポートあおいそら【居宅介護支援】熊本県宇土市門内町１１９番地６", "url": "https://www.kaigokensaku.mhlw.go.jp/43/index.php?action_kouhyou_detail_004_kani=true&JigyosyoCd=4371101025-00&ServiceCd=430&Type=search", "url2": null }, "geometry": { "type": "Point", "coordinates": [ 130.6605195, 32.6808842 ] } },
{ "type": "Feature", "properties": { "内容": "ケアマネージ　オーダーメイド【居宅介護支援】熊本県宇土市松山町3750番地1コーポ花園103", "url": "https://www.kaigokensaku.mhlw.go.jp/43/index.php?action_kouhyou_detail_004_kani=true&JigyosyoCd=4371100969-00&ServiceCd=430&Type=search", "url2": null }, "geometry": { "type": "Point", "coordinates": [ 130.675802881587401, 32.658912768873805 ] } },
{ "type": "Feature", "properties": { "内容": "上天草居宅介護支援センター【居宅介護支援】熊本県上天草市龍ヶ岳町高戸1419番地19", "url": "https://www.kaigokensaku.mhlw.go.jp/43/index.php?action_kouhyou_detail_004_kani=true&JigyosyoCd=4371200033-00&ServiceCd=430&Type=search", "url2": "http://www.kamiamakusa-c.kumamoto-sgn.jp/" }, "geometry": { "type": "Point", "coordinates": [ 130.391635400000041, 32.3936494 ] } },
{ "type": "Feature", "properties": { "内容": "上天草市社会福祉協議会　居宅介護支援事業所【居宅介護支援】熊本県上天草市松島町合津３４３３番地５２", "url": "https://www.kaigokensaku.mhlw.go.jp/43/index.php?action_kouhyou_detail_004_kani=true&JigyosyoCd=4371200041-00&ServiceCd=430&Type=search", "url2": null }, "geometry": { "type": "Point", "coordinates": [ 130.428780700000061, 32.508889 ] } },
{ "type": "Feature", "properties": { "内容": "居宅介護支援事業所あおぞら【居宅介護支援】熊本県上天草市大矢野町維和1799番地1", "url": "https://www.kaigokensaku.mhlw.go.jp/43/index.php?action_kouhyou_detail_004_kani=true&JigyosyoCd=4371200132-00&ServiceCd=430&Type=search", "url2": null }, "geometry": { "type": "Point", "coordinates": [ 130.465161941104469, 32.574347243710079 ] } },
{ "type": "Feature", "properties": { "内容": "ケアプランセンター　ばあちゃん家【居宅介護支援】熊本県上天草市大矢野町登立14135-6", "url": "https://www.kaigokensaku.mhlw.go.jp/43/index.php?action_kouhyou_detail_004_kani=true&JigyosyoCd=4371200165-00&ServiceCd=430&Type=search", "url2": null }, "geometry": { "type": "Point", "coordinates": [ 130.439151141139291, 32.59368360929809 ] } },
{ "type": "Feature", "properties": { "内容": "居宅介護支援事業所　風花【居宅介護支援】熊本県上天草市姫戸町姫浦２５２８番地６", "url": "https://www.kaigokensaku.mhlw.go.jp/43/index.php?action_kouhyou_detail_004_kani=true&JigyosyoCd=4371200215-00&ServiceCd=430&Type=search", "url2": null }, "geometry": { "type": "Point", "coordinates": [ 130.408729200000039, 32.439595 ] } },
{ "type": "Feature", "properties": { "内容": "姫戸町在宅介護支援センター翔洋苑【居宅介護支援】熊本県上天草市姫戸町姫浦3055番地106", "url": "https://www.kaigokensaku.mhlw.go.jp/43/index.php?action_kouhyou_detail_004_kani=true&JigyosyoCd=4373200056-00&ServiceCd=430&Type=search", "url2": "http://www.shoyoen.or.jp" }, "geometry": { "type": "Point", "coordinates": [ 130.415205328891432, 32.444410625314248 ] } },
{ "type": "Feature", "properties": { "内容": "南風苑指定居宅介護支援事業所【居宅介護支援】熊本県上天草市大矢野町登立8531番地", "url": "https://www.kaigokensaku.mhlw.go.jp/43/index.php?action_kouhyou_detail_004_kani=true&JigyosyoCd=4373200791-00&ServiceCd=430&Type=search", "url2": "https://nanpuen.com/" }, "geometry": { "type": "Point", "coordinates": [ 130.432776200000035, 32.5935828 ] } },
{ "type": "Feature", "properties": { "内容": "居宅介護支援センター　ひかりの園【居宅介護支援】熊本県上天草市松島町今泉１００４－１", "url": "https://www.kaigokensaku.mhlw.go.jp/43/index.php?action_kouhyou_detail_004_kani=true&JigyosyoCd=4373200908-00&ServiceCd=430&Type=search", "url2": "https://hikarinosono1995.com/" }, "geometry": { "type": "Point", "coordinates": [ 130.4234735, 32.4900876 ] } },
{ "type": "Feature", "properties": { "内容": "相生荘介護保険利用相談センター【居宅介護支援】熊本県上天草市龍ヶ岳町大道１５８番地特別養護老人ホーム相生荘", "url": "https://www.kaigokensaku.mhlw.go.jp/43/index.php?action_kouhyou_detail_004_kani=true&JigyosyoCd=4373200924-00&ServiceCd=430&Type=search", "url2": null }, "geometry": { "type": "Point", "coordinates": [ 130.351240599999983, 32.3947693 ] } },
{ "type": "Feature", "properties": { "内容": "ほんごう苑指定居宅介護支援事業所【居宅介護支援】熊本県上天草市大矢野町登立8607", "url": "https://www.kaigokensaku.mhlw.go.jp/43/index.php?action_kouhyou_detail_004_kani=true&JigyosyoCd=4373200940-00&ServiceCd=430&Type=search", "url2": "http://www.kaigo-kumamoto.jp/search/institution.php?id=81" }, "geometry": { "type": "Point", "coordinates": [ 130.433531903704903, 32.593872680424255 ] } },
{ "type": "Feature", "properties": { "内容": "なの花【居宅介護支援】熊本県上天草市松島町阿村821-1", "url": "https://www.kaigokensaku.mhlw.go.jp/43/index.php?action_kouhyou_detail_004_kani=true&JigyosyoCd=4371200108-00&ServiceCd=430&Type=search", "url2": "nanohanakyotaku8211@yahoo.co.jp" }, "geometry": { "type": "Point", "coordinates": [ 130.447914800000063, 32.518002700000011 ] } },
{ "type": "Feature", "properties": { "内容": "宮崎外科胃腸科医院指定居宅介護支援事業所【居宅介護支援】熊本県上天草市大矢野町上1519番地", "url": "https://www.kaigokensaku.mhlw.go.jp/43/index.php?action_kouhyou_detail_004_kani=true&JigyosyoCd=4313211957-00&ServiceCd=430&Type=search", "url2": null }, "geometry": { "type": "Point", "coordinates": [ 130.4303741, 32.5864277 ] } },
{ "type": "Feature", "properties": { "内容": "居宅介護支援センター曲野【居宅介護支援】熊本県宇城市松橋町久具99番地", "url": "https://www.kaigokensaku.mhlw.go.jp/43/index.php?action_kouhyou_detail_004_kani=true&JigyosyoCd=4371300353-00&ServiceCd=430&Type=search", "url2": null }, "geometry": { "type": "Point", "coordinates": [ 130.690028899999987, 32.6485221 ] } },
{ "type": "Feature", "properties": { "内容": "水晶苑【居宅介護支援】熊本県宇城市豊野町糸石２５１３番地", "url": "https://www.kaigokensaku.mhlw.go.jp/43/index.php?action_kouhyou_detail_004_kani=true&JigyosyoCd=4371300130-00&ServiceCd=430&Type=search", "url2": "http://www.suisyouen.info" }, "geometry": { "type": "Point", "coordinates": [ 130.754839400000037, 32.6319636 ] } },
{ "type": "Feature", "properties": { "内容": "とよの在宅支援センター【居宅介護支援】熊本県宇城市豊野町糸石3897番地", "url": "https://www.kaigokensaku.mhlw.go.jp/43/index.php?action_kouhyou_detail_004_kani=true&JigyosyoCd=4371300254-00&ServiceCd=430&Type=search", "url2": null }, "geometry": { "type": "Point", "coordinates": [ 130.748017200000049, 32.6412876 ] } },
{ "type": "Feature", "properties": { "内容": "居宅介護支援事業所　松幸【居宅介護支援】宇城市松橋町西下郷544介護老人保健施設松幸施設内", "url": "https://www.kaigokensaku.mhlw.go.jp/43/index.php?action_kouhyou_detail_004_kani=true&JigyosyoCd=4371300585-00&ServiceCd=430&Type=search", "url2": "https://souyukai.or.jp/" }, "geometry": { "type": "Point", "coordinates": [ 130.6907804, 32.6350293 ] } },
{ "type": "Feature", "properties": { "内容": "グリーンコープケアプランセンター宇城【居宅介護支援】宇城市松橋町久具2584番地", "url": "https://www.kaigokensaku.mhlw.go.jp/43/index.php?action_kouhyou_detail_004_kani=true&JigyosyoCd=4371300593-00&ServiceCd=430&Type=search", "url2": "http//www.fukushi-greencoop.or.jp" }, "geometry": { "type": "Point", "coordinates": [ 130.6895570424374, 32.644033157153928 ] } },
{ "type": "Feature", "properties": { "内容": "済生会みすみ病院　居宅介護支援センターみすみ【居宅介護支援】三角町波多７７５番地１", "url": "https://www.kaigokensaku.mhlw.go.jp/43/index.php?action_kouhyou_detail_004_kani=true&JigyosyoCd=4371300783-00&ServiceCd=430&Type=search", "url2": "http://www.sk-misumi.jp/" }, "geometry": { "type": "Point", "coordinates": [ 130.481913515344218, 32.613047135144605 ] } },
{ "type": "Feature", "properties": { "内容": "居宅介護支援事業所　緑青園【居宅介護支援】熊本県宇城市小川町川尻１６９番地", "url": "https://www.kaigokensaku.mhlw.go.jp/43/index.php?action_kouhyou_detail_004_kani=true&JigyosyoCd=4371300874-00&ServiceCd=430&Type=search", "url2": null }, "geometry": { "type": "Point", "coordinates": [ 130.6920563, 32.5989378 ] } },
{ "type": "Feature", "properties": { "内容": "Let'sケアプラン！宇城【居宅介護支援】熊本県宇城市小川町北新田５番地", "url": "https://www.kaigokensaku.mhlw.go.jp/43/index.php?action_kouhyou_detail_004_kani=true&JigyosyoCd=4371301021-00&ServiceCd=430&Type=search", "url2": "https://www.sj-kumamoto-uki.jp/" }, "geometry": { "type": "Point", "coordinates": [ 130.70315, 32.599002 ] } },
{ "type": "Feature", "properties": { "内容": "フォーシーズン居宅介護支援事業所【居宅介護支援】熊本県宇城市松橋町久具2059-1", "url": "https://www.kaigokensaku.mhlw.go.jp/43/index.php?action_kouhyou_detail_004_kani=true&JigyosyoCd=4371301153-00&ServiceCd=430&Type=search", "url2": "https://fo-season.jp/" }, "geometry": { "type": "Point", "coordinates": [ 130.697852899999987, 32.6423003 ] } },
{ "type": "Feature", "properties": { "内容": "蕉夢苑居宅介護支援センター【居宅介護支援】熊本県宇城市不知火町長崎７４０番地", "url": "https://www.kaigokensaku.mhlw.go.jp/43/index.php?action_kouhyou_detail_004_kani=true&JigyosyoCd=4372200172-00&ServiceCd=430&Type=search", "url2": "https://shoumuen.com" }, "geometry": { "type": "Point", "coordinates": [ 130.64654280000002, 32.6424023 ] } },
{ "type": "Feature", "properties": { "内容": "豊洋園居宅介護支援センター【居宅介護支援】熊本県宇城市三角町里浦２８５５番５", "url": "https://www.kaigokensaku.mhlw.go.jp/43/index.php?action_kouhyou_detail_004_kani=true&JigyosyoCd=4372200347-00&ServiceCd=430&Type=search", "url2": "houyouen1100@theia.ocn.ne.jp" }, "geometry": { "type": "Point", "coordinates": [ 130.553989300000012, 32.6234886 ] } },
{ "type": "Feature", "properties": { "内容": "ケアマネージセンターひだけ荘【居宅介護支援】熊本県宇城市小川町南海東２０３０番地", "url": "https://www.kaigokensaku.mhlw.go.jp/43/index.php?action_kouhyou_detail_004_kani=true&JigyosyoCd=4372300329-00&ServiceCd=430&Type=search", "url2": "http:hidakekai.hippy.jp" }, "geometry": { "type": "Point", "coordinates": [ 130.742853400000058, 32.5815799 ] } },
{ "type": "Feature", "properties": { "内容": "しらぬい荘居宅介護支援センター【居宅介護支援】熊本県宇城市松橋町曲野35番地1サテライトしらぬい荘1階", "url": "https://www.kaigokensaku.mhlw.go.jp/43/index.php?action_kouhyou_detail_004_kani=true&JigyosyoCd=4372300345-00&ServiceCd=430&Type=search", "url2": "http://www.shiranuiso.or.jp/" }, "geometry": { "type": "Point", "coordinates": [ 130.687155495062257, 32.651807568899457 ] } },
{ "type": "Feature", "properties": { "内容": "居宅介護支援事業所　ふれあい倶楽部　おがわ【居宅介護支援】熊本県宇城市小川町南部田131番地1", "url": "https://www.kaigokensaku.mhlw.go.jp/43/index.php?action_kouhyou_detail_004_kani=true&JigyosyoCd=4372301053-00&ServiceCd=430&Type=search", "url2": "https://www.jinsuikai-hp.jp" }, "geometry": { "type": "Point", "coordinates": [ 130.71002180000005, 32.5919225 ] } },
{ "type": "Feature", "properties": { "内容": "あるこぷらん78【居宅介護支援】熊本県宇城市松橋町曲野2161-1かえで館401", "url": "https://www.kaigokensaku.mhlw.go.jp/43/index.php?action_kouhyou_detail_004_kani=true&JigyosyoCd=4371301120-00&ServiceCd=430&Type=search", "url2": "http://hp.kaipoke.biz/auc/" }, "geometry": { "type": "Point", "coordinates": [ 130.6954756, 32.6516966 ] } },
{ "type": "Feature", "properties": { "内容": "ケアサポートプラス【居宅介護支援】熊本県宇城市松橋町松橋1462番地3", "url": "https://www.kaigokensaku.mhlw.go.jp/43/index.php?action_kouhyou_detail_004_kani=true&JigyosyoCd=4371301096-00&ServiceCd=430&Type=search", "url2": null }, "geometry": { "type": "Point", "coordinates": [ 130.6806159, 32.6563592 ] } },
{ "type": "Feature", "properties": { "内容": "ケアプランひまわり【居宅介護支援】熊本県宇城市松橋町東松崎602番地", "url": "https://www.kaigokensaku.mhlw.go.jp/43/index.php?action_kouhyou_detail_004_kani=true&JigyosyoCd=4371300056-00&ServiceCd=430&Type=search", "url2": null }, "geometry": { "type": "Point", "coordinates": [ 130.671308, 32.6438165 ] } },
{ "type": "Feature", "properties": { "内容": "ケアプランセンターきおう【居宅介護支援】熊本県宇城市不知火町高良1969-2", "url": "https://www.kaigokensaku.mhlw.go.jp/43/index.php?action_kouhyou_detail_004_kani=true&JigyosyoCd=4371301039-00&ServiceCd=430&Type=search", "url2": "https://www.kiouinc.com" }, "geometry": { "type": "Point", "coordinates": [ 130.6636488, 32.6455054 ] } },
{ "type": "Feature", "properties": { "内容": "居宅介護支援センター青海苑【居宅介護支援】熊本県宇城市三角町波多261番地", "url": "https://www.kaigokensaku.mhlw.go.jp/43/index.php?action_kouhyou_detail_004_kani=true&JigyosyoCd=4372200388-00&ServiceCd=430&Type=search", "url2": "http://seikaien.jp/" }, "geometry": { "type": "Point", "coordinates": [ 130.471844424359148, 32.612735866234658 ] } },
{ "type": "Feature", "properties": { "内容": "在宅プランセンター喜祥【居宅介護支援】熊本県阿蘇市一の宮町宮地2594", "url": "https://www.kaigokensaku.mhlw.go.jp/43/index.php?action_kouhyou_detail_004_kani=true&JigyosyoCd=4371400401-00&ServiceCd=430&Type=search", "url2": null }, "geometry": { "type": "Point", "coordinates": [ 131.112992299999974, 32.9421542 ] } },
{ "type": "Feature", "properties": { "内容": "ぽっかぽか・ハートケア阿蘇【居宅介護支援】熊本県阿蘇市一の宮町宮地1902-1ぽっかぽか・阿蘇館", "url": "https://www.kaigokensaku.mhlw.go.jp/43/index.php?action_kouhyou_detail_004_kani=true&JigyosyoCd=4371400393-00&ServiceCd=430&Type=search", "url2": null }, "geometry": { "type": "Point", "coordinates": [ 138.252924, 36.204824 ] } },
{ "type": "Feature", "properties": { "内容": "大阿蘇病院介護支援センター【居宅介護支援】熊本県阿蘇市一の宮町宮地5833番地", "url": "https://www.kaigokensaku.mhlw.go.jp/43/index.php?action_kouhyou_detail_004_kani=true&JigyosyoCd=4312710983-00&ServiceCd=430&Type=search", "url2": "http://www.daitokukai.info/" }, "geometry": { "type": "Point", "coordinates": [ 131.111856499999931, 32.9333076 ] } },
{ "type": "Feature", "properties": { "内容": "阿蘇市社協春りんどう【居宅介護支援】熊本県阿蘇市一の宮町宮地505番地６阿蘇市社協一の宮支所", "url": "https://www.kaigokensaku.mhlw.go.jp/43/index.php?action_kouhyou_detail_004_kani=true&JigyosyoCd=4371400047-00&ServiceCd=430&Type=search", "url2": "https://www.asoyamabiko.jp/aso/" }, "geometry": { "type": "Point", "coordinates": [ 131.1216359, 32.9515285 ] } },
{ "type": "Feature", "properties": { "内容": "ケアサポートセンターつくし【居宅介護支援】阿蘇市内牧９１１番地８", "url": "https://www.kaigokensaku.mhlw.go.jp/43/index.php?action_kouhyou_detail_004_kani=true&JigyosyoCd=4371400203-00&ServiceCd=430&Type=search", "url2": null }, "geometry": { "type": "Point", "coordinates": [ 131.044382555977108, 32.968926295913143 ] } },
{ "type": "Feature", "properties": { "内容": "ケアステーションゆう【居宅介護支援】阿蘇市内牧１２１４－３２", "url": "https://www.kaigokensaku.mhlw.go.jp/43/index.php?action_kouhyou_detail_004_kani=true&JigyosyoCd=4371400245-00&ServiceCd=430&Type=search", "url2": null }, "geometry": { "type": "Point", "coordinates": [ 131.050114099999973, 32.9700154 ] } },
{ "type": "Feature", "properties": { "内容": "居宅介護支援事業所やまなみ【居宅介護支援】阿蘇市一の宮町宮地115-1阿蘇やまなみ病院", "url": "https://www.kaigokensaku.mhlw.go.jp/43/index.php?action_kouhyou_detail_004_kani=true&JigyosyoCd=4371400286-00&ServiceCd=430&Type=search", "url2": "http://www.yamanami.ne.jp/" }, "geometry": { "type": "Point", "coordinates": [ 131.1092493106446, 32.944977228401605 ] } },
{ "type": "Feature", "properties": { "内容": "順心館居宅介護支援事業所【居宅介護支援】熊本県阿蘇市赤水字無田ノ上1894番地1", "url": "https://www.kaigokensaku.mhlw.go.jp/43/index.php?action_kouhyou_detail_004_kani=true&JigyosyoCd=4371400500-00&ServiceCd=430&Type=search", "url2": "https://www.hinooka1990.or.jp/" }, "geometry": { "type": "Point", "coordinates": [ 130.995136545189609, 32.911396547319505 ] } },
{ "type": "Feature", "properties": { "内容": "在宅プランセンター喜祥【居宅介護支援】熊本県阿蘇市一の宮町宮地2594番地", "url": "https://www.kaigokensaku.mhlw.go.jp/43/index.php?action_kouhyou_detail_004_kani=true&JigyosyoCd=4371400427-00&ServiceCd=430&Type=search", "url2": null }, "geometry": { "type": "Point", "coordinates": [ 131.112992299999974, 32.9421542 ] } },
{ "type": "Feature", "properties": { "内容": "居宅介護支援事業所　春草苑【居宅介護支援】熊本県阿蘇市内牧1112－5", "url": "https://www.kaigokensaku.mhlw.go.jp/43/index.php?action_kouhyou_detail_004_kani=true&JigyosyoCd=4372700890-00&ServiceCd=430&Type=search", "url2": "http://www.asospahp.jp/" }, "geometry": { "type": "Point", "coordinates": [ 131.043521922753939, 32.972602184031288 ] } },
{ "type": "Feature", "properties": { "内容": "ハートプラン【居宅介護支援】熊本県阿蘇市小里249-2", "url": "https://www.kaigokensaku.mhlw.go.jp/43/index.php?action_kouhyou_detail_004_kani=true&JigyosyoCd=4312711411-00&ServiceCd=430&Type=search", "url2": null }, "geometry": { "type": "Point", "coordinates": [ 131.039845600000035, 32.9784775 ] } },
{ "type": "Feature", "properties": { "内容": "ケアセンターあそ居宅支援所【居宅介護支援】熊本県阿蘇市黒川1484番地", "url": "https://www.kaigokensaku.mhlw.go.jp/43/index.php?action_kouhyou_detail_004_kani=true&JigyosyoCd=4312711254-00&ServiceCd=430&Type=search", "url2": "http://www.myclinic.ne.jp/ichihara/pc/index.html" }, "geometry": { "type": "Point", "coordinates": [ 131.08075580000002, 32.9358039 ] } },
{ "type": "Feature", "properties": { "内容": "熊本県阿蘇市波野大字波野3539番地【居宅介護支援】熊本県阿蘇市波野大字波野3539番地ケアサポートセンターふきのとう", "url": "https://www.kaigokensaku.mhlw.go.jp/43/index.php?action_kouhyou_detail_004_kani=true&JigyosyoCd=4371400419-00&ServiceCd=430&Type=search", "url2": null }, "geometry": { "type": "Point", "coordinates": [ 131.177671431459515, 32.935619611825786 ] } },
{ "type": "Feature", "properties": { "内容": "ケアサポート　にじ【居宅介護支援】熊本県阿蘇市一の宮町中通220番地3", "url": "https://www.kaigokensaku.mhlw.go.jp/43/index.php?action_kouhyou_detail_004_kani=true&JigyosyoCd=4371400443-00&ServiceCd=430&Type=search", "url2": null }, "geometry": { "type": "Point", "coordinates": [ 131.115504200000032, 32.957133399999989 ] } },
{ "type": "Feature", "properties": { "内容": "一般社団法人天草郡市医師会立　天草地域介護センター【居宅介護支援】熊本県天草市亀場町食場1181番地１", "url": "https://www.kaigokensaku.mhlw.go.jp/43/index.php?action_kouhyou_detail_004_kani=true&JigyosyoCd=4310710928-00&ServiceCd=430&Type=search", "url2": "https://www.amed.jp/" }, "geometry": { "type": "Point", "coordinates": [ 130.180667800000037, 32.4330786 ] } },
{ "type": "Feature", "properties": { "内容": "居宅介護支援事業所　海ん里【居宅介護支援】天草市久玉町５７１６－９", "url": "https://www.kaigokensaku.mhlw.go.jp/43/index.php?action_kouhyou_detail_004_kani=true&JigyosyoCd=4310910361-00&ServiceCd=430&Type=search", "url2": null }, "geometry": { "type": "Point", "coordinates": [ 130.028464500000041, 32.2139567 ] } },
{ "type": "Feature", "properties": { "内容": "福本会　介護支援センター【居宅介護支援】熊本県天草市牛深町1522番地46", "url": "https://www.kaigokensaku.mhlw.go.jp/43/index.php?action_kouhyou_detail_004_kani=true&JigyosyoCd=4310910379-00&ServiceCd=430&Type=search", "url2": null }, "geometry": { "type": "Point", "coordinates": [ 130.030345500000067, 32.2005357 ] } },
{ "type": "Feature", "properties": { "内容": "石松FCケアプランセンター【居宅介護支援】熊本県天草市久玉町1411-133", "url": "https://www.kaigokensaku.mhlw.go.jp/43/index.php?action_kouhyou_detail_004_kani=true&JigyosyoCd=4310910437-00&ServiceCd=430&Type=search", "url2": null }, "geometry": { "type": "Point", "coordinates": [ 130.03290579999998, 32.2165371 ] } },
{ "type": "Feature", "properties": { "内容": "居宅介護支援事業所　本渡ケア・ホーム【居宅介護支援】熊本県天草市下浦町2090-1", "url": "https://www.kaigokensaku.mhlw.go.jp/43/index.php?action_kouhyou_detail_004_kani=true&JigyosyoCd=4350780013-00&ServiceCd=430&Type=search", "url2": null }, "geometry": { "type": "Point", "coordinates": [ 130.222128867459134, 32.424057845270831 ] } },
{ "type": "Feature", "properties": { "内容": "独立行政法人地域医療機能推進機構天草中央総合病院附属居宅介護支援センター【居宅介護支援】天草市東町101", "url": "https://www.kaigokensaku.mhlw.go.jp/43/index.php?action_kouhyou_detail_004_kani=true&JigyosyoCd=4350780021-00&ServiceCd=430&Type=search", "url2": "https://amakusa.jcho.go.jp/rouken/" }, "geometry": { "type": "Point", "coordinates": [ 130.200243600000022, 32.4493272 ] } },
{ "type": "Feature", "properties": { "内容": "ふれあい居宅介護支援事業所【居宅介護支援】本渡町本戸馬場２０９４番地７", "url": "https://www.kaigokensaku.mhlw.go.jp/43/index.php?action_kouhyou_detail_004_kani=true&JigyosyoCd=4370700306-00&ServiceCd=430&Type=search", "url2": null }, "geometry": { "type": "Point", "coordinates": [ 130.1767939, 32.4721946 ] } },
{ "type": "Feature", "properties": { "内容": "慈晃園居宅介護支援センター【居宅介護支援】熊本県天草市佐伊津町９２８番地", "url": "https://www.kaigokensaku.mhlw.go.jp/43/index.php?action_kouhyou_detail_004_kani=true&JigyosyoCd=4370700314-00&ServiceCd=430&Type=search", "url2": "http://www16.ocn.ne.jp/~jikouen" }, "geometry": { "type": "Point", "coordinates": [ 130.194507044844045, 32.486158550044962 ] } },
{ "type": "Feature", "properties": { "内容": "居宅介護支援センター葉山苑天領の杜【居宅介護支援】熊本県天草市本町下河内2233番地", "url": "https://www.kaigokensaku.mhlw.go.jp/43/index.php?action_kouhyou_detail_004_kani=true&JigyosyoCd=4370700660-00&ServiceCd=430&Type=search", "url2": "http://www.hayamaen.com/kyotaku-amakusa" }, "geometry": { "type": "Point", "coordinates": [ 130.165341799999965, 32.4722113 ] } },
{ "type": "Feature", "properties": { "内容": "明照園　とも生き【居宅介護支援】熊本県天草市久玉町1273番地1", "url": "https://www.kaigokensaku.mhlw.go.jp/43/index.php?action_kouhyou_detail_004_kani=true&JigyosyoCd=4370900344-00&ServiceCd=430&Type=search", "url2": "meisyoen@mx71.tiki.ne.jp" }, "geometry": { "type": "Point", "coordinates": [ 130.028847600000063, 32.218273 ] } },
{ "type": "Feature", "properties": { "内容": "ケアプランセンター虹の木【居宅介護支援】熊本県天草市二浦町亀浦１０６６番地６", "url": "https://www.kaigokensaku.mhlw.go.jp/43/index.php?action_kouhyou_detail_004_kani=true&JigyosyoCd=4370900450-00&ServiceCd=430&Type=search", "url2": "http://kenzyukai-tokoton.or.jp" }, "geometry": { "type": "Point", "coordinates": [ 130.055522200000041, 32.2518096 ] } },
{ "type": "Feature", "properties": { "内容": "天草市社協介護サポートセンター本渡【居宅介護支援】天草市亀場町亀川1886番地2", "url": "https://www.kaigokensaku.mhlw.go.jp/43/index.php?action_kouhyou_detail_004_kani=true&JigyosyoCd=4371500028-00&ServiceCd=430&Type=search", "url2": null }, "geometry": { "type": "Point", "coordinates": [ 130.200234961797833, 32.448939428762358 ] } },
{ "type": "Feature", "properties": { "内容": "天草市社協介護サポートセンター牛深【居宅介護支援】熊本県天草市牛深町２２８６－１０３", "url": "https://www.kaigokensaku.mhlw.go.jp/43/index.php?action_kouhyou_detail_004_kani=true&JigyosyoCd=4371500036-00&ServiceCd=430&Type=search", "url2": "https://amakusa-shakyo.jp" }, "geometry": { "type": "Point", "coordinates": [ 130.026773700000035, 32.1947028 ] } },
{ "type": "Feature", "properties": { "内容": "天草市社協介護サポートセンター有明【居宅介護支援】天草市有明町赤崎２０１０番地９", "url": "https://www.kaigokensaku.mhlw.go.jp/43/index.php?action_kouhyou_detail_004_kani=true&JigyosyoCd=4371500044-00&ServiceCd=430&Type=search", "url2": null }, "geometry": { "type": "Point", "coordinates": [ 130.317036799999983, 32.5172718 ] } },
{ "type": "Feature", "properties": { "内容": "天草市社協介護サポートセンター御所浦【居宅介護支援】熊本県天草市御所浦町御所浦３５２７番地", "url": "https://www.kaigokensaku.mhlw.go.jp/43/index.php?action_kouhyou_detail_004_kani=true&JigyosyoCd=4371500051-00&ServiceCd=430&Type=search", "url2": null }, "geometry": { "type": "Point", "coordinates": [ 130.339517950154118, 32.340107814285339 ] } },
{ "type": "Feature", "properties": { "内容": "天草市社協介護サポートセンター河浦【居宅介護支援】熊本県天草市河浦町白木河内２２３番地１２天草市河浦老人福祉センター", "url": "https://www.kaigokensaku.mhlw.go.jp/43/index.php?action_kouhyou_detail_004_kani=true&JigyosyoCd=4371500085-00&ServiceCd=430&Type=search", "url2": "jawaura@amasha.jp" }, "geometry": { "type": "Point", "coordinates": [ 130.082890300000031, 32.3168459 ] } },
{ "type": "Feature", "properties": { "内容": "居宅支援事業所　なごみ【居宅介護支援】熊本県天草市河浦町宮野河内３３６番地２１", "url": "https://www.kaigokensaku.mhlw.go.jp/43/index.php?action_kouhyou_detail_004_kani=true&JigyosyoCd=4371500333-00&ServiceCd=430&Type=search", "url2": null }, "geometry": { "type": "Point", "coordinates": [ 130.14052562281492, 32.301342747796525 ] } },
{ "type": "Feature", "properties": { "内容": "セントケア天草【居宅介護支援】熊本県天草市東町２-１４電設会館2F", "url": "https://www.kaigokensaku.mhlw.go.jp/43/index.php?action_kouhyou_detail_004_kani=true&JigyosyoCd=4371500374-00&ServiceCd=430&Type=search", "url2": null }, "geometry": { "type": "Point", "coordinates": [ 130.199265885777322, 32.45282050820984 ] } },
{ "type": "Feature", "properties": { "内容": "居宅介護支援事業所　桜ん里【居宅介護支援】天草市河浦町白木河内１１６－１", "url": "https://www.kaigokensaku.mhlw.go.jp/43/index.php?action_kouhyou_detail_004_kani=true&JigyosyoCd=4371500424-00&ServiceCd=430&Type=search", "url2": null }, "geometry": { "type": "Point", "coordinates": [ 130.0822071, 32.3143489 ] } },
{ "type": "Feature", "properties": { "内容": "居宅介護支援事業所菜の花【居宅介護支援】天草市本渡町本渡847-8", "url": "https://www.kaigokensaku.mhlw.go.jp/43/index.php?action_kouhyou_detail_004_kani=true&JigyosyoCd=4371500457-00&ServiceCd=430&Type=search", "url2": "nanohana-group.net" }, "geometry": { "type": "Point", "coordinates": [ 130.175394500000039, 32.4608206 ] } },
{ "type": "Feature", "properties": { "内容": "居宅介護支援事業所　すまいる工房【居宅介護支援】熊本県天草市本渡町広瀬２００番地３６", "url": "https://www.kaigokensaku.mhlw.go.jp/43/index.php?action_kouhyou_detail_004_kani=true&JigyosyoCd=4371500572-00&ServiceCd=430&Type=search", "url2": null }, "geometry": { "type": "Point", "coordinates": [ 130.1936988, 32.4642231 ] } },
{ "type": "Feature", "properties": { "内容": "居宅介護支援事業所　毛利【居宅介護支援】熊本県天草市本町下河内８４３－５", "url": "https://www.kaigokensaku.mhlw.go.jp/43/index.php?action_kouhyou_detail_004_kani=true&JigyosyoCd=4371500630-00&ServiceCd=430&Type=search", "url2": "https://mouri.jp/homecaresupport/" }, "geometry": { "type": "Point", "coordinates": [ 130.167119500000013, 32.472339 ] } },
{ "type": "Feature", "properties": { "内容": "ケアプランセンターひのわ【居宅介護支援】熊本県天草市新和町中田2270番地", "url": "https://www.kaigokensaku.mhlw.go.jp/43/index.php?action_kouhyou_detail_004_kani=true&JigyosyoCd=4371500713-00&ServiceCd=430&Type=search", "url2": "http://fuminokai.care" }, "geometry": { "type": "Point", "coordinates": [ 130.158924100000036, 32.3361531 ] } },
{ "type": "Feature", "properties": { "内容": "居宅介護支援事業所　なぎ【居宅介護支援】熊本県天草市諏訪町1番1号", "url": "https://www.kaigokensaku.mhlw.go.jp/43/index.php?action_kouhyou_detail_004_kani=true&JigyosyoCd=4373200304-00&ServiceCd=430&Type=search", "url2": "http://www.ichiyokai.or.jp/" }, "geometry": { "type": "Point", "coordinates": [ 130.189413599999966, 32.4547434 ] } },
{ "type": "Feature", "properties": { "内容": "在宅介護支援センター紫明寮【居宅介護支援】熊本県天草市五和町二江４６６８番地", "url": "https://www.kaigokensaku.mhlw.go.jp/43/index.php?action_kouhyou_detail_004_kani=true&JigyosyoCd=4373200320-00&ServiceCd=430&Type=search", "url2": "https://shimeiryo.com/" }, "geometry": { "type": "Point", "coordinates": [ 130.119359, 32.5482454 ] } },
{ "type": "Feature", "properties": { "内容": "居宅介護支援事業所麗洋苑【居宅介護支援】熊本県天草市有明町須子１９６４番地", "url": "https://www.kaigokensaku.mhlw.go.jp/43/index.php?action_kouhyou_detail_004_kani=true&JigyosyoCd=4373200379-00&ServiceCd=430&Type=search", "url2": null }, "geometry": { "type": "Point", "coordinates": [ 130.3431597, 32.5107371 ] } },
{ "type": "Feature", "properties": { "内容": "御所浦苑　居宅介護支援事業所【居宅介護支援】熊本県天草市御所浦町御所浦4393番地１", "url": "https://www.kaigokensaku.mhlw.go.jp/43/index.php?action_kouhyou_detail_004_kani=true&JigyosyoCd=4373200817-00&ServiceCd=430&Type=search", "url2": "http://tensuikai.com" }, "geometry": { "type": "Point", "coordinates": [ 130.33466020000003, 32.3374782 ] } },
{ "type": "Feature", "properties": { "内容": "ケアプランセンターひより【居宅介護支援】熊本県天草市栖本町馬場3848番地", "url": "https://www.kaigokensaku.mhlw.go.jp/43/index.php?action_kouhyou_detail_004_kani=true&JigyosyoCd=4371501083-00&ServiceCd=430&Type=search", "url2": null }, "geometry": { "type": "Point", "coordinates": [ 130.2622201, 32.4123692 ] } },
{ "type": "Feature", "properties": { "内容": "居宅介護支援事業所　しおかぜ【居宅介護支援】熊本県天草市楠浦町２５９番地", "url": "https://www.kaigokensaku.mhlw.go.jp/43/index.php?action_kouhyou_detail_004_kani=true&JigyosyoCd=4370700611-00&ServiceCd=430&Type=search", "url2": null }, "geometry": { "type": "Point", "coordinates": [ 130.207512453967269, 32.422882574186595 ] } },
{ "type": "Feature", "properties": { "内容": "生活サポートセンター　夢織りの里天草【居宅介護支援】熊本県天草市楠浦町字掛場59-5", "url": "https://www.kaigokensaku.mhlw.go.jp/43/index.php?action_kouhyou_detail_004_kani=true&JigyosyoCd=4351580016-00&ServiceCd=430&Type=search", "url2": "http://www.kunpukai.or.jp/" }, "geometry": { "type": "Point", "coordinates": [ 130.212428227755709, 32.424508217296392 ] } },
{ "type": "Feature", "properties": { "内容": "ケアプランセンター　翔笑【居宅介護支援】熊本県天草市東浜町10番地1三貴ビル５階Ａ号室", "url": "https://www.kaigokensaku.mhlw.go.jp/43/index.php?action_kouhyou_detail_004_kani=true&JigyosyoCd=4371501059-00&ServiceCd=430&Type=search", "url2": "https://www.towa-0321.co.jp" }, "geometry": { "type": "Point", "coordinates": [ 130.192471899999987, 32.4582407 ] } },
{ "type": "Feature", "properties": { "内容": "居宅介護サポート水の平【居宅介護支援】熊本県天草市本渡町本戸馬場2090番地１", "url": "https://www.kaigokensaku.mhlw.go.jp/43/index.php?action_kouhyou_detail_004_kani=true&JigyosyoCd=4371501034-00&ServiceCd=430&Type=search", "url2": null }, "geometry": { "type": "Point", "coordinates": [ 130.176482749073813, 32.472141051410873 ] } },
{ "type": "Feature", "properties": { "内容": "居宅介護支援事業所　ケアセンター鶴丸【居宅介護支援】天草市久玉町62番地１", "url": "https://www.kaigokensaku.mhlw.go.jp/43/index.php?action_kouhyou_detail_004_kani=true&JigyosyoCd=4370900377-00&ServiceCd=430&Type=search", "url2": null }, "geometry": { "type": "Point", "coordinates": [ 130.028586899999937, 32.2070128 ] } },
{ "type": "Feature", "properties": { "内容": "居宅介護支援事業所　ふのよか【居宅介護支援】熊本県天草市宮地岳町5566番地", "url": "https://www.kaigokensaku.mhlw.go.jp/43/index.php?action_kouhyou_detail_004_kani=true&JigyosyoCd=4371501109-00&ServiceCd=430&Type=search", "url2": null }, "geometry": { "type": "Point", "coordinates": [ 130.1271486, 32.3829172 ] } },
{ "type": "Feature", "properties": { "内容": "居宅介護支援事業所あさひ【居宅介護支援】熊本県天草市佐伊津町6046-12", "url": "https://www.kaigokensaku.mhlw.go.jp/43/index.php?action_kouhyou_detail_004_kani=true&JigyosyoCd=4371501091-00&ServiceCd=430&Type=search", "url2": "https://r-comrade.com/" }, "geometry": { "type": "Point", "coordinates": [ 130.1948664, 32.501212700000011 ] } },
{ "type": "Feature", "properties": { "内容": "ひかりケ丘　ケアプランセンター【居宅介護支援】熊本県合志市幾久富1909-1379", "url": "https://www.kaigokensaku.mhlw.go.jp/43/index.php?action_kouhyou_detail_004_kani=true&JigyosyoCd=4312612270-00&ServiceCd=430&Type=search", "url2": null }, "geometry": { "type": "Point", "coordinates": [ 130.773725300000024, 32.8635509 ] } },
{ "type": "Feature", "properties": { "内容": "居宅介護支援事業所こまち【居宅介護支援】熊本県合志市合生4156番地7", "url": "https://www.kaigokensaku.mhlw.go.jp/43/index.php?action_kouhyou_detail_004_kani=true&JigyosyoCd=4371600497-00&ServiceCd=430&Type=search", "url2": null }, "geometry": { "type": "Point", "coordinates": [ 130.765262995760963, 32.905652795407818 ] } },
{ "type": "Feature", "properties": { "内容": "ケアプランセンター光の森【居宅介護支援】熊本県合志市幾久富1656-427サンハイムＢ102号", "url": "https://www.kaigokensaku.mhlw.go.jp/43/index.php?action_kouhyou_detail_004_kani=true&JigyosyoCd=4371600927-00&ServiceCd=430&Type=search", "url2": null }, "geometry": { "type": "Point", "coordinates": [ 130.7848712, 32.871867 ] } },
{ "type": "Feature", "properties": { "内容": "合志居宅介護支援事業所【居宅介護支援】熊本県合志市御代志812-2合志第一病院", "url": "https://www.kaigokensaku.mhlw.go.jp/43/index.php?action_kouhyou_detail_004_kani=true&JigyosyoCd=4312611215-00&ServiceCd=430&Type=search", "url2": "https://vansay:jp/zaitaku/support/" }, "geometry": { "type": "Point", "coordinates": [ 130.75628178755079, 32.898354230503521 ] } },
{ "type": "Feature", "properties": { "内容": "桜の里指定居宅介護支援事業所【居宅介護支援】熊本県合志市須屋702番地", "url": "https://www.kaigokensaku.mhlw.go.jp/43/index.php?action_kouhyou_detail_004_kani=true&JigyosyoCd=4352680021-00&ServiceCd=430&Type=search", "url2": "http://www.nakayamakai.jp/index.html" }, "geometry": { "type": "Point", "coordinates": [ 130.73022549999996, 32.8590124 ] } },
{ "type": "Feature", "properties": { "内容": "ひらせ記念リハビリ苑　居宅介護支援事業所【居宅介護支援】熊本県合志市福原3111", "url": "https://www.kaigokensaku.mhlw.go.jp/43/index.php?action_kouhyou_detail_004_kani=true&JigyosyoCd=4352680047-00&ServiceCd=430&Type=search", "url2": null }, "geometry": { "type": "Point", "coordinates": [ 130.784446300000013, 32.8787523 ] } },
{ "type": "Feature", "properties": { "内容": "合志市社協ケアプランセンター【居宅介護支援】熊本県合志市須屋2251番地1", "url": "https://www.kaigokensaku.mhlw.go.jp/43/index.php?action_kouhyou_detail_004_kani=true&JigyosyoCd=4371600042-00&ServiceCd=430&Type=search", "url2": "http://www.koshi-shakyo.or.jp" }, "geometry": { "type": "Point", "coordinates": [ 130.733847299999979, 32.873255600000029 ] } },
{ "type": "Feature", "properties": { "内容": "セントケア合志【居宅介護支援】熊本県合志市幾久富1656-34", "url": "https://www.kaigokensaku.mhlw.go.jp/43/index.php?action_kouhyou_detail_004_kani=true&JigyosyoCd=4371600125-00&ServiceCd=430&Type=search", "url2": "http://www.saint-care.com/" }, "geometry": { "type": "Point", "coordinates": [ 130.781188653720051, 32.870709589406005 ] } },
{ "type": "Feature", "properties": { "内容": "介護相談センターまごの手便【居宅介護支援】熊本県合志市須屋1928番地１", "url": "https://www.kaigokensaku.mhlw.go.jp/43/index.php?action_kouhyou_detail_004_kani=true&JigyosyoCd=4371600307-00&ServiceCd=430&Type=search", "url2": null }, "geometry": { "type": "Point", "coordinates": [ 130.734550200000058, 32.8645342 ] } },
{ "type": "Feature", "properties": { "内容": "居宅介護支援センター明里【居宅介護支援】熊本県合志市幾久富八丁谷1829番地13", "url": "https://www.kaigokensaku.mhlw.go.jp/43/index.php?action_kouhyou_detail_004_kani=true&JigyosyoCd=4371600455-00&ServiceCd=430&Type=search", "url2": "https://mm-akari.co.jp" }, "geometry": { "type": "Point", "coordinates": [ 130.776543468231239, 32.873653363535318 ] } },
{ "type": "Feature", "properties": { "内容": "ケアプランセンター　EeLife【居宅介護支援】熊本県合志市須屋2657番6", "url": "https://www.kaigokensaku.mhlw.go.jp/43/index.php?action_kouhyou_detail_004_kani=true&JigyosyoCd=4371600661-00&ServiceCd=430&Type=search", "url2": "http://rehalife-again.jp/" }, "geometry": { "type": "Point", "coordinates": [ 130.747017, 32.875643 ] } },
{ "type": "Feature", "properties": { "内容": "居宅　紅い華　熊本北センター【居宅介護支援】熊本県合志市須屋711番地1", "url": "https://www.kaigokensaku.mhlw.go.jp/43/index.php?action_kouhyou_detail_004_kani=true&JigyosyoCd=4371600695-00&ServiceCd=430&Type=search", "url2": "https://akaihana-info.com" }, "geometry": { "type": "Point", "coordinates": [ 130.730562600000013, 32.8612431 ] } },
{ "type": "Feature", "properties": { "内容": "むべの里居宅介護支援事業所御代志【居宅介護支援】熊本県合志市御代志2086-9", "url": "https://www.kaigokensaku.mhlw.go.jp/43/index.php?action_kouhyou_detail_004_kani=true&JigyosyoCd=4371600729-00&ServiceCd=430&Type=search", "url2": null }, "geometry": { "type": "Point", "coordinates": [ 130.7436741, 32.8918087 ] } },
{ "type": "Feature", "properties": { "内容": "ケアプランセンターけるん【居宅介護支援】熊本県合志市御代志1661-1ルーロ合志105", "url": "https://www.kaigokensaku.mhlw.go.jp/43/index.php?action_kouhyou_detail_004_kani=true&JigyosyoCd=4371600737-00&ServiceCd=430&Type=search", "url2": null }, "geometry": { "type": "Point", "coordinates": [ 130.7447628, 32.8892696 ] } },
{ "type": "Feature", "properties": { "内容": "居宅介護支援事業所　げんき【居宅介護支援】熊本県合志市須屋1320-2ファミール須屋201号", "url": "https://www.kaigokensaku.mhlw.go.jp/43/index.php?action_kouhyou_detail_004_kani=true&JigyosyoCd=4371600786-00&ServiceCd=430&Type=search", "url2": null }, "geometry": { "type": "Point", "coordinates": [ 130.741283880950931, 32.861611239779286 ] } },
{ "type": "Feature", "properties": { "内容": "むべの里居宅介護支援事業所合志【居宅介護支援】熊本県合志市豊岡1900-6", "url": "https://www.kaigokensaku.mhlw.go.jp/43/index.php?action_kouhyou_detail_004_kani=true&JigyosyoCd=4371600893-00&ServiceCd=430&Type=search", "url2": "https://mubekouei.com" }, "geometry": { "type": "Point", "coordinates": [ 130.758655299999958, 32.8729221 ] } },
{ "type": "Feature", "properties": { "内容": "菊香園居宅介護支援センター【居宅介護支援】合志市御代志718-4", "url": "https://www.kaigokensaku.mhlw.go.jp/43/index.php?action_kouhyou_detail_004_kani=true&JigyosyoCd=4372600306-00&ServiceCd=430&Type=search", "url2": "http://www.sanshikaikikukaen.or.jp" }, "geometry": { "type": "Point", "coordinates": [ 130.757281199999966, 32.9017336 ] } },
{ "type": "Feature", "properties": { "内容": "紀水ナーシングホーム居宅介護支援事業所【居宅介護支援】熊本県合志市竹迫２２２４番地", "url": "https://www.kaigokensaku.mhlw.go.jp/43/index.php?action_kouhyou_detail_004_kani=true&JigyosyoCd=4372600355-00&ServiceCd=430&Type=search", "url2": null }, "geometry": { "type": "Point", "coordinates": [ 130.783729699999981, 32.8791078 ] } },
{ "type": "Feature", "properties": { "内容": "居宅介護支援事業所　ひかり野【居宅介護支援】熊本県合志市須屋622-1", "url": "https://www.kaigokensaku.mhlw.go.jp/43/index.php?action_kouhyou_detail_004_kani=true&JigyosyoCd=4371600745-00&ServiceCd=430&Type=search", "url2": "https://www.office-hikarino.jp" }, "geometry": { "type": "Point", "coordinates": [ 130.726332100000036, 32.8527041 ] } },
{ "type": "Feature", "properties": { "内容": "居宅介護支援事業所　まる【居宅介護支援】合志市福原1430-2菊池病院バス停横", "url": "https://www.kaigokensaku.mhlw.go.jp/43/index.php?action_kouhyou_detail_004_kani=true&JigyosyoCd=4371600265-00&ServiceCd=430&Type=search", "url2": null }, "geometry": { "type": "Point", "coordinates": [ 130.7966341, 32.89076229999997 ] } },
{ "type": "Feature", "properties": { "内容": "居宅介護支援事業所　くまもと元気応援センター【居宅介護支援】熊本県合志市御代志1661-1112号室", "url": "https://www.kaigokensaku.mhlw.go.jp/43/index.php?action_kouhyou_detail_004_kani=true&JigyosyoCd=4371600703-00&ServiceCd=430&Type=search", "url2": null }, "geometry": { "type": "Point", "coordinates": [ 130.745276224634694, 32.889406047964378 ] } },
{ "type": "Feature", "properties": { "内容": "三幸居宅介護支援事業所【居宅介護支援】熊本県合志市須屋165-5", "url": "https://www.kaigokensaku.mhlw.go.jp/43/index.php?action_kouhyou_detail_004_kani=true&JigyosyoCd=4371600810-00&ServiceCd=430&Type=search", "url2": null }, "geometry": { "type": "Point", "coordinates": [ 130.739636, 32.8543161 ] } },
{ "type": "Feature", "properties": { "内容": "居宅介護支援事業所　ヒューマン・ケア【居宅介護支援】豊岡2000-1904371600521", "url": "https://www.kaigokensaku.mhlw.go.jp/43/index.php?action_kouhyou_detail_004_kani=true&JigyosyoCd=4371600521-00&ServiceCd=430&Type=search", "url2": null }, "geometry": { "type": "Point", "coordinates": [ 130.763478599999985, 32.8777802 ] } },
{ "type": "Feature", "properties": { "内容": "居宅介護支援事業所　間部病院【居宅介護支援】熊本県下益城郡美里町永富328番地間部病院内", "url": "https://www.kaigokensaku.mhlw.go.jp/43/index.php?action_kouhyou_detail_004_kani=true&JigyosyoCd=4312311774-00&ServiceCd=430&Type=search", "url2": null }, "geometry": { "type": "Point", "coordinates": [ 130.85854740000002, 32.6180762 ] } },
{ "type": "Feature", "properties": { "内容": "陽光園居宅介護支援事業所【居宅介護支援】熊本県下益城郡美里町二和田1233", "url": "https://www.kaigokensaku.mhlw.go.jp/43/index.php?action_kouhyou_detail_004_kani=true&JigyosyoCd=4372300311-00&ServiceCd=430&Type=search", "url2": "https://senjukai.jp/" }, "geometry": { "type": "Point", "coordinates": [ 130.863585699999931, 32.6197483 ] } },
{ "type": "Feature", "properties": { "内容": "居宅介護支援センターこもれび【居宅介護支援】熊本県下益城郡美里町佐俣338番地", "url": "https://www.kaigokensaku.mhlw.go.jp/43/index.php?action_kouhyou_detail_004_kani=true&JigyosyoCd=4372300816-00&ServiceCd=430&Type=search", "url2": "http://www.shinseiki.jp" }, "geometry": { "type": "Point", "coordinates": [ 130.821077400000036, 32.622175 ] } },
{ "type": "Feature", "properties": { "内容": "美里リハビリテーションクリニック居宅介護支援センター【居宅介護支援】熊本県下益城郡美里町洞岳1308番地", "url": "https://www.kaigokensaku.mhlw.go.jp/43/index.php?action_kouhyou_detail_004_kani=true&JigyosyoCd=4372301442-00&ServiceCd=430&Type=search", "url2": "http://reimeikai.jp/tomochi/" }, "geometry": { "type": "Point", "coordinates": [ 130.922504099999969, 32.6356153 ] } },
{ "type": "Feature", "properties": { "内容": "居宅介護支援事業所おんじゃく【居宅介護支援】熊本県下益城郡美里町中小路904番地", "url": "https://www.kaigokensaku.mhlw.go.jp/43/index.php?action_kouhyou_detail_004_kani=true&JigyosyoCd=4372300618-00&ServiceCd=430&Type=search", "url2": "http://www.onjaku.jp" }, "geometry": { "type": "Point", "coordinates": [ 130.780042455155922, 32.640030848485353 ] } },
{ "type": "Feature", "properties": { "内容": "なごみの里　居宅介護支援事業所【居宅介護支援】熊本県下益城郡美里町堅志田192-1", "url": "https://www.kaigokensaku.mhlw.go.jp/43/index.php?action_kouhyou_detail_004_kani=true&JigyosyoCd=4372301079-00&ServiceCd=430&Type=search", "url2": "http://www.ko-wakai.jp" }, "geometry": { "type": "Point", "coordinates": [ 130.790556, 32.6470131 ] } },
{ "type": "Feature", "properties": { "内容": "玉東町社協ケアプランセンター【居宅介護支援】熊本県玉名郡玉東町大字木葉759玉東町社会福祉協議会内", "url": "https://www.kaigokensaku.mhlw.go.jp/43/index.php?action_kouhyou_detail_004_kani=true&JigyosyoCd=4372400343-00&ServiceCd=430&Type=search", "url2": null }, "geometry": { "type": "Point", "coordinates": [ 130.627916697409347, 32.918958577618405 ] } },
{ "type": "Feature", "properties": { "内容": "居宅介護支援事業所　このは【居宅介護支援】熊本県玉名郡玉東町山口8-13", "url": "https://www.kaigokensaku.mhlw.go.jp/43/index.php?action_kouhyou_detail_004_kani=true&JigyosyoCd=4372401515-00&ServiceCd=430&Type=search", "url2": "https://group-yamamoto.com/" }, "geometry": { "type": "Point", "coordinates": [ 130.614958300000012, 32.9161858 ] } },
{ "type": "Feature", "properties": { "内容": "サリーのママ・ケアプランセンター【居宅介護支援】熊本県玉名郡玉東町大字山口63-1", "url": "https://www.kaigokensaku.mhlw.go.jp/43/index.php?action_kouhyou_detail_004_kani=true&JigyosyoCd=4372401572-00&ServiceCd=430&Type=search", "url2": null }, "geometry": { "type": "Point", "coordinates": [ 130.617113600000039, 32.9187051 ] } },
{ "type": "Feature", "properties": { "内容": "社会福祉法人南関町社会福祉協議会南関町居宅介護支援事業所【居宅介護支援】熊本県玉名郡南関町大字小原1405番地", "url": "https://www.kaigokensaku.mhlw.go.jp/43/index.php?action_kouhyou_detail_004_kani=true&JigyosyoCd=4372400301-00&ServiceCd=430&Type=search", "url2": "http：//ｗwｗ.nankan-shakyo.or.jp" }, "geometry": { "type": "Point", "coordinates": [ 130.563760900000034, 33.0464425 ] } },
{ "type": "Feature", "properties": { "内容": "ひかりの庭居宅介護支援事業所【居宅介護支援】熊本県玉名郡南関町大字久重545番地", "url": "https://www.kaigokensaku.mhlw.go.jp/43/index.php?action_kouhyou_detail_004_kani=true&JigyosyoCd=4372401390-00&ServiceCd=430&Type=search", "url2": "https://kaigo-hikari.com/" }, "geometry": { "type": "Point", "coordinates": [ 130.515881199999967, 33.0441251 ] } },
{ "type": "Feature", "properties": { "内容": "居宅介護支援事業所月華苑【居宅介護支援】熊本県玉名郡長洲町清源寺1060", "url": "https://www.kaigokensaku.mhlw.go.jp/43/index.php?action_kouhyou_detail_004_kani=true&JigyosyoCd=4372400368-00&ServiceCd=430&Type=search", "url2": "https://gekka-en.com/" }, "geometry": { "type": "Point", "coordinates": [ 130.464648899999929, 32.9291448 ] } },
{ "type": "Feature", "properties": { "内容": "せいわ居宅介護支援事業所【居宅介護支援】熊本県玉名郡長洲町大字宮野2775番地", "url": "https://www.kaigokensaku.mhlw.go.jp/43/index.php?action_kouhyou_detail_004_kani=true&JigyosyoCd=4372400475-00&ServiceCd=430&Type=search", "url2": "https://www.ariakeseijin.or.jp/care/consulation/seiwa" }, "geometry": { "type": "Point", "coordinates": [ 130.493355475393656, 32.951040995577742 ] } },
{ "type": "Feature", "properties": { "内容": "ケアプランのきんぎょ【居宅介護支援】熊本県玉名郡長洲町長洲1325", "url": "https://www.kaigokensaku.mhlw.go.jp/43/index.php?action_kouhyou_detail_004_kani=true&JigyosyoCd=4372401721-00&ServiceCd=430&Type=search", "url2": null }, "geometry": { "type": "Point", "coordinates": [ 130.446719, 32.9340264 ] } },
{ "type": "Feature", "properties": { "内容": "まごころケアプランサービス【居宅介護支援】熊本県玉名郡長洲町宮野1298-17", "url": "https://www.kaigokensaku.mhlw.go.jp/43/index.php?action_kouhyou_detail_004_kani=true&JigyosyoCd=4372401309-00&ServiceCd=430&Type=search", "url2": null }, "geometry": { "type": "Point", "coordinates": [ 130.490724499999942, 32.9307677 ] } },
{ "type": "Feature", "properties": { "内容": "ふれあい・菊水西居宅介護支援事業所【居宅介護支援】熊本県玉名郡和水町長小田334", "url": "https://www.kaigokensaku.mhlw.go.jp/43/index.php?action_kouhyou_detail_004_kani=true&JigyosyoCd=4372401242-00&ServiceCd=430&Type=search", "url2": null }, "geometry": { "type": "Point", "coordinates": [ 130.603459, 32.99972 ] } },
{ "type": "Feature", "properties": { "内容": "清風苑居宅サービスセンター【居宅介護支援】熊本県玉名郡和水町上板楠1697-1", "url": "https://www.kaigokensaku.mhlw.go.jp/43/index.php?action_kouhyou_detail_004_kani=true&JigyosyoCd=4352480026-00&ServiceCd=430&Type=search", "url2": null }, "geometry": { "type": "Point", "coordinates": [ 130.614759899999967, 33.0706134 ] } },
{ "type": "Feature", "properties": { "内容": "和楽荘居宅介護支援事業所【居宅介護支援】熊本県玉名郡和水町平野1300番地", "url": "https://www.kaigokensaku.mhlw.go.jp/43/index.php?action_kouhyou_detail_004_kani=true&JigyosyoCd=4372400350-00&ServiceCd=430&Type=search", "url2": "https://www.mikawa-fukusikai.com" }, "geometry": { "type": "Point", "coordinates": [ 130.621654900000067, 33.0372555 ] } },
{ "type": "Feature", "properties": { "内容": "和水町居宅介護支援事業所【居宅介護支援】熊本県玉名郡和水町江田4040番地", "url": "https://www.kaigokensaku.mhlw.go.jp/43/index.php?action_kouhyou_detail_004_kani=true&JigyosyoCd=4372401192-00&ServiceCd=430&Type=search", "url2": null }, "geometry": { "type": "Point", "coordinates": [ 130.604031924992341, 32.982377713791706 ] } },
{ "type": "Feature", "properties": { "内容": "指定居宅介護支援事業所おおばやし【居宅介護支援】熊本県菊池郡大津町大林785-6", "url": "https://www.kaigokensaku.mhlw.go.jp/43/index.php?action_kouhyou_detail_004_kani=true&JigyosyoCd=4372602153-00&ServiceCd=430&Type=search", "url2": null }, "geometry": { "type": "Point", "coordinates": [ 130.914992, 32.8719088 ] } },
{ "type": "Feature", "properties": { "内容": "おおつかの郷指定居宅介護支援事業所【居宅介護支援】熊本県菊池郡大津町陣内1167-5", "url": "https://www.kaigokensaku.mhlw.go.jp/43/index.php?action_kouhyou_detail_004_kani=true&JigyosyoCd=4352680039-00&ServiceCd=430&Type=search", "url2": "http://www.tanakakai.com/otsuka/" }, "geometry": { "type": "Point", "coordinates": [ 130.873725599999943, 32.8629136 ] } },
{ "type": "Feature", "properties": { "内容": "社会福祉法人大津町社会福祉協議会指定居宅介護支援事業所【居宅介護支援】熊本県菊池郡大津町大字室151番地1", "url": "https://www.kaigokensaku.mhlw.go.jp/43/index.php?action_kouhyou_detail_004_kani=true&JigyosyoCd=4372600322-00&ServiceCd=430&Type=search", "url2": null }, "geometry": { "type": "Point", "coordinates": [ 130.867048, 32.8785703 ] } },
{ "type": "Feature", "properties": { "内容": "つつじ山荘居宅介護支援事業所【居宅介護支援】熊本県菊池郡大津町大字大津字前田1187-1", "url": "https://www.kaigokensaku.mhlw.go.jp/43/index.php?action_kouhyou_detail_004_kani=true&JigyosyoCd=4372600348-00&ServiceCd=430&Type=search", "url2": "https://www.tutuji-sanso.jp" }, "geometry": { "type": "Point", "coordinates": [ 130.870014500000025, 32.879437 ] } },
{ "type": "Feature", "properties": { "内容": "居宅介護支援事業所いわさか【居宅介護支援】菊池郡大津町大字岩坂433番地", "url": "https://www.kaigokensaku.mhlw.go.jp/43/index.php?action_kouhyou_detail_004_kani=true&JigyosyoCd=4372801466-00&ServiceCd=430&Type=search", "url2": "http://ozu-hidamari.com/" }, "geometry": { "type": "Point", "coordinates": [ 130.878150499999947, 32.8544201 ] } },
{ "type": "Feature", "properties": { "内容": "ケアステーションおおづ【居宅介護支援】熊本県菊池郡大津町室261-9", "url": "https://www.kaigokensaku.mhlw.go.jp/43/index.php?action_kouhyou_detail_004_kani=true&JigyosyoCd=4372600751-00&ServiceCd=430&Type=search", "url2": "http://www.arihanahospital.jp/" }, "geometry": { "type": "Point", "coordinates": [ 130.867834099999982, 32.8758817 ] } },
{ "type": "Feature", "properties": { "内容": "太寿園居宅介護支援センター【居宅介護支援】熊本県菊池郡大津町大字室1710番地3", "url": "https://www.kaigokensaku.mhlw.go.jp/43/index.php?action_kouhyou_detail_004_kani=true&JigyosyoCd=4372601585-00&ServiceCd=430&Type=search", "url2": "http://taijyuen.co.ip/" }, "geometry": { "type": "Point", "coordinates": [ 130.85616529999993, 32.8886802 ] } },
{ "type": "Feature", "properties": { "内容": "居宅介護支援事業所　つむぎ【居宅介護支援】熊本県菊池郡大津町大津1101番地", "url": "https://www.kaigokensaku.mhlw.go.jp/43/index.php?action_kouhyou_detail_004_kani=true&JigyosyoCd=4372602120-00&ServiceCd=430&Type=search", "url2": null }, "geometry": { "type": "Point", "coordinates": [ 130.8699393, 32.8804906 ] } },
{ "type": "Feature", "properties": { "内容": "ふれあいケアくまもと【居宅介護支援】熊本県菊池郡大津町髙尾野9-1", "url": "https://www.kaigokensaku.mhlw.go.jp/43/index.php?action_kouhyou_detail_004_kani=true&JigyosyoCd=4372601973-00&ServiceCd=430&Type=search", "url2": null }, "geometry": { "type": "Point", "coordinates": [ 130.8640232, 32.88485860000003 ] } },
{ "type": "Feature", "properties": { "内容": "ケアプランセンターぽけっと【居宅介護支援】熊本県菊池郡菊陽町大字原水5189番地5", "url": "https://www.kaigokensaku.mhlw.go.jp/43/index.php?action_kouhyou_detail_004_kani=true&JigyosyoCd=4372602252-00&ServiceCd=430&Type=search", "url2": null }, "geometry": { "type": "Point", "coordinates": [ 130.819425599999988, 32.8757472 ] } },
{ "type": "Feature", "properties": { "内容": "菊陽台病院居宅介護支援事業所【居宅介護支援】熊本県菊池郡菊陽町久保田2984", "url": "https://www.kaigokensaku.mhlw.go.jp/43/index.php?action_kouhyou_detail_004_kani=true&JigyosyoCd=4312611272-00&ServiceCd=430&Type=search", "url2": "http://www.kikuyodai-hospital.com" }, "geometry": { "type": "Point", "coordinates": [ 130.833874516532916, 32.861730449642863 ] } },
{ "type": "Feature", "properties": { "内容": "東熊本第二病院　在宅総合支援センター【居宅介護支援】熊本県菊池郡菊陽町辛川１９２３－１東熊本第二病院内", "url": "https://www.kaigokensaku.mhlw.go.jp/43/index.php?action_kouhyou_detail_004_kani=true&JigyosyoCd=4312612338-00&ServiceCd=430&Type=search", "url2": "http://www.higashikumamoto.or.jp/" }, "geometry": { "type": "Point", "coordinates": [ 130.805350699999963, 32.8472024 ] } },
{ "type": "Feature", "properties": { "内容": "社会福祉法人菊陽町社会福祉協議会居宅介護支援事業所【居宅介護支援】熊本県菊池郡菊陽町大字久保田2596番地福祉センター2階", "url": "https://www.kaigokensaku.mhlw.go.jp/43/index.php?action_kouhyou_detail_004_kani=true&JigyosyoCd=4372600330-00&ServiceCd=430&Type=search", "url2": "http://swkikuyo.or.jp" }, "geometry": { "type": "Point", "coordinates": [ 130.828680755225406, 32.860866943967089 ] } },
{ "type": "Feature", "properties": { "内容": "指定居宅介護支援事業所サンライズヒル【居宅介護支援】熊本県菊池郡菊陽町曲手７６０", "url": "https://www.kaigokensaku.mhlw.go.jp/43/index.php?action_kouhyou_detail_004_kani=true&JigyosyoCd=4372600769-00&ServiceCd=430&Type=search", "url2": "http://kumasei.jp" }, "geometry": { "type": "Point", "coordinates": [ 130.835323600000038, 32.8402701 ] } },
{ "type": "Feature", "properties": { "内容": "ケアプラン花花【居宅介護支援】熊本県菊池郡菊陽町花立1丁目2-20", "url": "https://www.kaigokensaku.mhlw.go.jp/43/index.php?action_kouhyou_detail_004_kani=true&JigyosyoCd=4372601171-00&ServiceCd=430&Type=search", "url2": "http://www1.bbiq.jp/hana-hana" }, "geometry": { "type": "Point", "coordinates": [ 130.756593599999974, 32.8603817 ] } },
{ "type": "Feature", "properties": { "内容": "居宅介護支援事業所　みうら【居宅介護支援】菊池郡菊陽町津久礼2334-3", "url": "https://www.kaigokensaku.mhlw.go.jp/43/index.php?action_kouhyou_detail_004_kani=true&JigyosyoCd=4372601734-00&ServiceCd=430&Type=search", "url2": null }, "geometry": { "type": "Point", "coordinates": [ 130.7956428, 32.8610095 ] } },
{ "type": "Feature", "properties": { "内容": "居宅介護支援事業所　野の花【居宅介護支援】熊本県菊池郡菊陽町原水1042-22", "url": "https://www.kaigokensaku.mhlw.go.jp/43/index.php?action_kouhyou_detail_004_kani=true&JigyosyoCd=4372601825-00&ServiceCd=430&Type=search", "url2": null }, "geometry": { "type": "Point", "coordinates": [ 130.826245751669688, 32.867262438706327 ] } },
{ "type": "Feature", "properties": { "内容": "居宅介護支援事業所ブルーオーシャン【居宅介護支援】熊本県菊池郡菊陽町大字津久礼173-7ハイデンス磯部Ⅱ103号室", "url": "https://www.kaigokensaku.mhlw.go.jp/43/index.php?action_kouhyou_detail_004_kani=true&JigyosyoCd=4372601924-00&ServiceCd=430&Type=search", "url2": "http://blue-ocean-dream.jimdo.com/" }, "geometry": { "type": "Point", "coordinates": [ 130.823992949342596, 32.861844496674514 ] } },
{ "type": "Feature", "properties": { "内容": "グリーンコープケアプランセンター菊陽【居宅介護支援】熊本県菊池郡菊陽町津久礼2972－33", "url": "https://www.kaigokensaku.mhlw.go.jp/43/index.php?action_kouhyou_detail_004_kani=true&JigyosyoCd=4372602039-00&ServiceCd=430&Type=search", "url2": "http://www.fukushi-greencoop.or.jp" }, "geometry": { "type": "Point", "coordinates": [ 130.7949817, 32.86146220000002 ] } },
{ "type": "Feature", "properties": { "内容": "熊本セントラル病院居宅介護支援事業所【居宅介護支援】熊本県菊池郡菊陽町原水2921番地", "url": "https://www.kaigokensaku.mhlw.go.jp/43/index.php?action_kouhyou_detail_004_kani=true&JigyosyoCd=4372602146-00&ServiceCd=430&Type=search", "url2": "http//www.kchosp.or.jp" }, "geometry": { "type": "Point", "coordinates": [ 130.8495729, 32.8734997 ] } },
{ "type": "Feature", "properties": { "内容": "指定居宅介護支援事業所　ほほえみのもり【居宅介護支援】熊本県菊池郡菊陽町武蔵ヶ丘北三丁目８番１号", "url": "https://www.kaigokensaku.mhlw.go.jp/43/index.php?action_kouhyou_detail_004_kani=true&JigyosyoCd=4372601619-00&ServiceCd=430&Type=search", "url2": null }, "geometry": { "type": "Point", "coordinates": [ 130.7652733, 32.8613372 ] } },
{ "type": "Feature", "properties": { "内容": "ケアプランセンター眞【居宅介護支援】熊本県菊池郡菊陽町久保田１７０５", "url": "https://www.kaigokensaku.mhlw.go.jp/43/index.php?action_kouhyou_detail_004_kani=true&JigyosyoCd=4372602138-00&ServiceCd=430&Type=search", "url2": null }, "geometry": { "type": "Point", "coordinates": [ 130.8391993, 32.8555527 ] } },
{ "type": "Feature", "properties": { "内容": "居宅介護支援センターイナフサポートプラス＋【居宅介護支援】熊本県菊池郡菊陽町津久礼3053-32", "url": "https://www.kaigokensaku.mhlw.go.jp/43/index.php?action_kouhyou_detail_004_kani=true&JigyosyoCd=4372602179-00&ServiceCd=430&Type=search", "url2": "https://aiido.tech-hp.net" }, "geometry": { "type": "Point", "coordinates": [ 130.791691500000013, 32.8602323 ] } },
{ "type": "Feature", "properties": { "内容": "ケアライフ菊陽ケアプランセンター【居宅介護支援】熊本県菊池郡菊陽町花立1丁目5番30号", "url": "https://www.kaigokensaku.mhlw.go.jp/43/index.php?action_kouhyou_detail_004_kani=true&JigyosyoCd=4372602302-00&ServiceCd=430&Type=search", "url2": "https://bestlife1165.com/facility/kikuyou/" }, "geometry": { "type": "Point", "coordinates": [ 130.756000079584794, 32.860284500336526 ] } },
{ "type": "Feature", "properties": { "内容": "りんどう荘居宅介護支援事業所【居宅介護支援】熊本県阿蘇郡南小国町赤馬場3388-1", "url": "https://www.kaigokensaku.mhlw.go.jp/43/index.php?action_kouhyou_detail_004_kani=true&JigyosyoCd=4372700353-00&ServiceCd=430&Type=search", "url2": "http://www.asoyamabiko.jp/minamioguni/" }, "geometry": { "type": "Point", "coordinates": [ 131.068180146032773, 33.092673711504595 ] } },
{ "type": "Feature", "properties": { "内容": "悠清苑居宅介護支援事業所【居宅介護支援】熊本県阿蘇郡南小国町大字満願寺5854番地１特別養護老人ホーム悠清苑", "url": "https://www.kaigokensaku.mhlw.go.jp/43/index.php?action_kouhyou_detail_004_kani=true&JigyosyoCd=4372700379-00&ServiceCd=430&Type=search", "url2": "https://yuseien.grupo.jp/" }, "geometry": { "type": "Point", "coordinates": [ 131.126372, 33.0726103 ] } },
{ "type": "Feature", "properties": { "内容": "居宅介護支援事業所　銀の鈴【居宅介護支援】熊本県阿蘇郡南小国町大字中原2499番地1", "url": "https://www.kaigokensaku.mhlw.go.jp/43/index.php?action_kouhyou_detail_004_kani=true&JigyosyoCd=4372701526-00&ServiceCd=430&Type=search", "url2": null }, "geometry": { "type": "Point", "coordinates": [ 131.050735462603285, 33.082366614526038 ] } },
{ "type": "Feature", "properties": { "内容": "悠ゆう【居宅介護支援】熊本県阿蘇郡小国町宮原1530番地2悠ゆう館", "url": "https://www.kaigokensaku.mhlw.go.jp/43/index.php?action_kouhyou_detail_004_kani=true&JigyosyoCd=4372701112-00&ServiceCd=430&Type=search", "url2": "https://www.asoyamabiko.jp/oguni/" }, "geometry": { "type": "Point", "coordinates": [ 131.065849599999979, 33.1236371 ] } },
{ "type": "Feature", "properties": { "内容": "みどりの里介護支援センター【居宅介護支援】熊本県阿蘇郡小国町宮原４２５番地５", "url": "https://www.kaigokensaku.mhlw.go.jp/43/index.php?action_kouhyou_detail_004_kani=true&JigyosyoCd=4372701245-00&ServiceCd=430&Type=search", "url2": "http://www.daitokukai.info/" }, "geometry": { "type": "Point", "coordinates": [ 131.084636700000033, 33.122301399999984 ] } },
{ "type": "Feature", "properties": { "内容": "みなみだ荘居宅介護支援事業所【居宅介護支援】熊本県阿蘇郡小国町宮原11番の３", "url": "https://www.kaigokensaku.mhlw.go.jp/43/index.php?action_kouhyou_detail_004_kani=true&JigyosyoCd=4372701286-00&ServiceCd=430&Type=search", "url2": null }, "geometry": { "type": "Point", "coordinates": [ 131.069599899999957, 33.1148876 ] } },
{ "type": "Feature", "properties": { "内容": "居宅介護支援事業所　糸【居宅介護支援】宮原1834-2", "url": "https://www.kaigokensaku.mhlw.go.jp/43/index.php?action_kouhyou_detail_004_kani=true&JigyosyoCd=4372701500-00&ServiceCd=430&Type=search", "url2": null }, "geometry": { "type": "Point", "coordinates": [ 138.2592606, 35.9205029 ] } },
{ "type": "Feature", "properties": { "内容": "居宅介護支援事業所　ピエリス【居宅介護支援】熊本県阿蘇郡小国町下城2530番地１", "url": "https://www.kaigokensaku.mhlw.go.jp/43/index.php?action_kouhyou_detail_004_kani=true&JigyosyoCd=4372701542-00&ServiceCd=430&Type=search", "url2": null }, "geometry": { "type": "Point", "coordinates": [ 131.0504094, 33.1540462 ] } },
{ "type": "Feature", "properties": { "内容": "ネオ居宅介護支援事業所【居宅介護支援】熊本県阿蘇郡小国町北里1906-1", "url": "https://www.kaigokensaku.mhlw.go.jp/43/index.php?action_kouhyou_detail_004_kani=true&JigyosyoCd=4372701476-00&ServiceCd=430&Type=search", "url2": null }, "geometry": { "type": "Point", "coordinates": [ 131.111810099999957, 33.1531349 ] } },
{ "type": "Feature", "properties": { "内容": "居宅介護支援事業所　ひごたい【居宅介護支援】熊本県阿蘇郡産山村大字大利657-2", "url": "https://www.kaigokensaku.mhlw.go.jp/43/index.php?action_kouhyou_detail_004_kani=true&JigyosyoCd=4372700841-00&ServiceCd=430&Type=search", "url2": "http://www.yamanami.or.jp/" }, "geometry": { "type": "Point", "coordinates": [ 131.200598806226651, 32.985417013893304 ] } },
{ "type": "Feature", "properties": { "内容": "梅香苑在宅介護支援センター【居宅介護支援】熊本県阿蘇郡高森町高森3175番地", "url": "https://www.kaigokensaku.mhlw.go.jp/43/index.php?action_kouhyou_detail_004_kani=true&JigyosyoCd=4372700346-00&ServiceCd=430&Type=search", "url2": "http://gakujyukai.com" }, "geometry": { "type": "Point", "coordinates": [ 131.14368909999996, 32.8440417 ] } },
{ "type": "Feature", "properties": { "内容": "高森町社協居宅介護支援事業所【居宅介護支援】熊本県阿蘇郡高森町大字高森2168番地（高森総合センター）高森総合センター", "url": "https://www.kaigokensaku.mhlw.go.jp/43/index.php?action_kouhyou_detail_004_kani=true&JigyosyoCd=4372700585-00&ServiceCd=430&Type=search", "url2": "asoyamabiko.jp/takamori/" }, "geometry": { "type": "Point", "coordinates": [ 131.121730881523945, 32.82761129384734 ] } },
{ "type": "Feature", "properties": { "内容": "阿蘇郡市医師会南部ケアプランセンター【居宅介護支援】熊本県阿蘇郡高森町高森１６１２番地１", "url": "https://www.kaigokensaku.mhlw.go.jp/43/index.php?action_kouhyou_detail_004_kani=true&JigyosyoCd=4372701146-00&ServiceCd=430&Type=search", "url2": null }, "geometry": { "type": "Point", "coordinates": [ 131.126635699999952, 32.8184879 ] } },
{ "type": "Feature", "properties": { "内容": "指定南阿蘇居宅支援事業所【居宅介護支援】熊本県阿蘇郡高森町大字草部1769-2番地", "url": "https://www.kaigokensaku.mhlw.go.jp/43/index.php?action_kouhyou_detail_004_kani=true&JigyosyoCd=4372700957-00&ServiceCd=430&Type=search", "url2": null }, "geometry": { "type": "Point", "coordinates": [ 131.204696364637812, 32.794321964238847 ] } },
{ "type": "Feature", "properties": { "内容": "居宅介護支援事業所　つくし【居宅介護支援】熊本県阿蘇郡高森町高森2151-1", "url": "https://www.kaigokensaku.mhlw.go.jp/43/index.php?action_kouhyou_detail_004_kani=true&JigyosyoCd=4372701484-00&ServiceCd=430&Type=search", "url2": null }, "geometry": { "type": "Point", "coordinates": [ 131.120658401852438, 32.826010631325744 ] } },
{ "type": "Feature", "properties": { "内容": "みどりの館指定居宅介護支援事業所【居宅介護支援】熊本県阿蘇郡西原村布田897番地1", "url": "https://www.kaigokensaku.mhlw.go.jp/43/index.php?action_kouhyou_detail_004_kani=true&JigyosyoCd=4372700304-00&ServiceCd=430&Type=search", "url2": "https://seijinkai-midori.org/" }, "geometry": { "type": "Point", "coordinates": [ 130.883587, 32.8294945 ] } },
{ "type": "Feature", "properties": { "内容": "社会福祉法人　西原村社会福祉協議会西原村居宅介護支援事業所【居宅介護支援】熊本県阿蘇郡西原村大字小森527西原村地域福祉センターのぎく荘", "url": "https://www.kaigokensaku.mhlw.go.jp/43/index.php?action_kouhyou_detail_004_kani=true&JigyosyoCd=4372700361-00&ServiceCd=430&Type=search", "url2": "http://nisihara-nogiku.on.coocan.jp/" }, "geometry": { "type": "Point", "coordinates": [ 130.913858800000071, 32.841264 ] } },
{ "type": "Feature", "properties": { "内容": "介護支援センターひばり【居宅介護支援】熊本県阿蘇郡南阿蘇村吉田2044番地2", "url": "https://www.kaigokensaku.mhlw.go.jp/43/index.php?action_kouhyou_detail_004_kani=true&JigyosyoCd=4352780003-00&ServiceCd=430&Type=search", "url2": "http://www.daitokukai.info/hibari/index.html" }, "geometry": { "type": "Point", "coordinates": [ 131.078592100000037, 32.8325254 ] } },
{ "type": "Feature", "properties": { "内容": "陽ノ丘荘居宅介護支援事業所【居宅介護支援】熊本県阿蘇郡南阿蘇村大字河陽4463番地", "url": "https://www.kaigokensaku.mhlw.go.jp/43/index.php?action_kouhyou_detail_004_kani=true&JigyosyoCd=4372700312-00&ServiceCd=430&Type=search", "url2": "http://www.hinooka1990.or.jp" }, "geometry": { "type": "Point", "coordinates": [ 131.0030705574585, 32.86772667216426 ] } },
{ "type": "Feature", "properties": { "内容": "水生苑居宅介護支援事業所【居宅介護支援】熊本県阿蘇郡南阿蘇村大字一関１２８２番地", "url": "https://www.kaigokensaku.mhlw.go.jp/43/index.php?action_kouhyou_detail_004_kani=true&JigyosyoCd=4372700338-00&ServiceCd=430&Type=search", "url2": null }, "geometry": { "type": "Point", "coordinates": [ 131.072139600000014, 32.8358056 ] } },
{ "type": "Feature", "properties": { "内容": "ケアマネみなみ阿蘇【居宅介護支援】熊本県阿蘇郡南阿蘇村久石2721-2", "url": "https://www.kaigokensaku.mhlw.go.jp/43/index.php?action_kouhyou_detail_004_kani=true&JigyosyoCd=4372701450-00&ServiceCd=430&Type=search", "url2": "https://www.minamiasocare.com/" }, "geometry": { "type": "Point", "coordinates": [ 131.036957308598289, 32.819361985846264 ] } },
{ "type": "Feature", "properties": { "内容": "グリーンウッド【居宅介護支援】熊本県阿蘇郡南阿蘇村大字久石2705番地", "url": "https://www.kaigokensaku.mhlw.go.jp/43/index.php?action_kouhyou_detail_004_kani=true&JigyosyoCd=4372701120-00&ServiceCd=430&Type=search", "url2": null }, "geometry": { "type": "Point", "coordinates": [ 131.0361428, 32.8203903 ] } },
{ "type": "Feature", "properties": { "内容": "居宅介護支援事業所「たての」【居宅介護支援】阿蘇郡南阿蘇村大字立野185-1", "url": "https://www.kaigokensaku.mhlw.go.jp/43/index.php?action_kouhyou_detail_004_kani=true&JigyosyoCd=4372700734-00&ServiceCd=430&Type=search", "url2": "http://asotateno.or.jp" }, "geometry": { "type": "Point", "coordinates": [ 130.979971299999988, 32.8794784 ] } },
{ "type": "Feature", "properties": { "内容": "居宅介護支援センター　あそ【居宅介護支援】上益城郡御船町木倉4780番地", "url": "https://www.kaigokensaku.mhlw.go.jp/43/index.php?action_kouhyou_detail_004_kani=true&JigyosyoCd=4372801383-00&ServiceCd=430&Type=search", "url2": "http://shinseiki.jp" }, "geometry": { "type": "Point", "coordinates": [ 130.812226875901843, 32.727374911266722 ] } },
{ "type": "Feature", "properties": { "内容": "介護支援センター　グリーンヒルみふね【居宅介護支援】熊本県上益城郡御船町辺田見840-9", "url": "https://www.kaigokensaku.mhlw.go.jp/43/index.php?action_kouhyou_detail_004_kani=true&JigyosyoCd=4372800310-00&ServiceCd=430&Type=search", "url2": "http://greenhillmifune.web.fc2.com/greenhillmifunetop.html" }, "geometry": { "type": "Point", "coordinates": [ 130.812073455156025, 32.714062698182289 ] } },
{ "type": "Feature", "properties": { "内容": "ケアプランセンターうぃずっと【居宅介護支援】熊本県上益城郡御船町滝川９９８番地10", "url": "https://www.kaigokensaku.mhlw.go.jp/43/index.php?action_kouhyou_detail_004_kani=true&JigyosyoCd=4372802043-00&ServiceCd=430&Type=search", "url2": null }, "geometry": { "type": "Point", "coordinates": [ 130.7959545, 32.7131205 ] } },
{ "type": "Feature", "properties": { "内容": "ケアプランセンター　こころ【居宅介護支援】熊本県上益城郡御船町滝尾6243-50", "url": "https://www.kaigokensaku.mhlw.go.jp/43/index.php?action_kouhyou_detail_004_kani=true&JigyosyoCd=4372802092-00&ServiceCd=430&Type=search", "url2": null }, "geometry": { "type": "Point", "coordinates": [ 130.815066, 32.6998962 ] } },
{ "type": "Feature", "properties": { "内容": "居宅介護支援事業所御船清流園【居宅介護支援】熊本県上益城郡御船町御船１０６２番地１", "url": "https://www.kaigokensaku.mhlw.go.jp/43/index.php?action_kouhyou_detail_004_kani=true&JigyosyoCd=4352880035-00&ServiceCd=430&Type=search", "url2": null }, "geometry": { "type": "Point", "coordinates": [ 130.801174899999978, 32.7113464 ] } },
{ "type": "Feature", "properties": { "内容": "ケアプランセンターかしま湧水苑【居宅介護支援】熊本県上益城郡嘉島町大字井寺３１２５番地－１", "url": "https://www.kaigokensaku.mhlw.go.jp/43/index.php?action_kouhyou_detail_004_kani=true&JigyosyoCd=4372800872-00&ServiceCd=430&Type=search", "url2": "httpｓ://www．nihonfukusiseitaigakuin.net/" }, "geometry": { "type": "Point", "coordinates": [ 130.777040930688514, 32.750824535824357 ] } },
{ "type": "Feature", "properties": { "内容": "熊本回生会病院居宅介護支援センター【居宅介護支援】熊本県上益城郡嘉島町鯰1873-1", "url": "https://www.kaigokensaku.mhlw.go.jp/43/index.php?action_kouhyou_detail_004_kani=true&JigyosyoCd=4312810809-00&ServiceCd=430&Type=search", "url2": "http://www.reha-kaiseikai.or.jp" }, "geometry": { "type": "Point", "coordinates": [ 130.737663099999963, 32.7476613 ] } },
{ "type": "Feature", "properties": { "内容": "悠優かしま居宅介護支援事業所【居宅介護支援】熊本県上益城郡嘉島町上仲間151-1", "url": "https://www.kaigokensaku.mhlw.go.jp/43/index.php?action_kouhyou_detail_004_kani=true&JigyosyoCd=4372801433-00&ServiceCd=430&Type=search", "url2": "https://senjukai.jp" }, "geometry": { "type": "Point", "coordinates": [ 130.735883100000024, 32.7405259 ] } },
{ "type": "Feature", "properties": { "内容": "ケアプランルーム　デイムカフェ【居宅介護支援】熊本県上益城郡嘉島町北甘木2312番地オランジュリーモール2号", "url": "https://www.kaigokensaku.mhlw.go.jp/43/index.php?action_kouhyou_detail_004_kani=true&JigyosyoCd=4372801912-00&ServiceCd=430&Type=search", "url2": "https://www.damecafe.jp/" }, "geometry": { "type": "Point", "coordinates": [ 130.771014, 32.7434926 ] } },
{ "type": "Feature", "properties": { "内容": "居宅介護支援事業所　ケアベースCruto【居宅介護支援】熊本県上益城郡嘉島町上仲間860-1", "url": "https://www.kaigokensaku.mhlw.go.jp/43/index.php?action_kouhyou_detail_004_kani=true&JigyosyoCd=4372802076-00&ServiceCd=430&Type=search", "url2": "http://www.cruto.net/" }, "geometry": { "type": "Point", "coordinates": [ 130.741855632540904, 32.741921271839175 ] } },
{ "type": "Feature", "properties": { "内容": "介護保険サービスセンター　康寿苑【居宅介護支援】熊本県上益城郡嘉島町北甘木2073番地", "url": "https://www.kaigokensaku.mhlw.go.jp/43/index.php?action_kouhyou_detail_004_kani=true&JigyosyoCd=4372800419-00&ServiceCd=430&Type=search", "url2": "https://kayuukai.or.jp/" }, "geometry": { "type": "Point", "coordinates": [ 130.771016599999939, 32.7488365 ] } },
{ "type": "Feature", "properties": { "内容": "ひろやす荘居宅介護支援事業所【居宅介護支援】熊本県上益城群益城町大字安永1080番地", "url": "https://www.kaigokensaku.mhlw.go.jp/43/index.php?action_kouhyou_detail_004_kani=true&JigyosyoCd=4372800070-00&ServiceCd=430&Type=search", "url2": "https://jikou-kai.com/" }, "geometry": { "type": "Point", "coordinates": [ 130.810609899999946, 32.795975 ] } },
{ "type": "Feature", "properties": { "内容": "社会福祉法人　益城町社会福祉協議会【居宅介護支援】熊本県上益城郡益城町宮園708-1（仮住所：益城町惣領１４７０　益城町保健福祉センターはぴねす内）", "url": "https://www.kaigokensaku.mhlw.go.jp/43/index.php?action_kouhyou_detail_004_kani=true&JigyosyoCd=4372800104-00&ServiceCd=430&Type=search", "url2": "http://www.mashiki-shakyo.or.jp/" }, "geometry": { "type": "Point", "coordinates": [ 130.801284635944512, 32.785696001938661 ] } },
{ "type": "Feature", "properties": { "内容": "ケアプランハウス　のあ【居宅介護支援】熊本県上益城郡益城町広崎853番地14　B棟", "url": "https://www.kaigokensaku.mhlw.go.jp/43/index.php?action_kouhyou_detail_004_kani=true&JigyosyoCd=4372801946-00&ServiceCd=430&Type=search", "url2": "http://www.hiroplan.com/" }, "geometry": { "type": "Point", "coordinates": [ 130.7887987, 32.7815588 ] } },
{ "type": "Feature", "properties": { "内容": "居宅介護支援事業所ほのか【居宅介護支援】熊本県上益城郡益城町広崎1445-15", "url": "https://www.kaigokensaku.mhlw.go.jp/43/index.php?action_kouhyou_detail_004_kani=true&JigyosyoCd=4372802035-00&ServiceCd=430&Type=search", "url2": "https://orin-company-mioka.com/relation.php#honoka" }, "geometry": { "type": "Point", "coordinates": [ 130.7864697, 32.789992 ] } },
{ "type": "Feature", "properties": { "内容": "居宅介護支援事業所　いこいの里【居宅介護支援】熊本県上益城郡益城町福原1988番地1", "url": "https://www.kaigokensaku.mhlw.go.jp/43/index.php?action_kouhyou_detail_004_kani=true&JigyosyoCd=4372801508-00&ServiceCd=430&Type=search", "url2": "http://kinko-kai.jp" }, "geometry": { "type": "Point", "coordinates": [ 130.8319672, 32.7829726 ] } },
{ "type": "Feature", "properties": { "内容": "益城病院居宅介護支援センター【居宅介護支援】熊本県上益城郡益城町馬水１２３", "url": "https://www.kaigokensaku.mhlw.go.jp/43/index.php?action_kouhyou_detail_004_kani=true&JigyosyoCd=4312810734-00&ServiceCd=430&Type=search", "url2": "http://www.mashiki.jp/" }, "geometry": { "type": "Point", "coordinates": [ 130.798725, 32.7829752 ] } },
{ "type": "Feature", "properties": { "内容": "居宅介護支援センターSUN【居宅介護支援】熊本県上益城郡益城町田原154-1", "url": "https://www.kaigokensaku.mhlw.go.jp/43/index.php?action_kouhyou_detail_004_kani=true&JigyosyoCd=4372802159-00&ServiceCd=430&Type=search", "url2": "https://www.kyotakusun.com/" }, "geometry": { "type": "Point", "coordinates": [ 130.84799910000001, 32.8026163 ] } },
{ "type": "Feature", "properties": { "内容": "ほっとふぁみりい居宅介護支援事業所【居宅介護支援】熊本県上益城郡益城町大字宮園830-1", "url": "https://www.kaigokensaku.mhlw.go.jp/43/index.php?action_kouhyou_detail_004_kani=true&JigyosyoCd=4372801110-00&ServiceCd=430&Type=search", "url2": null }, "geometry": { "type": "Point", "coordinates": [ 130.815401299999962, 32.7943829 ] } },
{ "type": "Feature", "properties": { "内容": "ごらく居宅介護支援事業所【居宅介護支援】熊本県上益城郡益城町赤井278番地", "url": "https://www.kaigokensaku.mhlw.go.jp/43/index.php?action_kouhyou_detail_004_kani=true&JigyosyoCd=4372802209-00&ServiceCd=430&Type=search", "url2": null }, "geometry": { "type": "Point", "coordinates": [ 130.8196326, 32.76779 ] } },
{ "type": "Feature", "properties": { "内容": "ケアプランテラス翔蓮【居宅介護支援】熊本県上益城郡益城町大字下陳２３０番地３", "url": "https://www.kaigokensaku.mhlw.go.jp/43/index.php?action_kouhyou_detail_004_kani=true&JigyosyoCd=4372802233-00&ServiceCd=430&Type=search", "url2": null }, "geometry": { "type": "Point", "coordinates": [ 130.8527987, 32.7968711 ] } },
{ "type": "Feature", "properties": { "内容": "居宅介護支援事業所トラスティーホームげんき【居宅介護支援】熊本県上益城郡益城町惣領1522-1", "url": "https://www.kaigokensaku.mhlw.go.jp/43/index.php?action_kouhyou_detail_004_kani=true&JigyosyoCd=4372800732-00&ServiceCd=430&Type=search", "url2": null }, "geometry": { "type": "Point", "coordinates": [ 130.798659491015684, 32.782130452937217 ] } },
{ "type": "Feature", "properties": { "内容": "ケアプランセンターグリーンリバー【居宅介護支援】熊本県上益城郡甲佐町下横田506-1", "url": "https://www.kaigokensaku.mhlw.go.jp/43/index.php?action_kouhyou_detail_004_kani=true&JigyosyoCd=4372802068-00&ServiceCd=430&Type=search", "url2": null }, "geometry": { "type": "Point", "coordinates": [ 130.813365800000014, 32.6731026 ] } },
{ "type": "Feature", "properties": { "内容": "居宅介護支援事業所　せせらぎ【居宅介護支援】熊本県上益城郡甲佐町白旗　986番", "url": "https://www.kaigokensaku.mhlw.go.jp/43/index.php?action_kouhyou_detail_004_kani=true&JigyosyoCd=4372800708-00&ServiceCd=430&Type=search", "url2": "http://seseragi.care.kumamoto.jp/" }, "geometry": { "type": "Point", "coordinates": [ 130.783376099999941, 32.707213 ] } },
{ "type": "Feature", "properties": { "内容": "谷田病院居宅介護支援センター【居宅介護支援】熊本県上益城郡甲佐町岩下１２３谷田病院２Ｆエレベーター正面総合相談室内", "url": "https://www.kaigokensaku.mhlw.go.jp/43/index.php?action_kouhyou_detail_004_kani=true&JigyosyoCd=4312810718-00&ServiceCd=430&Type=search", "url2": null }, "geometry": { "type": "Point", "coordinates": [ 130.810324036245675, 32.651068267212963 ] } },
{ "type": "Feature", "properties": { "内容": "居宅介護支援センター・緑風苑【居宅介護支援】熊本県上益城郡甲佐町白旗271", "url": "https://www.kaigokensaku.mhlw.go.jp/43/index.php?action_kouhyou_detail_004_kani=true&JigyosyoCd=4352880050-00&ServiceCd=430&Type=search", "url2": "http://www.ryokufu-en.com/" }, "geometry": { "type": "Point", "coordinates": [ 130.7894983, 32.697930700000022 ] } },
{ "type": "Feature", "properties": { "内容": "桜の丘居宅介護支援事業所【居宅介護支援】熊本県上益城郡甲佐町大字西寒野1161番地", "url": "https://www.kaigokensaku.mhlw.go.jp/43/index.php?action_kouhyou_detail_004_kani=true&JigyosyoCd=4372800302-00&ServiceCd=430&Type=search", "url2": "http://www.sakuranooka.or.jp" }, "geometry": { "type": "Point", "coordinates": [ 130.812468192065495, 32.63866102685536 ] } },
{ "type": "Feature", "properties": { "内容": "居宅介護支援事業所まつりか【居宅介護支援】熊本県上益城郡甲佐町芝原120番地14", "url": "https://www.kaigokensaku.mhlw.go.jp/43/index.php?action_kouhyou_detail_004_kani=true&JigyosyoCd=4372801771-00&ServiceCd=430&Type=search", "url2": null }, "geometry": { "type": "Point", "coordinates": [ 130.769876399999958, 32.715978499999984 ] } },
{ "type": "Feature", "properties": { "内容": "JA上益城居宅介護支援事業所　虹のかけ橋【居宅介護支援】熊本県上益城郡甲佐町白旗2247-1", "url": "https://www.kaigokensaku.mhlw.go.jp/43/index.php?action_kouhyou_detail_004_kani=true&JigyosyoCd=4372801409-00&ServiceCd=430&Type=search", "url2": null }, "geometry": { "type": "Point", "coordinates": [ 130.7803209, 32.7020273 ] } },
{ "type": "Feature", "properties": { "内容": "蘇望苑居宅介護支援事業所【居宅介護支援】熊本県上益城郡山都町滝上２２３－１", "url": "https://www.kaigokensaku.mhlw.go.jp/43/index.php?action_kouhyou_detail_004_kani=true&JigyosyoCd=4372700320-00&ServiceCd=430&Type=search", "url2": null }, "geometry": { "type": "Point", "coordinates": [ 131.140247899999963, 32.6886658 ] } },
{ "type": "Feature", "properties": { "内容": "JA上益城居宅介護支援事業所【居宅介護支援】熊本県上益城郡山都町野尻1026-4", "url": "https://www.kaigokensaku.mhlw.go.jp/43/index.php?action_kouhyou_detail_004_kani=true&JigyosyoCd=4372800575-00&ServiceCd=430&Type=search", "url2": null }, "geometry": { "type": "Point", "coordinates": [ 131.01139300586857, 32.684870490314204 ] } },
{ "type": "Feature", "properties": { "内容": "風ノ木居宅介護支援事業所【居宅介護支援】熊本県上益城郡山都町千滝211番地", "url": "https://www.kaigokensaku.mhlw.go.jp/43/index.php?action_kouhyou_detail_004_kani=true&JigyosyoCd=4372801458-00&ServiceCd=430&Type=search", "url2": "http://www.tokuseikai.org" }, "geometry": { "type": "Point", "coordinates": [ 130.9837249, 32.6809223 ] } },
{ "type": "Feature", "properties": { "内容": "居宅介護支援事業所　そよ風の里“ほたる”【居宅介護支援】熊本県上益城郡山都町今322-1", "url": "https://www.kaigokensaku.mhlw.go.jp/43/index.php?action_kouhyou_detail_004_kani=true&JigyosyoCd=4372801516-00&ServiceCd=430&Type=search", "url2": "www.soyokazenosato-hotaru.com" }, "geometry": { "type": "Point", "coordinates": [ 131.165296200000057, 32.7296424 ] } },
{ "type": "Feature", "properties": { "内容": "居宅介護支援事業所さくら【居宅介護支援】熊本県上益城郡山都町北中島505番地5", "url": "https://www.kaigokensaku.mhlw.go.jp/43/index.php?action_kouhyou_detail_004_kani=true&JigyosyoCd=4372801730-00&ServiceCd=430&Type=search", "url2": null }, "geometry": { "type": "Point", "coordinates": [ 130.907919, 32.7362205 ] } },
{ "type": "Feature", "properties": { "内容": "居宅介護支援事業所ライフライト矢部【居宅介護支援】熊本県上益城郡山都町下市60", "url": "https://www.kaigokensaku.mhlw.go.jp/43/index.php?action_kouhyou_detail_004_kani=true&JigyosyoCd=4352880027-00&ServiceCd=430&Type=search", "url2": "http://www.kaigocsc.co.jp/lifelight/" }, "geometry": { "type": "Point", "coordinates": [ 130.987121800000068, 32.6835054 ] } },
{ "type": "Feature", "properties": { "内容": "矢部大矢荘　居宅介護支援事業所【居宅介護支援】熊本県上益城郡山都町北中島2684-2", "url": "https://www.kaigokensaku.mhlw.go.jp/43/index.php?action_kouhyou_detail_004_kani=true&JigyosyoCd=4372800245-00&ServiceCd=430&Type=search", "url2": null }, "geometry": { "type": "Point", "coordinates": [ 130.937666400000012, 32.7334379 ] } },
{ "type": "Feature", "properties": { "内容": "ケアセンターやまと【居宅介護支援】熊本県上益城郡山都町大平91番地", "url": "https://www.kaigokensaku.mhlw.go.jp/43/index.php?action_kouhyou_detail_004_kani=true&JigyosyoCd=4372801052-00&ServiceCd=430&Type=search", "url2": "http://yamatoshakyo.or.jp/" }, "geometry": { "type": "Point", "coordinates": [ 131.091435400000023, 32.6929677 ] } },
{ "type": "Feature", "properties": { "内容": "八祥苑居宅介護支援事業所【居宅介護支援】熊本県八代郡氷川町早尾132番地", "url": "https://www.kaigokensaku.mhlw.go.jp/43/index.php?action_kouhyou_detail_004_kani=true&JigyosyoCd=4352980017-00&ServiceCd=430&Type=search", "url2": "http://www.8shouen.org/index.html" }, "geometry": { "type": "Point", "coordinates": [ 130.677221886744519, 32.550306100714678 ] } },
{ "type": "Feature", "properties": { "内容": "ＪＡやつしろ介護支援センター【居宅介護支援】熊本県八代郡氷川町今55-2", "url": "https://www.kaigokensaku.mhlw.go.jp/43/index.php?action_kouhyou_detail_004_kani=true&JigyosyoCd=4370200604-00&ServiceCd=430&Type=search", "url2": null }, "geometry": { "type": "Point", "coordinates": [ 130.67483721578833, 32.553675388511031 ] } },
{ "type": "Feature", "properties": { "内容": "セントケア八代居宅介護支援事業所【居宅介護支援】熊本県八代郡氷川町宮原字下宮後479", "url": "https://www.kaigokensaku.mhlw.go.jp/43/index.php?action_kouhyou_detail_004_kani=true&JigyosyoCd=4370201693-00&ServiceCd=430&Type=search", "url2": "http://www.sainnt-care.com" }, "geometry": { "type": "Point", "coordinates": [ 130.684662300000014, 32.5542647 ] } },
{ "type": "Feature", "properties": { "内容": "やすらぎ荘居宅介護支援事業所【居宅介護支援】熊本県八代郡氷川町鹿島945", "url": "https://www.kaigokensaku.mhlw.go.jp/43/index.php?action_kouhyou_detail_004_kani=true&JigyosyoCd=4372900169-00&ServiceCd=430&Type=search", "url2": "http://www.8910kai.jp/" }, "geometry": { "type": "Point", "coordinates": [ 130.668122899999958, 32.5799116 ] } },
{ "type": "Feature", "properties": { "内容": "湧楽苑居宅介護支援事業所【居宅介護支援】熊本県八代郡氷川町吉本１０８番地", "url": "https://www.kaigokensaku.mhlw.go.jp/43/index.php?action_kouhyou_detail_004_kani=true&JigyosyoCd=4372900946-00&ServiceCd=430&Type=search", "url2": null }, "geometry": { "type": "Point", "coordinates": [ 130.703992299999982, 32.5838233 ] } },
{ "type": "Feature", "properties": { "内容": "居宅介護支援事業所　わかしま【居宅介護支援】熊本県八代郡氷川町鹿野１３０１－２", "url": "https://www.kaigokensaku.mhlw.go.jp/43/index.php?action_kouhyou_detail_004_kani=true&JigyosyoCd=4372900979-00&ServiceCd=430&Type=search", "url2": null }, "geometry": { "type": "Point", "coordinates": [ 130.651678800000013, 32.5900433 ] } },
{ "type": "Feature", "properties": { "内容": "ケアプランセンター絆【居宅介護支援】熊本県八代郡氷川町野津859番10", "url": "https://www.kaigokensaku.mhlw.go.jp/43/index.php?action_kouhyou_detail_004_kani=true&JigyosyoCd=4372901043-00&ServiceCd=430&Type=search", "url2": null }, "geometry": { "type": "Point", "coordinates": [ 130.684157438484107, 32.561727911655488 ] } },
{ "type": "Feature", "properties": { "内容": "あしきた農業協同組合　居宅介護支援事業所【居宅介護支援】熊本県葦北郡芦北町大字佐敷４２４", "url": "https://www.kaigokensaku.mhlw.go.jp/43/index.php?action_kouhyou_detail_004_kani=true&JigyosyoCd=4373000506-00&ServiceCd=430&Type=search", "url2": "http://ja-ashikita.or.jp/" }, "geometry": { "type": "Point", "coordinates": [ 130.507065, 32.3041829 ] } },
{ "type": "Feature", "properties": { "内容": "居宅介護支援事業所　田の浦荘【居宅介護支援】熊本県葦北郡芦北町大字田浦町870-1", "url": "https://www.kaigokensaku.mhlw.go.jp/43/index.php?action_kouhyou_detail_004_kani=true&JigyosyoCd=4373000290-00&ServiceCd=430&Type=search", "url2": null }, "geometry": { "type": "Point", "coordinates": [ 130.505413, 32.3643631 ] } },
{ "type": "Feature", "properties": { "内容": "五松園居宅介護支援事業所【居宅介護支援】熊本県葦北郡芦北町大字花岡１１１８番地", "url": "https://www.kaigokensaku.mhlw.go.jp/43/index.php?action_kouhyou_detail_004_kani=true&JigyosyoCd=4373000308-00&ServiceCd=430&Type=search", "url2": "https：//Jiyukai．com/" }, "geometry": { "type": "Point", "coordinates": [ 130.5103153, 32.2953284 ] } },
{ "type": "Feature", "properties": { "内容": "居宅介護支援事業所　ゆりかご【居宅介護支援】熊本県葦北郡芦北町大字芦北字塩屋田尻２７２７番地１", "url": "https://www.kaigokensaku.mhlw.go.jp/43/index.php?action_kouhyou_detail_004_kani=true&JigyosyoCd=4373000316-00&ServiceCd=430&Type=search", "url2": "http://mc-shinseikai.com/" }, "geometry": { "type": "Point", "coordinates": [ 130.493316600000071, 32.2981664 ] } },
{ "type": "Feature", "properties": { "内容": "指定居宅介護支援事業所ひまわり【居宅介護支援】熊本県葦北郡芦北町大字芦北2324-1", "url": "https://www.kaigokensaku.mhlw.go.jp/43/index.php?action_kouhyou_detail_004_kani=true&JigyosyoCd=4373000548-00&ServiceCd=430&Type=search", "url2": null }, "geometry": { "type": "Point", "coordinates": [ 130.4937559, 32.2909587 ] } },
{ "type": "Feature", "properties": { "内容": "美里居宅介護支援事業所【居宅介護支援】熊本県葦北郡芦北町大字天月1337-1", "url": "https://www.kaigokensaku.mhlw.go.jp/43/index.php?action_kouhyou_detail_004_kani=true&JigyosyoCd=4373000605-00&ServiceCd=430&Type=search", "url2": "misato-zaitaku.com" }, "geometry": { "type": "Point", "coordinates": [ 130.581433, 32.2916863 ] } },
{ "type": "Feature", "properties": { "内容": "きずなの里【居宅介護支援】熊本県葦北郡芦北町大字湯浦1439番地1芦北町もやい直しセンター", "url": "https://www.kaigokensaku.mhlw.go.jp/43/index.php?action_kouhyou_detail_004_kani=true&JigyosyoCd=4373000639-00&ServiceCd=430&Type=search", "url2": "http://www.ashikita-shakyo.com" }, "geometry": { "type": "Point", "coordinates": [ 130.499624678434742, 32.271847441822203 ] } },
{ "type": "Feature", "properties": { "内容": "ゆうゆう居宅介護支援事業所【居宅介護支援】熊本県葦北郡津奈木町大字岩城88番地", "url": "https://www.kaigokensaku.mhlw.go.jp/43/index.php?action_kouhyou_detail_004_kani=true&JigyosyoCd=4373000761-00&ServiceCd=430&Type=search", "url2": null }, "geometry": { "type": "Point", "coordinates": [ 130.449515, 32.2346581 ] } },
{ "type": "Feature", "properties": { "内容": "あけぼの苑介護福祉サービスセンター【居宅介護支援】熊本県葦北郡津奈木町大字岩城1520番地", "url": "https://www.kaigokensaku.mhlw.go.jp/43/index.php?action_kouhyou_detail_004_kani=true&JigyosyoCd=4373000324-00&ServiceCd=430&Type=search", "url2": "akebonoen.or.jp" }, "geometry": { "type": "Point", "coordinates": [ 130.455284300000017, 32.2282589 ] } },
{ "type": "Feature", "properties": { "内容": "にしき園居宅介護支援事業所【居宅介護支援】熊本県球磨郡錦町大字木上北150-1", "url": "https://www.kaigokensaku.mhlw.go.jp/43/index.php?action_kouhyou_detail_004_kani=true&JigyosyoCd=4373100439-00&ServiceCd=430&Type=search", "url2": "http://nisikien.com" }, "geometry": { "type": "Point", "coordinates": [ 130.813348761296254, 32.226109699376487 ] } },
{ "type": "Feature", "properties": { "内容": "ニチイケアセンターにしき【居宅介護支援】熊本県球磨郡錦町一武１６４１", "url": "https://www.kaigokensaku.mhlw.go.jp/43/index.php?action_kouhyou_detail_004_kani=true&JigyosyoCd=4373100819-00&ServiceCd=430&Type=search", "url2": "http://www.nichiigakkan.co.jp" }, "geometry": { "type": "Point", "coordinates": [ 130.834537400000045, 32.2023186 ] } },
{ "type": "Feature", "properties": { "内容": "ひまわりの里【居宅介護支援】熊本県球磨郡錦町一武2130-1", "url": "https://www.kaigokensaku.mhlw.go.jp/43/index.php?action_kouhyou_detail_004_kani=true&JigyosyoCd=4373101049-00&ServiceCd=430&Type=search", "url2": null }, "geometry": { "type": "Point", "coordinates": [ 130.8484727, 32.2034272 ] } },
{ "type": "Feature", "properties": { "内容": "多良木町居宅介護支援事業所【居宅介護支援】熊本県球磨郡多良木町大字多良木1571番地1", "url": "https://www.kaigokensaku.mhlw.go.jp/43/index.php?action_kouhyou_detail_004_kani=true&JigyosyoCd=4373100330-00&ServiceCd=430&Type=search", "url2": "http://taragi-shakyo.or.jp/" }, "geometry": { "type": "Point", "coordinates": [ 130.934786600000052, 32.262167 ] } },
{ "type": "Feature", "properties": { "内容": "あずみ野居宅介護支援始業所【居宅介護支援】熊本県球磨郡多良木町多良木２５７－１", "url": "https://www.kaigokensaku.mhlw.go.jp/43/index.php?action_kouhyou_detail_004_kani=true&JigyosyoCd=4373100694-00&ServiceCd=430&Type=search", "url2": "http://azumino.k-vihara.jp" }, "geometry": { "type": "Point", "coordinates": [ 130.943863400000026, 32.2666918 ] } },
{ "type": "Feature", "properties": { "内容": "球磨郡公立多良木病院企業団居宅介護支援事業所【居宅介護支援】熊本県球磨郡多良木町大字多良木4210番地", "url": "https://www.kaigokensaku.mhlw.go.jp/43/index.php?action_kouhyou_detail_004_kani=true&JigyosyoCd=4373100702-00&ServiceCd=430&Type=search", "url2": null }, "geometry": { "type": "Point", "coordinates": [ 130.92531094351645, 32.254547798801902 ] } },
{ "type": "Feature", "properties": { "内容": "居宅介護支援事業所　寿楽【居宅介護支援】熊本県球磨郡多良木町多良木１３８８－２ヤマダビル", "url": "https://www.kaigokensaku.mhlw.go.jp/43/index.php?action_kouhyou_detail_004_kani=true&JigyosyoCd=4373101502-00&ServiceCd=430&Type=search", "url2": "https://www.juraku4jp.com/" }, "geometry": { "type": "Point", "coordinates": [ 130.9333306, 32.2601654 ] } },
{ "type": "Feature", "properties": { "内容": "医療法人社団仁田畑クリニック居宅介護支援事業所なごみ苑【居宅介護支援】熊本県球磨郡多良木町多良木８９５番地６", "url": "https://www.kaigokensaku.mhlw.go.jp/43/index.php?action_kouhyou_detail_004_kani=true&JigyosyoCd=4373101205-00&ServiceCd=430&Type=search", "url2": null }, "geometry": { "type": "Point", "coordinates": [ 130.938426216007997, 32.262616300395877 ] } },
{ "type": "Feature", "properties": { "内容": "社会福祉法人　湯前町社会福祉協議会【居宅介護支援】熊本県球磨郡湯前町１６９３番地３７", "url": "https://www.kaigokensaku.mhlw.go.jp/43/index.php?action_kouhyou_detail_004_kani=true&JigyosyoCd=4373100298-00&ServiceCd=430&Type=search", "url2": "http://www.yunomae-shakyo.com/" }, "geometry": { "type": "Point", "coordinates": [ 130.995970850245612, 32.272500994168638 ] } },
{ "type": "Feature", "properties": { "内容": "水上村居宅介護支援事業所【居宅介護支援】熊本県球磨郡水上村大字湯山１４８８番地", "url": "https://www.kaigokensaku.mhlw.go.jp/43/index.php?action_kouhyou_detail_004_kani=true&JigyosyoCd=4373100322-00&ServiceCd=430&Type=search", "url2": "https://www.mizukamishakyo.com" }, "geometry": { "type": "Point", "coordinates": [ 131.045209, 32.3220649 ] } },
{ "type": "Feature", "properties": { "内容": "居宅介護支援事業所　桜の里【居宅介護支援】熊本県球磨郡水上村大字岩野2658番地1", "url": "https://www.kaigokensaku.mhlw.go.jp/43/index.php?action_kouhyou_detail_004_kani=true&JigyosyoCd=4373100876-00&ServiceCd=430&Type=search", "url2": "http://oyakuen-g.or.jp/" }, "geometry": { "type": "Point", "coordinates": [ 130.985570899999971, 32.2937045 ] } },
{ "type": "Feature", "properties": { "内容": "居宅介護支援事業所　やすらぎの郷　樹里【居宅介護支援】熊本県球磨郡水上村大字岩野90番地2", "url": "https://www.kaigokensaku.mhlw.go.jp/43/index.php?action_kouhyou_detail_004_kani=true&JigyosyoCd=4373101510-00&ServiceCd=430&Type=search", "url2": null }, "geometry": { "type": "Point", "coordinates": [ 131.008799525794984, 32.31359650784443 ] } },
{ "type": "Feature", "properties": { "内容": "居宅介護支援事業所・やまぎり【居宅介護支援】熊本県球磨郡相良村大字川辺1778番地", "url": "https://www.kaigokensaku.mhlw.go.jp/43/index.php?action_kouhyou_detail_004_kani=true&JigyosyoCd=4373100348-00&ServiceCd=430&Type=search", "url2": "http://www.pe-toru.or.jp" }, "geometry": { "type": "Point", "coordinates": [ 130.815308730679106, 32.257075341942794 ] } },
{ "type": "Feature", "properties": { "内容": "ケアプラン結【居宅介護支援】熊本県球磨郡相良村大字川辺１６５４番地", "url": "https://www.kaigokensaku.mhlw.go.jp/43/index.php?action_kouhyou_detail_004_kani=true&JigyosyoCd=4373101544-00&ServiceCd=430&Type=search", "url2": null }, "geometry": { "type": "Point", "coordinates": [ 130.818466300000011, 32.2554025 ] } },
{ "type": "Feature", "properties": { "内容": "五木村社協介護サービスセンター【居宅介護支援】熊本県球磨郡五木村甲２６７２番地の４１", "url": "https://www.kaigokensaku.mhlw.go.jp/43/index.php?action_kouhyou_detail_004_kani=true&JigyosyoCd=4373100496-00&ServiceCd=430&Type=search", "url2": null }, "geometry": { "type": "Point", "coordinates": [ 130.82792459999996, 32.3985819 ] } },
{ "type": "Feature", "properties": { "内容": "居宅介護支援事業所　つつじのさと【居宅介護支援】熊本県球磨郡山江村大字山田乙1705番地", "url": "https://www.kaigokensaku.mhlw.go.jp/43/index.php?action_kouhyou_detail_004_kani=true&JigyosyoCd=4353180021-00&ServiceCd=430&Type=search", "url2": "https://mokkeikai.jp/" }, "geometry": { "type": "Point", "coordinates": [ 130.773075078725839, 32.242527941650359 ] } },
{ "type": "Feature", "properties": { "内容": "山江居宅介護支援事業所【居宅介護支援】熊本県球磨郡山江村大字山田甲1373番地の1山江村福祉保健センター「健康の駅」内", "url": "https://www.kaigokensaku.mhlw.go.jp/43/index.php?action_kouhyou_detail_004_kani=true&JigyosyoCd=4373100512-00&ServiceCd=430&Type=search", "url2": "http://yamae-shakyo.net/" }, "geometry": { "type": "Point", "coordinates": [ 130.767605799999956, 32.2461366 ] } },
{ "type": "Feature", "properties": { "内容": "居宅介護支援事業所千寿園【居宅介護支援】熊本県球磨郡球磨村大字渡乙1750番地", "url": "https://www.kaigokensaku.mhlw.go.jp/43/index.php?action_kouhyou_detail_004_kani=true&JigyosyoCd=4373100785-00&ServiceCd=430&Type=search", "url2": "http://care-net.biz/43/t-1010en/" }, "geometry": { "type": "Point", "coordinates": [ 130.705935899999986, 32.2553988 ] } },
{ "type": "Feature", "properties": { "内容": "球磨村居宅介護支援事業所【居宅介護支援】熊本県球磨郡球磨村大字一勝地乙１－５球磨村高齢者生活福祉センターせせらぎ", "url": "https://www.kaigokensaku.mhlw.go.jp/43/index.php?action_kouhyou_detail_004_kani=true&JigyosyoCd=4373100363-00&ServiceCd=430&Type=search", "url2": "https;//kumamura-shakyo.or.jp" }, "geometry": { "type": "Point", "coordinates": [ 130.646818899999971, 32.2451202 ] } },
{ "type": "Feature", "properties": { "内容": "あさぎりホーム居宅介護支援事業所【居宅介護支援】熊本県球磨郡あさぎり町岡原南77-1", "url": "https://www.kaigokensaku.mhlw.go.jp/43/index.php?action_kouhyou_detail_004_kani=true&JigyosyoCd=4373100793-00&ServiceCd=430&Type=search", "url2": null }, "geometry": { "type": "Point", "coordinates": [ 130.920527499999906, 32.2344414 ] } },
{ "type": "Feature", "properties": { "内容": "翠光園居宅介護支援事業所【居宅介護支援】熊本県球磨郡あさぎり町深田東字宝410番地", "url": "https://www.kaigokensaku.mhlw.go.jp/43/index.php?action_kouhyou_detail_004_kani=true&JigyosyoCd=4373100355-00&ServiceCd=430&Type=search", "url2": "http://suikou-en.com" }, "geometry": { "type": "Point", "coordinates": [ 130.873425499999939, 32.2456232 ] } },
{ "type": "Feature", "properties": { "内容": "JAくま指定居宅介護支援事業所【居宅介護支援】熊本県球磨郡あさぎり町須恵覚井827", "url": "https://www.kaigokensaku.mhlw.go.jp/43/index.php?action_kouhyou_detail_004_kani=true&JigyosyoCd=4373100686-00&ServiceCd=430&Type=search", "url2": "yuba1234-2@kma.kasias.or.jp" }, "geometry": { "type": "Point", "coordinates": [ 130.900523099999987, 32.2604251 ] } },
{ "type": "Feature", "properties": { "内容": "あさぎり町社会福祉協議会居宅介護支援事業所【居宅介護支援】熊本県球磨郡あさぎり町岡原北字天神929番地", "url": "https://www.kaigokensaku.mhlw.go.jp/43/index.php?action_kouhyou_detail_004_kani=true&JigyosyoCd=4373100843-00&ServiceCd=430&Type=search", "url2": "https://asagiri-shakyo.or.jp" }, "geometry": { "type": "Point", "coordinates": [ 130.929047158074383, 32.240087515244795 ] } },
{ "type": "Feature", "properties": { "内容": "居宅介護支援事業所　りゅうきんか【居宅介護支援】熊本県球磨郡あさぎり町免田東北築地3333番地３", "url": "https://www.kaigokensaku.mhlw.go.jp/43/index.php?action_kouhyou_detail_004_kani=true&JigyosyoCd=4373101247-00&ServiceCd=430&Type=search", "url2": "ryukinka.to.yo.kia.com" }, "geometry": { "type": "Point", "coordinates": [ 130.912799967098863, 32.249378574491125 ] } },
{ "type": "Feature", "properties": { "内容": "合同会社ひかり【居宅介護支援】熊本県球磨郡あさぎり町上北２３５７番地５９", "url": "https://www.kaigokensaku.mhlw.go.jp/43/index.php?action_kouhyou_detail_004_kani=true&JigyosyoCd=4373101411-00&ServiceCd=430&Type=search", "url2": null }, "geometry": { "type": "Point", "coordinates": [ 130.912369899999931, 32.2327749 ] } },
{ "type": "Feature", "properties": { "内容": "天草郡市医師会立　苓北医師会病院　居宅支援事業所【居宅介護支援】熊本県天草郡苓北町富岡３６００－３", "url": "https://www.kaigokensaku.mhlw.go.jp/43/index.php?action_kouhyou_detail_004_kani=true&JigyosyoCd=4313211361-00&ServiceCd=430&Type=search", "url2": "reihokuishikaihospital.server-shared.com/" }, "geometry": { "type": "Point", "coordinates": [ 130.041913199999954, 32.5117813 ] } },
{ "type": "Feature", "properties": { "内容": "ケアプランサービスJCS２４【居宅介護支援】熊本県天草郡苓北町上津深江278-10", "url": "https://www.kaigokensaku.mhlw.go.jp/43/index.php?action_kouhyou_detail_004_kani=true&JigyosyoCd=4313211809-00&ServiceCd=430&Type=search", "url2": "http://www.inahokai.com/homemed/zaitaku.html" }, "geometry": { "type": "Point", "coordinates": [ 130.067922599999946, 32.5170923 ] } },
{ "type": "Feature", "properties": { "内容": "ケアプランサービス　楽洋３６５【居宅介護支援】熊本県天草郡苓北町上津深江230-1", "url": "https://www.kaigokensaku.mhlw.go.jp/43/index.php?action_kouhyou_detail_004_kani=true&JigyosyoCd=4373200361-00&ServiceCd=430&Type=search", "url2": "http://jiseikai.amakusa-web.jp" }, "geometry": { "type": "Point", "coordinates": [ 130.067519899999979, 32.5148758 ] } },
{ "type": "Feature", "properties": { "内容": "苓北クリニック介護支援センター【居宅介護支援】熊本県天草郡苓北町富岡3273番地2", "url": "https://www.kaigokensaku.mhlw.go.jp/43/index.php?action_kouhyou_detail_004_kani=true&JigyosyoCd=4373201302-00&ServiceCd=430&Type=search", "url2": "E-mail:reihok-kyo@shirt.ocn.ne.jp" }, "geometry": { "type": "Point", "coordinates": [ 130.0388437, 32.5124096 ] } },
{ "type": "Feature", "properties": { "内容": "居宅介護支援事業所　あこうの木【居宅介護支援】熊本県天草郡苓北町坂瀬川3762番地1", "url": "https://www.kaigokensaku.mhlw.go.jp/43/index.php?action_kouhyou_detail_004_kani=true&JigyosyoCd=4373201294-00&ServiceCd=430&Type=search", "url2": null }, "geometry": { "type": "Point", "coordinates": [ 130.092573200000061, 32.5288885 ] } }
]
}
