{
"type": "FeatureCollection",
"name": "geo_43_訪問介護",
"crs": { "type": "name", "properties": { "name": "urn:ogc:def:crs:OGC:1.3:CRS84" } },
"features": [
{ "type": "Feature", "properties": { "内容": "株式会社フォーサイト【訪問介護】熊本県熊本市中央区京町１丁目1-12", "url": "https://www.kaigokensaku.mhlw.go.jp/43/index.php?action_kouhyou_detail_004_kani=true&JigyosyoCd=4370111652-00&ServiceCd=110&Type=search", "url2": null }, "geometry": { "type": "Point", "coordinates": [ 130.70515249999994, 32.8103913 ] } },
{ "type": "Feature", "properties": { "内容": "ホームヘルプサービスセンター福寿苑【訪問介護】熊本市大江４丁目７番３６号", "url": "https://www.kaigokensaku.mhlw.go.jp/43/index.php?action_kouhyou_detail_004_kani=true&JigyosyoCd=4370104343-00&ServiceCd=110&Type=search", "url2": null }, "geometry": { "type": "Point", "coordinates": [ 130.720426099999941, 32.8016064 ] } },
{ "type": "Feature", "properties": { "内容": "げんき介護　神水【訪問介護】熊本市神水1-38-35鎌田ビル１０２号", "url": "https://www.kaigokensaku.mhlw.go.jp/43/index.php?action_kouhyou_detail_004_kani=true&JigyosyoCd=4370104145-00&ServiceCd=110&Type=search", "url2": "http://www.elderly.jp/inq_form.html" }, "geometry": { "type": "Point", "coordinates": [ 130.745661499999983, 32.7875716 ] } },
{ "type": "Feature", "properties": { "内容": "訪問介護サービスミルキーウェイ【訪問介護】熊本市中央区大江1丁目27-16", "url": "https://www.kaigokensaku.mhlw.go.jp/43/index.php?action_kouhyou_detail_004_kani=true&JigyosyoCd=4370103923-00&ServiceCd=110&Type=search", "url2": null }, "geometry": { "type": "Point", "coordinates": [ 130.7269202, 32.8068699 ] } },
{ "type": "Feature", "properties": { "内容": "アースサポート熊本【訪問介護】熊本県熊本市中央区白山2丁目1番1号", "url": "https://www.kaigokensaku.mhlw.go.jp/43/index.php?action_kouhyou_detail_004_kani=true&JigyosyoCd=4370106637-00&ServiceCd=110&Type=search", "url2": "http://www.earthsupport.co.jp" }, "geometry": { "type": "Point", "coordinates": [ 130.725103799999943, 32.7944432 ] } },
{ "type": "Feature", "properties": { "内容": "ライフサポートきらる【訪問介護】熊本県熊本市中央区大江三丁目４番４８号ロイヤルハイツ熊本B-101", "url": "https://www.kaigokensaku.mhlw.go.jp/43/index.php?action_kouhyou_detail_004_kani=true&JigyosyoCd=4370108344-00&ServiceCd=110&Type=search", "url2": "http://chiral.jimdo.com/" }, "geometry": { "type": "Point", "coordinates": [ 130.723700866270406, 32.801333846136671 ] } },
{ "type": "Feature", "properties": { "内容": "ヘルパーステーションのぞみ【訪問介護】熊本県熊本市中央区本荘3丁目８番２１号瀬口ビル3階", "url": "https://www.kaigokensaku.mhlw.go.jp/43/index.php?action_kouhyou_detail_004_kani=true&JigyosyoCd=4370101034-00&ServiceCd=110&Type=search", "url2": "http://sugimurakai.jp/" }, "geometry": { "type": "Point", "coordinates": [ 130.708686677909782, 32.794231154553955 ] } },
{ "type": "Feature", "properties": { "内容": "学研ココファン水前寺ヘルパーセンター【訪問介護】熊本市中央区出水1-8-20", "url": "https://www.kaigokensaku.mhlw.go.jp/43/index.php?action_kouhyou_detail_004_kani=true&JigyosyoCd=4370108823-00&ServiceCd=110&Type=search", "url2": null }, "geometry": { "type": "Point", "coordinates": [ 130.735367499999938, 32.7873383 ] } },
{ "type": "Feature", "properties": { "内容": "社会福祉法人　グリーンコープ　ふくしサービスセンター　なないろ【訪問介護】熊本市中央区水前寺３丁目43-31", "url": "https://www.kaigokensaku.mhlw.go.jp/43/index.php?action_kouhyou_detail_004_kani=true&JigyosyoCd=4370104277-00&ServiceCd=110&Type=search", "url2": "http://www.fukushi-greencoop.or.jp" }, "geometry": { "type": "Point", "coordinates": [ 130.735933899999964, 32.800162200000017 ] } },
{ "type": "Feature", "properties": { "内容": "ヘルパーステーションそら【訪問介護】熊本県熊本市中央区新大江3丁目17-3ヘルパーシュテーションそら", "url": "https://www.kaigokensaku.mhlw.go.jp/43/index.php?action_kouhyou_detail_004_kani=true&JigyosyoCd=4370107478-00&ServiceCd=110&Type=search", "url2": "http://www.kyushukaigo.com/sora/" }, "geometry": { "type": "Point", "coordinates": [ 130.739205022090118, 32.804520817843155 ] } },
{ "type": "Feature", "properties": { "内容": "福々ヘルパーステーション【訪問介護】熊本県熊本市中央区帯山３丁目４１番２７号", "url": "https://www.kaigokensaku.mhlw.go.jp/43/index.php?action_kouhyou_detail_004_kani=true&JigyosyoCd=4370104442-00&ServiceCd=110&Type=search", "url2": null }, "geometry": { "type": "Point", "coordinates": [ 130.7509195, 32.7976235 ] } },
{ "type": "Feature", "properties": { "内容": "ケアステーションNoa【訪問介護】熊本県熊本市北区龍田8丁目4番27", "url": "https://www.kaigokensaku.mhlw.go.jp/43/index.php?action_kouhyou_detail_004_kani=true&JigyosyoCd=4370114417-00&ServiceCd=110&Type=search", "url2": "https://www.carestation-noa.com/" }, "geometry": { "type": "Point", "coordinates": [ 130.7576501, 32.839065600000019 ] } },
{ "type": "Feature", "properties": { "内容": "訪問介護ステーションおびやま【訪問介護】熊本県熊本市中央区帯山4丁目3番13号", "url": "https://www.kaigokensaku.mhlw.go.jp/43/index.php?action_kouhyou_detail_004_kani=true&JigyosyoCd=4370100515-00&ServiceCd=110&Type=search", "url2": "http://obiyama-ct.com" }, "geometry": { "type": "Point", "coordinates": [ 130.749153979762269, 32.800161282000033 ] } },
{ "type": "Feature", "properties": { "内容": "しょうぶ苑　ホームヘルプステーション【訪問介護】熊本市水前寺3丁目13番10号", "url": "https://www.kaigokensaku.mhlw.go.jp/43/index.php?action_kouhyou_detail_004_kani=true&JigyosyoCd=4370104889-00&ServiceCd=110&Type=search", "url2": "http://www.shoubuen.com/" }, "geometry": { "type": "Point", "coordinates": [ 130.733830880658388, 32.797214208889997 ] } },
{ "type": "Feature", "properties": { "内容": "ヘルパーステーション正直家【訪問介護】中央区帯山七丁目１番３５号谷崎ＭＡクリニック附属帯山在宅総合ケアセンター", "url": "https://www.kaigokensaku.mhlw.go.jp/43/index.php?action_kouhyou_detail_004_kani=true&JigyosyoCd=4370108153-00&ServiceCd=110&Type=search", "url2": "https://syojikiya-ma.com/elderly-housing/" }, "geometry": { "type": "Point", "coordinates": [ 130.759303927883451, 32.804957091342509 ] } },
{ "type": "Feature", "properties": { "内容": "げんき介護　神水【訪問介護】熊本県熊本市中央区神水１丁目３８－３５鎌田ビル１０２", "url": "https://www.kaigokensaku.mhlw.go.jp/43/index.php?action_kouhyou_detail_004_kani=true&JigyosyoCd=4370113666-00&ServiceCd=110&Type=search", "url2": "www.elderly.jp" }, "geometry": { "type": "Point", "coordinates": [ 130.7456627, 32.787586 ] } },
{ "type": "Feature", "properties": { "内容": "つばき園訪問介護ステーション【訪問介護】本山3-5-15つばき園", "url": "https://www.kaigokensaku.mhlw.go.jp/43/index.php?action_kouhyou_detail_004_kani=true&JigyosyoCd=4370114086-00&ServiceCd=110&Type=search", "url2": null }, "geometry": { "type": "Point", "coordinates": [ 130.6946376, 32.7882721 ] } },
{ "type": "Feature", "properties": { "内容": "訪問介護事業所　エミール【訪問介護】熊本市中央区出水６丁目２０番１１号", "url": "https://www.kaigokensaku.mhlw.go.jp/43/index.php?action_kouhyou_detail_004_kani=true&JigyosyoCd=4370107692-00&ServiceCd=110&Type=search", "url2": null }, "geometry": { "type": "Point", "coordinates": [ 130.720950312952823, 32.781955827971274 ] } },
{ "type": "Feature", "properties": { "内容": "インターケア訪問介護ステーション【訪問介護】熊本市中央区島崎１丁目３２番１８号", "url": "https://www.kaigokensaku.mhlw.go.jp/43/index.php?action_kouhyou_detail_004_kani=true&JigyosyoCd=4370100085-00&ServiceCd=110&Type=search", "url2": "http://www.intercare.co.jp/" }, "geometry": { "type": "Point", "coordinates": [ 130.691134299999931, 32.802511 ] } },
{ "type": "Feature", "properties": { "内容": "南楓苑ヘルパーステーション【訪問介護】熊本市中央区南熊本２丁目11-1", "url": "https://www.kaigokensaku.mhlw.go.jp/43/index.php?action_kouhyou_detail_004_kani=true&JigyosyoCd=4370100952-00&ServiceCd=110&Type=search", "url2": "https://nanpu-en.jp/" }, "geometry": { "type": "Point", "coordinates": [ 130.711996699999986, 32.788699 ] } },
{ "type": "Feature", "properties": { "内容": "湧心苑ヘルパーステーション【訪問介護】熊本市中央区出水１丁目４番２１号ふれあい館2F", "url": "https://www.kaigokensaku.mhlw.go.jp/43/index.php?action_kouhyou_detail_004_kani=true&JigyosyoCd=4370101554-00&ServiceCd=110&Type=search", "url2": "http://www.toueikai.or.jp/" }, "geometry": { "type": "Point", "coordinates": [ 130.732959199999982, 32.7875216 ] } },
{ "type": "Feature", "properties": { "内容": "グリーンバード水前寺公園　訪問介護事業所【訪問介護】熊本県熊本市中央区上水前寺１丁目9-20第4宝生ビル201", "url": "https://www.kaigokensaku.mhlw.go.jp/43/index.php?action_kouhyou_detail_004_kani=true&JigyosyoCd=4370113237-00&ServiceCd=110&Type=search", "url2": "https://shuhokai.info/" }, "geometry": { "type": "Point", "coordinates": [ 130.742445447225549, 32.793190419951365 ] } },
{ "type": "Feature", "properties": { "内容": "家族倶楽部【訪問介護】熊本市中央区出水4丁目２９－１８", "url": "https://www.kaigokensaku.mhlw.go.jp/43/index.php?action_kouhyou_detail_004_kani=true&JigyosyoCd=4370105480-00&ServiceCd=110&Type=search", "url2": "souen-kumamoto.com" }, "geometry": { "type": "Point", "coordinates": [ 130.73001279999994, 32.765929100000029 ] } },
{ "type": "Feature", "properties": { "内容": "エミプラスケアステーション【訪問介護】渡鹿3丁目14-16　大阿蘇ハイツ１階１号室大阿蘇ハイツ1階１号室", "url": "https://www.kaigokensaku.mhlw.go.jp/43/index.php?action_kouhyou_detail_004_kani=true&JigyosyoCd=4370114581-00&ServiceCd=110&Type=search", "url2": "https://www.emiplus-care.com/" }, "geometry": { "type": "Point", "coordinates": [ 130.7389521, 32.8056666 ] } },
{ "type": "Feature", "properties": { "内容": "ヘルパーステーション　なでしこ【訪問介護】熊本市中央区北千反畑町2-2　2F", "url": "https://www.kaigokensaku.mhlw.go.jp/43/index.php?action_kouhyou_detail_004_kani=true&JigyosyoCd=4370103469-00&ServiceCd=110&Type=search", "url2": "http://www.kiseikai.or.jp/" }, "geometry": { "type": "Point", "coordinates": [ 130.715768199999957, 32.808764 ] } },
{ "type": "Feature", "properties": { "内容": "ヘルパーステーション　はなもも【訪問介護】熊本県熊本市中央区帯山３丁目１６番１８号メモリーハイツ１０１号", "url": "https://www.kaigokensaku.mhlw.go.jp/43/index.php?action_kouhyou_detail_004_kani=true&JigyosyoCd=4370108997-00&ServiceCd=110&Type=search", "url2": "ｑｑｎｘ6ｔｔ9K＠eagle.ocn.ne.jp" }, "geometry": { "type": "Point", "coordinates": [ 130.751297300000033, 32.7999372 ] } },
{ "type": "Feature", "properties": { "内容": "特定非営利活動法人　ライフサポートすみれ【訪問介護】熊本市中央区渡鹿6丁目10番79号", "url": "https://www.kaigokensaku.mhlw.go.jp/43/index.php?action_kouhyou_detail_004_kani=true&JigyosyoCd=4370103881-00&ServiceCd=110&Type=search", "url2": null }, "geometry": { "type": "Point", "coordinates": [ 130.736019899999974, 32.8120611 ] } },
{ "type": "Feature", "properties": { "内容": "フォレスト熊本【訪問介護】熊本県熊本市中央区渡鹿5丁目1番37号", "url": "https://www.kaigokensaku.mhlw.go.jp/43/index.php?action_kouhyou_detail_004_kani=true&JigyosyoCd=4370100903-00&ServiceCd=110&Type=search", "url2": "http://www.kyouninkai.jp/forest/" }, "geometry": { "type": "Point", "coordinates": [ 130.730489196958928, 32.811405086393691 ] } },
{ "type": "Feature", "properties": { "内容": "マノリアル本荘訪問介護【訪問介護】熊本県熊本市中央区本荘５丁目10－23", "url": "https://www.kaigokensaku.mhlw.go.jp/43/index.php?action_kouhyou_detail_004_kani=true&JigyosyoCd=4370111074-00&ServiceCd=110&Type=search", "url2": "http://www.shunkokai.jp" }, "geometry": { "type": "Point", "coordinates": [ 130.704647199999954, 32.7928991 ] } },
{ "type": "Feature", "properties": { "内容": "熊本市社会福祉事業団　中央ヘルパー事業所【訪問介護】熊本市中央区壷川２丁目３番８５号", "url": "https://www.kaigokensaku.mhlw.go.jp/43/index.php?action_kouhyou_detail_004_kani=true&JigyosyoCd=4370111124-00&ServiceCd=110&Type=search", "url2": "http://ksfj.hinokuni-net.jp/" }, "geometry": { "type": "Point", "coordinates": [ 130.70940070000006, 32.8171376 ] } },
{ "type": "Feature", "properties": { "内容": "ヘルパーステーション　花鏡【訪問介護】熊本県熊本市中央区新大江3-13-18", "url": "https://www.kaigokensaku.mhlw.go.jp/43/index.php?action_kouhyou_detail_004_kani=true&JigyosyoCd=4370112163-00&ServiceCd=110&Type=search", "url2": "hanakagami@kyouninkai.jp" }, "geometry": { "type": "Point", "coordinates": [ 130.740163326458742, 32.802939312627018 ] } },
{ "type": "Feature", "properties": { "内容": "在宅ステーション水前寺訪問介護事業所【訪問介護】熊本県熊本市中央区上水前寺１丁目６番５号", "url": "https://www.kaigokensaku.mhlw.go.jp/43/index.php?action_kouhyou_detail_004_kani=true&JigyosyoCd=4370101828-00&ServiceCd=110&Type=search", "url2": "http://www.tohya.or.jp/homecare/visitcare.html" }, "geometry": { "type": "Point", "coordinates": [ 130.742962642852717, 32.794307000035062 ] } },
{ "type": "Feature", "properties": { "内容": "訪問介護事業所　けやき苑【訪問介護】熊本市中央区萩原町9番52号日隈病院", "url": "https://www.kaigokensaku.mhlw.go.jp/43/index.php?action_kouhyou_detail_004_kani=true&JigyosyoCd=4370103972-00&ServiceCd=110&Type=search", "url2": "https://hinokuma.or.jp" }, "geometry": { "type": "Point", "coordinates": [ 130.709463225131231, 32.780704716877359 ] } },
{ "type": "Feature", "properties": { "内容": "笑顔の広場水前寺【訪問介護】水前寺五丁目18番13号フレール水前寺１階", "url": "https://www.kaigokensaku.mhlw.go.jp/43/index.php?action_kouhyou_detail_004_kani=true&JigyosyoCd=4370108351-00&ServiceCd=110&Type=search", "url2": "http://www.egao-home.com" }, "geometry": { "type": "Point", "coordinates": [ 130.739113804446447, 32.796387172048014 ] } },
{ "type": "Feature", "properties": { "内容": "笑顔の広場　健軍【訪問介護】熊本県熊本市中央区水前寺6丁目46-15ラ・スゥールジュヌ302号", "url": "https://www.kaigokensaku.mhlw.go.jp/43/index.php?action_kouhyou_detail_004_kani=true&JigyosyoCd=4370111462-00&ServiceCd=110&Type=search", "url2": "http://www.egao-home.com" }, "geometry": { "type": "Point", "coordinates": [ 130.74407290082371, 32.791651708242568 ] } },
{ "type": "Feature", "properties": { "内容": "訪問介護ステーション木春熊本東【訪問介護】熊本県熊本市中央区三郎1丁目6-13", "url": "https://www.kaigokensaku.mhlw.go.jp/43/index.php?action_kouhyou_detail_004_kani=true&JigyosyoCd=4370115463-00&ServiceCd=110&Type=search", "url2": null }, "geometry": { "type": "Point", "coordinates": [ 130.757414081614684, 32.799732370966062 ] } },
{ "type": "Feature", "properties": { "内容": "ヘルパーステーションしもかわ【訪問介護】熊本県熊本市中央区九品寺3丁目17番63号", "url": "https://www.kaigokensaku.mhlw.go.jp/43/index.php?action_kouhyou_detail_004_kani=true&JigyosyoCd=4370116644-00&ServiceCd=110&Type=search", "url2": null }, "geometry": { "type": "Point", "coordinates": [ 130.7177581, 32.794711 ] } },
{ "type": "Feature", "properties": { "内容": "ニチイケアセンターけいとく【訪問介護】熊本市中央区細工町１－５１スコーレビル１Ｆ　Ｄ室", "url": "https://www.kaigokensaku.mhlw.go.jp/43/index.php?action_kouhyou_detail_004_kani=true&JigyosyoCd=4370103915-00&ServiceCd=110&Type=search", "url2": null }, "geometry": { "type": "Point", "coordinates": [ 130.695931300000012, 32.7975625 ] } },
{ "type": "Feature", "properties": { "内容": "ヘルパーステーションおはな【訪問介護】中央区白山2丁目11-16高齢者複合施設おはな", "url": "https://www.kaigokensaku.mhlw.go.jp/43/index.php?action_kouhyou_detail_004_kani=true&JigyosyoCd=4370108831-00&ServiceCd=110&Type=search", "url2": "ｈｔｔｐ；//www.maedakai.com" }, "geometry": { "type": "Point", "coordinates": [ 130.7227206, 32.7928712 ] } },
{ "type": "Feature", "properties": { "内容": "セントケア熊本駅前【訪問介護】熊本県熊本市中央区十禅寺１丁目３－１", "url": "https://www.kaigokensaku.mhlw.go.jp/43/index.php?action_kouhyou_detail_004_kani=true&JigyosyoCd=4370106124-00&ServiceCd=110&Type=search", "url2": null }, "geometry": { "type": "Point", "coordinates": [ 130.695595700000013, 32.7801493 ] } },
{ "type": "Feature", "properties": { "内容": "セントケア熊本【訪問介護】熊本県熊本市中央区帯山3丁目18-42エルグランド帯山Ⅰ　1F-B号室", "url": "https://www.kaigokensaku.mhlw.go.jp/43/index.php?action_kouhyou_detail_004_kani=true&JigyosyoCd=4370106090-00&ServiceCd=110&Type=search", "url2": null }, "geometry": { "type": "Point", "coordinates": [ 130.752837100788639, 32.800162576308821 ] } },
{ "type": "Feature", "properties": { "内容": "ヘルパーステーションぽぽろ【訪問介護】熊本市中央区八王寺町12番37号", "url": "https://www.kaigokensaku.mhlw.go.jp/43/index.php?action_kouhyou_detail_004_kani=true&JigyosyoCd=4370113492-00&ServiceCd=110&Type=search", "url2": "http://popolohouse.com" }, "geometry": { "type": "Point", "coordinates": [ 130.715507500000058, 32.7834963 ] } },
{ "type": "Feature", "properties": { "内容": "熊本市介護支援センター　はあと・ステーション【訪問介護】坪井2丁目4番25号第2平田ビル　3階", "url": "https://www.kaigokensaku.mhlw.go.jp/43/index.php?action_kouhyou_detail_004_kani=true&JigyosyoCd=4370115034-00&ServiceCd=110&Type=search", "url2": "osamu19531028@yahoo.co.jp" }, "geometry": { "type": "Point", "coordinates": [ 130.7146275, 32.8091202 ] } },
{ "type": "Feature", "properties": { "内容": "リデルホーム浄行寺訪問介護事業所【訪問介護】熊本県熊本市中央区薬園町２番１号", "url": "https://www.kaigokensaku.mhlw.go.jp/43/index.php?action_kouhyou_detail_004_kani=true&JigyosyoCd=4370101059-00&ServiceCd=110&Type=search", "url2": "http://riddell-wright.com/" }, "geometry": { "type": "Point", "coordinates": [ 130.71626651326369, 32.813580433282084 ] } },
{ "type": "Feature", "properties": { "内容": "熊本市医師会在宅ケアセンター訪問介護ステーション【訪問介護】熊本県熊本市中央区本荘5丁目16番10号", "url": "https://www.kaigokensaku.mhlw.go.jp/43/index.php?action_kouhyou_detail_004_kani=true&JigyosyoCd=4370101521-00&ServiceCd=110&Type=search", "url2": "https://zaitaku.city.kumamoto.med.or.jp/" }, "geometry": { "type": "Point", "coordinates": [ 130.70824970000001, 32.7938512 ] } },
{ "type": "Feature", "properties": { "内容": "春うららホームヘルプサービス【訪問介護】中央区帯山３丁目53-12春うらら", "url": "https://www.kaigokensaku.mhlw.go.jp/43/index.php?action_kouhyou_detail_004_kani=true&JigyosyoCd=4370109763-00&ServiceCd=110&Type=search", "url2": "www.kcc-fukushi.co.jp" }, "geometry": { "type": "Point", "coordinates": [ 130.751050099999929, 32.796743 ] } },
{ "type": "Feature", "properties": { "内容": "ワンハート　ウェルフェア【訪問介護】熊本市中央区出水四丁目14番10号", "url": "https://www.kaigokensaku.mhlw.go.jp/43/index.php?action_kouhyou_detail_004_kani=true&JigyosyoCd=4370112981-00&ServiceCd=110&Type=search", "url2": null }, "geometry": { "type": "Point", "coordinates": [ 130.733023300000013, 32.7810083 ] } },
{ "type": "Feature", "properties": { "内容": "クマタクケアセンター【訪問介護】熊本市中央区中央街4-23クマタクビル5階", "url": "https://www.kaigokensaku.mhlw.go.jp/43/index.php?action_kouhyou_detail_004_kani=true&JigyosyoCd=4370102677-00&ServiceCd=110&Type=search", "url2": "https://www.kumataku.com" }, "geometry": { "type": "Point", "coordinates": [ 130.710034896633942, 32.800395603184235 ] } },
{ "type": "Feature", "properties": { "内容": "ヘルパーステーション創幸【訪問介護】熊本県熊本市中央区九品寺３丁目１７番２４号九品寺Ｍ・IIビル１階", "url": "https://www.kaigokensaku.mhlw.go.jp/43/index.php?action_kouhyou_detail_004_kani=true&JigyosyoCd=4370106017-00&ServiceCd=110&Type=search", "url2": null }, "geometry": { "type": "Point", "coordinates": [ 130.71721, 32.7927793 ] } },
{ "type": "Feature", "properties": { "内容": "訪問介護事業所　とまり木【訪問介護】熊本県熊本市中央区新町1丁目7番9号－１サービス付き高齢者向け住宅「福朗」", "url": "https://www.kaigokensaku.mhlw.go.jp/43/index.php?action_kouhyou_detail_004_kani=true&JigyosyoCd=4370110290-00&ServiceCd=110&Type=search", "url2": "https://village-h.info" }, "geometry": { "type": "Point", "coordinates": [ 130.697376850926247, 32.803339787104861 ] } },
{ "type": "Feature", "properties": { "内容": "訪問介護事業所　やまざくら【訪問介護】熊本県熊本市中央区九品寺5丁目2-47", "url": "https://www.kaigokensaku.mhlw.go.jp/43/index.php?action_kouhyou_detail_004_kani=true&JigyosyoCd=4370112825-00&ServiceCd=110&Type=search", "url2": "https://www.meikyou-yamazakura.com" }, "geometry": { "type": "Point", "coordinates": [ 130.717559026362636, 32.792486265928751 ] } },
{ "type": "Feature", "properties": { "内容": "訪問介護　サン・ケア【訪問介護】熊本県熊本市中央区本山４丁目6-30-201", "url": "https://www.kaigokensaku.mhlw.go.jp/43/index.php?action_kouhyou_detail_004_kani=true&JigyosyoCd=4370110860-00&ServiceCd=110&Type=search", "url2": null }, "geometry": { "type": "Point", "coordinates": [ 130.699735389688129, 32.790289090786331 ] } },
{ "type": "Feature", "properties": { "内容": "ヘルパーステーション　フォーマルケア夢【訪問介護】熊本県熊本市中央区出水7丁目89-20", "url": "https://www.kaigokensaku.mhlw.go.jp/43/index.php?action_kouhyou_detail_004_kani=true&JigyosyoCd=4370108773-00&ServiceCd=110&Type=search", "url2": null }, "geometry": { "type": "Point", "coordinates": [ 130.727369842675273, 32.773557763118767 ] } },
{ "type": "Feature", "properties": { "内容": "訪問介護ステーションwith【訪問介護】熊本県熊本市中央区新町1丁目７－７エクセルシオール新町２０１号室", "url": "https://www.kaigokensaku.mhlw.go.jp/43/index.php?action_kouhyou_detail_004_kani=true&JigyosyoCd=4370116354-00&ServiceCd=110&Type=search", "url2": null }, "geometry": { "type": "Point", "coordinates": [ 130.69743170000001, 32.8034438 ] } },
{ "type": "Feature", "properties": { "内容": "訪問介護事業所すいぜんじ【訪問介護】熊本市中央区水前寺5丁目1番24号水前寺ハイム", "url": "https://www.kaigokensaku.mhlw.go.jp/43/index.php?action_kouhyou_detail_004_kani=true&JigyosyoCd=4370107726-00&ServiceCd=110&Type=search", "url2": "http://www.suizenji-heim.com/" }, "geometry": { "type": "Point", "coordinates": [ 130.73572511104507, 32.795777540831686 ] } },
{ "type": "Feature", "properties": { "内容": "ヘルパーステーション　八王寺通り【訪問介護】国府3丁目27番30号", "url": "https://www.kaigokensaku.mhlw.go.jp/43/index.php?action_kouhyou_detail_004_kani=true&JigyosyoCd=4370115158-00&ServiceCd=110&Type=search", "url2": "https://kumamoto-houjyukai.jp/carehome-hachioji/" }, "geometry": { "type": "Point", "coordinates": [ 130.719857100000013, 32.7868668 ] } },
{ "type": "Feature", "properties": { "内容": "ヘルパーステーションいこい【訪問介護】熊本市中央区国府本町6番43号", "url": "https://www.kaigokensaku.mhlw.go.jp/43/index.php?action_kouhyou_detail_004_kani=true&JigyosyoCd=4370104699-00&ServiceCd=110&Type=search", "url2": null }, "geometry": { "type": "Point", "coordinates": [ 130.720806870114103, 32.785952460654592 ] } },
{ "type": "Feature", "properties": { "内容": "ケアサポートぴあ【訪問介護】熊本県熊本市中央区白山2-1-17梅香園ビル1Ｆ", "url": "https://www.kaigokensaku.mhlw.go.jp/43/index.php?action_kouhyou_detail_004_kani=true&JigyosyoCd=4370113559-00&ServiceCd=110&Type=search", "url2": "http://cilhumannetworkkumamoto.web.fc2.com/index.htm" }, "geometry": { "type": "Point", "coordinates": [ 130.7249091, 32.794296 ] } },
{ "type": "Feature", "properties": { "内容": "学研ココファン藤崎の杜ヘルパーセンター【訪問介護】熊本県熊本市中央区井川淵町2-12ココファン藤崎の杜", "url": "https://www.kaigokensaku.mhlw.go.jp/43/index.php?action_kouhyou_detail_004_kani=true&JigyosyoCd=4370115539-00&ServiceCd=110&Type=search", "url2": "https://www.cocofump.co.jp/facilities/kumamotofujisakigu/" }, "geometry": { "type": "Point", "coordinates": [ 130.7186436, 32.807656 ] } },
{ "type": "Feature", "properties": { "内容": "学研ココファン神水ヘルパーセンター【訪問介護】熊本市中央区神水本町１３－１ココファン神水", "url": "https://www.kaigokensaku.mhlw.go.jp/43/index.php?action_kouhyou_detail_004_kani=true&JigyosyoCd=4370109060-00&ServiceCd=110&Type=search", "url2": "kuwamizu‐jimu@cocofump.co.jp" }, "geometry": { "type": "Point", "coordinates": [ 130.7388757, 32.782811 ] } },
{ "type": "Feature", "properties": { "内容": "エミタス在宅ケアセンター【訪問介護】熊本県熊本市中央区黒髪１丁目2-39", "url": "https://www.kaigokensaku.mhlw.go.jp/43/index.php?action_kouhyou_detail_004_kani=true&JigyosyoCd=4370110605-00&ServiceCd=110&Type=search", "url2": "http://kihara-hc.com" }, "geometry": { "type": "Point", "coordinates": [ 130.71783844423237, 32.814751156432962 ] } },
{ "type": "Feature", "properties": { "内容": "creare【訪問介護】熊本県熊本市中央区本山1丁目5番地１６", "url": "https://www.kaigokensaku.mhlw.go.jp/43/index.php?action_kouhyou_detail_004_kani=true&JigyosyoCd=4370114284-00&ServiceCd=110&Type=search", "url2": null }, "geometry": { "type": "Point", "coordinates": [ 130.6994877, 32.7907628 ] } },
{ "type": "Feature", "properties": { "内容": "学研ココファン水前寺公園ヘルパーセンター【訪問介護】水前寺１丁目24-1学研ココファン水前寺公園", "url": "https://www.kaigokensaku.mhlw.go.jp/43/index.php?action_kouhyou_detail_004_kani=true&JigyosyoCd=4370112262-00&ServiceCd=110&Type=search", "url2": null }, "geometry": { "type": "Point", "coordinates": [ 130.730917500000032, 32.792985 ] } },
{ "type": "Feature", "properties": { "内容": "ヘルパーステーション　われもこう【訪問介護】水前寺5-17-18アネシス水前寺1Fアネシス水前寺1F", "url": "https://www.kaigokensaku.mhlw.go.jp/43/index.php?action_kouhyou_detail_004_kani=true&JigyosyoCd=4370107395-00&ServiceCd=110&Type=search", "url2": "http://waremoko.jimdofree.com/" }, "geometry": { "type": "Point", "coordinates": [ 130.737689924485494, 32.796641613715884 ] } },
{ "type": "Feature", "properties": { "内容": "訪問介護ステーション　ケアベース【訪問介護】三郎1丁目1番80号", "url": "https://www.kaigokensaku.mhlw.go.jp/43/index.php?action_kouhyou_detail_004_kani=true&JigyosyoCd=4370114169-00&ServiceCd=110&Type=search", "url2": null }, "geometry": { "type": "Point", "coordinates": [ 130.7553826, 32.7997736 ] } },
{ "type": "Feature", "properties": { "内容": "訪問介護ステーション　ラシクアーレ【訪問介護】熊本県熊本市中央区琴平２丁目６−４４", "url": "https://www.kaigokensaku.mhlw.go.jp/43/index.php?action_kouhyou_detail_004_kani=true&JigyosyoCd=4370115224-00&ServiceCd=110&Type=search", "url2": "http://www.la-chic-ale.com/" }, "geometry": { "type": "Point", "coordinates": [ 130.7065684, 32.7857674 ] } },
{ "type": "Feature", "properties": { "内容": "訪問介護　ウォームケアおびやま【訪問介護】帯山7丁目2-72千田AP101", "url": "https://www.kaigokensaku.mhlw.go.jp/43/index.php?action_kouhyou_detail_004_kani=true&JigyosyoCd=4370111470-00&ServiceCd=110&Type=search", "url2": "http://warmcare-obiyama.jp/" }, "geometry": { "type": "Point", "coordinates": [ 130.753739977246141, 32.80862760509573 ] } },
{ "type": "Feature", "properties": { "内容": "移送サービス　さくら【訪問介護】熊本市中央区水前寺3丁目16-23-803", "url": "https://www.kaigokensaku.mhlw.go.jp/43/index.php?action_kouhyou_detail_004_kani=true&JigyosyoCd=4370104061-00&ServiceCd=110&Type=search", "url2": null }, "geometry": { "type": "Point", "coordinates": [ 130.734866161273089, 32.79735851435661 ] } },
{ "type": "Feature", "properties": { "内容": "ライフサポートシルキー【訪問介護】熊本県熊本市中央区小沢町３８番パティナ小沢町１階", "url": "https://www.kaigokensaku.mhlw.go.jp/43/index.php?action_kouhyou_detail_004_kani=true&JigyosyoCd=4370106868-00&ServiceCd=110&Type=search", "url2": null }, "geometry": { "type": "Point", "coordinates": [ 130.694303600000012, 32.7969477 ] } },
{ "type": "Feature", "properties": { "内容": "(株)ライフワン　ライフワン熊本ケアセンター【訪問介護】熊本市中央区新町2丁目12-26アンピールメゾン光助新町201", "url": "https://www.kaigokensaku.mhlw.go.jp/43/index.php?action_kouhyou_detail_004_kani=true&JigyosyoCd=4370106082-00&ServiceCd=110&Type=search", "url2": null }, "geometry": { "type": "Point", "coordinates": [ 130.6970407, 32.7987459 ] } },
{ "type": "Feature", "properties": { "内容": "学研ココファン新町【訪問介護】新町1-10-30", "url": "https://www.kaigokensaku.mhlw.go.jp/43/index.php?action_kouhyou_detail_004_kani=true&JigyosyoCd=4370112635-00&ServiceCd=110&Type=search", "url2": "http://www.cocofump.co.jp" }, "geometry": { "type": "Point", "coordinates": [ 136.931749800000034, 35.2260666 ] } },
{ "type": "Feature", "properties": { "内容": "ココファンおおえの灯り【訪問介護】大江3丁目10-36", "url": "https://www.kaigokensaku.mhlw.go.jp/43/index.php?action_kouhyou_detail_004_kani=true&JigyosyoCd=4370116792-00&ServiceCd=110&Type=search", "url2": "http://www,cocofump.co.jp" }, "geometry": { "type": "Point", "coordinates": [ 130.7269657, 32.8004572 ] } },
{ "type": "Feature", "properties": { "内容": "えがおライフ【訪問介護】熊本県熊本市中央区国府本町6-50", "url": "https://www.kaigokensaku.mhlw.go.jp/43/index.php?action_kouhyou_detail_004_kani=true&JigyosyoCd=4370115406-00&ServiceCd=110&Type=search", "url2": null }, "geometry": { "type": "Point", "coordinates": [ 130.720394585844417, 32.785566215006355 ] } },
{ "type": "Feature", "properties": { "内容": "学研ココファン上水前寺【訪問介護】熊本県熊本市中央区上水前寺1-10-7学研ココファン上水前寺", "url": "https://www.kaigokensaku.mhlw.go.jp/43/index.php?action_kouhyou_detail_004_kani=true&JigyosyoCd=4370115349-00&ServiceCd=110&Type=search", "url2": null }, "geometry": { "type": "Point", "coordinates": [ 130.743788599999988, 32.7932819 ] } },
{ "type": "Feature", "properties": { "内容": "ヘルパーステーションサニーゴ【訪問介護】熊本県熊本市中央区本荘三丁目４番１−９０１号　シティマンション代継橋", "url": "https://www.kaigokensaku.mhlw.go.jp/43/index.php?action_kouhyou_detail_004_kani=true&JigyosyoCd=4370116693-00&ServiceCd=110&Type=search", "url2": null }, "geometry": { "type": "Point", "coordinates": [ 130.708819, 32.7960194 ] } },
{ "type": "Feature", "properties": { "内容": "ボンセジュール水前寺ケアステーション【訪問介護】白山3丁目4番6号", "url": "https://www.kaigokensaku.mhlw.go.jp/43/index.php?action_kouhyou_detail_004_kani=true&JigyosyoCd=4370116917-00&ServiceCd=110&Type=search", "url2": "https://kaigo.benesse-style-care.co.jp/area_kumamoto/kumamoto/home_b-suizenji" }, "geometry": { "type": "Point", "coordinates": [ 139.7420778, 35.7197086 ] } },
{ "type": "Feature", "properties": { "内容": "グランダ水前寺ケアステーション【訪問介護】白山一丁目1番11号", "url": "https://www.kaigokensaku.mhlw.go.jp/43/index.php?action_kouhyou_detail_004_kani=true&JigyosyoCd=4370116537-00&ServiceCd=110&Type=search", "url2": "https://www.benesse-style-care.co.jp/" }, "geometry": { "type": "Point", "coordinates": [ 139.752440400000012, 35.7153084 ] } },
{ "type": "Feature", "properties": { "内容": "新生訪問介護事業所【訪問介護】熊本県熊本市中央区帯山3丁目12-7プロヴァンス帯山B1-2", "url": "https://www.kaigokensaku.mhlw.go.jp/43/index.php?action_kouhyou_detail_004_kani=true&JigyosyoCd=4370114722-00&ServiceCd=110&Type=search", "url2": "https://www.shinseihoumonkaigo.com/" }, "geometry": { "type": "Point", "coordinates": [ 130.749090968647209, 32.799575565155152 ] } },
{ "type": "Feature", "properties": { "内容": "ニチイケアセンター健軍【訪問介護】熊本県熊本市中央区水前寺6-27-20神水恵比須ビル101号", "url": "https://www.kaigokensaku.mhlw.go.jp/43/index.php?action_kouhyou_detail_004_kani=true&JigyosyoCd=4370101067-00&ServiceCd=110&Type=search", "url2": null }, "geometry": { "type": "Point", "coordinates": [ 130.743491117752114, 32.78801651307618 ] } },
{ "type": "Feature", "properties": { "内容": "訪問介護　リペア【訪問介護】熊本県熊本市中央区琴平本町3-59エスパシオ琴平Ⅱ-101", "url": "https://www.kaigokensaku.mhlw.go.jp/43/index.php?action_kouhyou_detail_004_kani=true&JigyosyoCd=4370115372-00&ServiceCd=110&Type=search", "url2": null }, "geometry": { "type": "Point", "coordinates": [ 130.7035665, 32.7893161 ] } },
{ "type": "Feature", "properties": { "内容": "訪問介護事業所　太陽の家【訪問介護】熊本市東区長嶺西２丁目７番８号サンパーク長嶺１０６号", "url": "https://www.kaigokensaku.mhlw.go.jp/43/index.php?action_kouhyou_detail_004_kani=true&JigyosyoCd=4370104392-00&ServiceCd=110&Type=search", "url2": null }, "geometry": { "type": "Point", "coordinates": [ 130.765463100000034, 32.8133362 ] } },
{ "type": "Feature", "properties": { "内容": "訪問介護事業所　ヴィラ・ながみね【訪問介護】熊本市東区長嶺南４丁目１２番６５号", "url": "https://www.kaigokensaku.mhlw.go.jp/43/index.php?action_kouhyou_detail_004_kani=true&JigyosyoCd=4370100705-00&ServiceCd=110&Type=search", "url2": "http://www.vira.or.jp" }, "geometry": { "type": "Point", "coordinates": [ 130.7749126, 32.8077953 ] } },
{ "type": "Feature", "properties": { "内容": "ヘルパーステーション　すずめ【訪問介護】熊本市東区画図東1丁目８－４８", "url": "https://www.kaigokensaku.mhlw.go.jp/43/index.php?action_kouhyou_detail_004_kani=true&JigyosyoCd=4370103501-00&ServiceCd=110&Type=search", "url2": "http://suzume.life.coocan.jp/" }, "geometry": { "type": "Point", "coordinates": [ 130.7485226, 32.768215 ] } },
{ "type": "Feature", "properties": { "内容": "コ・メディカルケアサポート　うさぎのかごや【訪問介護】熊本県熊本市東区長嶺東2丁目35-12", "url": "https://www.kaigokensaku.mhlw.go.jp/43/index.php?action_kouhyou_detail_004_kani=true&JigyosyoCd=4370113807-00&ServiceCd=110&Type=search", "url2": "http://usaginokagoya.web.fc2.com/" }, "geometry": { "type": "Point", "coordinates": [ 130.772991300000058, 32.8225301 ] } },
{ "type": "Feature", "properties": { "内容": "スマイルハウス【訪問介護】熊本県熊本市東区長嶺南2-7-91プリーズコート　Ｄ-102", "url": "https://www.kaigokensaku.mhlw.go.jp/43/index.php?action_kouhyou_detail_004_kani=true&JigyosyoCd=4370111058-00&ServiceCd=110&Type=search", "url2": null }, "geometry": { "type": "Point", "coordinates": [ 130.766511243499764, 32.809631871007021 ] } },
{ "type": "Feature", "properties": { "内容": "ホームケア土屋　熊本【訪問介護】熊本市東区花立２丁目11-29", "url": "https://www.kaigokensaku.mhlw.go.jp/43/index.php?action_kouhyou_detail_004_kani=true&JigyosyoCd=4370114995-00&ServiceCd=110&Type=search", "url2": "https://tcy.co.jp/" }, "geometry": { "type": "Point", "coordinates": [ 130.775431142982768, 32.779765181840006 ] } },
{ "type": "Feature", "properties": { "内容": "ふくし大夢訪問介護事業所【訪問介護】熊本市東区山ノ神1丁目４－１３", "url": "https://www.kaigokensaku.mhlw.go.jp/43/index.php?action_kouhyou_detail_004_kani=true&JigyosyoCd=4370102503-00&ServiceCd=110&Type=search", "url2": "http://fkstime.web.fc2.com" }, "geometry": { "type": "Point", "coordinates": [ 130.772221100000024, 32.7956324 ] } },
{ "type": "Feature", "properties": { "内容": "ケアセンターあど【訪問介護】熊本市花立3丁目１５－3", "url": "https://www.kaigokensaku.mhlw.go.jp/43/index.php?action_kouhyou_detail_004_kani=true&JigyosyoCd=4370103683-00&ServiceCd=110&Type=search", "url2": null }, "geometry": { "type": "Point", "coordinates": [ 130.773848030515296, 32.781768932126731 ] } },
{ "type": "Feature", "properties": { "内容": "ヘルパーステーション　ごりょうの里【訪問介護】戸島西２丁目6-97", "url": "https://www.kaigokensaku.mhlw.go.jp/43/index.php?action_kouhyou_detail_004_kani=true&JigyosyoCd=4370114003-00&ServiceCd=110&Type=search", "url2": "http://www.goryounosato.com" }, "geometry": { "type": "Point", "coordinates": [ 127.670339599999977, 26.214182400000038 ] } },
{ "type": "Feature", "properties": { "内容": "株式会社サンガジャパン西日本支社九州ブロックケアサポート南の風訪問介護事業【訪問介護】熊本県熊本市東区長嶺南3丁目8-58ながみね南翔裕館", "url": "https://www.kaigokensaku.mhlw.go.jp/43/index.php?action_kouhyou_detail_004_kani=true&JigyosyoCd=4370114649-00&ServiceCd=110&Type=search", "url2": null }, "geometry": { "type": "Point", "coordinates": [ 130.77140121548598, 32.811309730766922 ] } },
{ "type": "Feature", "properties": { "内容": "へるぱーすてーしょん　すすむ【訪問介護】榎町15-191", "url": "https://www.kaigokensaku.mhlw.go.jp/43/index.php?action_kouhyou_detail_004_kani=true&JigyosyoCd=4370113351-00&ServiceCd=110&Type=search", "url2": null }, "geometry": { "type": "Point", "coordinates": [ 130.7744682, 32.7939604 ] } },
{ "type": "Feature", "properties": { "内容": "訪問介護事業所ふきのとう【訪問介護】熊本市東区下南部２丁目15－11", "url": "https://www.kaigokensaku.mhlw.go.jp/43/index.php?action_kouhyou_detail_004_kani=true&JigyosyoCd=4370106157-00&ServiceCd=110&Type=search", "url2": "http://fukinotou.host/" }, "geometry": { "type": "Point", "coordinates": [ 130.75743030000001, 32.8263265 ] } },
{ "type": "Feature", "properties": { "内容": "訪問介護事業所　白川の里【訪問介護】熊本市東区戸島西2丁目4-50", "url": "https://www.kaigokensaku.mhlw.go.jp/43/index.php?action_kouhyou_detail_004_kani=true&JigyosyoCd=4370106793-00&ServiceCd=110&Type=search", "url2": "http://www.kaigocsc.co.jp/shirakawa/sato/homehelp.html" }, "geometry": { "type": "Point", "coordinates": [ 130.782531268086984, 32.812734654913882 ] } },
{ "type": "Feature", "properties": { "内容": "ヘルパーステーション　たくまだい熊本【訪問介護】熊本県熊本市東区尾ノ上１丁目14-27", "url": "https://www.kaigokensaku.mhlw.go.jp/43/index.php?action_kouhyou_detail_004_kani=true&JigyosyoCd=4370101679-00&ServiceCd=110&Type=search", "url2": "http://www.horio-kai.or.jp" }, "geometry": { "type": "Point", "coordinates": [ 130.751429690212944, 32.789886688307149 ] } },
{ "type": "Feature", "properties": { "内容": "訪問介護サービス・ハピネス【訪問介護】熊本県熊本市東区八反田１丁目１７番６８号", "url": "https://www.kaigokensaku.mhlw.go.jp/43/index.php?action_kouhyou_detail_004_kani=true&JigyosyoCd=4370102370-00&ServiceCd=110&Type=search", "url2": "http://www.anpex.com/happiness" }, "geometry": { "type": "Point", "coordinates": [ 130.759875023572903, 32.815033107184846 ] } },
{ "type": "Feature", "properties": { "内容": "スタイルケア【訪問介護】熊本県熊本市東区保田窪本町11番地11号", "url": "https://www.kaigokensaku.mhlw.go.jp/43/index.php?action_kouhyou_detail_004_kani=true&JigyosyoCd=4370115281-00&ServiceCd=110&Type=search", "url2": null }, "geometry": { "type": "Point", "coordinates": [ 130.7474348, 32.808857 ] } },
{ "type": "Feature", "properties": { "内容": "アネスト熊本訪問介護サービス【訪問介護】健軍2丁目6-11レグルスステージ101", "url": "https://www.kaigokensaku.mhlw.go.jp/43/index.php?action_kouhyou_detail_004_kani=true&JigyosyoCd=4370116495-00&ServiceCd=110&Type=search", "url2": null }, "geometry": { "type": "Point", "coordinates": [ 130.7489008, 32.7838455 ] } },
{ "type": "Feature", "properties": { "内容": "365けあ　KUMAMOTO【訪問介護】月出1丁目1番53号", "url": "https://www.kaigokensaku.mhlw.go.jp/43/index.php?action_kouhyou_detail_004_kani=true&JigyosyoCd=4370116461-00&ServiceCd=110&Type=search", "url2": null }, "geometry": { "type": "Point", "coordinates": [ 130.7616295, 32.8003544 ] } },
{ "type": "Feature", "properties": { "内容": "ケアサービス心晴【訪問介護】熊本市東区長嶺南４丁目4-28-105白馬レジデンス105", "url": "https://www.kaigokensaku.mhlw.go.jp/43/index.php?action_kouhyou_detail_004_kani=true&JigyosyoCd=4370116099-00&ServiceCd=110&Type=search", "url2": null }, "geometry": { "type": "Point", "coordinates": [ 130.7739776, 32.8104257 ] } },
{ "type": "Feature", "properties": { "内容": "有限会社ヘルパーステーション長嶺【訪問介護】熊本県熊本市東区八反田二丁目16-52", "url": "https://www.kaigokensaku.mhlw.go.jp/43/index.php?action_kouhyou_detail_004_kani=true&JigyosyoCd=4370103907-00&ServiceCd=110&Type=search", "url2": null }, "geometry": { "type": "Point", "coordinates": [ 130.76492727298583, 32.81809533675542 ] } },
{ "type": "Feature", "properties": { "内容": "社会福祉法人　グリーンコープ　ふくしサービスセンター　Ｓｕｎあい【訪問介護】熊本県熊本市長嶺東５丁目２４－１３", "url": "https://www.kaigokensaku.mhlw.go.jp/43/index.php?action_kouhyou_detail_004_kani=true&JigyosyoCd=4370104285-00&ServiceCd=110&Type=search", "url2": "http://www.greencoop.or.jp" }, "geometry": { "type": "Point", "coordinates": [ 130.776378799999947, 32.8257434 ] } },
{ "type": "Feature", "properties": { "内容": "ケアサービスほほえみ【訪問介護】熊本県熊本市東区八反田１丁目１６番５３号ローサ八反田A号室", "url": "https://www.kaigokensaku.mhlw.go.jp/43/index.php?action_kouhyou_detail_004_kani=true&JigyosyoCd=4370115075-00&ServiceCd=110&Type=search", "url2": null }, "geometry": { "type": "Point", "coordinates": [ 130.759487299999989, 32.8150212 ] } },
{ "type": "Feature", "properties": { "内容": "ふくし生協【訪問介護】熊本県熊本市東区長嶺西３丁目２－６６", "url": "https://www.kaigokensaku.mhlw.go.jp/43/index.php?action_kouhyou_detail_004_kani=true&JigyosyoCd=4370102073-00&ServiceCd=110&Type=search", "url2": "http://www.fukusi-seikyo.com/" }, "geometry": { "type": "Point", "coordinates": [ 130.769068400000037, 32.8146222 ] } },
{ "type": "Feature", "properties": { "内容": "ヘルパーステーション湧水の郷【訪問介護】熊本市東区江津３丁目４－１２Hagino51.BLD", "url": "https://www.kaigokensaku.mhlw.go.jp/43/index.php?action_kouhyou_detail_004_kani=true&JigyosyoCd=4370109235-00&ServiceCd=110&Type=search", "url2": "http://www.yusuinsato.com" }, "geometry": { "type": "Point", "coordinates": [ 130.73694800152316, 32.774751507072097 ] } },
{ "type": "Feature", "properties": { "内容": "ヘルパーステーションハーモニー【訪問介護】熊本市東区秋津町秋田171-3", "url": "https://www.kaigokensaku.mhlw.go.jp/43/index.php?action_kouhyou_detail_004_kani=true&JigyosyoCd=4370100994-00&ServiceCd=110&Type=search", "url2": "https://harmony-k.or.jp/" }, "geometry": { "type": "Point", "coordinates": [ 130.766274399999929, 32.7660569 ] } },
{ "type": "Feature", "properties": { "内容": "社会福祉法人　百八会　シルバーピアさくら樹　訪問介護事業所【訪問介護】熊本市東区佐土原３丁目12－26", "url": "https://www.kaigokensaku.mhlw.go.jp/43/index.php?action_kouhyou_detail_004_kani=true&JigyosyoCd=4370105001-00&ServiceCd=110&Type=search", "url2": "http://www.108Kai.com" }, "geometry": { "type": "Point", "coordinates": [ 130.782317700000021, 32.7952965 ] } },
{ "type": "Feature", "properties": { "内容": "たくまの里【訪問介護】熊本市東区御領1丁目１３－２６", "url": "https://www.kaigokensaku.mhlw.go.jp/43/index.php?action_kouhyou_detail_004_kani=true&JigyosyoCd=4370105985-00&ServiceCd=110&Type=search", "url2": "http://www.takumanosato.com/" }, "geometry": { "type": "Point", "coordinates": [ 130.76161060000004, 32.8217797 ] } },
{ "type": "Feature", "properties": { "内容": "ヘルパーステーション佳門【訪問介護】熊本市東区御領五丁目１番１号", "url": "https://www.kaigokensaku.mhlw.go.jp/43/index.php?action_kouhyou_detail_004_kani=true&JigyosyoCd=4370106249-00&ServiceCd=110&Type=search", "url2": "kamon0125@tenor.ocn.ne.jp" }, "geometry": { "type": "Point", "coordinates": [ 130.771857, 32.8239685 ] } },
{ "type": "Feature", "properties": { "内容": "御領ケアセンター【訪問介護】熊本県熊本市東区御領１丁目３番４１号", "url": "https://www.kaigokensaku.mhlw.go.jp/43/index.php?action_kouhyou_detail_004_kani=true&JigyosyoCd=4370101950-00&ServiceCd=110&Type=search", "url2": "http://www.sls-kumamoto.co.jp" }, "geometry": { "type": "Point", "coordinates": [ 130.7611078, 32.8192022 ] } },
{ "type": "Feature", "properties": { "内容": "西日本ケアセンター【訪問介護】熊本市東区八反田3丁目18－１", "url": "https://www.kaigokensaku.mhlw.go.jp/43/index.php?action_kouhyou_detail_004_kani=true&JigyosyoCd=4370106553-00&ServiceCd=110&Type=search", "url2": "hkaigo@nishininhon.or.jp" }, "geometry": { "type": "Point", "coordinates": [ 130.770906046627033, 32.82038672159409 ] } },
{ "type": "Feature", "properties": { "内容": "ヘルパーステーションくましき【訪問介護】熊本県熊本市東区尾ノ上１丁目１４－２５", "url": "https://www.kaigokensaku.mhlw.go.jp/43/index.php?action_kouhyou_detail_004_kani=true&JigyosyoCd=4370116586-00&ServiceCd=110&Type=search", "url2": "https://ataka-kaigo.jp/" }, "geometry": { "type": "Point", "coordinates": [ 130.7512755, 32.789713 ] } },
{ "type": "Feature", "properties": { "内容": "ヘルパーステーションまるもり【訪問介護】熊本県熊本市東区若葉1丁目35-17モリタビル２階", "url": "https://www.kaigokensaku.mhlw.go.jp/43/index.php?action_kouhyou_detail_004_kani=true&JigyosyoCd=4370114276-00&ServiceCd=110&Type=search", "url2": null }, "geometry": { "type": "Point", "coordinates": [ 130.7612972, 32.7768208 ] } },
{ "type": "Feature", "properties": { "内容": "ブロツサムはません【訪問介護】熊本県熊本市東区若葉一丁目33番16号", "url": "https://www.kaigokensaku.mhlw.go.jp/43/index.php?action_kouhyou_detail_004_kani=true&JigyosyoCd=4370108534-00&ServiceCd=110&Type=search", "url2": "hc-b.com" }, "geometry": { "type": "Point", "coordinates": [ 130.752190868401556, 32.782215692946359 ] } },
{ "type": "Feature", "properties": { "内容": "指定訪問介護　昭孝園【訪問介護】熊本県熊本市東区保田窪4丁目14番33サービス付き高齢者向け住宅　パーシモン保田窪", "url": "https://www.kaigokensaku.mhlw.go.jp/43/index.php?action_kouhyou_detail_004_kani=true&JigyosyoCd=4370113476-00&ServiceCd=110&Type=search", "url2": "http://www.shoukoen.com" }, "geometry": { "type": "Point", "coordinates": [ 130.7586509, 32.810768900000014 ] } },
{ "type": "Feature", "properties": { "内容": "赤とんぼ訪問介護事業所【訪問介護】熊本市東区戸島西２丁目３－１０", "url": "https://www.kaigokensaku.mhlw.go.jp/43/index.php?action_kouhyou_detail_004_kani=true&JigyosyoCd=4350180008-00&ServiceCd=110&Type=search", "url2": "http://www.jinseikai.or.jp/akatonbo" }, "geometry": { "type": "Point", "coordinates": [ 130.781067600000029, 32.8112451 ] } },
{ "type": "Feature", "properties": { "内容": "鶴友会訪問介護ステーション【訪問介護】熊本県熊本市東区保田窪本町10番112鶴翔苑　4Ｆ", "url": "https://www.kaigokensaku.mhlw.go.jp/43/index.php?action_kouhyou_detail_004_kani=true&JigyosyoCd=4370101562-00&ServiceCd=110&Type=search", "url2": "kakuhoumon@kakuyuukai.or.jp" }, "geometry": { "type": "Point", "coordinates": [ 130.74710570000002, 32.808017 ] } },
{ "type": "Feature", "properties": { "内容": "ヘルパーステーションクローバー【訪問介護】熊本県熊本市東区保田窪4丁目８－７", "url": "https://www.kaigokensaku.mhlw.go.jp/43/index.php?action_kouhyou_detail_004_kani=true&JigyosyoCd=4370112999-00&ServiceCd=110&Type=search", "url2": "http://qol4.com" }, "geometry": { "type": "Point", "coordinates": [ 130.753016900000034, 32.8087289 ] } },
{ "type": "Feature", "properties": { "内容": "ヘルパーステーション　たんぽぽ【訪問介護】熊本県熊本市東区御領2丁目2-1メゾンルミエール101号", "url": "https://www.kaigokensaku.mhlw.go.jp/43/index.php?action_kouhyou_detail_004_kani=true&JigyosyoCd=4370113153-00&ServiceCd=110&Type=search", "url2": "http://karin-eiseikai.com/" }, "geometry": { "type": "Point", "coordinates": [ 130.76499346945036, 32.820468631710206 ] } },
{ "type": "Feature", "properties": { "内容": "ホームヘルプサービスりりぃ【訪問介護】熊本県熊本市東区八反田2-14-54", "url": "https://www.kaigokensaku.mhlw.go.jp/43/index.php?action_kouhyou_detail_004_kani=true&JigyosyoCd=4370115182-00&ServiceCd=110&Type=search", "url2": "http://karin-eiseikai.com/lily/" }, "geometry": { "type": "Point", "coordinates": [ 130.7635578, 32.8185767 ] } },
{ "type": "Feature", "properties": { "内容": "真岳会訪問介護ステーション【訪問介護】熊本市東区保田窪5丁目9-84", "url": "https://www.kaigokensaku.mhlw.go.jp/43/index.php?action_kouhyou_detail_004_kani=true&JigyosyoCd=4370116594-00&ServiceCd=110&Type=search", "url2": "nakamura@edu-kur8404.com" }, "geometry": { "type": "Point", "coordinates": [ 130.755746054310265, 32.813849007138359 ] } },
{ "type": "Feature", "properties": { "内容": "訪問介護ステーションわかば【訪問介護】熊本県熊本市東区若葉2丁目13番16号2F", "url": "https://www.kaigokensaku.mhlw.go.jp/43/index.php?action_kouhyou_detail_004_kani=true&JigyosyoCd=4370115711-00&ServiceCd=110&Type=search", "url2": "healthcare-wakaba.com" }, "geometry": { "type": "Point", "coordinates": [ 130.764558, 32.7764652 ] } },
{ "type": "Feature", "properties": { "内容": "ホームヘルプサービスセンターなかよし【訪問介護】熊本県熊本市東区尾ノ上３丁目３－１", "url": "https://www.kaigokensaku.mhlw.go.jp/43/index.php?action_kouhyou_detail_004_kani=true&JigyosyoCd=4370104038-00&ServiceCd=110&Type=search", "url2": "http://swc.zinpukai.com" }, "geometry": { "type": "Point", "coordinates": [ 130.754941599999938, 32.795548699999983 ] } },
{ "type": "Feature", "properties": { "内容": "ニチイケアセンター保田窪【訪問介護】熊本市東区保田窪4-10-68", "url": "https://www.kaigokensaku.mhlw.go.jp/43/index.php?action_kouhyou_detail_004_kani=true&JigyosyoCd=4370104350-00&ServiceCd=110&Type=search", "url2": null }, "geometry": { "type": "Point", "coordinates": [ 130.75818860000004, 32.8094225 ] } },
{ "type": "Feature", "properties": { "内容": "あやの里ヘルパーステーション【訪問介護】熊本県熊本市東区山ノ内２－１－４", "url": "https://www.kaigokensaku.mhlw.go.jp/43/index.php?action_kouhyou_detail_004_kani=true&JigyosyoCd=4370103873-00&ServiceCd=110&Type=search", "url2": "https://www.ayanosato.net/" }, "geometry": { "type": "Point", "coordinates": [ 130.768578750263913, 32.798347784797237 ] } },
{ "type": "Feature", "properties": { "内容": "訪問介護ステーション椿【訪問介護】熊本市東区桜木4丁目9番20号有料老人ホーム椿の里", "url": "https://www.kaigokensaku.mhlw.go.jp/43/index.php?action_kouhyou_detail_004_kani=true&JigyosyoCd=4370114201-00&ServiceCd=110&Type=search", "url2": null }, "geometry": { "type": "Point", "coordinates": [ 130.7835055, 32.7810109 ] } },
{ "type": "Feature", "properties": { "内容": "愛郷　訪問介護【訪問介護】熊本市東区山ノ内３丁目９番１号アネックスビバビル２０２号", "url": "https://www.kaigokensaku.mhlw.go.jp/43/index.php?action_kouhyou_detail_004_kani=true&JigyosyoCd=4370105910-00&ServiceCd=110&Type=search", "url2": null }, "geometry": { "type": "Point", "coordinates": [ 130.764858592338896, 32.794755744237271 ] } },
{ "type": "Feature", "properties": { "内容": "ユーアイ尾ノ上ヘルパーステーション【訪問介護】熊本県熊本市東区尾ノ上2丁目21-25", "url": "https://www.kaigokensaku.mhlw.go.jp/43/index.php?action_kouhyou_detail_004_kani=true&JigyosyoCd=4370111769-00&ServiceCd=110&Type=search", "url2": "http://u-b.jp" }, "geometry": { "type": "Point", "coordinates": [ 130.758027500000026, 32.7920546 ] } },
{ "type": "Feature", "properties": { "内容": "ケアプラス訪問介護ステーション【訪問介護】尾ノ上2丁目3-3-1", "url": "https://www.kaigokensaku.mhlw.go.jp/43/index.php?action_kouhyou_detail_004_kani=true&JigyosyoCd=4370111868-00&ServiceCd=110&Type=search", "url2": "https://www.care-plus.jp" }, "geometry": { "type": "Point", "coordinates": [ 130.727684975014427, 32.800677731366591 ] } },
{ "type": "Feature", "properties": { "内容": "ヘルパーステーションくくり【訪問介護】熊本市東区御領1丁目11-31", "url": "https://www.kaigokensaku.mhlw.go.jp/43/index.php?action_kouhyou_detail_004_kani=true&JigyosyoCd=4370115752-00&ServiceCd=110&Type=search", "url2": null }, "geometry": { "type": "Point", "coordinates": [ 130.76302670000004, 32.82075891338728 ] } },
{ "type": "Feature", "properties": { "内容": "訪問事業所　心空ステーション【訪問介護】熊本市東区月出３丁目４番45-1号", "url": "https://www.kaigokensaku.mhlw.go.jp/43/index.php?action_kouhyou_detail_004_kani=true&JigyosyoCd=4370115547-00&ServiceCd=110&Type=search", "url2": null }, "geometry": { "type": "Point", "coordinates": [ 130.767867099999989, 32.8054211 ] } },
{ "type": "Feature", "properties": { "内容": "訪問介護事業所心空ステーション長嶺南【訪問介護】熊本県熊本市東区長嶺南6丁目1番13号井島貸家A棟", "url": "https://www.kaigokensaku.mhlw.go.jp/43/index.php?action_kouhyou_detail_004_kani=true&JigyosyoCd=4370115950-00&ServiceCd=110&Type=search", "url2": null }, "geometry": { "type": "Point", "coordinates": [ 130.776697399999989, 32.806089 ] } },
{ "type": "Feature", "properties": { "内容": "有限会社エンゼル介護センター【訪問介護】熊本県熊本市東区新南部3丁目5-7-106", "url": "https://www.kaigokensaku.mhlw.go.jp/43/index.php?action_kouhyou_detail_004_kani=true&JigyosyoCd=4370102941-00&ServiceCd=110&Type=search", "url2": "tmya9263＠yahoo.co.jp" }, "geometry": { "type": "Point", "coordinates": [ 130.746772120909895, 32.814194544828162 ] } },
{ "type": "Feature", "properties": { "内容": "社会福祉法人　熊本市社会福祉事業団　東部ヘルパー事業所【訪問介護】秋津３丁目17-17", "url": "https://www.kaigokensaku.mhlw.go.jp/43/index.php?action_kouhyou_detail_004_kani=true&JigyosyoCd=4370111108-00&ServiceCd=110&Type=search", "url2": "http://ksfj.hinokuni-net.jp/" }, "geometry": { "type": "Point", "coordinates": [ 130.775118099999986, 32.7726924 ] } },
{ "type": "Feature", "properties": { "内容": "UMICAHI訪問介護ステーション【訪問介護】熊本県熊本市東区小峯2−1−8102", "url": "https://www.kaigokensaku.mhlw.go.jp/43/index.php?action_kouhyou_detail_004_kani=true&JigyosyoCd=4370115703-00&ServiceCd=110&Type=search", "url2": "https://umicahi.com" }, "geometry": { "type": "Point", "coordinates": [ 130.773911600000019, 32.803202343840766 ] } },
{ "type": "Feature", "properties": { "内容": "ヘルパーステーションエミアス【訪問介護】長嶺東8丁目6－77ハ―ミテイジ長嶺東一番館105号", "url": "https://www.kaigokensaku.mhlw.go.jp/43/index.php?action_kouhyou_detail_004_kani=true&JigyosyoCd=4370113518-00&ServiceCd=110&Type=search", "url2": null }, "geometry": { "type": "Point", "coordinates": [ 130.7785313, 32.831594 ] } },
{ "type": "Feature", "properties": { "内容": "ミントケア【訪問介護】熊本県熊本市東区花立3丁目13-11シティハイツ花立101", "url": "https://www.kaigokensaku.mhlw.go.jp/43/index.php?action_kouhyou_detail_004_kani=true&JigyosyoCd=4370109292-00&ServiceCd=110&Type=search", "url2": null }, "geometry": { "type": "Point", "coordinates": [ 130.772973900000011, 32.7824084 ] } },
{ "type": "Feature", "properties": { "内容": "学研ココファンにしばるヘルパーセンター【訪問介護】熊本県熊本市東区西原2-7-1学研ココファンにしばる", "url": "https://www.kaigokensaku.mhlw.go.jp/43/index.php?action_kouhyou_detail_004_kani=true&JigyosyoCd=4370112692-00&ServiceCd=110&Type=search", "url2": "http://www.cocofump.co.jp" }, "geometry": { "type": "Point", "coordinates": [ 130.754811, 32.8154164 ] } },
{ "type": "Feature", "properties": { "内容": "学研ココファン小峯ヘルパーセンター【訪問介護】熊本市東区小峯3-1-10", "url": "https://www.kaigokensaku.mhlw.go.jp/43/index.php?action_kouhyou_detail_004_kani=true&JigyosyoCd=4370111876-00&ServiceCd=110&Type=search", "url2": "omine@cocofump.co.jp" }, "geometry": { "type": "Point", "coordinates": [ 130.775595899999985, 32.7992489 ] } },
{ "type": "Feature", "properties": { "内容": "訪問介護事業所ゆとりすと【訪問介護】熊本県熊本市東区長嶺西１丁目6-88ザ・クレイン103", "url": "https://www.kaigokensaku.mhlw.go.jp/43/index.php?action_kouhyou_detail_004_kani=true&JigyosyoCd=4370110662-00&ServiceCd=110&Type=search", "url2": "http://yutorist.net/" }, "geometry": { "type": "Point", "coordinates": [ 130.763949300000036, 32.8114474 ] } },
{ "type": "Feature", "properties": { "内容": "くるみヘルパーステーション【訪問介護】熊本県熊本市東区渡鹿8-1-69", "url": "https://www.kaigokensaku.mhlw.go.jp/43/index.php?action_kouhyou_detail_004_kani=true&JigyosyoCd=4370111611-00&ServiceCd=110&Type=search", "url2": "http://kuruminomori.jp/" }, "geometry": { "type": "Point", "coordinates": [ 130.7416892, 32.8100918 ] } },
{ "type": "Feature", "properties": { "内容": "朋岳園地域介護サービスセンター【訪問介護】熊本市東区石原２丁目4-10号ケアハウス　内", "url": "https://www.kaigokensaku.mhlw.go.jp/43/index.php?action_kouhyou_detail_004_kani=true&JigyosyoCd=4370100572-00&ServiceCd=110&Type=search", "url2": "http://www.hougakuen.com/" }, "geometry": { "type": "Point", "coordinates": [ 130.780961400000024, 32.841864 ] } },
{ "type": "Feature", "properties": { "内容": "ヘルパーステーション　きずな【訪問介護】熊本県熊本市東区新南部5丁目番2-65ヘルパーステーションきずな", "url": "https://www.kaigokensaku.mhlw.go.jp/43/index.php?action_kouhyou_detail_004_kani=true&JigyosyoCd=4370104921-00&ServiceCd=110&Type=search", "url2": "http://www.keijinkai.org/helper_kizuna/" }, "geometry": { "type": "Point", "coordinates": [ 130.74808519886065, 32.818404452308201 ] } },
{ "type": "Feature", "properties": { "内容": "熊本高齢者ケアサービス協会【訪問介護】熊本県熊本市東区戸島本町４－４６", "url": "https://www.kaigokensaku.mhlw.go.jp/43/index.php?action_kouhyou_detail_004_kani=true&JigyosyoCd=4370100473-00&ServiceCd=110&Type=search", "url2": null }, "geometry": { "type": "Point", "coordinates": [ 130.802354400000013, 32.8242937 ] } },
{ "type": "Feature", "properties": { "内容": "訪問介護事業所　サンライフ長嶺【訪問介護】熊本市東区長嶺東３丁目３－６６", "url": "https://www.kaigokensaku.mhlw.go.jp/43/index.php?action_kouhyou_detail_004_kani=true&JigyosyoCd=4370104228-00&ServiceCd=110&Type=search", "url2": "http://konoha.hoikuen.to/sunlife/" }, "geometry": { "type": "Point", "coordinates": [ 130.776451100000031, 32.820394 ] } },
{ "type": "Feature", "properties": { "内容": "ヘルパー事業所　Ku【訪問介護】長峰南６丁目６－１中田アパート１０２号", "url": "https://www.kaigokensaku.mhlw.go.jp/43/index.php?action_kouhyou_detail_004_kani=true&JigyosyoCd=4370115786-00&ServiceCd=110&Type=search", "url2": null }, "geometry": { "type": "Point", "coordinates": [ 130.779574673183248, 32.807238628130584 ] } },
{ "type": "Feature", "properties": { "内容": "訪問介護事業所omoto【訪問介護】上南部1丁目6-22", "url": "https://www.kaigokensaku.mhlw.go.jp/43/index.php?action_kouhyou_detail_004_kani=true&JigyosyoCd=4370108294-00&ServiceCd=110&Type=search", "url2": "https://furhd83l.jbplt.jp/" }, "geometry": { "type": "Point", "coordinates": [ 130.761646520558941, 32.832835018031943 ] } },
{ "type": "Feature", "properties": { "内容": "ゆうしん訪問介護事業所【訪問介護】熊本県熊本市東区長嶺南6丁目6番19号", "url": "https://www.kaigokensaku.mhlw.go.jp/43/index.php?action_kouhyou_detail_004_kani=true&JigyosyoCd=4370113997-00&ServiceCd=110&Type=search", "url2": "http://yushn-wel.jp/" }, "geometry": { "type": "Point", "coordinates": [ 130.7793489, 32.8082861 ] } },
{ "type": "Feature", "properties": { "内容": "訪問介護事業所　いずみ【訪問介護】八反田３丁目２３−１３", "url": "https://www.kaigokensaku.mhlw.go.jp/43/index.php?action_kouhyou_detail_004_kani=true&JigyosyoCd=4370111546-00&ServiceCd=110&Type=search", "url2": "https://www.silver-unix.com/" }, "geometry": { "type": "Point", "coordinates": [ 130.773838719712757, 32.823547876539195 ] } },
{ "type": "Feature", "properties": { "内容": "訪問介護ステーション保田窪【訪問介護】熊本市東区保田窪3丁目23番15号ケアホーム保田窪", "url": "https://www.kaigokensaku.mhlw.go.jp/43/index.php?action_kouhyou_detail_004_kani=true&JigyosyoCd=4370114110-00&ServiceCd=110&Type=search", "url2": "http://www.houjyukai-g.jp" }, "geometry": { "type": "Point", "coordinates": [ 130.751925300000011, 32.809182 ] } },
{ "type": "Feature", "properties": { "内容": "訪問介護事業所　みらいけあデザイン【訪問介護】熊本県熊本市東区花立3丁目42番28号", "url": "https://www.kaigokensaku.mhlw.go.jp/43/index.php?action_kouhyou_detail_004_kani=true&JigyosyoCd=4370112890-00&ServiceCd=110&Type=search", "url2": "http://npo-miraicare.jp/" }, "geometry": { "type": "Point", "coordinates": [ 130.771268961144131, 32.784487766085221 ] } },
{ "type": "Feature", "properties": { "内容": "ふきのとう訪問介護ステーション【訪問介護】下南部2丁目15番18号アーバン館101号", "url": "https://www.kaigokensaku.mhlw.go.jp/43/index.php?action_kouhyou_detail_004_kani=true&JigyosyoCd=4370115976-00&ServiceCd=110&Type=search", "url2": "https://www.growfukinotou.com" }, "geometry": { "type": "Point", "coordinates": [ 130.757155400000016, 32.8264553 ] } },
{ "type": "Feature", "properties": { "内容": "訪問介護事業所　おはな【訪問介護】長嶺東４丁目4-100", "url": "https://www.kaigokensaku.mhlw.go.jp/43/index.php?action_kouhyou_detail_004_kani=true&JigyosyoCd=4370115042-00&ServiceCd=110&Type=search", "url2": null }, "geometry": { "type": "Point", "coordinates": [ 130.7804377, 32.8192977 ] } },
{ "type": "Feature", "properties": { "内容": "訪問介護ステーションほたる【訪問介護】熊本市東区戸島6丁目16-33", "url": "https://www.kaigokensaku.mhlw.go.jp/43/index.php?action_kouhyou_detail_004_kani=true&JigyosyoCd=4370109102-00&ServiceCd=110&Type=search", "url2": "https://www.sara-care.com" }, "geometry": { "type": "Point", "coordinates": [ 130.806648417607221, 32.817816654806705 ] } },
{ "type": "Feature", "properties": { "内容": "ヘルパーステーション熊本東【訪問介護】熊本県熊本市東区三郎1丁目10番18号ケアホーム三郎1丁目", "url": "https://www.kaigokensaku.mhlw.go.jp/43/index.php?action_kouhyou_detail_004_kani=true&JigyosyoCd=4370114102-00&ServiceCd=110&Type=search", "url2": "hhtp://www.houjyukai-g.jp/" }, "geometry": { "type": "Point", "coordinates": [ 130.75791670000001, 32.7976465 ] } },
{ "type": "Feature", "properties": { "内容": "ヘルパーステーションまつお【訪問介護】熊本県熊本市東区新南部5-2-46やすらぎの里501号", "url": "https://www.kaigokensaku.mhlw.go.jp/43/index.php?action_kouhyou_detail_004_kani=true&JigyosyoCd=4370116818-00&ServiceCd=110&Type=search", "url2": null }, "geometry": { "type": "Point", "coordinates": [ 130.7490436, 32.8186304 ] } },
{ "type": "Feature", "properties": { "内容": "訪問介護ステーションココ【訪問介護】熊本県熊本市東区江津1丁目30-16ウェルフェア熊本ディサービス江津湖店併設", "url": "https://www.kaigokensaku.mhlw.go.jp/43/index.php?action_kouhyou_detail_004_kani=true&JigyosyoCd=4370114524-00&ServiceCd=110&Type=search", "url2": "https://www.welfare-kumamoto.com/" }, "geometry": { "type": "Point", "coordinates": [ 130.737852176682225, 32.779657812091038 ] } },
{ "type": "Feature", "properties": { "内容": "訪問介護事業所　ここね【訪問介護】熊本県熊本市東区長嶺東5-3-26", "url": "https://www.kaigokensaku.mhlw.go.jp/43/index.php?action_kouhyou_detail_004_kani=true&JigyosyoCd=4370113203-00&ServiceCd=110&Type=search", "url2": "準備中" }, "geometry": { "type": "Point", "coordinates": [ 130.782750599999986, 32.821219 ] } },
{ "type": "Feature", "properties": { "内容": "ヘルパーステーション湯の郷くまもと【訪問介護】熊本県熊本市東区戸島6丁目16-52", "url": "https://www.kaigokensaku.mhlw.go.jp/43/index.php?action_kouhyou_detail_004_kani=true&JigyosyoCd=4370116065-00&ServiceCd=110&Type=search", "url2": "https://yunosato.jp" }, "geometry": { "type": "Point", "coordinates": [ 130.805615499999988, 32.8176874 ] } },
{ "type": "Feature", "properties": { "内容": "訪問介護ゆめらいふ【訪問介護】熊本県熊本市西区池田1-34-10サービス付き高齢者向け住宅ゆめらいふ京町台", "url": "https://www.kaigokensaku.mhlw.go.jp/43/index.php?action_kouhyou_detail_004_kani=true&JigyosyoCd=4370110076-00&ServiceCd=110&Type=search", "url2": null }, "geometry": { "type": "Point", "coordinates": [ 130.706057900000019, 32.8255399 ] } },
{ "type": "Feature", "properties": { "内容": "有限会社　ふくし村【訪問介護】熊本県熊本市西区河内町野出44-1", "url": "https://www.kaigokensaku.mhlw.go.jp/43/index.php?action_kouhyou_detail_004_kani=true&JigyosyoCd=4370106264-00&ServiceCd=110&Type=search", "url2": null }, "geometry": { "type": "Point", "coordinates": [ 130.601440714666751, 32.842507439527374 ] } },
{ "type": "Feature", "properties": { "内容": "きずな株式会社訪問介護サービス【訪問介護】熊本県熊本市西区城山下代2丁目6-25201", "url": "https://www.kaigokensaku.mhlw.go.jp/43/index.php?action_kouhyou_detail_004_kani=true&JigyosyoCd=4370110787-00&ServiceCd=110&Type=search", "url2": null }, "geometry": { "type": "Point", "coordinates": [ 130.654457480712722, 32.777378197356562 ] } },
{ "type": "Feature", "properties": { "内容": "さぷらい【訪問介護】熊本県熊本市西区池田2丁目1番49号", "url": "https://www.kaigokensaku.mhlw.go.jp/43/index.php?action_kouhyou_detail_004_kani=true&JigyosyoCd=4370103121-00&ServiceCd=110&Type=search", "url2": null }, "geometry": { "type": "Point", "coordinates": [ 130.7096659, 32.827717599999986 ] } },
{ "type": "Feature", "properties": { "内容": "ヘルパーステーション　縁（えん）小島【訪問介護】熊本県熊本市西区小島９丁目１番４０号", "url": "https://www.kaigokensaku.mhlw.go.jp/43/index.php?action_kouhyou_detail_004_kani=true&JigyosyoCd=4370108666-00&ServiceCd=110&Type=search", "url2": "https://www.living-sp.com/" }, "geometry": { "type": "Point", "coordinates": [ 130.632810654631015, 32.780354839123625 ] } },
{ "type": "Feature", "properties": { "内容": "ヘルパーステーションココロ【訪問介護】高橋町2丁目6-7西川アパートB", "url": "https://www.kaigokensaku.mhlw.go.jp/43/index.php?action_kouhyou_detail_004_kani=true&JigyosyoCd=4370115745-00&ServiceCd=110&Type=search", "url2": null }, "geometry": { "type": "Point", "coordinates": [ 137.1782321, 35.094311 ] } },
{ "type": "Feature", "properties": { "内容": "あゆむ訪問介護ステーション【訪問介護】熊本県熊本市西区上熊本３丁目５－３６", "url": "https://www.kaigokensaku.mhlw.go.jp/43/index.php?action_kouhyou_detail_004_kani=true&JigyosyoCd=4370108799-00&ServiceCd=110&Type=search", "url2": "http://ayumu.noor.jp" }, "geometry": { "type": "Point", "coordinates": [ 130.701661100000024, 32.8215929 ] } },
{ "type": "Feature", "properties": { "内容": "リバーサイド熊本　訪問介護【訪問介護】熊本市西区河内町野出１９３６－１", "url": "https://www.kaigokensaku.mhlw.go.jp/43/index.php?action_kouhyou_detail_004_kani=true&JigyosyoCd=4370101307-00&ServiceCd=110&Type=search", "url2": "https://shunkokai.jp" }, "geometry": { "type": "Point", "coordinates": [ 130.627433600000018, 32.8263721 ] } },
{ "type": "Feature", "properties": { "内容": "訪問介護事業所　上熊本苑【訪問介護】熊本県熊本市西区上熊本3丁目12番", "url": "https://www.kaigokensaku.mhlw.go.jp/43/index.php?action_kouhyou_detail_004_kani=true&JigyosyoCd=4370112304-00&ServiceCd=110&Type=search", "url2": "http://www.shafuku-aiseikai.or.jp" }, "geometry": { "type": "Point", "coordinates": [ 130.701922200000013, 32.8221596 ] } },
{ "type": "Feature", "properties": { "内容": "聖母の丘ヘルパーステーション【訪問介護】熊本県熊本市西区島崎６丁目１番２７号", "url": "https://www.kaigokensaku.mhlw.go.jp/43/index.php?action_kouhyou_detail_004_kani=true&JigyosyoCd=4370105183-00&ServiceCd=110&Type=search", "url2": "http://seibonooka.sakura.ne.jp/index.html" }, "geometry": { "type": "Point", "coordinates": [ 130.688853900000026, 32.8116157 ] } },
{ "type": "Feature", "properties": { "内容": "リユニオン田崎訪問介護事業所【訪問介護】熊本県熊本市西区田崎2丁目5－31住宅型有料老人ホーム　リユニオン田崎", "url": "https://www.kaigokensaku.mhlw.go.jp/43/index.php?action_kouhyou_detail_004_kani=true&JigyosyoCd=4370113278-00&ServiceCd=110&Type=search", "url2": "http://www.shunkokai.jp/" }, "geometry": { "type": "Point", "coordinates": [ 130.679580399999963, 32.7827711 ] } },
{ "type": "Feature", "properties": { "内容": "訪問介護事業所彩り【訪問介護】熊本県熊本市西区中原町1280番地", "url": "https://www.kaigokensaku.mhlw.go.jp/43/index.php?action_kouhyou_detail_004_kani=true&JigyosyoCd=4370112387-00&ServiceCd=110&Type=search", "url2": null }, "geometry": { "type": "Point", "coordinates": [ 130.633059199999934, 32.773126900000022 ] } },
{ "type": "Feature", "properties": { "内容": "訪問介護　暖家【訪問介護】熊本県熊本市西区二本木2丁目6-6", "url": "https://www.kaigokensaku.mhlw.go.jp/43/index.php?action_kouhyou_detail_004_kani=true&JigyosyoCd=4370110225-00&ServiceCd=110&Type=search", "url2": null }, "geometry": { "type": "Point", "coordinates": [ 130.690147620901485, 32.786052718311311 ] } },
{ "type": "Feature", "properties": { "内容": "あげは介護ステーション【訪問介護】池田2丁目1-53久保ビル201", "url": "https://www.kaigokensaku.mhlw.go.jp/43/index.php?action_kouhyou_detail_004_kani=true&JigyosyoCd=4370114185-00&ServiceCd=110&Type=search", "url2": "https://www.agehakaigo.com/" }, "geometry": { "type": "Point", "coordinates": [ 130.709441124749702, 32.827470355183216 ] } },
{ "type": "Feature", "properties": { "内容": "訪問介護事業所　メルシー【訪問介護】熊本県熊本市西区上高橋２丁目13-331号", "url": "https://www.kaigokensaku.mhlw.go.jp/43/index.php?action_kouhyou_detail_004_kani=true&JigyosyoCd=4370114813-00&ServiceCd=110&Type=search", "url2": "merci-hom.com" }, "geometry": { "type": "Point", "coordinates": [ 130.6547833, 32.7872793 ] } },
{ "type": "Feature", "properties": { "内容": "せいじのヘルパーステーション【訪問介護】熊本県熊本市西区島崎２丁目１１－１３", "url": "https://www.kaigokensaku.mhlw.go.jp/43/index.php?action_kouhyou_detail_004_kani=true&JigyosyoCd=4370101752-00&ServiceCd=110&Type=search", "url2": "https://www.seijino.or.jp" }, "geometry": { "type": "Point", "coordinates": [ 130.690703799999937, 32.8094659 ] } },
{ "type": "Feature", "properties": { "内容": "熊本市社会福祉事業団長寿の里ヘルパー事業所【訪問介護】熊本県熊本市西区城山薬師2丁目10番10号", "url": "https://www.kaigokensaku.mhlw.go.jp/43/index.php?action_kouhyou_detail_004_kani=true&JigyosyoCd=4370104707-00&ServiceCd=110&Type=search", "url2": "heisei.helper@gmail.com" }, "geometry": { "type": "Point", "coordinates": [ 130.646964821617246, 32.771375859134501 ] } },
{ "type": "Feature", "properties": { "内容": "介護サービスたんぽぽ【訪問介護】西区上代1丁目19番15号", "url": "https://www.kaigokensaku.mhlw.go.jp/43/index.php?action_kouhyou_detail_004_kani=true&JigyosyoCd=4370109540-00&ServiceCd=110&Type=search", "url2": "life-reha.com/" }, "geometry": { "type": "Point", "coordinates": [ 130.66871054840999, 32.783229790003645 ] } },
{ "type": "Feature", "properties": { "内容": "ヘルパーステーション蓮台寺【訪問介護】熊本県熊本市西区蓮台寺3丁目4-5ケアホーム蓮台寺", "url": "https://www.kaigokensaku.mhlw.go.jp/43/index.php?action_kouhyou_detail_004_kani=true&JigyosyoCd=4370111017-00&ServiceCd=110&Type=search", "url2": "www.houjyukai-g.jp" }, "geometry": { "type": "Point", "coordinates": [ 130.6870884, 32.7717054 ] } },
{ "type": "Feature", "properties": { "内容": "三和荘訪問介護事業所【訪問介護】熊本県熊本市西区城山大塘４丁目１番１５号特別養護老人ホーム三和荘", "url": "https://www.kaigokensaku.mhlw.go.jp/43/index.php?action_kouhyou_detail_004_kani=true&JigyosyoCd=4370100879-00&ServiceCd=110&Type=search", "url2": "http://sanwaso.jp/" }, "geometry": { "type": "Point", "coordinates": [ 130.651416, 32.7848791 ] } },
{ "type": "Feature", "properties": { "内容": "ヘルパーステーションまいらいふ【訪問介護】熊本県熊本市西区上熊本２丁目11-21　ｸﾐﾊｳｽ102号", "url": "https://www.kaigokensaku.mhlw.go.jp/43/index.php?action_kouhyou_detail_004_kani=true&JigyosyoCd=4371600604-00&ServiceCd=110&Type=search", "url2": null }, "geometry": { "type": "Point", "coordinates": [ 130.699474900000041, 32.8131279 ] } },
{ "type": "Feature", "properties": { "内容": "ケアライフ春日ヘルパーステーション【訪問介護】熊本市西区春日７丁目１６－１２", "url": "https://www.kaigokensaku.mhlw.go.jp/43/index.php?action_kouhyou_detail_004_kani=true&JigyosyoCd=4370107189-00&ServiceCd=110&Type=search", "url2": null }, "geometry": { "type": "Point", "coordinates": [ 130.680930100000069, 32.7863235 ] } },
{ "type": "Feature", "properties": { "内容": "けあらーず城山指定訪問介護事業所【訪問介護】熊本市西区城山下代4丁目10-3上野第一テナント201", "url": "https://www.kaigokensaku.mhlw.go.jp/43/index.php?action_kouhyou_detail_004_kani=true&JigyosyoCd=4370111041-00&ServiceCd=110&Type=search", "url2": "https://seramu.co.jp" }, "geometry": { "type": "Point", "coordinates": [ 130.652254013352973, 32.777545212084767 ] } },
{ "type": "Feature", "properties": { "内容": "はるかぜ介護福祉ステーション【訪問介護】熊本市西区春日４丁目１８－２８地域包括ケア杏心の丘", "url": "https://www.kaigokensaku.mhlw.go.jp/43/index.php?action_kouhyou_detail_004_kani=true&JigyosyoCd=4370103030-00&ServiceCd=110&Type=search", "url2": "http://www.seisinkai.or.jp/" }, "geometry": { "type": "Point", "coordinates": [ 130.686655535057071, 32.794563543291055 ] } },
{ "type": "Feature", "properties": { "内容": "ヘルパーステーション　ほくと【訪問介護】熊本県熊本市西区八島2丁目13-39", "url": "https://www.kaigokensaku.mhlw.go.jp/43/index.php?action_kouhyou_detail_004_kani=true&JigyosyoCd=4370112403-00&ServiceCd=110&Type=search", "url2": "luce-care.com" }, "geometry": { "type": "Point", "coordinates": [ 130.6803999, 32.7789575 ] } },
{ "type": "Feature", "properties": { "内容": "幸ハウス野中【訪問介護】熊本県熊本市西区野中３丁目3-20幸ハウス野中", "url": "https://www.kaigokensaku.mhlw.go.jp/43/index.php?action_kouhyou_detail_004_kani=true&JigyosyoCd=4370112486-00&ServiceCd=110&Type=search", "url2": null }, "geometry": { "type": "Point", "coordinates": [ 130.6738699, 32.7771077 ] } },
{ "type": "Feature", "properties": { "内容": "ヘルパーステーション　ポノケア【訪問介護】熊本県熊本市西区松尾2丁目26-33", "url": "https://www.kaigokensaku.mhlw.go.jp/43/index.php?action_kouhyou_detail_004_kani=true&JigyosyoCd=4370113823-00&ServiceCd=110&Type=search", "url2": "https://www.ponoheart.co.jp" }, "geometry": { "type": "Point", "coordinates": [ 130.64263690000007, 32.7849958 ] } },
{ "type": "Feature", "properties": { "内容": "ﾍﾙﾊﾟｰｽﾃｲｼｮﾝ　ひかり【訪問介護】熊本県熊本市西区池上町774番地有料老人ホーム　ひかり　内", "url": "https://www.kaigokensaku.mhlw.go.jp/43/index.php?action_kouhyou_detail_004_kani=true&JigyosyoCd=4370111397-00&ServiceCd=110&Type=search", "url2": "https://www.seed－hikari2.com/" }, "geometry": { "type": "Point", "coordinates": [ 130.671530699999948, 32.7971837 ] } },
{ "type": "Feature", "properties": { "内容": "訪問介護ステーションよろこび【訪問介護】熊本市西区花園５丁目６－９エル花園１０７号", "url": "https://www.kaigokensaku.mhlw.go.jp/43/index.php?action_kouhyou_detail_004_kani=true&JigyosyoCd=4372801250-00&ServiceCd=110&Type=search", "url2": "https://hikari-hanazono.com" }, "geometry": { "type": "Point", "coordinates": [ 130.695425534344508, 32.8190768088973 ] } },
{ "type": "Feature", "properties": { "内容": "ひごヘルプ【訪問介護】熊本県熊本市西区横手３丁目１４番３５号サンガーデンよもち", "url": "https://www.kaigokensaku.mhlw.go.jp/43/index.php?action_kouhyou_detail_004_kani=true&JigyosyoCd=4370115554-00&ServiceCd=110&Type=search", "url2": "https://sites.google.com/yomochi.com/higo/" }, "geometry": { "type": "Point", "coordinates": [ 130.684351, 32.7989617 ] } },
{ "type": "Feature", "properties": { "内容": "ハートフルケア【訪問介護】熊本市西区横手5丁目1-3クイーンハイツ103", "url": "https://www.kaigokensaku.mhlw.go.jp/43/index.php?action_kouhyou_detail_004_kani=true&JigyosyoCd=4370109094-00&ServiceCd=110&Type=search", "url2": "http://www.calm-life.com/" }, "geometry": { "type": "Point", "coordinates": [ 130.689530059138519, 32.804857600787535 ] } },
{ "type": "Feature", "properties": { "内容": "上代成城ヘルパーステーション【訪問介護】熊本県熊本市西区城山上代町60番1号", "url": "https://www.kaigokensaku.mhlw.go.jp/43/index.php?action_kouhyou_detail_004_kani=true&JigyosyoCd=4370113252-00&ServiceCd=110&Type=search", "url2": "http://www.k-seijo.or.jp/" }, "geometry": { "type": "Point", "coordinates": [ 130.674317391210479, 32.780504335645006 ] } },
{ "type": "Feature", "properties": { "内容": "ケアーネット・心花【訪問介護】熊本県熊本市西区中原町1135番地1", "url": "https://www.kaigokensaku.mhlw.go.jp/43/index.php?action_kouhyou_detail_004_kani=true&JigyosyoCd=4370110340-00&ServiceCd=110&Type=search", "url2": "http://www.can727kaigo.com/" }, "geometry": { "type": "Point", "coordinates": [ 130.633533418910247, 32.772173048652554 ] } },
{ "type": "Feature", "properties": { "内容": "訪問介護ステーション夢眠くまもとにし【訪問介護】小島九丁目1番50号", "url": "https://www.kaigokensaku.mhlw.go.jp/43/index.php?action_kouhyou_detail_004_kani=true&JigyosyoCd=4370116032-00&ServiceCd=110&Type=search", "url2": null }, "geometry": { "type": "Point", "coordinates": [ 135.516799, 34.6689664 ] } },
{ "type": "Feature", "properties": { "内容": "マーメイドドリームス【訪問介護】熊本県熊本市西区二本木3丁目11番18号", "url": "https://www.kaigokensaku.mhlw.go.jp/43/index.php?action_kouhyou_detail_004_kani=true&JigyosyoCd=4370111603-00&ServiceCd=110&Type=search", "url2": "http://www.kumamoto.care" }, "geometry": { "type": "Point", "coordinates": [ 130.69040972531468, 32.782778839483527 ] } },
{ "type": "Feature", "properties": { "内容": "訪問介護事業所　つくしんぼ【訪問介護】熊本県熊本市西区横手3-5-22第2馬原ビル202号室", "url": "https://www.kaigokensaku.mhlw.go.jp/43/index.php?action_kouhyou_detail_004_kani=true&JigyosyoCd=4370114136-00&ServiceCd=110&Type=search", "url2": "https//www.kenseisha-kumamoto.com/." }, "geometry": { "type": "Point", "coordinates": [ 130.6878417, 32.801254800000024 ] } },
{ "type": "Feature", "properties": { "内容": "ＫＯＢケアサービス【訪問介護】熊本県熊本市南区御幸笛田２丁目３－１２", "url": "https://www.kaigokensaku.mhlw.go.jp/43/index.php?action_kouhyou_detail_004_kani=true&JigyosyoCd=4370110910-00&ServiceCd=110&Type=search", "url2": null }, "geometry": { "type": "Point", "coordinates": [ 130.712878199999977, 32.7620292 ] } },
{ "type": "Feature", "properties": { "内容": "シルバー日吉　ホームヘルパーサービス【訪問介護】熊本市南区平成２丁目６－９", "url": "https://www.kaigokensaku.mhlw.go.jp/43/index.php?action_kouhyou_detail_004_kani=true&JigyosyoCd=4370100978-00&ServiceCd=110&Type=search", "url2": "http://care-net.biz/43/silver" }, "geometry": { "type": "Point", "coordinates": [ 130.702675699999986, 32.7781719 ] } },
{ "type": "Feature", "properties": { "内容": "ヘルパーステーション　はなな【訪問介護】熊本県熊本市南区御幸西3丁目9番36号有料老人ホームはなな", "url": "https://www.kaigokensaku.mhlw.go.jp/43/index.php?action_kouhyou_detail_004_kani=true&JigyosyoCd=4370113161-00&ServiceCd=110&Type=search", "url2": "https://clover-field.com/" }, "geometry": { "type": "Point", "coordinates": [ 130.70189269073785, 32.7567155 ] } },
{ "type": "Feature", "properties": { "内容": "訪問介護事業所ファーマダイワ介護サービスセンター【訪問介護】熊本市南区流通団地1丁目53番地", "url": "https://www.kaigokensaku.mhlw.go.jp/43/index.php?action_kouhyou_detail_004_kani=true&JigyosyoCd=4370106488-00&ServiceCd=110&Type=search", "url2": "http://pharma-daiwa.co.jp" }, "geometry": { "type": "Point", "coordinates": [ 130.70753640489346, 32.766297502276466 ] } },
{ "type": "Feature", "properties": { "内容": "しらふじヘルパーステーション【訪問介護】熊本市南区白藤５丁目1-1", "url": "https://www.kaigokensaku.mhlw.go.jp/43/index.php?action_kouhyou_detail_004_kani=true&JigyosyoCd=4370100853-00&ServiceCd=110&Type=search", "url2": "http://www.matusita-kai.or.jp/" }, "geometry": { "type": "Point", "coordinates": [ 130.6747171, 32.7544454 ] } },
{ "type": "Feature", "properties": { "内容": "鈴蘭訪問介護センター【訪問介護】熊本県熊本市南区御幸笛田2丁目16－４３　103号キュウピットビル", "url": "https://www.kaigokensaku.mhlw.go.jp/43/index.php?action_kouhyou_detail_004_kani=true&JigyosyoCd=4370106777-00&ServiceCd=110&Type=search", "url2": null }, "geometry": { "type": "Point", "coordinates": [ 130.707699118879646, 32.763451101715901 ] } },
{ "type": "Feature", "properties": { "内容": "くまもと福祉【訪問介護】熊本市南区近見1丁目4番11号", "url": "https://www.kaigokensaku.mhlw.go.jp/43/index.php?action_kouhyou_detail_004_kani=true&JigyosyoCd=4370103519-00&ServiceCd=110&Type=search", "url2": "http://showa-taxi.co.jo/" }, "geometry": { "type": "Point", "coordinates": [ 130.691415900000038, 32.7671725 ] } },
{ "type": "Feature", "properties": { "内容": "ヘルパーステーション土河原【訪問介護】土河原町199-1", "url": "https://www.kaigokensaku.mhlw.go.jp/43/index.php?action_kouhyou_detail_004_kani=true&JigyosyoCd=4370116396-00&ServiceCd=110&Type=search", "url2": null }, "geometry": { "type": "Point", "coordinates": [ 130.6668654, 32.768349 ] } },
{ "type": "Feature", "properties": { "内容": "訪問介護ステーション　まきの木【訪問介護】熊本県熊本市南区城南町宮地1040番地", "url": "https://www.kaigokensaku.mhlw.go.jp/43/index.php?action_kouhyou_detail_004_kani=true&JigyosyoCd=4370110712-00&ServiceCd=110&Type=search", "url2": "https://makinoki-kumamoto.com" }, "geometry": { "type": "Point", "coordinates": [ 130.73002237622984, 32.70900498106635 ] } },
{ "type": "Feature", "properties": { "内容": "ホームヘルパーステーション天寿園【訪問介護】熊本県熊本市南区奥古閑町4375番地1", "url": "https://www.kaigokensaku.mhlw.go.jp/43/index.php?action_kouhyou_detail_004_kani=true&JigyosyoCd=4370101802-00&ServiceCd=110&Type=search", "url2": "https://fuku-juryo.jp" }, "geometry": { "type": "Point", "coordinates": [ 130.620704789549194, 32.729310992678819 ] } },
{ "type": "Feature", "properties": { "内容": "社会福祉法人　グリーンコープ　ふくしサービスセンター　虹【訪問介護】熊本市南区島町２丁目１３－６ゆるりの家アクア　2階", "url": "https://www.kaigokensaku.mhlw.go.jp/43/index.php?action_kouhyou_detail_004_kani=true&JigyosyoCd=4370104301-00&ServiceCd=110&Type=search", "url2": "http://www.fukushi-greencoop.or.jp/prog/dbs/32" }, "geometry": { "type": "Point", "coordinates": [ 130.679944699999965, 32.7660254 ] } },
{ "type": "Feature", "properties": { "内容": "訪問介護ステーションてる照【訪問介護】熊本市南区富合町小岩瀬331", "url": "https://www.kaigokensaku.mhlw.go.jp/43/index.php?action_kouhyou_detail_004_kani=true&JigyosyoCd=4370109508-00&ServiceCd=110&Type=search", "url2": null }, "geometry": { "type": "Point", "coordinates": [ 130.671710800000028, 32.7248928 ] } },
{ "type": "Feature", "properties": { "内容": "ホームヘルパーステーション　ゆうとぴあ【訪問介護】熊本県熊本市南区富合町古閑９９４番地１", "url": "https://www.kaigokensaku.mhlw.go.jp/43/index.php?action_kouhyou_detail_004_kani=true&JigyosyoCd=4372300667-00&ServiceCd=110&Type=search", "url2": "http://wasoukai.com/" }, "geometry": { "type": "Point", "coordinates": [ 130.676527800000031, 32.7093357 ] } },
{ "type": "Feature", "properties": { "内容": "訪問介護三色すみれ【訪問介護】熊本県熊本市南区刈草3丁目3-15サービス付き高齢者向け住宅「愛莉園・力合」", "url": "https://www.kaigokensaku.mhlw.go.jp/43/index.php?action_kouhyou_detail_004_kani=true&JigyosyoCd=4370106330-00&ServiceCd=110&Type=search", "url2": "http://www.seiwa-kaigo.com" }, "geometry": { "type": "Point", "coordinates": [ 130.678808900000035, 32.7595454 ] } },
{ "type": "Feature", "properties": { "内容": "ヘルパーステーション　レイフル【訪問介護】熊本県熊本市南区田迎3丁目6-25", "url": "https://www.kaigokensaku.mhlw.go.jp/43/index.php?action_kouhyou_detail_004_kani=true&JigyosyoCd=4370112775-00&ServiceCd=110&Type=search", "url2": "http://chihiro-fukushi.jp" }, "geometry": { "type": "Point", "coordinates": [ 130.713225585587423, 32.77742586211761 ] } },
{ "type": "Feature", "properties": { "内容": "「なごみ」訪問介護事業所【訪問介護】熊本県熊本市南区城南町舞原無番地", "url": "https://www.kaigokensaku.mhlw.go.jp/43/index.php?action_kouhyou_detail_004_kani=true&JigyosyoCd=4372300568-00&ServiceCd=110&Type=search", "url2": "http://www.ksr-hospital.jp/" }, "geometry": { "type": "Point", "coordinates": [ 130.750961625452305, 32.71678057750885 ] } },
{ "type": "Feature", "properties": { "内容": "ＮＰＯサンアンドムーン【訪問介護】熊本市南区近見８丁目12番13103号", "url": "https://www.kaigokensaku.mhlw.go.jp/43/index.php?action_kouhyou_detail_004_kani=true&JigyosyoCd=4370101604-00&ServiceCd=110&Type=search", "url2": null }, "geometry": { "type": "Point", "coordinates": [ 130.693894030965254, 32.757736365799722 ] } },
{ "type": "Feature", "properties": { "内容": "ヘルパーステーションじょうなん【訪問介護】熊本県熊本市南区城南町下宮地592-1住宅型有料老人城南陽気ホーム", "url": "https://www.kaigokensaku.mhlw.go.jp/43/index.php?action_kouhyou_detail_004_kani=true&JigyosyoCd=4370113757-00&ServiceCd=110&Type=search", "url2": "https://yokihome.com" }, "geometry": { "type": "Point", "coordinates": [ 130.730499799999961, 32.7043965 ] } },
{ "type": "Feature", "properties": { "内容": "訪問介護事業所　ひまわり【訪問介護】熊本市南区会富町1120番地", "url": "https://www.kaigokensaku.mhlw.go.jp/43/index.php?action_kouhyou_detail_004_kani=true&JigyosyoCd=4370101588-00&ServiceCd=110&Type=search", "url2": "http://www.akita-hospital.or.jp/" }, "geometry": { "type": "Point", "coordinates": [ 130.654130799999962, 32.7521293 ] } },
{ "type": "Feature", "properties": { "内容": "ヘルパーステーションヴィーヴル【訪問介護】熊本市南区田迎1丁目7-20", "url": "https://www.kaigokensaku.mhlw.go.jp/43/index.php?action_kouhyou_detail_004_kani=true&JigyosyoCd=4370100523-00&ServiceCd=110&Type=search", "url2": "http://www.vivre-kaigo.com" }, "geometry": { "type": "Point", "coordinates": [ 130.7085002, 32.7765333 ] } },
{ "type": "Feature", "properties": { "内容": "御幸病院訪問介護事業所【訪問介護】熊本県熊本市南区御幸笛田3丁目10番10号", "url": "https://www.kaigokensaku.mhlw.go.jp/43/index.php?action_kouhyou_detail_004_kani=true&JigyosyoCd=4370110282-00&ServiceCd=110&Type=search", "url2": "https://www.miyukinosato.or.jp" }, "geometry": { "type": "Point", "coordinates": [ 130.71072570000004, 32.7590766 ] } },
{ "type": "Feature", "properties": { "内容": "ヘルパーステーション　ホームスター【訪問介護】熊本県熊本市南区白藤4丁目6-3", "url": "https://www.kaigokensaku.mhlw.go.jp/43/index.php?action_kouhyou_detail_004_kani=true&JigyosyoCd=4370115190-00&ServiceCd=110&Type=search", "url2": null }, "geometry": { "type": "Point", "coordinates": [ 130.674251396281534, 32.751278001518358 ] } },
{ "type": "Feature", "properties": { "内容": "株式会社紅い華ヘルパーステーション【訪問介護】熊本市南区元三町2丁目9番22号", "url": "https://www.kaigokensaku.mhlw.go.jp/43/index.php?action_kouhyou_detail_004_kani=true&JigyosyoCd=4370103352-00&ServiceCd=110&Type=search", "url2": "https://akaihana-info.com/" }, "geometry": { "type": "Point", "coordinates": [ 130.688911400000052, 32.7391028 ] } },
{ "type": "Feature", "properties": { "内容": "ヘルパーステーション　ヒルサイドガーデン大樹【訪問介護】熊本市　南区城南町　今吉野　９８９ヒルサイドガーデン大樹", "url": "https://www.kaigokensaku.mhlw.go.jp/43/index.php?action_kouhyou_detail_004_kani=true&JigyosyoCd=4370109144-00&ServiceCd=110&Type=search", "url2": null }, "geometry": { "type": "Point", "coordinates": [ 130.733566653967301, 32.715492037456485 ] } },
{ "type": "Feature", "properties": { "内容": "指定訪問介護（指定介護予防訪問介護）樹更【訪問介護】熊本県熊本市南区富合町清藤424-1", "url": "https://www.kaigokensaku.mhlw.go.jp/43/index.php?action_kouhyou_detail_004_kani=true&JigyosyoCd=4370112759-00&ServiceCd=110&Type=search", "url2": "http://www.yamabuki-ki.co.jp" }, "geometry": { "type": "Point", "coordinates": [ 130.677369, 32.7169212 ] } },
{ "type": "Feature", "properties": { "内容": "ヘルパーステーション真幸【訪問介護】熊本県熊本市南区出仲間6丁目7番5号", "url": "https://www.kaigokensaku.mhlw.go.jp/43/index.php?action_kouhyou_detail_004_kani=true&JigyosyoCd=4370115505-00&ServiceCd=110&Type=search", "url2": "http://resilience1118.com" }, "geometry": { "type": "Point", "coordinates": [ 130.715913464129727, 32.77394196602998 ] } },
{ "type": "Feature", "properties": { "内容": "ニチイケアセンターかわしり【訪問介護】熊本県熊本市南区野田２丁目３１番１７号アーバンウエスト１０１号", "url": "https://www.kaigokensaku.mhlw.go.jp/43/index.php?action_kouhyou_detail_004_kani=true&JigyosyoCd=4370107171-00&ServiceCd=110&Type=search", "url2": null }, "geometry": { "type": "Point", "coordinates": [ 130.685490299999969, 32.7322618 ] } },
{ "type": "Feature", "properties": { "内容": "ケアステーション桜十字【訪問介護】熊本県熊本市南区御幸笛田7丁目14番21号", "url": "https://www.kaigokensaku.mhlw.go.jp/43/index.php?action_kouhyou_detail_004_kani=true&JigyosyoCd=4370113344-00&ServiceCd=110&Type=search", "url2": null }, "geometry": { "type": "Point", "coordinates": [ 130.716367200000036, 32.7548938 ] } },
{ "type": "Feature", "properties": { "内容": "ニチイケアセンター田迎【訪問介護】熊本市南区田迎5-2-1宮本店舗102号室", "url": "https://www.kaigokensaku.mhlw.go.jp/43/index.php?action_kouhyou_detail_004_kani=true&JigyosyoCd=4370113930-00&ServiceCd=110&Type=search", "url2": null }, "geometry": { "type": "Point", "coordinates": [ 130.7135433, 32.7738888 ] } },
{ "type": "Feature", "properties": { "内容": "訪問介護事業所ぷらす【訪問介護】熊本県熊本市南区御幸笛田1丁目6-104-101101", "url": "https://www.kaigokensaku.mhlw.go.jp/43/index.php?action_kouhyou_detail_004_kani=true&JigyosyoCd=4370112700-00&ServiceCd=110&Type=search", "url2": "plusman.co.jp" }, "geometry": { "type": "Point", "coordinates": [ 130.716015846175253, 32.764048689844422 ] } },
{ "type": "Feature", "properties": { "内容": "ヘルパーステーション・青い鳥【訪問介護】熊本県熊本市南区御幸笛田６丁目1-8", "url": "https://www.kaigokensaku.mhlw.go.jp/43/index.php?action_kouhyou_detail_004_kani=true&JigyosyoCd=4370103477-00&ServiceCd=110&Type=search", "url2": "http://www.aoitori-kaigo.co.jp" }, "geometry": { "type": "Point", "coordinates": [ 130.713741920307172, 32.759197727358817 ] } },
{ "type": "Feature", "properties": { "内容": "ヘルパーステーション和泉【訪問介護】熊本市南区出仲間7丁目3-45　201号", "url": "https://www.kaigokensaku.mhlw.go.jp/43/index.php?action_kouhyou_detail_004_kani=true&JigyosyoCd=4372301285-00&ServiceCd=110&Type=search", "url2": "https://total-life-care.jp/" }, "geometry": { "type": "Point", "coordinates": [ 130.717631414344197, 32.769805610938405 ] } },
{ "type": "Feature", "properties": { "内容": "ヘルパーステーション　トーチ【訪問介護】熊本県熊本市南区富合町南田尻471", "url": "https://www.kaigokensaku.mhlw.go.jp/43/index.php?action_kouhyou_detail_004_kani=true&JigyosyoCd=4370114029-00&ServiceCd=110&Type=search", "url2": "https://total-life-care.jp/" }, "geometry": { "type": "Point", "coordinates": [ 130.6769258, 32.6998062 ] } },
{ "type": "Feature", "properties": { "内容": "ヘルパーステーション　さわらび【訪問介護】熊本市南区城南町赤見223-1寿ハイツB101", "url": "https://www.kaigokensaku.mhlw.go.jp/43/index.php?action_kouhyou_detail_004_kani=true&JigyosyoCd=4370105886-00&ServiceCd=110&Type=search", "url2": "https://kumamotokikujyukai.or.jp/" }, "geometry": { "type": "Point", "coordinates": [ 130.703638, 32.7212682 ] } },
{ "type": "Feature", "properties": { "内容": "ヘルパーステーション　星のひかり【訪問介護】熊本県熊本市南区南高江6丁目10-1ピュアハウス101", "url": "https://www.kaigokensaku.mhlw.go.jp/43/index.php?action_kouhyou_detail_004_kani=true&JigyosyoCd=4370113575-00&ServiceCd=110&Type=search", "url2": null }, "geometry": { "type": "Point", "coordinates": [ 130.6857089, 32.748718 ] } },
{ "type": "Feature", "properties": { "内容": "訪問介護事業所　さくら苑【訪問介護】熊本県熊本市南区城南町舞原1466-1", "url": "https://www.kaigokensaku.mhlw.go.jp/43/index.php?action_kouhyou_detail_004_kani=true&JigyosyoCd=4370110068-00&ServiceCd=110&Type=search", "url2": null }, "geometry": { "type": "Point", "coordinates": [ 130.749109044180301, 32.7162281 ] } },
{ "type": "Feature", "properties": { "内容": "ヘルパーステーション　オリーブ【訪問介護】熊本県熊本市南区城南町さんさん１丁目６-２", "url": "https://www.kaigokensaku.mhlw.go.jp/43/index.php?action_kouhyou_detail_004_kani=true&JigyosyoCd=4370112767-00&ServiceCd=110&Type=search", "url2": null }, "geometry": { "type": "Point", "coordinates": [ 130.738892499336202, 32.713736916915487 ] } },
{ "type": "Feature", "properties": { "内容": "訪問介護事業所　陽向　城南事業所【訪問介護】熊本県熊本市南区城南町下宮地918番地1", "url": "https://www.kaigokensaku.mhlw.go.jp/43/index.php?action_kouhyou_detail_004_kani=true&JigyosyoCd=4370113336-00&ServiceCd=110&Type=search", "url2": "httpps://hi-na-ta.jp" }, "geometry": { "type": "Point", "coordinates": [ 130.721885499999985, 32.7038653 ] } },
{ "type": "Feature", "properties": { "内容": "訪問介護ステーション山みずき【訪問介護】熊本県熊本市南区富合町木原１４６１－１", "url": "https://www.kaigokensaku.mhlw.go.jp/43/index.php?action_kouhyou_detail_004_kani=true&JigyosyoCd=4372301327-00&ServiceCd=110&Type=search", "url2": "https://aelcare.co.jp/" }, "geometry": { "type": "Point", "coordinates": [ 130.701251437434394, 32.705103411666975 ] } },
{ "type": "Feature", "properties": { "内容": "訪問介護ステーション　さんさん【訪問介護】熊本県熊本市南区城南町さんさん１丁目５番８", "url": "https://www.kaigokensaku.mhlw.go.jp/43/index.php?action_kouhyou_detail_004_kani=true&JigyosyoCd=4370111280-00&ServiceCd=110&Type=search", "url2": null }, "geometry": { "type": "Point", "coordinates": [ 130.739009, 32.7143643 ] } },
{ "type": "Feature", "properties": { "内容": "ヘルパーステーション　ケアラボ【訪問介護】熊本県熊本市南区近見６丁目１１－２１　２階北", "url": "https://www.kaigokensaku.mhlw.go.jp/43/index.php?action_kouhyou_detail_004_kani=true&JigyosyoCd=4370115802-00&ServiceCd=110&Type=search", "url2": null }, "geometry": { "type": "Point", "coordinates": [ 130.6903643, 32.764052 ] } },
{ "type": "Feature", "properties": { "内容": "ヘルパーステーション　吉野乃丘【訪問介護】熊本市南区城南町坂野1793-1", "url": "https://www.kaigokensaku.mhlw.go.jp/43/index.php?action_kouhyou_detail_004_kani=true&JigyosyoCd=4370109011-00&ServiceCd=110&Type=search", "url2": "http://care-net.biz/43/yoshinooka/" }, "geometry": { "type": "Point", "coordinates": [ 130.744394300000067, 32.7218109 ] } },
{ "type": "Feature", "properties": { "内容": "訪問介護ステーション☆エンジェル【訪問介護】熊本県熊本市南区薄場町29", "url": "https://www.kaigokensaku.mhlw.go.jp/43/index.php?action_kouhyou_detail_004_kani=true&JigyosyoCd=4370115414-00&ServiceCd=110&Type=search", "url2": "https://r.goope.jp/newcanal2018/" }, "geometry": { "type": "Point", "coordinates": [ 130.6759467, 32.7643899 ] } },
{ "type": "Feature", "properties": { "内容": "ヘルパーステーション　サンフラワー【訪問介護】熊本県熊本市南区城南町隈庄376", "url": "https://www.kaigokensaku.mhlw.go.jp/43/index.php?action_kouhyou_detail_004_kani=true&JigyosyoCd=4370110183-00&ServiceCd=110&Type=search", "url2": "http://www.sunsmile2013.co.jp" }, "geometry": { "type": "Point", "coordinates": [ 130.727529499999946, 32.7061762 ] } },
{ "type": "Feature", "properties": { "内容": "ヘルパ－ステ－ションななみ【訪問介護】熊本県熊本市南区富合町杉島1152-1セカンドライフななみ　（併設）", "url": "https://www.kaigokensaku.mhlw.go.jp/43/index.php?action_kouhyou_detail_004_kani=true&JigyosyoCd=4370110902-00&ServiceCd=110&Type=search", "url2": "http://www.himawariｰnanami.com" }, "geometry": { "type": "Point", "coordinates": [ 130.679990699999962, 32.7239401 ] } },
{ "type": "Feature", "properties": { "内容": "ライフサポートみずき【訪問介護】砂原町461番地リビングケアあきたの杜2F", "url": "https://www.kaigokensaku.mhlw.go.jp/43/index.php?action_kouhyou_detail_004_kani=true&JigyosyoCd=4370113740-00&ServiceCd=110&Type=search", "url2": null }, "geometry": { "type": "Point", "coordinates": [ 130.659915902824395, 32.763314147453997 ] } },
{ "type": "Feature", "properties": { "内容": "あまてらすヘルパーステーション【訪問介護】御幸笛田2丁目15-38", "url": "https://www.kaigokensaku.mhlw.go.jp/43/index.php?action_kouhyou_detail_004_kani=true&JigyosyoCd=4370114961-00&ServiceCd=110&Type=search", "url2": "https://kumamoto-amaterasu.info/" }, "geometry": { "type": "Point", "coordinates": [ 130.7093741, 32.7638469 ] } },
{ "type": "Feature", "properties": { "内容": "ヘルパーステーション大輪【訪問介護】熊本県熊本市南区出仲間3丁目3-41", "url": "https://www.kaigokensaku.mhlw.go.jp/43/index.php?action_kouhyou_detail_004_kani=true&JigyosyoCd=4371300510-00&ServiceCd=110&Type=search", "url2": null }, "geometry": { "type": "Point", "coordinates": [ 130.7023098, 32.7772706 ] } },
{ "type": "Feature", "properties": { "内容": "あすなろ熊本ヘルパーステーション【訪問介護】熊本県熊本市南区城南町舞原342-2", "url": "https://www.kaigokensaku.mhlw.go.jp/43/index.php?action_kouhyou_detail_004_kani=true&JigyosyoCd=4370110381-00&ServiceCd=110&Type=search", "url2": null }, "geometry": { "type": "Point", "coordinates": [ 130.7423645, 32.7103814 ] } },
{ "type": "Feature", "properties": { "内容": "ベストケアセンター【訪問介護】熊本県熊本市南区田迎2丁目3番11号田迎ハイツ200", "url": "https://www.kaigokensaku.mhlw.go.jp/43/index.php?action_kouhyou_detail_004_kani=true&JigyosyoCd=4370109904-00&ServiceCd=110&Type=search", "url2": null }, "geometry": { "type": "Point", "coordinates": [ 130.712244400000031, 32.7741198 ] } },
{ "type": "Feature", "properties": { "内容": "有限会社　介護サービスなごみ【訪問介護】熊本県熊本市南区刈草１丁目４番７号", "url": "https://www.kaigokensaku.mhlw.go.jp/43/index.php?action_kouhyou_detail_004_kani=true&JigyosyoCd=4370104087-00&ServiceCd=110&Type=search", "url2": "http://www.nagomi-kaigo.kumamoto.jp" }, "geometry": { "type": "Point", "coordinates": [ 130.683958399999938, 32.7607036 ] } },
{ "type": "Feature", "properties": { "内容": "訪問介護事業所善【訪問介護】熊本市南区富合町南田尻873", "url": "https://www.kaigokensaku.mhlw.go.jp/43/index.php?action_kouhyou_detail_004_kani=true&JigyosyoCd=4370116875-00&ServiceCd=110&Type=search", "url2": null }, "geometry": { "type": "Point", "coordinates": [ 130.671443399999987, 32.697411 ] } },
{ "type": "Feature", "properties": { "内容": "ヘルパーステーションのんのん【訪問介護】熊本県熊本市南区御幸笛田2丁目15-38", "url": "https://www.kaigokensaku.mhlw.go.jp/43/index.php?action_kouhyou_detail_004_kani=true&JigyosyoCd=4370116941-00&ServiceCd=110&Type=search", "url2": "https://kumamoto-amaterasu.info" }, "geometry": { "type": "Point", "coordinates": [ 130.709386099999989, 32.7638453 ] } },
{ "type": "Feature", "properties": { "内容": "Let'sヘルパー！桜十字【訪問介護】熊本県熊本市南区御幸笛田7丁目11番85号", "url": "https://www.kaigokensaku.mhlw.go.jp/43/index.php?action_kouhyou_detail_004_kani=true&JigyosyoCd=4370105407-00&ServiceCd=110&Type=search", "url2": "http://www.sakurajyuji.or.jp/" }, "geometry": { "type": "Point", "coordinates": [ 130.716440678434765, 32.755815255393976 ] } },
{ "type": "Feature", "properties": { "内容": "ニチイケアセンター平成【訪問介護】熊本県熊本市南区平成1丁目11-5　ウエステリア101", "url": "https://www.kaigokensaku.mhlw.go.jp/43/index.php?action_kouhyou_detail_004_kani=true&JigyosyoCd=4370101109-00&ServiceCd=110&Type=search", "url2": null }, "geometry": { "type": "Point", "coordinates": [ 130.698684800000024, 32.7787425 ] } },
{ "type": "Feature", "properties": { "内容": "こぼり苑ヘルパーステーション【訪問介護】熊本県熊本市南区護藤町１５８６", "url": "https://www.kaigokensaku.mhlw.go.jp/43/index.php?action_kouhyou_detail_004_kani=true&JigyosyoCd=4370101083-00&ServiceCd=110&Type=search", "url2": "http://www.koborien.or.jp" }, "geometry": { "type": "Point", "coordinates": [ 130.673473228836059, 32.748789897586775 ] } },
{ "type": "Feature", "properties": { "内容": "ヘルパーステーションうるら【訪問介護】熊本県熊本市南区近見６丁目４－１－１０８", "url": "https://www.kaigokensaku.mhlw.go.jp/43/index.php?action_kouhyou_detail_004_kani=true&JigyosyoCd=4370116412-00&ServiceCd=110&Type=search", "url2": "https://ulula-kaigo.jp/" }, "geometry": { "type": "Point", "coordinates": [ 130.6948515, 32.7664503 ] } },
{ "type": "Feature", "properties": { "内容": "まんまるケアセンター【訪問介護】熊本県熊本市南区南高江５－１－５６", "url": "https://www.kaigokensaku.mhlw.go.jp/43/index.php?action_kouhyou_detail_004_kani=true&JigyosyoCd=4370104723-00&ServiceCd=110&Type=search", "url2": "まごころ.jp" }, "geometry": { "type": "Point", "coordinates": [ 130.687336103493323, 32.752159419833795 ] } },
{ "type": "Feature", "properties": { "内容": "リバティNorthOffice【訪問介護】武蔵ヶ丘1丁目15-15", "url": "https://www.kaigokensaku.mhlw.go.jp/43/index.php?action_kouhyou_detail_004_kani=true&JigyosyoCd=4370113765-00&ServiceCd=110&Type=search", "url2": "care-liberty.jp" }, "geometry": { "type": "Point", "coordinates": [ 130.768679499999962, 32.8531562 ] } },
{ "type": "Feature", "properties": { "内容": "博愛ホームヘルプサービス事業所【訪問介護】熊本県熊本市北区楠６丁目6番60号", "url": "https://www.kaigokensaku.mhlw.go.jp/43/index.php?action_kouhyou_detail_004_kani=true&JigyosyoCd=4370101471-00&ServiceCd=110&Type=search", "url2": null }, "geometry": { "type": "Point", "coordinates": [ 130.762698900000032, 32.8505743 ] } },
{ "type": "Feature", "properties": { "内容": "訪問介護　つむぐ【訪問介護】熊本県熊本市北区龍田８丁目15-118　Ｂ-Ⅲ", "url": "https://www.kaigokensaku.mhlw.go.jp/43/index.php?action_kouhyou_detail_004_kani=true&JigyosyoCd=4370114094-00&ServiceCd=110&Type=search", "url2": null }, "geometry": { "type": "Point", "coordinates": [ 130.7610901, 32.8427699 ] } },
{ "type": "Feature", "properties": { "内容": "あいえすヘルパーステーション【訪問介護】熊本市北区貢町７８０－８", "url": "https://www.kaigokensaku.mhlw.go.jp/43/index.php?action_kouhyou_detail_004_kani=true&JigyosyoCd=4370106967-00&ServiceCd=110&Type=search", "url2": null }, "geometry": { "type": "Point", "coordinates": [ 130.694639300000063, 32.8446323 ] } },
{ "type": "Feature", "properties": { "内容": "有限会社　在宅サービス　かみふうせん【訪問介護】熊本県熊本市北区高平3丁目１１－５８宮の森ハイツ　１階", "url": "https://www.kaigokensaku.mhlw.go.jp/43/index.php?action_kouhyou_detail_004_kani=true&JigyosyoCd=4370102784-00&ServiceCd=110&Type=search", "url2": "http://zs-kamifusen.com/" }, "geometry": { "type": "Point", "coordinates": [ 130.717790199999968, 32.8361338 ] } },
{ "type": "Feature", "properties": { "内容": "ケアサポート　優華【訪問介護】熊本県熊本市北区植木町平野３２１－２", "url": "https://www.kaigokensaku.mhlw.go.jp/43/index.php?action_kouhyou_detail_004_kani=true&JigyosyoCd=4370107155-00&ServiceCd=110&Type=search", "url2": null }, "geometry": { "type": "Point", "coordinates": [ 130.673926299999948, 32.8851674 ] } },
{ "type": "Feature", "properties": { "内容": "天望庵訪問介護事業所【訪問介護】熊本市北区龍田陳内１丁目３－３０", "url": "https://www.kaigokensaku.mhlw.go.jp/43/index.php?action_kouhyou_detail_004_kani=true&JigyosyoCd=4370101539-00&ServiceCd=110&Type=search", "url2": "http://tenboan.jp/" }, "geometry": { "type": "Point", "coordinates": [ 130.745529914888721, 32.822985620683632 ] } },
{ "type": "Feature", "properties": { "内容": "介護サポートだいち【訪問介護】熊本県熊本市北区鶴羽田一丁目９番６５号濱田アパート1Ｆ", "url": "https://www.kaigokensaku.mhlw.go.jp/43/index.php?action_kouhyou_detail_004_kani=true&JigyosyoCd=4370106256-00&ServiceCd=110&Type=search", "url2": null }, "geometry": { "type": "Point", "coordinates": [ 130.725225799999947, 32.8559877 ] } },
{ "type": "Feature", "properties": { "内容": "ケアサポート和み【訪問介護】熊本県熊本市北区植木町一木670-33", "url": "https://www.kaigokensaku.mhlw.go.jp/43/index.php?action_kouhyou_detail_004_kani=true&JigyosyoCd=4372500779-00&ServiceCd=110&Type=search", "url2": null }, "geometry": { "type": "Point", "coordinates": [ 130.685965900000042, 32.9028506 ] } },
{ "type": "Feature", "properties": { "内容": "むべの里光栄訪問介護事業所植木【訪問介護】熊本県北区植木町大和24番地5", "url": "https://www.kaigokensaku.mhlw.go.jp/43/index.php?action_kouhyou_detail_004_kani=true&JigyosyoCd=4370116362-00&ServiceCd=110&Type=search", "url2": "https://mubekouei.com/" }, "geometry": { "type": "Point", "coordinates": [ 130.67056450000004, 32.8836524 ] } },
{ "type": "Feature", "properties": { "内容": "麻生介護サービス株式会社　アップルハート熊本北ケアセンター【訪問介護】熊本県熊本市北区清水本町18-17K-smart清水本町2F-B", "url": "https://www.kaigokensaku.mhlw.go.jp/43/index.php?action_kouhyou_detail_004_kani=true&JigyosyoCd=4370116446-00&ServiceCd=110&Type=search", "url2": "https://www.aso-kaigo.jp/" }, "geometry": { "type": "Point", "coordinates": [ 130.7217779, 32.8333996 ] } },
{ "type": "Feature", "properties": { "内容": "朝日野訪問介護ステーション【訪問介護】熊本県熊本市北区室園町8-10サンあさひの", "url": "https://www.kaigokensaku.mhlw.go.jp/43/index.php?action_kouhyou_detail_004_kani=true&JigyosyoCd=4370116388-00&ServiceCd=110&Type=search", "url2": null }, "geometry": { "type": "Point", "coordinates": [ 130.7229858, 32.8272116 ] } },
{ "type": "Feature", "properties": { "内容": "箱根崎ホームヘルプステーション【訪問介護】熊本県熊本市北区植木町正清888", "url": "https://www.kaigokensaku.mhlw.go.jp/43/index.php?action_kouhyou_detail_004_kani=true&JigyosyoCd=4372500571-00&ServiceCd=110&Type=search", "url2": "http://www.hakonezaki.or.jp/" }, "geometry": { "type": "Point", "coordinates": [ 130.716732104893765, 32.968225068786609 ] } },
{ "type": "Feature", "properties": { "内容": "学研ココファン麻生田ヘルパーセンター【訪問介護】麻生田1-5-26", "url": "https://www.kaigokensaku.mhlw.go.jp/43/index.php?action_kouhyou_detail_004_kani=true&JigyosyoCd=4370114771-00&ServiceCd=110&Type=search", "url2": "http://www.cocofump.co.jp/" }, "geometry": { "type": "Point", "coordinates": [ 130.74009430000001, 32.8473033 ] } },
{ "type": "Feature", "properties": { "内容": "指定訪問介護事業所　あいこう【訪問介護】熊本市北区清水新地三丁目５番３３号", "url": "https://www.kaigokensaku.mhlw.go.jp/43/index.php?action_kouhyou_detail_004_kani=true&JigyosyoCd=4370102438-00&ServiceCd=110&Type=search", "url2": "http://www.aikou.or.jp" }, "geometry": { "type": "Point", "coordinates": [ 130.7395113, 32.847944 ] } },
{ "type": "Feature", "properties": { "内容": "訪問介護事業所　ぽかぽか【訪問介護】熊本市北区鹿子木町196", "url": "https://www.kaigokensaku.mhlw.go.jp/43/index.php?action_kouhyou_detail_004_kani=true&JigyosyoCd=4370114839-00&ServiceCd=110&Type=search", "url2": "https://www.pokapokabiyori.com/" }, "geometry": { "type": "Point", "coordinates": [ 130.701341952283343, 32.873327314817935 ] } },
{ "type": "Feature", "properties": { "内容": "田原坂訪問介護サービス【訪問介護】北区植木町平原212", "url": "https://www.kaigokensaku.mhlw.go.jp/43/index.php?action_kouhyou_detail_004_kani=true&JigyosyoCd=4370108914-00&ServiceCd=110&Type=search", "url2": "http://www.tohyokai.com/" }, "geometry": { "type": "Point", "coordinates": [ 130.655210500000067, 32.9213975 ] } },
{ "type": "Feature", "properties": { "内容": "訪問介護事業所ほのあかり【訪問介護】熊本県熊本市北区清水万石5丁目6番16号", "url": "https://www.kaigokensaku.mhlw.go.jp/43/index.php?action_kouhyou_detail_004_kani=true&JigyosyoCd=4370115307-00&ServiceCd=110&Type=search", "url2": null }, "geometry": { "type": "Point", "coordinates": [ 130.7306879, 32.8349758 ] } },
{ "type": "Feature", "properties": { "内容": "かじお温泉翔裕園ヘルパーステーション【訪問介護】熊本県熊本市北区梶尾町1700-1", "url": "https://www.kaigokensaku.mhlw.go.jp/43/index.php?action_kouhyou_detail_004_kani=true&JigyosyoCd=4370114896-00&ServiceCd=110&Type=search", "url2": "https://www.genkimuragroup.jp/facilitylist/kajio/" }, "geometry": { "type": "Point", "coordinates": [ 130.732275865081789, 32.870369383699114 ] } },
{ "type": "Feature", "properties": { "内容": "武蔵ヶ丘訪問介護事業所【訪問介護】熊本市北区楠7-15-1", "url": "https://www.kaigokensaku.mhlw.go.jp/43/index.php?action_kouhyou_detail_004_kani=true&JigyosyoCd=4370101794-00&ServiceCd=110&Type=search", "url2": "http://www.tanakakai.com" }, "geometry": { "type": "Point", "coordinates": [ 130.762365700000032, 32.8456609 ] } },
{ "type": "Feature", "properties": { "内容": "ゆたーっと【訪問介護】熊本県熊本市北区龍田２丁目１９番１号", "url": "https://www.kaigokensaku.mhlw.go.jp/43/index.php?action_kouhyou_detail_004_kani=true&JigyosyoCd=4370105340-00&ServiceCd=110&Type=search", "url2": null }, "geometry": { "type": "Point", "coordinates": [ 130.7562471, 32.8321176 ] } },
{ "type": "Feature", "properties": { "内容": "訪問介護ステーション　メロディー【訪問介護】熊本市北区龍田２丁目3番23号", "url": "https://www.kaigokensaku.mhlw.go.jp/43/index.php?action_kouhyou_detail_004_kani=true&JigyosyoCd=4370109565-00&ServiceCd=110&Type=search", "url2": "http://www.seisinkai.co.jp/" }, "geometry": { "type": "Point", "coordinates": [ 130.7539333, 32.8300373 ] } },
{ "type": "Feature", "properties": { "内容": "成城ヘルパーステーション　遊水公園【訪問介護】熊本市北区打越町40-46メディケアホームヒルズ成城　遊水公園", "url": "https://www.kaigokensaku.mhlw.go.jp/43/index.php?action_kouhyou_detail_004_kani=true&JigyosyoCd=4370113898-00&ServiceCd=110&Type=search", "url2": "www.k-seijo.or.jp" }, "geometry": { "type": "Point", "coordinates": [ 130.7174556, 32.8313709 ] } },
{ "type": "Feature", "properties": { "内容": "成城ヘルパーステーション【訪問介護】熊本県熊本市北区飛田4丁目5番20号メディケアホームヒルズ成城南館1階", "url": "https://www.kaigokensaku.mhlw.go.jp/43/index.php?action_kouhyou_detail_004_kani=true&JigyosyoCd=4370112544-00&ServiceCd=110&Type=search", "url2": "http://www.ryuzan.or.jp/" }, "geometry": { "type": "Point", "coordinates": [ 130.7250841, 32.8525769 ] } },
{ "type": "Feature", "properties": { "内容": "くわのみ荘ホームヘルプサービス【訪問介護】熊本市北区鹿子木町405", "url": "https://www.kaigokensaku.mhlw.go.jp/43/index.php?action_kouhyou_detail_004_kani=true&JigyosyoCd=4370100911-00&ServiceCd=110&Type=search", "url2": "http://www.kuwa.or.jp" }, "geometry": { "type": "Point", "coordinates": [ 130.696330200000034, 32.872227100000018 ] } },
{ "type": "Feature", "properties": { "内容": "ヘルパーステーションゆめ咲【訪問介護】熊本県熊本市北区植木町正清1107-2", "url": "https://www.kaigokensaku.mhlw.go.jp/43/index.php?action_kouhyou_detail_004_kani=true&JigyosyoCd=4370111686-00&ServiceCd=110&Type=search", "url2": null }, "geometry": { "type": "Point", "coordinates": [ 130.712123387731594, 32.960932947205883 ] } },
{ "type": "Feature", "properties": { "内容": "ヘルパーステーションひまわり【訪問介護】熊本市北区植木町一木28-3アニバーサリー52　103号", "url": "https://www.kaigokensaku.mhlw.go.jp/43/index.php?action_kouhyou_detail_004_kani=true&JigyosyoCd=4370115687-00&ServiceCd=110&Type=search", "url2": "http://www.himawari-kaigo.com/" }, "geometry": { "type": "Point", "coordinates": [ 130.688809244254884, 32.912607618566454 ] } },
{ "type": "Feature", "properties": { "内容": "ヘルパーステーション　まごころの手【訪問介護】熊本県熊本市北区武蔵ヶ丘1丁目2-30塚本ハイツ2－Ⅽ", "url": "https://www.kaigokensaku.mhlw.go.jp/43/index.php?action_kouhyou_detail_004_kani=true&JigyosyoCd=4370111991-00&ServiceCd=110&Type=search", "url2": "https://www.dr-factory.jp/nursinghome" }, "geometry": { "type": "Point", "coordinates": [ 130.76531624124533, 32.851384125351835 ] } },
{ "type": "Feature", "properties": { "内容": "ヘルパーステーション高平台【訪問介護】熊本県熊本市北区高平2丁目14-62", "url": "https://www.kaigokensaku.mhlw.go.jp/43/index.php?action_kouhyou_detail_004_kani=true&JigyosyoCd=4370112338-00&ServiceCd=110&Type=search", "url2": "http://www17.plala.or.jp/ogata-k/" }, "geometry": { "type": "Point", "coordinates": [ 130.7178652, 32.8333229 ] } },
{ "type": "Feature", "properties": { "内容": "社会福祉法人　熊本市社会福祉協議会　訪問介護事業所【訪問介護】熊本県熊本市北区植木町岩野238-1", "url": "https://www.kaigokensaku.mhlw.go.jp/43/index.php?action_kouhyou_detail_004_kani=true&JigyosyoCd=4372500555-00&ServiceCd=110&Type=search", "url2": "http://www.kumamoto-city-csw.or.jp/" }, "geometry": { "type": "Point", "coordinates": [ 130.69553010000007, 32.903785400000011 ] } },
{ "type": "Feature", "properties": { "内容": "ニチイケアセンター楠【訪問介護】熊本市北区武蔵ヶ丘８－４－５２", "url": "https://www.kaigokensaku.mhlw.go.jp/43/index.php?action_kouhyou_detail_004_kani=true&JigyosyoCd=4370102057-00&ServiceCd=110&Type=search", "url2": null }, "geometry": { "type": "Point", "coordinates": [ 130.7755919, 32.857132 ] } },
{ "type": "Feature", "properties": { "内容": "ニチイケアセンターうえき【訪問介護】熊本県熊本市北区植木町舞尾593-2　1-B", "url": "https://www.kaigokensaku.mhlw.go.jp/43/index.php?action_kouhyou_detail_004_kani=true&JigyosyoCd=4370107429-00&ServiceCd=110&Type=search", "url2": null }, "geometry": { "type": "Point", "coordinates": [ 130.690140199999973, 32.89826570000001 ] } },
{ "type": "Feature", "properties": { "内容": "サンウェルズ光の森ヘルパーステーション【訪問介護】熊本県熊本市北区武蔵ヶ丘9丁目2－43PDハウス光の森", "url": "https://www.kaigokensaku.mhlw.go.jp/43/index.php?action_kouhyou_detail_004_kani=true&JigyosyoCd=4370115844-00&ServiceCd=110&Type=search", "url2": "https://sunwels.jp/" }, "geometry": { "type": "Point", "coordinates": [ 130.779762481613915, 32.855242494553842 ] } },
{ "type": "Feature", "properties": { "内容": "訪問介護ステーション　湊【訪問介護】下硯川町1881-6", "url": "https://www.kaigokensaku.mhlw.go.jp/43/index.php?action_kouhyou_detail_004_kani=true&JigyosyoCd=4370114821-00&ServiceCd=110&Type=search", "url2": "http://seafour.co.jp" }, "geometry": { "type": "Point", "coordinates": [ 130.701509938360999, 32.855870705032558 ] } },
{ "type": "Feature", "properties": { "内容": "Let'sヘルパー！熊本北【訪問介護】熊本県熊本市北区高平３丁目４２番３号", "url": "https://www.kaigokensaku.mhlw.go.jp/43/index.php?action_kouhyou_detail_004_kani=true&JigyosyoCd=4370114219-00&ServiceCd=110&Type=search", "url2": null }, "geometry": { "type": "Point", "coordinates": [ 130.719047, 32.8389783 ] } },
{ "type": "Feature", "properties": { "内容": "ヘルパーステーションたいじゅ【訪問介護】熊本県熊本市北区下硯川町2111-3", "url": "https://www.kaigokensaku.mhlw.go.jp/43/index.php?action_kouhyou_detail_004_kani=true&JigyosyoCd=4370111256-00&ServiceCd=110&Type=search", "url2": "http://www.taiju-yomogi.co.jp" }, "geometry": { "type": "Point", "coordinates": [ 130.709165699999971, 32.8584482 ] } },
{ "type": "Feature", "properties": { "内容": "ひなたのき梶尾【訪問介護】梶尾町1709番地有料老人ホームひなたの家内", "url": "https://www.kaigokensaku.mhlw.go.jp/43/index.php?action_kouhyou_detail_004_kani=true&JigyosyoCd=4370112122-00&ServiceCd=110&Type=search", "url2": null }, "geometry": { "type": "Point", "coordinates": [ 130.729956337464984, 32.871922422508298 ] } },
{ "type": "Feature", "properties": { "内容": "訪問介護事業所treehouse【訪問介護】熊本市熊本市北区下硯川１丁目１番７号", "url": "https://www.kaigokensaku.mhlw.go.jp/43/index.php?action_kouhyou_detail_004_kani=true&JigyosyoCd=4370116370-00&ServiceCd=110&Type=search", "url2": "https://hp.kaipoke.biz/s9z/" }, "geometry": { "type": "Point", "coordinates": [ 130.707459699999987, 32.8471168 ] } },
{ "type": "Feature", "properties": { "内容": "セントケア植木【訪問介護】熊本県熊本市北区植木町豊田４８１－１福田アパート　１０２号", "url": "https://www.kaigokensaku.mhlw.go.jp/43/index.php?action_kouhyou_detail_004_kani=true&JigyosyoCd=4372500837-00&ServiceCd=110&Type=search", "url2": null }, "geometry": { "type": "Point", "coordinates": [ 130.7085121, 32.9409806 ] } },
{ "type": "Feature", "properties": { "内容": "ドリーム・ケアハウス【訪問介護】熊本県熊本市北区楡木２丁目11番144号", "url": "https://www.kaigokensaku.mhlw.go.jp/43/index.php?action_kouhyou_detail_004_kani=true&JigyosyoCd=4370104269-00&ServiceCd=110&Type=search", "url2": null }, "geometry": { "type": "Point", "coordinates": [ 130.753283099999976, 32.8441554 ] } },
{ "type": "Feature", "properties": { "内容": "ヘルパーステーションスマイルクーラ熊本北【訪問介護】熊本県熊本市北区植木町広住425-13", "url": "https://www.kaigokensaku.mhlw.go.jp/43/index.php?action_kouhyou_detail_004_kani=true&JigyosyoCd=4370116743-00&ServiceCd=110&Type=search", "url2": "https://assist-group.net/helperstation_kumamoto_kita/" }, "geometry": { "type": "Point", "coordinates": [ 130.694128400000011, 32.9016461 ] } },
{ "type": "Feature", "properties": { "内容": "訪問介護事業所介護サポートライブ【訪問介護】熊本市北区清水東町2番32号", "url": "https://www.kaigokensaku.mhlw.go.jp/43/index.php?action_kouhyou_detail_004_kani=true&JigyosyoCd=4370104871-00&ServiceCd=110&Type=search", "url2": null }, "geometry": { "type": "Point", "coordinates": [ 130.726592399999959, 32.8367005 ] } },
{ "type": "Feature", "properties": { "内容": "訪問介護事業所たつだ【訪問介護】熊本県熊本市北区龍田弓削1丁目17番12号", "url": "https://www.kaigokensaku.mhlw.go.jp/43/index.php?action_kouhyou_detail_004_kani=true&JigyosyoCd=4370113286-00&ServiceCd=110&Type=search", "url2": "https：//tatsudanoie.wixsite.com/index" }, "geometry": { "type": "Point", "coordinates": [ 130.764583280496367, 32.842636174199832 ] } },
{ "type": "Feature", "properties": { "内容": "ヘルパーステーション　ハイコムライフ【訪問介護】熊本市北区楠８丁目18-53ハイコムライフ武蔵ヶ丘", "url": "https://www.kaigokensaku.mhlw.go.jp/43/index.php?action_kouhyou_detail_004_kani=true&JigyosyoCd=4370113104-00&ServiceCd=110&Type=search", "url2": null }, "geometry": { "type": "Point", "coordinates": [ 130.766325246348742, 32.848523908910856 ] } },
{ "type": "Feature", "properties": { "内容": "訪問介護事業所　縁ing【訪問介護】西梶尾町474-2303号", "url": "https://www.kaigokensaku.mhlw.go.jp/43/index.php?action_kouhyou_detail_004_kani=true&JigyosyoCd=4370111801-00&ServiceCd=110&Type=search", "url2": "http://www.kaigo-enishing.com/" }, "geometry": { "type": "Point", "coordinates": [ 130.704240900000059, 32.8697276 ] } },
{ "type": "Feature", "properties": { "内容": "ﾍﾙﾊﾟｰｽﾃｰｼｮﾝ　よもぎ【訪問介護】四方寄町1411-9", "url": "https://www.kaigokensaku.mhlw.go.jp/43/index.php?action_kouhyou_detail_004_kani=true&JigyosyoCd=4370110852-00&ServiceCd=110&Type=search", "url2": "www.yomogiclinic.or.jp" }, "geometry": { "type": "Point", "coordinates": [ 130.7065963, 32.8674445 ] } },
{ "type": "Feature", "properties": { "内容": "訪問介護事業所ドアーズ【訪問介護】鶴羽田町1040", "url": "https://www.kaigokensaku.mhlw.go.jp/43/index.php?action_kouhyou_detail_004_kani=true&JigyosyoCd=4370107528-00&ServiceCd=110&Type=search", "url2": "http://www.doors-inchp.com/" }, "geometry": { "type": "Point", "coordinates": [ 130.7248482, 32.8656757 ] } },
{ "type": "Feature", "properties": { "内容": "訪問介護ステーション田原坂【訪問介護】熊本市北区植木町一木582番地1", "url": "https://www.kaigokensaku.mhlw.go.jp/43/index.php?action_kouhyou_detail_004_kani=true&JigyosyoCd=4370107775-00&ServiceCd=110&Type=search", "url2": "http://www.houjyukai-g.jp" }, "geometry": { "type": "Point", "coordinates": [ 130.689486200000033, 32.9043518 ] } },
{ "type": "Feature", "properties": { "内容": "ケアステーション　リバティ【訪問介護】龍田8丁目4-27", "url": "https://www.kaigokensaku.mhlw.go.jp/43/index.php?action_kouhyou_detail_004_kani=true&JigyosyoCd=4370109920-00&ServiceCd=110&Type=search", "url2": "http://liberty.boy.jp/index.html" }, "geometry": { "type": "Point", "coordinates": [ 130.75772768169432, 32.839205810104225 ] } },
{ "type": "Feature", "properties": { "内容": "北くまもと訪問介護ステーション【訪問介護】熊本県熊本市北区飛田4丁目3-81", "url": "https://www.kaigokensaku.mhlw.go.jp/43/index.php?action_kouhyou_detail_004_kani=true&JigyosyoCd=4370113989-00&ServiceCd=110&Type=search", "url2": "http://www.terao.or.jp" }, "geometry": { "type": "Point", "coordinates": [ 130.7219957, 32.8518886 ] } },
{ "type": "Feature", "properties": { "内容": "ケアサポートゆり【訪問介護】熊本県熊本市北区釜尾町965ー1", "url": "https://www.kaigokensaku.mhlw.go.jp/43/index.php?action_kouhyou_detail_004_kani=true&JigyosyoCd=4370110894-00&ServiceCd=110&Type=search", "url2": null }, "geometry": { "type": "Point", "coordinates": [ 130.693620199999941, 32.8350859 ] } },
{ "type": "Feature", "properties": { "内容": "訪問介護ステーション　和心縁【訪問介護】熊本市北区麻生田5丁目6－12麻生田プラザハウスC棟", "url": "https://www.kaigokensaku.mhlw.go.jp/43/index.php?action_kouhyou_detail_004_kani=true&JigyosyoCd=4370116958-00&ServiceCd=110&Type=search", "url2": null }, "geometry": { "type": "Point", "coordinates": [ 130.7457129, 32.8523162 ] } },
{ "type": "Feature", "properties": { "内容": "訪問介護ステーション　壱翔【訪問介護】熊本県八代市千丁町古閑出2600", "url": "https://www.kaigokensaku.mhlw.go.jp/43/index.php?action_kouhyou_detail_004_kani=true&JigyosyoCd=4370201941-00&ServiceCd=110&Type=search", "url2": null }, "geometry": { "type": "Point", "coordinates": [ 130.6135193, 32.5470763 ] } },
{ "type": "Feature", "properties": { "内容": "ふれあいホームヘルパーステーション【訪問介護】熊本県八代市敷川内町2239-3", "url": "https://www.kaigokensaku.mhlw.go.jp/43/index.php?action_kouhyou_detail_004_kani=true&JigyosyoCd=4370203434-00&ServiceCd=110&Type=search", "url2": null }, "geometry": { "type": "Point", "coordinates": [ 130.598243700000012, 32.4568064 ] } },
{ "type": "Feature", "properties": { "内容": "ホームヘルパーステーションぴかりんこ【訪問介護】熊本県八代市渡町1717番地", "url": "https://www.kaigokensaku.mhlw.go.jp/43/index.php?action_kouhyou_detail_004_kani=true&JigyosyoCd=4311711560-00&ServiceCd=110&Type=search", "url2": "http://www.minetoma-hos.jp" }, "geometry": { "type": "Point", "coordinates": [ 130.624109545507849, 32.492333676553955 ] } },
{ "type": "Feature", "properties": { "内容": "ニチイケアセンター八代【訪問介護】熊本県八代市松江町５６１番地１", "url": "https://www.kaigokensaku.mhlw.go.jp/43/index.php?action_kouhyou_detail_004_kani=true&JigyosyoCd=4370200489-00&ServiceCd=110&Type=search", "url2": "http://www.nichiigakkan.co.jp" }, "geometry": { "type": "Point", "coordinates": [ 130.6004544, 32.5156698 ] } },
{ "type": "Feature", "properties": { "内容": "シラサギホームヘルパーステーション【訪問介護】熊本県八代市北の丸町３番地５０", "url": "https://www.kaigokensaku.mhlw.go.jp/43/index.php?action_kouhyou_detail_004_kani=true&JigyosyoCd=4370200620-00&ServiceCd=110&Type=search", "url2": "http://www.kaigocsc.co.jp/sirasagi" }, "geometry": { "type": "Point", "coordinates": [ 130.595477, 32.5099116 ] } },
{ "type": "Feature", "properties": { "内容": "すずらんの里ヘルパーステーション【訪問介護】熊本県八代市本野町2568－1", "url": "https://www.kaigokensaku.mhlw.go.jp/43/index.php?action_kouhyou_detail_004_kani=true&JigyosyoCd=4370200703-00&ServiceCd=110&Type=search", "url2": "http://www.tenryuukai.jp/" }, "geometry": { "type": "Point", "coordinates": [ 130.6082189, 32.4814287 ] } },
{ "type": "Feature", "properties": { "内容": "ヘルパーステーション椿【訪問介護】熊本県八代市海士江町3340-5椿グループ統括本部", "url": "https://www.kaigokensaku.mhlw.go.jp/43/index.php?action_kouhyou_detail_004_kani=true&JigyosyoCd=4370200760-00&ServiceCd=110&Type=search", "url2": "http://tsubaki-y.com" }, "geometry": { "type": "Point", "coordinates": [ 130.618653861367392, 32.522902712863811 ] } },
{ "type": "Feature", "properties": { "内容": "訪問介護事業所ラポ-ル新世園【訪問介護】熊本県八代市古閑下町1798番地", "url": "https://www.kaigokensaku.mhlw.go.jp/43/index.php?action_kouhyou_detail_004_kani=true&JigyosyoCd=4370200786-00&ServiceCd=110&Type=search", "url2": null }, "geometry": { "type": "Point", "coordinates": [ 130.610109695095389, 32.531487515150943 ] } },
{ "type": "Feature", "properties": { "内容": "ヘルパーステーション　キャッスル八代【訪問介護】熊本県八代市本町三丁目３番４１号", "url": "https://www.kaigokensaku.mhlw.go.jp/43/index.php?action_kouhyou_detail_004_kani=true&JigyosyoCd=4370200935-00&ServiceCd=110&Type=search", "url2": "http://www.y-aiikukai.jp" }, "geometry": { "type": "Point", "coordinates": [ 130.597432499999968, 32.5051343 ] } },
{ "type": "Feature", "properties": { "内容": "訪問介護ステーションわらべ【訪問介護】熊本県八代市高下東町389番地", "url": "https://www.kaigokensaku.mhlw.go.jp/43/index.php?action_kouhyou_detail_004_kani=true&JigyosyoCd=4370200943-00&ServiceCd=110&Type=search", "url2": null }, "geometry": { "type": "Point", "coordinates": [ 130.617469015344227, 32.492931746609564 ] } },
{ "type": "Feature", "properties": { "内容": "福祉サービス熊本【訪問介護】熊本県八代市田中町573-8", "url": "https://www.kaigokensaku.mhlw.go.jp/43/index.php?action_kouhyou_detail_004_kani=true&JigyosyoCd=4370200992-00&ServiceCd=110&Type=search", "url2": null }, "geometry": { "type": "Point", "coordinates": [ 130.60663169999998, 32.5170283 ] } },
{ "type": "Feature", "properties": { "内容": "社会福祉法人グリーンコープふくしサービスセンターそよ風【訪問介護】熊本県八代市本町四丁目２－２８", "url": "https://www.kaigokensaku.mhlw.go.jp/43/index.php?action_kouhyou_detail_004_kani=true&JigyosyoCd=4370201065-00&ServiceCd=110&Type=search", "url2": "http://www.greencoop-kumamoto.jp" }, "geometry": { "type": "Point", "coordinates": [ 130.596077, 32.5042953 ] } },
{ "type": "Feature", "properties": { "内容": "大和ケアサービス【訪問介護】熊本県八代市大村町８５９－７", "url": "https://www.kaigokensaku.mhlw.go.jp/43/index.php?action_kouhyou_detail_004_kani=true&JigyosyoCd=4370201495-00&ServiceCd=110&Type=search", "url2": null }, "geometry": { "type": "Point", "coordinates": [ 130.616961599999968, 32.5131903 ] } },
{ "type": "Feature", "properties": { "内容": "訪問介護ステーション　ゆーぜん【訪問介護】熊本県八代市鼠蔵町２８０番地１", "url": "https://www.kaigokensaku.mhlw.go.jp/43/index.php?action_kouhyou_detail_004_kani=true&JigyosyoCd=4370201545-00&ServiceCd=110&Type=search", "url2": null }, "geometry": { "type": "Point", "coordinates": [ 130.5600177, 32.4852041 ] } },
{ "type": "Feature", "properties": { "内容": "陽向【訪問介護】熊本県八代市新開町3-3-35", "url": "https://www.kaigokensaku.mhlw.go.jp/43/index.php?action_kouhyou_detail_004_kani=true&JigyosyoCd=4370201578-00&ServiceCd=110&Type=search", "url2": "https://hi-na-ta.jp/nursing/" }, "geometry": { "type": "Point", "coordinates": [ 130.578541161051021, 32.507414646524701 ] } },
{ "type": "Feature", "properties": { "内容": "鈴かぜ【訪問介護】熊本県八代市豊原上町3012-1", "url": "https://www.kaigokensaku.mhlw.go.jp/43/index.php?action_kouhyou_detail_004_kani=true&JigyosyoCd=4370201768-00&ServiceCd=110&Type=search", "url2": "http://www.suzukaze.com" }, "geometry": { "type": "Point", "coordinates": [ 130.628022900000019, 32.4843128 ] } },
{ "type": "Feature", "properties": { "内容": "訪問介護事業所みのり【訪問介護】八代市郡築四番町40番地8", "url": "https://www.kaigokensaku.mhlw.go.jp/43/index.php?action_kouhyou_detail_004_kani=true&JigyosyoCd=4370201818-00&ServiceCd=110&Type=search", "url2": null }, "geometry": { "type": "Point", "coordinates": [ 130.568626699999982, 32.526368 ] } },
{ "type": "Feature", "properties": { "内容": "ヘルパーステーション　トータルケア【訪問介護】熊本県八代市北の丸町1-12宮崎ビル2階", "url": "https://www.kaigokensaku.mhlw.go.jp/43/index.php?action_kouhyou_detail_004_kani=true&JigyosyoCd=4370201867-00&ServiceCd=110&Type=search", "url2": null }, "geometry": { "type": "Point", "coordinates": [ 130.601318094161797, 32.508797765246229 ] } },
{ "type": "Feature", "properties": { "内容": "若菜【訪問介護】熊本県八代市千丁町太牟田2471番地6", "url": "https://www.kaigokensaku.mhlw.go.jp/43/index.php?action_kouhyou_detail_004_kani=true&JigyosyoCd=4370201883-00&ServiceCd=110&Type=search", "url2": "http://www.nams.co.jp" }, "geometry": { "type": "Point", "coordinates": [ 130.6398289, 32.5483886 ] } },
{ "type": "Feature", "properties": { "内容": "太子郷　訪問介護事業所【訪問介護】熊本県八代市東片町４５２番地１", "url": "https://www.kaigokensaku.mhlw.go.jp/43/index.php?action_kouhyou_detail_004_kani=true&JigyosyoCd=4370201891-00&ServiceCd=110&Type=search", "url2": null }, "geometry": { "type": "Point", "coordinates": [ 130.647926699999971, 32.5101556 ] } },
{ "type": "Feature", "properties": { "内容": "ヘルパーステーションいっぷうかん【訪問介護】熊本県八代市井揚町字参番割３０９１番２", "url": "https://www.kaigokensaku.mhlw.go.jp/43/index.php?action_kouhyou_detail_004_kani=true&JigyosyoCd=4370201933-00&ServiceCd=110&Type=search", "url2": "なし" }, "geometry": { "type": "Point", "coordinates": [ 130.597049100000049, 32.524269100000019 ] } },
{ "type": "Feature", "properties": { "内容": "ヘルパーステーションみどり【訪問介護】熊本県八代市鏡町内田５１０番地１", "url": "https://www.kaigokensaku.mhlw.go.jp/43/index.php?action_kouhyou_detail_004_kani=true&JigyosyoCd=4370202022-00&ServiceCd=110&Type=search", "url2": null }, "geometry": { "type": "Point", "coordinates": [ 130.650142038623017, 32.561220244581349 ] } },
{ "type": "Feature", "properties": { "内容": "みかんの里ヘルパーステーション【訪問介護】豊原下町4305-1", "url": "https://www.kaigokensaku.mhlw.go.jp/43/index.php?action_kouhyou_detail_004_kani=true&JigyosyoCd=4370202030-00&ServiceCd=110&Type=search", "url2": null }, "geometry": { "type": "Point", "coordinates": [ 130.612372044729682, 32.476568749110584 ] } },
{ "type": "Feature", "properties": { "内容": "ヘルパーステーション　だんだん【訪問介護】熊本県八代市鏡町鏡553番地8", "url": "https://www.kaigokensaku.mhlw.go.jp/43/index.php?action_kouhyou_detail_004_kani=true&JigyosyoCd=4370202055-00&ServiceCd=110&Type=search", "url2": "http://www.day-dandan.com" }, "geometry": { "type": "Point", "coordinates": [ 130.651488200000017, 32.5722509 ] } },
{ "type": "Feature", "properties": { "内容": "訪問介護事業所　「なぎさの風」【訪問介護】熊本県八代市新開町3号3番31", "url": "https://www.kaigokensaku.mhlw.go.jp/43/index.php?action_kouhyou_detail_004_kani=true&JigyosyoCd=4370202352-00&ServiceCd=110&Type=search", "url2": "http://nagisanosato.com/" }, "geometry": { "type": "Point", "coordinates": [ 130.580597338059192, 32.507710891814042 ] } },
{ "type": "Feature", "properties": { "内容": "訪問介護　ひなたぼっこ【訪問介護】熊本県八代市古閑中町２３２０番地", "url": "https://www.kaigokensaku.mhlw.go.jp/43/index.php?action_kouhyou_detail_004_kani=true&JigyosyoCd=4370202550-00&ServiceCd=110&Type=search", "url2": null }, "geometry": { "type": "Point", "coordinates": [ 130.600610073815687, 32.530547421705229 ] } },
{ "type": "Feature", "properties": { "内容": "訪問介護ステーションオリーブ【訪問介護】熊本県八代市古閑中町2335-2", "url": "https://www.kaigokensaku.mhlw.go.jp/43/index.php?action_kouhyou_detail_004_kani=true&JigyosyoCd=4370202568-00&ServiceCd=110&Type=search", "url2": null }, "geometry": { "type": "Point", "coordinates": [ 130.60137728904013, 32.530359050666675 ] } },
{ "type": "Feature", "properties": { "内容": "訪問介護ステーションにじ【訪問介護】熊本県八代市上片町1302", "url": "https://www.kaigokensaku.mhlw.go.jp/43/index.php?action_kouhyou_detail_004_kani=true&JigyosyoCd=4370202717-00&ServiceCd=110&Type=search", "url2": null }, "geometry": { "type": "Point", "coordinates": [ 130.642627, 32.5058446 ] } },
{ "type": "Feature", "properties": { "内容": "訪問介護事業所　宝晶【訪問介護】熊本県八代市本町2丁目1-16", "url": "https://www.kaigokensaku.mhlw.go.jp/43/index.php?action_kouhyou_detail_004_kani=true&JigyosyoCd=4370202766-00&ServiceCd=110&Type=search", "url2": null }, "geometry": { "type": "Point", "coordinates": [ 130.6018322, 32.504504 ] } },
{ "type": "Feature", "properties": { "内容": "訪問介護　野の花【訪問介護】熊本県八代市鏡町鏡村20-5　ランドリーテナントＡ", "url": "https://www.kaigokensaku.mhlw.go.jp/43/index.php?action_kouhyou_detail_004_kani=true&JigyosyoCd=4370202774-00&ServiceCd=110&Type=search", "url2": null }, "geometry": { "type": "Point", "coordinates": [ 130.629429, 32.5583624 ] } },
{ "type": "Feature", "properties": { "内容": "Let’ｓヘルパー！八代高田【訪問介護】熊本県八代市高下西町1426番地", "url": "https://www.kaigokensaku.mhlw.go.jp/43/index.php?action_kouhyou_detail_004_kani=true&JigyosyoCd=4370202832-00&ServiceCd=110&Type=search", "url2": null }, "geometry": { "type": "Point", "coordinates": [ 130.607765800000038, 32.4893529 ] } },
{ "type": "Feature", "properties": { "内容": "訪問介護事業所いっしん【訪問介護】熊本県八代市植柳下町1194番地", "url": "https://www.kaigokensaku.mhlw.go.jp/43/index.php?action_kouhyou_detail_004_kani=true&JigyosyoCd=4370202949-00&ServiceCd=110&Type=search", "url2": null }, "geometry": { "type": "Point", "coordinates": [ 130.599769499999979, 32.48395020000001 ] } },
{ "type": "Feature", "properties": { "内容": "えみのわ熊本【訪問介護】熊本県八代市通町４－４１", "url": "https://www.kaigokensaku.mhlw.go.jp/43/index.php?action_kouhyou_detail_004_kani=true&JigyosyoCd=4370202980-00&ServiceCd=110&Type=search", "url2": "http/www.eminowa.net" }, "geometry": { "type": "Point", "coordinates": [ 130.606247810402238, 32.508263468965005 ] } },
{ "type": "Feature", "properties": { "内容": "訪問介護せんり【訪問介護】熊本県八代市鏡町鏡村1103番地1", "url": "https://www.kaigokensaku.mhlw.go.jp/43/index.php?action_kouhyou_detail_004_kani=true&JigyosyoCd=4370203053-00&ServiceCd=110&Type=search", "url2": "www.senriplanning.com" }, "geometry": { "type": "Point", "coordinates": [ 130.659471100000019, 32.5721206 ] } },
{ "type": "Feature", "properties": { "内容": "ヘルパーステーションかざぐるま【訪問介護】熊本県八代市田中町19-9", "url": "https://www.kaigokensaku.mhlw.go.jp/43/index.php?action_kouhyou_detail_004_kani=true&JigyosyoCd=4370203079-00&ServiceCd=110&Type=search", "url2": null }, "geometry": { "type": "Point", "coordinates": [ 130.611369196820249, 32.517811118117642 ] } },
{ "type": "Feature", "properties": { "内容": "ヘルパーステーション　陽だまりの里【訪問介護】熊本県八代市高下西町字西寺川2280番地", "url": "https://www.kaigokensaku.mhlw.go.jp/43/index.php?action_kouhyou_detail_004_kani=true&JigyosyoCd=4370203087-00&ServiceCd=110&Type=search", "url2": "taisei-affection.com" }, "geometry": { "type": "Point", "coordinates": [ 130.604020574066226, 32.482455699410977 ] } },
{ "type": "Feature", "properties": { "内容": "ニチイケアセンターかがみ【訪問介護】熊本県八代市鏡町鏡266-6", "url": "https://www.kaigokensaku.mhlw.go.jp/43/index.php?action_kouhyou_detail_004_kani=true&JigyosyoCd=4370203145-00&ServiceCd=110&Type=search", "url2": null }, "geometry": { "type": "Point", "coordinates": [ 130.65524468650824, 32.569366980514275 ] } },
{ "type": "Feature", "properties": { "内容": "訪問介護事業所　ブロッサムありさ【訪問介護】熊本県八代市郡築３番町８１－２", "url": "https://www.kaigokensaku.mhlw.go.jp/43/index.php?action_kouhyou_detail_004_kani=true&JigyosyoCd=4370203228-00&ServiceCd=110&Type=search", "url2": "info@hc-b" }, "geometry": { "type": "Point", "coordinates": [ 130.567745429381347, 32.524489778830194 ] } },
{ "type": "Feature", "properties": { "内容": "プレストガーデン古閑中町訪問介護事業所【訪問介護】熊本県八代市古閑中町1386番地1", "url": "https://www.kaigokensaku.mhlw.go.jp/43/index.php?action_kouhyou_detail_004_kani=true&JigyosyoCd=4370203384-00&ServiceCd=110&Type=search", "url2": "https://presto-ks.com" }, "geometry": { "type": "Point", "coordinates": [ 130.606416700000011, 32.5269779 ] } },
{ "type": "Feature", "properties": { "内容": "ヘルパーステーション　安寿の里【訪問介護】熊本県八代市鏡町内田742番", "url": "https://www.kaigokensaku.mhlw.go.jp/43/index.php?action_kouhyou_detail_004_kani=true&JigyosyoCd=4372900524-00&ServiceCd=110&Type=search", "url2": "http://www.kaigonet.net/anju/" }, "geometry": { "type": "Point", "coordinates": [ 130.649792180791167, 32.564276628483888 ] } },
{ "type": "Feature", "properties": { "内容": "かがやき園ヘルパーステーション【訪問介護】熊本県八代市通町８番３０号", "url": "https://www.kaigokensaku.mhlw.go.jp/43/index.php?action_kouhyou_detail_004_kani=true&JigyosyoCd=4370201594-00&ServiceCd=110&Type=search", "url2": "http://kagayaki-en.com" }, "geometry": { "type": "Point", "coordinates": [ 130.603984800000035, 32.5075595 ] } },
{ "type": "Feature", "properties": { "内容": "ヘルパーステーションみずしま【訪問介護】熊本県八代市鼠蔵町69番地", "url": "https://www.kaigokensaku.mhlw.go.jp/43/index.php?action_kouhyou_detail_004_kani=true&JigyosyoCd=4370202139-00&ServiceCd=110&Type=search", "url2": null }, "geometry": { "type": "Point", "coordinates": [ 130.573041500000045, 32.4806077 ] } },
{ "type": "Feature", "properties": { "内容": "訪問介護事業所ハッピーやちわ【訪問介護】熊本県八代市古閑中町２２６４－１（Ｅ101）", "url": "https://www.kaigokensaku.mhlw.go.jp/43/index.php?action_kouhyou_detail_004_kani=true&JigyosyoCd=4370202618-00&ServiceCd=110&Type=search", "url2": null }, "geometry": { "type": "Point", "coordinates": [ 130.605820223793444, 32.532778078878117 ] } },
{ "type": "Feature", "properties": { "内容": "訪問介護ひらき【訪問介護】熊本県八代市新地町6番25号", "url": "https://www.kaigokensaku.mhlw.go.jp/43/index.php?action_kouhyou_detail_004_kani=true&JigyosyoCd=4370202923-00&ServiceCd=110&Type=search", "url2": "https://hiraki-seiwakai.com" }, "geometry": { "type": "Point", "coordinates": [ 130.5898191, 32.5088864 ] } },
{ "type": "Feature", "properties": { "内容": "訪問介護事業所　まりん【訪問介護】熊本県八代市緑町12-6", "url": "https://www.kaigokensaku.mhlw.go.jp/43/index.php?action_kouhyou_detail_004_kani=true&JigyosyoCd=4370202709-00&ServiceCd=110&Type=search", "url2": null }, "geometry": { "type": "Point", "coordinates": [ 130.609432410752362, 32.505801316479754 ] } },
{ "type": "Feature", "properties": { "内容": "訪問介護ステーションしらぬい【訪問介護】熊本県八代市田中西町5-7ＳＲＳＴビル102", "url": "https://www.kaigokensaku.mhlw.go.jp/43/index.php?action_kouhyou_detail_004_kani=true&JigyosyoCd=4370202048-00&ServiceCd=110&Type=search", "url2": "http://shiranuikai.net/" }, "geometry": { "type": "Point", "coordinates": [ 130.604241202023701, 32.519268766100303 ] } },
{ "type": "Feature", "properties": { "内容": "訪問介護事業所夕葉町【訪問介護】熊本県八代市夕葉町7-3グッドライフ夕葉町", "url": "https://www.kaigokensaku.mhlw.go.jp/43/index.php?action_kouhyou_detail_004_kani=true&JigyosyoCd=4370202147-00&ServiceCd=110&Type=search", "url2": "yuba.leader@leaf.ocn.ne.jp(goodlife4)" }, "geometry": { "type": "Point", "coordinates": [ 130.609784600000012, 32.501252 ] } },
{ "type": "Feature", "properties": { "内容": "月のうさぎヘルパーステーション【訪問介護】熊本県八代市黄金町4-13　グランドキャッスルトウジン熊本1-204", "url": "https://www.kaigokensaku.mhlw.go.jp/43/index.php?action_kouhyou_detail_004_kani=true&JigyosyoCd=4370201032-00&ServiceCd=110&Type=search", "url2": "https://www.tukino-usagi2003.com/" }, "geometry": { "type": "Point", "coordinates": [ 130.602609059524525, 32.526870160670022 ] } },
{ "type": "Feature", "properties": { "内容": "ヘルパーステーション　万葉【訪問介護】熊本県八代市麦島西町6号18番", "url": "https://www.kaigokensaku.mhlw.go.jp/43/index.php?action_kouhyou_detail_004_kani=true&JigyosyoCd=4370201990-00&ServiceCd=110&Type=search", "url2": null }, "geometry": { "type": "Point", "coordinates": [ 130.575852599999962, 32.4763804 ] } },
{ "type": "Feature", "properties": { "内容": "訪問介護事業所　御倉【訪問介護】鏡町鏡　３６６番地", "url": "https://www.kaigokensaku.mhlw.go.jp/43/index.php?action_kouhyou_detail_004_kani=true&JigyosyoCd=4370202162-00&ServiceCd=110&Type=search", "url2": null }, "geometry": { "type": "Point", "coordinates": [ 130.653499399999987, 32.5688402 ] } },
{ "type": "Feature", "properties": { "内容": "ヘルパーステーションふうりん【訪問介護】熊本県八代市千丁町古閑出２８０７－３", "url": "https://www.kaigokensaku.mhlw.go.jp/43/index.php?action_kouhyou_detail_004_kani=true&JigyosyoCd=4370203285-00&ServiceCd=110&Type=search", "url2": null }, "geometry": { "type": "Point", "coordinates": [ 130.6161796, 32.5488954 ] } },
{ "type": "Feature", "properties": { "内容": "暮-KURASHI-【訪問介護】熊本県八代市上日置町2622-2", "url": "https://www.kaigokensaku.mhlw.go.jp/43/index.php?action_kouhyou_detail_004_kani=true&JigyosyoCd=4370203376-00&ServiceCd=110&Type=search", "url2": null }, "geometry": { "type": "Point", "coordinates": [ 130.632457191954444, 32.505516231670022 ] } },
{ "type": "Feature", "properties": { "内容": "楽寿　ホームヘルパーステーション【訪問介護】熊本県八代市川田町東1048-16", "url": "https://www.kaigokensaku.mhlw.go.jp/43/index.php?action_kouhyou_detail_004_kani=true&JigyosyoCd=4370202329-00&ServiceCd=110&Type=search", "url2": null }, "geometry": { "type": "Point", "coordinates": [ 130.656394875476707, 32.519932312198847 ] } },
{ "type": "Feature", "properties": { "内容": "ヘルパーステーション　リバーサイド御薬園【訪問介護】熊本県人吉市七地町28番地1", "url": "https://www.kaigokensaku.mhlw.go.jp/43/index.php?action_kouhyou_detail_004_kani=true&JigyosyoCd=4350380012-00&ServiceCd=110&Type=search", "url2": "http://www.oyakuen-g.or.jp" }, "geometry": { "type": "Point", "coordinates": [ 130.77386086270451, 32.213901007044505 ] } },
{ "type": "Feature", "properties": { "内容": "ヘルパーステーション愛生会【訪問介護】熊本県人吉市南泉田町　109-1", "url": "https://www.kaigokensaku.mhlw.go.jp/43/index.php?action_kouhyou_detail_004_kani=true&JigyosyoCd=4370300412-00&ServiceCd=110&Type=search", "url2": "http://www4.ocn.ne.jp/~aiseieco/index.html" }, "geometry": { "type": "Point", "coordinates": [ 130.763135576057465, 32.21615608358691 ] } },
{ "type": "Feature", "properties": { "内容": "ヘルパーステーションすずらん【訪問介護】熊本県人吉市瓦屋町１１７４番地２", "url": "https://www.kaigokensaku.mhlw.go.jp/43/index.php?action_kouhyou_detail_004_kani=true&JigyosyoCd=4370300719-00&ServiceCd=110&Type=search", "url2": null }, "geometry": { "type": "Point", "coordinates": [ 130.7751389, 32.2260584 ] } },
{ "type": "Feature", "properties": { "内容": "ヘルパーステーション　聖心園【訪問介護】熊本県人吉市寺町１１番地6", "url": "https://www.kaigokensaku.mhlw.go.jp/43/index.php?action_kouhyou_detail_004_kani=true&JigyosyoCd=4370300818-00&ServiceCd=110&Type=search", "url2": null }, "geometry": { "type": "Point", "coordinates": [ 130.7620795, 32.2065389 ] } },
{ "type": "Feature", "properties": { "内容": "ニチイケアセンターひとよし【訪問介護】熊本県人吉市西間下町字一本杉１３２－１サンマリーンビルⅡ１階", "url": "https://www.kaigokensaku.mhlw.go.jp/43/index.php?action_kouhyou_detail_004_kani=true&JigyosyoCd=4370300917-00&ServiceCd=110&Type=search", "url2": "http://www.nichiigakkan.co.jp" }, "geometry": { "type": "Point", "coordinates": [ 130.75943503135224, 32.204457971547832 ] } },
{ "type": "Feature", "properties": { "内容": "ヘルパーステーション万福【訪問介護】熊本県人吉市瓦屋町字杉前1665", "url": "https://www.kaigokensaku.mhlw.go.jp/43/index.php?action_kouhyou_detail_004_kani=true&JigyosyoCd=4370301022-00&ServiceCd=110&Type=search", "url2": null }, "geometry": { "type": "Point", "coordinates": [ 130.755390900000066, 32.2252024 ] } },
{ "type": "Feature", "properties": { "内容": "ヘルパーステーションいずみ【訪問介護】熊本県人吉市南泉田町70番地３", "url": "https://www.kaigokensaku.mhlw.go.jp/43/index.php?action_kouhyou_detail_004_kani=true&JigyosyoCd=4370301030-00&ServiceCd=110&Type=search", "url2": "http://www.libertylife2003.co.jp/" }, "geometry": { "type": "Point", "coordinates": [ 130.7643652747131, 32.216605996358595 ] } },
{ "type": "Feature", "properties": { "内容": "タンポポ訪問介護事業所【訪問介護】熊本県人吉市蓑野町字上園35-4サ－ビス付き高齢者向け住宅タンポポ", "url": "https://www.kaigokensaku.mhlw.go.jp/43/index.php?action_kouhyou_detail_004_kani=true&JigyosyoCd=4370301089-00&ServiceCd=110&Type=search", "url2": null }, "geometry": { "type": "Point", "coordinates": [ 130.768356899999958, 32.1853659 ] } },
{ "type": "Feature", "properties": { "内容": "訪問介護ステーション　はっぴーらいふ【訪問介護】熊本県人吉市西間下町字高見726番地3", "url": "https://www.kaigokensaku.mhlw.go.jp/43/index.php?action_kouhyou_detail_004_kani=true&JigyosyoCd=4370301139-00&ServiceCd=110&Type=search", "url2": null }, "geometry": { "type": "Point", "coordinates": [ 130.757323053095206, 32.201305577872006 ] } },
{ "type": "Feature", "properties": { "内容": "訪問介護ステーションひだまり【訪問介護】駒井田町1951番地", "url": "https://www.kaigokensaku.mhlw.go.jp/43/index.php?action_kouhyou_detail_004_kani=true&JigyosyoCd=4370301311-00&ServiceCd=110&Type=search", "url2": null }, "geometry": { "type": "Point", "coordinates": [ 130.7596852, 32.2181233 ] } },
{ "type": "Feature", "properties": { "内容": "ヘルパーステーション瑠璃【訪問介護】熊本県人吉市下青井町８１番地１", "url": "https://www.kaigokensaku.mhlw.go.jp/43/index.php?action_kouhyou_detail_004_kani=true&JigyosyoCd=4370301162-00&ServiceCd=110&Type=search", "url2": "https://north-swan.com/" }, "geometry": { "type": "Point", "coordinates": [ 130.74898170492375, 32.211367901973723 ] } },
{ "type": "Feature", "properties": { "内容": "ヘルパーステーション　ききょう【訪問介護】熊本県人吉市南泉田町58番地3", "url": "https://www.kaigokensaku.mhlw.go.jp/43/index.php?action_kouhyou_detail_004_kani=true&JigyosyoCd=4370300644-00&ServiceCd=110&Type=search", "url2": "http://ｈ-carehome.jp" }, "geometry": { "type": "Point", "coordinates": [ 130.764790100000027, 32.2176202 ] } },
{ "type": "Feature", "properties": { "内容": "ケアサポート　あらし【訪問介護】熊本県荒尾市宮内844-10KMビル301", "url": "https://www.kaigokensaku.mhlw.go.jp/43/index.php?action_kouhyou_detail_004_kani=true&JigyosyoCd=4370401509-00&ServiceCd=110&Type=search", "url2": null }, "geometry": { "type": "Point", "coordinates": [ 130.445865899999944, 32.9855691 ] } },
{ "type": "Feature", "properties": { "内容": "訪問介護　ゆめこの家【訪問介護】熊本県荒尾市高浜321-12", "url": "https://www.kaigokensaku.mhlw.go.jp/43/index.php?action_kouhyou_detail_004_kani=true&JigyosyoCd=4370401434-00&ServiceCd=110&Type=search", "url2": "http://www.yumekonoie.jimdo.com" }, "geometry": { "type": "Point", "coordinates": [ 130.4640207, 32.9461765 ] } },
{ "type": "Feature", "properties": { "内容": "ケアステーションエクリュ【訪問介護】荒尾4186-1グリーンプラザ内", "url": "https://www.kaigokensaku.mhlw.go.jp/43/index.php?action_kouhyou_detail_004_kani=true&JigyosyoCd=4370401244-00&ServiceCd=110&Type=search", "url2": null }, "geometry": { "type": "Point", "coordinates": [ 130.46593260259192, 32.985020074325298 ] } },
{ "type": "Feature", "properties": { "内容": "ケアフル24【訪問介護】熊本県荒尾市四ツ山町3丁目2番地11号", "url": "https://www.kaigokensaku.mhlw.go.jp/43/index.php?action_kouhyou_detail_004_kani=true&JigyosyoCd=4370400824-00&ServiceCd=110&Type=search", "url2": null }, "geometry": { "type": "Point", "coordinates": [ 130.4294056, 33.0048167 ] } },
{ "type": "Feature", "properties": { "内容": "白寿園ホームヘルプサービス【訪問介護】熊本県荒尾市一部字鴻巣２１２２番地", "url": "https://www.kaigokensaku.mhlw.go.jp/43/index.php?action_kouhyou_detail_004_kani=true&JigyosyoCd=4370400311-00&ServiceCd=110&Type=search", "url2": "http://www.hakujuen.jp" }, "geometry": { "type": "Point", "coordinates": [ 130.45434309999996, 32.9686958 ] } },
{ "type": "Feature", "properties": { "内容": "介護センターふれあい【訪問介護】熊本県荒尾市川登１７６１番地２４", "url": "https://www.kaigokensaku.mhlw.go.jp/43/index.php?action_kouhyou_detail_004_kani=true&JigyosyoCd=4370400469-00&ServiceCd=110&Type=search", "url2": null }, "geometry": { "type": "Point", "coordinates": [ 130.467817200000013, 32.9702266 ] } },
{ "type": "Feature", "properties": { "内容": "ヘルパーステーション　ユーユー【訪問介護】熊本県荒尾市下井手1199番12", "url": "https://www.kaigokensaku.mhlw.go.jp/43/index.php?action_kouhyou_detail_004_kani=true&JigyosyoCd=4370400485-00&ServiceCd=110&Type=search", "url2": "http://www9.plala.or.jp/care-yu-yu/" }, "geometry": { "type": "Point", "coordinates": [ 130.462248100000011, 32.9944103 ] } },
{ "type": "Feature", "properties": { "内容": "荒尾介護システムヘルパーステーション【訪問介護】荒尾市大平町３丁目４番", "url": "https://www.kaigokensaku.mhlw.go.jp/43/index.php?action_kouhyou_detail_004_kani=true&JigyosyoCd=4370400840-00&ServiceCd=110&Type=search", "url2": null }, "geometry": { "type": "Point", "coordinates": [ 130.438380300000063, 32.9906712 ] } },
{ "type": "Feature", "properties": { "内容": "シャイニーライフ・ヘルパーステーション【訪問介護】熊本県荒尾市一部2182番地289", "url": "https://www.kaigokensaku.mhlw.go.jp/43/index.php?action_kouhyou_detail_004_kani=true&JigyosyoCd=4370400907-00&ServiceCd=110&Type=search", "url2": "arao289@yahoo.co.jp" }, "geometry": { "type": "Point", "coordinates": [ 130.46198430000004, 32.9674267 ] } },
{ "type": "Feature", "properties": { "内容": "有明ケアサポート　荒尾介護ステーション【訪問介護】熊本県荒尾市下井手1199-14", "url": "https://www.kaigokensaku.mhlw.go.jp/43/index.php?action_kouhyou_detail_004_kani=true&JigyosyoCd=4370400964-00&ServiceCd=110&Type=search", "url2": "midori-7.1-17@iris.ocn.ne.jp" }, "geometry": { "type": "Point", "coordinates": [ 130.461859199999935, 32.9951602 ] } },
{ "type": "Feature", "properties": { "内容": "ヘルパーステーション緑ヶ丘【訪問介護】荒尾市荒尾４１８６番地１５", "url": "https://www.kaigokensaku.mhlw.go.jp/43/index.php?action_kouhyou_detail_004_kani=true&JigyosyoCd=4370401079-00&ServiceCd=110&Type=search", "url2": "http://careport-midorigaoka.com/" }, "geometry": { "type": "Point", "coordinates": [ 130.4652979, 32.983217 ] } },
{ "type": "Feature", "properties": { "内容": "訪問介護事業所　梨園【訪問介護】熊本県荒尾市菰屋2031番地8", "url": "https://www.kaigokensaku.mhlw.go.jp/43/index.php?action_kouhyou_detail_004_kani=true&JigyosyoCd=4370401103-00&ServiceCd=110&Type=search", "url2": "contact@enai.co.jp" }, "geometry": { "type": "Point", "coordinates": [ 130.4650229, 32.9676907 ] } },
{ "type": "Feature", "properties": { "内容": "ケアサポートやまびこ【訪問介護】熊本県荒尾市大島町３丁目１５番７", "url": "https://www.kaigokensaku.mhlw.go.jp/43/index.php?action_kouhyou_detail_004_kani=true&JigyosyoCd=4370401186-00&ServiceCd=110&Type=search", "url2": "http://hp.kaipoke.biz/m9k/" }, "geometry": { "type": "Point", "coordinates": [ 130.429613956439198, 33.00076538928608 ] } },
{ "type": "Feature", "properties": { "内容": "ヘルパーステーション　しいの樹【訪問介護】熊本県荒尾市西原町２丁目１番２号", "url": "https://www.kaigokensaku.mhlw.go.jp/43/index.php?action_kouhyou_detail_004_kani=true&JigyosyoCd=4370401368-00&ServiceCd=110&Type=search", "url2": null }, "geometry": { "type": "Point", "coordinates": [ 130.433380400000033, 33.002231 ] } },
{ "type": "Feature", "properties": { "内容": "訪問介護事業所　まなびや【訪問介護】熊本県荒尾市宮内出目654番地6コーポいわさき101号", "url": "https://www.kaigokensaku.mhlw.go.jp/43/index.php?action_kouhyou_detail_004_kani=true&JigyosyoCd=4370401467-00&ServiceCd=110&Type=search", "url2": null }, "geometry": { "type": "Point", "coordinates": [ 130.43454440000005, 32.9889019 ] } },
{ "type": "Feature", "properties": { "内容": "訪問介護サービスおおしま桜【訪問介護】熊本県荒尾市日の出町1番6号", "url": "https://www.kaigokensaku.mhlw.go.jp/43/index.php?action_kouhyou_detail_004_kani=true&JigyosyoCd=4370401541-00&ServiceCd=110&Type=search", "url2": null }, "geometry": { "type": "Point", "coordinates": [ 130.4324305, 32.998062 ] } },
{ "type": "Feature", "properties": { "内容": "慈眼苑ヘルパーステーション【訪問介護】熊本県荒尾市荒尾1997", "url": "https://www.kaigokensaku.mhlw.go.jp/43/index.php?action_kouhyou_detail_004_kani=true&JigyosyoCd=4370400493-00&ServiceCd=110&Type=search", "url2": "http://www.senshinkai.or.jp/" }, "geometry": { "type": "Point", "coordinates": [ 130.440344200000027, 32.9734036 ] } },
{ "type": "Feature", "properties": { "内容": "荒尾市社会福祉事業団訪問介護事業所【訪問介護】熊本県荒尾市増永２４５２番地22", "url": "https://www.kaigokensaku.mhlw.go.jp/43/index.php?action_kouhyou_detail_004_kani=true&JigyosyoCd=4370400915-00&ServiceCd=110&Type=search", "url2": "http://www.arao-sfj.jp/kaigo.html" }, "geometry": { "type": "Point", "coordinates": [ 130.452658079762301, 32.974434898307884 ] } },
{ "type": "Feature", "properties": { "内容": "ニチイケアセンター荒尾宮内【訪問介護】熊本県荒尾市宮内844-1", "url": "https://www.kaigokensaku.mhlw.go.jp/43/index.php?action_kouhyou_detail_004_kani=true&JigyosyoCd=4370401202-00&ServiceCd=110&Type=search", "url2": null }, "geometry": { "type": "Point", "coordinates": [ 130.445810299999948, 32.9854414 ] } },
{ "type": "Feature", "properties": { "内容": "訪問介護サポートセンター【訪問介護】熊本県荒尾市原万田７６２番地１", "url": "https://www.kaigokensaku.mhlw.go.jp/43/index.php?action_kouhyou_detail_004_kani=true&JigyosyoCd=4370401574-00&ServiceCd=110&Type=search", "url2": null }, "geometry": { "type": "Point", "coordinates": [ 130.440645913491835, 33.001556306603284 ] } },
{ "type": "Feature", "properties": { "内容": "西ヘルパーステーション【訪問介護】熊本県荒尾市一部中磯128番地1", "url": "https://www.kaigokensaku.mhlw.go.jp/43/index.php?action_kouhyou_detail_004_kani=true&JigyosyoCd=4370401665-00&ServiceCd=110&Type=search", "url2": null }, "geometry": { "type": "Point", "coordinates": [ 130.4503597, 32.9679983 ] } },
{ "type": "Feature", "properties": { "内容": "訪問介護ステーション　結【訪問介護】荒尾９１９番地４", "url": "https://www.kaigokensaku.mhlw.go.jp/43/index.php?action_kouhyou_detail_004_kani=true&JigyosyoCd=4370401293-00&ServiceCd=110&Type=search", "url2": null }, "geometry": { "type": "Point", "coordinates": [ 130.434401700523381, 32.983692911643686 ] } },
{ "type": "Feature", "properties": { "内容": "ほほえみ介護支援センター【訪問介護】熊本県水俣市幸町2-15", "url": "https://www.kaigokensaku.mhlw.go.jp/43/index.php?action_kouhyou_detail_004_kani=true&JigyosyoCd=4370500789-00&ServiceCd=110&Type=search", "url2": null }, "geometry": { "type": "Point", "coordinates": [ 130.405600700000036, 32.2121243 ] } },
{ "type": "Feature", "properties": { "内容": "ニチイケアセンター水俣【訪問介護】熊本県水俣市長野町11番114号1階", "url": "https://www.kaigokensaku.mhlw.go.jp/43/index.php?action_kouhyou_detail_004_kani=true&JigyosyoCd=4370500417-00&ServiceCd=110&Type=search", "url2": "http://www.nichiigakkan.co.jp" }, "geometry": { "type": "Point", "coordinates": [ 130.4243239, 32.1988624 ] } },
{ "type": "Feature", "properties": { "内容": "ヘルパーステーション協立【訪問介護】熊本県水俣市桜井町2丁目2番地14号", "url": "https://www.kaigokensaku.mhlw.go.jp/43/index.php?action_kouhyou_detail_004_kani=true&JigyosyoCd=4370500482-00&ServiceCd=110&Type=search", "url2": "http://www.minamata-kyouritsu.com/" }, "geometry": { "type": "Point", "coordinates": [ 130.395968700000026, 32.2059247 ] } },
{ "type": "Feature", "properties": { "内容": "有限会社　ラポート【訪問介護】水俣市幸町8-1", "url": "https://www.kaigokensaku.mhlw.go.jp/43/index.php?action_kouhyou_detail_004_kani=true&JigyosyoCd=4370500508-00&ServiceCd=110&Type=search", "url2": null }, "geometry": { "type": "Point", "coordinates": [ 130.405086899999986, 32.2090385 ] } },
{ "type": "Feature", "properties": { "内容": "社会福祉法人グリーンコープふくしサービスセンターおおきな木【訪問介護】熊本県水俣市栄町２－１－３８", "url": "https://www.kaigokensaku.mhlw.go.jp/43/index.php?action_kouhyou_detail_004_kani=true&JigyosyoCd=4370500615-00&ServiceCd=110&Type=search", "url2": "http://www.fukushi-greencoop.or.jp" }, "geometry": { "type": "Point", "coordinates": [ 130.3971434, 32.2103688 ] } },
{ "type": "Feature", "properties": { "内容": "ケアサポートはまちどり【訪問介護】大黒町２丁目１番１０号", "url": "https://www.kaigokensaku.mhlw.go.jp/43/index.php?action_kouhyou_detail_004_kani=true&JigyosyoCd=4370500763-00&ServiceCd=110&Type=search", "url2": null }, "geometry": { "type": "Point", "coordinates": [ 130.399741986338768, 32.209180915225389 ] } },
{ "type": "Feature", "properties": { "内容": "君島タクシー訪問介護ステーション【訪問介護】熊本県水俣市大園町1-3-3", "url": "https://www.kaigokensaku.mhlw.go.jp/43/index.php?action_kouhyou_detail_004_kani=true&JigyosyoCd=4370500557-00&ServiceCd=110&Type=search", "url2": "https://www.kimishima-taxi.com/" }, "geometry": { "type": "Point", "coordinates": [ 130.40254, 32.2098967 ] } },
{ "type": "Feature", "properties": { "内容": "和【訪問介護】熊本県玉名市月田2107番地5", "url": "https://www.kaigokensaku.mhlw.go.jp/43/index.php?action_kouhyou_detail_004_kani=true&JigyosyoCd=4360690004-00&ServiceCd=110&Type=search", "url2": "http://nagomi-nodoka.jp" }, "geometry": { "type": "Point", "coordinates": [ 130.596683, 32.9746613 ] } },
{ "type": "Feature", "properties": { "内容": "生活支援センターささえあい【訪問介護】熊本県玉名市富尾643-1", "url": "https://www.kaigokensaku.mhlw.go.jp/43/index.php?action_kouhyou_detail_004_kani=true&JigyosyoCd=4370600498-00&ServiceCd=110&Type=search", "url2": "https://chiikitasukeainokai.com/" }, "geometry": { "type": "Point", "coordinates": [ 130.556134498347433, 32.948318531015843 ] } },
{ "type": "Feature", "properties": { "内容": "ライフケア【訪問介護】熊本県玉名市中751-4", "url": "https://www.kaigokensaku.mhlw.go.jp/43/index.php?action_kouhyou_detail_004_kani=true&JigyosyoCd=4370600530-00&ServiceCd=110&Type=search", "url2": "http://care-net.biz/43/lifecare/" }, "geometry": { "type": "Point", "coordinates": [ 130.541441378755138, 32.921358411964057 ] } },
{ "type": "Feature", "properties": { "内容": "ヘルパーステーションさくら苑【訪問介護】熊本県玉名市伊倉北方1533番地", "url": "https://www.kaigokensaku.mhlw.go.jp/43/index.php?action_kouhyou_detail_004_kani=true&JigyosyoCd=4370600738-00&ServiceCd=110&Type=search", "url2": "https://www.sakura-en.com" }, "geometry": { "type": "Point", "coordinates": [ 130.574748, 32.9141274 ] } },
{ "type": "Feature", "properties": { "内容": "玉名市社協ヘルパーステーション【訪問介護】熊本県玉名市岩崎８８番地４玉名市福祉センター", "url": "https://www.kaigokensaku.mhlw.go.jp/43/index.php?action_kouhyou_detail_004_kani=true&JigyosyoCd=4370600753-00&ServiceCd=110&Type=search", "url2": "http://www.tamasha.jp" }, "geometry": { "type": "Point", "coordinates": [ 130.5610173, 32.9359313 ] } },
{ "type": "Feature", "properties": { "内容": "しもだ介護サービス玉名【訪問介護】熊本県玉名市伊倉北方２６－１", "url": "https://www.kaigokensaku.mhlw.go.jp/43/index.php?action_kouhyou_detail_004_kani=true&JigyosyoCd=4370600894-00&ServiceCd=110&Type=search", "url2": "https://www.at-home.co.jp" }, "geometry": { "type": "Point", "coordinates": [ 130.56733671112292, 32.907725485709989 ] } },
{ "type": "Feature", "properties": { "内容": "訪問介護ステ－ション　岱明の里【訪問介護】熊本県玉名市岱明町浜田129", "url": "https://www.kaigokensaku.mhlw.go.jp/43/index.php?action_kouhyou_detail_004_kani=true&JigyosyoCd=4370600936-00&ServiceCd=110&Type=search", "url2": null }, "geometry": { "type": "Point", "coordinates": [ 130.5102769670425, 32.910543368705618 ] } },
{ "type": "Feature", "properties": { "内容": "ふくしサービスセンターさくらんぼ【訪問介護】熊本県玉名市立願寺798-1", "url": "https://www.kaigokensaku.mhlw.go.jp/43/index.php?action_kouhyou_detail_004_kani=true&JigyosyoCd=4370601033-00&ServiceCd=110&Type=search", "url2": "http://www.fukushi-greencoop.or.jp" }, "geometry": { "type": "Point", "coordinates": [ 130.55391154786588, 32.940540344619905 ] } },
{ "type": "Feature", "properties": { "内容": "訪問介護ステーション　ふじの香【訪問介護】熊本県玉名市岩崎592番地", "url": "https://www.kaigokensaku.mhlw.go.jp/43/index.php?action_kouhyou_detail_004_kani=true&JigyosyoCd=4370601330-00&ServiceCd=110&Type=search", "url2": "http://www.vihara-fujinoka.com/" }, "geometry": { "type": "Point", "coordinates": [ 130.55758663386834, 32.936717978402136 ] } },
{ "type": "Feature", "properties": { "内容": "ヘルパーステーション“いっきゅう”【訪問介護】熊本県玉名市岩崎１１２９－２地域交流館Ⅱ‟いっきゅう”", "url": "https://www.kaigokensaku.mhlw.go.jp/43/index.php?action_kouhyou_detail_004_kani=true&JigyosyoCd=4370601355-00&ServiceCd=110&Type=search", "url2": null }, "geometry": { "type": "Point", "coordinates": [ 130.555484500000034, 32.9308482 ] } },
{ "type": "Feature", "properties": { "内容": "ヘルパーステーションサンビィラありあけ【訪問介護】熊本県玉名市岩崎416-8", "url": "https://www.kaigokensaku.mhlw.go.jp/43/index.php?action_kouhyou_detail_004_kani=true&JigyosyoCd=4370601496-00&ServiceCd=110&Type=search", "url2": "https://www.sunvilla-ariake.com/" }, "geometry": { "type": "Point", "coordinates": [ 130.558661900000061, 32.9367157 ] } },
{ "type": "Feature", "properties": { "内容": "ホームヘルパー派遣サービスたいめい苑【訪問介護】熊本県玉名市岱明町古閑402-1", "url": "https://www.kaigokensaku.mhlw.go.jp/43/index.php?action_kouhyou_detail_004_kani=true&JigyosyoCd=4372400400-00&ServiceCd=110&Type=search", "url2": "http://ww7.tiki.ne.jp/~taimeien/" }, "geometry": { "type": "Point", "coordinates": [ 130.506009799999987, 32.9304732 ] } },
{ "type": "Feature", "properties": { "内容": "有明ホームヘルパーサービス【訪問介護】熊本県玉名市築地６４番地１特別養護老人ホームもやい処", "url": "https://www.kaigokensaku.mhlw.go.jp/43/index.php?action_kouhyou_detail_004_kani=true&JigyosyoCd=4372400582-00&ServiceCd=110&Type=search", "url2": "http://www.ariakehome.jp/" }, "geometry": { "type": "Point", "coordinates": [ 130.5338941, 32.9319481 ] } },
{ "type": "Feature", "properties": { "内容": "ＪＡたまなヘルパーステーション【訪問介護】熊本県玉名市山田2137-1", "url": "https://www.kaigokensaku.mhlw.go.jp/43/index.php?action_kouhyou_detail_004_kani=true&JigyosyoCd=4370600456-00&ServiceCd=110&Type=search", "url2": null }, "geometry": { "type": "Point", "coordinates": [ 130.539976700000011, 32.9370173 ] } },
{ "type": "Feature", "properties": { "内容": "ニチイケアセンター玉名【訪問介護】熊本県玉名市滑石2621-1", "url": "https://www.kaigokensaku.mhlw.go.jp/43/index.php?action_kouhyou_detail_004_kani=true&JigyosyoCd=4370600480-00&ServiceCd=110&Type=search", "url2": null }, "geometry": { "type": "Point", "coordinates": [ 130.526808499999987, 32.8975716 ] } },
{ "type": "Feature", "properties": { "内容": "訪問介護事業所ムーミン【訪問介護】熊本県玉名市岱明町古閑606番地51", "url": "https://www.kaigokensaku.mhlw.go.jp/43/index.php?action_kouhyou_detail_004_kani=true&JigyosyoCd=4370601405-00&ServiceCd=110&Type=search", "url2": null }, "geometry": { "type": "Point", "coordinates": [ 130.500466246696533, 32.93452041938292 ] } },
{ "type": "Feature", "properties": { "内容": "ヘルパーステーション・アイアイ【訪問介護】熊本県玉名市松木３４番地７", "url": "https://www.kaigokensaku.mhlw.go.jp/43/index.php?action_kouhyou_detail_004_kani=true&JigyosyoCd=4370600597-00&ServiceCd=110&Type=search", "url2": null }, "geometry": { "type": "Point", "coordinates": [ 130.552022429949943, 32.925471228851436 ] } },
{ "type": "Feature", "properties": { "内容": "有明ケアサポート　玉名介護ステーション【訪問介護】熊本県玉名市岱明町下前原６０７", "url": "https://www.kaigokensaku.mhlw.go.jp/43/index.php?action_kouhyou_detail_004_kani=true&JigyosyoCd=4370600910-00&ServiceCd=110&Type=search", "url2": null }, "geometry": { "type": "Point", "coordinates": [ 130.522686799999974, 32.9287981 ] } },
{ "type": "Feature", "properties": { "内容": "ヘルパーステーションあさひ【訪問介護】熊本県玉名市伊倉北方88-1すぷりーむハウスあさひ", "url": "https://www.kaigokensaku.mhlw.go.jp/43/index.php?action_kouhyou_detail_004_kani=true&JigyosyoCd=4370601504-00&ServiceCd=110&Type=search", "url2": "https://asahi.link/" }, "geometry": { "type": "Point", "coordinates": [ 130.567740969239622, 32.906385517429449 ] } },
{ "type": "Feature", "properties": { "内容": "ヘルパーステーション　のあ【訪問介護】熊本県玉名市岱明町野口1145-15", "url": "https://www.kaigokensaku.mhlw.go.jp/43/index.php?action_kouhyou_detail_004_kani=true&JigyosyoCd=4370601587-00&ServiceCd=110&Type=search", "url2": null }, "geometry": { "type": "Point", "coordinates": [ 130.5401425, 32.9236496 ] } },
{ "type": "Feature", "properties": { "内容": "ヘルパーステーション湯の郷たまな【訪問介護】熊本県玉名市天水町小天9278-1", "url": "https://www.kaigokensaku.mhlw.go.jp/43/index.php?action_kouhyou_detail_004_kani=true&JigyosyoCd=4370601306-00&ServiceCd=110&Type=search", "url2": "https://yunosato.jp/" }, "geometry": { "type": "Point", "coordinates": [ 130.585865465631059, 32.849366385724601 ] } },
{ "type": "Feature", "properties": { "内容": "社会福祉法人愛隣園　愛隣の家訪問介護事業所【訪問介護】熊本県山鹿市津留2027", "url": "https://www.kaigokensaku.mhlw.go.jp/43/index.php?action_kouhyou_detail_004_kani=true&JigyosyoCd=4370800429-00&ServiceCd=110&Type=search", "url2": "http://aileans.com/ie/" }, "geometry": { "type": "Point", "coordinates": [ 130.685555600000043, 33.0557909 ] } },
{ "type": "Feature", "properties": { "内容": "山鹿ヘルパーステーション【訪問介護】熊本県山鹿市菊鹿町下永野650番地", "url": "https://www.kaigokensaku.mhlw.go.jp/43/index.php?action_kouhyou_detail_004_kani=true&JigyosyoCd=4370800601-00&ServiceCd=110&Type=search", "url2": "https://www.yamaga-shakyo.com" }, "geometry": { "type": "Point", "coordinates": [ 130.769190948165487, 33.026501912736109 ] } },
{ "type": "Feature", "properties": { "内容": "山鹿中央訪問介護ステーション【訪問介護】山鹿市山鹿１５５４", "url": "https://www.kaigokensaku.mhlw.go.jp/43/index.php?action_kouhyou_detail_004_kani=true&JigyosyoCd=4370800874-00&ServiceCd=110&Type=search", "url2": null }, "geometry": { "type": "Point", "coordinates": [ 130.6896342, 33.0150418 ] } },
{ "type": "Feature", "properties": { "内容": "菊鹿訪問介護ステーションスマイル【訪問介護】熊本県山鹿市菊鹿町下内田1676番地", "url": "https://www.kaigokensaku.mhlw.go.jp/43/index.php?action_kouhyou_detail_004_kani=true&JigyosyoCd=4370800981-00&ServiceCd=110&Type=search", "url2": "https://www.smail3103.com/" }, "geometry": { "type": "Point", "coordinates": [ 130.762877397622674, 33.027714953610008 ] } },
{ "type": "Feature", "properties": { "内容": "訪問介護事業所　だいち【訪問介護】鹿央町岩原4224番地訪問介護事業所　だいち", "url": "https://www.kaigokensaku.mhlw.go.jp/43/index.php?action_kouhyou_detail_004_kani=true&JigyosyoCd=4370801013-00&ServiceCd=110&Type=search", "url2": null }, "geometry": { "type": "Point", "coordinates": [ 130.677510699999971, 32.9898999 ] } },
{ "type": "Feature", "properties": { "内容": "ハートケアこもれび【訪問介護】熊本県山鹿市山鹿100-10住宅型有料老人ホームこもれびの郷", "url": "https://www.kaigokensaku.mhlw.go.jp/43/index.php?action_kouhyou_detail_004_kani=true&JigyosyoCd=4370801112-00&ServiceCd=110&Type=search", "url2": null }, "geometry": { "type": "Point", "coordinates": [ 130.689920300000011, 33.0108033 ] } },
{ "type": "Feature", "properties": { "内容": "サンエイヘルパーステーション【訪問介護】熊本県山鹿市中央通４０６番地有限会社　三栄商会　２階", "url": "https://www.kaigokensaku.mhlw.go.jp/43/index.php?action_kouhyou_detail_004_kani=true&JigyosyoCd=4370801203-00&ServiceCd=110&Type=search", "url2": "http://www.sanei-medical.co.jp" }, "geometry": { "type": "Point", "coordinates": [ 130.684356799999932, 33.0155946 ] } },
{ "type": "Feature", "properties": { "内容": "火の国ケアサービス【訪問介護】熊本県山鹿市鹿校通３丁目２－１サンライズK,Tテナント5号", "url": "https://www.kaigokensaku.mhlw.go.jp/43/index.php?action_kouhyou_detail_004_kani=true&JigyosyoCd=4370801211-00&ServiceCd=110&Type=search", "url2": null }, "geometry": { "type": "Point", "coordinates": [ 130.707388, 33.0095595 ] } },
{ "type": "Feature", "properties": { "内容": "社会福祉法人グリーンコープ　ふくしサービスセンター夢【訪問介護】熊本県山鹿市久原３８２５－２", "url": "https://www.kaigokensaku.mhlw.go.jp/43/index.php?action_kouhyou_detail_004_kani=true&JigyosyoCd=4372500761-00&ServiceCd=110&Type=search", "url2": "http://www.fukushi-greencoop.or.jp/" }, "geometry": { "type": "Point", "coordinates": [ 130.711956800000053, 33.0231946 ] } },
{ "type": "Feature", "properties": { "内容": "訪問介護ステーション一本松荘【訪問介護】熊本県山鹿市鹿本町津袋４５０", "url": "https://www.kaigokensaku.mhlw.go.jp/43/index.php?action_kouhyou_detail_004_kani=true&JigyosyoCd=4372500357-00&ServiceCd=110&Type=search", "url2": "http://www.ipponmatu.com/" }, "geometry": { "type": "Point", "coordinates": [ 130.7541235, 33.0114931 ] } },
{ "type": "Feature", "properties": { "内容": "愛隣館地域福祉サービスセンター・ホームヘルプ部【訪問介護】熊本県山鹿市津留2022", "url": "https://www.kaigokensaku.mhlw.go.jp/43/index.php?action_kouhyou_detail_004_kani=true&JigyosyoCd=4370801245-00&ServiceCd=110&Type=search", "url2": "http://aileans.com" }, "geometry": { "type": "Point", "coordinates": [ 130.685529300000013, 33.0546115 ] } },
{ "type": "Feature", "properties": { "内容": "ニチイケアセンター山鹿【訪問介護】熊本県山鹿市鹿校通2-2-43ランバービル3F", "url": "https://www.kaigokensaku.mhlw.go.jp/43/index.php?action_kouhyou_detail_004_kani=true&JigyosyoCd=4370800403-00&ServiceCd=110&Type=search", "url2": null }, "geometry": { "type": "Point", "coordinates": [ 130.70290410000004, 33.01191520000004 ] } },
{ "type": "Feature", "properties": { "内容": "さくらケアサービス山鹿【訪問介護】熊本県山鹿市中央通707番地", "url": "https://www.kaigokensaku.mhlw.go.jp/43/index.php?action_kouhyou_detail_004_kani=true&JigyosyoCd=4370800460-00&ServiceCd=110&Type=search", "url2": null }, "geometry": { "type": "Point", "coordinates": [ 130.683546617232764, 33.015915584775037 ] } },
{ "type": "Feature", "properties": { "内容": "有限会社ケアサービスのぞみ【訪問介護】熊本県山鹿市熊入町931番地", "url": "https://www.kaigokensaku.mhlw.go.jp/43/index.php?action_kouhyou_detail_004_kani=true&JigyosyoCd=4370800528-00&ServiceCd=110&Type=search", "url2": null }, "geometry": { "type": "Point", "coordinates": [ 130.689370300000064, 33.0249521 ] } },
{ "type": "Feature", "properties": { "内容": "訪問介護ステーション湊　山鹿【訪問介護】熊本県山鹿市鹿本町御宇田288-3", "url": "https://www.kaigokensaku.mhlw.go.jp/43/index.php?action_kouhyou_detail_004_kani=true&JigyosyoCd=4370801310-00&ServiceCd=110&Type=search", "url2": "https://seafour.co.jp/" }, "geometry": { "type": "Point", "coordinates": [ 130.73450898029003, 33.002565409637377 ] } },
{ "type": "Feature", "properties": { "内容": "ケアサポート訪問介護事業所【訪問介護】熊本県山鹿市古閑1320-7パティーナ105", "url": "https://www.kaigokensaku.mhlw.go.jp/43/index.php?action_kouhyou_detail_004_kani=true&JigyosyoCd=4370801237-00&ServiceCd=110&Type=search", "url2": "http://caresup4336.wixsite.com/caresup" }, "geometry": { "type": "Point", "coordinates": [ 130.711619400000018, 33.0080114 ] } },
{ "type": "Feature", "properties": { "内容": "ケアサポート　かおう【訪問介護】熊本県山鹿市鹿央町霜野1401番地", "url": "https://www.kaigokensaku.mhlw.go.jp/43/index.php?action_kouhyou_detail_004_kani=true&JigyosyoCd=4370801328-00&ServiceCd=110&Type=search", "url2": null }, "geometry": { "type": "Point", "coordinates": [ 130.6482081, 32.9424015 ] } },
{ "type": "Feature", "properties": { "内容": "訪問介護事業所みないる【訪問介護】熊本県山鹿市古閑1089番地7", "url": "https://www.kaigokensaku.mhlw.go.jp/43/index.php?action_kouhyou_detail_004_kani=true&JigyosyoCd=4370801336-00&ServiceCd=110&Type=search", "url2": null }, "geometry": { "type": "Point", "coordinates": [ 130.7113956, 33.0114409 ] } },
{ "type": "Feature", "properties": { "内容": "夢（みらい）サポート【訪問介護】熊本県菊池市七城町甲佐町302", "url": "https://www.kaigokensaku.mhlw.go.jp/43/index.php?action_kouhyou_detail_004_kani=true&JigyosyoCd=4371001233-00&ServiceCd=110&Type=search", "url2": null }, "geometry": { "type": "Point", "coordinates": [ 130.7697962, 32.9691116 ] } },
{ "type": "Feature", "properties": { "内容": "有限会社　菊池地域居宅サービス支援センター【訪問介護】熊本県菊池市隈府１５８２－６", "url": "https://www.kaigokensaku.mhlw.go.jp/43/index.php?action_kouhyou_detail_004_kani=true&JigyosyoCd=4371000110-00&ServiceCd=110&Type=search", "url2": null }, "geometry": { "type": "Point", "coordinates": [ 130.814109899999949, 32.9929461 ] } },
{ "type": "Feature", "properties": { "内容": "ＮＰＯケアセンター　花見丁【訪問介護】熊本県菊池市隈府２３８番地", "url": "https://www.kaigokensaku.mhlw.go.jp/43/index.php?action_kouhyou_detail_004_kani=true&JigyosyoCd=4371000433-00&ServiceCd=110&Type=search", "url2": null }, "geometry": { "type": "Point", "coordinates": [ 130.812027299999954, 32.9835938 ] } },
{ "type": "Feature", "properties": { "内容": "訪問介護事業所ライフ【訪問介護】熊本県菊池市深川400番地", "url": "https://www.kaigokensaku.mhlw.go.jp/43/index.php?action_kouhyou_detail_004_kani=true&JigyosyoCd=4371000458-00&ServiceCd=110&Type=search", "url2": "https://.akaruisora1718.hirameki7.site/." }, "geometry": { "type": "Point", "coordinates": [ 130.801673299999948, 32.969602800000047 ] } },
{ "type": "Feature", "properties": { "内容": "訪問介護ステーションきくち【訪問介護】熊本県菊池市隈府888番地2", "url": "https://www.kaigokensaku.mhlw.go.jp/43/index.php?action_kouhyou_detail_004_kani=true&JigyosyoCd=4371000516-00&ServiceCd=110&Type=search", "url2": "http://kikuchi-shakyo.or.jp" }, "geometry": { "type": "Point", "coordinates": [ 130.8129801, 32.9804608 ] } },
{ "type": "Feature", "properties": { "内容": "ヘルパーステーションあじむ【訪問介護】菊池市出田2630-1ホーム", "url": "https://www.kaigokensaku.mhlw.go.jp/43/index.php?action_kouhyou_detail_004_kani=true&JigyosyoCd=4371000680-00&ServiceCd=110&Type=search", "url2": null }, "geometry": { "type": "Point", "coordinates": [ 130.797949370286574, 32.953518478412803 ] } },
{ "type": "Feature", "properties": { "内容": "グッジョブ【訪問介護】菊池市大琳寺292-12　2F", "url": "https://www.kaigokensaku.mhlw.go.jp/43/index.php?action_kouhyou_detail_004_kani=true&JigyosyoCd=4371000755-00&ServiceCd=110&Type=search", "url2": "sasaeru.crayonsite.com" }, "geometry": { "type": "Point", "coordinates": [ 130.809590465227558, 32.97706190726263 ] } },
{ "type": "Feature", "properties": { "内容": "ヘルパーステーションきらら【訪問介護】熊本県菊池市泗水町永３１９３番地", "url": "https://www.kaigokensaku.mhlw.go.jp/43/index.php?action_kouhyou_detail_004_kani=true&JigyosyoCd=4371000847-00&ServiceCd=110&Type=search", "url2": null }, "geometry": { "type": "Point", "coordinates": [ 130.802363209539863, 32.926678407564843 ] } },
{ "type": "Feature", "properties": { "内容": "ヘルパーステーション　ともづな【訪問介護】熊本県菊池市西寺1581番地", "url": "https://www.kaigokensaku.mhlw.go.jp/43/index.php?action_kouhyou_detail_004_kani=true&JigyosyoCd=4371000953-00&ServiceCd=110&Type=search", "url2": "http://www.tomoduna.co.jp/" }, "geometry": { "type": "Point", "coordinates": [ 130.7968459, 32.9733857 ] } },
{ "type": "Feature", "properties": { "内容": "ヘルパーステーションＮｏａｈ【訪問介護】熊本県菊池市泗水町吉富210-60", "url": "https://www.kaigokensaku.mhlw.go.jp/43/index.php?action_kouhyou_detail_004_kani=true&JigyosyoCd=4371001076-00&ServiceCd=110&Type=search", "url2": null }, "geometry": { "type": "Point", "coordinates": [ 130.792425935443163, 32.933914679079045 ] } },
{ "type": "Feature", "properties": { "内容": "株式会社青空　訪問介護ステーション　なのはな【訪問介護】熊本県菊池市深川309番地1", "url": "https://www.kaigokensaku.mhlw.go.jp/43/index.php?action_kouhyou_detail_004_kani=true&JigyosyoCd=4371001092-00&ServiceCd=110&Type=search", "url2": "http://www.aozora-nanohana.com" }, "geometry": { "type": "Point", "coordinates": [ 130.80802, 32.968169799999984 ] } },
{ "type": "Feature", "properties": { "内容": "ヘルパーステーション花【訪問介護】熊本県菊池市隈府435番1菊池プラザ2F", "url": "https://www.kaigokensaku.mhlw.go.jp/43/index.php?action_kouhyou_detail_004_kani=true&JigyosyoCd=4371001126-00&ServiceCd=110&Type=search", "url2": null }, "geometry": { "type": "Point", "coordinates": [ 130.805067, 32.9810271 ] } },
{ "type": "Feature", "properties": { "内容": "ＪＡ菊池福祉センターめぐみの里訪問介護事業所【訪問介護】熊本県菊池市旭志川辺１８７５番地", "url": "https://www.kaigokensaku.mhlw.go.jp/43/index.php?action_kouhyou_detail_004_kani=true&JigyosyoCd=4372600462-00&ServiceCd=110&Type=search", "url2": null }, "geometry": { "type": "Point", "coordinates": [ 130.8307608, 32.9300007 ] } },
{ "type": "Feature", "properties": { "内容": "合同会社コム・ハニーズ【訪問介護】熊本県宇土市恵塚町782", "url": "https://www.kaigokensaku.mhlw.go.jp/43/index.php?action_kouhyou_detail_004_kani=true&JigyosyoCd=4371101058-00&ServiceCd=110&Type=search", "url2": null }, "geometry": { "type": "Point", "coordinates": [ 130.632353599999988, 32.6840914 ] } },
{ "type": "Feature", "properties": { "内容": "指定訪問介護事業所　けいが【訪問介護】熊本県宇土市野鶴町３５２", "url": "https://www.kaigokensaku.mhlw.go.jp/43/index.php?action_kouhyou_detail_004_kani=true&JigyosyoCd=4371100407-00&ServiceCd=110&Type=search", "url2": "https://www.odakai.com/m-care/" }, "geometry": { "type": "Point", "coordinates": [ 130.628964499999938, 32.6952252 ] } },
{ "type": "Feature", "properties": { "内容": "指定訪問介護サービス事業所とどろき【訪問介護】熊本県宇土市浦田町１５０番地", "url": "https://www.kaigokensaku.mhlw.go.jp/43/index.php?action_kouhyou_detail_004_kani=true&JigyosyoCd=4371100464-00&ServiceCd=110&Type=search", "url2": "http://www.onshinkai-g.com/" }, "geometry": { "type": "Point", "coordinates": [ 130.656856604468544, 32.686852553043266 ] } },
{ "type": "Feature", "properties": { "内容": "宇土・千の郷【訪問介護】熊本県宇土市栗崎町801-2", "url": "https://www.kaigokensaku.mhlw.go.jp/43/index.php?action_kouhyou_detail_004_kani=true&JigyosyoCd=4371100670-00&ServiceCd=110&Type=search", "url2": "http://utosennosato.ecgo.jp/" }, "geometry": { "type": "Point", "coordinates": [ 130.652467442327861, 32.6688304420965 ] } },
{ "type": "Feature", "properties": { "内容": "宇土市社会福祉事業団訪問介護事業所【訪問介護】熊本県宇土市南段原町　１６１番地　１", "url": "https://www.kaigokensaku.mhlw.go.jp/43/index.php?action_kouhyou_detail_004_kani=true&JigyosyoCd=4371100688-00&ServiceCd=110&Type=search", "url2": "http://uto-jigyodan.jp/" }, "geometry": { "type": "Point", "coordinates": [ 130.663649, 32.68068 ] } },
{ "type": "Feature", "properties": { "内容": "ニチケアセンター宇土【訪問介護】熊本県宇土市松山町883番地1エクセルコート102号室", "url": "https://www.kaigokensaku.mhlw.go.jp/43/index.php?action_kouhyou_detail_004_kani=true&JigyosyoCd=4371100712-00&ServiceCd=110&Type=search", "url2": "http://www.nichiigakkan.co.jp" }, "geometry": { "type": "Point", "coordinates": [ 130.668051500000047, 32.6715742 ] } },
{ "type": "Feature", "properties": { "内容": "ホームヘルプサービス　ふれしあ【訪問介護】松山町５００８番地２", "url": "https://www.kaigokensaku.mhlw.go.jp/43/index.php?action_kouhyou_detail_004_kani=true&JigyosyoCd=4371100829-00&ServiceCd=110&Type=search", "url2": null }, "geometry": { "type": "Point", "coordinates": [ 130.664532299275152, 32.665976972702445 ] } },
{ "type": "Feature", "properties": { "内容": "みなみ園　訪問介護事業所【訪問介護】熊本県宇土市花園台町花園台757番地79", "url": "https://www.kaigokensaku.mhlw.go.jp/43/index.php?action_kouhyou_detail_004_kani=true&JigyosyoCd=4371100852-00&ServiceCd=110&Type=search", "url2": "http://minami-en.com/" }, "geometry": { "type": "Point", "coordinates": [ 130.691137, 32.680356 ] } },
{ "type": "Feature", "properties": { "内容": "ヘルパーステーションうと【訪問介護】熊本県宇土市岩古曽町2253-1住宅型有料老人ホーム　リビングホームうと", "url": "https://www.kaigokensaku.mhlw.go.jp/43/index.php?action_kouhyou_detail_004_kani=true&JigyosyoCd=4371101009-00&ServiceCd=110&Type=search", "url2": "http://livighome-uto.com/" }, "geometry": { "type": "Point", "coordinates": [ 130.687967, 32.6880727 ] } },
{ "type": "Feature", "properties": { "内容": "訪問介護事業所彩華【訪問介護】熊本県宇土市松原町120-2", "url": "https://www.kaigokensaku.mhlw.go.jp/43/index.php?action_kouhyou_detail_004_kani=true&JigyosyoCd=4371101041-00&ServiceCd=110&Type=search", "url2": null }, "geometry": { "type": "Point", "coordinates": [ 130.6589603, 32.6873631 ] } },
{ "type": "Feature", "properties": { "内容": "ヘルパーステーション　ユーライフ船場【訪問介護】熊本県宇土市船場町66番地1", "url": "https://www.kaigokensaku.mhlw.go.jp/43/index.php?action_kouhyou_detail_004_kani=true&JigyosyoCd=4371100985-00&ServiceCd=110&Type=search", "url2": "www.u-splan.co.jp" }, "geometry": { "type": "Point", "coordinates": [ 130.6610349, 32.686721 ] } },
{ "type": "Feature", "properties": { "内容": "ヘルパーステーションハワイ【訪問介護】熊本県宇土市花園台町花園台433－125", "url": "https://www.kaigokensaku.mhlw.go.jp/43/index.php?action_kouhyou_detail_004_kani=true&JigyosyoCd=4371100910-00&ServiceCd=110&Type=search", "url2": "http://mahalo-garden.jp" }, "geometry": { "type": "Point", "coordinates": [ 130.69192479458161, 32.678883227967766 ] } },
{ "type": "Feature", "properties": { "内容": "合同会社　輝【訪問介護】熊本県宇土市松山町1405松山グリーンハイツ102号", "url": "https://www.kaigokensaku.mhlw.go.jp/43/index.php?action_kouhyou_detail_004_kani=true&JigyosyoCd=4371101033-00&ServiceCd=110&Type=search", "url2": null }, "geometry": { "type": "Point", "coordinates": [ 130.6705091, 32.6751432 ] } },
{ "type": "Feature", "properties": { "内容": "ニチイケアセンター大矢野【訪問介護】熊本県上天草市大矢野町中478-26", "url": "https://www.kaigokensaku.mhlw.go.jp/43/index.php?action_kouhyou_detail_004_kani=true&JigyosyoCd=4371200090-00&ServiceCd=110&Type=search", "url2": "http://www.nichiigakkan.co.jp" }, "geometry": { "type": "Point", "coordinates": [ 130.428535499999953, 32.583589 ] } },
{ "type": "Feature", "properties": { "内容": "ヘルパーステーションはるた【訪問介護】熊本県上天草市松島町阿村808-6", "url": "https://www.kaigokensaku.mhlw.go.jp/43/index.php?action_kouhyou_detail_004_kani=true&JigyosyoCd=4371200199-00&ServiceCd=110&Type=search", "url2": null }, "geometry": { "type": "Point", "coordinates": [ 130.448276199999981, 32.518223900000017 ] } },
{ "type": "Feature", "properties": { "内容": "ケアステーションCruto大矢野【訪問介護】熊本県上天草市大矢野町中4467-4", "url": "https://www.kaigokensaku.mhlw.go.jp/43/index.php?action_kouhyou_detail_004_kani=true&JigyosyoCd=4371200256-00&ServiceCd=110&Type=search", "url2": "http://www.carestationcrutoooyano.com" }, "geometry": { "type": "Point", "coordinates": [ 130.422043699999989, 32.5491423 ] } },
{ "type": "Feature", "properties": { "内容": "医療法人　村上会　ひまわりヘルパーステーション【訪問介護】熊本県上天草市姫戸町姫浦652-1", "url": "https://www.kaigokensaku.mhlw.go.jp/43/index.php?action_kouhyou_detail_004_kani=true&JigyosyoCd=4373200965-00&ServiceCd=110&Type=search", "url2": null }, "geometry": { "type": "Point", "coordinates": [ 130.40553239999997, 32.4336538 ] } },
{ "type": "Feature", "properties": { "内容": "訪問介護ゆうとく【訪問介護】熊本県上天草市大矢野町登立1426-2", "url": "https://www.kaigokensaku.mhlw.go.jp/43/index.php?action_kouhyou_detail_004_kani=true&JigyosyoCd=4371200280-00&ServiceCd=110&Type=search", "url2": null }, "geometry": { "type": "Point", "coordinates": [ 130.436810400000013, 32.601825399999989 ] } },
{ "type": "Feature", "properties": { "内容": "えいしんケアセンター【訪問介護】熊本県宇城市小川町新田出1325西日本リバーサイド103", "url": "https://www.kaigokensaku.mhlw.go.jp/43/index.php?action_kouhyou_detail_004_kani=true&JigyosyoCd=4371301203-00&ServiceCd=110&Type=search", "url2": null }, "geometry": { "type": "Point", "coordinates": [ 130.681418947221403, 32.617538779433616 ] } },
{ "type": "Feature", "properties": { "内容": "ヘルパーステーション　風雅　うき支店【訪問介護】熊本県宇城市不知火町御領458-7B号棟", "url": "https://www.kaigokensaku.mhlw.go.jp/43/index.php?action_kouhyou_detail_004_kani=true&JigyosyoCd=4371301211-00&ServiceCd=110&Type=search", "url2": "http://hp.kaipoke.biz/ek1/" }, "geometry": { "type": "Point", "coordinates": [ 130.6705323, 32.654858 ] } },
{ "type": "Feature", "properties": { "内容": "訪問介護事業所夢のかけ橋【訪問介護】宇城市松橋町南豊崎744-1", "url": "https://www.kaigokensaku.mhlw.go.jp/43/index.php?action_kouhyou_detail_004_kani=true&JigyosyoCd=4370202782-00&ServiceCd=110&Type=search", "url2": null }, "geometry": { "type": "Point", "coordinates": [ 130.6783335, 32.62492660000003 ] } },
{ "type": "Feature", "properties": { "内容": "ヘルパーステーションきりく【訪問介護】熊本県宇城市松橋町両仲間1057番地1", "url": "https://www.kaigokensaku.mhlw.go.jp/43/index.php?action_kouhyou_detail_004_kani=true&JigyosyoCd=4371301245-00&ServiceCd=110&Type=search", "url2": null }, "geometry": { "type": "Point", "coordinates": [ 130.696783900000014, 32.6308517 ] } },
{ "type": "Feature", "properties": { "内容": "ヘルパーステーション光の風【訪問介護】熊本県宇城市松橋町萩尾670番地", "url": "https://www.kaigokensaku.mhlw.go.jp/43/index.php?action_kouhyou_detail_004_kani=true&JigyosyoCd=4371300064-00&ServiceCd=110&Type=search", "url2": null }, "geometry": { "type": "Point", "coordinates": [ 130.718185613566561, 32.654109004354304 ] } },
{ "type": "Feature", "properties": { "内容": "社会福祉法人グリーンコープふくしサービスセンターほたる【訪問介護】熊本県宇城市豊野町糸石3928-1", "url": "https://www.kaigokensaku.mhlw.go.jp/43/index.php?action_kouhyou_detail_004_kani=true&JigyosyoCd=4371300304-00&ServiceCd=110&Type=search", "url2": "http://www.fukushi-greencoop.or.jp" }, "geometry": { "type": "Point", "coordinates": [ 130.747412304229783, 32.641662911317141 ] } },
{ "type": "Feature", "properties": { "内容": "ＪＡうきうき福祉サービス事業所【訪問介護】熊本県宇城市不知火町長崎７２－１", "url": "https://www.kaigokensaku.mhlw.go.jp/43/index.php?action_kouhyou_detail_004_kani=true&JigyosyoCd=4371300320-00&ServiceCd=110&Type=search", "url2": null }, "geometry": { "type": "Point", "coordinates": [ 130.661194600000044, 32.6454884 ] } },
{ "type": "Feature", "properties": { "内容": "タガワブレースホームヘルパーステーション【訪問介護】宇城市小川町南部田1556-1", "url": "https://www.kaigokensaku.mhlw.go.jp/43/index.php?action_kouhyou_detail_004_kani=true&JigyosyoCd=4371300395-00&ServiceCd=110&Type=search", "url2": null }, "geometry": { "type": "Point", "coordinates": [ 130.712074, 32.5982718 ] } },
{ "type": "Feature", "properties": { "内容": "訪問介護ステーションひなた【訪問介護】熊本県宇城市不知火町長崎564-1", "url": "https://www.kaigokensaku.mhlw.go.jp/43/index.php?action_kouhyou_detail_004_kani=true&JigyosyoCd=4371300403-00&ServiceCd=110&Type=search", "url2": "sakamotokensetu@hb.tp1.jp" }, "geometry": { "type": "Point", "coordinates": [ 130.647190666420897, 32.644507988600353 ] } },
{ "type": "Feature", "properties": { "内容": "ヘルパーステーションまつばせ【訪問介護】熊本県宇城市松橋町久具６１番地５", "url": "https://www.kaigokensaku.mhlw.go.jp/43/index.php?action_kouhyou_detail_004_kani=true&JigyosyoCd=4371300437-00&ServiceCd=110&Type=search", "url2": "http://www.houjyukai-g.jp" }, "geometry": { "type": "Point", "coordinates": [ 130.689495699999952, 32.6454807 ] } },
{ "type": "Feature", "properties": { "内容": "訪問介護ステーションはなみずき【訪問介護】熊本県宇城市不知火町御領171番地3", "url": "https://www.kaigokensaku.mhlw.go.jp/43/index.php?action_kouhyou_detail_004_kani=true&JigyosyoCd=4371300445-00&ServiceCd=110&Type=search", "url2": null }, "geometry": { "type": "Point", "coordinates": [ 130.673332399999964, 32.6594848 ] } },
{ "type": "Feature", "properties": { "内容": "ヘルパーステーション　つばさ【訪問介護】小川町新田１６３４－１", "url": "https://www.kaigokensaku.mhlw.go.jp/43/index.php?action_kouhyou_detail_004_kani=true&JigyosyoCd=4371300460-00&ServiceCd=110&Type=search", "url2": "https://ukiukitsubasa.com/" }, "geometry": { "type": "Point", "coordinates": [ 130.686917462565589, 32.600016002207177 ] } },
{ "type": "Feature", "properties": { "内容": "訪問介護事業所松風会【訪問介護】熊本県宇城市三角町波多770番地1", "url": "https://www.kaigokensaku.mhlw.go.jp/43/index.php?action_kouhyou_detail_004_kani=true&JigyosyoCd=4371300486-00&ServiceCd=110&Type=search", "url2": "asahi-shofukai.com" }, "geometry": { "type": "Point", "coordinates": [ 130.484253699999954, 32.6140127 ] } },
{ "type": "Feature", "properties": { "内容": "シラサギホームヘルパーステーション　おがわ【訪問介護】宇城市小川町新田字中割429番地１", "url": "https://www.kaigokensaku.mhlw.go.jp/43/index.php?action_kouhyou_detail_004_kani=true&JigyosyoCd=4371300742-00&ServiceCd=110&Type=search", "url2": "http://www.kaigocsc.co.jp/sirasagi" }, "geometry": { "type": "Point", "coordinates": [ 130.68872650000003, 32.5917275 ] } },
{ "type": "Feature", "properties": { "内容": "ヘルパーステーション花美月【訪問介護】熊本県宇城市松橋町久具1731", "url": "https://www.kaigokensaku.mhlw.go.jp/43/index.php?action_kouhyou_detail_004_kani=true&JigyosyoCd=4371300767-00&ServiceCd=110&Type=search", "url2": "www.asoka8730.jp" }, "geometry": { "type": "Point", "coordinates": [ 130.699994588442081, 32.647746117565156 ] } },
{ "type": "Feature", "properties": { "内容": "ヘルパーステーション豊福【訪問介護】熊本県宇城市松橋町豊福1198番地2住宅型有料老人ホーム優光", "url": "https://www.kaigokensaku.mhlw.go.jp/43/index.php?action_kouhyou_detail_004_kani=true&JigyosyoCd=4371300825-00&ServiceCd=110&Type=search", "url2": "https://www.youko-uki.com/" }, "geometry": { "type": "Point", "coordinates": [ 130.703196693362429, 32.633177915001177 ] } },
{ "type": "Feature", "properties": { "内容": "訪問介護ステーション　愛話園【訪問介護】松橋町南豊崎437番地3", "url": "https://www.kaigokensaku.mhlw.go.jp/43/index.php?action_kouhyou_detail_004_kani=true&JigyosyoCd=4371300940-00&ServiceCd=110&Type=search", "url2": null }, "geometry": { "type": "Point", "coordinates": [ 130.679383821009878, 32.621166982425542 ] } },
{ "type": "Feature", "properties": { "内容": "ヘルパーステーション・エムズ【訪問介護】熊本県宇城市小川町江頭３９４番地", "url": "https://www.kaigokensaku.mhlw.go.jp/43/index.php?action_kouhyou_detail_004_kani=true&JigyosyoCd=4371301054-00&ServiceCd=110&Type=search", "url2": "https://www.marblefellow.com/" }, "geometry": { "type": "Point", "coordinates": [ 130.699378199999984, 32.595251 ] } },
{ "type": "Feature", "properties": { "内容": "ヘルパーステーション水晶苑【訪問介護】熊本県宇城市豊野町糸石2513", "url": "https://www.kaigokensaku.mhlw.go.jp/43/index.php?action_kouhyou_detail_004_kani=true&JigyosyoCd=4371301088-00&ServiceCd=110&Type=search", "url2": "http://www.suisyouen.info/suisyouen/" }, "geometry": { "type": "Point", "coordinates": [ 130.7548327, 32.6319075 ] } },
{ "type": "Feature", "properties": { "内容": "訪問介護事業所　うき花苑【訪問介護】熊本県松橋町久具1888番地1", "url": "https://www.kaigokensaku.mhlw.go.jp/43/index.php?action_kouhyou_detail_004_kani=true&JigyosyoCd=4371301104-00&ServiceCd=110&Type=search", "url2": null }, "geometry": { "type": "Point", "coordinates": [ 130.691771, 32.6453571 ] } },
{ "type": "Feature", "properties": { "内容": "ヘルパーステーションゆい【訪問介護】熊本県宇城市不知火町長崎561番地1", "url": "https://www.kaigokensaku.mhlw.go.jp/43/index.php?action_kouhyou_detail_004_kani=true&JigyosyoCd=4371301138-00&ServiceCd=110&Type=search", "url2": "https://withtto.jp/" }, "geometry": { "type": "Point", "coordinates": [ 130.6476533, 32.6444933 ] } },
{ "type": "Feature", "properties": { "内容": "豊洋園ヘルパーセンター【訪問介護】熊本県宇城市三角町里浦２８５５番５", "url": "https://www.kaigokensaku.mhlw.go.jp/43/index.php?action_kouhyou_detail_004_kani=true&JigyosyoCd=4372200339-00&ServiceCd=110&Type=search", "url2": "http://houyouen.jp" }, "geometry": { "type": "Point", "coordinates": [ 130.553989300000012, 32.6234886 ] } },
{ "type": "Feature", "properties": { "内容": "ニチイケアセンター宇城【訪問介護】熊本県宇城市松橋町大野2番地1ＲＴおおの4号室", "url": "https://www.kaigokensaku.mhlw.go.jp/43/index.php?action_kouhyou_detail_004_kani=true&JigyosyoCd=4372301012-00&ServiceCd=110&Type=search", "url2": "http://www.nichiigakkan.co.jp" }, "geometry": { "type": "Point", "coordinates": [ 130.685581546586121, 32.651149472565031 ] } },
{ "type": "Feature", "properties": { "内容": "社会福祉法人グリーンコープ　ふくしサービスセンター笑【訪問介護】熊本県宇城市松橋町久具2584番", "url": "https://www.kaigokensaku.mhlw.go.jp/43/index.php?action_kouhyou_detail_004_kani=true&JigyosyoCd=4372301145-00&ServiceCd=110&Type=search", "url2": "http://www.fukushi-greencoop.or.jp" }, "geometry": { "type": "Point", "coordinates": [ 130.689732873138382, 32.644111178086511 ] } },
{ "type": "Feature", "properties": { "内容": "訪問介護事業所　クローバー【訪問介護】不知火町御領171-1", "url": "https://www.kaigokensaku.mhlw.go.jp/43/index.php?action_kouhyou_detail_004_kani=true&JigyosyoCd=4371300601-00&ServiceCd=110&Type=search", "url2": null }, "geometry": { "type": "Point", "coordinates": [ 130.673337899999979, 32.6596292 ] } },
{ "type": "Feature", "properties": { "内容": "ヘルパーステーション水と緑【訪問介護】熊本県宇城市松橋町久具99番地まつばせ寿光庵", "url": "https://www.kaigokensaku.mhlw.go.jp/43/index.php?action_kouhyou_detail_004_kani=true&JigyosyoCd=4371301070-00&ServiceCd=110&Type=search", "url2": "jyukouann@houjyukaig.jp" }, "geometry": { "type": "Point", "coordinates": [ 130.691771, 32.6453571 ] } },
{ "type": "Feature", "properties": { "内容": "ヘルパーステーションつなぐ【訪問介護】熊本県宇城市不知火町亀松111-13", "url": "https://www.kaigokensaku.mhlw.go.jp/43/index.php?action_kouhyou_detail_004_kani=true&JigyosyoCd=4371301195-00&ServiceCd=110&Type=search", "url2": "https://www.rasic-helper.jp/" }, "geometry": { "type": "Point", "coordinates": [ 130.6653991, 32.6431688 ] } },
{ "type": "Feature", "properties": { "内容": "訪問介護事業所ケア助【訪問介護】熊本県宇城市小川町北小野1087-9", "url": "https://www.kaigokensaku.mhlw.go.jp/43/index.php?action_kouhyou_detail_004_kani=true&JigyosyoCd=4371301112-00&ServiceCd=110&Type=search", "url2": null }, "geometry": { "type": "Point", "coordinates": [ 130.7096582, 32.5974429 ] } },
{ "type": "Feature", "properties": { "内容": "ヘルパーステーションなごやか【訪問介護】熊本県宇城市小川町川尻５３１番地3", "url": "https://www.kaigokensaku.mhlw.go.jp/43/index.php?action_kouhyou_detail_004_kani=true&JigyosyoCd=4371301260-00&ServiceCd=110&Type=search", "url2": null }, "geometry": { "type": "Point", "coordinates": [ 130.6944772, 32.602853 ] } },
{ "type": "Feature", "properties": { "内容": "ヘルパーステーション・マインド【訪問介護】熊本県宇城市小川町河江192-2", "url": "https://www.kaigokensaku.mhlw.go.jp/43/index.php?action_kouhyou_detail_004_kani=true&JigyosyoCd=4371301286-00&ServiceCd=110&Type=search", "url2": "http://www.marblefellow.com" }, "geometry": { "type": "Point", "coordinates": [ 130.7084683, 32.5936348 ] } },
{ "type": "Feature", "properties": { "内容": "ヘルパーステーションあそ【訪問介護】熊本県阿蘇市内牧976番地2", "url": "https://www.kaigokensaku.mhlw.go.jp/43/index.php?action_kouhyou_detail_004_kani=true&JigyosyoCd=4371400039-00&ServiceCd=110&Type=search", "url2": "https://www.asoyamabiko.jp/aso/" }, "geometry": { "type": "Point", "coordinates": [ 131.044054286186793, 32.971007161065501 ] } },
{ "type": "Feature", "properties": { "内容": "阿蘇さくら草【訪問介護】阿蘇市内牧３２９番地", "url": "https://www.kaigokensaku.mhlw.go.jp/43/index.php?action_kouhyou_detail_004_kani=true&JigyosyoCd=4371400179-00&ServiceCd=110&Type=search", "url2": "s-mitiyo@aso.ne.jp" }, "geometry": { "type": "Point", "coordinates": [ 131.035620900000026, 32.9747139 ] } },
{ "type": "Feature", "properties": { "内容": "ヘルパーステーション　つくし【訪問介護】熊本県阿蘇市内牧９１１番地８", "url": "https://www.kaigokensaku.mhlw.go.jp/43/index.php?action_kouhyou_detail_004_kani=true&JigyosyoCd=4371400203-00&ServiceCd=110&Type=search", "url2": null }, "geometry": { "type": "Point", "coordinates": [ 131.044359006103377, 32.968932866799861 ] } },
{ "type": "Feature", "properties": { "内容": "ケアステーションゆう【訪問介護】熊本県阿蘇市内牧1214番地32", "url": "https://www.kaigokensaku.mhlw.go.jp/43/index.php?action_kouhyou_detail_004_kani=true&JigyosyoCd=4371400245-00&ServiceCd=110&Type=search", "url2": null }, "geometry": { "type": "Point", "coordinates": [ 131.050114099999973, 32.9700154 ] } },
{ "type": "Feature", "properties": { "内容": "訪問介護事業所春草苑【訪問介護】熊本県阿蘇市内牧１１１２番５", "url": "https://www.kaigokensaku.mhlw.go.jp/43/index.php?action_kouhyou_detail_004_kani=true&JigyosyoCd=4372700684-00&ServiceCd=110&Type=search", "url2": null }, "geometry": { "type": "Point", "coordinates": [ 131.04349510066379, 32.972644937591575 ] } },
{ "type": "Feature", "properties": { "内容": "ハートケアセンター【訪問介護】小里249番地2", "url": "https://www.kaigokensaku.mhlw.go.jp/43/index.php?action_kouhyou_detail_004_kani=true&JigyosyoCd=4312711411-00&ServiceCd=110&Type=search", "url2": "http://asoheart.com" }, "geometry": { "type": "Point", "coordinates": [ 131.039845600000035, 32.9784775 ] } },
{ "type": "Feature", "properties": { "内容": "梅寿荘ホームヘルパーステーション【訪問介護】熊本県天草市栖本町湯船原655番地1", "url": "https://www.kaigokensaku.mhlw.go.jp/43/index.php?action_kouhyou_detail_004_kani=true&JigyosyoCd=4373200577-00&ServiceCd=110&Type=search", "url2": "http://www15.ocn.ne.jp/~baijusou" }, "geometry": { "type": "Point", "coordinates": [ 130.277182700000054, 32.4162036 ] } },
{ "type": "Feature", "properties": { "内容": "社団法人天草郡市医師会立天草地域介護センター【訪問介護】熊本県天草市亀場町食場1181番地1", "url": "https://www.kaigokensaku.mhlw.go.jp/43/index.php?action_kouhyou_detail_004_kani=true&JigyosyoCd=4310710928-00&ServiceCd=110&Type=search", "url2": "http://www.amed.jp" }, "geometry": { "type": "Point", "coordinates": [ 130.180667800000037, 32.4330786 ] } },
{ "type": "Feature", "properties": { "内容": "ヘルパーステーション・はまなす【訪問介護】熊本県天草市本渡町本戸馬場２０９４－７", "url": "https://www.kaigokensaku.mhlw.go.jp/43/index.php?action_kouhyou_detail_004_kani=true&JigyosyoCd=4370700306-00&ServiceCd=110&Type=search", "url2": null }, "geometry": { "type": "Point", "coordinates": [ 130.1767939, 32.4721946 ] } },
{ "type": "Feature", "properties": { "内容": "ホームヘルプ本渡ケアホーム【訪問介護】熊本県天草市下浦町２０９０－７", "url": "https://www.kaigokensaku.mhlw.go.jp/43/index.php?action_kouhyou_detail_004_kani=true&JigyosyoCd=4370700389-00&ServiceCd=110&Type=search", "url2": null }, "geometry": { "type": "Point", "coordinates": [ 130.222987, 32.4244183 ] } },
{ "type": "Feature", "properties": { "内容": "ニチイケアセンター本渡【訪問介護】熊本県天草市小松原町12-10ELビル天草103", "url": "https://www.kaigokensaku.mhlw.go.jp/43/index.php?action_kouhyou_detail_004_kani=true&JigyosyoCd=4370700454-00&ServiceCd=110&Type=search", "url2": "http://www.nichiigakkan.co.jp" }, "geometry": { "type": "Point", "coordinates": [ 130.19258519999994, 32.4604817 ] } },
{ "type": "Feature", "properties": { "内容": "ヘルパーステーション明照園【訪問介護】熊本県天草市久玉町1273番地1", "url": "https://www.kaigokensaku.mhlw.go.jp/43/index.php?action_kouhyou_detail_004_kani=true&JigyosyoCd=4370900427-00&ServiceCd=110&Type=search", "url2": "https://meishoen.com" }, "geometry": { "type": "Point", "coordinates": [ 130.028847600000063, 32.218273 ] } },
{ "type": "Feature", "properties": { "内容": "天草市社協ヘルパーセンター本渡【訪問介護】熊本県天草市亀場町亀川1886番地2", "url": "https://www.kaigokensaku.mhlw.go.jp/43/index.php?action_kouhyou_detail_004_kani=true&JigyosyoCd=4371500119-00&ServiceCd=110&Type=search", "url2": "http://www.amakusa-shakyo.jp/" }, "geometry": { "type": "Point", "coordinates": [ 130.200239399999987, 32.4489224 ] } },
{ "type": "Feature", "properties": { "内容": "天草市社協ヘルパーセンター牛深【訪問介護】天草市牛深町２２８６－１０３", "url": "https://www.kaigokensaku.mhlw.go.jp/43/index.php?action_kouhyou_detail_004_kani=true&JigyosyoCd=4371500127-00&ServiceCd=110&Type=search", "url2": null }, "geometry": { "type": "Point", "coordinates": [ 130.0267737, 32.195115902493363 ] } },
{ "type": "Feature", "properties": { "内容": "天草市社協ヘルパーセンター御所浦【訪問介護】熊本県天草市御所浦町御所浦３５２７番地", "url": "https://www.kaigokensaku.mhlw.go.jp/43/index.php?action_kouhyou_detail_004_kani=true&JigyosyoCd=4371500143-00&ServiceCd=110&Type=search", "url2": null }, "geometry": { "type": "Point", "coordinates": [ 130.339131712055973, 32.340275510343915 ] } },
{ "type": "Feature", "properties": { "内容": "天草市社協ヘルパーセンター河浦【訪問介護】天草市河浦町白木河内２２３－１２天草市社会福祉協議会　河浦支所", "url": "https://www.kaigokensaku.mhlw.go.jp/43/index.php?action_kouhyou_detail_004_kani=true&JigyosyoCd=4371500176-00&ServiceCd=110&Type=search", "url2": null }, "geometry": { "type": "Point", "coordinates": [ 130.082890300000031, 32.3168459 ] } },
{ "type": "Feature", "properties": { "内容": "社会福祉法人グリーンコープ　ふくしサービスセンターイルカ【訪問介護】熊本県天草市本渡町本渡2568-4", "url": "https://www.kaigokensaku.mhlw.go.jp/43/index.php?action_kouhyou_detail_004_kani=true&JigyosyoCd=4371500291-00&ServiceCd=110&Type=search", "url2": "http://www.fukushi-greencoop.or.jp" }, "geometry": { "type": "Point", "coordinates": [ 130.181194499999947, 32.4558933 ] } },
{ "type": "Feature", "properties": { "内容": "ヘルパーセンター　はまかぜ【訪問介護】熊本県天草市倉岳町宮田２６９番地１", "url": "https://www.kaigokensaku.mhlw.go.jp/43/index.php?action_kouhyou_detail_004_kani=true&JigyosyoCd=4371500341-00&ServiceCd=110&Type=search", "url2": null }, "geometry": { "type": "Point", "coordinates": [ 130.307455, 32.3983038 ] } },
{ "type": "Feature", "properties": { "内容": "セントケア天草【訪問介護】熊本県天草市東町2-14電設会館2F", "url": "https://www.kaigokensaku.mhlw.go.jp/43/index.php?action_kouhyou_detail_004_kani=true&JigyosyoCd=4371500374-00&ServiceCd=110&Type=search", "url2": null }, "geometry": { "type": "Point", "coordinates": [ 130.199261827681454, 32.452828873914854 ] } },
{ "type": "Feature", "properties": { "内容": "訪問ヘルパーステーション毛利【訪問介護】熊本県天草市本町下河内８４０－２", "url": "https://www.kaigokensaku.mhlw.go.jp/43/index.php?action_kouhyou_detail_004_kani=true&JigyosyoCd=4371500648-00&ServiceCd=110&Type=search", "url2": "https://mouri.jp" }, "geometry": { "type": "Point", "coordinates": [ 130.166355675007594, 32.472681971744123 ] } },
{ "type": "Feature", "properties": { "内容": "厚生ヘルパーステーション【訪問介護】熊本県天草市諏訪町１番１号", "url": "https://www.kaigokensaku.mhlw.go.jp/43/index.php?action_kouhyou_detail_004_kani=true&JigyosyoCd=4371500705-00&ServiceCd=110&Type=search", "url2": "http://www.ichiyokai.or.jp/" }, "geometry": { "type": "Point", "coordinates": [ 130.189254828836084, 32.454934792282849 ] } },
{ "type": "Feature", "properties": { "内容": "訪問介護ステーションまごのて【訪問介護】熊本県天草市亀場町亀川758-1", "url": "https://www.kaigokensaku.mhlw.go.jp/43/index.php?action_kouhyou_detail_004_kani=true&JigyosyoCd=4371500937-00&ServiceCd=110&Type=search", "url2": "http://hp.kaipoke.biz/kf6/" }, "geometry": { "type": "Point", "coordinates": [ 130.205343699999958, 32.4384004 ] } },
{ "type": "Feature", "properties": { "内容": "天草市社協ヘルパーセンター倉岳【訪問介護】熊本県天草市倉岳町棚底１９９７－１倉岳老人福祉センター", "url": "https://www.kaigokensaku.mhlw.go.jp/43/index.php?action_kouhyou_detail_004_kani=true&JigyosyoCd=4371500721-00&ServiceCd=110&Type=search", "url2": "https://www.amakusa-shakyo.jp/" }, "geometry": { "type": "Point", "coordinates": [ 130.339399100000037, 32.407476 ] } },
{ "type": "Feature", "properties": { "内容": "天草市社協ヘルパーセンター五和【訪問介護】天草市五和町御領２９４３天草市五和支所内", "url": "https://www.kaigokensaku.mhlw.go.jp/43/index.php?action_kouhyou_detail_004_kani=true&JigyosyoCd=4371500465-00&ServiceCd=110&Type=search", "url2": null }, "geometry": { "type": "Point", "coordinates": [ 130.187705700000038, 32.5122278 ] } },
{ "type": "Feature", "properties": { "内容": "てまり訪問介護【訪問介護】船之尾町7番3号", "url": "https://www.kaigokensaku.mhlw.go.jp/43/index.php?action_kouhyou_detail_004_kani=true&JigyosyoCd=4371500903-00&ServiceCd=110&Type=search", "url2": null }, "geometry": { "type": "Point", "coordinates": [ 130.187846799999988, 32.4572376 ] } },
{ "type": "Feature", "properties": { "内容": "ヘルパーステーション六花【訪問介護】熊本県合志市須屋2695-114", "url": "https://www.kaigokensaku.mhlw.go.jp/43/index.php?action_kouhyou_detail_004_kani=true&JigyosyoCd=4371600877-00&ServiceCd=110&Type=search", "url2": null }, "geometry": { "type": "Point", "coordinates": [ 130.7492401, 32.8732365 ] } },
{ "type": "Feature", "properties": { "内容": "合志市社協ホームヘルパーステーション【訪問介護】熊本県合志市須屋2251番地1保健福祉センターふれあい館", "url": "https://www.kaigokensaku.mhlw.go.jp/43/index.php?action_kouhyou_detail_004_kani=true&JigyosyoCd=4371600018-00&ServiceCd=110&Type=search", "url2": "http://www.koshi-shakyo.or.jp" }, "geometry": { "type": "Point", "coordinates": [ 130.733847299999979, 32.8732556 ] } },
{ "type": "Feature", "properties": { "内容": "訪問介護事業所　康寿苑【訪問介護】熊本県合志市幾久富1909番地1710", "url": "https://www.kaigokensaku.mhlw.go.jp/43/index.php?action_kouhyou_detail_004_kani=true&JigyosyoCd=4371600182-00&ServiceCd=110&Type=search", "url2": null }, "geometry": { "type": "Point", "coordinates": [ 130.773710214290304, 32.863428175604163 ] } },
{ "type": "Feature", "properties": { "内容": "むべの里訪問介護事業所合志【訪問介護】熊本県合志市豊岡1900番地6", "url": "https://www.kaigokensaku.mhlw.go.jp/43/index.php?action_kouhyou_detail_004_kani=true&JigyosyoCd=4371600448-00&ServiceCd=110&Type=search", "url2": "http://www.mubenosato.com/" }, "geometry": { "type": "Point", "coordinates": [ 130.765848, 32.868181 ] } },
{ "type": "Feature", "properties": { "内容": "ヘルパーステーションこまち【訪問介護】熊本県合志市合生4156番地7", "url": "https://www.kaigokensaku.mhlw.go.jp/43/index.php?action_kouhyou_detail_004_kani=true&JigyosyoCd=4371600505-00&ServiceCd=110&Type=search", "url2": null }, "geometry": { "type": "Point", "coordinates": [ 130.73529469999994, 32.8609956 ] } },
{ "type": "Feature", "properties": { "内容": "むべの里訪問介護事業所須屋【訪問介護】熊本県合志市須屋字峠1820番地1", "url": "https://www.kaigokensaku.mhlw.go.jp/43/index.php?action_kouhyou_detail_004_kani=true&JigyosyoCd=4371600620-00&ServiceCd=110&Type=search", "url2": "http://www.mubenosato.com/" }, "geometry": { "type": "Point", "coordinates": [ 130.735289100000045, 32.8646536 ] } },
{ "type": "Feature", "properties": { "内容": "訪問介護ステーション和楽家【訪問介護】熊本県合志市野々島1601-6", "url": "https://www.kaigokensaku.mhlw.go.jp/43/index.php?action_kouhyou_detail_004_kani=true&JigyosyoCd=4371600646-00&ServiceCd=110&Type=search", "url2": "http://wagaya-day.com/" }, "geometry": { "type": "Point", "coordinates": [ 130.725876699999958, 32.9075936 ] } },
{ "type": "Feature", "properties": { "内容": "訪問介護事業所ベルフラワー【訪問介護】熊本県合志市須屋656-1クレメント404", "url": "https://www.kaigokensaku.mhlw.go.jp/43/index.php?action_kouhyou_detail_004_kani=true&JigyosyoCd=4371600802-00&ServiceCd=110&Type=search", "url2": null }, "geometry": { "type": "Point", "coordinates": [ 130.7272843, 32.8551662 ] } },
{ "type": "Feature", "properties": { "内容": "菊香園ホームヘルパーセンター【訪問介護】合志市御代志718-4", "url": "https://www.kaigokensaku.mhlw.go.jp/43/index.php?action_kouhyou_detail_004_kani=true&JigyosyoCd=4372600306-00&ServiceCd=110&Type=search", "url2": "http://www.sanshikaikikukaen.or.jp" }, "geometry": { "type": "Point", "coordinates": [ 130.757281199999966, 32.9017336 ] } },
{ "type": "Feature", "properties": { "内容": "紀水ナーシングホーム　指定訪問介護事業所【訪問介護】熊本県合志市竹迫２２２４番地", "url": "https://www.kaigokensaku.mhlw.go.jp/43/index.php?action_kouhyou_detail_004_kani=true&JigyosyoCd=4372600900-00&ServiceCd=110&Type=search", "url2": null }, "geometry": { "type": "Point", "coordinates": [ 130.783729699999981, 32.8791078 ] } },
{ "type": "Feature", "properties": { "内容": "セントケア合志【訪問介護】熊本県合志市幾久富1656番地459", "url": "https://www.kaigokensaku.mhlw.go.jp/43/index.php?action_kouhyou_detail_004_kani=true&JigyosyoCd=4371600125-00&ServiceCd=110&Type=search", "url2": null }, "geometry": { "type": "Point", "coordinates": [ 130.780410813105732, 32.869812978246877 ] } },
{ "type": "Feature", "properties": { "内容": "ニチイケアセンターすや【訪問介護】熊本県合志市須屋2752-1二本松コーポ105", "url": "https://www.kaigokensaku.mhlw.go.jp/43/index.php?action_kouhyou_detail_004_kani=true&JigyosyoCd=4371600679-00&ServiceCd=110&Type=search", "url2": null }, "geometry": { "type": "Point", "coordinates": [ 130.7451389, 32.87088830000004 ] } },
{ "type": "Feature", "properties": { "内容": "元気な家【訪問介護】熊本県合志市須屋１６５－５元気な家ひまわり", "url": "https://www.kaigokensaku.mhlw.go.jp/43/index.php?action_kouhyou_detail_004_kani=true&JigyosyoCd=4371600133-00&ServiceCd=110&Type=search", "url2": "http://www.sankolife.co.jp" }, "geometry": { "type": "Point", "coordinates": [ 130.739362581024778, 32.854228807581634 ] } },
{ "type": "Feature", "properties": { "内容": "あすぱるケアサポート【訪問介護】豊岡2054番地45", "url": "https://www.kaigokensaku.mhlw.go.jp/43/index.php?action_kouhyou_detail_004_kani=true&JigyosyoCd=4371600281-00&ServiceCd=110&Type=search", "url2": "https://asupal.com/" }, "geometry": { "type": "Point", "coordinates": [ 130.766784, 32.8712197 ] } },
{ "type": "Feature", "properties": { "内容": "訪問介護ステーション　ぶどうの木【訪問介護】熊本県合志市豊岡字大摩原2000番地91", "url": "https://www.kaigokensaku.mhlw.go.jp/43/index.php?action_kouhyou_detail_004_kani=true&JigyosyoCd=4371600398-00&ServiceCd=110&Type=search", "url2": "https://budounooka.budou-group.com" }, "geometry": { "type": "Point", "coordinates": [ 130.764844853828436, 32.873728610965422 ] } },
{ "type": "Feature", "properties": { "内容": "合志市御代志2086-9【訪問介護】熊本県合志市御代志2086-9有料老人ホームみよし", "url": "https://www.kaigokensaku.mhlw.go.jp/43/index.php?action_kouhyou_detail_004_kani=true&JigyosyoCd=4371600778-00&ServiceCd=110&Type=search", "url2": null }, "geometry": { "type": "Point", "coordinates": [ 130.742347200000012, 32.8910787 ] } },
{ "type": "Feature", "properties": { "内容": "訪問介護ステーションHIBISU合志【訪問介護】熊本県合志市竹迫2290番地3", "url": "https://www.kaigokensaku.mhlw.go.jp/43/index.php?action_kouhyou_detail_004_kani=true&JigyosyoCd=4371600869-00&ServiceCd=110&Type=search", "url2": "https://hibisu.com/hibisu-kohshi/" }, "geometry": { "type": "Point", "coordinates": [ 130.785900700000013, 32.8796799 ] } },
{ "type": "Feature", "properties": { "内容": "ヘルパーステーション　マドレ【訪問介護】熊本県合志市須屋1983‐7田上ビル１F", "url": "https://www.kaigokensaku.mhlw.go.jp/43/index.php?action_kouhyou_detail_004_kani=true&JigyosyoCd=4371600760-00&ServiceCd=110&Type=search", "url2": null }, "geometry": { "type": "Point", "coordinates": [ 130.731658, 32.8629394 ] } },
{ "type": "Feature", "properties": { "内容": "ヘルパーステーションおんじゃく【訪問介護】熊本県下益城郡美里町中小路904", "url": "https://www.kaigokensaku.mhlw.go.jp/43/index.php?action_kouhyou_detail_004_kani=true&JigyosyoCd=4372300493-00&ServiceCd=110&Type=search", "url2": "http://www.onjaku.jp" }, "geometry": { "type": "Point", "coordinates": [ 130.784957100000042, 32.6326337 ] } },
{ "type": "Feature", "properties": { "内容": "ヘルパーステーションひまわり【訪問介護】熊本県下益城郡美里町二和田１２３３", "url": "https://www.kaigokensaku.mhlw.go.jp/43/index.php?action_kouhyou_detail_004_kani=true&JigyosyoCd=4372300519-00&ServiceCd=110&Type=search", "url2": "http://www．youkouen.com" }, "geometry": { "type": "Point", "coordinates": [ 130.863585699999931, 32.6197483 ] } },
{ "type": "Feature", "properties": { "内容": "美里町社協ケアセンター美里【訪問介護】熊本県下益城郡美里町三和420美里町役場砥用庁舎内", "url": "https://www.kaigokensaku.mhlw.go.jp/43/index.php?action_kouhyou_detail_004_kani=true&JigyosyoCd=4372301160-00&ServiceCd=110&Type=search", "url2": "http://misatoshakyo.or.jp/" }, "geometry": { "type": "Point", "coordinates": [ 130.86878445767212, 32.621818274835164 ] } },
{ "type": "Feature", "properties": { "内容": "玉東町社協ホームヘルパーステーション【訪問介護】熊本県玉名郡玉東町大字木葉759番地玉東町福祉センター", "url": "https://www.kaigokensaku.mhlw.go.jp/43/index.php?action_kouhyou_detail_004_kani=true&JigyosyoCd=4372400517-00&ServiceCd=110&Type=search", "url2": null }, "geometry": { "type": "Point", "coordinates": [ 130.627884799999947, 32.9188802 ] } },
{ "type": "Feature", "properties": { "内容": "訪問介護　このは【訪問介護】熊本県玉名郡玉東町稲佐516-3", "url": "https://www.kaigokensaku.mhlw.go.jp/43/index.php?action_kouhyou_detail_004_kani=true&JigyosyoCd=4372401580-00&ServiceCd=110&Type=search", "url2": "https://group-yamamoto.com/" }, "geometry": { "type": "Point", "coordinates": [ 130.610999703198956, 32.921846779523761 ] } },
{ "type": "Feature", "properties": { "内容": "南関町訪問介護事業所【訪問介護】熊本県玉名郡南関町大字小原1405番地", "url": "https://www.kaigokensaku.mhlw.go.jp/43/index.php?action_kouhyou_detail_004_kani=true&JigyosyoCd=4372400509-00&ServiceCd=110&Type=search", "url2": "http://www.nankan-syakyo.or.jp/care" }, "geometry": { "type": "Point", "coordinates": [ 130.563760900000034, 33.0464425 ] } },
{ "type": "Feature", "properties": { "内容": "ひかりの庭訪問介護事業所【訪問介護】熊本県玉名郡南関町大字久重545番地", "url": "https://www.kaigokensaku.mhlw.go.jp/43/index.php?action_kouhyou_detail_004_kani=true&JigyosyoCd=4372401416-00&ServiceCd=110&Type=search", "url2": "https://kaigo-hikari.com/" }, "geometry": { "type": "Point", "coordinates": [ 130.515881199999967, 33.0441251 ] } },
{ "type": "Feature", "properties": { "内容": "ケアサポートつくし【訪問介護】熊本県玉名郡南関町関町1362−5", "url": "https://www.kaigokensaku.mhlw.go.jp/43/index.php?action_kouhyou_detail_004_kani=true&JigyosyoCd=4372401747-00&ServiceCd=110&Type=search", "url2": null }, "geometry": { "type": "Point", "coordinates": [ 130.543091800000013, 33.0619568 ] } },
{ "type": "Feature", "properties": { "内容": "訪問介護事業所　　関の郷【訪問介護】熊本県玉名郡南関町大字関町１６番地１住宅型有料老人ホーム　関の郷", "url": "https://www.kaigokensaku.mhlw.go.jp/43/index.php?action_kouhyou_detail_004_kani=true&JigyosyoCd=4372401481-00&ServiceCd=110&Type=search", "url2": null }, "geometry": { "type": "Point", "coordinates": [ 130.5427426, 33.0588018 ] } },
{ "type": "Feature", "properties": { "内容": "ヘルパーステーションありあけ【訪問介護】熊本県玉名郡長洲町宮野２７７５", "url": "https://www.kaigokensaku.mhlw.go.jp/43/index.php?action_kouhyou_detail_004_kani=true&JigyosyoCd=4372400673-00&ServiceCd=110&Type=search", "url2": null }, "geometry": { "type": "Point", "coordinates": [ 130.493167720762614, 32.950984727129665 ] } },
{ "type": "Feature", "properties": { "内容": "指定訪問介護事業所月華苑【訪問介護】熊本県玉名郡長洲町清源寺1060", "url": "https://www.kaigokensaku.mhlw.go.jp/43/index.php?action_kouhyou_detail_004_kani=true&JigyosyoCd=4372400723-00&ServiceCd=110&Type=search", "url2": "https://gekka-en.com/" }, "geometry": { "type": "Point", "coordinates": [ 130.464648899999929, 32.9291448 ] } },
{ "type": "Feature", "properties": { "内容": "ニチイケアセンター長洲【訪問介護】熊本県玉名郡長洲町2884-6", "url": "https://www.kaigokensaku.mhlw.go.jp/43/index.php?action_kouhyou_detail_004_kani=true&JigyosyoCd=4372401705-00&ServiceCd=110&Type=search", "url2": null }, "geometry": { "type": "Point", "coordinates": [ 130.452712499999961, 32.9297403 ] } },
{ "type": "Feature", "properties": { "内容": "訪問すまいる【訪問介護】熊本県玉名郡長洲町宮野341-3", "url": "https://www.kaigokensaku.mhlw.go.jp/43/index.php?action_kouhyou_detail_004_kani=true&JigyosyoCd=4372401770-00&ServiceCd=110&Type=search", "url2": null }, "geometry": { "type": "Point", "coordinates": [ 130.4777238, 32.9309065 ] } },
{ "type": "Feature", "properties": { "内容": "なごみ町社会福祉協議会【訪問介護】熊本県玉名郡和水町平野1276番地3", "url": "https://www.kaigokensaku.mhlw.go.jp/43/index.php?action_kouhyou_detail_004_kani=true&JigyosyoCd=4372401176-00&ServiceCd=110&Type=search", "url2": "www.nagomi-shakyo.or.jp/" }, "geometry": { "type": "Point", "coordinates": [ 130.622703783203178, 33.03631877134184 ] } },
{ "type": "Feature", "properties": { "内容": "訪問介護ステーションすずらん【訪問介護】玉名郡和水町長小田334番地", "url": "https://www.kaigokensaku.mhlw.go.jp/43/index.php?action_kouhyou_detail_004_kani=true&JigyosyoCd=4372401325-00&ServiceCd=110&Type=search", "url2": "http://fureaimatsukawa.com" }, "geometry": { "type": "Point", "coordinates": [ 130.603459, 32.99972 ] } },
{ "type": "Feature", "properties": { "内容": "ヘルパーステーションレインボー【訪問介護】熊本県玉名郡和水町中和仁1327", "url": "https://www.kaigokensaku.mhlw.go.jp/43/index.php?action_kouhyou_detail_004_kani=true&JigyosyoCd=4372401630-00&ServiceCd=110&Type=search", "url2": null }, "geometry": { "type": "Point", "coordinates": [ 130.58785320000004, 33.0865111 ] } },
{ "type": "Feature", "properties": { "内容": "社会福祉法人大津町社会福祉協議会指定訪問介護事業所【訪問介護】熊本県菊池郡大津町大字室１５１番地1大津町老人福祉センター内", "url": "https://www.kaigokensaku.mhlw.go.jp/43/index.php?action_kouhyou_detail_004_kani=true&JigyosyoCd=4372600470-00&ServiceCd=110&Type=search", "url2": "http://o-syakyo.info/" }, "geometry": { "type": "Point", "coordinates": [ 130.866785143516609, 32.878633372237822 ] } },
{ "type": "Feature", "properties": { "内容": "ふるさとの奏ホームヘルプサービス【訪問介護】熊本県菊池郡大津町引水東原714番地1", "url": "https://www.kaigokensaku.mhlw.go.jp/43/index.php?action_kouhyou_detail_004_kani=true&JigyosyoCd=4372601775-00&ServiceCd=110&Type=search", "url2": "http://www.kcc-fukushi.co.jp/kanade/" }, "geometry": { "type": "Point", "coordinates": [ 130.885033935304222, 32.87920126196029 ] } },
{ "type": "Feature", "properties": { "内容": "ヘルパーステーション　いわさか【訪問介護】菊池郡大津町大字岩坂435番地", "url": "https://www.kaigokensaku.mhlw.go.jp/43/index.php?action_kouhyou_detail_004_kani=true&JigyosyoCd=4372601965-00&ServiceCd=110&Type=search", "url2": "http://hidamari-iwasaka.com" }, "geometry": { "type": "Point", "coordinates": [ 130.878002978504128, 32.854575570267365 ] } },
{ "type": "Feature", "properties": { "内容": "ケアパートナーきらり【訪問介護】熊本県菊池郡大津町引水152-4", "url": "https://www.kaigokensaku.mhlw.go.jp/43/index.php?action_kouhyou_detail_004_kani=true&JigyosyoCd=4372602054-00&ServiceCd=110&Type=search", "url2": "https://carepartnerkirari.com/" }, "geometry": { "type": "Point", "coordinates": [ 130.878478, 32.87626 ] } },
{ "type": "Feature", "properties": { "内容": "訪問介護ユーノス大津【訪問介護】熊本県菊池郡大津町539-8", "url": "https://www.kaigokensaku.mhlw.go.jp/43/index.php?action_kouhyou_detail_004_kani=true&JigyosyoCd=4372602237-00&ServiceCd=110&Type=search", "url2": "https://eunos-ozu.com" }, "geometry": { "type": "Point", "coordinates": [ 130.8683431, 32.8785612 ] } },
{ "type": "Feature", "properties": { "内容": "あけぼの訪問介護事業所【訪問介護】熊本県菊池郡大津町陣内１８４４番地４", "url": "https://www.kaigokensaku.mhlw.go.jp/43/index.php?action_kouhyou_detail_004_kani=true&JigyosyoCd=4372600512-00&ServiceCd=110&Type=search", "url2": null }, "geometry": { "type": "Point", "coordinates": [ 130.871573, 32.8644912 ] } },
{ "type": "Feature", "properties": { "内容": "つつじ山荘ヘルパーステーション【訪問介護】熊本県菊池郡大津町大字大津字前田１１８７－１", "url": "https://www.kaigokensaku.mhlw.go.jp/43/index.php?action_kouhyou_detail_004_kani=true&JigyosyoCd=4372600702-00&ServiceCd=110&Type=search", "url2": "https://www.tutuji-sanso.jp" }, "geometry": { "type": "Point", "coordinates": [ 130.870014500000025, 32.879437 ] } },
{ "type": "Feature", "properties": { "内容": "訪問介護ステーション夢眠おおづ【訪問介護】熊本県菊池郡大津町大津2399-140", "url": "https://www.kaigokensaku.mhlw.go.jp/43/index.php?action_kouhyou_detail_004_kani=true&JigyosyoCd=4372602260-00&ServiceCd=110&Type=search", "url2": "http://muminhome.jp/" }, "geometry": { "type": "Point", "coordinates": [ 130.885742, 32.889444 ] } },
{ "type": "Feature", "properties": { "内容": "太寿園訪問介護事業所【訪問介護】熊本県菊池郡大津町大字室１７０７番地1", "url": "https://www.kaigokensaku.mhlw.go.jp/43/index.php?action_kouhyou_detail_004_kani=true&JigyosyoCd=4372601577-00&ServiceCd=110&Type=search", "url2": "http://www.taijyuen.co.jp/" }, "geometry": { "type": "Point", "coordinates": [ 130.856538689818933, 32.888254960930176 ] } },
{ "type": "Feature", "properties": { "内容": "訪問介護事業所Smile【訪問介護】熊本県菊池郡大津町大字杉水3410番地62", "url": "https://www.kaigokensaku.mhlw.go.jp/43/index.php?action_kouhyou_detail_004_kani=true&JigyosyoCd=4372602195-00&ServiceCd=110&Type=search", "url2": null }, "geometry": { "type": "Point", "coordinates": [ 130.8519691, 32.899933 ] } },
{ "type": "Feature", "properties": { "内容": "訪問介護ステーション宝の城【訪問介護】熊本県菊池郡大津町下町176-1", "url": "https://www.kaigokensaku.mhlw.go.jp/43/index.php?action_kouhyou_detail_004_kani=true&JigyosyoCd=4372602278-00&ServiceCd=110&Type=search", "url2": "https://sp-kyushu.com/" }, "geometry": { "type": "Point", "coordinates": [ 130.8599868, 32.8572823 ] } },
{ "type": "Feature", "properties": { "内容": "東部訪問介護ヘルパーステーション古閑【訪問介護】熊本県菊池郡大津町美咲野1－22－3　コンファティーブ美咲野Ｂ号室木造2階建て", "url": "https://www.kaigokensaku.mhlw.go.jp/43/index.php?action_kouhyou_detail_004_kani=true&JigyosyoCd=4370111181-00&ServiceCd=110&Type=search", "url2": null }, "geometry": { "type": "Point", "coordinates": [ 130.8803665, 32.8852153 ] } },
{ "type": "Feature", "properties": { "内容": "社会福祉法人　菊陽町社会福祉協議会　訪問介護事業所【訪問介護】熊本県菊池郡菊陽町大字久保田2596番地菊陽町福祉センター", "url": "https://www.kaigokensaku.mhlw.go.jp/43/index.php?action_kouhyou_detail_004_kani=true&JigyosyoCd=4372600678-00&ServiceCd=110&Type=search", "url2": "https://swkikuyo.or.jp/" }, "geometry": { "type": "Point", "coordinates": [ 130.8287345, 32.860693 ] } },
{ "type": "Feature", "properties": { "内容": "社会福祉法人グリーンコープ　ふくしサービスセンター結ふたば【訪問介護】熊本県菊池郡菊陽町津久礼2972-33", "url": "https://www.kaigokensaku.mhlw.go.jp/43/index.php?action_kouhyou_detail_004_kani=true&JigyosyoCd=4372601270-00&ServiceCd=110&Type=search", "url2": "http://www.greencoop.or.jp" }, "geometry": { "type": "Point", "coordinates": [ 130.7949595, 32.8614678 ] } },
{ "type": "Feature", "properties": { "内容": "訪問介護事業所トラスティーホームげんき【訪問介護】熊本県菊池郡菊陽町大字辛川1923番地1エイジングホームげんき", "url": "https://www.kaigokensaku.mhlw.go.jp/43/index.php?action_kouhyou_detail_004_kani=true&JigyosyoCd=4372601528-00&ServiceCd=110&Type=search", "url2": null }, "geometry": { "type": "Point", "coordinates": [ 130.805350699999963, 32.8472024 ] } },
{ "type": "Feature", "properties": { "内容": "訪問介護支援事業所　ほほえみのもり【訪問介護】熊本県菊池郡菊陽町武蔵ヶ丘北３丁目８番１号青木テナント１階", "url": "https://www.kaigokensaku.mhlw.go.jp/43/index.php?action_kouhyou_detail_004_kani=true&JigyosyoCd=4372601601-00&ServiceCd=110&Type=search", "url2": null }, "geometry": { "type": "Point", "coordinates": [ 130.765355777927198, 32.861373811546386 ] } },
{ "type": "Feature", "properties": { "内容": "つくれヘルパーステーション【訪問介護】熊本県菊池郡菊陽町津久礼2528番地5", "url": "https://www.kaigokensaku.mhlw.go.jp/43/index.php?action_kouhyou_detail_004_kani=true&JigyosyoCd=4372601635-00&ServiceCd=110&Type=search", "url2": null }, "geometry": { "type": "Point", "coordinates": [ 130.79944610000004, 32.856097300000023 ] } },
{ "type": "Feature", "properties": { "内容": "ブロッサム【訪問介護】熊本県菊池郡菊陽町花立一丁目14-16チェリーブロッサムⅢ102号室", "url": "https://www.kaigokensaku.mhlw.go.jp/43/index.php?action_kouhyou_detail_004_kani=true&JigyosyoCd=4372601676-00&ServiceCd=110&Type=search", "url2": "http://hc-b.com" }, "geometry": { "type": "Point", "coordinates": [ 130.758361459559183, 32.857357994013768 ] } },
{ "type": "Feature", "properties": { "内容": "ヘルパーステーション　みうら【訪問介護】菊池郡菊陽町津久礼2334-3", "url": "https://www.kaigokensaku.mhlw.go.jp/43/index.php?action_kouhyou_detail_004_kani=true&JigyosyoCd=4372601726-00&ServiceCd=110&Type=search", "url2": null }, "geometry": { "type": "Point", "coordinates": [ 130.7956428, 32.8610095 ] } },
{ "type": "Feature", "properties": { "内容": "訪問介護事業所　きずな【訪問介護】熊本県菊池郡菊陽町原水1042-22", "url": "https://www.kaigokensaku.mhlw.go.jp/43/index.php?action_kouhyou_detail_004_kani=true&JigyosyoCd=4372601833-00&ServiceCd=110&Type=search", "url2": "rapport.2012kaigo@gmail.com" }, "geometry": { "type": "Point", "coordinates": [ 130.826374517860359, 32.867261799877205 ] } },
{ "type": "Feature", "properties": { "内容": "訪問介護まおる【訪問介護】熊本県菊池郡菊陽町久保田2646-2", "url": "https://www.kaigokensaku.mhlw.go.jp/43/index.php?action_kouhyou_detail_004_kani=true&JigyosyoCd=4372602088-00&ServiceCd=110&Type=search", "url2": "https://lagrange-maoru.com/" }, "geometry": { "type": "Point", "coordinates": [ 130.8297591, 32.860114 ] } },
{ "type": "Feature", "properties": { "内容": "ニチイケアセンター菊陽【訪問介護】熊本県菊池郡菊陽町大字津久礼2408-1　DearCoatNOAnoaⅢ101号室", "url": "https://www.kaigokensaku.mhlw.go.jp/43/index.php?action_kouhyou_detail_004_kani=true&JigyosyoCd=4372602062-00&ServiceCd=110&Type=search", "url2": null }, "geometry": { "type": "Point", "coordinates": [ 130.800381300000026, 32.859178200000017 ] } },
{ "type": "Feature", "properties": { "内容": "ヘルパーステーション　ファミリア【訪問介護】熊本県菊池郡菊陽町光の森４－１２－３ケアホーム　ラ・フランス内", "url": "https://www.kaigokensaku.mhlw.go.jp/43/index.php?action_kouhyou_detail_004_kani=true&JigyosyoCd=4372601841-00&ServiceCd=110&Type=search", "url2": "https://www.hlc-kumamoto.com/" }, "geometry": { "type": "Point", "coordinates": [ 130.777477699999963, 32.8619233 ] } },
{ "type": "Feature", "properties": { "内容": "訪問介護ステーションけやき【訪問介護】熊本県菊池郡菊陽町大字津久礼２０９８－４１", "url": "https://www.kaigokensaku.mhlw.go.jp/43/index.php?action_kouhyou_detail_004_kani=true&JigyosyoCd=4372602245-00&ServiceCd=110&Type=search", "url2": null }, "geometry": { "type": "Point", "coordinates": [ 130.7885097, 32.855754300000015 ] } },
{ "type": "Feature", "properties": { "内容": "ケアライフ菊陽ヘルパーステーション【訪問介護】熊本県菊池郡菊陽町花立1丁目5番30号", "url": "https://www.kaigokensaku.mhlw.go.jp/43/index.php?action_kouhyou_detail_004_kani=true&JigyosyoCd=4372602310-00&ServiceCd=110&Type=search", "url2": "https://bestlife1165.com/facility/kikuyou/" }, "geometry": { "type": "Point", "coordinates": [ 130.755998299999987, 32.8602822 ] } },
{ "type": "Feature", "properties": { "内容": "グリーンハートヘルパーステーション【訪問介護】熊本県阿蘇郡小国町宮原741-3", "url": "https://www.kaigokensaku.mhlw.go.jp/43/index.php?action_kouhyou_detail_004_kani=true&JigyosyoCd=4372700668-00&ServiceCd=110&Type=search", "url2": "https：//www.asoyamabiko.jp/oguni/" }, "geometry": { "type": "Point", "coordinates": [ 131.068157176154301, 33.124762983703505 ] } },
{ "type": "Feature", "properties": { "内容": "みどりの里ヘルパーステーション【訪問介護】熊本県阿蘇郡小国町宮原４２５番地５", "url": "https://www.kaigokensaku.mhlw.go.jp/43/index.php?action_kouhyou_detail_004_kani=true&JigyosyoCd=4372701245-00&ServiceCd=110&Type=search", "url2": "http://www.daitokukai.info/" }, "geometry": { "type": "Point", "coordinates": [ 131.084636700000033, 33.122301399999984 ] } },
{ "type": "Feature", "properties": { "内容": "ヘルパーステーション一歩【訪問介護】熊本県阿蘇郡小国町大字西里2940", "url": "https://www.kaigokensaku.mhlw.go.jp/43/index.php?action_kouhyou_detail_004_kani=true&JigyosyoCd=4372701443-00&ServiceCd=110&Type=search", "url2": null }, "geometry": { "type": "Point", "coordinates": [ 131.13632240000004, 33.1538036 ] } },
{ "type": "Feature", "properties": { "内容": "訪問介護事業所　糸【訪問介護】熊本県阿蘇郡小国町宮原1834-2", "url": "https://www.kaigokensaku.mhlw.go.jp/43/index.php?action_kouhyou_detail_004_kani=true&JigyosyoCd=4372701500-00&ServiceCd=110&Type=search", "url2": null }, "geometry": { "type": "Point", "coordinates": [ 131.06021290000001, 33.1214205 ] } },
{ "type": "Feature", "properties": { "内容": "ヘルパーステーションFree【訪問介護】熊本県阿蘇郡小国町宮原141番地", "url": "https://www.kaigokensaku.mhlw.go.jp/43/index.php?action_kouhyou_detail_004_kani=true&JigyosyoCd=4372701567-00&ServiceCd=110&Type=search", "url2": null }, "geometry": { "type": "Point", "coordinates": [ 131.069031200000012, 33.1200644 ] } },
{ "type": "Feature", "properties": { "内容": "社会福祉法人高森町社会福祉協議会訪問介護事業所【訪問介護】熊本県阿蘇郡高森町大字高森2168番地高森総合センター", "url": "https://www.kaigokensaku.mhlw.go.jp/43/index.php?action_kouhyou_detail_004_kani=true&JigyosyoCd=4372700585-00&ServiceCd=110&Type=search", "url2": "asoyamabiko.jp/takamori/" }, "geometry": { "type": "Point", "coordinates": [ 131.121752632328651, 32.827522616619369 ] } },
{ "type": "Feature", "properties": { "内容": "西原村社会福祉法人　西原村社会福祉協議会西原村指定訪問介護事業所【訪問介護】熊本県阿蘇郡西原村小森572", "url": "https://www.kaigokensaku.mhlw.go.jp/43/index.php?action_kouhyou_detail_004_kani=true&JigyosyoCd=4372700478-00&ServiceCd=110&Type=search", "url2": "https://www.asoyamabiko.jp/nishihara/" }, "geometry": { "type": "Point", "coordinates": [ 130.90446529999997, 32.836153 ] } },
{ "type": "Feature", "properties": { "内容": "みどりの館ヘルパーステーション【訪問介護】熊本県阿蘇郡西原村布田897番地1", "url": "https://www.kaigokensaku.mhlw.go.jp/43/index.php?action_kouhyou_detail_004_kani=true&JigyosyoCd=4372700791-00&ServiceCd=110&Type=search", "url2": "https://seijinkai-midori.org/" }, "geometry": { "type": "Point", "coordinates": [ 130.883587, 32.8294945 ] } },
{ "type": "Feature", "properties": { "内容": "ヘルパーステーションにしはら翔裕園【訪問介護】熊本県阿蘇郡西原村布田1086-1", "url": "https://www.kaigokensaku.mhlw.go.jp/43/index.php?action_kouhyou_detail_004_kani=true&JigyosyoCd=4372701534-00&ServiceCd=110&Type=search", "url2": "https://www.genkimuragroup.jp/facilitylist/caretownnishihara/" }, "geometry": { "type": "Point", "coordinates": [ 130.882913800000011, 32.8302678 ] } },
{ "type": "Feature", "properties": { "内容": "ヘルパーステーション喜笑楽【訪問介護】熊本県阿蘇郡南阿蘇村一関1850-1喜笑楽", "url": "https://www.kaigokensaku.mhlw.go.jp/43/index.php?action_kouhyou_detail_004_kani=true&JigyosyoCd=4372701344-00&ServiceCd=110&Type=search", "url2": "http://www.kishouraku.com/" }, "geometry": { "type": "Point", "coordinates": [ 131.064546048193421, 32.838115525133006 ] } },
{ "type": "Feature", "properties": { "内容": "グリーンウッド【訪問介護】熊本県阿蘇郡南阿蘇村大字久石2705番地", "url": "https://www.kaigokensaku.mhlw.go.jp/43/index.php?action_kouhyou_detail_004_kani=true&JigyosyoCd=4372701120-00&ServiceCd=110&Type=search", "url2": null }, "geometry": { "type": "Point", "coordinates": [ 131.0361428, 32.8203903 ] } },
{ "type": "Feature", "properties": { "内容": "セントケア御船【訪問介護】熊本県上益城郡御船町滝川1190ｰ1フラワーハイツC棟1F-A号室", "url": "https://www.kaigokensaku.mhlw.go.jp/43/index.php?action_kouhyou_detail_004_kani=true&JigyosyoCd=4372801227-00&ServiceCd=110&Type=search", "url2": null }, "geometry": { "type": "Point", "coordinates": [ 130.790406, 32.7156069 ] } },
{ "type": "Feature", "properties": { "内容": "ウェルネス御船【訪問介護】熊本県上益城郡御船町滝尾6523-112", "url": "https://www.kaigokensaku.mhlw.go.jp/43/index.php?action_kouhyou_detail_004_kani=true&JigyosyoCd=4372801599-00&ServiceCd=110&Type=search", "url2": null }, "geometry": { "type": "Point", "coordinates": [ 130.813846799999965, 32.6982786 ] } },
{ "type": "Feature", "properties": { "内容": "ヘルパーステーション　てんてん【訪問介護】熊本県上益城郡御船町水越2415-2ヘルパーステーション　てんてん", "url": "https://www.kaigokensaku.mhlw.go.jp/43/index.php?action_kouhyou_detail_004_kani=true&JigyosyoCd=4372801862-00&ServiceCd=110&Type=search", "url2": null }, "geometry": { "type": "Point", "coordinates": [ 130.869387500000016, 32.6865804 ] } },
{ "type": "Feature", "properties": { "内容": "ヘルパーステーションなごみ【訪問介護】熊本県上益城郡御船町御船89番地", "url": "https://www.kaigokensaku.mhlw.go.jp/43/index.php?action_kouhyou_detail_004_kani=true&JigyosyoCd=4372801292-00&ServiceCd=110&Type=search", "url2": null }, "geometry": { "type": "Point", "coordinates": [ 130.792632714314578, 32.698930055644766 ] } },
{ "type": "Feature", "properties": { "内容": "ヘルパーステーション優【訪問介護】熊本県上益城郡御船町大字滝尾6523-90", "url": "https://www.kaigokensaku.mhlw.go.jp/43/index.php?action_kouhyou_detail_004_kani=true&JigyosyoCd=4372802308-00&ServiceCd=110&Type=search", "url2": null }, "geometry": { "type": "Point", "coordinates": [ 130.8138601, 32.6982928 ] } },
{ "type": "Feature", "properties": { "内容": "ヘルパーステーション　sora【訪問介護】熊本県上益城郡嘉島町鯰２８３８－１", "url": "https://www.kaigokensaku.mhlw.go.jp/43/index.php?action_kouhyou_detail_004_kani=true&JigyosyoCd=4372801235-00&ServiceCd=110&Type=search", "url2": null }, "geometry": { "type": "Point", "coordinates": [ 130.74470340000002, 32.7435445 ] } },
{ "type": "Feature", "properties": { "内容": "ひろやす荘訪問介護事業所【訪問介護】熊本県上益城郡益城町大字安永1080番地", "url": "https://www.kaigokensaku.mhlw.go.jp/43/index.php?action_kouhyou_detail_004_kani=true&JigyosyoCd=4372800500-00&ServiceCd=110&Type=search", "url2": "https://jikou-kai.com/" }, "geometry": { "type": "Point", "coordinates": [ 130.811785, 32.7908609 ] } },
{ "type": "Feature", "properties": { "内容": "ケアサービス　オリーブ【訪問介護】熊本県上益城郡益城町惣領1218", "url": "https://www.kaigokensaku.mhlw.go.jp/43/index.php?action_kouhyou_detail_004_kani=true&JigyosyoCd=4372800906-00&ServiceCd=110&Type=search", "url2": "https://sites.google.com/view/csolive" }, "geometry": { "type": "Point", "coordinates": [ 130.800813068622404, 32.781817900887205 ] } },
{ "type": "Feature", "properties": { "内容": "訪問介護事業所ふくろうの森【訪問介護】熊本県上益城郡益城町広崎520-12", "url": "https://www.kaigokensaku.mhlw.go.jp/43/index.php?action_kouhyou_detail_004_kani=true&JigyosyoCd=4372801979-00&ServiceCd=110&Type=search", "url2": "fukumaru-fukurou.com" }, "geometry": { "type": "Point", "coordinates": [ 130.791806, 32.7808337 ] } },
{ "type": "Feature", "properties": { "内容": "訪問介護ステーションこうりん【訪問介護】熊本県上益城郡益城町広崎1445-15", "url": "https://www.kaigokensaku.mhlw.go.jp/43/index.php?action_kouhyou_detail_004_kani=true&JigyosyoCd=4372802050-00&ServiceCd=110&Type=search", "url2": "https://orin-company.com" }, "geometry": { "type": "Point", "coordinates": [ 130.7864697, 32.789992 ] } },
{ "type": "Feature", "properties": { "内容": "ハートマップ古閑ヘルパーステーション【訪問介護】熊本県上益城郡益城町古閑72-1", "url": "https://www.kaigokensaku.mhlw.go.jp/43/index.php?action_kouhyou_detail_004_kani=true&JigyosyoCd=4372802134-00&ServiceCd=110&Type=search", "url2": "http:www.kk-heartmap.com" }, "geometry": { "type": "Point", "coordinates": [ 130.7835934, 32.8024496 ] } },
{ "type": "Feature", "properties": { "内容": "訪問介護　暖和会【訪問介護】熊本県上益城郡益城町大字宮園831番地", "url": "https://www.kaigokensaku.mhlw.go.jp/43/index.php?action_kouhyou_detail_004_kani=true&JigyosyoCd=4372802183-00&ServiceCd=110&Type=search", "url2": "https://www.onelife-star.jp" }, "geometry": { "type": "Point", "coordinates": [ 130.8140268, 32.7980533 ] } },
{ "type": "Feature", "properties": { "内容": "訪問介護事業所　花へんろ【訪問介護】熊本県上益城郡益城町馬水45番地3", "url": "https://www.kaigokensaku.mhlw.go.jp/43/index.php?action_kouhyou_detail_004_kani=true&JigyosyoCd=4372802290-00&ServiceCd=110&Type=search", "url2": "https://hanahenro.jp/" }, "geometry": { "type": "Point", "coordinates": [ 130.801350550401338, 32.788461440891965 ] } },
{ "type": "Feature", "properties": { "内容": "ヘルパーウェリード【訪問介護】熊本県上益城郡甲佐町大字芝原1029番地2", "url": "https://www.kaigokensaku.mhlw.go.jp/43/index.php?action_kouhyou_detail_004_kani=true&JigyosyoCd=4372801797-00&ServiceCd=110&Type=search", "url2": "https://welead.biz/" }, "geometry": { "type": "Point", "coordinates": [ 130.7764846, 32.7129012 ] } },
{ "type": "Feature", "properties": { "内容": "桜の丘訪問介護事業所【訪問介護】熊本県上益城郡甲佐町西寒野1160-1", "url": "https://www.kaigokensaku.mhlw.go.jp/43/index.php?action_kouhyou_detail_004_kani=true&JigyosyoCd=4372800450-00&ServiceCd=110&Type=search", "url2": "http://www.sakuranooka.or.jp" }, "geometry": { "type": "Point", "coordinates": [ 130.812924599999974, 32.6386979 ] } },
{ "type": "Feature", "properties": { "内容": "ヘルパーステションせせらぎ【訪問介護】熊本県上益城郡甲佐町白旗９８６番地", "url": "https://www.kaigokensaku.mhlw.go.jp/43/index.php?action_kouhyou_detail_004_kani=true&JigyosyoCd=4372800690-00&ServiceCd=110&Type=search", "url2": "http://www15.plala.or.jp/ghseseragi/" }, "geometry": { "type": "Point", "coordinates": [ 130.783376099999941, 32.707213 ] } },
{ "type": "Feature", "properties": { "内容": "松樹苑　訪問介護ステーション【訪問介護】熊本県上益城郡甲佐町岩下49番地松樹苑", "url": "https://www.kaigokensaku.mhlw.go.jp/43/index.php?action_kouhyou_detail_004_kani=true&JigyosyoCd=4372802001-00&ServiceCd=110&Type=search", "url2": "http://www.yatsuda.kai.jp" }, "geometry": { "type": "Point", "coordinates": [ 130.810460499999976, 32.6517036 ] } },
{ "type": "Feature", "properties": { "内容": "ヘルパーステーショングリーンリバー【訪問介護】熊本県上益城郡甲佐町下横田506-1", "url": "https://www.kaigokensaku.mhlw.go.jp/43/index.php?action_kouhyou_detail_004_kani=true&JigyosyoCd=4372802027-00&ServiceCd=110&Type=search", "url2": null }, "geometry": { "type": "Point", "coordinates": [ 130.813365800000014, 32.6731026 ] } },
{ "type": "Feature", "properties": { "内容": "第一タクシー株式会社ケアサービス事業部【訪問介護】熊本県上益城郡山都町浜町252-2", "url": "https://www.kaigokensaku.mhlw.go.jp/43/index.php?action_kouhyou_detail_004_kani=true&JigyosyoCd=4372800815-00&ServiceCd=110&Type=search", "url2": null }, "geometry": { "type": "Point", "coordinates": [ 130.986585699999978, 32.683908199999976 ] } },
{ "type": "Feature", "properties": { "内容": "ほほえみ【訪問介護】熊本県上益城郡山都町南田221-1", "url": "https://www.kaigokensaku.mhlw.go.jp/43/index.php?action_kouhyou_detail_004_kani=true&JigyosyoCd=4372801904-00&ServiceCd=110&Type=search", "url2": "https://www.tokuseikai.org" }, "geometry": { "type": "Point", "coordinates": [ 130.97879469999998, 32.6857745 ] } },
{ "type": "Feature", "properties": { "内容": "JA上益城訪問介護事業所たんぽぽ【訪問介護】上益城郡山都町野尻1026-4", "url": "https://www.kaigokensaku.mhlw.go.jp/43/index.php?action_kouhyou_detail_004_kani=true&JigyosyoCd=4372800385-00&ServiceCd=110&Type=search", "url2": null }, "geometry": { "type": "Point", "coordinates": [ 131.011402340361428, 32.684950726884431 ] } },
{ "type": "Feature", "properties": { "内容": "訪問介護サービス事業所　りんどう【訪問介護】熊本県上益城郡山都町北中島2679", "url": "https://www.kaigokensaku.mhlw.go.jp/43/index.php?action_kouhyou_detail_004_kani=true&JigyosyoCd=4372800393-00&ServiceCd=110&Type=search", "url2": null }, "geometry": { "type": "Point", "coordinates": [ 130.937594200000035, 32.7324797 ] } },
{ "type": "Feature", "properties": { "内容": "ヘルパーステーション大星【訪問介護】熊本県上益城郡山都町北中島505-5", "url": "https://www.kaigokensaku.mhlw.go.jp/43/index.php?action_kouhyou_detail_004_kani=true&JigyosyoCd=4372801920-00&ServiceCd=110&Type=search", "url2": "http://sakurayume.wixsite.com/nagominoie-fukufuku" }, "geometry": { "type": "Point", "coordinates": [ 130.90792179999994, 32.7362149 ] } },
{ "type": "Feature", "properties": { "内容": "ケアセンターやまと【訪問介護】熊本県上益城郡山都町大平91", "url": "https://www.kaigokensaku.mhlw.go.jp/43/index.php?action_kouhyou_detail_004_kani=true&JigyosyoCd=4372801052-00&ServiceCd=110&Type=search", "url2": "https://www.shakyo.or.jp/hp/about/index.php?s=1668" }, "geometry": { "type": "Point", "coordinates": [ 131.091435400000023, 32.6929677 ] } },
{ "type": "Feature", "properties": { "内容": "ＪＡやつしろヘルパーステーション【訪問介護】熊本県八代郡氷川町今55-2", "url": "https://www.kaigokensaku.mhlw.go.jp/43/index.php?action_kouhyou_detail_004_kani=true&JigyosyoCd=4370200547-00&ServiceCd=110&Type=search", "url2": null }, "geometry": { "type": "Point", "coordinates": [ 130.674805029280151, 32.553679910112137 ] } },
{ "type": "Feature", "properties": { "内容": "セントケア八代【訪問介護】熊本県八代郡氷川町宮原字下宮後４７９", "url": "https://www.kaigokensaku.mhlw.go.jp/43/index.php?action_kouhyou_detail_004_kani=true&JigyosyoCd=4370201693-00&ServiceCd=110&Type=search", "url2": null }, "geometry": { "type": "Point", "coordinates": [ 130.684662300000014, 32.5542647 ] } },
{ "type": "Feature", "properties": { "内容": "訪問介護事業所　かぜの杜【訪問介護】熊本県八代郡氷川町鹿島1927", "url": "https://www.kaigokensaku.mhlw.go.jp/43/index.php?action_kouhyou_detail_004_kani=true&JigyosyoCd=4372900953-00&ServiceCd=110&Type=search", "url2": null }, "geometry": { "type": "Point", "coordinates": [ 130.661045599999966, 32.5791587 ] } },
{ "type": "Feature", "properties": { "内容": "ヘルパーステーション　絆【訪問介護】熊本県八代郡氷川町野津859番10", "url": "https://www.kaigokensaku.mhlw.go.jp/43/index.php?action_kouhyou_detail_004_kani=true&JigyosyoCd=4372901050-00&ServiceCd=110&Type=search", "url2": "https://www.kizuna-hikawa.co.jp" }, "geometry": { "type": "Point", "coordinates": [ 130.684069944839138, 32.561734015229035 ] } },
{ "type": "Feature", "properties": { "内容": "訪問介護事業所セレニティ【訪問介護】熊本県八代郡氷川町宮原５７８番地1", "url": "https://www.kaigokensaku.mhlw.go.jp/43/index.php?action_kouhyou_detail_004_kani=true&JigyosyoCd=4372901076-00&ServiceCd=110&Type=search", "url2": null }, "geometry": { "type": "Point", "coordinates": [ 130.6803979, 32.5567889 ] } },
{ "type": "Feature", "properties": { "内容": "ヘルパーステーションおと姫【訪問介護】熊本県八代郡氷川町鹿島西ノ間628-1", "url": "https://www.kaigokensaku.mhlw.go.jp/43/index.php?action_kouhyou_detail_004_kani=true&JigyosyoCd=4372901100-00&ServiceCd=110&Type=search", "url2": null }, "geometry": { "type": "Point", "coordinates": [ 130.6676749, 32.5828631 ] } },
{ "type": "Feature", "properties": { "内容": "きずなの里訪問介護事業所【訪問介護】熊本県葦北郡芦北町大字湯浦１４３９番地１", "url": "https://www.kaigokensaku.mhlw.go.jp/43/index.php?action_kouhyou_detail_004_kani=true&JigyosyoCd=4373000647-00&ServiceCd=110&Type=search", "url2": "http://www.ashikita-shakyo.com" }, "geometry": { "type": "Point", "coordinates": [ 130.500209400000017, 32.2690307 ] } },
{ "type": "Feature", "properties": { "内容": "美里ケアサービスセンター【訪問介護】熊本県葦北郡芦北町大字白木1307", "url": "https://www.kaigokensaku.mhlw.go.jp/43/index.php?action_kouhyou_detail_004_kani=true&JigyosyoCd=4373000696-00&ServiceCd=110&Type=search", "url2": "misato-zaitaku.com" }, "geometry": { "type": "Point", "coordinates": [ 130.581433, 32.291686300000016 ] } },
{ "type": "Feature", "properties": { "内容": "津奈木町社会福祉協議会　　指定訪問介護事業所【訪問介護】葦北郡津奈木町大字小津奈木２１２３番地", "url": "https://www.kaigokensaku.mhlw.go.jp/43/index.php?action_kouhyou_detail_004_kani=true&JigyosyoCd=4373000399-00&ServiceCd=110&Type=search", "url2": "https://tsunagi－shakyo.jｐ/" }, "geometry": { "type": "Point", "coordinates": [ 130.440129800000022, 32.2339527 ] } },
{ "type": "Feature", "properties": { "内容": "訪問介護ステーションH&K【訪問介護】熊本県芦北郡津奈木町大字小津奈木字男島2113-7", "url": "https://www.kaigokensaku.mhlw.go.jp/43/index.php?action_kouhyou_detail_004_kani=true&JigyosyoCd=4373000779-00&ServiceCd=110&Type=search", "url2": "https://vcs-hk.com" }, "geometry": { "type": "Point", "coordinates": [ 130.436305, 32.235356 ] } },
{ "type": "Feature", "properties": { "内容": "ニチイケアセンターにしき【訪問介護】熊本県球磨郡錦町大字一武1641番地", "url": "https://www.kaigokensaku.mhlw.go.jp/43/index.php?action_kouhyou_detail_004_kani=true&JigyosyoCd=4373100819-00&ServiceCd=110&Type=search", "url2": "http://www.nichiigakkan.co.jp" }, "geometry": { "type": "Point", "coordinates": [ 130.834537400000045, 32.2023186 ] } },
{ "type": "Feature", "properties": { "内容": "多良木町訪問介護事業所【訪問介護】熊本県球磨郡多良木町大字多良木1571番地1", "url": "https://www.kaigokensaku.mhlw.go.jp/43/index.php?action_kouhyou_detail_004_kani=true&JigyosyoCd=4373100561-00&ServiceCd=110&Type=search", "url2": "http://taragi-shakyo.or.jp" }, "geometry": { "type": "Point", "coordinates": [ 130.934786600000052, 32.262167 ] } },
{ "type": "Feature", "properties": { "内容": "わけべいきいきケアセンター【訪問介護】熊本県球磨郡多良木町多良木615番地", "url": "https://www.kaigokensaku.mhlw.go.jp/43/index.php?action_kouhyou_detail_004_kani=true&JigyosyoCd=4373101395-00&ServiceCd=110&Type=search", "url2": null }, "geometry": { "type": "Point", "coordinates": [ 130.939302091401743, 32.264562930587914 ] } },
{ "type": "Feature", "properties": { "内容": "ヘルパーステーション寿楽【訪問介護】熊本県球磨郡多良木町大字多良木1388-2ヤマダビル", "url": "https://www.kaigokensaku.mhlw.go.jp/43/index.php?action_kouhyou_detail_004_kani=true&JigyosyoCd=4373101452-00&ServiceCd=110&Type=search", "url2": null }, "geometry": { "type": "Point", "coordinates": [ 130.933214540816437, 32.260209618959621 ] } },
{ "type": "Feature", "properties": { "内容": "訪問介護ステーションきずな【訪問介護】熊本県球磨郡多良木町大字黒肥地1220", "url": "https://www.kaigokensaku.mhlw.go.jp/43/index.php?action_kouhyou_detail_004_kani=true&JigyosyoCd=4373101528-00&ServiceCd=110&Type=search", "url2": null }, "geometry": { "type": "Point", "coordinates": [ 130.937603700000011, 32.2702624 ] } },
{ "type": "Feature", "properties": { "内容": "湯前町社会福祉協議会【訪問介護】熊本県球磨郡湯前町１６９３番地３７", "url": "https://www.kaigokensaku.mhlw.go.jp/43/index.php?action_kouhyou_detail_004_kani=true&JigyosyoCd=4373100298-00&ServiceCd=110&Type=search", "url2": "http://www.yunomae-shakyo.com/" }, "geometry": { "type": "Point", "coordinates": [ 130.996072774188178, 32.272455637024805 ] } },
{ "type": "Feature", "properties": { "内容": "美空訪問介護事業所【訪問介護】熊本県球磨郡湯前町２８５９番地３", "url": "https://www.kaigokensaku.mhlw.go.jp/43/index.php?action_kouhyou_detail_004_kani=true&JigyosyoCd=4373101429-00&ServiceCd=110&Type=search", "url2": "https://yunomae-misora.com" }, "geometry": { "type": "Point", "coordinates": [ 130.980902199999946, 32.2762837 ] } },
{ "type": "Feature", "properties": { "内容": "水上村訪問介護事業所（水上村居宅サービスセンター）【訪問介護】熊本県球磨郡水上村大字岩野２６７８番地", "url": "https://www.kaigokensaku.mhlw.go.jp/43/index.php?action_kouhyou_detail_004_kani=true&JigyosyoCd=4373100595-00&ServiceCd=110&Type=search", "url2": null }, "geometry": { "type": "Point", "coordinates": [ 130.986995799999931, 32.2945545 ] } },
{ "type": "Feature", "properties": { "内容": "ヘルパーステーションかわべ【訪問介護】熊本県球磨郡相良村大字川辺１７７８番地", "url": "https://www.kaigokensaku.mhlw.go.jp/43/index.php?action_kouhyou_detail_004_kani=true&JigyosyoCd=4373101577-00&ServiceCd=110&Type=search", "url2": "https://www.pe-toru.or.jp" }, "geometry": { "type": "Point", "coordinates": [ 130.81542165277861, 32.257076769020763 ] } },
{ "type": "Feature", "properties": { "内容": "山江指定訪問介護事業所【訪問介護】熊本県球磨郡山江村大字山田甲1373番地の1山江村福祉保健センター「健康の駅」内", "url": "https://www.kaigokensaku.mhlw.go.jp/43/index.php?action_kouhyou_detail_004_kani=true&JigyosyoCd=4373100454-00&ServiceCd=110&Type=search", "url2": "http://yamae-shakyo.net/" }, "geometry": { "type": "Point", "coordinates": [ 130.767605799999956, 32.2461366 ] } },
{ "type": "Feature", "properties": { "内容": "翠光園【訪問介護】熊本県球磨郡あさぎり町深田東４１０", "url": "https://www.kaigokensaku.mhlw.go.jp/43/index.php?action_kouhyou_detail_004_kani=true&JigyosyoCd=4373100355-00&ServiceCd=110&Type=search", "url2": "http://suikou-en.com/" }, "geometry": { "type": "Point", "coordinates": [ 130.873425499999939, 32.2456232 ] } },
{ "type": "Feature", "properties": { "内容": "あさぎり町社協ヘルパーステーション【訪問介護】熊本県球磨郡あさぎり町岡原北字天神９２９番地", "url": "https://www.kaigokensaku.mhlw.go.jp/43/index.php?action_kouhyou_detail_004_kani=true&JigyosyoCd=4373100868-00&ServiceCd=110&Type=search", "url2": "https://asagiri-shakyo.or.jp/" }, "geometry": { "type": "Point", "coordinates": [ 130.929363950340615, 32.240132505962222 ] } },
{ "type": "Feature", "properties": { "内容": "訪問介護ステーション3rd　Hand【訪問介護】熊本県球磨郡あさぎり町須恵1016-5", "url": "https://www.kaigokensaku.mhlw.go.jp/43/index.php?action_kouhyou_detail_004_kani=true&JigyosyoCd=4373101536-00&ServiceCd=110&Type=search", "url2": null }, "geometry": { "type": "Point", "coordinates": [ 130.905059, 32.2654981 ] } },
{ "type": "Feature", "properties": { "内容": "ニチイケアセンターあさぎり【訪問介護】免田西2659番地", "url": "https://www.kaigokensaku.mhlw.go.jp/43/index.php?action_kouhyou_detail_004_kani=true&JigyosyoCd=4373101460-00&ServiceCd=110&Type=search", "url2": "http://www.nnichiigakkan.co.jp/" }, "geometry": { "type": "Point", "coordinates": [ 130.870684899999986, 32.2224342 ] } },
{ "type": "Feature", "properties": { "内容": "ヘルパーステーション　JCS24【訪問介護】熊本県天草郡苓北町上津深江278-10", "url": "https://www.kaigokensaku.mhlw.go.jp/43/index.php?action_kouhyou_detail_004_kani=true&JigyosyoCd=4373200759-00&ServiceCd=110&Type=search", "url2": "http://www.inahokai.com" }, "geometry": { "type": "Point", "coordinates": [ 130.068020640098894, 32.5164354961925 ] } },
{ "type": "Feature", "properties": { "内容": "JAれいほく訪問介護事業所【訪問介護】熊本県天草郡苓北町富岡2228-1", "url": "https://www.kaigokensaku.mhlw.go.jp/43/index.php?action_kouhyou_detail_004_kani=true&JigyosyoCd=4373200866-00&ServiceCd=110&Type=search", "url2": null }, "geometry": { "type": "Point", "coordinates": [ 130.033641499999931, 32.5292905 ] } }
]
}
