{
"type": "FeatureCollection",
"name": "geo_43_地域密着型通所介護",
"crs": { "type": "name", "properties": { "name": "urn:ogc:def:crs:OGC:1.3:CRS84" } },
"features": [
{ "type": "Feature", "properties": { "内容": "でいさーびす　さぺりあ【地域密着型通所介護】熊本県熊本市中央区大江本町7-9ビクトリアビル2F", "url": "https://www.kaigokensaku.mhlw.go.jp/43/index.php?action_kouhyou_detail_004_kani=true&JigyosyoCd=4370110209-00&ServiceCd=780&Type=search", "url2": "http://www.victoria.ne.jp/page0136.html" }, "geometry": { "type": "Point", "coordinates": [ 130.7242566, 32.7950265 ] } },
{ "type": "Feature", "properties": { "内容": "せんだメディカルデイサービスセンター　ディーバ【地域密着型通所介護】熊本県熊本市中央区島崎1丁目３３－１１", "url": "https://www.kaigokensaku.mhlw.go.jp/43/index.php?action_kouhyou_detail_004_kani=true&JigyosyoCd=4390102467-00&ServiceCd=780&Type=search", "url2": null }, "geometry": { "type": "Point", "coordinates": [ 130.690534966593589, 32.802426060922066 ] } },
{ "type": "Feature", "properties": { "内容": "デイサービスセンターえづ【地域密着型通所介護】熊本県熊本市中央区出水８丁目２９番１２号", "url": "https://www.kaigokensaku.mhlw.go.jp/43/index.php?action_kouhyou_detail_004_kani=true&JigyosyoCd=4370104525-00&ServiceCd=780&Type=search", "url2": null }, "geometry": { "type": "Point", "coordinates": [ 130.730898499999967, 32.7765254 ] } },
{ "type": "Feature", "properties": { "内容": "風流街もやい館　グループホーム・デイサービスセンター　五福【地域密着型通所介護】熊本県熊本市中央区細工町４丁目３４－１風流街もやい館　五福", "url": "https://www.kaigokensaku.mhlw.go.jp/43/index.php?action_kouhyou_detail_004_kani=true&JigyosyoCd=4370110100-00&ServiceCd=780&Type=search", "url2": null }, "geometry": { "type": "Point", "coordinates": [ 130.694337, 32.7938119 ] } },
{ "type": "Feature", "properties": { "内容": "ゆほびかデイサービスセンター【地域密着型通所介護】熊本県熊本市中央区国府１丁目３－１０ゆほびか水前寺", "url": "https://www.kaigokensaku.mhlw.go.jp/43/index.php?action_kouhyou_detail_004_kani=true&JigyosyoCd=4390102160-00&ServiceCd=780&Type=search", "url2": null }, "geometry": { "type": "Point", "coordinates": [ 130.726673300000016, 32.7926851 ] } },
{ "type": "Feature", "properties": { "内容": "水前寺しょうぶ苑【地域密着型通所介護】熊本市中央区水前寺３丁目１３－１０", "url": "https://www.kaigokensaku.mhlw.go.jp/43/index.php?action_kouhyou_detail_004_kani=true&JigyosyoCd=4370104897-00&ServiceCd=780&Type=search", "url2": "http://www.shoubuen.com" }, "geometry": { "type": "Point", "coordinates": [ 130.733795099999952, 32.7971541 ] } },
{ "type": "Feature", "properties": { "内容": "上通りデイサービス【地域密着型通所介護】熊本市中央区南坪井町1-29", "url": "https://www.kaigokensaku.mhlw.go.jp/43/index.php?action_kouhyou_detail_004_kani=true&JigyosyoCd=4370109342-00&ServiceCd=780&Type=search", "url2": "http://www.kamitooriseikotsuin.jp/xoops/" }, "geometry": { "type": "Point", "coordinates": [ 130.7124629, 32.8069168 ] } },
{ "type": "Feature", "properties": { "内容": "デイサービス正直家【地域密着型通所介護】中央区帯山七丁目1番35号谷崎ＭＡクリニック附属帯山在宅総合ケアセンター　正直家", "url": "https://www.kaigokensaku.mhlw.go.jp/43/index.php?action_kouhyou_detail_004_kani=true&JigyosyoCd=4370108153-00&ServiceCd=780&Type=search", "url2": "http://syojikiya-ma.com/" }, "geometry": { "type": "Point", "coordinates": [ 130.752058300000044, 32.8076171 ] } },
{ "type": "Feature", "properties": { "内容": "デイサービスおれんじ【地域密着型通所介護】熊本市中央区上京塚町4-15", "url": "https://www.kaigokensaku.mhlw.go.jp/43/index.php?action_kouhyou_detail_004_kani=true&JigyosyoCd=4390102632-00&ServiceCd=780&Type=search", "url2": "https://www.pure-sml.jp" }, "geometry": { "type": "Point", "coordinates": [ 130.7461336, 32.7902131 ] } },
{ "type": "Feature", "properties": { "内容": "デイサービス　こ・こ（Ｃｏ・Ｃｏ）【地域密着型通所介護】熊本市中央区坪井3丁目9番27号", "url": "https://www.kaigokensaku.mhlw.go.jp/43/index.php?action_kouhyou_detail_004_kani=true&JigyosyoCd=4370106033-00&ServiceCd=780&Type=search", "url2": "http://www.kiseikai.or.jp" }, "geometry": { "type": "Point", "coordinates": [ 130.714896, 32.8124469 ] } },
{ "type": "Feature", "properties": { "内容": "Let's　リハ！九品寺店【地域密着型通所介護】熊本県熊本市中央区九品寺4丁目23ｰ3アビリアテラス1階", "url": "https://www.kaigokensaku.mhlw.go.jp/43/index.php?action_kouhyou_detail_004_kani=true&JigyosyoCd=4390102145-00&ServiceCd=780&Type=search", "url2": "https://www.lets-reha.jp/shop/kumamoto-kuhonji/" }, "geometry": { "type": "Point", "coordinates": [ 130.715600058753978, 32.792589095961674 ] } },
{ "type": "Feature", "properties": { "内容": "指定地域密着型通所介護昭孝園【地域密着型通所介護】熊本県熊本市中央区薬園町10-17", "url": "https://www.kaigokensaku.mhlw.go.jp/43/index.php?action_kouhyou_detail_004_kani=true&JigyosyoCd=4390102111-00&ServiceCd=780&Type=search", "url2": null }, "geometry": { "type": "Point", "coordinates": [ 130.719670258544198, 32.814060423149179 ] } },
{ "type": "Feature", "properties": { "内容": "おとなの学校　三郎校【地域密着型通所介護】熊本県熊本市中央区三郎1丁目1番80号", "url": "https://www.kaigokensaku.mhlw.go.jp/43/index.php?action_kouhyou_detail_004_kani=true&JigyosyoCd=4390102707-00&ServiceCd=780&Type=search", "url2": "https://shoukei-kai.com" }, "geometry": { "type": "Point", "coordinates": [ 130.7553826, 32.7997736 ] } },
{ "type": "Feature", "properties": { "内容": "笑顔の広場水前寺【地域密着型通所介護】熊本県熊本市中央区水前寺５丁目18-13フレール水前寺1F", "url": "https://www.kaigokensaku.mhlw.go.jp/43/index.php?action_kouhyou_detail_004_kani=true&JigyosyoCd=4390103465-00&ServiceCd=780&Type=search", "url2": "http//www.egao-home.com" }, "geometry": { "type": "Point", "coordinates": [ 130.7391333, 32.7964295 ] } },
{ "type": "Feature", "properties": { "内容": "デイサービスセンター出水【地域密着型通所介護】熊本市中央区国府２丁目６－９１", "url": "https://www.kaigokensaku.mhlw.go.jp/43/index.php?action_kouhyou_detail_004_kani=true&JigyosyoCd=4370104913-00&ServiceCd=780&Type=search", "url2": "http://sanwaso.jp/" }, "geometry": { "type": "Point", "coordinates": [ 130.726292899999976, 32.7877688 ] } },
{ "type": "Feature", "properties": { "内容": "デイサービス悠里【地域密着型通所介護】熊本市中央区保田窪１丁目２-１６", "url": "https://www.kaigokensaku.mhlw.go.jp/43/index.php?action_kouhyou_detail_004_kani=true&JigyosyoCd=4370106900-00&ServiceCd=780&Type=search", "url2": null }, "geometry": { "type": "Point", "coordinates": [ 130.741605899999968, 32.8055228 ] } },
{ "type": "Feature", "properties": { "内容": "デイサービス　あやめの里【地域密着型通所介護】熊本県熊本市中央区渡鹿５丁目１７－２６", "url": "https://www.kaigokensaku.mhlw.go.jp/43/index.php?action_kouhyou_detail_004_kani=true&JigyosyoCd=4370105266-00&ServiceCd=780&Type=search", "url2": null }, "geometry": { "type": "Point", "coordinates": [ 130.732936125131232, 32.80931730455589 ] } },
{ "type": "Feature", "properties": { "内容": "リハライフ水前寺【地域密着型通所介護】水前寺3丁目12番17号", "url": "https://www.kaigokensaku.mhlw.go.jp/43/index.php?action_kouhyou_detail_004_kani=true&JigyosyoCd=4390102863-00&ServiceCd=780&Type=search", "url2": null }, "geometry": { "type": "Point", "coordinates": [ 130.7339915, 32.7975238 ] } },
{ "type": "Feature", "properties": { "内容": "風流街もやい館グループホーム・デイサービスセンター五福【地域密着型通所介護】熊本市中央区細工町4丁目34－1風流街もやい館五福", "url": "https://www.kaigokensaku.mhlw.go.jp/43/index.php?action_kouhyou_detail_004_kani=true&JigyosyoCd=4390103127-00&ServiceCd=780&Type=search", "url2": "http://gofuku-moyai.com/" }, "geometry": { "type": "Point", "coordinates": [ 130.6943482, 32.7937996 ] } },
{ "type": "Feature", "properties": { "内容": "デイサービスセンター創幸【地域密着型通所介護】熊本県熊本市中央区九品寺３丁目１７番２４号九品寺Ｍ・IIビル１階", "url": "https://www.kaigokensaku.mhlw.go.jp/43/index.php?action_kouhyou_detail_004_kani=true&JigyosyoCd=4370106017-00&ServiceCd=780&Type=search", "url2": null }, "geometry": { "type": "Point", "coordinates": [ 130.71721, 32.7927793 ] } },
{ "type": "Feature", "properties": { "内容": "つなぐデイサービス【地域密着型通所介護】熊本県熊本市中央区出水7丁目56-12", "url": "https://www.kaigokensaku.mhlw.go.jp/43/index.php?action_kouhyou_detail_004_kani=true&JigyosyoCd=4390101808-00&ServiceCd=780&Type=search", "url2": null }, "geometry": { "type": "Point", "coordinates": [ 130.719985299999962, 32.7751393 ] } },
{ "type": "Feature", "properties": { "内容": "新町フィットネスデイ【地域密着型通所介護】熊本県熊本市中央区新町3丁目8-18", "url": "https://www.kaigokensaku.mhlw.go.jp/43/index.php?action_kouhyou_detail_004_kani=true&JigyosyoCd=4390102137-00&ServiceCd=780&Type=search", "url2": null }, "geometry": { "type": "Point", "coordinates": [ 130.695382199593496, 32.802085851522037 ] } },
{ "type": "Feature", "properties": { "内容": "エミタスデイサービス薬園町【地域密着型通所介護】熊本県熊本市中央区薬園町3-32", "url": "https://www.kaigokensaku.mhlw.go.jp/43/index.php?action_kouhyou_detail_004_kani=true&JigyosyoCd=4370110399-00&ServiceCd=780&Type=search", "url2": "kihara-hc.com" }, "geometry": { "type": "Point", "coordinates": [ 130.7174569, 32.8141552 ] } },
{ "type": "Feature", "properties": { "内容": "デイサービス　あい工房木村屋　新町店【地域密着型通所介護】中央区新町3丁目4番2号兵庫屋ビル　203号", "url": "https://www.kaigokensaku.mhlw.go.jp/43/index.php?action_kouhyou_detail_004_kani=true&JigyosyoCd=4370109748-00&ServiceCd=780&Type=search", "url2": null }, "geometry": { "type": "Point", "coordinates": [ 130.696733347290746, 32.802671637765002 ] } },
{ "type": "Feature", "properties": { "内容": "つなぐデイサービス水前寺【地域密着型通所介護】熊本市中央区水前寺３丁目44-37", "url": "https://www.kaigokensaku.mhlw.go.jp/43/index.php?action_kouhyou_detail_004_kani=true&JigyosyoCd=4390102434-00&ServiceCd=780&Type=search", "url2": null }, "geometry": { "type": "Point", "coordinates": [ 130.736825, 32.7997155 ] } },
{ "type": "Feature", "properties": { "内容": "つなぐデイサービス渡瀬【地域密着型通所介護】熊本県熊本市中央区水前寺4丁目7-40", "url": "https://www.kaigokensaku.mhlw.go.jp/43/index.php?action_kouhyou_detail_004_kani=true&JigyosyoCd=4390103507-00&ServiceCd=780&Type=search", "url2": null }, "geometry": { "type": "Point", "coordinates": [ 130.736889600000012, 32.7993922 ] } },
{ "type": "Feature", "properties": { "内容": "デイサービス水前寺【地域密着型通所介護】熊本市水前寺2丁目19-8", "url": "https://www.kaigokensaku.mhlw.go.jp/43/index.php?action_kouhyou_detail_004_kani=true&JigyosyoCd=4370104764-00&ServiceCd=780&Type=search", "url2": "ishihara-imuta-naika.com" }, "geometry": { "type": "Point", "coordinates": [ 130.735025599999972, 32.7962264 ] } },
{ "type": "Feature", "properties": { "内容": "赤い実【地域密着型通所介護】中央区水前寺2－18－12", "url": "https://www.kaigokensaku.mhlw.go.jp/43/index.php?action_kouhyou_detail_004_kani=true&JigyosyoCd=4370106454-00&ServiceCd=780&Type=search", "url2": null }, "geometry": { "type": "Point", "coordinates": [ 130.734722899999952, 32.795807 ] } },
{ "type": "Feature", "properties": { "内容": "早稲田イーライフ江津湖【地域密着型通所介護】熊本県熊本市中央区出水4-15-27", "url": "https://www.kaigokensaku.mhlw.go.jp/43/index.php?action_kouhyou_detail_004_kani=true&JigyosyoCd=4390102194-00&ServiceCd=780&Type=search", "url2": null }, "geometry": { "type": "Point", "coordinates": [ 130.733331600000042, 32.78075 ] } },
{ "type": "Feature", "properties": { "内容": "特養デイサービス琴平本町【地域密着型通所介護】熊本県熊本市中央区琴平本町10－32", "url": "https://www.kaigokensaku.mhlw.go.jp/43/index.php?action_kouhyou_detail_004_kani=true&JigyosyoCd=4390102673-00&ServiceCd=780&Type=search", "url2": "https//www.kumamoto-houjyukai.jp/" }, "geometry": { "type": "Point", "coordinates": [ 130.7045976, 32.7870448 ] } },
{ "type": "Feature", "properties": { "内容": "早稲田イーライフ帯山【地域密着型通所介護】熊本県熊本市中央区帯山5－1－3Ｋ１ビルＦ", "url": "https://www.kaigokensaku.mhlw.go.jp/43/index.php?action_kouhyou_detail_004_kani=true&JigyosyoCd=4370109029-00&ServiceCd=780&Type=search", "url2": null }, "geometry": { "type": "Point", "coordinates": [ 130.750916700000062, 32.8003316 ] } },
{ "type": "Feature", "properties": { "内容": "デイサービス幸の家【地域密着型通所介護】熊本市中央区帯山7丁目9番69号有料老人ホーム幸の家　2階", "url": "https://www.kaigokensaku.mhlw.go.jp/43/index.php?action_kouhyou_detail_004_kani=true&JigyosyoCd=4390102228-00&ServiceCd=780&Type=search", "url2": "yukinoie,net" }, "geometry": { "type": "Point", "coordinates": [ 130.755811, 32.8070754 ] } },
{ "type": "Feature", "properties": { "内容": "デイサービス銀座通りハウス【地域密着型通所介護】熊本県熊本市中央区中央街５番３", "url": "https://www.kaigokensaku.mhlw.go.jp/43/index.php?action_kouhyou_detail_004_kani=true&JigyosyoCd=4390103655-00&ServiceCd=780&Type=search", "url2": "https://fuku-juryo.jp/tenjuen" }, "geometry": { "type": "Point", "coordinates": [ 130.711229, 32.8002884 ] } },
{ "type": "Feature", "properties": { "内容": "デイサービス　あいランド【地域密着型通所介護】小沢町38パティナ小沢町", "url": "https://www.kaigokensaku.mhlw.go.jp/43/index.php?action_kouhyou_detail_004_kani=true&JigyosyoCd=4390101741-00&ServiceCd=780&Type=search", "url2": null }, "geometry": { "type": "Point", "coordinates": [ 130.694303600000012, 32.7969477 ] } },
{ "type": "Feature", "properties": { "内容": "デイサービスセンターく～る【地域密着型通所介護】熊本県熊本市東区新外２丁目１番１５号", "url": "https://www.kaigokensaku.mhlw.go.jp/43/index.php?action_kouhyou_detail_004_kani=true&JigyosyoCd=4390102327-00&ServiceCd=780&Type=search", "url2": null }, "geometry": { "type": "Point", "coordinates": [ 130.767102, 32.8012707 ] } },
{ "type": "Feature", "properties": { "内容": "リハビリ　デイサービス　オリーブ新南部【地域密着型通所介護】熊本県熊本市東区新南部６丁目２－５", "url": "https://www.kaigokensaku.mhlw.go.jp/43/index.php?action_kouhyou_detail_004_kani=true&JigyosyoCd=4390102665-00&ServiceCd=780&Type=search", "url2": "http://okajima-s.com" }, "geometry": { "type": "Point", "coordinates": [ 130.752461399999987, 32.8176876 ] } },
{ "type": "Feature", "properties": { "内容": "リハビリセンターRelief【地域密着型通所介護】熊本県熊本市東区月出1丁目1-53", "url": "https://www.kaigokensaku.mhlw.go.jp/43/index.php?action_kouhyou_detail_004_kani=true&JigyosyoCd=4370111165-00&ServiceCd=780&Type=search", "url2": "http://relief0418.com/" }, "geometry": { "type": "Point", "coordinates": [ 130.761616199999906, 32.8003429 ] } },
{ "type": "Feature", "properties": { "内容": "デイサービスここわら【地域密着型通所介護】熊本県熊本市東区画図東1-11-15", "url": "https://www.kaigokensaku.mhlw.go.jp/43/index.php?action_kouhyou_detail_004_kani=true&JigyosyoCd=4390102293-00&ServiceCd=780&Type=search", "url2": "https://chihiro-fukushi.jp/day/" }, "geometry": { "type": "Point", "coordinates": [ 130.750380899999982, 32.7662763 ] } },
{ "type": "Feature", "properties": { "内容": "デイサービス小山【地域密着型通所介護】熊本県熊本市東区小山1丁目3-26", "url": "https://www.kaigokensaku.mhlw.go.jp/43/index.php?action_kouhyou_detail_004_kani=true&JigyosyoCd=4390102350-00&ServiceCd=780&Type=search", "url2": null }, "geometry": { "type": "Point", "coordinates": [ 130.783955800000058, 32.8323316 ] } },
{ "type": "Feature", "properties": { "内容": "熊本県身体障害者能力開発センター【地域密着型通所介護】熊本県熊本市東区長嶺南２丁目３番２号", "url": "https://www.kaigokensaku.mhlw.go.jp/43/index.php?action_kouhyou_detail_004_kani=true&JigyosyoCd=4390102921-00&ServiceCd=780&Type=search", "url2": "https://k-jig.com/nokai/index.html" }, "geometry": { "type": "Point", "coordinates": [ 130.7670029, 32.808756099999982 ] } },
{ "type": "Feature", "properties": { "内容": "リハビリデイサービスオリーブ【地域密着型通所介護】熊本県熊本市東区長嶺東４丁目15-32", "url": "https://www.kaigokensaku.mhlw.go.jp/43/index.php?action_kouhyou_detail_004_kani=true&JigyosyoCd=4370107684-00&ServiceCd=780&Type=search", "url2": null }, "geometry": { "type": "Point", "coordinates": [ 130.774461306204245, 32.824380874232922 ] } },
{ "type": "Feature", "properties": { "内容": "株式会社　こころ　デイサービス湧水の郷【地域密着型通所介護】東区江津3丁目7-31", "url": "https://www.kaigokensaku.mhlw.go.jp/43/index.php?action_kouhyou_detail_004_kani=true&JigyosyoCd=4370109243-00&ServiceCd=780&Type=search", "url2": "http://www.yusuinsato.com" }, "geometry": { "type": "Point", "coordinates": [ 130.740083699475093, 32.774708497496469 ] } },
{ "type": "Feature", "properties": { "内容": "デイサービス小山【地域密着型通所介護】熊本県熊本市東区小山1丁目3－26", "url": "https://www.kaigokensaku.mhlw.go.jp/43/index.php?action_kouhyou_detail_004_kani=true&JigyosyoCd=4390102962-00&ServiceCd=780&Type=search", "url2": null }, "geometry": { "type": "Point", "coordinates": [ 130.7839545, 32.8323172 ] } },
{ "type": "Feature", "properties": { "内容": "デイサービスごりょうの里【地域密着型通所介護】熊本県熊本市東区戸島西2丁目6-97", "url": "https://www.kaigokensaku.mhlw.go.jp/43/index.php?action_kouhyou_detail_004_kani=true&JigyosyoCd=4390102723-00&ServiceCd=780&Type=search", "url2": null }, "geometry": { "type": "Point", "coordinates": [ 130.7841896, 32.8134946 ] } },
{ "type": "Feature", "properties": { "内容": "樹楽　熊本東【地域密着型通所介護】熊本県熊本市東区若葉２丁目10-24", "url": "https://www.kaigokensaku.mhlw.go.jp/43/index.php?action_kouhyou_detail_004_kani=true&JigyosyoCd=4390103101-00&ServiceCd=780&Type=search", "url2": null }, "geometry": { "type": "Point", "coordinates": [ 130.762717400000014, 32.7763283 ] } },
{ "type": "Feature", "properties": { "内容": "デイサービス長嶺【地域密着型通所介護】熊本市東区長嶺東六丁目１０－４３", "url": "https://www.kaigokensaku.mhlw.go.jp/43/index.php?action_kouhyou_detail_004_kani=true&JigyosyoCd=4370109037-00&ServiceCd=780&Type=search", "url2": null }, "geometry": { "type": "Point", "coordinates": [ 130.784261600000036, 32.8223411 ] } },
{ "type": "Feature", "properties": { "内容": "こんぺいとう【地域密着型通所介護】熊本県熊本市東区下江津6丁目１０－３０", "url": "https://www.kaigokensaku.mhlw.go.jp/43/index.php?action_kouhyou_detail_004_kani=true&JigyosyoCd=4370106462-00&ServiceCd=780&Type=search", "url2": null }, "geometry": { "type": "Point", "coordinates": [ 130.747914300000048, 32.7710037 ] } },
{ "type": "Feature", "properties": { "内容": "デイサービスセンターまるもり【地域密着型通所介護】長嶺南4丁目12-5", "url": "https://www.kaigokensaku.mhlw.go.jp/43/index.php?action_kouhyou_detail_004_kani=true&JigyosyoCd=4390102731-00&ServiceCd=780&Type=search", "url2": "http://marumori-kumamoto.com/" }, "geometry": { "type": "Point", "coordinates": [ 130.7747422, 32.80802090000001 ] } },
{ "type": "Feature", "properties": { "内容": "地域密着型通所介護事業所　サンテあかつき【地域密着型通所介護】熊本県熊本市東区戸島西２丁目４－５０", "url": "https://www.kaigokensaku.mhlw.go.jp/43/index.php?action_kouhyou_detail_004_kani=true&JigyosyoCd=4390102954-00&ServiceCd=780&Type=search", "url2": null }, "geometry": { "type": "Point", "coordinates": [ 130.7817846, 32.8125282 ] } },
{ "type": "Feature", "properties": { "内容": "風の木苑デイサービスセンター【地域密着型通所介護】西原１丁目１１－６３", "url": "https://www.kaigokensaku.mhlw.go.jp/43/index.php?action_kouhyou_detail_004_kani=true&JigyosyoCd=4370106306-00&ServiceCd=780&Type=search", "url2": "http://www.eikou.or.jp" }, "geometry": { "type": "Point", "coordinates": [ 130.751624461376991, 32.815017557423083 ] } },
{ "type": "Feature", "properties": { "内容": "健軍くらしささえ愛工房　地域密着型通所介護【地域密着型通所介護】熊本県熊本市東区栄町２番１５号県営健軍団地1階県営健軍団地１階", "url": "https://www.kaigokensaku.mhlw.go.jp/43/index.php?action_kouhyou_detail_004_kani=true&JigyosyoCd=4390101931-00&ServiceCd=780&Type=search", "url2": "http://www.kengun.net/" }, "geometry": { "type": "Point", "coordinates": [ 130.760477400000013, 32.7751256 ] } },
{ "type": "Feature", "properties": { "内容": "デイサービスセンター　ふくろう【地域密着型通所介護】熊本市東区桜木5-9-1デイサービスセンターふくろう", "url": "https://www.kaigokensaku.mhlw.go.jp/43/index.php?action_kouhyou_detail_004_kani=true&JigyosyoCd=4390103598-00&ServiceCd=780&Type=search", "url2": "https://fukumaru-fukurou.com/" }, "geometry": { "type": "Point", "coordinates": [ 130.7805253, 32.7869591 ] } },
{ "type": "Feature", "properties": { "内容": "ほねつぎデイサービス長嶺【地域密着型通所介護】熊本県熊本市東区長嶺南４丁目2－6", "url": "https://www.kaigokensaku.mhlw.go.jp/43/index.php?action_kouhyou_detail_004_kani=true&JigyosyoCd=4390103234-00&ServiceCd=780&Type=search", "url2": null }, "geometry": { "type": "Point", "coordinates": [ 130.7728825, 32.8108085 ] } },
{ "type": "Feature", "properties": { "内容": "老人デイサービスセンター　パンプキンハウス【地域密着型通所介護】熊本市東区佐土原1丁目22-20", "url": "https://www.kaigokensaku.mhlw.go.jp/43/index.php?action_kouhyou_detail_004_kani=true&JigyosyoCd=4370101372-00&ServiceCd=780&Type=search", "url2": "http://sadohara-fukushikai.net/" }, "geometry": { "type": "Point", "coordinates": [ 130.775034900000037, 32.7917744 ] } },
{ "type": "Feature", "properties": { "内容": "デイサービス彩【地域密着型通所介護】熊本県熊本市八反田2丁目10-12", "url": "https://www.kaigokensaku.mhlw.go.jp/43/index.php?action_kouhyou_detail_004_kani=true&JigyosyoCd=4370105688-00&ServiceCd=780&Type=search", "url2": null }, "geometry": { "type": "Point", "coordinates": [ 130.761931519049057, 32.816380541601241 ] } },
{ "type": "Feature", "properties": { "内容": "ヒューマンライフケアあきつ【地域密着型通所介護】熊本県熊本市東区若葉2丁目15番25号モナーク秋津　1階", "url": "https://www.kaigokensaku.mhlw.go.jp/43/index.php?action_kouhyou_detail_004_kani=true&JigyosyoCd=4390102285-00&ServiceCd=780&Type=search", "url2": "kaigo.human-lifecare.jp" }, "geometry": { "type": "Point", "coordinates": [ 130.764827100000048, 32.7771476 ] } },
{ "type": "Feature", "properties": { "内容": "いちごデイサービスくまもと【地域密着型通所介護】熊本県熊本市東区長嶺東６丁目１０－４３", "url": "https://www.kaigokensaku.mhlw.go.jp/43/index.php?action_kouhyou_detail_004_kani=true&JigyosyoCd=4390103358-00&ServiceCd=780&Type=search", "url2": "https://care-style.jp/" }, "geometry": { "type": "Point", "coordinates": [ 130.7842834, 32.8223209 ] } },
{ "type": "Feature", "properties": { "内容": "デイサービスたくまの里【地域密着型通所介護】熊本市東区御領1丁目13-26", "url": "https://www.kaigokensaku.mhlw.go.jp/43/index.php?action_kouhyou_detail_004_kani=true&JigyosyoCd=4390103572-00&ServiceCd=780&Type=search", "url2": "takumanosato.com" }, "geometry": { "type": "Point", "coordinates": [ 130.7616702, 32.8217419 ] } },
{ "type": "Feature", "properties": { "内容": "御領ケアセンター【地域密着型通所介護】熊本県熊本市東区御領１丁目３番４１号", "url": "https://www.kaigokensaku.mhlw.go.jp/43/index.php?action_kouhyou_detail_004_kani=true&JigyosyoCd=4370103063-00&ServiceCd=780&Type=search", "url2": "http://www.sls-kumamoto.co.jp" }, "geometry": { "type": "Point", "coordinates": [ 130.761107800000019, 32.819202199999985 ] } },
{ "type": "Feature", "properties": { "内容": "指定地域密着型通所介護　昭孝園　東部ステーション【地域密着型通所介護】熊本市東区保田窪4丁目14-33", "url": "https://www.kaigokensaku.mhlw.go.jp/43/index.php?action_kouhyou_detail_004_kani=true&JigyosyoCd=4370104194-00&ServiceCd=780&Type=search", "url2": null }, "geometry": { "type": "Point", "coordinates": [ 130.758460096433936, 32.810895301969872 ] } },
{ "type": "Feature", "properties": { "内容": "デイホーム土屋　熊本【地域密着型通所介護】熊本県熊本市東区花立2丁目11－29", "url": "https://www.kaigokensaku.mhlw.go.jp/43/index.php?action_kouhyou_detail_004_kani=true&JigyosyoCd=4390102970-00&ServiceCd=780&Type=search", "url2": "https://day-tsuchiya.com/day-kumamoto/" }, "geometry": { "type": "Point", "coordinates": [ 130.7757709, 32.7802448 ] } },
{ "type": "Feature", "properties": { "内容": "デイサービスセンターこもれび桜木東【地域密着型通所介護】熊本県熊本市東区佐土原二丁目７番20号", "url": "https://www.kaigokensaku.mhlw.go.jp/43/index.php?action_kouhyou_detail_004_kani=true&JigyosyoCd=4390103390-00&ServiceCd=780&Type=search", "url2": "http://shinseiki.jp/" }, "geometry": { "type": "Point", "coordinates": [ 130.7812505, 32.792882 ] } },
{ "type": "Feature", "properties": { "内容": "健康Laboウォークラン【地域密着型通所介護】熊本県熊本市東区月出2-4-411F", "url": "https://www.kaigokensaku.mhlw.go.jp/43/index.php?action_kouhyou_detail_004_kani=true&JigyosyoCd=4390103341-00&ServiceCd=780&Type=search", "url2": "https://walkrun-project.info" }, "geometry": { "type": "Point", "coordinates": [ 130.7621227, 32.8027232 ] } },
{ "type": "Feature", "properties": { "内容": "ケアサポート南の風【地域密着型通所介護】熊本県熊本市東区長嶺西1丁目6-93ふくろうの森和み館　3F", "url": "https://www.kaigokensaku.mhlw.go.jp/43/index.php?action_kouhyou_detail_004_kani=true&JigyosyoCd=4390103630-00&ServiceCd=780&Type=search", "url2": "https://fukumaru-fukurou.com/company/" }, "geometry": { "type": "Point", "coordinates": [ 130.764454, 32.8118405 ] } },
{ "type": "Feature", "properties": { "内容": "デイサービスセンターふくし大夢【地域密着型通所介護】熊本市東区山ノ神1丁目４－１３", "url": "https://www.kaigokensaku.mhlw.go.jp/43/index.php?action_kouhyou_detail_004_kani=true&JigyosyoCd=4370104160-00&ServiceCd=780&Type=search", "url2": "http://fkstime.web.fc2.com/" }, "geometry": { "type": "Point", "coordinates": [ 130.772221100000024, 32.795632400000017 ] } },
{ "type": "Feature", "properties": { "内容": "Let'sリハ！神水店【地域密着型通所介護】熊本市東区健軍2-2-5", "url": "https://www.kaigokensaku.mhlw.go.jp/43/index.php?action_kouhyou_detail_004_kani=true&JigyosyoCd=4390102475-00&ServiceCd=780&Type=search", "url2": "https://www.sakurajyuji.or.jp/service/dayservice/" }, "geometry": { "type": "Point", "coordinates": [ 130.746823599999971, 32.784236600000014 ] } },
{ "type": "Feature", "properties": { "内容": "株式会社楽楽　デイサービスらくらく八反田【地域密着型通所介護】熊本県熊本市東区八反田３丁目７番８号", "url": "https://www.kaigokensaku.mhlw.go.jp/43/index.php?action_kouhyou_detail_004_kani=true&JigyosyoCd=4370108724-00&ServiceCd=780&Type=search", "url2": "sawa-hattanda@raku2kaigo.jp" }, "geometry": { "type": "Point", "coordinates": [ 130.769246100000032, 32.8187635 ] } },
{ "type": "Feature", "properties": { "内容": "デイサービスらくらく尾ノ上【地域密着型通所介護】熊本県熊本市東区尾ノ上１丁目８－１", "url": "https://www.kaigokensaku.mhlw.go.jp/43/index.php?action_kouhyou_detail_004_kani=true&JigyosyoCd=4370110977-00&ServiceCd=780&Type=search", "url2": "http://www.raku2kaigo.jp/" }, "geometry": { "type": "Point", "coordinates": [ 130.757724917790938, 32.795447572655675 ] } },
{ "type": "Feature", "properties": { "内容": "心空の広場【地域密着型通所介護】熊本県熊本市東区御領2丁目10-2住宅型有料老人ホームごりょうの里", "url": "https://www.kaigokensaku.mhlw.go.jp/43/index.php?action_kouhyou_detail_004_kani=true&JigyosyoCd=4390103150-00&ServiceCd=780&Type=search", "url2": null }, "geometry": { "type": "Point", "coordinates": [ 130.7672283, 32.8230616 ] } },
{ "type": "Feature", "properties": { "内容": "CareStationSOWAKA【地域密着型通所介護】新南部3丁目7−133", "url": "https://www.kaigokensaku.mhlw.go.jp/43/index.php?action_kouhyou_detail_004_kani=true&JigyosyoCd=4390103325-00&ServiceCd=780&Type=search", "url2": "https://www.sowaka.info" }, "geometry": { "type": "Point", "coordinates": [ 130.746458818444552, 32.814447010576664 ] } },
{ "type": "Feature", "properties": { "内容": "ライフパートナーすてっぷ【地域密着型通所介護】新生１丁目3-20", "url": "https://www.kaigokensaku.mhlw.go.jp/43/index.php?action_kouhyou_detail_004_kani=true&JigyosyoCd=4370111561-00&ServiceCd=780&Type=search", "url2": "http://imagawa-kumamoto.com/service/" }, "geometry": { "type": "Point", "coordinates": [ 130.756155400000011, 32.7791363 ] } },
{ "type": "Feature", "properties": { "内容": "ディサービスセンター　Cocoa【地域密着型通所介護】熊本県熊本市東区新外２丁目１番１５号吉祥苑　新外", "url": "https://www.kaigokensaku.mhlw.go.jp/43/index.php?action_kouhyou_detail_004_kani=true&JigyosyoCd=4390102483-00&ServiceCd=780&Type=search", "url2": null }, "geometry": { "type": "Point", "coordinates": [ 130.767073, 32.8012656 ] } },
{ "type": "Feature", "properties": { "内容": "通所介護事業所DiaPuro【地域密着型通所介護】新生1丁目25-11", "url": "https://www.kaigokensaku.mhlw.go.jp/43/index.php?action_kouhyou_detail_004_kani=true&JigyosyoCd=4390103135-00&ServiceCd=780&Type=search", "url2": "https://diapurohp.studio.site" }, "geometry": { "type": "Point", "coordinates": [ 130.7541639, 32.7770006 ] } },
{ "type": "Feature", "properties": { "内容": "Let'sリハ！シュロアモール長嶺店【地域密着型通所介護】熊本県熊本市東区長嶺西１丁目5-1", "url": "https://www.kaigokensaku.mhlw.go.jp/43/index.php?action_kouhyou_detail_004_kani=true&JigyosyoCd=4390103143-00&ServiceCd=780&Type=search", "url2": "https://www.lets-reha.jp/shop/kumamoto-nagamine/" }, "geometry": { "type": "Point", "coordinates": [ 130.762879582367759, 32.81089596462045 ] } },
{ "type": "Feature", "properties": { "内容": "デイサービス　太陽の園【地域密着型通所介護】熊本市東区長嶺西２丁目７番８号サンパーク長嶺", "url": "https://www.kaigokensaku.mhlw.go.jp/43/index.php?action_kouhyou_detail_004_kani=true&JigyosyoCd=4370105324-00&ServiceCd=780&Type=search", "url2": null }, "geometry": { "type": "Point", "coordinates": [ 130.765474199999971, 32.813339 ] } },
{ "type": "Feature", "properties": { "内容": "デイサービス　絹の和香【地域密着型通所介護】熊本県熊本市東区御領2丁目15-9", "url": "https://www.kaigokensaku.mhlw.go.jp/43/index.php?action_kouhyou_detail_004_kani=true&JigyosyoCd=4370106611-00&ServiceCd=780&Type=search", "url2": "https://www.kinunowaka.com/" }, "geometry": { "type": "Point", "coordinates": [ 130.765568600000051, 32.8236296 ] } },
{ "type": "Feature", "properties": { "内容": "デイサービスセンター白樺【地域密着型通所介護】熊本県熊本市東区戸島６丁目１８－１２", "url": "https://www.kaigokensaku.mhlw.go.jp/43/index.php?action_kouhyou_detail_004_kani=true&JigyosyoCd=4390102913-00&ServiceCd=780&Type=search", "url2": null }, "geometry": { "type": "Point", "coordinates": [ 130.806074200000012, 32.816699799999981 ] } },
{ "type": "Feature", "properties": { "内容": "かたーれデイサービスえず【地域密着型通所介護】熊本県熊本市東区下江津6丁目10-30", "url": "https://www.kaigokensaku.mhlw.go.jp/43/index.php?action_kouhyou_detail_004_kani=true&JigyosyoCd=4370109284-00&ServiceCd=780&Type=search", "url2": null }, "geometry": { "type": "Point", "coordinates": [ 130.747899413108854, 32.771100928659344 ] } },
{ "type": "Feature", "properties": { "内容": "自立支援型通所介護　リハクル【地域密着型通所介護】熊本県熊本市東区保田窪3丁目17番10号西口ビル（1階）", "url": "https://www.kaigokensaku.mhlw.go.jp/43/index.php?action_kouhyou_detail_004_kani=true&JigyosyoCd=4390103481-00&ServiceCd=780&Type=search", "url2": null }, "geometry": { "type": "Point", "coordinates": [ 130.75013, 32.811136 ] } },
{ "type": "Feature", "properties": { "内容": "デイサービススマイルプラス【地域密着型通所介護】熊本県熊本市東区神園2丁目6-21住宅型有料老人ホームSmile　House内", "url": "https://www.kaigokensaku.mhlw.go.jp/43/index.php?action_kouhyou_detail_004_kani=true&JigyosyoCd=4390103499-00&ServiceCd=780&Type=search", "url2": null }, "geometry": { "type": "Point", "coordinates": [ 130.7825305, 32.8359639 ] } },
{ "type": "Feature", "properties": { "内容": "ほねつぎデイサービス長嶺【地域密着型通所介護】熊本県熊本市東区長嶺南4丁目2番6号", "url": "https://www.kaigokensaku.mhlw.go.jp/43/index.php?action_kouhyou_detail_004_kani=true&JigyosyoCd=4390103689-00&ServiceCd=780&Type=search", "url2": null }, "geometry": { "type": "Point", "coordinates": [ 130.77287910000004, 32.81079840000001 ] } },
{ "type": "Feature", "properties": { "内容": "デイサービス　想叶【地域密着型通所介護】熊本市東区長峰東5-3-26", "url": "https://www.kaigokensaku.mhlw.go.jp/43/index.php?action_kouhyou_detail_004_kani=true&JigyosyoCd=4370111009-00&ServiceCd=780&Type=search", "url2": null }, "geometry": { "type": "Point", "coordinates": [ 130.782143167785506, 32.821356651850778 ] } },
{ "type": "Feature", "properties": { "内容": "デイサービス　ワンステップ【地域密着型通所介護】熊本県熊本市東区長嶺東8丁目12番12号", "url": "https://www.kaigokensaku.mhlw.go.jp/43/index.php?action_kouhyou_detail_004_kani=true&JigyosyoCd=4390102384-00&ServiceCd=780&Type=search", "url2": "https://emiasu.co.jp/" }, "geometry": { "type": "Point", "coordinates": [ 130.780631099999937, 32.8317122 ] } },
{ "type": "Feature", "properties": { "内容": "たくみの家　翔【地域密着型通所介護】熊本県熊本市東区大字下無田1522番地", "url": "https://www.kaigokensaku.mhlw.go.jp/43/index.php?action_kouhyou_detail_004_kani=true&JigyosyoCd=4390103721-00&ServiceCd=780&Type=search", "url2": null }, "geometry": { "type": "Point", "coordinates": [ 130.7373524, 32.7547132 ] } },
{ "type": "Feature", "properties": { "内容": "デーサービスセンター一桃【地域密着型通所介護】熊本県熊本市西区新土河原2丁目3-36", "url": "https://www.kaigokensaku.mhlw.go.jp/43/index.php?action_kouhyou_detail_004_kani=true&JigyosyoCd=4370103980-00&ServiceCd=780&Type=search", "url2": null }, "geometry": { "type": "Point", "coordinates": [ 130.671767400000022, 32.7758634 ] } },
{ "type": "Feature", "properties": { "内容": "デイサービスりんどう【地域密着型通所介護】西区上高橋2丁目19-1", "url": "https://www.kaigokensaku.mhlw.go.jp/43/index.php?action_kouhyou_detail_004_kani=true&JigyosyoCd=4370109136-00&ServiceCd=780&Type=search", "url2": "ｈｔｔｐ：//ｗｗｗ．ｈａｎａｍｏｍｅｎ．ｎｅｔ/" }, "geometry": { "type": "Point", "coordinates": [ 130.654535200000026, 32.7876317 ] } },
{ "type": "Feature", "properties": { "内容": "デイサービス　だんだん【地域密着型通所介護】熊本県熊本市西区二本木2丁目6-6", "url": "https://www.kaigokensaku.mhlw.go.jp/43/index.php?action_kouhyou_detail_004_kani=true&JigyosyoCd=4390101949-00&ServiceCd=780&Type=search", "url2": null }, "geometry": { "type": "Point", "coordinates": [ 130.690138233169932, 32.786129346978448 ] } },
{ "type": "Feature", "properties": { "内容": "生活リハクラブ【地域密着型通所介護】熊本県熊本市西区池上町1233番地6", "url": "https://www.kaigokensaku.mhlw.go.jp/43/index.php?action_kouhyou_detail_004_kani=true&JigyosyoCd=4370110506-00&ServiceCd=780&Type=search", "url2": "life-reha.com" }, "geometry": { "type": "Point", "coordinates": [ 130.66990039999996, 32.7939451 ] } },
{ "type": "Feature", "properties": { "内容": "さくらの苑デイサービスセンター【地域密着型通所介護】熊本市西区松尾町近津1361番地", "url": "https://www.kaigokensaku.mhlw.go.jp/43/index.php?action_kouhyou_detail_004_kani=true&JigyosyoCd=4370102610-00&ServiceCd=780&Type=search", "url2": "http://ryowakai.com" }, "geometry": { "type": "Point", "coordinates": [ 130.606182600000011, 32.8025355 ] } },
{ "type": "Feature", "properties": { "内容": "デイサービス　かたろう【地域密着型通所介護】熊本県熊本市西区中原町1135番地1", "url": "https://www.kaigokensaku.mhlw.go.jp/43/index.php?action_kouhyou_detail_004_kani=true&JigyosyoCd=4370110571-00&ServiceCd=780&Type=search", "url2": "http://www.can727kaigo.com/" }, "geometry": { "type": "Point", "coordinates": [ 130.633549512164336, 32.772155006406194 ] } },
{ "type": "Feature", "properties": { "内容": "いきいき倶楽部さくら【地域密着型通所介護】熊本市西区松尾町近津1478", "url": "https://www.kaigokensaku.mhlw.go.jp/43/index.php?action_kouhyou_detail_004_kani=true&JigyosyoCd=4390101980-00&ServiceCd=780&Type=search", "url2": "http://ryowakai.com" }, "geometry": { "type": "Point", "coordinates": [ 130.609357, 32.803829 ] } },
{ "type": "Feature", "properties": { "内容": "デイサ－ビス二本木【地域密着型通所介護】熊本市西区二本木4丁目22-28", "url": "https://www.kaigokensaku.mhlw.go.jp/43/index.php?action_kouhyou_detail_004_kani=true&JigyosyoCd=4370109086-00&ServiceCd=780&Type=search", "url2": null }, "geometry": { "type": "Point", "coordinates": [ 130.690204499999936, 32.7793631 ] } },
{ "type": "Feature", "properties": { "内容": "たんぽぽ【地域密着型通所介護】熊本市西区河内町白浜イ2238番地", "url": "https://www.kaigokensaku.mhlw.go.jp/43/index.php?action_kouhyou_detail_004_kani=true&JigyosyoCd=4390103069-00&ServiceCd=780&Type=search", "url2": null }, "geometry": { "type": "Point", "coordinates": [ 130.5864355, 32.8454852 ] } },
{ "type": "Feature", "properties": { "内容": "ディサービス　縁（えん）小島【地域密着型通所介護】熊本市西区小島９丁目１－４０", "url": "https://www.kaigokensaku.mhlw.go.jp/43/index.php?action_kouhyou_detail_004_kani=true&JigyosyoCd=4370108674-00&ServiceCd=780&Type=search", "url2": "https://www.living-sp.com/" }, "geometry": { "type": "Point", "coordinates": [ 130.6326229, 32.7803819 ] } },
{ "type": "Feature", "properties": { "内容": "Let'sリハ！田崎店【地域密着型通所介護】熊本県熊本市西区田崎1-1-201階部分", "url": "https://www.kaigokensaku.mhlw.go.jp/43/index.php?action_kouhyou_detail_004_kani=true&JigyosyoCd=4390102616-00&ServiceCd=780&Type=search", "url2": "https://www.lets-reha.jp/" }, "geometry": { "type": "Point", "coordinates": [ 130.6843901, 32.7846625 ] } },
{ "type": "Feature", "properties": { "内容": "ほうむ熊本西【地域密着型通所介護】熊本市西区島崎5丁目４－３２", "url": "https://www.kaigokensaku.mhlw.go.jp/43/index.php?action_kouhyou_detail_004_kani=true&JigyosyoCd=4370107619-00&ServiceCd=780&Type=search", "url2": null }, "geometry": { "type": "Point", "coordinates": [ 130.683482199999958, 32.8112018 ] } },
{ "type": "Feature", "properties": { "内容": "通所介護事業所　上熊本苑【地域密着型通所介護】熊本県熊本市西区上熊本３丁目１２番２４号", "url": "https://www.kaigokensaku.mhlw.go.jp/43/index.php?action_kouhyou_detail_004_kani=true&JigyosyoCd=4370108930-00&ServiceCd=780&Type=search", "url2": "http://www.shafuku-aiseikai.or.jp" }, "geometry": { "type": "Point", "coordinates": [ 130.701811099999986, 32.82339 ] } },
{ "type": "Feature", "properties": { "内容": "デイサービス亀石別荘【地域密着型通所介護】池亀町18-24", "url": "https://www.kaigokensaku.mhlw.go.jp/43/index.php?action_kouhyou_detail_004_kani=true&JigyosyoCd=4370108054-00&ServiceCd=780&Type=search", "url2": null }, "geometry": { "type": "Point", "coordinates": [ 130.694781199999966, 32.8254674 ] } },
{ "type": "Feature", "properties": { "内容": "デイサービスかみくま【地域密着型通所介護】熊本県熊本市西区上熊本２丁目１５番２４号", "url": "https://www.kaigokensaku.mhlw.go.jp/43/index.php?action_kouhyou_detail_004_kani=true&JigyosyoCd=4370111314-00&ServiceCd=780&Type=search", "url2": "http://www.kiseikai.or.jp" }, "geometry": { "type": "Point", "coordinates": [ 130.700025099999948, 32.8142852 ] } },
{ "type": "Feature", "properties": { "内容": "おとなの学校　花園校【地域密着型通所介護】熊本市西区花園２丁目１０－１６", "url": "https://www.kaigokensaku.mhlw.go.jp/43/index.php?action_kouhyou_detail_004_kani=true&JigyosyoCd=4370106645-00&ServiceCd=780&Type=search", "url2": "https://otona-gakkou.com/group/" }, "geometry": { "type": "Point", "coordinates": [ 130.692653599999943, 32.815648800000019 ] } },
{ "type": "Feature", "properties": { "内容": "デイサービスセンター　ファインテラス【地域密着型通所介護】西区島崎２丁目１１番１３号", "url": "https://www.kaigokensaku.mhlw.go.jp/43/index.php?action_kouhyou_detail_004_kani=true&JigyosyoCd=4370108302-00&ServiceCd=780&Type=search", "url2": "https://www.seijino.or.jp/" }, "geometry": { "type": "Point", "coordinates": [ 130.690703799999937, 32.8094659 ] } },
{ "type": "Feature", "properties": { "内容": "デイサービスセンターてんてんてまり【地域密着型通所介護】河内町野出61-13", "url": "https://www.kaigokensaku.mhlw.go.jp/43/index.php?action_kouhyou_detail_004_kani=true&JigyosyoCd=4390103473-00&ServiceCd=780&Type=search", "url2": null }, "geometry": { "type": "Point", "coordinates": [ 130.60164850000001, 32.8429546 ] } },
{ "type": "Feature", "properties": { "内容": "デイサービスセンター小島苑【地域密着型通所介護】熊本県熊本市西区小島5丁目15-45デイサービスセンター　小島苑", "url": "https://www.kaigokensaku.mhlw.go.jp/43/index.php?action_kouhyou_detail_004_kani=true&JigyosyoCd=4390103200-00&ServiceCd=780&Type=search", "url2": null }, "geometry": { "type": "Point", "coordinates": [ 130.6381753, 32.7802451 ] } },
{ "type": "Feature", "properties": { "内容": "デイサービスセンター和ごころ【地域密着型通所介護】熊本市西区八島２丁目４－１８", "url": "https://www.kaigokensaku.mhlw.go.jp/43/index.php?action_kouhyou_detail_004_kani=true&JigyosyoCd=4370108757-00&ServiceCd=780&Type=search", "url2": null }, "geometry": { "type": "Point", "coordinates": [ 130.68171798171889, 32.780175542987351 ] } },
{ "type": "Feature", "properties": { "内容": "デイサービス　グッドライフ熊本駅前【地域密着型通所介護】熊本市西区春日２丁目１番２４号", "url": "https://www.kaigokensaku.mhlw.go.jp/43/index.php?action_kouhyou_detail_004_kani=true&JigyosyoCd=4370110001-00&ServiceCd=780&Type=search", "url2": "http://www.seishoukai-gl.jp/" }, "geometry": { "type": "Point", "coordinates": [ 130.6912125, 32.7888678 ] } },
{ "type": "Feature", "properties": { "内容": "デイサービスセンター　流泳館【地域密着型通所介護】熊本県熊本市西区城山半田4丁目6番18号流泳館", "url": "https://www.kaigokensaku.mhlw.go.jp/43/index.php?action_kouhyou_detail_004_kani=true&JigyosyoCd=4370110555-00&ServiceCd=780&Type=search", "url2": "https://www.ryueikan.co.jp/" }, "geometry": { "type": "Point", "coordinates": [ 130.655752200000052, 32.7731858 ] } },
{ "type": "Feature", "properties": { "内容": "ソレイルミナーレ上熊本【地域密着型通所介護】池田4丁目5－2", "url": "https://www.kaigokensaku.mhlw.go.jp/43/index.php?action_kouhyou_detail_004_kani=true&JigyosyoCd=4390103648-00&ServiceCd=780&Type=search", "url2": "https://sprise.co.jp/store/kamikumamoto/" }, "geometry": { "type": "Point", "coordinates": [ 130.69698120000001, 32.8274993 ] } },
{ "type": "Feature", "properties": { "内容": "フィットネスデイサービス流れ星　小島【地域密着型通所介護】熊本県熊本市西区小島下町4589-1", "url": "https://www.kaigokensaku.mhlw.go.jp/43/index.php?action_kouhyou_detail_004_kani=true&JigyosyoCd=4390103267-00&ServiceCd=780&Type=search", "url2": "https://www.home-life4589-1.com" }, "geometry": { "type": "Point", "coordinates": [ 130.6093861, 32.7813066 ] } },
{ "type": "Feature", "properties": { "内容": "小規模デイサービス　フクシア【地域密着型通所介護】熊本県熊本市南区良町5丁目11番12号", "url": "https://www.kaigokensaku.mhlw.go.jp/43/index.php?action_kouhyou_detail_004_kani=true&JigyosyoCd=4370110803-00&ServiceCd=780&Type=search", "url2": null }, "geometry": { "type": "Point", "coordinates": [ 130.720004215344261, 32.756187755686518 ] } },
{ "type": "Feature", "properties": { "内容": "デイサービス　タカヒロうちだの里【地域密着型通所介護】熊本市南区内田町663-2", "url": "https://www.kaigokensaku.mhlw.go.jp/43/index.php?action_kouhyou_detail_004_kani=true&JigyosyoCd=4390102574-00&ServiceCd=780&Type=search", "url2": null }, "geometry": { "type": "Point", "coordinates": [ 130.654252400000018, 32.7444617 ] } },
{ "type": "Feature", "properties": { "内容": "デイサービス　タカヒロうちだの里【地域密着型通所介護】熊本県熊本市南区内田町663-2", "url": "https://www.kaigokensaku.mhlw.go.jp/43/index.php?action_kouhyou_detail_004_kani=true&JigyosyoCd=4390102830-00&ServiceCd=780&Type=search", "url2": null }, "geometry": { "type": "Point", "coordinates": [ 130.6542524, 32.7444617 ] } },
{ "type": "Feature", "properties": { "内容": "デイサービス　ここわら　ステップ【地域密着型通所介護】熊本県熊本市南区出仲間8丁目1-11", "url": "https://www.kaigokensaku.mhlw.go.jp/43/index.php?action_kouhyou_detail_004_kani=true&JigyosyoCd=4390102319-00&ServiceCd=780&Type=search", "url2": "https://chihiro-fukushi.jp" }, "geometry": { "type": "Point", "coordinates": [ 130.718382900000051, 32.7685204 ] } },
{ "type": "Feature", "properties": { "内容": "みらいデイサービス熊本南【地域密着型通所介護】熊本市南区城南町下宮地４２９－１", "url": "https://www.kaigokensaku.mhlw.go.jp/43/index.php?action_kouhyou_detail_004_kani=true&JigyosyoCd=4370108211-00&ServiceCd=780&Type=search", "url2": "http://www.mirai-day.com" }, "geometry": { "type": "Point", "coordinates": [ 130.731957199999982, 32.701554399999978 ] } },
{ "type": "Feature", "properties": { "内容": "デイサービス　エル【地域密着型通所介護】熊本県熊本市南区近見2473番地アメニティL　201号", "url": "https://www.kaigokensaku.mhlw.go.jp/43/index.php?action_kouhyou_detail_004_kani=true&JigyosyoCd=4390102996-00&ServiceCd=780&Type=search", "url2": null }, "geometry": { "type": "Point", "coordinates": [ 130.6847627, 32.761696 ] } },
{ "type": "Feature", "properties": { "内容": "ケアサポートメロンDEKIRU【地域密着型通所介護】熊本県熊本市南区上ノ郷2丁目16-1", "url": "https://www.kaigokensaku.mhlw.go.jp/43/index.php?action_kouhyou_detail_004_kani=true&JigyosyoCd=4390101915-00&ServiceCd=780&Type=search", "url2": "htpp://www.care-melon.co.jp" }, "geometry": { "type": "Point", "coordinates": [ 130.684343654805502, 32.763784999794126 ] } },
{ "type": "Feature", "properties": { "内容": "永の郷デイサービスセンター【地域密着型通所介護】熊本市南区城南町永1209", "url": "https://www.kaigokensaku.mhlw.go.jp/43/index.php?action_kouhyou_detail_004_kani=true&JigyosyoCd=4372301392-00&ServiceCd=780&Type=search", "url2": null }, "geometry": { "type": "Point", "coordinates": [ 130.723583500000018, 32.7345229 ] } },
{ "type": "Feature", "properties": { "内容": "デイハウス　まきの木【地域密着型通所介護】熊本県熊本市南区城南町宮地1040", "url": "https://www.kaigokensaku.mhlw.go.jp/43/index.php?action_kouhyou_detail_004_kani=true&JigyosyoCd=4370110407-00&ServiceCd=780&Type=search", "url2": null }, "geometry": { "type": "Point", "coordinates": [ 130.729986603952057, 32.709017146682001 ] } },
{ "type": "Feature", "properties": { "内容": "デイサービス土河原【地域密着型通所介護】熊本県熊本市南区土河原町１９９－１", "url": "https://www.kaigokensaku.mhlw.go.jp/43/index.php?action_kouhyou_detail_004_kani=true&JigyosyoCd=4370110530-00&ServiceCd=780&Type=search", "url2": null }, "geometry": { "type": "Point", "coordinates": [ 130.66687079999997, 32.7683585 ] } },
{ "type": "Feature", "properties": { "内容": "デイサービス吾亦紅【地域密着型通所介護】熊本市南区良町５丁目12番28号デイサービス吾亦紅", "url": "https://www.kaigokensaku.mhlw.go.jp/43/index.php?action_kouhyou_detail_004_kani=true&JigyosyoCd=4370108880-00&ServiceCd=780&Type=search", "url2": null }, "geometry": { "type": "Point", "coordinates": [ 130.719557635150636, 32.755422688203645 ] } },
{ "type": "Feature", "properties": { "内容": "リノ・クプナ　紅い華【地域密着型通所介護】熊本市南区元三3丁目2-13", "url": "https://www.kaigokensaku.mhlw.go.jp/43/index.php?action_kouhyou_detail_004_kani=true&JigyosyoCd=4370105704-00&ServiceCd=780&Type=search", "url2": "http://akaihana.info/" }, "geometry": { "type": "Point", "coordinates": [ 130.690199586369317, 32.739159110102619 ] } },
{ "type": "Feature", "properties": { "内容": "力合つくし庵デイサービスセンター【地域密着型通所介護】熊本県熊本市南区合志4丁目3-50", "url": "https://www.kaigokensaku.mhlw.go.jp/43/index.php?action_kouhyou_detail_004_kani=true&JigyosyoCd=4370105795-00&ServiceCd=780&Type=search", "url2": "http://www.sanko-kai.or.jp/" }, "geometry": { "type": "Point", "coordinates": [ 130.674619284655819, 32.755399376581686 ] } },
{ "type": "Feature", "properties": { "内容": "デイサービスセンター太陽【地域密着型通所介護】熊本市南区浜口町765-3", "url": "https://www.kaigokensaku.mhlw.go.jp/43/index.php?action_kouhyou_detail_004_kani=true&JigyosyoCd=4370108039-00&ServiceCd=780&Type=search", "url2": "https://www.taiyonowa.co.jp" }, "geometry": { "type": "Point", "coordinates": [ 130.639081499999946, 32.7582033 ] } },
{ "type": "Feature", "properties": { "内容": "いこいいこ【地域密着型通所介護】熊本県熊本市南区川口町2118-4", "url": "https://www.kaigokensaku.mhlw.go.jp/43/index.php?action_kouhyou_detail_004_kani=true&JigyosyoCd=4390103259-00&ServiceCd=780&Type=search", "url2": null }, "geometry": { "type": "Point", "coordinates": [ 130.640515199999982, 32.719525800000014 ] } },
{ "type": "Feature", "properties": { "内容": "永の郷デイサービスセンター【地域密着型通所介護】熊本県熊本市南区城南町永1209", "url": "https://www.kaigokensaku.mhlw.go.jp/43/index.php?action_kouhyou_detail_004_kani=true&JigyosyoCd=4390103309-00&ServiceCd=780&Type=search", "url2": "https://www.tonanunyu.com/holdings" }, "geometry": { "type": "Point", "coordinates": [ 130.7236771, 32.7345323 ] } },
{ "type": "Feature", "properties": { "内容": "リハプライド平成・けやき通り【地域密着型通所介護】田迎5丁目10-5サンセゾン1F", "url": "https://www.kaigokensaku.mhlw.go.jp/43/index.php?action_kouhyou_detail_004_kani=true&JigyosyoCd=4370111496-00&ServiceCd=780&Type=search", "url2": null }, "geometry": { "type": "Point", "coordinates": [ 130.715500644991039, 32.775969587875274 ] } },
{ "type": "Feature", "properties": { "内容": "デイサービスくれよん【地域密着型通所介護】熊本県熊本市南区田井島2丁目2番116号", "url": "https://www.kaigokensaku.mhlw.go.jp/43/index.php?action_kouhyou_detail_004_kani=true&JigyosyoCd=4390103440-00&ServiceCd=780&Type=search", "url2": null }, "geometry": { "type": "Point", "coordinates": [ 130.718546, 32.7646097 ] } },
{ "type": "Feature", "properties": { "内容": "デイサービス　花スミレ【地域密着型通所介護】熊本県熊本市南区砂原町440-4", "url": "https://www.kaigokensaku.mhlw.go.jp/43/index.php?action_kouhyou_detail_004_kani=true&JigyosyoCd=4370110464-00&ServiceCd=780&Type=search", "url2": null }, "geometry": { "type": "Point", "coordinates": [ 130.660221228835979, 32.764045050935401 ] } },
{ "type": "Feature", "properties": { "内容": "Let's　リハ！富合店【地域密着型通所介護】熊本市南区富合町清藤389", "url": "https://www.kaigokensaku.mhlw.go.jp/43/index.php?action_kouhyou_detail_004_kani=true&JigyosyoCd=4390102251-00&ServiceCd=780&Type=search", "url2": "sakurajyuji.or.jp" }, "geometry": { "type": "Point", "coordinates": [ 130.676424699999984, 32.7157602 ] } },
{ "type": "Feature", "properties": { "内容": "Let’s　リハ！inthemallはません店【地域密着型通所介護】熊本県熊本市南区田井島1-2-1ゆめタウンはません3F", "url": "https://www.kaigokensaku.mhlw.go.jp/43/index.php?action_kouhyou_detail_004_kani=true&JigyosyoCd=4390102020-00&ServiceCd=780&Type=search", "url2": "http://www.sakurajyuji.or.jp/service/dayservice/" }, "geometry": { "type": "Point", "coordinates": [ 130.726421100000039, 32.771731400000014 ] } },
{ "type": "Feature", "properties": { "内容": "デイサービス　フォーマルケア夢【地域密着型通所介護】熊本市南区御幸笛田2丁目20番56号", "url": "https://www.kaigokensaku.mhlw.go.jp/43/index.php?action_kouhyou_detail_004_kani=true&JigyosyoCd=4370108781-00&ServiceCd=780&Type=search", "url2": "http://yume.hp.gogo.jp/pc/" }, "geometry": { "type": "Point", "coordinates": [ 130.706274478434779, 32.761761479068113 ] } },
{ "type": "Feature", "properties": { "内容": "リハビリテーション強化型　デイサービスセンター　あ・ふる～る【地域密着型通所介護】熊本県熊本市南区田井島3丁目3-100", "url": "https://www.kaigokensaku.mhlw.go.jp/43/index.php?action_kouhyou_detail_004_kani=true&JigyosyoCd=4370111512-00&ServiceCd=780&Type=search", "url2": "https://a-fleurs.com/" }, "geometry": { "type": "Point", "coordinates": [ 130.722099631213382, 32.763942357022671 ] } },
{ "type": "Feature", "properties": { "内容": "あじさいのもり九州【地域密着型通所介護】熊本県熊本市南区砂原町200-1", "url": "https://www.kaigokensaku.mhlw.go.jp/43/index.php?action_kouhyou_detail_004_kani=true&JigyosyoCd=4370111405-00&ServiceCd=780&Type=search", "url2": "https://sites.google.com/d/1-ku-4MeIWXckUQlL3H-gKFVS--nvrPqF/p/1LG4WzlcHWhYul5wc7AIcB1BjQVJWRnqT/edit" }, "geometry": { "type": "Point", "coordinates": [ 130.661984026944765, 32.765305220556257 ] } },
{ "type": "Feature", "properties": { "内容": "樹楽団らんの家白石【地域密着型通所介護】熊本市白石町６９８番地", "url": "https://www.kaigokensaku.mhlw.go.jp/43/index.php?action_kouhyou_detail_004_kani=true&JigyosyoCd=4370107791-00&ServiceCd=780&Type=search", "url2": null }, "geometry": { "type": "Point", "coordinates": [ 130.636770699999943, 32.7525538 ] } },
{ "type": "Feature", "properties": { "内容": "デイサービスセンター元気もりもり【地域密着型通所介護】熊本県熊本市南区会富町86-3", "url": "https://www.kaigokensaku.mhlw.go.jp/43/index.php?action_kouhyou_detail_004_kani=true&JigyosyoCd=4370111835-00&ServiceCd=780&Type=search", "url2": "http://genkimorimori-ainoshima.jimdo.com/" }, "geometry": { "type": "Point", "coordinates": [ 130.658372, 32.754407 ] } },
{ "type": "Feature", "properties": { "内容": "デイサービス　サンフラワー【地域密着型通所介護】熊本県熊本市南区城南町隈庄３７６番地", "url": "https://www.kaigokensaku.mhlw.go.jp/43/index.php?action_kouhyou_detail_004_kani=true&JigyosyoCd=4370110258-00&ServiceCd=780&Type=search", "url2": "http://sunsmile2013.co.jp" }, "geometry": { "type": "Point", "coordinates": [ 130.727895132512202, 32.702577553060635 ] } },
{ "type": "Feature", "properties": { "内容": "デイサービスななみ【地域密着型通所介護】熊本県熊本市南区富合町杉島1127", "url": "https://www.kaigokensaku.mhlw.go.jp/43/index.php?action_kouhyou_detail_004_kani=true&JigyosyoCd=4370110936-00&ServiceCd=780&Type=search", "url2": "https://www.nanami-himawari.com" }, "geometry": { "type": "Point", "coordinates": [ 130.678928545230036, 32.730483716107585 ] } },
{ "type": "Feature", "properties": { "内容": "デイサービス昭和クラブ【地域密着型通所介護】熊本県熊本市南区城南町下宮地429-1", "url": "https://www.kaigokensaku.mhlw.go.jp/43/index.php?action_kouhyou_detail_004_kani=true&JigyosyoCd=4390103028-00&ServiceCd=780&Type=search", "url2": "http://lifecareclub.info" }, "geometry": { "type": "Point", "coordinates": [ 130.7319747, 32.7015843 ] } },
{ "type": "Feature", "properties": { "内容": "あさひデイサービスセンター御幸【地域密着型通所介護】熊本県熊本市南区御幸西1丁目14番23号", "url": "https://www.kaigokensaku.mhlw.go.jp/43/index.php?action_kouhyou_detail_004_kani=true&JigyosyoCd=4390101899-00&ServiceCd=780&Type=search", "url2": "asahi-dayservice.jp" }, "geometry": { "type": "Point", "coordinates": [ 130.703206899999941, 32.7592125 ] } },
{ "type": "Feature", "properties": { "内容": "社会福祉法人グリーンコープデイサービスセンターゆるりの家・アクア【地域密着型通所介護】熊本市南区島町2丁目１３－６", "url": "https://www.kaigokensaku.mhlw.go.jp/43/index.php?action_kouhyou_detail_004_kani=true&JigyosyoCd=4370108500-00&ServiceCd=780&Type=search", "url2": "http://www.fukusi-greencoop.or.jp" }, "geometry": { "type": "Point", "coordinates": [ 130.679944699999965, 32.7660254 ] } },
{ "type": "Feature", "properties": { "内容": "デイサービスセンターいつものところ【地域密着型通所介護】熊本県熊本市南区城南町隈庄648", "url": "https://www.kaigokensaku.mhlw.go.jp/43/index.php?action_kouhyou_detail_004_kani=true&JigyosyoCd=4372301277-00&ServiceCd=780&Type=search", "url2": "http：//wasoukai.com" }, "geometry": { "type": "Point", "coordinates": [ 130.728890500000034, 32.7076816 ] } },
{ "type": "Feature", "properties": { "内容": "リハビリケアセンター　すまいる新地【地域密着型通所介護】熊本市北区清水新地1丁目5-8", "url": "https://www.kaigokensaku.mhlw.go.jp/43/index.php?action_kouhyou_detail_004_kani=true&JigyosyoCd=4370109979-00&ServiceCd=780&Type=search", "url2": "http://relife-aid.com" }, "geometry": { "type": "Point", "coordinates": [ 130.732007417196627, 32.849579124684695 ] } },
{ "type": "Feature", "properties": { "内容": "ココロ･コーポレーションとどろきデイサービス【地域密着型通所介護】熊本市北区植木町轟615番地", "url": "https://www.kaigokensaku.mhlw.go.jp/43/index.php?action_kouhyou_detail_004_kani=true&JigyosyoCd=4370109193-00&ServiceCd=780&Type=search", "url2": "cocoro_todoroki_dei@yahoo.co.jp" }, "geometry": { "type": "Point", "coordinates": [ 130.673009500000035, 32.8973996 ] } },
{ "type": "Feature", "properties": { "内容": "デイサービス和楽家にしざと苑【地域密着型通所介護】熊本県熊本市北区下硯川町2111-3フェリーチェ進栄1階", "url": "https://www.kaigokensaku.mhlw.go.jp/43/index.php?action_kouhyou_detail_004_kani=true&JigyosyoCd=4390102749-00&ServiceCd=780&Type=search", "url2": null }, "geometry": { "type": "Point", "coordinates": [ 130.7094167, 32.8559133 ] } },
{ "type": "Feature", "properties": { "内容": "デイサービス憩【地域密着型通所介護】熊本県熊本市北区飛田1丁目9-60", "url": "https://www.kaigokensaku.mhlw.go.jp/43/index.php?action_kouhyou_detail_004_kani=true&JigyosyoCd=4390102947-00&ServiceCd=780&Type=search", "url2": "https://ikoi00.wixsite.com/ikoi/" }, "geometry": { "type": "Point", "coordinates": [ 130.7131042, 32.8528591 ] } },
{ "type": "Feature", "properties": { "内容": "元気が出るデイサービス　ウエッキー【地域密着型通所介護】熊本市北区植木町植木555番地ショッピングプラザウエッキー２階", "url": "https://www.kaigokensaku.mhlw.go.jp/43/index.php?action_kouhyou_detail_004_kani=true&JigyosyoCd=4370107320-00&ServiceCd=780&Type=search", "url2": "http://ugkulabu.exblog.jp/" }, "geometry": { "type": "Point", "coordinates": [ 130.690544400000022, 32.89698580000001 ] } },
{ "type": "Feature", "properties": { "内容": "リハビリラウンジGARDEN-ガーデン-【地域密着型通所介護】熊本県熊本市北区植木町鐙田１０６４－４", "url": "https://www.kaigokensaku.mhlw.go.jp/43/index.php?action_kouhyou_detail_004_kani=true&JigyosyoCd=4390102848-00&ServiceCd=780&Type=search", "url2": null }, "geometry": { "type": "Point", "coordinates": [ 130.6938487, 32.8820445 ] } },
{ "type": "Feature", "properties": { "内容": "笑顔あふれるデイサービスのんびり家．石川【地域密着型通所介護】熊本県熊本市北区植木町石川473", "url": "https://www.kaigokensaku.mhlw.go.jp/43/index.php?action_kouhyou_detail_004_kani=true&JigyosyoCd=4370108336-00&ServiceCd=780&Type=search", "url2": "http://nonbiriya.space/" }, "geometry": { "type": "Point", "coordinates": [ 130.720752800000014, 32.910766300000034 ] } },
{ "type": "Feature", "properties": { "内容": "デイサービス楡木【地域密着型通所介護】楡木3丁目10番12号", "url": "https://www.kaigokensaku.mhlw.go.jp/43/index.php?action_kouhyou_detail_004_kani=true&JigyosyoCd=4370111413-00&ServiceCd=780&Type=search", "url2": null }, "geometry": { "type": "Point", "coordinates": [ 130.754238735582021, 32.847287786500623 ] } },
{ "type": "Feature", "properties": { "内容": "通所介護ひらしま【地域密着型通所介護】熊本市北区植木町米塚４０７－４８", "url": "https://www.kaigokensaku.mhlw.go.jp/43/index.php?action_kouhyou_detail_004_kani=true&JigyosyoCd=4370107296-00&ServiceCd=780&Type=search", "url2": null }, "geometry": { "type": "Point", "coordinates": [ 130.723096128836005, 32.954443289598409 ] } },
{ "type": "Feature", "properties": { "内容": "徳王ヒルズ【地域密着型通所介護】熊本市北区徳王２－１－６７", "url": "https://www.kaigokensaku.mhlw.go.jp/43/index.php?action_kouhyou_detail_004_kani=true&JigyosyoCd=4370107874-00&ServiceCd=780&Type=search", "url2": "https://tokuou.nakamura-seikei.or.jp" }, "geometry": { "type": "Point", "coordinates": [ 130.709260399999948, 32.8425468 ] } },
{ "type": "Feature", "properties": { "内容": "通所介護事業所だんだん【地域密着型通所介護】北区植木町岩野９２７番地4", "url": "https://www.kaigokensaku.mhlw.go.jp/43/index.php?action_kouhyou_detail_004_kani=true&JigyosyoCd=4370108393-00&ServiceCd=780&Type=search", "url2": null }, "geometry": { "type": "Point", "coordinates": [ 130.699588100000028, 32.9053187 ] } },
{ "type": "Feature", "properties": { "内容": "デイサービス　ぽかぽかの家【地域密着型通所介護】熊本市北区鹿子木町196", "url": "https://www.kaigokensaku.mhlw.go.jp/43/index.php?action_kouhyou_detail_004_kani=true&JigyosyoCd=4390102988-00&ServiceCd=780&Type=search", "url2": "https://www.pokapokabiyori.com/" }, "geometry": { "type": "Point", "coordinates": [ 130.7013392, 32.8733458 ] } },
{ "type": "Feature", "properties": { "内容": "デイサービスセンター楽園【地域密着型通所介護】熊本県熊本市北区貢町4番地２", "url": "https://www.kaigokensaku.mhlw.go.jp/43/index.php?action_kouhyou_detail_004_kani=true&JigyosyoCd=4390102046-00&ServiceCd=780&Type=search", "url2": null }, "geometry": { "type": "Point", "coordinates": [ 130.7062439, 32.845877 ] } },
{ "type": "Feature", "properties": { "内容": "通所介護事業所シニアクラブ菱形【地域密着型通所介護】熊本県熊本市北区植木町滴水1653-3", "url": "https://www.kaigokensaku.mhlw.go.jp/43/index.php?action_kouhyou_detail_004_kani=true&JigyosyoCd=4370105696-00&ServiceCd=780&Type=search", "url2": "http://www.ikueikai-kumamoto.or.jp/kusuno/index.htm" }, "geometry": { "type": "Point", "coordinates": [ 130.6669181, 32.883051 ] } },
{ "type": "Feature", "properties": { "内容": "デイサービス高平【地域密着型通所介護】熊本県熊本市北区大窪３丁目１１番４７号", "url": "https://www.kaigokensaku.mhlw.go.jp/43/index.php?action_kouhyou_detail_004_kani=true&JigyosyoCd=4370107130-00&ServiceCd=780&Type=search", "url2": "http://www.ikueikai-kumamoto.or.jp/sunvillage/index.htm" }, "geometry": { "type": "Point", "coordinates": [ 130.712835, 32.8504879 ] } },
{ "type": "Feature", "properties": { "内容": "リハビリケアセンター　すまいる【地域密着型通所介護】熊本市北区八景水谷１丁目３３番３７号ロヤルコーポ　ＮＡＫＡＮＯ3階", "url": "https://www.kaigokensaku.mhlw.go.jp/43/index.php?action_kouhyou_detail_004_kani=true&JigyosyoCd=4370108740-00&ServiceCd=780&Type=search", "url2": "rsj37908@nifty.com" }, "geometry": { "type": "Point", "coordinates": [ 130.724114699999973, 32.851227 ] } },
{ "type": "Feature", "properties": { "内容": "リハビリケアセンター　すまいる北部【地域密着型通所介護】熊本県熊本市北区四方寄町612-1", "url": "https://www.kaigokensaku.mhlw.go.jp/43/index.php?action_kouhyou_detail_004_kani=true&JigyosyoCd=4370111033-00&ServiceCd=780&Type=search", "url2": "http://relife-aid.com" }, "geometry": { "type": "Point", "coordinates": [ 130.711615771827724, 32.861927869954961 ] } },
{ "type": "Feature", "properties": { "内容": "デイサービスセンター徳王ろまん館【地域密着型通所介護】熊本県熊本市北区徳王１丁目7番６号", "url": "https://www.kaigokensaku.mhlw.go.jp/43/index.php?action_kouhyou_detail_004_kani=true&JigyosyoCd=4390103374-00&ServiceCd=780&Type=search", "url2": "https://www.tokuoromankan.com/" }, "geometry": { "type": "Point", "coordinates": [ 130.709085, 32.8401562 ] } },
{ "type": "Feature", "properties": { "内容": "デイサービス　しんしん【地域密着型通所介護】熊本市北区龍田弓削一丁目16番38号", "url": "https://www.kaigokensaku.mhlw.go.jp/43/index.php?action_kouhyou_detail_004_kani=true&JigyosyoCd=4370109359-00&ServiceCd=780&Type=search", "url2": null }, "geometry": { "type": "Point", "coordinates": [ 130.765307200000052, 32.8434916 ] } },
{ "type": "Feature", "properties": { "内容": "ｙ3ケア【地域密着型通所介護】熊本県熊本市北区龍田２丁目３番３号", "url": "https://www.kaigokensaku.mhlw.go.jp/43/index.php?action_kouhyou_detail_004_kani=true&JigyosyoCd=4390102152-00&ServiceCd=780&Type=search", "url2": "www.seisinkai.co.jp" }, "geometry": { "type": "Point", "coordinates": [ 130.7537777, 32.8302122 ] } },
{ "type": "Feature", "properties": { "内容": "デイサービスりん【地域密着型通所介護】熊本県熊本市北区植木町大和78番7", "url": "https://www.kaigokensaku.mhlw.go.jp/43/index.php?action_kouhyou_detail_004_kani=true&JigyosyoCd=4390102715-00&ServiceCd=780&Type=search", "url2": "https://www.goudou-rin.com/" }, "geometry": { "type": "Point", "coordinates": [ 130.673085500000013, 32.8801574 ] } },
{ "type": "Feature", "properties": { "内容": "通所介護事業所　つるのはら【地域密着型通所介護】熊本県熊本市北区梶尾町1779番7", "url": "https://www.kaigokensaku.mhlw.go.jp/43/index.php?action_kouhyou_detail_004_kani=true&JigyosyoCd=4390102335-00&ServiceCd=780&Type=search", "url2": "http：//www.shafuku-aiseikai.or.jp/" }, "geometry": { "type": "Point", "coordinates": [ 130.729299629407251, 32.867603505398741 ] } },
{ "type": "Feature", "properties": { "内容": "デイサービスさくら【地域密着型通所介護】熊本県熊本市北区植木町味取96番地4", "url": "https://www.kaigokensaku.mhlw.go.jp/43/index.php?action_kouhyou_detail_004_kani=true&JigyosyoCd=4390102012-00&ServiceCd=780&Type=search", "url2": null }, "geometry": { "type": "Point", "coordinates": [ 130.69359970000005, 32.9216537 ] } },
{ "type": "Feature", "properties": { "内容": "デイサービス　すこあ【地域密着型通所介護】熊本県熊本市北区龍田9丁目1-84", "url": "https://www.kaigokensaku.mhlw.go.jp/43/index.php?action_kouhyou_detail_004_kani=true&JigyosyoCd=4390103424-00&ServiceCd=780&Type=search", "url2": "096-282-8249" }, "geometry": { "type": "Point", "coordinates": [ 130.763303959524535, 32.843630434628416 ] } },
{ "type": "Feature", "properties": { "内容": "デイサービスまごころ本舗武蔵ヶ丘苑【地域密着型通所介護】熊本県熊本市北区武蔵ヶ丘1丁目8‐15エクセルハイム1Ｆ", "url": "https://www.kaigokensaku.mhlw.go.jp/43/index.php?action_kouhyou_detail_004_kani=true&JigyosyoCd=4370107387-00&ServiceCd=780&Type=search", "url2": "http://dr-factory.jp/" }, "geometry": { "type": "Point", "coordinates": [ 130.769016928311203, 32.850383704457094 ] } },
{ "type": "Feature", "properties": { "内容": "デイサービスたいじゅ【地域密着型通所介護】熊本県熊本市北区下硯川町2111-3フェリーチェ進栄1F", "url": "https://www.kaigokensaku.mhlw.go.jp/43/index.php?action_kouhyou_detail_004_kani=true&JigyosyoCd=4370111231-00&ServiceCd=780&Type=search", "url2": "http://www.taiju-yomogi.co.jp/" }, "geometry": { "type": "Point", "coordinates": [ 130.709476605604038, 32.855930132439269 ] } },
{ "type": "Feature", "properties": { "内容": "デイサービス　Natural　walk【地域密着型通所介護】熊本県熊本市北区植木町岩野991-1", "url": "https://www.kaigokensaku.mhlw.go.jp/43/index.php?action_kouhyou_detail_004_kani=true&JigyosyoCd=4370110613-00&ServiceCd=780&Type=search", "url2": null }, "geometry": { "type": "Point", "coordinates": [ 130.695002400000021, 32.9054408 ] } },
{ "type": "Feature", "properties": { "内容": "うえきの郷　通所介護【地域密着型通所介護】熊本県熊本市北区小糸山町752-1", "url": "https://www.kaigokensaku.mhlw.go.jp/43/index.php?action_kouhyou_detail_004_kani=true&JigyosyoCd=4390103382-00&ServiceCd=780&Type=search", "url2": "https://www.uekinosato.terao.or.jp" }, "geometry": { "type": "Point", "coordinates": [ 130.6922175, 32.8918033 ] } },
{ "type": "Feature", "properties": { "内容": "デイサービスセンターエバーグリーン【地域密着型通所介護】熊本市鶴羽田一丁目10-1", "url": "https://www.kaigokensaku.mhlw.go.jp/43/index.php?action_kouhyou_detail_004_kani=true&JigyosyoCd=4370108120-00&ServiceCd=780&Type=search", "url2": "www.d-evergreen.com" }, "geometry": { "type": "Point", "coordinates": [ 130.7255063, 32.855968299999965 ] } },
{ "type": "Feature", "properties": { "内容": "デイサービスからいもさん【地域密着型通所介護】津浦町30-54", "url": "https://www.kaigokensaku.mhlw.go.jp/43/index.php?action_kouhyou_detail_004_kani=true&JigyosyoCd=4390103192-00&ServiceCd=780&Type=search", "url2": null }, "geometry": { "type": "Point", "coordinates": [ 130.7130383, 32.8278636 ] } },
{ "type": "Feature", "properties": { "内容": "てとて【地域密着型通所介護】熊本県熊本市北区西梶尾町351", "url": "https://www.kaigokensaku.mhlw.go.jp/43/index.php?action_kouhyou_detail_004_kani=true&JigyosyoCd=4370107064-00&ServiceCd=780&Type=search", "url2": "http://www.kaigo-enishing.com/" }, "geometry": { "type": "Point", "coordinates": [ 130.708396200000038, 32.8691 ] } },
{ "type": "Feature", "properties": { "内容": "ディサービスセンターCocoa山室【地域密着型通所介護】熊本市北区山室１丁目1-23", "url": "https://www.kaigokensaku.mhlw.go.jp/43/index.php?action_kouhyou_detail_004_kani=true&JigyosyoCd=4390102640-00&ServiceCd=780&Type=search", "url2": null }, "geometry": { "type": "Point", "coordinates": [ 130.710824, 32.8391431 ] } },
{ "type": "Feature", "properties": { "内容": "リハビリケアセンター　すまいる新地【地域密着型通所介護】熊本市北区清水新地1-5-8", "url": "https://www.kaigokensaku.mhlw.go.jp/43/index.php?action_kouhyou_detail_004_kani=true&JigyosyoCd=4390102376-00&ServiceCd=780&Type=search", "url2": "http//en-bless.jp" }, "geometry": { "type": "Point", "coordinates": [ 130.731992200000036, 32.8495855 ] } },
{ "type": "Feature", "properties": { "内容": "デイサービスいきいきかじお【地域密着型通所介護】熊本市北区梶尾町３０５番地", "url": "https://www.kaigokensaku.mhlw.go.jp/43/index.php?action_kouhyou_detail_004_kani=true&JigyosyoCd=4370106520-00&ServiceCd=780&Type=search", "url2": null }, "geometry": { "type": "Point", "coordinates": [ 130.7231994, 32.8717361 ] } },
{ "type": "Feature", "properties": { "内容": "デイサービスマドレ兎谷【地域密着型通所介護】熊本県熊本市北区兎谷１丁目１－１７", "url": "https://www.kaigokensaku.mhlw.go.jp/43/index.php?action_kouhyou_detail_004_kani=true&JigyosyoCd=4390102855-00&ServiceCd=780&Type=search", "url2": "woodlandpass.jp/" }, "geometry": { "type": "Point", "coordinates": [ 130.728869231877098, 32.836716336440482 ] } },
{ "type": "Feature", "properties": { "内容": "デイサービス　みんなのいえ【地域密着型通所介護】熊本県熊本市北区植木町舞尾597-1元気が出る通いの場　みんなのいえ1階", "url": "https://www.kaigokensaku.mhlw.go.jp/43/index.php?action_kouhyou_detail_004_kani=true&JigyosyoCd=4390103226-00&ServiceCd=780&Type=search", "url2": "https://www.instagram.com/minnanoie_day/?hl=ja" }, "geometry": { "type": "Point", "coordinates": [ 130.690739027087773, 32.898156541815965 ] } },
{ "type": "Feature", "properties": { "内容": "デイサービスセンター陽だまりの里【地域密着型通所介護】熊本県八代市高下西町字西寺川２２８０", "url": "https://www.kaigokensaku.mhlw.go.jp/43/index.php?action_kouhyou_detail_004_kani=true&JigyosyoCd=4390200568-00&ServiceCd=780&Type=search", "url2": null }, "geometry": { "type": "Point", "coordinates": [ 130.604027460166719, 32.482576102394475 ] } },
{ "type": "Feature", "properties": { "内容": "ディサービス　わらべ【地域密着型通所介護】熊本県八代市高下西町1835-2", "url": "https://www.kaigokensaku.mhlw.go.jp/43/index.php?action_kouhyou_detail_004_kani=true&JigyosyoCd=4370200943-00&ServiceCd=780&Type=search", "url2": null }, "geometry": { "type": "Point", "coordinates": [ 130.607846277211706, 32.485361820881998 ] } },
{ "type": "Feature", "properties": { "内容": "ママやつしろ【地域密着型通所介護】八代市千丁町古閑出２０３６番地", "url": "https://www.kaigokensaku.mhlw.go.jp/43/index.php?action_kouhyou_detail_004_kani=true&JigyosyoCd=4370201180-00&ServiceCd=780&Type=search", "url2": null }, "geometry": { "type": "Point", "coordinates": [ 130.615730399999961, 32.5417379 ] } },
{ "type": "Feature", "properties": { "内容": "八代市社協　　ふくじゅ草【地域密着型通所介護】八代市泉町椎原又1番地１", "url": "https://www.kaigokensaku.mhlw.go.jp/43/index.php?action_kouhyou_detail_004_kani=true&JigyosyoCd=4370201404-00&ServiceCd=780&Type=search", "url2": "http://www.yatsushiro-shakyo.jp/" }, "geometry": { "type": "Point", "coordinates": [ 130.906275, 32.4909372 ] } },
{ "type": "Feature", "properties": { "内容": "デイサービス　暖暖【地域密着型通所介護】熊本県八代市鏡町鏡５５３番地４", "url": "https://www.kaigokensaku.mhlw.go.jp/43/index.php?action_kouhyou_detail_004_kani=true&JigyosyoCd=4370201776-00&ServiceCd=780&Type=search", "url2": "http://www.day-dandan.com/" }, "geometry": { "type": "Point", "coordinates": [ 130.651954899999964, 32.5719427 ] } },
{ "type": "Feature", "properties": { "内容": "ちえの和【地域密着型通所介護】熊本県八代市千丁町太牟田2471番地6", "url": "https://www.kaigokensaku.mhlw.go.jp/43/index.php?action_kouhyou_detail_004_kani=true&JigyosyoCd=4370201875-00&ServiceCd=780&Type=search", "url2": "http://www.nams.co.jp/" }, "geometry": { "type": "Point", "coordinates": [ 130.6398289, 32.5483886 ] } },
{ "type": "Feature", "properties": { "内容": "デイサービス太子郷【地域密着型通所介護】八代市東片町452番地１", "url": "https://www.kaigokensaku.mhlw.go.jp/43/index.php?action_kouhyou_detail_004_kani=true&JigyosyoCd=4370201891-00&ServiceCd=780&Type=search", "url2": null }, "geometry": { "type": "Point", "coordinates": [ 130.647926699999971, 32.5101556 ] } },
{ "type": "Feature", "properties": { "内容": "デイサービスセンター　歩生【地域密着型通所介護】鏡町両出１３６０", "url": "https://www.kaigokensaku.mhlw.go.jp/43/index.php?action_kouhyou_detail_004_kani=true&JigyosyoCd=4370201966-00&ServiceCd=780&Type=search", "url2": null }, "geometry": { "type": "Point", "coordinates": [ 130.63168440000004, 32.560954 ] } },
{ "type": "Feature", "properties": { "内容": "デイサービスみずしま【地域密着型通所介護】熊本県八代市鼠蔵町６９番地", "url": "https://www.kaigokensaku.mhlw.go.jp/43/index.php?action_kouhyou_detail_004_kani=true&JigyosyoCd=4370202121-00&ServiceCd=780&Type=search", "url2": null }, "geometry": { "type": "Point", "coordinates": [ 130.572762550262496, 32.480951620589806 ] } },
{ "type": "Feature", "properties": { "内容": "デイサービスセンターゆるりの家・八代【地域密着型通所介護】八代市本町4丁目２－２８", "url": "https://www.kaigokensaku.mhlw.go.jp/43/index.php?action_kouhyou_detail_004_kani=true&JigyosyoCd=4370202196-00&ServiceCd=780&Type=search", "url2": "http://www.greencoop-kumamoto.jp" }, "geometry": { "type": "Point", "coordinates": [ 130.596077, 32.5042953 ] } },
{ "type": "Feature", "properties": { "内容": "デイサービス　かざぐるま【地域密着型通所介護】古閑浜町1-30", "url": "https://www.kaigokensaku.mhlw.go.jp/43/index.php?action_kouhyou_detail_004_kani=true&JigyosyoCd=4370202303-00&ServiceCd=780&Type=search", "url2": null }, "geometry": { "type": "Point", "coordinates": [ 130.605101376860006, 32.540239474640323 ] } },
{ "type": "Feature", "properties": { "内容": "地域密着型通所介護事業所　デイサービスセンター　「なぎさの風」【地域密着型通所介護】熊本県八代市麦島東町１０－１５", "url": "https://www.kaigokensaku.mhlw.go.jp/43/index.php?action_kouhyou_detail_004_kani=true&JigyosyoCd=4370202360-00&ServiceCd=780&Type=search", "url2": null }, "geometry": { "type": "Point", "coordinates": [ 130.576592799999958, 32.5074666 ] } },
{ "type": "Feature", "properties": { "内容": "八代草デイサービスセンター【地域密着型通所介護】熊本県八代市海士江町2833番地1", "url": "https://www.kaigokensaku.mhlw.go.jp/43/index.php?action_kouhyou_detail_004_kani=true&JigyosyoCd=4370202519-00&ServiceCd=780&Type=search", "url2": "http://yatsushirosou.or.jp" }, "geometry": { "type": "Point", "coordinates": [ 130.621795320346109, 32.523729953579171 ] } },
{ "type": "Feature", "properties": { "内容": "デイサービス　ひなたぼっこ【地域密着型通所介護】熊本県八代市古閑中町２３２０番地", "url": "https://www.kaigokensaku.mhlw.go.jp/43/index.php?action_kouhyou_detail_004_kani=true&JigyosyoCd=4370202543-00&ServiceCd=780&Type=search", "url2": null }, "geometry": { "type": "Point", "coordinates": [ 130.606281599999988, 32.528391399999975 ] } },
{ "type": "Feature", "properties": { "内容": "リハデイにじ【地域密着型通所介護】熊本県八代市上片町1302", "url": "https://www.kaigokensaku.mhlw.go.jp/43/index.php?action_kouhyou_detail_004_kani=true&JigyosyoCd=4370202725-00&ServiceCd=780&Type=search", "url2": null }, "geometry": { "type": "Point", "coordinates": [ 130.642627, 32.5058446 ] } },
{ "type": "Feature", "properties": { "内容": "リハビリデイサービスmana【地域密着型通所介護】熊本県八代市松江町283-1", "url": "https://www.kaigokensaku.mhlw.go.jp/43/index.php?action_kouhyou_detail_004_kani=true&JigyosyoCd=4390200360-00&ServiceCd=780&Type=search", "url2": "https://ainaremana.wixsite.com/aina-remana" }, "geometry": { "type": "Point", "coordinates": [ 130.602329300000065, 32.5129145 ] } },
{ "type": "Feature", "properties": { "内容": "Let'sリハ！inthemall　ゆめタウン八代店【地域密着型通所介護】熊本県八代市建馬町3-1ゆめタウン八代・2階", "url": "https://www.kaigokensaku.mhlw.go.jp/43/index.php?action_kouhyou_detail_004_kani=true&JigyosyoCd=4390200386-00&ServiceCd=780&Type=search", "url2": "https://www.sakurajyuji.or.jp/service/dayservice/" }, "geometry": { "type": "Point", "coordinates": [ 130.585636199999954, 32.5058336 ] } },
{ "type": "Feature", "properties": { "内容": "Let’ｓリハ！八代南店【地域密着型通所介護】熊本県八代市本野町2047-1", "url": "https://www.kaigokensaku.mhlw.go.jp/43/index.php?action_kouhyou_detail_004_kani=true&JigyosyoCd=4390200444-00&ServiceCd=780&Type=search", "url2": "https://www.lets-reha.jp/" }, "geometry": { "type": "Point", "coordinates": [ 130.607807263232587, 32.482899109540391 ] } },
{ "type": "Feature", "properties": { "内容": "デイサービス　竹とんぼ【地域密着型通所介護】熊本県八代市鏡町内田537－1", "url": "https://www.kaigokensaku.mhlw.go.jp/43/index.php?action_kouhyou_detail_004_kani=true&JigyosyoCd=4390200535-00&ServiceCd=780&Type=search", "url2": null }, "geometry": { "type": "Point", "coordinates": [ 130.651724, 32.5610531 ] } },
{ "type": "Feature", "properties": { "内容": "Let`ｓリハ！八代高田【地域密着型通所介護】熊本県八代市高下西町1426", "url": "https://www.kaigokensaku.mhlw.go.jp/43/index.php?action_kouhyou_detail_004_kani=true&JigyosyoCd=4390200550-00&ServiceCd=780&Type=search", "url2": null }, "geometry": { "type": "Point", "coordinates": [ 130.607757600000014, 32.4893234 ] } },
{ "type": "Feature", "properties": { "内容": "デイサービスやすらぎ【地域密着型通所介護】八代市植柳新町1丁目3号6番地", "url": "https://www.kaigokensaku.mhlw.go.jp/43/index.php?action_kouhyou_detail_004_kani=true&JigyosyoCd=4370201503-00&ServiceCd=780&Type=search", "url2": null }, "geometry": { "type": "Point", "coordinates": [ 130.591378, 32.4922683 ] } },
{ "type": "Feature", "properties": { "内容": "地域密着型通所介護事業所ハッピーやちわ【地域密着型通所介護】熊本県八代市古閑中町2260-2", "url": "https://www.kaigokensaku.mhlw.go.jp/43/index.php?action_kouhyou_detail_004_kani=true&JigyosyoCd=4370202626-00&ServiceCd=780&Type=search", "url2": "http://happy⁻yachiwa.ｃｏｍ" }, "geometry": { "type": "Point", "coordinates": [ 130.606626, 32.5274248 ] } },
{ "type": "Feature", "properties": { "内容": "デイサービスセンターはるひ【地域密着型通所介護】熊本県八代市上日置町１９０４－１", "url": "https://www.kaigokensaku.mhlw.go.jp/43/index.php?action_kouhyou_detail_004_kani=true&JigyosyoCd=4390200345-00&ServiceCd=780&Type=search", "url2": null }, "geometry": { "type": "Point", "coordinates": [ 130.62989170000003, 32.5039055 ] } },
{ "type": "Feature", "properties": { "内容": "デイサービスセンター　こころ【地域密着型通所介護】熊本県八代市千丁町新牟田1142-1", "url": "https://www.kaigokensaku.mhlw.go.jp/43/index.php?action_kouhyou_detail_004_kani=true&JigyosyoCd=4390200394-00&ServiceCd=780&Type=search", "url2": null }, "geometry": { "type": "Point", "coordinates": [ 130.635775800000033, 32.5309842 ] } },
{ "type": "Feature", "properties": { "内容": "デイサービス華（かれん）【地域密着型通所介護】横手本町3-11", "url": "https://www.kaigokensaku.mhlw.go.jp/43/index.php?action_kouhyou_detail_004_kani=true&JigyosyoCd=4390200436-00&ServiceCd=780&Type=search", "url2": null }, "geometry": { "type": "Point", "coordinates": [ 130.612970181614685, 32.510106343088566 ] } },
{ "type": "Feature", "properties": { "内容": "デイサービス　福笑庵【地域密着型通所介護】熊本県八代市福正町918-1デイサービス福笑庵", "url": "https://www.kaigokensaku.mhlw.go.jp/43/index.php?action_kouhyou_detail_004_kani=true&JigyosyoCd=4370202675-00&ServiceCd=780&Type=search", "url2": "http://fukusyouan.com/" }, "geometry": { "type": "Point", "coordinates": [ 130.627898289163227, 32.506033125657886 ] } },
{ "type": "Feature", "properties": { "内容": "デイサービス彩（ひかり）【地域密着型通所介護】八代市高下西町2216番地1", "url": "https://www.kaigokensaku.mhlw.go.jp/43/index.php?action_kouhyou_detail_004_kani=true&JigyosyoCd=4370202410-00&ServiceCd=780&Type=search", "url2": null }, "geometry": { "type": "Point", "coordinates": [ 130.606253791401713, 32.484432441257162 ] } },
{ "type": "Feature", "properties": { "内容": "デイサービス　キラリ八代【地域密着型通所介護】熊本県八代市古城町2564-2", "url": "https://www.kaigokensaku.mhlw.go.jp/43/index.php?action_kouhyou_detail_004_kani=true&JigyosyoCd=4370202485-00&ServiceCd=780&Type=search", "url2": null }, "geometry": { "type": "Point", "coordinates": [ 130.590364, 32.49436810000001 ] } },
{ "type": "Feature", "properties": { "内容": "デイサービス夢【地域密着型通所介護】熊本県八代市大村町805-1", "url": "https://www.kaigokensaku.mhlw.go.jp/43/index.php?action_kouhyou_detail_004_kani=true&JigyosyoCd=4390200469-00&ServiceCd=780&Type=search", "url2": null }, "geometry": { "type": "Point", "coordinates": [ 130.6164177, 32.5165694 ] } },
{ "type": "Feature", "properties": { "内容": "遊-ASOBI-【地域密着型通所介護】熊本県八代市千丁町古閑出2452-5", "url": "https://www.kaigokensaku.mhlw.go.jp/43/index.php?action_kouhyou_detail_004_kani=true&JigyosyoCd=4390200543-00&ServiceCd=780&Type=search", "url2": null }, "geometry": { "type": "Point", "coordinates": [ 130.6278231, 32.5385585 ] } },
{ "type": "Feature", "properties": { "内容": "みなみ園デイセンター【地域密着型通所介護】熊本県八代市日奈久下西町554-6", "url": "https://www.kaigokensaku.mhlw.go.jp/43/index.php?action_kouhyou_detail_004_kani=true&JigyosyoCd=4390200576-00&ServiceCd=780&Type=search", "url2": "http://k-keiaikai.net" }, "geometry": { "type": "Point", "coordinates": [ 130.5702488, 32.4310091 ] } },
{ "type": "Feature", "properties": { "内容": "デイサービスセンター　ここね【地域密着型通所介護】熊本県八代市二見本町718-2", "url": "https://www.kaigokensaku.mhlw.go.jp/43/index.php?action_kouhyou_detail_004_kani=true&JigyosyoCd=4370202469-00&ServiceCd=780&Type=search", "url2": "cocone-yuukyou@estate.ocn.ne.jp" }, "geometry": { "type": "Point", "coordinates": [ 130.556181486508194, 32.402432658412344 ] } },
{ "type": "Feature", "properties": { "内容": "リハビリ型デイサービス　アスカ【地域密着型通所介護】八代市大村町４０１－１", "url": "https://www.kaigokensaku.mhlw.go.jp/43/index.php?action_kouhyou_detail_004_kani=true&JigyosyoCd=4370202097-00&ServiceCd=780&Type=search", "url2": null }, "geometry": { "type": "Point", "coordinates": [ 130.620688687385751, 32.517673437554755 ] } },
{ "type": "Feature", "properties": { "内容": "デイサービス　はっぴーらいふ【地域密着型通所介護】熊本県人吉市下原田町字荒毛１５１６‐１", "url": "https://www.kaigokensaku.mhlw.go.jp/43/index.php?action_kouhyou_detail_004_kani=true&JigyosyoCd=4370300958-00&ServiceCd=780&Type=search", "url2": null }, "geometry": { "type": "Point", "coordinates": [ 130.725143099999968, 32.2290378 ] } },
{ "type": "Feature", "properties": { "内容": "デイサービスはっぴーらいふ西間【地域密着型通所介護】熊本県人吉市西間下町字高見726番3", "url": "https://www.kaigokensaku.mhlw.go.jp/43/index.php?action_kouhyou_detail_004_kani=true&JigyosyoCd=4370301147-00&ServiceCd=780&Type=search", "url2": null }, "geometry": { "type": "Point", "coordinates": [ 130.757209624014109, 32.201115734228466 ] } },
{ "type": "Feature", "properties": { "内容": "デイサービスセンター　アゼリア【地域密着型通所介護】熊本県人吉市蟹作町3690番地", "url": "https://www.kaigokensaku.mhlw.go.jp/43/index.php?action_kouhyou_detail_004_kani=true&JigyosyoCd=4370301006-00&ServiceCd=780&Type=search", "url2": "http://www.kaiseikai-azelea.com" }, "geometry": { "type": "Point", "coordinates": [ 130.774900363723788, 32.195598659264235 ] } },
{ "type": "Feature", "properties": { "内容": "デイサービス　ねがい【地域密着型通所介護】熊本県人吉市下田代町字仮山1144番地", "url": "https://www.kaigokensaku.mhlw.go.jp/43/index.php?action_kouhyou_detail_004_kani=true&JigyosyoCd=4370301196-00&ServiceCd=780&Type=search", "url2": null }, "geometry": { "type": "Point", "coordinates": [ 130.80718950000005, 32.1734263 ] } },
{ "type": "Feature", "properties": { "内容": "デイサービス　陽だまり【地域密着型通所介護】熊本県荒尾市宮内９７８番地４", "url": "https://www.kaigokensaku.mhlw.go.jp/43/index.php?action_kouhyou_detail_004_kani=true&JigyosyoCd=4370400709-00&ServiceCd=780&Type=search", "url2": null }, "geometry": { "type": "Point", "coordinates": [ 130.444685400000026, 32.9885049 ] } },
{ "type": "Feature", "properties": { "内容": "いにしえ地域密着型通所介護事業所【地域密着型通所介護】熊本県荒尾市菰屋2031番地10－2", "url": "https://www.kaigokensaku.mhlw.go.jp/43/index.php?action_kouhyou_detail_004_kani=true&JigyosyoCd=4370401103-00&ServiceCd=780&Type=search", "url2": "contact@enai.co.jp" }, "geometry": { "type": "Point", "coordinates": [ 130.465296485319527, 32.967560181739834 ] } },
{ "type": "Feature", "properties": { "内容": "紙ふうせん　ラ・ラ・ラ【地域密着型通所介護】熊本県荒尾市大島町３丁目１５番７", "url": "https://www.kaigokensaku.mhlw.go.jp/43/index.php?action_kouhyou_detail_004_kani=true&JigyosyoCd=4370401376-00&ServiceCd=780&Type=search", "url2": "http://hp.kaipoke.biz/m9k/" }, "geometry": { "type": "Point", "coordinates": [ 130.429609944358049, 33.000751555414745 ] } },
{ "type": "Feature", "properties": { "内容": "さくらガーデン【地域密着型通所介護】熊本県荒尾市西原町三丁目６番１７号", "url": "https://www.kaigokensaku.mhlw.go.jp/43/index.php?action_kouhyou_detail_004_kani=true&JigyosyoCd=4370401400-00&ServiceCd=780&Type=search", "url2": null }, "geometry": { "type": "Point", "coordinates": [ 130.431420513491787, 33.002844884867542 ] } },
{ "type": "Feature", "properties": { "内容": "デイサービスセンター　長寿村【地域密着型通所介護】熊本県水俣市陣内２－４－１１", "url": "https://www.kaigokensaku.mhlw.go.jp/43/index.php?action_kouhyou_detail_004_kani=true&JigyosyoCd=4370500607-00&ServiceCd=780&Type=search", "url2": null }, "geometry": { "type": "Point", "coordinates": [ 130.4125666, 32.2073945 ] } },
{ "type": "Feature", "properties": { "内容": "デイサービス水灯【地域密着型通所介護】熊本県水俣市旭町１－２－１２百楽苑内（１階）", "url": "https://www.kaigokensaku.mhlw.go.jp/43/index.php?action_kouhyou_detail_004_kani=true&JigyosyoCd=4370500912-00&ServiceCd=780&Type=search", "url2": "http://zennsaikai-hyakurakuen.jimdo.com" }, "geometry": { "type": "Point", "coordinates": [ 130.4013152, 32.208483 ] } },
{ "type": "Feature", "properties": { "内容": "みやの森えがお【地域密着型通所介護】熊本県玉名市玉名２６４番地２", "url": "https://www.kaigokensaku.mhlw.go.jp/43/index.php?action_kouhyou_detail_004_kani=true&JigyosyoCd=4370601199-00&ServiceCd=780&Type=search", "url2": null }, "geometry": { "type": "Point", "coordinates": [ 130.579424128172263, 32.95020190487444 ] } },
{ "type": "Feature", "properties": { "内容": "デイサービスセンターりはれく・弥生【地域密着型通所介護】熊本県玉名市岱明町野口1146－12", "url": "https://www.kaigokensaku.mhlw.go.jp/43/index.php?action_kouhyou_detail_004_kani=true&JigyosyoCd=4370600944-00&ServiceCd=780&Type=search", "url2": "npo-cyoujyukai.com" }, "geometry": { "type": "Point", "coordinates": [ 130.539481300000034, 32.9231339 ] } },
{ "type": "Feature", "properties": { "内容": "デイサービスセンターみゆき苑【地域密着型通所介護】熊本県玉名市岩崎１０４２番地有料老人ホームみゆき苑1階", "url": "https://www.kaigokensaku.mhlw.go.jp/43/index.php?action_kouhyou_detail_004_kani=true&JigyosyoCd=4370600951-00&ServiceCd=780&Type=search", "url2": "http://www.miyuki-en.com" }, "geometry": { "type": "Point", "coordinates": [ 130.557770500000061, 32.9308816 ] } },
{ "type": "Feature", "properties": { "内容": "デイサービスセンターりはれく・ワンデイ【地域密着型通所介護】熊本県玉名市岱明町山下字島畑141番地", "url": "https://www.kaigokensaku.mhlw.go.jp/43/index.php?action_kouhyou_detail_004_kani=true&JigyosyoCd=4390600213-00&ServiceCd=780&Type=search", "url2": "https://npo-chouju.com" }, "geometry": { "type": "Point", "coordinates": [ 130.5216165, 32.9143346 ] } },
{ "type": "Feature", "properties": { "内容": "デイサービスセンターかぎろい【地域密着型通所介護】熊本県玉名市岩崎４１５－１", "url": "https://www.kaigokensaku.mhlw.go.jp/43/index.php?action_kouhyou_detail_004_kani=true&JigyosyoCd=4390600189-00&ServiceCd=780&Type=search", "url2": null }, "geometry": { "type": "Point", "coordinates": [ 130.558931199999961, 32.9366895 ] } },
{ "type": "Feature", "properties": { "内容": "Let'sリハ！玉名築地店【地域密着型通所介護】熊本県玉名市築地283-2", "url": "https://www.kaigokensaku.mhlw.go.jp/43/index.php?action_kouhyou_detail_004_kani=true&JigyosyoCd=4390600205-00&ServiceCd=780&Type=search", "url2": "https://www.lets-reha.jp/" }, "geometry": { "type": "Point", "coordinates": [ 130.528704225131236, 32.931795982825911 ] } },
{ "type": "Feature", "properties": { "内容": "アップルハウス【地域密着型通所介護】熊本県玉名市山田1591番地1", "url": "https://www.kaigokensaku.mhlw.go.jp/43/index.php?action_kouhyou_detail_004_kani=true&JigyosyoCd=4370600902-00&ServiceCd=780&Type=search", "url2": null }, "geometry": { "type": "Point", "coordinates": [ 130.544216886514647, 32.94206442181143 ] } },
{ "type": "Feature", "properties": { "内容": "有限会社　サカイケアセンター　もみじ荘【地域密着型通所介護】熊本県山鹿市菊鹿町木野3873-1", "url": "https://www.kaigokensaku.mhlw.go.jp/43/index.php?action_kouhyou_detail_004_kani=true&JigyosyoCd=4370800783-00&ServiceCd=780&Type=search", "url2": null }, "geometry": { "type": "Point", "coordinates": [ 130.778507200000035, 33.0223172 ] } },
{ "type": "Feature", "properties": { "内容": "元気が出るデイサービス　温泉プラザ【地域密着型通所介護】熊本県山鹿市山鹿１番地", "url": "https://www.kaigokensaku.mhlw.go.jp/43/index.php?action_kouhyou_detail_004_kani=true&JigyosyoCd=4370800932-00&ServiceCd=780&Type=search", "url2": null }, "geometry": { "type": "Point", "coordinates": [ 130.6906702, 33.0143753 ] } },
{ "type": "Feature", "properties": { "内容": "社会福祉法人ｸﾞﾘｰﾝｺｰﾌﾟデイサービスセンター　ゆるりの家山鹿【地域密着型通所介護】山鹿市久原３８２５－２", "url": "https://www.kaigokensaku.mhlw.go.jp/43/index.php?action_kouhyou_detail_004_kani=true&JigyosyoCd=4370801005-00&ServiceCd=780&Type=search", "url2": "j0yamaga@greencoop.or.jp" }, "geometry": { "type": "Point", "coordinates": [ 130.711956800000053, 33.0231946 ] } },
{ "type": "Feature", "properties": { "内容": "合同会社山鹿ヘルスケアセンター【地域密着型通所介護】山鹿１００－１０住宅型有料老人ホームこもれびの郷", "url": "https://www.kaigokensaku.mhlw.go.jp/43/index.php?action_kouhyou_detail_004_kani=true&JigyosyoCd=4370801120-00&ServiceCd=780&Type=search", "url2": null }, "geometry": { "type": "Point", "coordinates": [ 130.68992030000004, 33.0108033 ] } },
{ "type": "Feature", "properties": { "内容": "あやすぎデイサービスセンター【地域密着型通所介護】熊本県山鹿市鹿北町岩野５４９７番地２", "url": "https://www.kaigokensaku.mhlw.go.jp/43/index.php?action_kouhyou_detail_004_kani=true&JigyosyoCd=4372500563-00&ServiceCd=780&Type=search", "url2": "http://www.ayasugisou.com" }, "geometry": { "type": "Point", "coordinates": [ 130.68947270000001, 33.1082473 ] } },
{ "type": "Feature", "properties": { "内容": "通所介護　よかとこデイ【地域密着型通所介護】熊本県山鹿市山鹿３９", "url": "https://www.kaigokensaku.mhlw.go.jp/43/index.php?action_kouhyou_detail_004_kani=true&JigyosyoCd=4370800767-00&ServiceCd=780&Type=search", "url2": "http://www.ipponmatu.com/" }, "geometry": { "type": "Point", "coordinates": [ 130.6900564, 33.0136892 ] } },
{ "type": "Feature", "properties": { "内容": "デイサービスまんまる【地域密着型通所介護】熊本県山鹿市菊鹿町池永１０４番地１", "url": "https://www.kaigokensaku.mhlw.go.jp/43/index.php?action_kouhyou_detail_004_kani=true&JigyosyoCd=4390810101-00&ServiceCd=780&Type=search", "url2": null }, "geometry": { "type": "Point", "coordinates": [ 130.7797669, 33.0258454 ] } },
{ "type": "Feature", "properties": { "内容": "菊池市社協　ななしろ【地域密着型通所介護】熊本県菊池市七城町流川394番地1菊池市七城老人福祉センター", "url": "https://www.kaigokensaku.mhlw.go.jp/43/index.php?action_kouhyou_detail_004_kani=true&JigyosyoCd=4371000490-00&ServiceCd=780&Type=search", "url2": "http://www.kikuchi-shakyo.or.jp/" }, "geometry": { "type": "Point", "coordinates": [ 130.767334300000016, 32.9833961 ] } },
{ "type": "Feature", "properties": { "内容": "デイサービスリーベ【地域密着型通所介護】熊本県菊池市深川４００番地", "url": "https://www.kaigokensaku.mhlw.go.jp/43/index.php?action_kouhyou_detail_004_kani=true&JigyosyoCd=4371000540-00&ServiceCd=780&Type=search", "url2": null }, "geometry": { "type": "Point", "coordinates": [ 130.8016761, 32.9695917 ] } },
{ "type": "Feature", "properties": { "内容": "リラックスデイサービス【地域密着型通所介護】熊本県菊池市大琳寺２９２－１３リラックスデイサービス", "url": "https://www.kaigokensaku.mhlw.go.jp/43/index.php?action_kouhyou_detail_004_kani=true&JigyosyoCd=4371000664-00&ServiceCd=780&Type=search", "url2": "http://hp.kaipoke.biz/6gv/61942/detail_0004.html" }, "geometry": { "type": "Point", "coordinates": [ 130.8096445, 32.9771275 ] } },
{ "type": "Feature", "properties": { "内容": "さくらの杜みさと【地域密着型通所介護】熊本県菊池市隈府１１９５－５", "url": "https://www.kaigokensaku.mhlw.go.jp/43/index.php?action_kouhyou_detail_004_kani=true&JigyosyoCd=4371000672-00&ServiceCd=780&Type=search", "url2": null }, "geometry": { "type": "Point", "coordinates": [ 130.8192957, 32.988355 ] } },
{ "type": "Feature", "properties": { "内容": "デイサービスなのはな【地域密着型通所介護】熊本県菊池市西迫間３００番地", "url": "https://www.kaigokensaku.mhlw.go.jp/43/index.php?action_kouhyou_detail_004_kani=true&JigyosyoCd=4371000805-00&ServiceCd=780&Type=search", "url2": "aozora-nanohana.com" }, "geometry": { "type": "Point", "coordinates": [ 130.8131737, 32.9965513 ] } },
{ "type": "Feature", "properties": { "内容": "デイサービス花見丁【地域密着型通所介護】隈府２３８番地", "url": "https://www.kaigokensaku.mhlw.go.jp/43/index.php?action_kouhyou_detail_004_kani=true&JigyosyoCd=4371000870-00&ServiceCd=780&Type=search", "url2": "http://hanamicyou.jp/" }, "geometry": { "type": "Point", "coordinates": [ 130.812027299999954, 32.9835938 ] } },
{ "type": "Feature", "properties": { "内容": "辰頭温泉リベロの家【地域密着型通所介護】熊本県菊池市泗水町田島６１４－３１", "url": "https://www.kaigokensaku.mhlw.go.jp/43/index.php?action_kouhyou_detail_004_kani=true&JigyosyoCd=4372601015-00&ServiceCd=780&Type=search", "url2": "http://shunseikai.com" }, "geometry": { "type": "Point", "coordinates": [ 130.73995160000004, 32.932731700000033 ] } },
{ "type": "Feature", "properties": { "内容": "デイサービスセンター　みちのうえ【地域密着型通所介護】熊本県菊池市亘字道ノ上３５９番地２プラットタウン　サンティエ", "url": "https://www.kaigokensaku.mhlw.go.jp/43/index.php?action_kouhyou_detail_004_kani=true&JigyosyoCd=4391000132-00&ServiceCd=780&Type=search", "url2": "info@kikuaikai.org" }, "geometry": { "type": "Point", "coordinates": [ 130.819443299999989, 32.982094300000014 ] } },
{ "type": "Feature", "properties": { "内容": "デイサービス　ノアの湯【地域密着型通所介護】熊本県菊池市七城町亀尾1492-1", "url": "https://www.kaigokensaku.mhlw.go.jp/43/index.php?action_kouhyou_detail_004_kani=true&JigyosyoCd=4391000173-00&ServiceCd=780&Type=search", "url2": null }, "geometry": { "type": "Point", "coordinates": [ 130.762299016545143, 32.950440292929443 ] } },
{ "type": "Feature", "properties": { "内容": "デイサービス　優里【地域密着型通所介護】熊本県菊池市七城町砂田249番地", "url": "https://www.kaigokensaku.mhlw.go.jp/43/index.php?action_kouhyou_detail_004_kani=true&JigyosyoCd=4391000181-00&ServiceCd=780&Type=search", "url2": null }, "geometry": { "type": "Point", "coordinates": [ 130.7768787, 32.9748337 ] } },
{ "type": "Feature", "properties": { "内容": "デイサービス　きくりん【地域密着型通所介護】菊池市隈府1144-2デイサービス　きくりん", "url": "https://www.kaigokensaku.mhlw.go.jp/43/index.php?action_kouhyou_detail_004_kani=true&JigyosyoCd=4371000730-00&ServiceCd=780&Type=search", "url2": "http://www.kikuchi-grandhotel.jp/kikurin" }, "geometry": { "type": "Point", "coordinates": [ 130.81248, 32.9835133 ] } },
{ "type": "Feature", "properties": { "内容": "かめお【地域密着型通所介護】熊本県菊池市七城町亀尾1897番地かめお", "url": "https://www.kaigokensaku.mhlw.go.jp/43/index.php?action_kouhyou_detail_004_kani=true&JigyosyoCd=4391000157-00&ServiceCd=780&Type=search", "url2": null }, "geometry": { "type": "Point", "coordinates": [ 130.757951511500579, 32.956690823779589 ] } },
{ "type": "Feature", "properties": { "内容": "デイサービスもも【地域密着型通所介護】菊池市出田604-1デイサービスもも", "url": "https://www.kaigokensaku.mhlw.go.jp/43/index.php?action_kouhyou_detail_004_kani=true&JigyosyoCd=4371001027-00&ServiceCd=780&Type=search", "url2": null }, "geometry": { "type": "Point", "coordinates": [ 130.807881774135581, 32.954360992725512 ] } },
{ "type": "Feature", "properties": { "内容": "リハビリ特化型デイサービス　ポップ・リハ【地域密着型通所介護】熊本県菊池市大字片角290番地菊池ショッピングシティー　キャニオン", "url": "https://www.kaigokensaku.mhlw.go.jp/43/index.php?action_kouhyou_detail_004_kani=true&JigyosyoCd=4391000199-00&ServiceCd=780&Type=search", "url2": null }, "geometry": { "type": "Point", "coordinates": [ 130.81384030000001, 32.9764975 ] } },
{ "type": "Feature", "properties": { "内容": "デイサービス　ノアのしずく【地域密着型通所介護】熊本県菊池市泗水町吉富210-60", "url": "https://www.kaigokensaku.mhlw.go.jp/43/index.php?action_kouhyou_detail_004_kani=true&JigyosyoCd=4391000215-00&ServiceCd=780&Type=search", "url2": null }, "geometry": { "type": "Point", "coordinates": [ 130.792462399999977, 32.933859400000024 ] } },
{ "type": "Feature", "properties": { "内容": "あさひが丘荘通所介護事業所【地域密着型通所介護】熊本県菊池市旭志伊坂449番地1", "url": "https://www.kaigokensaku.mhlw.go.jp/43/index.php?action_kouhyou_detail_004_kani=true&JigyosyoCd=4391000223-00&ServiceCd=780&Type=search", "url2": "http://www.asahigaokasou.or.jp" }, "geometry": { "type": "Point", "coordinates": [ 130.8323648, 32.9347845 ] } },
{ "type": "Feature", "properties": { "内容": "リベロの家　別邸【地域密着型通所介護】熊本県菊池市西寺９９８番地", "url": "https://www.kaigokensaku.mhlw.go.jp/43/index.php?action_kouhyou_detail_004_kani=true&JigyosyoCd=4391000249-00&ServiceCd=780&Type=search", "url2": "www.shunseikai.com" }, "geometry": { "type": "Point", "coordinates": [ 130.780164500000012, 32.9685533 ] } },
{ "type": "Feature", "properties": { "内容": "ＪＡ菊池福祉センターめぐみの里デイサービスセンターゆるっと【地域密着型通所介護】熊本県菊池市旭志川辺1875番地", "url": "https://www.kaigokensaku.mhlw.go.jp/43/index.php?action_kouhyou_detail_004_kani=true&JigyosyoCd=4391000165-00&ServiceCd=780&Type=search", "url2": null }, "geometry": { "type": "Point", "coordinates": [ 130.830438, 32.9295916 ] } },
{ "type": "Feature", "properties": { "内容": "ショッピングリハビリ　夢空間【地域密着型通所介護】熊本県菊池市大琳寺292‐12", "url": "https://www.kaigokensaku.mhlw.go.jp/43/index.php?action_kouhyou_detail_004_kani=true&JigyosyoCd=4391000256-00&ServiceCd=780&Type=search", "url2": "https://sasaeru.crayonsite.com/?utm_source=omotenasu" }, "geometry": { "type": "Point", "coordinates": [ 130.809506, 32.977169 ] } },
{ "type": "Feature", "properties": { "内容": "地域活性特化型デイサービスＷｉｓｈ【地域密着型通所介護】熊本県宇土市古城町362-8", "url": "https://www.kaigokensaku.mhlw.go.jp/43/index.php?action_kouhyou_detail_004_kani=true&JigyosyoCd=4371100928-00&ServiceCd=780&Type=search", "url2": "http://www.tsunagu-wish.co.jp" }, "geometry": { "type": "Point", "coordinates": [ 130.651666299999988, 32.6817297 ] } },
{ "type": "Feature", "properties": { "内容": "デイサービスうと本町【地域密着型通所介護】宇土市新小路町２番地", "url": "https://www.kaigokensaku.mhlw.go.jp/43/index.php?action_kouhyou_detail_004_kani=true&JigyosyoCd=4371100696-00&ServiceCd=780&Type=search", "url2": "http://www.kanamori.or.jp" }, "geometry": { "type": "Point", "coordinates": [ 130.6636433, 32.6864488 ] } },
{ "type": "Feature", "properties": { "内容": "まちなかリハビリ【地域密着型通所介護】熊本県宇土市北段原町69-3", "url": "https://www.kaigokensaku.mhlw.go.jp/43/index.php?action_kouhyou_detail_004_kani=true&JigyosyoCd=4371100720-00&ServiceCd=780&Type=search", "url2": "http://www.kanamori.or.jp/" }, "geometry": { "type": "Point", "coordinates": [ 130.6569131, 32.6881124 ] } },
{ "type": "Feature", "properties": { "内容": "城之浦デイサービス　宇土駅前通り【地域密着型通所介護】熊本県宇土市城之浦町115", "url": "https://www.kaigokensaku.mhlw.go.jp/43/index.php?action_kouhyou_detail_004_kani=true&JigyosyoCd=4371100894-00&ServiceCd=780&Type=search", "url2": "https://www.taiyonowa.co.jp" }, "geometry": { "type": "Point", "coordinates": [ 130.667342708212345, 32.690892657746595 ] } },
{ "type": "Feature", "properties": { "内容": "照古苑ひまわりホームデイサービス【地域密着型通所介護】熊本県宇土市松山町野田1988", "url": "https://www.kaigokensaku.mhlw.go.jp/43/index.php?action_kouhyou_detail_004_kani=true&JigyosyoCd=4391100122-00&ServiceCd=780&Type=search", "url2": "http://hakujitsukai.jp" }, "geometry": { "type": "Point", "coordinates": [ 130.6703047, 32.6691032 ] } },
{ "type": "Feature", "properties": { "内容": "デイサービスセンター　ユーライフ船場【地域密着型通所介護】熊本県宇土市船場町66-1", "url": "https://www.kaigokensaku.mhlw.go.jp/43/index.php?action_kouhyou_detail_004_kani=true&JigyosyoCd=4391100106-00&ServiceCd=780&Type=search", "url2": "http://u-splan.co.jp/index.html" }, "geometry": { "type": "Point", "coordinates": [ 130.6610349, 32.686721 ] } },
{ "type": "Feature", "properties": { "内容": "喜楽苑　扶桑デイサービスセンター【地域密着型通所介護】馬之瀬町727-4", "url": "https://www.kaigokensaku.mhlw.go.jp/43/index.php?action_kouhyou_detail_004_kani=true&JigyosyoCd=4371100837-00&ServiceCd=780&Type=search", "url2": "m-kirakuen.com" }, "geometry": { "type": "Point", "coordinates": [ 130.646480838623006, 32.691618609080315 ] } },
{ "type": "Feature", "properties": { "内容": "デイサービス　風花【地域密着型通所介護】熊本県上天草市姫戸町姫浦６５２－１", "url": "https://www.kaigokensaku.mhlw.go.jp/43/index.php?action_kouhyou_detail_004_kani=true&JigyosyoCd=4371200116-00&ServiceCd=780&Type=search", "url2": null }, "geometry": { "type": "Point", "coordinates": [ 130.40553239999997, 32.4336538 ] } },
{ "type": "Feature", "properties": { "内容": "デイサービスセンター　じいちゃん家【地域密着型通所介護】熊本県上天草市大矢野町登立１２９８６番地３", "url": "https://www.kaigokensaku.mhlw.go.jp/43/index.php?action_kouhyou_detail_004_kani=true&JigyosyoCd=4371200181-00&ServiceCd=780&Type=search", "url2": null }, "geometry": { "type": "Point", "coordinates": [ 130.439803379901178, 32.594010112837545 ] } },
{ "type": "Feature", "properties": { "内容": "ひかりの園教良木デイホーム【地域密着型通所介護】熊本県上天草市松島町教良木字丸山2965番3", "url": "https://www.kaigokensaku.mhlw.go.jp/43/index.php?action_kouhyou_detail_004_kani=true&JigyosyoCd=4391200120-00&ServiceCd=780&Type=search", "url2": "ｈｉｋａｒｉ＠ｄ7.ｄｉｏｎ.ｎｅ.ｊｐ" }, "geometry": { "type": "Point", "coordinates": [ 130.370242299999973, 32.4650977 ] } },
{ "type": "Feature", "properties": { "内容": "維和デイサービスセンター【地域密着型通所介護】熊本県上天草市大矢野町維和1799番地１", "url": "https://www.kaigokensaku.mhlw.go.jp/43/index.php?action_kouhyou_detail_004_kani=true&JigyosyoCd=4391200229-00&ServiceCd=780&Type=search", "url2": null }, "geometry": { "type": "Point", "coordinates": [ 130.465178900000041, 32.5743454 ] } },
{ "type": "Feature", "properties": { "内容": "大矢野デイサービスセンター【地域密着型通所介護】熊本県上天草市大矢野町中1314-1", "url": "https://www.kaigokensaku.mhlw.go.jp/43/index.php?action_kouhyou_detail_004_kani=true&JigyosyoCd=4391200237-00&ServiceCd=780&Type=search", "url2": null }, "geometry": { "type": "Point", "coordinates": [ 130.425788440475458, 32.579497949028969 ] } },
{ "type": "Feature", "properties": { "内容": "通所介護ふれあい倶楽部【地域密着型通所介護】宇城市松橋町久具３２３番地の１", "url": "https://www.kaigokensaku.mhlw.go.jp/43/index.php?action_kouhyou_detail_004_kani=true&JigyosyoCd=4312311501-00&ServiceCd=780&Type=search", "url2": "https://www.jinsuikai-hp.jp/matubase_nursingcare.php" }, "geometry": { "type": "Point", "coordinates": [ 130.686390200000034, 32.6494302 ] } },
{ "type": "Feature", "properties": { "内容": "デイサービス豊福【地域密着型通所介護】松橋町豊福1198-2", "url": "https://www.kaigokensaku.mhlw.go.jp/43/index.php?action_kouhyou_detail_004_kani=true&JigyosyoCd=4371300825-00&ServiceCd=780&Type=search", "url2": "ｈｔｔｐｓ：//ｗｗｗ.youko-uki.com" }, "geometry": { "type": "Point", "coordinates": [ 130.7063617, 32.6345377 ] } },
{ "type": "Feature", "properties": { "内容": "デイサービスセンター杜乃郷【地域密着型通所介護】熊本県宇城市松橋町久具2054", "url": "https://www.kaigokensaku.mhlw.go.jp/43/index.php?action_kouhyou_detail_004_kani=true&JigyosyoCd=4372301228-00&ServiceCd=780&Type=search", "url2": null }, "geometry": { "type": "Point", "coordinates": [ 130.696899238558586, 32.643086743654287 ] } },
{ "type": "Feature", "properties": { "内容": "デイサービスセンター　もちのき苑【地域密着型通所介護】宇城市不知火町御領171番地３", "url": "https://www.kaigokensaku.mhlw.go.jp/43/index.php?action_kouhyou_detail_004_kani=true&JigyosyoCd=4371300445-00&ServiceCd=780&Type=search", "url2": "http://mochinokien.web.fc2.com/" }, "geometry": { "type": "Point", "coordinates": [ 130.673332399999907, 32.6594848 ] } },
{ "type": "Feature", "properties": { "内容": "デイサービスセンター　こころ【地域密着型通所介護】熊本県宇城市松橋町南豊崎855", "url": "https://www.kaigokensaku.mhlw.go.jp/43/index.php?action_kouhyou_detail_004_kani=true&JigyosyoCd=4391300193-00&ServiceCd=780&Type=search", "url2": null }, "geometry": { "type": "Point", "coordinates": [ 130.677855499999964, 32.6293345 ] } },
{ "type": "Feature", "properties": { "内容": "デイサービスきおう【地域密着型通所介護】熊本県宇城市松橋町1445-1", "url": "https://www.kaigokensaku.mhlw.go.jp/43/index.php?action_kouhyou_detail_004_kani=true&JigyosyoCd=4371300502-00&ServiceCd=780&Type=search", "url2": "https://www.kiouinc.com/" }, "geometry": { "type": "Point", "coordinates": [ 130.679403466744787, 32.65518142899348 ] } },
{ "type": "Feature", "properties": { "内容": "デイサービスセンター晴々【地域密着型通所介護】熊本県宇城市小川町新田出1325", "url": "https://www.kaigokensaku.mhlw.go.jp/43/index.php?action_kouhyou_detail_004_kani=true&JigyosyoCd=4391300243-00&ServiceCd=780&Type=search", "url2": "https://himawari-kumamon.com/" }, "geometry": { "type": "Point", "coordinates": [ 130.6815316, 32.617593 ] } },
{ "type": "Feature", "properties": { "内容": "デイサービスセンター宝泉郷【地域密着型通所介護】熊本県阿蘇市内牧１１１０番地１", "url": "https://www.kaigokensaku.mhlw.go.jp/43/index.php?action_kouhyou_detail_004_kani=true&JigyosyoCd=4371400344-00&ServiceCd=780&Type=search", "url2": "http://www.asospahp.jp" }, "geometry": { "type": "Point", "coordinates": [ 131.04433444941435, 32.971587064251658 ] } },
{ "type": "Feature", "properties": { "内容": "デイサービスセンターあその杜【地域密着型通所介護】熊本県阿蘇市乙姫1776番地", "url": "https://www.kaigokensaku.mhlw.go.jp/43/index.php?action_kouhyou_detail_004_kani=true&JigyosyoCd=4391400100-00&ServiceCd=780&Type=search", "url2": "http://www.yamanami.or.jp" }, "geometry": { "type": "Point", "coordinates": [ 131.043999, 32.93635 ] } },
{ "type": "Feature", "properties": { "内容": "デイサービスこころ【地域密着型通所介護】熊本県阿蘇市小里271番地8", "url": "https://www.kaigokensaku.mhlw.go.jp/43/index.php?action_kouhyou_detail_004_kani=true&JigyosyoCd=4391400118-00&ServiceCd=780&Type=search", "url2": "https://www.aso-heart-clinic.com/" }, "geometry": { "type": "Point", "coordinates": [ 131.0397731, 32.9788853 ] } },
{ "type": "Feature", "properties": { "内容": "地域密着型通所介護よかとこ【地域密着型通所介護】熊本県阿蘇市乙姫308番地2", "url": "https://www.kaigokensaku.mhlw.go.jp/43/index.php?action_kouhyou_detail_004_kani=true&JigyosyoCd=4391400126-00&ServiceCd=780&Type=search", "url2": "https://day-yokatoko.com/" }, "geometry": { "type": "Point", "coordinates": [ 131.041718, 32.9471327 ] } },
{ "type": "Feature", "properties": { "内容": "通所介護菜の花【地域密着型通所介護】熊本県天草市本渡町本渡847-8", "url": "https://www.kaigokensaku.mhlw.go.jp/43/index.php?action_kouhyou_detail_004_kani=true&JigyosyoCd=4370700587-00&ServiceCd=780&Type=search", "url2": "http://nanohana-group.net" }, "geometry": { "type": "Point", "coordinates": [ 130.175394500000039, 32.4608206 ] } },
{ "type": "Feature", "properties": { "内容": "デイサービス　百の郷【地域密着型通所介護】熊本県天草市志柿町５３９９番地６６", "url": "https://www.kaigokensaku.mhlw.go.jp/43/index.php?action_kouhyou_detail_004_kani=true&JigyosyoCd=4370700645-00&ServiceCd=780&Type=search", "url2": null }, "geometry": { "type": "Point", "coordinates": [ 130.209996100000012, 32.4373699 ] } },
{ "type": "Feature", "properties": { "内容": "通所介護菜の花II番館【地域密着型通所介護】熊本県天草市本渡町本渡847-8", "url": "https://www.kaigokensaku.mhlw.go.jp/43/index.php?action_kouhyou_detail_004_kani=true&JigyosyoCd=4370700686-00&ServiceCd=780&Type=search", "url2": "nanohana-group.net" }, "geometry": { "type": "Point", "coordinates": [ 130.180588899999947, 32.4562266 ] } },
{ "type": "Feature", "properties": { "内容": "デイサービスセンター和樂【地域密着型通所介護】熊本県天草市牛深町1641-4", "url": "https://www.kaigokensaku.mhlw.go.jp/43/index.php?action_kouhyou_detail_004_kani=true&JigyosyoCd=4370900435-00&ServiceCd=780&Type=search", "url2": null }, "geometry": { "type": "Point", "coordinates": [ 130.0242154, 32.1964026 ] } },
{ "type": "Feature", "properties": { "内容": "デイサービスセンター虹の木【地域密着型通所介護】熊本県天草市久玉町１９８７番地１", "url": "https://www.kaigokensaku.mhlw.go.jp/43/index.php?action_kouhyou_detail_004_kani=true&JigyosyoCd=4370900450-00&ServiceCd=780&Type=search", "url2": "http://kenjukai.kataranna.com/" }, "geometry": { "type": "Point", "coordinates": [ 130.055028673541273, 32.252004679918763 ] } },
{ "type": "Feature", "properties": { "内容": "デイサービスセンター新谷【地域密着型通所介護】熊本県天草市五和町鬼池162番地", "url": "https://www.kaigokensaku.mhlw.go.jp/43/index.php?action_kouhyou_detail_004_kani=true&JigyosyoCd=4371500275-00&ServiceCd=780&Type=search", "url2": "http://www.ichiyokai.or.jp/" }, "geometry": { "type": "Point", "coordinates": [ 130.184740599999941, 32.545516 ] } },
{ "type": "Feature", "properties": { "内容": "デイサービスセンターひのわ【地域密着型通所介護】熊本県天草市新和町中田２２７０", "url": "https://www.kaigokensaku.mhlw.go.jp/43/index.php?action_kouhyou_detail_004_kani=true&JigyosyoCd=4371500432-00&ServiceCd=780&Type=search", "url2": "info@fuminokai.care" }, "geometry": { "type": "Point", "coordinates": [ 130.158924100000036, 32.3361531 ] } },
{ "type": "Feature", "properties": { "内容": "天草市社協デイサービスセンターよこうら【地域密着型通所介護】天草市御所浦町横浦５４ー４平屋", "url": "https://www.kaigokensaku.mhlw.go.jp/43/index.php?action_kouhyou_detail_004_kani=true&JigyosyoCd=4371500564-00&ServiceCd=780&Type=search", "url2": null }, "geometry": { "type": "Point", "coordinates": [ 130.348759500000028, 32.3610218 ] } },
{ "type": "Feature", "properties": { "内容": "合同会社デイサービスセンター陽だまり【地域密着型通所介護】河浦町河浦963番地1", "url": "https://www.kaigokensaku.mhlw.go.jp/43/index.php?action_kouhyou_detail_004_kani=true&JigyosyoCd=4371500663-00&ServiceCd=780&Type=search", "url2": null }, "geometry": { "type": "Point", "coordinates": [ 130.070067583212222, 32.32557025806004 ] } },
{ "type": "Feature", "properties": { "内容": "リハステーションＲＩＣＨＥ【地域密着型通所介護】天草市川原町7-29-3ファミール川原町101", "url": "https://www.kaigokensaku.mhlw.go.jp/43/index.php?action_kouhyou_detail_004_kani=true&JigyosyoCd=4371500689-00&ServiceCd=780&Type=search", "url2": "http://riche20130201.sakura.ne.jp/" }, "geometry": { "type": "Point", "coordinates": [ 130.160798282324208, 32.382594877952982 ] } },
{ "type": "Feature", "properties": { "内容": "苓州おとなの学園【地域密着型通所介護】熊本県天草市佐伊津町463-2", "url": "https://www.kaigokensaku.mhlw.go.jp/43/index.php?action_kouhyou_detail_004_kani=true&JigyosyoCd=4371500804-00&ServiceCd=780&Type=search", "url2": "https://www.ass-group.jp/ass-llc" }, "geometry": { "type": "Point", "coordinates": [ 130.1984613, 32.485817200000035 ] } },
{ "type": "Feature", "properties": { "内容": "デイサービスセンター　はまかぜ【地域密着型通所介護】熊本県天草市倉岳町宮田２７０－１", "url": "https://www.kaigokensaku.mhlw.go.jp/43/index.php?action_kouhyou_detail_004_kani=true&JigyosyoCd=4373201237-00&ServiceCd=780&Type=search", "url2": null }, "geometry": { "type": "Point", "coordinates": [ 130.3028276, 32.3995147 ] } },
{ "type": "Feature", "properties": { "内容": "デイサービスふれあいサロン・中島さんち【地域密着型通所介護】熊本県天草市亀場町亀川263-2", "url": "https://www.kaigokensaku.mhlw.go.jp/43/index.php?action_kouhyou_detail_004_kani=true&JigyosyoCd=4391500354-00&ServiceCd=780&Type=search", "url2": null }, "geometry": { "type": "Point", "coordinates": [ 130.199716200000012, 32.4436666 ] } },
{ "type": "Feature", "properties": { "内容": "老人デイサービスセンター葉山苑　天草事業所【地域密着型通所介護】熊本県天草市本町下河内1354番地", "url": "https://www.kaigokensaku.mhlw.go.jp/43/index.php?action_kouhyou_detail_004_kani=true&JigyosyoCd=4391500420-00&ServiceCd=780&Type=search", "url2": "www.hayamaen.com" }, "geometry": { "type": "Point", "coordinates": [ 130.1568914, 32.4764908 ] } },
{ "type": "Feature", "properties": { "内容": "苓州の里デイサービスセンター【地域密着型通所介護】熊本県天草市佐伊津町４６３－５苓州の里", "url": "https://www.kaigokensaku.mhlw.go.jp/43/index.php?action_kouhyou_detail_004_kani=true&JigyosyoCd=4391500438-00&ServiceCd=780&Type=search", "url2": "https://ass-llc.com/" }, "geometry": { "type": "Point", "coordinates": [ 130.198241824459132, 32.486160554492301 ] } },
{ "type": "Feature", "properties": { "内容": "天草市社協デイサービスセンター新和【地域密着型通所介護】熊本県天草市新和町小宮地763番地13", "url": "https://www.kaigokensaku.mhlw.go.jp/43/index.php?action_kouhyou_detail_004_kani=true&JigyosyoCd=4391500495-00&ServiceCd=780&Type=search", "url2": null }, "geometry": { "type": "Point", "coordinates": [ 130.185154399999988, 32.3683637 ] } },
{ "type": "Feature", "properties": { "内容": "デイサービス彩り【地域密着型通所介護】熊本県天草市亀場町食場689番地", "url": "https://www.kaigokensaku.mhlw.go.jp/43/index.php?action_kouhyou_detail_004_kani=true&JigyosyoCd=4371500440-00&ServiceCd=780&Type=search", "url2": "http://hp.kaipoke.biz/ftn/" }, "geometry": { "type": "Point", "coordinates": [ 130.180614900000023, 32.4363061 ] } },
{ "type": "Feature", "properties": { "内容": "地域密着型デイサービスランチ【地域密着型通所介護】熊本県天草市本町新休181レインボーマンション103", "url": "https://www.kaigokensaku.mhlw.go.jp/43/index.php?action_kouhyou_detail_004_kani=true&JigyosyoCd=4391500412-00&ServiceCd=780&Type=search", "url2": null }, "geometry": { "type": "Point", "coordinates": [ 130.1505827, 32.4697895 ] } },
{ "type": "Feature", "properties": { "内容": "天草市社協デイサービスセンター虹のはるか【地域密着型通所介護】熊本県天草市倉岳町浦１２５４番地４", "url": "https://www.kaigokensaku.mhlw.go.jp/43/index.php?action_kouhyou_detail_004_kani=true&JigyosyoCd=4391500461-00&ServiceCd=780&Type=search", "url2": null }, "geometry": { "type": "Point", "coordinates": [ 130.356678100000011, 32.4300368 ] } },
{ "type": "Feature", "properties": { "内容": "デイサービスセンター　しらさぎ【地域密着型通所介護】熊本県天草市天草町下田北１２５５番地１", "url": "https://www.kaigokensaku.mhlw.go.jp/43/index.php?action_kouhyou_detail_004_kani=true&JigyosyoCd=4371500747-00&ServiceCd=780&Type=search", "url2": null }, "geometry": { "type": "Point", "coordinates": [ 130.009500200000048, 32.4243485 ] } },
{ "type": "Feature", "properties": { "内容": "春光苑デイサービスセンター【地域密着型通所介護】熊本県天草市天草町高浜北633番地", "url": "https://www.kaigokensaku.mhlw.go.jp/43/index.php?action_kouhyou_detail_004_kani=true&JigyosyoCd=4391500404-00&ServiceCd=780&Type=search", "url2": "http://www.airin-syunkouen.com/index.html" }, "geometry": { "type": "Point", "coordinates": [ 129.996483099999978, 32.3845792 ] } },
{ "type": "Feature", "properties": { "内容": "デイサービスセンターあお空【地域密着型通所介護】熊本県天草市河浦町宮野河内１５３０番地", "url": "https://www.kaigokensaku.mhlw.go.jp/43/index.php?action_kouhyou_detail_004_kani=true&JigyosyoCd=4371500507-00&ServiceCd=780&Type=search", "url2": null }, "geometry": { "type": "Point", "coordinates": [ 130.139442300000042, 32.309317 ] } },
{ "type": "Feature", "properties": { "内容": "通所介護菜の花東館１階【地域密着型通所介護】熊本県天草市本渡町本渡847-8", "url": "https://www.kaigokensaku.mhlw.go.jp/43/index.php?action_kouhyou_detail_004_kani=true&JigyosyoCd=4371500812-00&ServiceCd=780&Type=search", "url2": "nanohana-group.net" }, "geometry": { "type": "Point", "coordinates": [ 130.198641100000032, 32.4607977 ] } },
{ "type": "Feature", "properties": { "内容": "通所介護菜の花東館２階【地域密着型通所介護】熊本県天草市本渡町本渡847-8", "url": "https://www.kaigokensaku.mhlw.go.jp/43/index.php?action_kouhyou_detail_004_kani=true&JigyosyoCd=4371500820-00&ServiceCd=780&Type=search", "url2": "ｎanohana-group,het" }, "geometry": { "type": "Point", "coordinates": [ 130.180588899999947, 32.4562266 ] } },
{ "type": "Feature", "properties": { "内容": "デイサービスステーションそよぎ【地域密着型通所介護】熊本県天草市志柿町6039-26", "url": "https://www.kaigokensaku.mhlw.go.jp/43/index.php?action_kouhyou_detail_004_kani=true&JigyosyoCd=4391500479-00&ServiceCd=780&Type=search", "url2": null }, "geometry": { "type": "Point", "coordinates": [ 130.206742, 32.4409966 ] } },
{ "type": "Feature", "properties": { "内容": "デイサービスくらす【地域密着型通所介護】熊本県天草市佐伊津町6046-12", "url": "https://www.kaigokensaku.mhlw.go.jp/43/index.php?action_kouhyou_detail_004_kani=true&JigyosyoCd=4391500511-00&ServiceCd=780&Type=search", "url2": "https://r-comrade.com/" }, "geometry": { "type": "Point", "coordinates": [ 130.1948664, 32.5012127 ] } },
{ "type": "Feature", "properties": { "内容": "デイサービス　海辺ん家【地域密着型通所介護】熊本県天草市御所浦町御所浦2936番地9", "url": "https://www.kaigokensaku.mhlw.go.jp/43/index.php?action_kouhyou_detail_004_kani=true&JigyosyoCd=4371500739-00&ServiceCd=780&Type=search", "url2": null }, "geometry": { "type": "Point", "coordinates": [ 130.351729299999988, 32.3500194 ] } },
{ "type": "Feature", "properties": { "内容": "きくどみ【地域密着型通所介護】熊本県合志市幾久富１６４７番地６２", "url": "https://www.kaigokensaku.mhlw.go.jp/43/index.php?action_kouhyou_detail_004_kani=true&JigyosyoCd=4371600109-00&ServiceCd=780&Type=search", "url2": null }, "geometry": { "type": "Point", "coordinates": [ 130.782890899999984, 32.8717002 ] } },
{ "type": "Feature", "properties": { "内容": "デイサービス和楽家ののしま苑【地域密着型通所介護】熊本県合志市野々島1601-6", "url": "https://www.kaigokensaku.mhlw.go.jp/43/index.php?action_kouhyou_detail_004_kani=true&JigyosyoCd=4371600414-00&ServiceCd=780&Type=search", "url2": "http://www.wagaya-day.com" }, "geometry": { "type": "Point", "coordinates": [ 130.725896899999952, 32.9075526 ] } },
{ "type": "Feature", "properties": { "内容": "デイサービス和楽家ふくはら苑【地域密着型通所介護】熊本県合志市福原2242-1", "url": "https://www.kaigokensaku.mhlw.go.jp/43/index.php?action_kouhyou_detail_004_kani=true&JigyosyoCd=4391600121-00&ServiceCd=780&Type=search", "url2": "http://www.wagaya-day.com/" }, "geometry": { "type": "Point", "coordinates": [ 130.8004742, 32.8879748 ] } },
{ "type": "Feature", "properties": { "内容": "デイサービスセンター　大地の里　えがお【地域密着型通所介護】熊本県合志市須屋2670番地3", "url": "https://www.kaigokensaku.mhlw.go.jp/43/index.php?action_kouhyou_detail_004_kani=true&JigyosyoCd=4371600356-00&ServiceCd=780&Type=search", "url2": "daichi-egao.com" }, "geometry": { "type": "Point", "coordinates": [ 130.746610571827688, 32.877304491692684 ] } },
{ "type": "Feature", "properties": { "内容": "通所介護事業所はぶの【地域密着型通所介護】熊本県玉名郡玉東町木葉713-3", "url": "https://www.kaigokensaku.mhlw.go.jp/43/index.php?action_kouhyou_detail_004_kani=true&JigyosyoCd=4372400996-00&ServiceCd=780&Type=search", "url2": null }, "geometry": { "type": "Point", "coordinates": [ 130.630185695350292, 32.917187502833087 ] } },
{ "type": "Feature", "properties": { "内容": "デイサービスあい【地域密着型通所介護】熊本県玉名郡南関町四ツ原3072番地", "url": "https://www.kaigokensaku.mhlw.go.jp/43/index.php?action_kouhyou_detail_004_kani=true&JigyosyoCd=4372401531-00&ServiceCd=780&Type=search", "url2": null }, "geometry": { "type": "Point", "coordinates": [ 130.543188259524499, 32.996198283513444 ] } },
{ "type": "Feature", "properties": { "内容": "デイサポートひまわり【地域密着型通所介護】熊本県玉名郡南関町上坂下30番地１", "url": "https://www.kaigokensaku.mhlw.go.jp/43/index.php?action_kouhyou_detail_004_kani=true&JigyosyoCd=4392400117-00&ServiceCd=780&Type=search", "url2": "https://peraichi.com/landing_pages/view/j5jw6?_ga=2.27983740.1973614679.1662615953-477650334.1641965270" }, "geometry": { "type": "Point", "coordinates": [ 130.5539411, 33.0143862 ] } },
{ "type": "Feature", "properties": { "内容": "デイサービス元気が一番【地域密着型通所介護】熊本県玉名郡南関町大字久重3385-2", "url": "https://www.kaigokensaku.mhlw.go.jp/43/index.php?action_kouhyou_detail_004_kani=true&JigyosyoCd=4372401465-00&ServiceCd=780&Type=search", "url2": "https://maekawa-chiryo.in" }, "geometry": { "type": "Point", "coordinates": [ 130.52622729999996, 33.0396673 ] } },
{ "type": "Feature", "properties": { "内容": "デイサービスセンター心の花【地域密着型通所介護】熊本県玉名郡長洲町長洲2339-1", "url": "https://www.kaigokensaku.mhlw.go.jp/43/index.php?action_kouhyou_detail_004_kani=true&JigyosyoCd=4372401374-00&ServiceCd=780&Type=search", "url2": "https://gekka-en.com/" }, "geometry": { "type": "Point", "coordinates": [ 130.446030699999937, 32.9308972 ] } },
{ "type": "Feature", "properties": { "内容": "デイサービスセンターきんぎょ【地域密着型通所介護】熊本県玉名郡長洲町大字長洲１３２５番地", "url": "https://www.kaigokensaku.mhlw.go.jp/43/index.php?action_kouhyou_detail_004_kani=true&JigyosyoCd=4372401366-00&ServiceCd=780&Type=search", "url2": null }, "geometry": { "type": "Point", "coordinates": [ 130.446600100000069, 32.934022 ] } },
{ "type": "Feature", "properties": { "内容": "デイサービス祐【地域密着型通所介護】熊本県菊池郡大津町室1267-1", "url": "https://www.kaigokensaku.mhlw.go.jp/43/index.php?action_kouhyou_detail_004_kani=true&JigyosyoCd=4372601767-00&ServiceCd=780&Type=search", "url2": null }, "geometry": { "type": "Point", "coordinates": [ 130.857144358341344, 32.882596461173229 ] } },
{ "type": "Feature", "properties": { "内容": "デイサービスＣｏＣｏスタ【地域密着型通所介護】熊本県菊池郡大津町大字陣内６３８番地４", "url": "https://www.kaigokensaku.mhlw.go.jp/43/index.php?action_kouhyou_detail_004_kani=true&JigyosyoCd=4392600161-00&ServiceCd=780&Type=search", "url2": "https://hidamari-iwasaka.com/" }, "geometry": { "type": "Point", "coordinates": [ 130.876140599999985, 32.864252 ] } },
{ "type": "Feature", "properties": { "内容": "デイサービス　まごころ本舗　大津苑【地域密着型通所介護】熊本県菊池郡大津町下町162", "url": "https://www.kaigokensaku.mhlw.go.jp/43/index.php?action_kouhyou_detail_004_kani=true&JigyosyoCd=4392600153-00&ServiceCd=780&Type=search", "url2": "https://www.dr-factory.jp/" }, "geometry": { "type": "Point", "coordinates": [ 130.860932400000024, 32.856015 ] } },
{ "type": "Feature", "properties": { "内容": "デイサービス　絆【地域密着型通所介護】熊本県菊池郡大津町平川1257-21", "url": "https://www.kaigokensaku.mhlw.go.jp/43/index.php?action_kouhyou_detail_004_kani=true&JigyosyoCd=4392600229-00&ServiceCd=780&Type=search", "url2": "www.kizuna2023.com" }, "geometry": { "type": "Point", "coordinates": [ 130.8571145, 32.9011745 ] } },
{ "type": "Feature", "properties": { "内容": "デイサービスおおばやし【地域密着型通所介護】熊本県菊池郡大津町大林780-2", "url": "https://www.kaigokensaku.mhlw.go.jp/43/index.php?action_kouhyou_detail_004_kani=true&JigyosyoCd=4392600146-00&ServiceCd=780&Type=search", "url2": null }, "geometry": { "type": "Point", "coordinates": [ 130.90676110000004, 32.8838877 ] } },
{ "type": "Feature", "properties": { "内容": "デイサービス　きよまろ【地域密着型通所介護】熊本県菊池郡大津町大字杉水433番地", "url": "https://www.kaigokensaku.mhlw.go.jp/43/index.php?action_kouhyou_detail_004_kani=true&JigyosyoCd=4392600278-00&ServiceCd=780&Type=search", "url2": null }, "geometry": { "type": "Point", "coordinates": [ 130.8439305, 32.9204427 ] } },
{ "type": "Feature", "properties": { "内容": "デイサービス　カノン【地域密着型通所介護】熊本県菊池郡菊陽町原水114番地2", "url": "https://www.kaigokensaku.mhlw.go.jp/43/index.php?action_kouhyou_detail_004_kani=true&JigyosyoCd=4392600252-00&ServiceCd=780&Type=search", "url2": null }, "geometry": { "type": "Point", "coordinates": [ 136.86007330000001, 35.2617892 ] } },
{ "type": "Feature", "properties": { "内容": "デイサービスまごころ本舗原水苑【地域密着型通所介護】熊本県菊池郡菊陽町原水字南方734番地1", "url": "https://www.kaigokensaku.mhlw.go.jp/43/index.php?action_kouhyou_detail_004_kani=true&JigyosyoCd=4372601908-00&ServiceCd=780&Type=search", "url2": "http://dr-factory.jp/magokoro.html" }, "geometry": { "type": "Point", "coordinates": [ 130.837885079940037, 32.870937943989041 ] } },
{ "type": "Feature", "properties": { "内容": "デイサービス　みなみだ荘【地域密着型通所介護】熊本県阿蘇郡小国町宮原１１番の３", "url": "https://www.kaigokensaku.mhlw.go.jp/43/index.php?action_kouhyou_detail_004_kani=true&JigyosyoCd=4372701286-00&ServiceCd=780&Type=search", "url2": null }, "geometry": { "type": "Point", "coordinates": [ 131.069599899999957, 33.1148876 ] } },
{ "type": "Feature", "properties": { "内容": "みなみだ祥苑【地域密着型通所介護】熊本県阿蘇郡小国町宮原　１１－３みなみだ祥苑", "url": "https://www.kaigokensaku.mhlw.go.jp/43/index.php?action_kouhyou_detail_004_kani=true&JigyosyoCd=4372701369-00&ServiceCd=780&Type=search", "url2": null }, "geometry": { "type": "Point", "coordinates": [ 131.069599899999957, 33.1148876 ] } },
{ "type": "Feature", "properties": { "内容": "リハビリ特化型デイサービス　リスタ【地域密着型通所介護】熊本県阿蘇郡小国町大字宮原2033-4", "url": "https://www.kaigokensaku.mhlw.go.jp/43/index.php?action_kouhyou_detail_004_kani=true&JigyosyoCd=4392700193-00&ServiceCd=780&Type=search", "url2": "https://bestreve.jp/" }, "geometry": { "type": "Point", "coordinates": [ 131.0662026, 33.1202761 ] } },
{ "type": "Feature", "properties": { "内容": "デイサービスみなみ阿蘇【地域密着型通所介護】熊本県阿蘇郡南阿蘇村河陰148-1", "url": "https://www.kaigokensaku.mhlw.go.jp/43/index.php?action_kouhyou_detail_004_kani=true&JigyosyoCd=4372700874-00&ServiceCd=780&Type=search", "url2": "http://www.minamiasocare.com" }, "geometry": { "type": "Point", "coordinates": [ 131.0322485, 32.82144610000001 ] } },
{ "type": "Feature", "properties": { "内容": "ディサービス喜笑楽【地域密着型通所介護】一関1850-1喜笑楽", "url": "https://www.kaigokensaku.mhlw.go.jp/43/index.php?action_kouhyou_detail_004_kani=true&JigyosyoCd=4372701344-00&ServiceCd=780&Type=search", "url2": "http://www.kishouraku.com" }, "geometry": { "type": "Point", "coordinates": [ 131.069517200000064, 32.846249 ] } },
{ "type": "Feature", "properties": { "内容": "デイサービスセンターたいぼう【地域密着型通所介護】熊本県阿蘇郡南阿蘇村大字河陽5390番地2", "url": "https://www.kaigokensaku.mhlw.go.jp/43/index.php?action_kouhyou_detail_004_kani=true&JigyosyoCd=4392700219-00&ServiceCd=780&Type=search", "url2": null }, "geometry": { "type": "Point", "coordinates": [ 130.992930490212984, 32.887712734268483 ] } },
{ "type": "Feature", "properties": { "内容": "デイサービス福老【地域密着型通所介護】熊本県上益城郡御船町滝川1427－4", "url": "https://www.kaigokensaku.mhlw.go.jp/43/index.php?action_kouhyou_detail_004_kani=true&JigyosyoCd=4372800955-00&ServiceCd=780&Type=search", "url2": "http://seseragi.care.kumamoto.jp" }, "geometry": { "type": "Point", "coordinates": [ 130.7881506, 32.7142736 ] } },
{ "type": "Feature", "properties": { "内容": "デイサービスセンターだんだん【地域密着型通所介護】熊本県上益城郡益城町赤井278", "url": "https://www.kaigokensaku.mhlw.go.jp/43/index.php?action_kouhyou_detail_004_kani=true&JigyosyoCd=4392800233-00&ServiceCd=780&Type=search", "url2": "http://www.hiroplan.com" }, "geometry": { "type": "Point", "coordinates": [ 130.819432187043247, 32.767895666700618 ] } },
{ "type": "Feature", "properties": { "内容": "リハビリデイサービスくりけっとくりけっと【地域密着型通所介護】熊本県上益城郡益城町惣領1440-10ルミナス105号", "url": "https://www.kaigokensaku.mhlw.go.jp/43/index.php?action_kouhyou_detail_004_kani=true&JigyosyoCd=4392800217-00&ServiceCd=780&Type=search", "url2": "https://www.vivid-life.co.jp" }, "geometry": { "type": "Point", "coordinates": [ 130.803994, 32.7848223 ] } },
{ "type": "Feature", "properties": { "内容": "デイサービスかみふうせん【地域密着型通所介護】熊本県上益城郡益城町小池2638-1", "url": "https://www.kaigokensaku.mhlw.go.jp/43/index.php?action_kouhyou_detail_004_kani=true&JigyosyoCd=4392800266-00&ServiceCd=780&Type=search", "url2": null }, "geometry": { "type": "Point", "coordinates": [ 130.80376032483889, 32.752371398683046 ] } },
{ "type": "Feature", "properties": { "内容": "デイ・サービスセンター　松樹苑【地域密着型通所介護】上益城郡甲佐町岩下４９番地松樹苑", "url": "https://www.kaigokensaku.mhlw.go.jp/43/index.php?action_kouhyou_detail_004_kani=true&JigyosyoCd=4372801672-00&ServiceCd=780&Type=search", "url2": "ｈｔｔｐ：／／ｗｗｗ．ｙａｔｓｕｄａ．ｋａｉ．ｊｐ" }, "geometry": { "type": "Point", "coordinates": [ 130.81069830080267, 32.651912353209966 ] } },
{ "type": "Feature", "properties": { "内容": "大地【地域密着型通所介護】熊本県上益城郡山都町下馬尾299-1", "url": "https://www.kaigokensaku.mhlw.go.jp/43/index.php?action_kouhyou_detail_004_kani=true&JigyosyoCd=4372801243-00&ServiceCd=780&Type=search", "url2": null }, "geometry": { "type": "Point", "coordinates": [ 130.986938399999985, 32.6855413 ] } },
{ "type": "Feature", "properties": { "内容": "風ノ木デイサービス【地域密着型通所介護】熊本県上益城郡山都町千滝211", "url": "https://www.kaigokensaku.mhlw.go.jp/43/index.php?action_kouhyou_detail_004_kani=true&JigyosyoCd=4372801540-00&ServiceCd=780&Type=search", "url2": "https://www.tokuseikai.org" }, "geometry": { "type": "Point", "coordinates": [ 130.98372489999997, 32.6809223 ] } },
{ "type": "Feature", "properties": { "内容": "デイサービスやすなが【地域密着型通所介護】上益城郡山都町浜町259-20", "url": "https://www.kaigokensaku.mhlw.go.jp/43/index.php?action_kouhyou_detail_004_kani=true&JigyosyoCd=4372801326-00&ServiceCd=780&Type=search", "url2": null }, "geometry": { "type": "Point", "coordinates": [ 130.9858441, 32.6831221 ] } },
{ "type": "Feature", "properties": { "内容": "地域共生型デイサービスそようの森【地域密着型通所介護】熊本県上益城郡山都町今５００山都町役場蘇陽支所内", "url": "https://www.kaigokensaku.mhlw.go.jp/43/index.php?action_kouhyou_detail_004_kani=true&JigyosyoCd=4392800282-00&ServiceCd=780&Type=search", "url2": "https://soyounomori.himawari-corporation.info" }, "geometry": { "type": "Point", "coordinates": [ 131.1659741, 32.7247083 ] } },
{ "type": "Feature", "properties": { "内容": "デイサービス湧楽苑【地域密着型通所介護】熊本県八代郡氷川町吉本108番地", "url": "https://www.kaigokensaku.mhlw.go.jp/43/index.php?action_kouhyou_detail_004_kani=true&JigyosyoCd=4372900938-00&ServiceCd=780&Type=search", "url2": "nagoyakahouse.com" }, "geometry": { "type": "Point", "coordinates": [ 130.703992299999982, 32.5838233 ] } },
{ "type": "Feature", "properties": { "内容": "かぜの杜　デイサービスセンター【地域密着型通所介護】熊本県八代郡氷川町鹿島１９２７", "url": "https://www.kaigokensaku.mhlw.go.jp/43/index.php?action_kouhyou_detail_004_kani=true&JigyosyoCd=4372900987-00&ServiceCd=780&Type=search", "url2": null }, "geometry": { "type": "Point", "coordinates": [ 130.661045599999966, 32.5791587 ] } },
{ "type": "Feature", "properties": { "内容": "デイサービスより処　ここから【地域密着型通所介護】熊本県八代郡氷川町鹿島1606.1607番地3", "url": "https://www.kaigokensaku.mhlw.go.jp/43/index.php?action_kouhyou_detail_004_kani=true&JigyosyoCd=4372901092-00&ServiceCd=780&Type=search", "url2": null }, "geometry": { "type": "Point", "coordinates": [ 130.66569770000001, 32.585772 ] } },
{ "type": "Feature", "properties": { "内容": "田の浦荘【地域密着型通所介護】熊本県葦北郡芦北町大字田浦町８７０番地の１", "url": "https://www.kaigokensaku.mhlw.go.jp/43/index.php?action_kouhyou_detail_004_kani=true&JigyosyoCd=4393000114-00&ServiceCd=780&Type=search", "url2": "https://eiwafukusikai.com/" }, "geometry": { "type": "Point", "coordinates": [ 130.505162, 32.364308 ] } },
{ "type": "Feature", "properties": { "内容": "八幡荘デイサービスセンター【地域密着型通所介護】葦北郡芦北町大字田浦町664番地芦北町高齢者生活福祉センター「八幡荘」", "url": "https://www.kaigokensaku.mhlw.go.jp/43/index.php?action_kouhyou_detail_004_kani=true&JigyosyoCd=4373000670-00&ServiceCd=780&Type=search", "url2": "http://www.ashikita-shakyo.com" }, "geometry": { "type": "Point", "coordinates": [ 130.507121200000029, 32.364893699999989 ] } },
{ "type": "Feature", "properties": { "内容": "吉尾デイサービスセンター【地域密着型通所介護】熊本県葦北郡芦北町吉尾197番地", "url": "https://www.kaigokensaku.mhlw.go.jp/43/index.php?action_kouhyou_detail_004_kani=true&JigyosyoCd=4393000122-00&ServiceCd=780&Type=search", "url2": null }, "geometry": { "type": "Point", "coordinates": [ 130.5883806, 32.3309074 ] } },
{ "type": "Feature", "properties": { "内容": "ひまわりデイサービス【地域密着型通所介護】熊本県球磨郡錦町一武2130-1", "url": "https://www.kaigokensaku.mhlw.go.jp/43/index.php?action_kouhyou_detail_004_kani=true&JigyosyoCd=4373100934-00&ServiceCd=780&Type=search", "url2": "https://himawari-nishiki.com/" }, "geometry": { "type": "Point", "coordinates": [ 130.8484727, 32.2034272 ] } },
{ "type": "Feature", "properties": { "内容": "デイサービスセンター　きずな【地域密着型通所介護】熊本県球磨郡多良木町大字黒肥地２０３８番地３", "url": "https://www.kaigokensaku.mhlw.go.jp/43/index.php?action_kouhyou_detail_004_kani=true&JigyosyoCd=4393100195-00&ServiceCd=780&Type=search", "url2": null }, "geometry": { "type": "Point", "coordinates": [ 130.952040300000021, 32.2811074 ] } },
{ "type": "Feature", "properties": { "内容": "デイサービスセンターかわべ【地域密着型通所介護】熊本県球磨郡相良村大字川辺１７６４番地", "url": "https://www.kaigokensaku.mhlw.go.jp/43/index.php?action_kouhyou_detail_004_kani=true&JigyosyoCd=4393100245-00&ServiceCd=780&Type=search", "url2": "https://www.pe-toru.or.jp/" }, "geometry": { "type": "Point", "coordinates": [ 130.8165107, 32.2566463 ] } },
{ "type": "Feature", "properties": { "内容": "五木村社協介護サービスセンター【地域密着型通所介護】熊本県球磨郡五木村甲字下手２６７２番地の４１", "url": "https://www.kaigokensaku.mhlw.go.jp/43/index.php?action_kouhyou_detail_004_kani=true&JigyosyoCd=4373100496-00&ServiceCd=780&Type=search", "url2": null }, "geometry": { "type": "Point", "coordinates": [ 130.82792459999996, 32.3985819 ] } },
{ "type": "Feature", "properties": { "内容": "ＪＡくま福祉の里木綿葉「サロンｄｏ須恵」【地域密着型通所介護】熊本県球磨郡あさぎり町須恵覚井828番地", "url": "https://www.kaigokensaku.mhlw.go.jp/43/index.php?action_kouhyou_detail_004_kani=true&JigyosyoCd=4373101254-00&ServiceCd=780&Type=search", "url2": "kaigofukushi@mx21.tiki.ne.jp" }, "geometry": { "type": "Point", "coordinates": [ 130.899847183328234, 32.25957226846247 ] } },
{ "type": "Feature", "properties": { "内容": "楽洋デイサービスセンター【地域密着型通所介護】熊本県天草郡苓北町上津深江230番地1", "url": "https://www.kaigokensaku.mhlw.go.jp/43/index.php?action_kouhyou_detail_004_kani=true&JigyosyoCd=4393200060-00&ServiceCd=780&Type=search", "url2": "http://rakuyounosato.com" }, "geometry": { "type": "Point", "coordinates": [ 130.0677278, 32.5148586 ] } }
]
}
