{
"type": "FeatureCollection",
"name": "geo_43_通所介護",
"crs": { "type": "name", "properties": { "name": "urn:ogc:def:crs:OGC:1.3:CRS84" } },
"features": [
{ "type": "Feature", "properties": { "内容": "向山デイサービスセンター【通所介護】熊本市中央区本山3丁目１－１１", "url": "https://www.kaigokensaku.mhlw.go.jp/43/index.php?action_kouhyou_detail_004_kani=true&JigyosyoCd=4370101380-00&ServiceCd=150&Type=search", "url2": null }, "geometry": { "type": "Point", "coordinates": [ 130.696850899999959, 32.7891124 ] } },
{ "type": "Feature", "properties": { "内容": "笑顔の広場水前寺【通所介護】熊本県熊本市中央区水前寺5丁目18-13フレール水前寺１階", "url": "https://www.kaigokensaku.mhlw.go.jp/43/index.php?action_kouhyou_detail_004_kani=true&JigyosyoCd=4370108351-00&ServiceCd=150&Type=search", "url2": "http://www.egao-home.com" }, "geometry": { "type": "Point", "coordinates": [ 130.739121399999931, 32.796389199999986 ] } },
{ "type": "Feature", "properties": { "内容": "リハセンターみどりの樹　帯山【通所介護】熊本県熊本市中央区三郎1丁目４－２０", "url": "https://www.kaigokensaku.mhlw.go.jp/43/index.php?action_kouhyou_detail_004_kani=true&JigyosyoCd=4370114359-00&ServiceCd=150&Type=search", "url2": "https://leaps-care.jp" }, "geometry": { "type": "Point", "coordinates": [ 130.757488599999988, 32.8004288 ] } },
{ "type": "Feature", "properties": { "内容": "つばき園デイサービスセンター【通所介護】本山3-5-15", "url": "https://www.kaigokensaku.mhlw.go.jp/43/index.php?action_kouhyou_detail_004_kani=true&JigyosyoCd=4370114128-00&ServiceCd=150&Type=search", "url2": null }, "geometry": { "type": "Point", "coordinates": [ 130.6946376, 32.7882721 ] } },
{ "type": "Feature", "properties": { "内容": "リハセンターみどりの樹　琴平【通所介護】熊本市中央区琴平2-1-7", "url": "https://www.kaigokensaku.mhlw.go.jp/43/index.php?action_kouhyou_detail_004_kani=true&JigyosyoCd=4370110118-00&ServiceCd=150&Type=search", "url2": "http://leaps-care.jp" }, "geometry": { "type": "Point", "coordinates": [ 130.708791499999961, 32.7860158 ] } },
{ "type": "Feature", "properties": { "内容": "マノリアル本荘通所介護【通所介護】熊本県熊本市中央区本荘5丁目10-23住宅型有料老人ホーム　マノリアル本荘", "url": "https://www.kaigokensaku.mhlw.go.jp/43/index.php?action_kouhyou_detail_004_kani=true&JigyosyoCd=4370108245-00&ServiceCd=150&Type=search", "url2": "http://www.shunkokai.jp" }, "geometry": { "type": "Point", "coordinates": [ 130.704630599999973, 32.7929762 ] } },
{ "type": "Feature", "properties": { "内容": "リハビリケアセンター【通所介護】熊本県熊本市中央区紺屋町二丁目２８番地", "url": "https://www.kaigokensaku.mhlw.go.jp/43/index.php?action_kouhyou_detail_004_kani=true&JigyosyoCd=4370105167-00&ServiceCd=150&Type=search", "url2": "https://www.rihabirikeasennta-2188.com" }, "geometry": { "type": "Point", "coordinates": [ 130.699426446032675, 32.794224166110531 ] } },
{ "type": "Feature", "properties": { "内容": "デイサービスセンター　花鏡【通所介護】熊本県熊本市中央区新大江3－13－18", "url": "https://www.kaigokensaku.mhlw.go.jp/43/index.php?action_kouhyou_detail_004_kani=true&JigyosyoCd=4370112155-00&ServiceCd=150&Type=search", "url2": "hanakagami@kyouninkai.jp" }, "geometry": { "type": "Point", "coordinates": [ 130.740120411114503, 32.802966366632354 ] } },
{ "type": "Feature", "properties": { "内容": "中央デイサービスセンター【通所介護】熊本県熊本市中央区壺川2丁目3番85号", "url": "https://www.kaigokensaku.mhlw.go.jp/43/index.php?action_kouhyou_detail_004_kani=true&JigyosyoCd=4370101901-00&ServiceCd=150&Type=search", "url2": "http://ksfj.hinokuni-net.jp/service/oldperson_tsusyo_tyuouzaitaku.php" }, "geometry": { "type": "Point", "coordinates": [ 130.709346500000038, 32.8171491 ] } },
{ "type": "Feature", "properties": { "内容": "ヴィラ・九品寺【通所介護】熊本市中央区九品寺3丁目9番38号", "url": "https://www.kaigokensaku.mhlw.go.jp/43/index.php?action_kouhyou_detail_004_kani=true&JigyosyoCd=4370104590-00&ServiceCd=150&Type=search", "url2": "http://vira.or.jp/" }, "geometry": { "type": "Point", "coordinates": [ 130.7176349, 32.7960152 ] } },
{ "type": "Feature", "properties": { "内容": "シルバーピア水前寺デイサービスセンター【通所介護】熊本県熊本市中央区水前寺５丁目８番１５号", "url": "https://www.kaigokensaku.mhlw.go.jp/43/index.php?action_kouhyou_detail_004_kani=true&JigyosyoCd=4370115869-00&ServiceCd=150&Type=search", "url2": "http://www.tohya.or.jp" }, "geometry": { "type": "Point", "coordinates": [ 130.738016918524153, 32.794443768038519 ] } },
{ "type": "Feature", "properties": { "内容": "ツクイ熊本坪井【通所介護】坪井6-33-20", "url": "https://www.kaigokensaku.mhlw.go.jp/43/index.php?action_kouhyou_detail_004_kani=true&JigyosyoCd=4370114474-00&ServiceCd=150&Type=search", "url2": "https://www.tsukui.net/home-care/2584/" }, "geometry": { "type": "Point", "coordinates": [ 130.7194611, 32.8208392 ] } },
{ "type": "Feature", "properties": { "内容": "こんぱすうぉーくみなみくまもと【通所介護】熊本県熊本市中央区南熊本4丁目8-14メゾンドレクサスウエノビル　１F", "url": "https://www.kaigokensaku.mhlw.go.jp/43/index.php?action_kouhyou_detail_004_kani=true&JigyosyoCd=4370115810-00&ServiceCd=150&Type=search", "url2": null }, "geometry": { "type": "Point", "coordinates": [ 130.7099553, 32.7875844 ] } },
{ "type": "Feature", "properties": { "内容": "デイサービスセンターりんどう【通所介護】妙体寺町6番6号", "url": "https://www.kaigokensaku.mhlw.go.jp/43/index.php?action_kouhyou_detail_004_kani=true&JigyosyoCd=4370114342-00&ServiceCd=150&Type=search", "url2": "https://soshin-care.co.jp/index.html" }, "geometry": { "type": "Point", "coordinates": [ 130.7164709, 32.8119223 ] } },
{ "type": "Feature", "properties": { "内容": "デイサービスぽぽろ八王寺【通所介護】熊本市中央区八王寺町12番37号", "url": "https://www.kaigokensaku.mhlw.go.jp/43/index.php?action_kouhyou_detail_004_kani=true&JigyosyoCd=4370113484-00&ServiceCd=150&Type=search", "url2": "http://popolohouse.com" }, "geometry": { "type": "Point", "coordinates": [ 130.716332299999976, 32.7836524 ] } },
{ "type": "Feature", "properties": { "内容": "ユーカリ苑デイサービスセンター【通所介護】熊本市中央区黒髪５丁目23番1号", "url": "https://www.kaigokensaku.mhlw.go.jp/43/index.php?action_kouhyou_detail_004_kani=true&JigyosyoCd=4370101430-00&ServiceCd=150&Type=search", "url2": "http://riddell-wright.com/" }, "geometry": { "type": "Point", "coordinates": [ 130.73079789999997, 32.8189855 ] } },
{ "type": "Feature", "properties": { "内容": "デイサービスココファンおおえの灯り【通所介護】熊本県熊本市中央区大江3丁目10-36ココファンおおえの灯り", "url": "https://www.kaigokensaku.mhlw.go.jp/43/index.php?action_kouhyou_detail_004_kani=true&JigyosyoCd=4370116784-00&ServiceCd=150&Type=search", "url2": "https://www.cocofump.co.jp/facilities/ooenoakari/" }, "geometry": { "type": "Point", "coordinates": [ 130.72472830000001, 32.8019775 ] } },
{ "type": "Feature", "properties": { "内容": "デイサービスセンター春うらら【通所介護】熊本市中央区帯山３丁目53-12春うらら", "url": "https://www.kaigokensaku.mhlw.go.jp/43/index.php?action_kouhyou_detail_004_kani=true&JigyosyoCd=4370109755-00&ServiceCd=150&Type=search", "url2": "www.kaigokensaku.jp" }, "geometry": { "type": "Point", "coordinates": [ 130.751050099999929, 32.796743 ] } },
{ "type": "Feature", "properties": { "内容": "Let’ｓリハ！熊本中央店【通所介護】熊本県熊本市中央区本荘6丁目17-21九電工ビル　1F", "url": "https://www.kaigokensaku.mhlw.go.jp/43/index.php?action_kouhyou_detail_004_kani=true&JigyosyoCd=4370115935-00&ServiceCd=150&Type=search", "url2": "https://www.lets-reha.jp/" }, "geometry": { "type": "Point", "coordinates": [ 130.703696400000013, 32.7917272 ] } },
{ "type": "Feature", "properties": { "内容": "ケアプラスデイサービス水前寺【通所介護】熊本県熊本市中央区水前寺4丁目29-10", "url": "https://www.kaigokensaku.mhlw.go.jp/43/index.php?action_kouhyou_detail_004_kani=true&JigyosyoCd=4370116008-00&ServiceCd=150&Type=search", "url2": "https://www.care-plus.jp" }, "geometry": { "type": "Point", "coordinates": [ 130.7388119, 32.7980761 ] } },
{ "type": "Feature", "properties": { "内容": "慈愛園デイサービスセンター【通所介護】熊本県熊本市中央区神水1丁目14番1号", "url": "https://www.kaigokensaku.mhlw.go.jp/43/index.php?action_kouhyou_detail_004_kani=true&JigyosyoCd=4370100812-00&ServiceCd=150&Type=search", "url2": "http://jiaien.or.jp" }, "geometry": { "type": "Point", "coordinates": [ 130.743109076196333, 32.784687363428645 ] } },
{ "type": "Feature", "properties": { "内容": "歩行リハビリセンターHOKORU琴平【通所介護】熊本県熊本市中央区琴平２丁目６番４４号", "url": "https://www.kaigokensaku.mhlw.go.jp/43/index.php?action_kouhyou_detail_004_kani=true&JigyosyoCd=4370110456-00&ServiceCd=150&Type=search", "url2": "http://www.hokoru.com" }, "geometry": { "type": "Point", "coordinates": [ 130.706519128835993, 32.785792139483782 ] } },
{ "type": "Feature", "properties": { "内容": "デイサービスぽぽろ【通所介護】熊本市中央区新大江1丁目9番27号", "url": "https://www.kaigokensaku.mhlw.go.jp/43/index.php?action_kouhyou_detail_004_kani=true&JigyosyoCd=4370106918-00&ServiceCd=150&Type=search", "url2": "http://dayservicepopolo.com/" }, "geometry": { "type": "Point", "coordinates": [ 130.728112, 32.7981096 ] } },
{ "type": "Feature", "properties": { "内容": "黒髪しょうぶ苑デイサービスセンター【通所介護】熊本市中央区黒髪5丁目4－30", "url": "https://www.kaigokensaku.mhlw.go.jp/43/index.php?action_kouhyou_detail_004_kani=true&JigyosyoCd=4370107304-00&ServiceCd=150&Type=search", "url2": "http://shoubuen.com/kurokami.html" }, "geometry": { "type": "Point", "coordinates": [ 130.730142300000011, 32.8153802 ] } },
{ "type": "Feature", "properties": { "内容": "ヒューマンライフケア細工町の湯【通所介護】熊本市中央区細工町３丁目７－２　細工町ハイツ１階細工町ハイツ1階", "url": "https://www.kaigokensaku.mhlw.go.jp/43/index.php?action_kouhyou_detail_004_kani=true&JigyosyoCd=4370107205-00&ServiceCd=150&Type=search", "url2": "http://hlc.athuman.com/caresearch/kumamoto/366017/index.php?sisetu=61" }, "geometry": { "type": "Point", "coordinates": [ 130.695138899999961, 32.7946372 ] } },
{ "type": "Feature", "properties": { "内容": "花みずき通所介護事業所【通所介護】熊本県熊本市中央区出水７丁目９０－１", "url": "https://www.kaigokensaku.mhlw.go.jp/43/index.php?action_kouhyou_detail_004_kani=true&JigyosyoCd=4370101414-00&ServiceCd=150&Type=search", "url2": "http:/www.yuriekai.jp/" }, "geometry": { "type": "Point", "coordinates": [ 130.728318100000024, 32.7737757 ] } },
{ "type": "Feature", "properties": { "内容": "デイサービスおはな【通所介護】熊本市中央区白山2丁目11番16号高齢者複合施設おはな", "url": "https://www.kaigokensaku.mhlw.go.jp/43/index.php?action_kouhyou_detail_004_kani=true&JigyosyoCd=4370107734-00&ServiceCd=150&Type=search", "url2": "http://www.maedakai.com" }, "geometry": { "type": "Point", "coordinates": [ 130.7227206, 32.7928712 ] } },
{ "type": "Feature", "properties": { "内容": "デイサービスココファンにしばる【通所介護】西原2-7-1学研ココファン", "url": "https://www.kaigokensaku.mhlw.go.jp/43/index.php?action_kouhyou_detail_004_kani=true&JigyosyoCd=4370112684-00&ServiceCd=150&Type=search", "url2": "nishibaru@cocofump.co.jp" }, "geometry": { "type": "Point", "coordinates": [ 139.680190399999987, 35.6737503 ] } },
{ "type": "Feature", "properties": { "内容": "デイサービスセンター　とれいる【通所介護】熊本県熊本市東区東野３丁目１６－１７", "url": "https://www.kaigokensaku.mhlw.go.jp/43/index.php?action_kouhyou_detail_004_kani=true&JigyosyoCd=4370113377-00&ServiceCd=150&Type=search", "url2": null }, "geometry": { "type": "Point", "coordinates": [ 130.766154799999981, 32.7735785 ] } },
{ "type": "Feature", "properties": { "内容": "新南部翔裕館　ケアサポート南の風【通所介護】新南部3丁目7-133ゆかりの里１階", "url": "https://www.kaigokensaku.mhlw.go.jp/43/index.php?action_kouhyou_detail_004_kani=true&JigyosyoCd=4370112213-00&ServiceCd=150&Type=search", "url2": "https://www.sanga-kaigo.co.jp" }, "geometry": { "type": "Point", "coordinates": [ 130.7464596, 32.8143877 ] } },
{ "type": "Feature", "properties": { "内容": "ツクイ熊本下南部【通所介護】熊本県熊本市東区下南部1-3-125", "url": "https://www.kaigokensaku.mhlw.go.jp/43/index.php?action_kouhyou_detail_004_kani=true&JigyosyoCd=4370114458-00&ServiceCd=150&Type=search", "url2": null }, "geometry": { "type": "Point", "coordinates": [ 130.7521486, 32.8204332 ] } },
{ "type": "Feature", "properties": { "内容": "デイサービスセンター白樺【通所介護】熊本県熊本市東区戸島本町４－４６", "url": "https://www.kaigokensaku.mhlw.go.jp/43/index.php?action_kouhyou_detail_004_kani=true&JigyosyoCd=4370104400-00&ServiceCd=150&Type=search", "url2": null }, "geometry": { "type": "Point", "coordinates": [ 130.802354400000013, 32.8242937 ] } },
{ "type": "Feature", "properties": { "内容": "デイサービスたんぽぽ【通所介護】熊本県熊本市長嶺西2丁目9-21ケアホーム花梨", "url": "https://www.kaigokensaku.mhlw.go.jp/43/index.php?action_kouhyou_detail_004_kani=true&JigyosyoCd=4370113138-00&ServiceCd=150&Type=search", "url2": "http://karin-eiseikai.com/" }, "geometry": { "type": "Point", "coordinates": [ 130.764204899999982, 32.8145583 ] } },
{ "type": "Feature", "properties": { "内容": "新南部翔裕館　ケアサポート南の風通所介護事業【通所介護】新南部3丁目7－13ゆかりの里", "url": "https://www.kaigokensaku.mhlw.go.jp/43/index.php?action_kouhyou_detail_004_kani=true&JigyosyoCd=4370114664-00&ServiceCd=150&Type=search", "url2": null }, "geometry": { "type": "Point", "coordinates": [ 130.746277, 32.8152366 ] } },
{ "type": "Feature", "properties": { "内容": "デイサービスそら【通所介護】熊本県熊本市東区榎町15-191", "url": "https://www.kaigokensaku.mhlw.go.jp/43/index.php?action_kouhyou_detail_004_kani=true&JigyosyoCd=4370111579-00&ServiceCd=150&Type=search", "url2": "http://www.kyushukaigo.com/sora/" }, "geometry": { "type": "Point", "coordinates": [ 130.774489657672149, 32.793978758303346 ] } },
{ "type": "Feature", "properties": { "内容": "社会福祉法人　百八会　シルバーピア東町デイサービスセンター【通所介護】熊本市東区東町3丁目6番県営東町団地22号棟１階", "url": "https://www.kaigokensaku.mhlw.go.jp/43/index.php?action_kouhyou_detail_004_kani=true&JigyosyoCd=4370114706-00&ServiceCd=150&Type=search", "url2": "www.108kai.com" }, "geometry": { "type": "Point", "coordinates": [ 130.7693807, 32.7853439 ] } },
{ "type": "Feature", "properties": { "内容": "ﾃﾞｲｻｰﾋﾞｽｾﾝﾀｰ　ふくろう【通所介護】熊本市東区桜木5-9-1デイサービスセンターふくろう", "url": "https://www.kaigokensaku.mhlw.go.jp/43/index.php?action_kouhyou_detail_004_kani=true&JigyosyoCd=4372801961-00&ServiceCd=150&Type=search", "url2": "https://fukumaru-fukurou.com" }, "geometry": { "type": "Point", "coordinates": [ 130.780551532458361, 32.787024642462974 ] } },
{ "type": "Feature", "properties": { "内容": "リハセンターみどりの樹【通所介護】熊本市東区長嶺東5-28-11", "url": "https://www.kaigokensaku.mhlw.go.jp/43/index.php?action_kouhyou_detail_004_kani=true&JigyosyoCd=4370107437-00&ServiceCd=150&Type=search", "url2": "http://leaps-care.jp" }, "geometry": { "type": "Point", "coordinates": [ 130.779559100000029, 32.8270822 ] } },
{ "type": "Feature", "properties": { "内容": "デイサービスグランパーク戸島【通所介護】熊本県熊本市東区戸島6丁目16-52", "url": "https://www.kaigokensaku.mhlw.go.jp/43/index.php?action_kouhyou_detail_004_kani=true&JigyosyoCd=4370116057-00&ServiceCd=150&Type=search", "url2": "https://yunosato.jp/pages/425/" }, "geometry": { "type": "Point", "coordinates": [ 130.805615499999988, 32.8176874 ] } },
{ "type": "Feature", "properties": { "内容": "デイサービス　ひのと【通所介護】熊本県熊本市東区錦ヶ丘10番15号", "url": "https://www.kaigokensaku.mhlw.go.jp/43/index.php?action_kouhyou_detail_004_kani=true&JigyosyoCd=4370108195-00&ServiceCd=150&Type=search", "url2": null }, "geometry": { "type": "Point", "coordinates": [ 130.755033300000036, 32.7912185 ] } },
{ "type": "Feature", "properties": { "内容": "デイサービスセンターハーモニー【通所介護】熊本市東区秋津町秋田171－3", "url": "https://www.kaigokensaku.mhlw.go.jp/43/index.php?action_kouhyou_detail_004_kani=true&JigyosyoCd=4370101612-00&ServiceCd=150&Type=search", "url2": "http://harmony-k.or.jp" }, "geometry": { "type": "Point", "coordinates": [ 130.766274399999929, 32.7660569 ] } },
{ "type": "Feature", "properties": { "内容": "ﾘﾊﾋﾞﾘﾃｰｼｮﾝ･ｽﾀｼﾞｵaruco【通所介護】熊本市東区新南部1-1-61エクセレント新南部", "url": "https://www.kaigokensaku.mhlw.go.jp/43/index.php?action_kouhyou_detail_004_kani=true&JigyosyoCd=4370109896-00&ServiceCd=150&Type=search", "url2": "http://aruco.info/" }, "geometry": { "type": "Point", "coordinates": [ 130.743794699999967, 32.8164885 ] } },
{ "type": "Feature", "properties": { "内容": "指定通所介護事業所　るり苑【通所介護】熊本市東区上南部1丁目16-36", "url": "https://www.kaigokensaku.mhlw.go.jp/43/index.php?action_kouhyou_detail_004_kani=true&JigyosyoCd=4370103766-00&ServiceCd=150&Type=search", "url2": "http:/www.rurien.jimusho.jp" }, "geometry": { "type": "Point", "coordinates": [ 130.7663351, 32.8354729 ] } },
{ "type": "Feature", "properties": { "内容": "はーとまっぷ桜木デイサービスセンター【通所介護】熊本県熊本市東区桜木４丁目１７－１３", "url": "https://www.kaigokensaku.mhlw.go.jp/43/index.php?action_kouhyou_detail_004_kani=true&JigyosyoCd=4370110159-00&ServiceCd=150&Type=search", "url2": "http://www.kk-heartmap.com/" }, "geometry": { "type": "Point", "coordinates": [ 130.781514158335881, 32.784401004646021 ] } },
{ "type": "Feature", "properties": { "内容": "デイサービスこころ【通所介護】熊本県熊本市東区江津3丁目7－33", "url": "https://www.kaigokensaku.mhlw.go.jp/43/index.php?action_kouhyou_detail_004_kani=true&JigyosyoCd=4370113849-00&ServiceCd=150&Type=search", "url2": "http://yusuinsato.com" }, "geometry": { "type": "Point", "coordinates": [ 130.739733500000085, 32.7749528 ] } },
{ "type": "Feature", "properties": { "内容": "朋岳園地域介護サービスセンター【通所介護】熊本市東区石原２丁目4-10号", "url": "https://www.kaigokensaku.mhlw.go.jp/43/index.php?action_kouhyou_detail_004_kani=true&JigyosyoCd=4370100572-00&ServiceCd=150&Type=search", "url2": "http://www.hougakuen.com/" }, "geometry": { "type": "Point", "coordinates": [ 130.780961400000024, 32.841864 ] } },
{ "type": "Feature", "properties": { "内容": "デイサービスセンター福まる道場【通所介護】熊本県熊本市東区桜木５丁目９－５", "url": "https://www.kaigokensaku.mhlw.go.jp/43/index.php?action_kouhyou_detail_004_kani=true&JigyosyoCd=4372801102-00&ServiceCd=150&Type=search", "url2": "https://fukumaru-fukurou.com/day-fukumarudojo/" }, "geometry": { "type": "Point", "coordinates": [ 130.78039560000002, 32.7861027 ] } },
{ "type": "Feature", "properties": { "内容": "リハスタジオAsmo神園【通所介護】神園1丁目10-12", "url": "https://www.kaigokensaku.mhlw.go.jp/43/index.php?action_kouhyou_detail_004_kani=true&JigyosyoCd=4370116271-00&ServiceCd=150&Type=search", "url2": "https://www.globalcareservice.com/" }, "geometry": { "type": "Point", "coordinates": [ 130.781930414073173, 32.838124204139959 ] } },
{ "type": "Feature", "properties": { "内容": "デイサービスセンターなかよし【通所介護】熊本県熊本市東区尾ノ上3丁目3番1号", "url": "https://www.kaigokensaku.mhlw.go.jp/43/index.php?action_kouhyou_detail_004_kani=true&JigyosyoCd=4370101646-00&ServiceCd=150&Type=search", "url2": "swc.zinpukai.com" }, "geometry": { "type": "Point", "coordinates": [ 130.754941599999938, 32.7955487 ] } },
{ "type": "Feature", "properties": { "内容": "くまもとケアセンターそよ風【通所介護】熊本市東区山ノ内３－９ー２７", "url": "https://www.kaigokensaku.mhlw.go.jp/43/index.php?action_kouhyou_detail_004_kani=true&JigyosyoCd=4370102156-00&ServiceCd=150&Type=search", "url2": "http://www.sykz.co.jp" }, "geometry": { "type": "Point", "coordinates": [ 130.7652799, 32.7950101 ] } },
{ "type": "Feature", "properties": { "内容": "デイサービス錦ヶ丘【通所介護】熊本県熊本市東区錦ヶ丘２６番１１号", "url": "https://www.kaigokensaku.mhlw.go.jp/43/index.php?action_kouhyou_detail_004_kani=true&JigyosyoCd=4370105639-00&ServiceCd=150&Type=search", "url2": "http://yushin-wel.jp/" }, "geometry": { "type": "Point", "coordinates": [ 130.75858310000001, 32.7915269 ] } },
{ "type": "Feature", "properties": { "内容": "ヴィラ・ながみね【通所介護】熊本県熊本市東区長嶺南4丁目12番65号", "url": "https://www.kaigokensaku.mhlw.go.jp/43/index.php?action_kouhyou_detail_004_kani=true&JigyosyoCd=4370100705-00&ServiceCd=150&Type=search", "url2": "http://vira.or.jp/" }, "geometry": { "type": "Point", "coordinates": [ 130.774865, 32.807754 ] } },
{ "type": "Feature", "properties": { "内容": "秋津デイサービスセンター【通所介護】熊本市東区秋津３丁目１７番１７号", "url": "https://www.kaigokensaku.mhlw.go.jp/43/index.php?action_kouhyou_detail_004_kani=true&JigyosyoCd=4370101877-00&ServiceCd=150&Type=search", "url2": "http://ｋｓｆｊ.hinokuni-net.jp/" }, "geometry": { "type": "Point", "coordinates": [ 130.775134799999933, 32.7726452 ] } },
{ "type": "Feature", "properties": { "内容": "デイサービスセンターすずめ【通所介護】熊本市東区画図東１丁目８番４８号", "url": "https://www.kaigokensaku.mhlw.go.jp/43/index.php?action_kouhyou_detail_004_kani=true&JigyosyoCd=4370103501-00&ServiceCd=150&Type=search", "url2": "http://suzume.life.coocan.jp/" }, "geometry": { "type": "Point", "coordinates": [ 130.7485226, 32.768215 ] } },
{ "type": "Feature", "properties": { "内容": "ツクイ熊本東野【通所介護】熊本県熊本市東区東野1-16-16", "url": "https://www.kaigokensaku.mhlw.go.jp/43/index.php?action_kouhyou_detail_004_kani=true&JigyosyoCd=4370114441-00&ServiceCd=150&Type=search", "url2": "https://www.tsukui.net/home-care/2324" }, "geometry": { "type": "Point", "coordinates": [ 130.768123199999962, 32.775475 ] } },
{ "type": "Feature", "properties": { "内容": "リハビリ・デイサービスセンター「しん」【通所介護】熊本県熊本市東区小山７丁目７番地70号", "url": "https://www.kaigokensaku.mhlw.go.jp/43/index.php?action_kouhyou_detail_004_kani=true&JigyosyoCd=4370116156-00&ServiceCd=150&Type=search", "url2": "https://reha-shin.com/" }, "geometry": { "type": "Point", "coordinates": [ 130.803152399999988, 32.8322439 ] } },
{ "type": "Feature", "properties": { "内容": "リハセンターみどりの樹健軍【通所介護】熊本市東区健軍1-24-20", "url": "https://www.kaigokensaku.mhlw.go.jp/43/index.php?action_kouhyou_detail_004_kani=true&JigyosyoCd=4370109003-00&ServiceCd=150&Type=search", "url2": "http://leaps-care.jp" }, "geometry": { "type": "Point", "coordinates": [ 130.750916800000027, 32.786244 ] } },
{ "type": "Feature", "properties": { "内容": "ツクイ熊本長嶺【通所介護】熊本県熊本市東区長嶺南3-1-120", "url": "https://www.kaigokensaku.mhlw.go.jp/43/index.php?action_kouhyou_detail_004_kani=true&JigyosyoCd=4370114466-00&ServiceCd=150&Type=search", "url2": "https://www.tsukui.net/home-care/2612/" }, "geometry": { "type": "Point", "coordinates": [ 130.76918280000001, 32.8126472 ] } },
{ "type": "Feature", "properties": { "内容": "ニチイケアセンター保田窪【通所介護】熊本市東区保田窪4-10-68", "url": "https://www.kaigokensaku.mhlw.go.jp/43/index.php?action_kouhyou_detail_004_kani=true&JigyosyoCd=4370104350-00&ServiceCd=150&Type=search", "url2": null }, "geometry": { "type": "Point", "coordinates": [ 130.75818860000004, 32.8094225 ] } },
{ "type": "Feature", "properties": { "内容": "セントケア熊本せいら【通所介護】熊本県熊本市東区下江津八丁目１０－１４", "url": "https://www.kaigokensaku.mhlw.go.jp/43/index.php?action_kouhyou_detail_004_kani=true&JigyosyoCd=4370108617-00&ServiceCd=150&Type=search", "url2": null }, "geometry": { "type": "Point", "coordinates": [ 130.742669192729181, 32.767344178780839 ] } },
{ "type": "Feature", "properties": { "内容": "デイサービスセンター　花あかり【通所介護】長嶺南1丁目1－110", "url": "https://www.kaigokensaku.mhlw.go.jp/43/index.php?action_kouhyou_detail_004_kani=true&JigyosyoCd=4370113385-00&ServiceCd=150&Type=search", "url2": "https://soshin-care.co.jp/index.html" }, "geometry": { "type": "Point", "coordinates": [ 130.760754323942592, 32.808343808727535 ] } },
{ "type": "Feature", "properties": { "内容": "デイサービスセンター颯真【通所介護】御領1丁目10-30有料老人ホーム颯真", "url": "https://www.kaigokensaku.mhlw.go.jp/43/index.php?action_kouhyou_detail_004_kani=true&JigyosyoCd=4370115265-00&ServiceCd=150&Type=search", "url2": "https://soshin-care.co.jp/index.html" }, "geometry": { "type": "Point", "coordinates": [ 135.618131299999988, 34.716988 ] } },
{ "type": "Feature", "properties": { "内容": "画図重富苑デイサービスセンター【通所介護】熊本県熊本市東区画図町重富974-1", "url": "https://www.kaigokensaku.mhlw.go.jp/43/index.php?action_kouhyou_detail_004_kani=true&JigyosyoCd=4370116610-00&ServiceCd=150&Type=search", "url2": "https://k-zenrinkai.or.jp/" }, "geometry": { "type": "Point", "coordinates": [ 130.732570996838092, 32.756118432778145 ] } },
{ "type": "Feature", "properties": { "内容": "shine【通所介護】熊本県熊本市東区上南部1－7－43", "url": "https://www.kaigokensaku.mhlw.go.jp/43/index.php?action_kouhyou_detail_004_kani=true&JigyosyoCd=4370116776-00&ServiceCd=150&Type=search", "url2": "https://nstyle-kumamoto.com" }, "geometry": { "type": "Point", "coordinates": [ 130.7607545, 32.8330078 ] } },
{ "type": "Feature", "properties": { "内容": "デイサービスセンター　テラス江津湖【通所介護】熊本市東区広木町６番１号", "url": "https://www.kaigokensaku.mhlw.go.jp/43/index.php?action_kouhyou_detail_004_kani=true&JigyosyoCd=4370105787-00&ServiceCd=150&Type=search", "url2": "http://terraceezuko.otemo-yan.net/" }, "geometry": { "type": "Point", "coordinates": [ 130.752064, 32.7736757 ] } },
{ "type": "Feature", "properties": { "内容": "リハビリデイサービス　オリーブ新南部【通所介護】熊本県熊本市東区新南部6丁目２－５", "url": "https://www.kaigokensaku.mhlw.go.jp/43/index.php?action_kouhyou_detail_004_kani=true&JigyosyoCd=4370115471-00&ServiceCd=150&Type=search", "url2": "okajima-s.com" }, "geometry": { "type": "Point", "coordinates": [ 130.752461899999986, 32.817687 ] } },
{ "type": "Feature", "properties": { "内容": "シルバーピアさくら樹通所介護事業所【通所介護】熊本市東区佐土原3丁目12-26", "url": "https://www.kaigokensaku.mhlw.go.jp/43/index.php?action_kouhyou_detail_004_kani=true&JigyosyoCd=4370105027-00&ServiceCd=150&Type=search", "url2": "http://www.108kai.com" }, "geometry": { "type": "Point", "coordinates": [ 130.782317700000021, 32.7952965 ] } },
{ "type": "Feature", "properties": { "内容": "リハビリサポートユーアイ尾ノ上デイサービス【通所介護】熊本県熊本市東区尾ノ上2丁目21-10", "url": "https://www.kaigokensaku.mhlw.go.jp/43/index.php?action_kouhyou_detail_004_kani=true&JigyosyoCd=4370111843-00&ServiceCd=150&Type=search", "url2": "ui-kumamoto.jp" }, "geometry": { "type": "Point", "coordinates": [ 130.758120243516487, 32.792002124250445 ] } },
{ "type": "Feature", "properties": { "内容": "通所介護事業所　白川の里【通所介護】熊本市東区小山町２４９３番地", "url": "https://www.kaigokensaku.mhlw.go.jp/43/index.php?action_kouhyou_detail_004_kani=true&JigyosyoCd=4370106835-00&ServiceCd=150&Type=search", "url2": "http://shirakawa.ed.jp/" }, "geometry": { "type": "Point", "coordinates": [ 130.810450599999967, 32.8345786 ] } },
{ "type": "Feature", "properties": { "内容": "歩行リハビリセンターＨＯＫＯＲＵ健軍【通所介護】東区健軍1丁目37－6", "url": "https://www.kaigokensaku.mhlw.go.jp/43/index.php?action_kouhyou_detail_004_kani=true&JigyosyoCd=4370109482-00&ServiceCd=150&Type=search", "url2": "http://www.hokoru.com/" }, "geometry": { "type": "Point", "coordinates": [ 130.753312060582715, 32.78650800917962 ] } },
{ "type": "Feature", "properties": { "内容": "デイサービスひこ【通所介護】熊本県熊本市東区三郎2丁目22番8号ウィル帯山南１階", "url": "https://www.kaigokensaku.mhlw.go.jp/43/index.php?action_kouhyou_detail_004_kani=true&JigyosyoCd=4370112668-00&ServiceCd=150&Type=search", "url2": "https://www.welfare-kumamoto.com" }, "geometry": { "type": "Point", "coordinates": [ 130.760446799999954, 32.7983125 ] } },
{ "type": "Feature", "properties": { "内容": "デイサービス　すみれ【通所介護】熊本県熊本市東区長嶺西二丁目15番124号ケアホーム　花梨東館", "url": "https://www.kaigokensaku.mhlw.go.jp/43/index.php?action_kouhyou_detail_004_kani=true&JigyosyoCd=4370113146-00&ServiceCd=150&Type=search", "url2": "http://karin-eiseikai.com/" }, "geometry": { "type": "Point", "coordinates": [ 130.76634910000007, 32.815636 ] } },
{ "type": "Feature", "properties": { "内容": "ウェルフェア熊本　江津湖店【通所介護】熊本県熊本市東区江津1丁目30-16", "url": "https://www.kaigokensaku.mhlw.go.jp/43/index.php?action_kouhyou_detail_004_kani=true&JigyosyoCd=4370113526-00&ServiceCd=150&Type=search", "url2": "https://www.welfare‐kumamoto.com" }, "geometry": { "type": "Point", "coordinates": [ 130.73785440000006, 32.7796474 ] } },
{ "type": "Feature", "properties": { "内容": "Let’sリハ！健軍店【通所介護】熊本県熊本市東区健軍1-281-10", "url": "https://www.kaigokensaku.mhlw.go.jp/43/index.php?action_kouhyou_detail_004_kani=true&JigyosyoCd=4370114755-00&ServiceCd=150&Type=search", "url2": "https://www.lets-reha.jp/" }, "geometry": { "type": "Point", "coordinates": [ 130.7507005, 32.7865001 ] } },
{ "type": "Feature", "properties": { "内容": "通所介護事業所サンテあかつき【通所介護】熊本県熊本市東区戸島西2丁目4番50号", "url": "https://www.kaigokensaku.mhlw.go.jp/43/index.php?action_kouhyou_detail_004_kani=true&JigyosyoCd=4370115604-00&ServiceCd=150&Type=search", "url2": "https://shirakawa.ed.jp" }, "geometry": { "type": "Point", "coordinates": [ 130.782223406745914, 32.812532670343714 ] } },
{ "type": "Feature", "properties": { "内容": "リハビリテーション特化型デイサービス　SOWAKA【通所介護】熊本県熊本市東区月出2丁目4−42", "url": "https://www.kaigokensaku.mhlw.go.jp/43/index.php?action_kouhyou_detail_004_kani=true&JigyosyoCd=4370114631-00&ServiceCd=150&Type=search", "url2": "http://sowaka.info" }, "geometry": { "type": "Point", "coordinates": [ 130.7619708, 32.8029759 ] } },
{ "type": "Feature", "properties": { "内容": "たっくリハ・デイサービスセンター【通所介護】熊本県熊本市東区上南部２丁目１番６７号", "url": "https://www.kaigokensaku.mhlw.go.jp/43/index.php?action_kouhyou_detail_004_kani=true&JigyosyoCd=4370107601-00&ServiceCd=150&Type=search", "url2": "http://www.kumasuma.co.jp" }, "geometry": { "type": "Point", "coordinates": [ 130.765754600000037, 32.8287652 ] } },
{ "type": "Feature", "properties": { "内容": "リハライフ御領【通所介護】御領6丁目7-1デザイナーズマンションＥＤ", "url": "https://www.kaigokensaku.mhlw.go.jp/43/index.php?action_kouhyou_detail_004_kani=true&JigyosyoCd=4370115679-00&ServiceCd=150&Type=search", "url2": null }, "geometry": { "type": "Point", "coordinates": [ 130.7726055, 32.8308269 ] } },
{ "type": "Feature", "properties": { "内容": "自己選択型デイサービス「くるみの村」【通所介護】渡鹿8丁目1-70くるみの森ふれあい棟", "url": "https://www.kaigokensaku.mhlw.go.jp/43/index.php?action_kouhyou_detail_004_kani=true&JigyosyoCd=4370110092-00&ServiceCd=150&Type=search", "url2": "http://kuruminomori.jp/" }, "geometry": { "type": "Point", "coordinates": [ 130.741217, 32.8098141 ] } },
{ "type": "Feature", "properties": { "内容": "Let's　リハ！inthemallサンピアン店【通所介護】熊本県熊本市東区上南部2丁目2-2ゆめタウンサンピアン3階", "url": "https://www.kaigokensaku.mhlw.go.jp/43/index.php?action_kouhyou_detail_004_kani=true&JigyosyoCd=4370111678-00&ServiceCd=150&Type=search", "url2": "http://www.sakurajyuji.or.jp/service/dayservice/" }, "geometry": { "type": "Point", "coordinates": [ 130.763393700000051, 32.8271404 ] } },
{ "type": "Feature", "properties": { "内容": "デイサービスセンター　せせらぎ【通所介護】熊本県熊本市東区八反田3-23-13", "url": "https://www.kaigokensaku.mhlw.go.jp/43/index.php?action_kouhyou_detail_004_kani=true&JigyosyoCd=4370112437-00&ServiceCd=150&Type=search", "url2": "https://www.silver-unix.com/" }, "geometry": { "type": "Point", "coordinates": [ 130.773329099999955, 32.823052 ] } },
{ "type": "Feature", "properties": { "内容": "デイサービス　令寿【通所介護】長嶺東2丁目２８－８０", "url": "https://www.kaigokensaku.mhlw.go.jp/43/index.php?action_kouhyou_detail_004_kani=true&JigyosyoCd=4370114540-00&ServiceCd=150&Type=search", "url2": "https://www.takumakai.or.jp" }, "geometry": { "type": "Point", "coordinates": [ 130.773654099999987, 32.821728 ] } },
{ "type": "Feature", "properties": { "内容": "デイサービスグランパーク八反田【通所介護】熊本県熊本市東区八反田3丁目8-26", "url": "https://www.kaigokensaku.mhlw.go.jp/43/index.php?action_kouhyou_detail_004_kani=true&JigyosyoCd=4370116891-00&ServiceCd=150&Type=search", "url2": "https://yunosato.jp/" }, "geometry": { "type": "Point", "coordinates": [ 130.768754199999989, 32.819571 ] } },
{ "type": "Feature", "properties": { "内容": "あおぞらの里　西原デイサービスセンター【通所介護】熊本県熊本市東区西原二丁目35番41号", "url": "https://www.kaigokensaku.mhlw.go.jp/43/index.php?action_kouhyou_detail_004_kani=true&JigyosyoCd=4370113716-00&ServiceCd=150&Type=search", "url2": "https://www.cedar-group.co.jp" }, "geometry": { "type": "Point", "coordinates": [ 130.758794699999953, 32.8168545 ] } },
{ "type": "Feature", "properties": { "内容": "江津しょうぶ苑　デイサービスセンター【通所介護】熊本県熊本市東区画図町所島1023-1", "url": "https://www.kaigokensaku.mhlw.go.jp/43/index.php?action_kouhyou_detail_004_kani=true&JigyosyoCd=4370113864-00&ServiceCd=150&Type=search", "url2": "https://shoubuen.com/" }, "geometry": { "type": "Point", "coordinates": [ 130.734564543014841, 32.772142589031624 ] } },
{ "type": "Feature", "properties": { "内容": "デイサービスセンター城山の舎【通所介護】熊本市西区城山下代3丁目1番26号", "url": "https://www.kaigokensaku.mhlw.go.jp/43/index.php?action_kouhyou_detail_004_kani=true&JigyosyoCd=4370103022-00&ServiceCd=150&Type=search", "url2": "http://www.ikeda-naika.or.jp/index.html" }, "geometry": { "type": "Point", "coordinates": [ 130.65559380000002, 32.7766633 ] } },
{ "type": "Feature", "properties": { "内容": "デイサービス　縁なごみ【通所介護】熊本県熊本市西区小島９丁目１番５０号", "url": "https://www.kaigokensaku.mhlw.go.jp/43/index.php?action_kouhyou_detail_004_kani=true&JigyosyoCd=4370113815-00&ServiceCd=150&Type=search", "url2": "https://www.living-sp.com/" }, "geometry": { "type": "Point", "coordinates": [ 130.632245799999964, 32.7801145 ] } },
{ "type": "Feature", "properties": { "内容": "ウイルケアデイサービスセンター「はなの丘」【通所介護】熊本県熊本市西区島崎2丁目26番46号", "url": "https://www.kaigokensaku.mhlw.go.jp/43/index.php?action_kouhyou_detail_004_kani=true&JigyosyoCd=4370107049-00&ServiceCd=150&Type=search", "url2": null }, "geometry": { "type": "Point", "coordinates": [ 130.688829540475467, 32.807607924452043 ] } },
{ "type": "Feature", "properties": { "内容": "デイサービス夢眠じょうざん【通所介護】熊本県熊本市西区城山下代3丁目1番26号", "url": "https://www.kaigokensaku.mhlw.go.jp/43/index.php?action_kouhyou_detail_004_kani=true&JigyosyoCd=4370115109-00&ServiceCd=150&Type=search", "url2": null }, "geometry": { "type": "Point", "coordinates": [ 130.655624899999964, 32.7766768 ] } },
{ "type": "Feature", "properties": { "内容": "デイサービスセンター　てんてんてまり【通所介護】西区河内町野出61-13", "url": "https://www.kaigokensaku.mhlw.go.jp/43/index.php?action_kouhyou_detail_004_kani=true&JigyosyoCd=4370104236-00&ServiceCd=150&Type=search", "url2": "http://modern-girl.jp/" }, "geometry": { "type": "Point", "coordinates": [ 130.6967237, 32.8026938 ] } },
{ "type": "Feature", "properties": { "内容": "デイサービスセンターはるかぜ【通所介護】熊本県熊本市西区春日4丁目18番28号地域包括ケア　杏心の丘２F", "url": "https://www.kaigokensaku.mhlw.go.jp/43/index.php?action_kouhyou_detail_004_kani=true&JigyosyoCd=4370110563-00&ServiceCd=150&Type=search", "url2": "http://www.seisinkai.or.jp" }, "geometry": { "type": "Point", "coordinates": [ 130.685998899999959, 32.7943006 ] } },
{ "type": "Feature", "properties": { "内容": "デイサービス夢眠おしま【通所介護】小島九丁目1番50号", "url": "https://www.kaigokensaku.mhlw.go.jp/43/index.php?action_kouhyou_detail_004_kani=true&JigyosyoCd=4370116040-00&ServiceCd=150&Type=search", "url2": "http://muminhome.jp/oshima/" }, "geometry": { "type": "Point", "coordinates": [ 135.516799, 34.6689664 ] } },
{ "type": "Feature", "properties": { "内容": "リバーサイド熊本　通所介護【通所介護】熊本市西区河内町野出　１９３６－１", "url": "https://www.kaigokensaku.mhlw.go.jp/43/index.php?action_kouhyou_detail_004_kani=true&JigyosyoCd=4370101307-00&ServiceCd=150&Type=search", "url2": "http://www.kumamotokousei.jp" }, "geometry": { "type": "Point", "coordinates": [ 130.627433600000018, 32.8263721 ] } },
{ "type": "Feature", "properties": { "内容": "インターケアデイサービスセンター【通所介護】熊本市西区谷尾崎町985-6", "url": "https://www.kaigokensaku.mhlw.go.jp/43/index.php?action_kouhyou_detail_004_kani=true&JigyosyoCd=4370104327-00&ServiceCd=150&Type=search", "url2": "http://www.intercare.co.jp/" }, "geometry": { "type": "Point", "coordinates": [ 130.673505400000067, 32.8004834 ] } },
{ "type": "Feature", "properties": { "内容": "生活リハビリ館【通所介護】熊本市西区上代１丁目１９－１０", "url": "https://www.kaigokensaku.mhlw.go.jp/43/index.php?action_kouhyou_detail_004_kani=true&JigyosyoCd=4370103444-00&ServiceCd=150&Type=search", "url2": "http://life-reha.com" }, "geometry": { "type": "Point", "coordinates": [ 130.669064599999956, 32.7832794 ] } },
{ "type": "Feature", "properties": { "内容": "はなぞのケアセンター通所介護【通所介護】熊本市西区花園7丁目25-23", "url": "https://www.kaigokensaku.mhlw.go.jp/43/index.php?action_kouhyou_detail_004_kani=true&JigyosyoCd=4370106405-00&ServiceCd=150&Type=search", "url2": "http://www.shunkokai.jp/" }, "geometry": { "type": "Point", "coordinates": [ 130.69070929999998, 32.8261533 ] } },
{ "type": "Feature", "properties": { "内容": "デイサービスアルク【通所介護】熊本県熊本市西区上代3-2-45", "url": "https://www.kaigokensaku.mhlw.go.jp/43/index.php?action_kouhyou_detail_004_kani=true&JigyosyoCd=4370112320-00&ServiceCd=150&Type=search", "url2": "http://aruk-kumamoto.jp/" }, "geometry": { "type": "Point", "coordinates": [ 130.672266152114844, 32.779412361171282 ] } },
{ "type": "Feature", "properties": { "内容": "社会福祉法人聖母会　聖母の丘指定通所介護事業所【通所介護】熊本県熊本市西区島崎6丁目1番27号", "url": "https://www.kaigokensaku.mhlw.go.jp/43/index.php?action_kouhyou_detail_004_kani=true&JigyosyoCd=4370101133-00&ServiceCd=150&Type=search", "url2": "http://www6.ocn.ne.jp/~seibo/" }, "geometry": { "type": "Point", "coordinates": [ 130.690988399999981, 32.8117691 ] } },
{ "type": "Feature", "properties": { "内容": "長寿の里デイサービスセンター【通所介護】熊本市西区城山薬師2-10-10", "url": "https://www.kaigokensaku.mhlw.go.jp/43/index.php?action_kouhyou_detail_004_kani=true&JigyosyoCd=4370101869-00&ServiceCd=150&Type=search", "url2": "http://ksfj.hinokuni-net.jp/" }, "geometry": { "type": "Point", "coordinates": [ 130.646708399999966, 32.7712885 ] } },
{ "type": "Feature", "properties": { "内容": "三和荘通所介護事業所【通所介護】熊本県熊本市西区城山大塘4丁目1番15号", "url": "https://www.kaigokensaku.mhlw.go.jp/43/index.php?action_kouhyou_detail_004_kani=true&JigyosyoCd=4370101158-00&ServiceCd=150&Type=search", "url2": "http://sanwaso.jp/" }, "geometry": { "type": "Point", "coordinates": [ 130.651416, 32.7848791 ] } },
{ "type": "Feature", "properties": { "内容": "三和苑デイサービスセンター【通所介護】熊本市西区城山下代３丁目６－５", "url": "https://www.kaigokensaku.mhlw.go.jp/43/index.php?action_kouhyou_detail_004_kani=true&JigyosyoCd=4370106025-00&ServiceCd=150&Type=search", "url2": "http://sanwaso.jp/" }, "geometry": { "type": "Point", "coordinates": [ 130.651563500000066, 32.7770937 ] } },
{ "type": "Feature", "properties": { "内容": "ケアライフ春日デイサービスセンター【通所介護】熊本県熊本市西区春日７丁目１６－１２", "url": "https://www.kaigokensaku.mhlw.go.jp/43/index.php?action_kouhyou_detail_004_kani=true&JigyosyoCd=4370107239-00&ServiceCd=150&Type=search", "url2": "http://www.bestlife1165.com" }, "geometry": { "type": "Point", "coordinates": [ 130.680930100000069, 32.7863235 ] } },
{ "type": "Feature", "properties": { "内容": "デイサービスセンター　みかんの丘【通所介護】熊本県熊本市西区河内町白浜字堀切1440-2", "url": "https://www.kaigokensaku.mhlw.go.jp/43/index.php?action_kouhyou_detail_004_kani=true&JigyosyoCd=4370104616-00&ServiceCd=150&Type=search", "url2": "https://mikan-oka.om" }, "geometry": { "type": "Point", "coordinates": [ 130.601537411553181, 32.845337166118817 ] } },
{ "type": "Feature", "properties": { "内容": "デイサービスセンター　みかんの花【通所介護】熊本県熊本市池上町774番地有料老人ホームひかり内", "url": "https://www.kaigokensaku.mhlw.go.jp/43/index.php?action_kouhyou_detail_004_kani=true&JigyosyoCd=4370111389-00&ServiceCd=150&Type=search", "url2": "https://mikan-oka.com" }, "geometry": { "type": "Point", "coordinates": [ 130.673743522437235, 32.789260518395473 ] } },
{ "type": "Feature", "properties": { "内容": "デイサービスセンターみかんの木【通所介護】熊本県熊本市西区池上町516-1", "url": "https://www.kaigokensaku.mhlw.go.jp/43/index.php?action_kouhyou_detail_004_kani=true&JigyosyoCd=4370113567-00&ServiceCd=150&Type=search", "url2": null }, "geometry": { "type": "Point", "coordinates": [ 130.673114700000042, 32.7923059 ] } },
{ "type": "Feature", "properties": { "内容": "わんどう【通所介護】熊本市西区河内町河内1525番地", "url": "https://www.kaigokensaku.mhlw.go.jp/43/index.php?action_kouhyou_detail_004_kani=true&JigyosyoCd=4370105035-00&ServiceCd=150&Type=search", "url2": null }, "geometry": { "type": "Point", "coordinates": [ 130.594065155233835, 32.822927335572402 ] } },
{ "type": "Feature", "properties": { "内容": "パピルス【通所介護】熊本市西区横手5丁目4-11", "url": "https://www.kaigokensaku.mhlw.go.jp/43/index.php?action_kouhyou_detail_004_kani=true&JigyosyoCd=4370110126-00&ServiceCd=150&Type=search", "url2": "http://www.calm-life.com/f07/" }, "geometry": { "type": "Point", "coordinates": [ 130.688387898776654, 32.804331643355241 ] } },
{ "type": "Feature", "properties": { "内容": "エルダージム横手【通所介護】熊本県熊本市西区横手4-10-33", "url": "https://www.kaigokensaku.mhlw.go.jp/43/index.php?action_kouhyou_detail_004_kani=true&JigyosyoCd=4370113682-00&ServiceCd=150&Type=search", "url2": null }, "geometry": { "type": "Point", "coordinates": [ 130.6874657, 32.8017444 ] } },
{ "type": "Feature", "properties": { "内容": "Let‘ｓヴォルリハ！熊本駅店【通所介護】熊本県熊本市西区春日3丁目24番1号JR熊本春日北ビル2階", "url": "https://www.kaigokensaku.mhlw.go.jp/43/index.php?action_kouhyou_detail_004_kani=true&JigyosyoCd=4370116420-00&ServiceCd=150&Type=search", "url2": "https://www.lets-reha.jp/" }, "geometry": { "type": "Point", "coordinates": [ 130.68789670000001, 32.7900677 ] } },
{ "type": "Feature", "properties": { "内容": "パナソニックエイジフリーケアセンター上熊本・デイサービス【通所介護】熊本県熊本市西区花園1丁目4-2", "url": "https://www.kaigokensaku.mhlw.go.jp/43/index.php?action_kouhyou_detail_004_kani=true&JigyosyoCd=4370113120-00&ServiceCd=150&Type=search", "url2": null }, "geometry": { "type": "Point", "coordinates": [ 130.697830899999985, 32.8128769 ] } },
{ "type": "Feature", "properties": { "内容": "ツクイ熊本田井島【通所介護】熊本市南区田井島2丁目1番6号", "url": "https://www.kaigokensaku.mhlw.go.jp/43/index.php?action_kouhyou_detail_004_kani=true&JigyosyoCd=4370106827-00&ServiceCd=150&Type=search", "url2": "http://www.tsukui.net" }, "geometry": { "type": "Point", "coordinates": [ 130.718849699999964, 32.7658874 ] } },
{ "type": "Feature", "properties": { "内容": "デイサービスFureai【通所介護】熊本県熊本市南区近見八丁目１４番５５号", "url": "https://www.kaigokensaku.mhlw.go.jp/43/index.php?action_kouhyou_detail_004_kani=true&JigyosyoCd=4370111934-00&ServiceCd=150&Type=search", "url2": "yuukousha.com" }, "geometry": { "type": "Point", "coordinates": [ 130.694877099999985, 32.7545321 ] } },
{ "type": "Feature", "properties": { "内容": "デイサービスきたえるーむ熊本南【通所介護】熊本県熊本市南区出仲間9-5-10スペーシアビル１F", "url": "https://www.kaigokensaku.mhlw.go.jp/43/index.php?action_kouhyou_detail_004_kani=true&JigyosyoCd=4370115299-00&ServiceCd=150&Type=search", "url2": "https://kitaeroom.com/shop/post-16.shtml" }, "geometry": { "type": "Point", "coordinates": [ 130.720989800000012, 32.7722922 ] } },
{ "type": "Feature", "properties": { "内容": "Let’ｓリハ！御幸【通所介護】南区御幸笛田７丁目１５番3号", "url": "https://www.kaigokensaku.mhlw.go.jp/43/index.php?action_kouhyou_detail_004_kani=true&JigyosyoCd=4370109557-00&ServiceCd=150&Type=search", "url2": "http://www.hospitalment.co.jp/" }, "geometry": { "type": "Point", "coordinates": [ 130.715465751589903, 32.754873908908792 ] } },
{ "type": "Feature", "properties": { "内容": "天寿園デイサービスセンター【通所介護】熊本市南区奥古閑町４３７５番1", "url": "https://www.kaigokensaku.mhlw.go.jp/43/index.php?action_kouhyou_detail_004_kani=true&JigyosyoCd=4370101851-00&ServiceCd=150&Type=search", "url2": "https://fuku-juryo.jp" }, "geometry": { "type": "Point", "coordinates": [ 130.620838899999967, 32.7294554 ] } },
{ "type": "Feature", "properties": { "内容": "デイサービスセンター　なのはな【通所介護】熊本市南区会富町1120", "url": "https://www.kaigokensaku.mhlw.go.jp/43/index.php?action_kouhyou_detail_004_kani=true&JigyosyoCd=4370101653-00&ServiceCd=150&Type=search", "url2": "http://www.akita-hospital.or.jp/" }, "geometry": { "type": "Point", "coordinates": [ 130.654130799999962, 32.7521293 ] } },
{ "type": "Feature", "properties": { "内容": "デイサービス刈草3丁目【通所介護】熊本県熊本市南区刈草3丁目3－15サービス付き高齢者向け住宅「愛莉園・力合」", "url": "https://www.kaigokensaku.mhlw.go.jp/43/index.php?action_kouhyou_detail_004_kani=true&JigyosyoCd=4370106348-00&ServiceCd=150&Type=search", "url2": "http://seiwa-kaigo.com" }, "geometry": { "type": "Point", "coordinates": [ 130.678808900000035, 32.7595454 ] } },
{ "type": "Feature", "properties": { "内容": "デイサービスセンター　みのりのさと【通所介護】熊本県熊本市南区城南町六田535番地", "url": "https://www.kaigokensaku.mhlw.go.jp/43/index.php?action_kouhyou_detail_004_kani=true&JigyosyoCd=4370107460-00&ServiceCd=150&Type=search", "url2": "http://minori-sato.com" }, "geometry": { "type": "Point", "coordinates": [ 130.716410900000028, 32.706592600000022 ] } },
{ "type": "Feature", "properties": { "内容": "デイサービス　ちひろ【通所介護】熊本県熊本市南区良町5丁目15番地23号", "url": "https://www.kaigokensaku.mhlw.go.jp/43/index.php?action_kouhyou_detail_004_kani=true&JigyosyoCd=4370115455-00&ServiceCd=150&Type=search", "url2": null }, "geometry": { "type": "Point", "coordinates": [ 130.7212433, 32.7548136 ] } },
{ "type": "Feature", "properties": { "内容": "生活応援デイサービス　「エール」【通所介護】城南町舞原無番地なごみ南棟", "url": "https://www.kaigokensaku.mhlw.go.jp/43/index.php?action_kouhyou_detail_004_kani=true&JigyosyoCd=4370115851-00&ServiceCd=150&Type=search", "url2": "https://www.ksr-hospital.jp/" }, "geometry": { "type": "Point", "coordinates": [ 130.750460701897254, 32.715476584136781 ] } },
{ "type": "Feature", "properties": { "内容": "デイサービスセンターゆうとぴあ【通所介護】熊本県熊本市南区富合町古閑994番地1", "url": "https://www.kaigokensaku.mhlw.go.jp/43/index.php?action_kouhyou_detail_004_kani=true&JigyosyoCd=4372300592-00&ServiceCd=150&Type=search", "url2": "https://wasoukai.com" }, "geometry": { "type": "Point", "coordinates": [ 130.676527800000031, 32.7093357 ] } },
{ "type": "Feature", "properties": { "内容": "みゆき園デイサービスセンター通所介護事業所【通所介護】熊本県熊本市南区御幸笛田６丁目６番７１号", "url": "https://www.kaigokensaku.mhlw.go.jp/43/index.php?action_kouhyou_detail_004_kani=true&JigyosyoCd=4370101422-00&ServiceCd=150&Type=search", "url2": "http://miyukinosato.or.jp" }, "geometry": { "type": "Point", "coordinates": [ 130.710841963229313, 32.758339663748274 ] } },
{ "type": "Feature", "properties": { "内容": "ケアサポートメロンDEKIRU【通所介護】熊本県熊本市南区日吉2丁目14-10", "url": "https://www.kaigokensaku.mhlw.go.jp/43/index.php?action_kouhyou_detail_004_kani=true&JigyosyoCd=4370115778-00&ServiceCd=150&Type=search", "url2": "https://www.care-melon.co.jp/" }, "geometry": { "type": "Point", "coordinates": [ 130.6830819, 32.7580734 ] } },
{ "type": "Feature", "properties": { "内容": "シルバー日吉　デイサービスセンター【通所介護】熊本県熊本市南区平成2丁目６－９", "url": "https://www.kaigokensaku.mhlw.go.jp/43/index.php?action_kouhyou_detail_004_kani=true&JigyosyoCd=4370101398-00&ServiceCd=150&Type=search", "url2": "http://care-net.biz/43/silver" }, "geometry": { "type": "Point", "coordinates": [ 130.702675699999986, 32.7781719 ] } },
{ "type": "Feature", "properties": { "内容": "ケアサポート　メロン【通所介護】熊本市南区日吉２丁目３-８４", "url": "https://www.kaigokensaku.mhlw.go.jp/43/index.php?action_kouhyou_detail_004_kani=true&JigyosyoCd=4370107015-00&ServiceCd=150&Type=search", "url2": "http://www.care-melon.co.jp/" }, "geometry": { "type": "Point", "coordinates": [ 130.685483299999987, 32.7598342 ] } },
{ "type": "Feature", "properties": { "内容": "デイサービスセンターヴィーヴルへいせい【通所介護】熊本市南区田迎1-7-9", "url": "https://www.kaigokensaku.mhlw.go.jp/43/index.php?action_kouhyou_detail_004_kani=true&JigyosyoCd=4370102834-00&ServiceCd=150&Type=search", "url2": "http://www.vivre-kaigo.com" }, "geometry": { "type": "Point", "coordinates": [ 130.708475200000066, 32.7763806 ] } },
{ "type": "Feature", "properties": { "内容": "ケアサポートメロン３Ｒ【通所介護】熊本市南区日吉２丁目３－８１", "url": "https://www.kaigokensaku.mhlw.go.jp/43/index.php?action_kouhyou_detail_004_kani=true&JigyosyoCd=4370108435-00&ServiceCd=150&Type=search", "url2": "http://www.care-melon.co.jp" }, "geometry": { "type": "Point", "coordinates": [ 130.685383300000012, 32.759712 ] } },
{ "type": "Feature", "properties": { "内容": "デイサービス　ヒルサイドガーデン大樹【通所介護】熊本市南区城南町今吉野989", "url": "https://www.kaigokensaku.mhlw.go.jp/43/index.php?action_kouhyou_detail_004_kani=true&JigyosyoCd=4370109177-00&ServiceCd=150&Type=search", "url2": null }, "geometry": { "type": "Point", "coordinates": [ 130.733665888360633, 32.715574249196976 ] } },
{ "type": "Feature", "properties": { "内容": "ツクイ熊本田井島【通所介護】熊本県熊本市南区田井島２丁目１番６号", "url": "https://www.kaigokensaku.mhlw.go.jp/43/index.php?action_kouhyou_detail_004_kani=true&JigyosyoCd=4370114516-00&ServiceCd=150&Type=search", "url2": "https://www.tsukui.net/home-care/2463" }, "geometry": { "type": "Point", "coordinates": [ 130.718842961580378, 32.766033246330586 ] } },
{ "type": "Feature", "properties": { "内容": "笑みの樹デイサービスセンター【通所介護】熊本県熊本市南区御幸笛田五丁目２番８号", "url": "https://www.kaigokensaku.mhlw.go.jp/43/index.php?action_kouhyou_detail_004_kani=true&JigyosyoCd=4370107502-00&ServiceCd=150&Type=search", "url2": "http://eminoki.info" }, "geometry": { "type": "Point", "coordinates": [ 130.714424598464234, 32.759509977437702 ] } },
{ "type": "Feature", "properties": { "内容": "こぼり苑デイサービスセンター【通所介護】熊本市南区護藤町1586", "url": "https://www.kaigokensaku.mhlw.go.jp/43/index.php?action_kouhyou_detail_004_kani=true&JigyosyoCd=4370101125-00&ServiceCd=150&Type=search", "url2": "http://www.koborien.or.jp" }, "geometry": { "type": "Point", "coordinates": [ 130.673462500000028, 32.749290700000024 ] } },
{ "type": "Feature", "properties": { "内容": "Let'sリハ！近見店【通所介護】熊本県熊本市南区日吉1₋1₋7", "url": "https://www.kaigokensaku.mhlw.go.jp/43/index.php?action_kouhyou_detail_004_kani=true&JigyosyoCd=4370113690-00&ServiceCd=150&Type=search", "url2": "https://www.sakurajyuji.or.jp/service/dayservice/" }, "geometry": { "type": "Point", "coordinates": [ 130.688255300000037, 32.7602807 ] } },
{ "type": "Feature", "properties": { "内容": "デイサービスセンターわらべ【通所介護】熊本県熊本市南区富合町木原１４６０－２", "url": "https://www.kaigokensaku.mhlw.go.jp/43/index.php?action_kouhyou_detail_004_kani=true&JigyosyoCd=4372300931-00&ServiceCd=150&Type=search", "url2": "https://aelcare.co.jp/" }, "geometry": { "type": "Point", "coordinates": [ 130.700967799999944, 32.7052534 ] } },
{ "type": "Feature", "properties": { "内容": "デイサービスさんくす【通所介護】熊本県熊本市南区南高江5-1-56", "url": "https://www.kaigokensaku.mhlw.go.jp/43/index.php?action_kouhyou_detail_004_kani=true&JigyosyoCd=4370104723-00&ServiceCd=150&Type=search", "url2": "まごころ.jp" }, "geometry": { "type": "Point", "coordinates": [ 130.687401045538337, 32.752154088110288 ] } },
{ "type": "Feature", "properties": { "内容": "リハビリテーション重視型デイサービス　リハケアくまもと【通所介護】熊本県熊本市　南区幸田2丁目１－３２", "url": "https://www.kaigokensaku.mhlw.go.jp/43/index.php?action_kouhyou_detail_004_kani=true&JigyosyoCd=4370108203-00&ServiceCd=150&Type=search", "url2": "https://total-life-care.jp/rihacare/" }, "geometry": { "type": "Point", "coordinates": [ 130.7133417, 32.767737 ] } },
{ "type": "Feature", "properties": { "内容": "リハビリデイみなみ【通所介護】熊本県熊本市南区川尻４－４－２２", "url": "https://www.kaigokensaku.mhlw.go.jp/43/index.php?action_kouhyou_detail_004_kani=true&JigyosyoCd=4370108948-00&ServiceCd=150&Type=search", "url2": "まごごろ.jp" }, "geometry": { "type": "Point", "coordinates": [ 130.683634100000063, 32.738613900000018 ] } },
{ "type": "Feature", "properties": { "内容": "デイサービス陽向城南事業所【通所介護】熊本県熊本市南区城南町下宮地918-1", "url": "https://www.kaigokensaku.mhlw.go.jp/43/index.php?action_kouhyou_detail_004_kani=true&JigyosyoCd=4370111371-00&ServiceCd=150&Type=search", "url2": "https://hi-na-ta.jp" }, "geometry": { "type": "Point", "coordinates": [ 130.721794381166006, 32.704085774427703 ] } },
{ "type": "Feature", "properties": { "内容": "デイサービス　5【通所介護】白藤二丁目5番1号", "url": "https://www.kaigokensaku.mhlw.go.jp/43/index.php?action_kouhyou_detail_004_kani=true&JigyosyoCd=4370114383-00&ServiceCd=150&Type=search", "url2": "まごころ.jp" }, "geometry": { "type": "Point", "coordinates": [ 130.679526, 32.74916 ] } },
{ "type": "Feature", "properties": { "内容": "デイサービス　そよ風の丘さんさん【通所介護】熊本県熊本市南区城南町さんさん1丁目5-8", "url": "https://www.kaigokensaku.mhlw.go.jp/43/index.php?action_kouhyou_detail_004_kani=true&JigyosyoCd=4370114979-00&ServiceCd=150&Type=search", "url2": null }, "geometry": { "type": "Point", "coordinates": [ 130.738963, 32.7143886 ] } },
{ "type": "Feature", "properties": { "内容": "生活リハビリテーション重視型デイサービス四季彩【通所介護】熊本県熊本市南区南田尻471", "url": "https://www.kaigokensaku.mhlw.go.jp/43/index.php?action_kouhyou_detail_004_kani=true&JigyosyoCd=4370115968-00&ServiceCd=150&Type=search", "url2": "https://total-life-care.jp/facility/sikisai/" }, "geometry": { "type": "Point", "coordinates": [ 130.6769328168198, 32.699865980718087 ] } },
{ "type": "Feature", "properties": { "内容": "祥麟館デイサービスセンター【通所介護】熊本県熊本市南区城南町沈目１５１３", "url": "https://www.kaigokensaku.mhlw.go.jp/43/index.php?action_kouhyou_detail_004_kani=true&JigyosyoCd=4372300709-00&ServiceCd=150&Type=search", "url2": "http://www.k-group.jp/" }, "geometry": { "type": "Point", "coordinates": [ 130.750391892590301, 32.697020057467206 ] } },
{ "type": "Feature", "properties": { "内容": "吉野乃丘【通所介護】熊本県熊本市南区城南町坂野1796-1", "url": "https://www.kaigokensaku.mhlw.go.jp/43/index.php?action_kouhyou_detail_004_kani=true&JigyosyoCd=4372301251-00&ServiceCd=150&Type=search", "url2": "http://care-net.biz./43/yoshinooka/" }, "geometry": { "type": "Point", "coordinates": [ 130.744424900000013, 32.721497 ] } },
{ "type": "Feature", "properties": { "内容": "あすなろ熊本　デイサービスセンター【通所介護】熊本県熊本市南区城南町舞原３４４番地2", "url": "https://www.kaigokensaku.mhlw.go.jp/43/index.php?action_kouhyou_detail_004_kani=true&JigyosyoCd=4370110324-00&ServiceCd=150&Type=search", "url2": null }, "geometry": { "type": "Point", "coordinates": [ 130.741811699999971, 32.7104702 ] } },
{ "type": "Feature", "properties": { "内容": "熊本市南区田迎2丁目18-8【通所介護】熊本県熊本市南区田迎2丁目18-8", "url": "https://www.kaigokensaku.mhlw.go.jp/43/index.php?action_kouhyou_detail_004_kani=true&JigyosyoCd=4370116651-00&ServiceCd=150&Type=search", "url2": "http://leaps-care.jp" }, "geometry": { "type": "Point", "coordinates": [ 130.7098766, 32.7731259 ] } },
{ "type": "Feature", "properties": { "内容": "フィットネスデイサービス流れ星【通所介護】熊本県熊本市南区並建町549-1", "url": "https://www.kaigokensaku.mhlw.go.jp/43/index.php?action_kouhyou_detail_004_kani=true&JigyosyoCd=4370114987-00&ServiceCd=150&Type=search", "url2": "https://www.nagareboshi5491.com/" }, "geometry": { "type": "Point", "coordinates": [ 130.6404359, 32.7538611 ] } },
{ "type": "Feature", "properties": { "内容": "フィットネスデイサービス流れ星　内田【通所介護】熊本市南区内田町663-2", "url": "https://www.kaigokensaku.mhlw.go.jp/43/index.php?action_kouhyou_detail_004_kani=true&JigyosyoCd=4370116933-00&ServiceCd=150&Type=search", "url2": "https://www.nagareboshiutida.com/" }, "geometry": { "type": "Point", "coordinates": [ 130.6542609, 32.7444667 ] } },
{ "type": "Feature", "properties": { "内容": "デイサービスセンター　しみず【通所介護】熊本市北区清水亀井町１－２６", "url": "https://www.kaigokensaku.mhlw.go.jp/43/index.php?action_kouhyou_detail_004_kani=true&JigyosyoCd=4370107486-00&ServiceCd=150&Type=search", "url2": "day.shimizu@vansay.com" }, "geometry": { "type": "Point", "coordinates": [ 130.720659399999931, 32.8364366 ] } },
{ "type": "Feature", "properties": { "内容": "熊本市北区八景水谷3丁目3-177【通所介護】熊本県熊本市北区八景水谷3丁目3-177", "url": "https://www.kaigokensaku.mhlw.go.jp/43/index.php?action_kouhyou_detail_004_kani=true&JigyosyoCd=4370113591-00&ServiceCd=150&Type=search", "url2": null }, "geometry": { "type": "Point", "coordinates": [ 130.7261125, 32.8467676 ] } },
{ "type": "Feature", "properties": { "内容": "大塚病院デイサービスつくしんぼ【通所介護】熊本県熊本市北区植木町豊田６０５番地１", "url": "https://www.kaigokensaku.mhlw.go.jp/43/index.php?action_kouhyou_detail_004_kani=true&JigyosyoCd=4372500712-00&ServiceCd=150&Type=search", "url2": null }, "geometry": { "type": "Point", "coordinates": [ 130.706262299999906, 32.9412388 ] } },
{ "type": "Feature", "properties": { "内容": "コスモス・ファミリー熊本　通所介護事業所【通所介護】熊本市北区太郎迫町144-1", "url": "https://www.kaigokensaku.mhlw.go.jp/43/index.php?action_kouhyou_detail_004_kani=true&JigyosyoCd=4370101745-00&ServiceCd=150&Type=search", "url2": "http://www.shafuku-aiseikai.or.jp/" }, "geometry": { "type": "Point", "coordinates": [ 130.672385299999974, 32.8600058 ] } },
{ "type": "Feature", "properties": { "内容": "リハビリスタジオラン・らん【通所介護】熊本県熊本市北区植木町正清879", "url": "https://www.kaigokensaku.mhlw.go.jp/43/index.php?action_kouhyou_detail_004_kani=true&JigyosyoCd=4370107981-00&ServiceCd=150&Type=search", "url2": "http://www.hakonezaki.or.jp" }, "geometry": { "type": "Point", "coordinates": [ 130.7162333, 32.9693343 ] } },
{ "type": "Feature", "properties": { "内容": "デイ・メルーロ【通所介護】熊本市北区植木町正清903", "url": "https://www.kaigokensaku.mhlw.go.jp/43/index.php?action_kouhyou_detail_004_kani=true&JigyosyoCd=4372500860-00&ServiceCd=150&Type=search", "url2": "http://www.hakonezaki.or.jp/clinic/" }, "geometry": { "type": "Point", "coordinates": [ 130.715882055819719, 32.967002160727638 ] } },
{ "type": "Feature", "properties": { "内容": "フードパルデイサービスセンター天草【通所介護】熊本市北区貢町７０９－７", "url": "https://www.kaigokensaku.mhlw.go.jp/43/index.php?action_kouhyou_detail_004_kani=true&JigyosyoCd=4370105753-00&ServiceCd=150&Type=search", "url2": "https://www.aioi-tsurukame.com/" }, "geometry": { "type": "Point", "coordinates": [ 130.696689200000037, 32.8436325 ] } },
{ "type": "Feature", "properties": { "内容": "機能デイトレ【通所介護】山室６丁目８番１号", "url": "https://www.kaigokensaku.mhlw.go.jp/43/index.php?action_kouhyou_detail_004_kani=true&JigyosyoCd=4370114599-00&ServiceCd=150&Type=search", "url2": null }, "geometry": { "type": "Point", "coordinates": [ 130.718431866270436, 32.846369353736669 ] } },
{ "type": "Feature", "properties": { "内容": "リハビリラウンジGARDEN-ガーデン－【通所介護】熊本県熊本市北区植木町鐙田１０６４−４", "url": "https://www.kaigokensaku.mhlw.go.jp/43/index.php?action_kouhyou_detail_004_kani=true&JigyosyoCd=4370115794-00&ServiceCd=150&Type=search", "url2": "https://emias.jp/service/garden/" }, "geometry": { "type": "Point", "coordinates": [ 130.693989017196657, 32.88205573489558 ] } },
{ "type": "Feature", "properties": { "内容": "デイサービスセンターさわらび【通所介護】熊本県熊本市北区弓削四丁目8番1号", "url": "https://www.kaigokensaku.mhlw.go.jp/43/index.php?action_kouhyou_detail_004_kani=true&JigyosyoCd=4370103105-00&ServiceCd=150&Type=search", "url2": "https://kumamotokikujyukai.or.jp/sp/" }, "geometry": { "type": "Point", "coordinates": [ 130.781722, 32.8542545 ] } },
{ "type": "Feature", "properties": { "内容": "リハセンターみどりの樹楠【通所介護】熊本県熊本市北区龍田9-3-9", "url": "https://www.kaigokensaku.mhlw.go.jp/43/index.php?action_kouhyou_detail_004_kani=true&JigyosyoCd=4370110423-00&ServiceCd=150&Type=search", "url2": "http://leaps-care.jp" }, "geometry": { "type": "Point", "coordinates": [ 130.761073421426431, 32.84405611383017 ] } },
{ "type": "Feature", "properties": { "内容": "ヒルズ成城　遊水公園　デイサービスセンター【通所介護】熊本県熊本市北区打越町40番46号", "url": "https://www.kaigokensaku.mhlw.go.jp/43/index.php?action_kouhyou_detail_004_kani=true&JigyosyoCd=4370112445-00&ServiceCd=150&Type=search", "url2": "http://www.k-seijo.or.jp/" }, "geometry": { "type": "Point", "coordinates": [ 130.7174569, 32.8313787 ] } },
{ "type": "Feature", "properties": { "内容": "指定通所介護事業所あいこう【通所介護】熊本県熊本市北区清水新地３丁目５番３３号", "url": "https://www.kaigokensaku.mhlw.go.jp/43/index.php?action_kouhyou_detail_004_kani=true&JigyosyoCd=4370102420-00&ServiceCd=150&Type=search", "url2": "http://www.aikou.or.jp" }, "geometry": { "type": "Point", "coordinates": [ 130.7395113, 32.847944 ] } },
{ "type": "Feature", "properties": { "内容": "ﾃﾞｲｻｰﾋﾞｽ　あおぞら【通所介護】北区清水万石5-2-58", "url": "https://www.kaigokensaku.mhlw.go.jp/43/index.php?action_kouhyou_detail_004_kani=true&JigyosyoCd=4370109615-00&ServiceCd=150&Type=search", "url2": null }, "geometry": { "type": "Point", "coordinates": [ 130.729509, 32.8356979 ] } },
{ "type": "Feature", "properties": { "内容": "すまいる縁寿【通所介護】熊本県熊本市北区鶴羽田2丁目１２－３１", "url": "https://www.kaigokensaku.mhlw.go.jp/43/index.php?action_kouhyou_detail_004_kani=true&JigyosyoCd=4370113401-00&ServiceCd=150&Type=search", "url2": "http://relife-aid.com/" }, "geometry": { "type": "Point", "coordinates": [ 130.7253035, 32.8599651 ] } },
{ "type": "Feature", "properties": { "内容": "リハビリセンターsmile-スミレ-光の森【通所介護】弓削４丁目８−１０", "url": "https://www.kaigokensaku.mhlw.go.jp/43/index.php?action_kouhyou_detail_004_kani=true&JigyosyoCd=4370109532-00&ServiceCd=150&Type=search", "url2": "http://smile-kumamoto.jp/" }, "geometry": { "type": "Point", "coordinates": [ 130.781744259880071, 32.854827686256144 ] } },
{ "type": "Feature", "properties": { "内容": "くわのみ荘デイサービスセンター【通所介護】熊本県熊本市北区鹿子木町372-1", "url": "https://www.kaigokensaku.mhlw.go.jp/43/index.php?action_kouhyou_detail_004_kani=true&JigyosyoCd=4370101406-00&ServiceCd=150&Type=search", "url2": "http://www.kuwa.or.jp/" }, "geometry": { "type": "Point", "coordinates": [ 130.696632538521612, 32.871960870577922 ] } },
{ "type": "Feature", "properties": { "内容": "宮原温泉デイサービス　だいち【通所介護】熊本県熊本市北区植木町宮原306-5", "url": "https://www.kaigokensaku.mhlw.go.jp/43/index.php?action_kouhyou_detail_004_kani=true&JigyosyoCd=4370108591-00&ServiceCd=150&Type=search", "url2": "http://www.daichikai.com" }, "geometry": { "type": "Point", "coordinates": [ 130.715960499999937, 32.9735854 ] } },
{ "type": "Feature", "properties": { "内容": "デイサービスセンターひまわり【通所介護】熊本県熊本市北区植木町豊田605-1", "url": "https://www.kaigokensaku.mhlw.go.jp/43/index.php?action_kouhyou_detail_004_kani=true&JigyosyoCd=4370115612-00&ServiceCd=150&Type=search", "url2": "http://www.himawari-kaigo.com/" }, "geometry": { "type": "Point", "coordinates": [ 130.7062722, 32.9412251 ] } },
{ "type": "Feature", "properties": { "内容": "リハスタジオ　Asmo【通所介護】熊本市北区弓削6-26-1", "url": "https://www.kaigokensaku.mhlw.go.jp/43/index.php?action_kouhyou_detail_004_kani=true&JigyosyoCd=4370111082-00&ServiceCd=150&Type=search", "url2": null }, "geometry": { "type": "Point", "coordinates": [ 130.784514339811722, 32.849433840233431 ] } },
{ "type": "Feature", "properties": { "内容": "デイサービス　ひかり野【通所介護】熊本市北区八景水谷1-31-16", "url": "https://www.kaigokensaku.mhlw.go.jp/43/index.php?action_kouhyou_detail_004_kani=true&JigyosyoCd=4370113922-00&ServiceCd=150&Type=search", "url2": "www.office-hikarino.com" }, "geometry": { "type": "Point", "coordinates": [ 130.724975199999989, 32.8506669 ] } },
{ "type": "Feature", "properties": { "内容": "デイサービス　まごころ本舗　光の森苑【通所介護】熊本県熊本市北区武蔵ヶ丘7丁目2-6", "url": "https://www.kaigokensaku.mhlw.go.jp/43/index.php?action_kouhyou_detail_004_kani=true&JigyosyoCd=4370115984-00&ServiceCd=150&Type=search", "url2": "dr-factory.jp" }, "geometry": { "type": "Point", "coordinates": [ 130.775375200000013, 32.8552264 ] } },
{ "type": "Feature", "properties": { "内容": "天望庵通所介護事業所【通所介護】熊本県熊本市北区龍田陳内1丁目3番30号", "url": "https://www.kaigokensaku.mhlw.go.jp/43/index.php?action_kouhyou_detail_004_kani=true&JigyosyoCd=4370101836-00&ServiceCd=150&Type=search", "url2": "https://jiyukai.or.jp/tenbouan/" }, "geometry": { "type": "Point", "coordinates": [ 130.745561299999963, 32.8227796 ] } },
{ "type": "Feature", "properties": { "内容": "かなんの杜　デイサービスセンター【通所介護】熊本県熊本市北区植木町植木４３２", "url": "https://www.kaigokensaku.mhlw.go.jp/43/index.php?action_kouhyou_detail_004_kani=true&JigyosyoCd=4370110639-00&ServiceCd=150&Type=search", "url2": "http://www.kanan.or.jp" }, "geometry": { "type": "Point", "coordinates": [ 130.690686672552488, 32.894891242172001 ] } },
{ "type": "Feature", "properties": { "内容": "デイサービスはな【通所介護】梶尾町1710-1デイサービスはな", "url": "https://www.kaigokensaku.mhlw.go.jp/43/index.php?action_kouhyou_detail_004_kani=true&JigyosyoCd=4370112130-00&ServiceCd=150&Type=search", "url2": null }, "geometry": { "type": "Point", "coordinates": [ 130.729933699999947, 32.8719002 ] } },
{ "type": "Feature", "properties": { "内容": "Let'sリハ！熊本北店【通所介護】熊本市北区高平3丁目42‐3", "url": "https://www.kaigokensaku.mhlw.go.jp/43/index.php?action_kouhyou_detail_004_kani=true&JigyosyoCd=4370114227-00&ServiceCd=150&Type=search", "url2": "https://www.lets-reha.jp/" }, "geometry": { "type": "Point", "coordinates": [ 130.719047, 32.8389783 ] } },
{ "type": "Feature", "properties": { "内容": "デイサービス　憩【通所介護】熊本県熊本市北区山室1丁目15番48号", "url": "https://www.kaigokensaku.mhlw.go.jp/43/index.php?action_kouhyou_detail_004_kani=true&JigyosyoCd=4370116073-00&ServiceCd=150&Type=search", "url2": "https://ikoi00.wixsite.com/ikoi" }, "geometry": { "type": "Point", "coordinates": [ 130.714578471827707, 32.840807896823783 ] } },
{ "type": "Feature", "properties": { "内容": "デイサービスセンターわが家【通所介護】熊本県熊本市北区楡木2丁目11－144", "url": "https://www.kaigokensaku.mhlw.go.jp/43/index.php?action_kouhyou_detail_004_kani=true&JigyosyoCd=4370104657-00&ServiceCd=150&Type=search", "url2": null }, "geometry": { "type": "Point", "coordinates": [ 130.753283099999976, 32.8441554 ] } },
{ "type": "Feature", "properties": { "内容": "Let'sリハ！四方寄店【通所介護】熊本県熊本市北区四方寄町1434-1ソレイユショクタ1階", "url": "https://www.kaigokensaku.mhlw.go.jp/43/index.php?action_kouhyou_detail_004_kani=true&JigyosyoCd=4370113948-00&ServiceCd=150&Type=search", "url2": "https://www.sakurajyuji.or.jp/service/dayservice/" }, "geometry": { "type": "Point", "coordinates": [ 130.707839499999977, 32.8655567 ] } },
{ "type": "Feature", "properties": { "内容": "デイサービスセンター　ハイコムライフ【通所介護】熊本県熊本市北区楠８丁目18-53ハイコムライフ武蔵ヶ丘", "url": "https://www.kaigokensaku.mhlw.go.jp/43/index.php?action_kouhyou_detail_004_kani=true&JigyosyoCd=4370113112-00&ServiceCd=150&Type=search", "url2": null }, "geometry": { "type": "Point", "coordinates": [ 130.766301414176041, 32.848605973115411 ] } },
{ "type": "Feature", "properties": { "内容": "リハライフ武蔵ヶ丘【通所介護】熊本市北区武蔵ヶ丘5丁目2番24号", "url": "https://www.kaigokensaku.mhlw.go.jp/43/index.php?action_kouhyou_detail_004_kani=true&JigyosyoCd=4370114953-00&ServiceCd=150&Type=search", "url2": null }, "geometry": { "type": "Point", "coordinates": [ 130.769568600000014, 32.8535699 ] } },
{ "type": "Feature", "properties": { "内容": "デイサービス　よりあい【通所介護】熊本県熊本市北区四方寄町426-1", "url": "https://www.kaigokensaku.mhlw.go.jp/43/index.php?action_kouhyou_detail_004_kani=true&JigyosyoCd=4370112601-00&ServiceCd=150&Type=search", "url2": "www.yomogiclinic.or.jp" }, "geometry": { "type": "Point", "coordinates": [ 130.713826499999982, 32.8601621 ] } },
{ "type": "Feature", "properties": { "内容": "デイサービスセンター　昭和苑【通所介護】熊本市北区植木町田底３３３", "url": "https://www.kaigokensaku.mhlw.go.jp/43/index.php?action_kouhyou_detail_004_kani=true&JigyosyoCd=4370112049-00&ServiceCd=150&Type=search", "url2": null }, "geometry": { "type": "Point", "coordinates": [ 130.725251800000024, 32.9596787 ] } },
{ "type": "Feature", "properties": { "内容": "デイサービス爽やかな風【通所介護】熊本県熊本市北区梶尾町１７００－１かじお温泉翔裕園", "url": "https://www.kaigokensaku.mhlw.go.jp/43/index.php?action_kouhyou_detail_004_kani=true&JigyosyoCd=4370114326-00&ServiceCd=150&Type=search", "url2": "https://www.genkimuragroup.jp/facilitylist/kajio/" }, "geometry": { "type": "Point", "coordinates": [ 130.731954, 32.8703018 ] } },
{ "type": "Feature", "properties": { "内容": "生活介護　ばるばる【通所介護】熊本県熊本市北区植木町鞍掛1521-1", "url": "https://www.kaigokensaku.mhlw.go.jp/43/index.php?action_kouhyou_detail_004_kani=true&JigyosyoCd=4370114623-00&ServiceCd=150&Type=search", "url2": "http://tabarunosato.com/" }, "geometry": { "type": "Point", "coordinates": [ 130.676672100000019, 32.9029252 ] } },
{ "type": "Feature", "properties": { "内容": "第二たんぽぽ【通所介護】熊本県熊本市北区植木町清水２６９３番２", "url": "https://www.kaigokensaku.mhlw.go.jp/43/index.php?action_kouhyou_detail_004_kani=true&JigyosyoCd=4372500852-00&ServiceCd=150&Type=search", "url2": null }, "geometry": { "type": "Point", "coordinates": [ 130.674906299999947, 32.9470402 ] } },
{ "type": "Feature", "properties": { "内容": "デイサービスむさしの【通所介護】熊本市北区武蔵ケ丘2丁目２０－６デイサービスむさしの", "url": "https://www.kaigokensaku.mhlw.go.jp/43/index.php?action_kouhyou_detail_004_kani=true&JigyosyoCd=4370109607-00&ServiceCd=150&Type=search", "url2": null }, "geometry": { "type": "Point", "coordinates": [ 130.764937499999974, 32.8530685 ] } },
{ "type": "Feature", "properties": { "内容": "四季　むさしの【通所介護】熊本県熊本市北区武蔵ケ丘2丁目13番9号四季　むさしの", "url": "https://www.kaigokensaku.mhlw.go.jp/43/index.php?action_kouhyou_detail_004_kani=true&JigyosyoCd=4370113443-00&ServiceCd=150&Type=search", "url2": null }, "geometry": { "type": "Point", "coordinates": [ 130.763778796596995, 32.8528259 ] } },
{ "type": "Feature", "properties": { "内容": "よかばい【通所介護】熊本県熊本市北区植木町山本９０７－３", "url": "https://www.kaigokensaku.mhlw.go.jp/43/index.php?action_kouhyou_detail_004_kani=true&JigyosyoCd=4372500795-00&ServiceCd=150&Type=search", "url2": null }, "geometry": { "type": "Point", "coordinates": [ 130.6892279, 32.9131457 ] } },
{ "type": "Feature", "properties": { "内容": "なかがわ整形の介護リハビリテーション【通所介護】熊本県熊本市北区武蔵ケ丘2丁目2-8", "url": "https://www.kaigokensaku.mhlw.go.jp/43/index.php?action_kouhyou_detail_004_kani=true&JigyosyoCd=4370116800-00&ServiceCd=150&Type=search", "url2": "https://www.nakagawaseikei.com/rehabiri/info/" }, "geometry": { "type": "Point", "coordinates": [ 130.764032799999967, 32.851718 ] } },
{ "type": "Feature", "properties": { "内容": "みやび園　デイサービスセンター【通所介護】熊本県八代市高島町４２２１番地", "url": "https://www.kaigokensaku.mhlw.go.jp/43/index.php?action_kouhyou_detail_004_kani=true&JigyosyoCd=4370200497-00&ServiceCd=150&Type=search", "url2": "http://www.tagata-group.jp/miyabien/" }, "geometry": { "type": "Point", "coordinates": [ 130.582869800000026, 32.5238325 ] } },
{ "type": "Feature", "properties": { "内容": "あさひ園通所介護事業所【通所介護】熊本県八代市上日置町2345番地", "url": "https://www.kaigokensaku.mhlw.go.jp/43/index.php?action_kouhyou_detail_004_kani=true&JigyosyoCd=4370200513-00&ServiceCd=150&Type=search", "url2": "http://www.kyoujukai.jp" }, "geometry": { "type": "Point", "coordinates": [ 130.62780829999997, 32.5094994 ] } },
{ "type": "Feature", "properties": { "内容": "すずらんの里デイサービスセンター【通所介護】熊本県八代市葭牟田町435番地", "url": "https://www.kaigokensaku.mhlw.go.jp/43/index.php?action_kouhyou_detail_004_kani=true&JigyosyoCd=4370200554-00&ServiceCd=150&Type=search", "url2": "http://www.tenryuukai.jp/" }, "geometry": { "type": "Point", "coordinates": [ 130.578987500000039, 32.4937344 ] } },
{ "type": "Feature", "properties": { "内容": "ま心苑デイサービスセンター【通所介護】熊本県八代市敷川内町2251-1", "url": "https://www.kaigokensaku.mhlw.go.jp/43/index.php?action_kouhyou_detail_004_kani=true&JigyosyoCd=4370200562-00&ServiceCd=150&Type=search", "url2": "http://magokoroen.jp" }, "geometry": { "type": "Point", "coordinates": [ 130.599076500000024, 32.4574889 ] } },
{ "type": "Feature", "properties": { "内容": "デイサービス陽向【通所介護】熊本県八代市古城町2914番地の1", "url": "https://www.kaigokensaku.mhlw.go.jp/43/index.php?action_kouhyou_detail_004_kani=true&JigyosyoCd=4370200794-00&ServiceCd=150&Type=search", "url2": null }, "geometry": { "type": "Point", "coordinates": [ 130.588280599999962, 32.4996425 ] } },
{ "type": "Feature", "properties": { "内容": "デイサービス陽向　日奈久事業所【通所介護】熊本県八代市日奈久大坪町3655番地", "url": "https://www.kaigokensaku.mhlw.go.jp/43/index.php?action_kouhyou_detail_004_kani=true&JigyosyoCd=4370200927-00&ServiceCd=150&Type=search", "url2": "https://hi-na-ta.jp/" }, "geometry": { "type": "Point", "coordinates": [ 130.585918076721214, 32.445392991171381 ] } },
{ "type": "Feature", "properties": { "内容": "ふれ愛館　キララ【通所介護】熊本県八代市錦町19-10ふれ愛館キララ", "url": "https://www.kaigokensaku.mhlw.go.jp/43/index.php?action_kouhyou_detail_004_kani=true&JigyosyoCd=4370201016-00&ServiceCd=150&Type=search", "url2": null }, "geometry": { "type": "Point", "coordinates": [ 130.6050626, 32.5026432 ] } },
{ "type": "Feature", "properties": { "内容": "ニチイケアセンター八代【通所介護】熊本県八代市松江町561番地1", "url": "https://www.kaigokensaku.mhlw.go.jp/43/index.php?action_kouhyou_detail_004_kani=true&JigyosyoCd=4370201230-00&ServiceCd=150&Type=search", "url2": "http://www.nichiigakkan.co.jp" }, "geometry": { "type": "Point", "coordinates": [ 130.597974099999988, 32.5142698 ] } },
{ "type": "Feature", "properties": { "内容": "八代市　社協　さわやか荘【通所介護】八代市泉町下岳２９７４番地", "url": "https://www.kaigokensaku.mhlw.go.jp/43/index.php?action_kouhyou_detail_004_kani=true&JigyosyoCd=4370201412-00&ServiceCd=150&Type=search", "url2": null }, "geometry": { "type": "Point", "coordinates": [ 130.791103, 32.5761592 ] } },
{ "type": "Feature", "properties": { "内容": "ケアセンター　健康館【通所介護】熊本県八代市田中町573-8", "url": "https://www.kaigokensaku.mhlw.go.jp/43/index.php?action_kouhyou_detail_004_kani=true&JigyosyoCd=4370201529-00&ServiceCd=150&Type=search", "url2": "http://fukusinosatoyatusiro.jimdo.com/" }, "geometry": { "type": "Point", "coordinates": [ 130.607232514819316, 32.516770463125475 ] } },
{ "type": "Feature", "properties": { "内容": "かがやき園デイサービスセンター【通所介護】熊本県八代市通町８-３０", "url": "https://www.kaigokensaku.mhlw.go.jp/43/index.php?action_kouhyou_detail_004_kani=true&JigyosyoCd=4370201610-00&ServiceCd=150&Type=search", "url2": null }, "geometry": { "type": "Point", "coordinates": [ 130.603984800000035, 32.5075595 ] } },
{ "type": "Feature", "properties": { "内容": "通所介護事業所　みのり【通所介護】熊本県八代市郡築四番町40番地8", "url": "https://www.kaigokensaku.mhlw.go.jp/43/index.php?action_kouhyou_detail_004_kani=true&JigyosyoCd=4370201636-00&ServiceCd=150&Type=search", "url2": null }, "geometry": { "type": "Point", "coordinates": [ 130.568653522090102, 32.526372522977226 ] } },
{ "type": "Feature", "properties": { "内容": "デイサービス春風【通所介護】熊本県八代市高下西町１７６０", "url": "https://www.kaigokensaku.mhlw.go.jp/43/index.php?action_kouhyou_detail_004_kani=true&JigyosyoCd=4370201750-00&ServiceCd=150&Type=search", "url2": "http://www.gongen.org/" }, "geometry": { "type": "Point", "coordinates": [ 130.608510300000034, 32.4869504 ] } },
{ "type": "Feature", "properties": { "内容": "通所介護事業所　希望【通所介護】熊本県八代市興善寺町495番地１", "url": "https://www.kaigokensaku.mhlw.go.jp/43/index.php?action_kouhyou_detail_004_kani=true&JigyosyoCd=4370201784-00&ServiceCd=150&Type=search", "url2": "http://www.ryuhou-kibou.com" }, "geometry": { "type": "Point", "coordinates": [ 130.659298300000046, 32.5276744 ] } },
{ "type": "Feature", "properties": { "内容": "デイサービスセンター　しらさぎおざや【通所介護】熊本県八代市千丁町大牟田1220-2", "url": "https://www.kaigokensaku.mhlw.go.jp/43/index.php?action_kouhyou_detail_004_kani=true&JigyosyoCd=4370201834-00&ServiceCd=150&Type=search", "url2": "http://www.kaigocsc.co.jp/sirasagi" }, "geometry": { "type": "Point", "coordinates": [ 130.645724, 32.532907 ] } },
{ "type": "Feature", "properties": { "内容": "デイサービスみどり【通所介護】熊本県八代市鏡町内田510番地1", "url": "https://www.kaigokensaku.mhlw.go.jp/43/index.php?action_kouhyou_detail_004_kani=true&JigyosyoCd=4370202014-00&ServiceCd=150&Type=search", "url2": null }, "geometry": { "type": "Point", "coordinates": [ 130.650291149954228, 32.560745898369525 ] } },
{ "type": "Feature", "properties": { "内容": "デイサービス　にこにこ【通所介護】熊本県八代市豊原下町4177番地１", "url": "https://www.kaigokensaku.mhlw.go.jp/43/index.php?action_kouhyou_detail_004_kani=true&JigyosyoCd=4370202428-00&ServiceCd=150&Type=search", "url2": "http://niconicolife.moo.jp/index" }, "geometry": { "type": "Point", "coordinates": [ 130.614522439672754, 32.480315312291225 ] } },
{ "type": "Feature", "properties": { "内容": "リハビリ特化型デイサービスセンター花つばき【通所介護】熊本県八代市千反町1-9-25", "url": "https://www.kaigokensaku.mhlw.go.jp/43/index.php?action_kouhyou_detail_004_kani=true&JigyosyoCd=4370202683-00&ServiceCd=150&Type=search", "url2": "https://www.tsubaki-y.com" }, "geometry": { "type": "Point", "coordinates": [ 130.603501899999969, 32.4974019 ] } },
{ "type": "Feature", "properties": { "内容": "つばきリハビリセンター【通所介護】熊本県八代市西片町1735-1", "url": "https://www.kaigokensaku.mhlw.go.jp/43/index.php?action_kouhyou_detail_004_kani=true&JigyosyoCd=4370202964-00&ServiceCd=150&Type=search", "url2": null }, "geometry": { "type": "Point", "coordinates": [ 130.634963400000061, 32.5140215 ] } },
{ "type": "Feature", "properties": { "内容": "ヴィスポ・オリーブ【通所介護】熊本県八代市古閑中町2335-2", "url": "https://www.kaigokensaku.mhlw.go.jp/43/index.php?action_kouhyou_detail_004_kani=true&JigyosyoCd=4370203012-00&ServiceCd=150&Type=search", "url2": "https://r.goope.jp/vispo" }, "geometry": { "type": "Point", "coordinates": [ 130.601366934635337, 32.530342728077606 ] } },
{ "type": "Feature", "properties": { "内容": "デイサービスせんり【通所介護】熊本県八代市鏡町鏡村1103番地1", "url": "https://www.kaigokensaku.mhlw.go.jp/43/index.php?action_kouhyou_detail_004_kani=true&JigyosyoCd=4370203061-00&ServiceCd=150&Type=search", "url2": "www.seniplanning.com" }, "geometry": { "type": "Point", "coordinates": [ 130.659471100000019, 32.5721206 ] } },
{ "type": "Feature", "properties": { "内容": "プレストガーデン古閑中町デイサービスセンター【通所介護】熊本県八代市古閑中町1386番地1", "url": "https://www.kaigokensaku.mhlw.go.jp/43/index.php?action_kouhyou_detail_004_kani=true&JigyosyoCd=4370203293-00&ServiceCd=150&Type=search", "url2": "https://presto-ks.com" }, "geometry": { "type": "Point", "coordinates": [ 130.606398899999988, 32.5269739 ] } },
{ "type": "Feature", "properties": { "内容": "デイサービスセンター　ここりえ【通所介護】熊本県八代市鼠蔵町280番地1", "url": "https://www.kaigokensaku.mhlw.go.jp/43/index.php?action_kouhyou_detail_004_kani=true&JigyosyoCd=4370203426-00&ServiceCd=150&Type=search", "url2": null }, "geometry": { "type": "Point", "coordinates": [ 130.5601392, 32.4851882 ] } },
{ "type": "Feature", "properties": { "内容": "康和苑【通所介護】熊本県八代市千丁町太牟田1300番地8", "url": "https://www.kaigokensaku.mhlw.go.jp/43/index.php?action_kouhyou_detail_004_kani=true&JigyosyoCd=4372900383-00&ServiceCd=150&Type=search", "url2": "www.pma.ne.jp/kouwaen-top/" }, "geometry": { "type": "Point", "coordinates": [ 130.647698399999967, 32.5417423 ] } },
{ "type": "Feature", "properties": { "内容": "デイサービスセンター　安寿の里【通所介護】熊本県八代市鏡町両出880-1", "url": "https://www.kaigokensaku.mhlw.go.jp/43/index.php?action_kouhyou_detail_004_kani=true&JigyosyoCd=4372900565-00&ServiceCd=150&Type=search", "url2": "http://www.kaigonet.net/anju/" }, "geometry": { "type": "Point", "coordinates": [ 130.635468, 32.5486717 ] } },
{ "type": "Feature", "properties": { "内容": "ひかわの里デイサービス【通所介護】熊本県八代市東陽町南７５２－１", "url": "https://www.kaigokensaku.mhlw.go.jp/43/index.php?action_kouhyou_detail_004_kani=true&JigyosyoCd=4372900631-00&ServiceCd=150&Type=search", "url2": "http://tousen-kai.or.jp" }, "geometry": { "type": "Point", "coordinates": [ 130.710577199999989, 32.5482855 ] } },
{ "type": "Feature", "properties": { "内容": "坂本の里一灯苑デイサービスセンター【通所介護】熊本県八代市坂本町坂本1071番地", "url": "https://www.kaigokensaku.mhlw.go.jp/43/index.php?action_kouhyou_detail_004_kani=true&JigyosyoCd=4372900789-00&ServiceCd=150&Type=search", "url2": "https://www.s-ittouen.com/" }, "geometry": { "type": "Point", "coordinates": [ 130.6727486, 32.425148 ] } },
{ "type": "Feature", "properties": { "内容": "楽寿　デイサービスセンター【通所介護】熊本県八代市川田町東１０４８番地１６", "url": "https://www.kaigokensaku.mhlw.go.jp/43/index.php?action_kouhyou_detail_004_kani=true&JigyosyoCd=4370202311-00&ServiceCd=150&Type=search", "url2": null }, "geometry": { "type": "Point", "coordinates": [ 130.6564151, 32.5198804 ] } },
{ "type": "Feature", "properties": { "内容": "シラサギデイサービスセンター【通所介護】熊本県八代市北の丸町3-50", "url": "https://www.kaigokensaku.mhlw.go.jp/43/index.php?action_kouhyou_detail_004_kani=true&JigyosyoCd=4370200869-00&ServiceCd=150&Type=search", "url2": "https://www.sirasagi-care.co.jp" }, "geometry": { "type": "Point", "coordinates": [ 130.595477, 32.5099116 ] } },
{ "type": "Feature", "properties": { "内容": "通所介護事業所夕葉町【通所介護】熊本県八代市夕葉町7番地3グッドライフ夕葉町", "url": "https://www.kaigokensaku.mhlw.go.jp/43/index.php?action_kouhyou_detail_004_kani=true&JigyosyoCd=4370202105-00&ServiceCd=150&Type=search", "url2": null }, "geometry": { "type": "Point", "coordinates": [ 130.609789964418042, 32.501193184843963 ] } },
{ "type": "Feature", "properties": { "内容": "デイサービスセンターＴＳＵＢＡＫＩ　イオン八代店【通所介護】熊本県八代市沖町3987番地3", "url": "https://www.kaigokensaku.mhlw.go.jp/43/index.php?action_kouhyou_detail_004_kani=true&JigyosyoCd=4370203038-00&ServiceCd=150&Type=search", "url2": null }, "geometry": { "type": "Point", "coordinates": [ 130.584955700000023, 32.5251186 ] } },
{ "type": "Feature", "properties": { "内容": "デイサービス撫子【通所介護】熊本県八代市中北町3053-3", "url": "https://www.kaigokensaku.mhlw.go.jp/43/index.php?action_kouhyou_detail_004_kani=true&JigyosyoCd=4370203244-00&ServiceCd=150&Type=search", "url2": null }, "geometry": { "type": "Point", "coordinates": [ 130.581431900000013, 32.5015232 ] } },
{ "type": "Feature", "properties": { "内容": "紗綾くまもと【通所介護】熊本県八代市泉町下岳4350", "url": "https://www.kaigokensaku.mhlw.go.jp/43/index.php?action_kouhyou_detail_004_kani=true&JigyosyoCd=4370203269-00&ServiceCd=150&Type=search", "url2": null }, "geometry": { "type": "Point", "coordinates": [ 130.6018162, 32.5083376 ] } },
{ "type": "Feature", "properties": { "内容": "デイサービスセンターまるもり御倉【通所介護】熊本県八代市鏡町内田236番地2", "url": "https://www.kaigokensaku.mhlw.go.jp/43/index.php?action_kouhyou_detail_004_kani=true&JigyosyoCd=4370203335-00&ServiceCd=150&Type=search", "url2": null }, "geometry": { "type": "Point", "coordinates": [ 130.6537596, 32.5637056 ] } },
{ "type": "Feature", "properties": { "内容": "デイサービスセンター愛愛やっちろ【通所介護】熊本県八代市上野町3702-1", "url": "https://www.kaigokensaku.mhlw.go.jp/43/index.php?action_kouhyou_detail_004_kani=true&JigyosyoCd=4370203467-00&ServiceCd=150&Type=search", "url2": null }, "geometry": { "type": "Point", "coordinates": [ 130.6252806, 32.5249588 ] } },
{ "type": "Feature", "properties": { "内容": "デイサービス・ときのいろどり【通所介護】熊本県八代市田中北町7号1号", "url": "https://www.kaigokensaku.mhlw.go.jp/43/index.php?action_kouhyou_detail_004_kani=true&JigyosyoCd=4370203483-00&ServiceCd=150&Type=search", "url2": null }, "geometry": { "type": "Point", "coordinates": [ 130.599831200000011, 32.5250444 ] } },
{ "type": "Feature", "properties": { "内容": "聖心園【通所介護】熊本県人吉市寺町9番地5", "url": "https://www.kaigokensaku.mhlw.go.jp/43/index.php?action_kouhyou_detail_004_kani=true&JigyosyoCd=4370300370-00&ServiceCd=150&Type=search", "url2": null }, "geometry": { "type": "Point", "coordinates": [ 130.761740700000018, 32.2067298 ] } },
{ "type": "Feature", "properties": { "内容": "デイサービスセンター龍生園通所介護事業所【通所介護】熊本県人吉市下原田町字瓜生田字若宮１０５７－９", "url": "https://www.kaigokensaku.mhlw.go.jp/43/index.php?action_kouhyou_detail_004_kani=true&JigyosyoCd=4370300388-00&ServiceCd=150&Type=search", "url2": "http://park5.wakwak.com/~ryuseien/" }, "geometry": { "type": "Point", "coordinates": [ 130.7272041, 32.2256881 ] } },
{ "type": "Feature", "properties": { "内容": "通所介護事業所デイサービスセンターあいせい【通所介護】熊本県人吉市下城本町１５１９－２ケアハウスあいせい", "url": "https://www.kaigokensaku.mhlw.go.jp/43/index.php?action_kouhyou_detail_004_kani=true&JigyosyoCd=4370300438-00&ServiceCd=150&Type=search", "url2": "http://www15.ocn.ne.jp/~jyuei/" }, "geometry": { "type": "Point", "coordinates": [ 130.743947400000025, 32.2151645 ] } },
{ "type": "Feature", "properties": { "内容": "デイサービスセンター　いずみ【通所介護】熊本県人吉市南泉田町70-3デイサービスセンターいずみ", "url": "https://www.kaigokensaku.mhlw.go.jp/43/index.php?action_kouhyou_detail_004_kani=true&JigyosyoCd=4370300685-00&ServiceCd=150&Type=search", "url2": "http://www.libertylife2003.co.jp/" }, "geometry": { "type": "Point", "coordinates": [ 130.7642624, 32.216684200000017 ] } },
{ "type": "Feature", "properties": { "内容": "介護予防センター　愛生【通所介護】熊本県人吉市南泉田町１１７", "url": "https://www.kaigokensaku.mhlw.go.jp/43/index.php?action_kouhyou_detail_004_kani=true&JigyosyoCd=4370300933-00&ServiceCd=150&Type=search", "url2": "http://www4.ocn.ne.jp/~aiseieco" }, "geometry": { "type": "Point", "coordinates": [ 130.764026300000069, 32.2161232 ] } },
{ "type": "Feature", "properties": { "内容": "デイサービス凜【通所介護】熊本県人吉市下青井町８１番地１", "url": "https://www.kaigokensaku.mhlw.go.jp/43/index.php?action_kouhyou_detail_004_kani=true&JigyosyoCd=4370301337-00&ServiceCd=150&Type=search", "url2": "http://north-swan.com/" }, "geometry": { "type": "Point", "coordinates": [ 130.7489391, 32.2113877 ] } },
{ "type": "Feature", "properties": { "内容": "白寿園デイサービスセンター【通所介護】熊本県荒尾市一部字鴻巣2122", "url": "https://www.kaigokensaku.mhlw.go.jp/43/index.php?action_kouhyou_detail_004_kani=true&JigyosyoCd=4370400311-00&ServiceCd=150&Type=search", "url2": "http://www.hakujuen.jp" }, "geometry": { "type": "Point", "coordinates": [ 130.45434309999996, 32.9686958 ] } },
{ "type": "Feature", "properties": { "内容": "オレンジヒル通所介護事業所【通所介護】熊本県荒尾市樺２５１６番地", "url": "https://www.kaigokensaku.mhlw.go.jp/43/index.php?action_kouhyou_detail_004_kani=true&JigyosyoCd=4370400394-00&ServiceCd=150&Type=search", "url2": "http://ks-orange.jp/" }, "geometry": { "type": "Point", "coordinates": [ 130.5002538, 32.9662332 ] } },
{ "type": "Feature", "properties": { "内容": "デイサービスセンターユーユー【通所介護】熊本県荒尾市下井手１１９９番１２", "url": "https://www.kaigokensaku.mhlw.go.jp/43/index.php?action_kouhyou_detail_004_kani=true&JigyosyoCd=4370400436-00&ServiceCd=150&Type=search", "url2": "http://www9.plala.or.jp/care-yu-yu/" }, "geometry": { "type": "Point", "coordinates": [ 130.462248100000011, 32.9944103 ] } },
{ "type": "Feature", "properties": { "内容": "デイサービスむつみ【通所介護】熊本県荒尾市荒尾317-1", "url": "https://www.kaigokensaku.mhlw.go.jp/43/index.php?action_kouhyou_detail_004_kani=true&JigyosyoCd=4370400584-00&ServiceCd=150&Type=search", "url2": null }, "geometry": { "type": "Point", "coordinates": [ 130.43102829999998, 32.9792807 ] } },
{ "type": "Feature", "properties": { "内容": "デイサービスセンター　ゆるりの家・荒尾【通所介護】川登１７９５－３", "url": "https://www.kaigokensaku.mhlw.go.jp/43/index.php?action_kouhyou_detail_004_kani=true&JigyosyoCd=4370401236-00&ServiceCd=150&Type=search", "url2": "http://www.fukushi-greencoop.or.jp/" }, "geometry": { "type": "Point", "coordinates": [ 130.464278499999978, 32.9753843 ] } },
{ "type": "Feature", "properties": { "内容": "デイサービスセンター雅【通所介護】荒尾市大平町3丁目4番", "url": "https://www.kaigokensaku.mhlw.go.jp/43/index.php?action_kouhyou_detail_004_kani=true&JigyosyoCd=4370401251-00&ServiceCd=150&Type=search", "url2": null }, "geometry": { "type": "Point", "coordinates": [ 130.438380300000063, 32.9906712 ] } },
{ "type": "Feature", "properties": { "内容": "デイサービスセンター楡の木【通所介護】荒尾市西原町2-1-2", "url": "https://www.kaigokensaku.mhlw.go.jp/43/index.php?action_kouhyou_detail_004_kani=true&JigyosyoCd=4370401327-00&ServiceCd=150&Type=search", "url2": null }, "geometry": { "type": "Point", "coordinates": [ 130.433380400000033, 33.002231 ] } },
{ "type": "Feature", "properties": { "内容": "デイサービス　にしださんち【通所介護】荒尾市本井手57番地", "url": "https://www.kaigokensaku.mhlw.go.jp/43/index.php?action_kouhyou_detail_004_kani=true&JigyosyoCd=4370401491-00&ServiceCd=150&Type=search", "url2": "http://hp.kaipoke.biz/uet/" }, "geometry": { "type": "Point", "coordinates": [ 130.480215598018361, 33.00211630263869 ] } },
{ "type": "Feature", "properties": { "内容": "デイサービス楽苑【通所介護】熊本県荒尾市高浜321-12", "url": "https://www.kaigokensaku.mhlw.go.jp/43/index.php?action_kouhyou_detail_004_kani=true&JigyosyoCd=4370401616-00&ServiceCd=150&Type=search", "url2": null }, "geometry": { "type": "Point", "coordinates": [ 130.4646419, 32.9460624 ] } },
{ "type": "Feature", "properties": { "内容": "デイサービスわだち製作所【通所介護】荒尾市川登１９５３番地－１６", "url": "https://www.kaigokensaku.mhlw.go.jp/43/index.php?action_kouhyou_detail_004_kani=true&JigyosyoCd=4370401111-00&ServiceCd=150&Type=search", "url2": null }, "geometry": { "type": "Point", "coordinates": [ 130.476102800000035, 32.9777567 ] } },
{ "type": "Feature", "properties": { "内容": "デイサービス　つどい【通所介護】熊本県荒尾市荒尾2720-1", "url": "https://www.kaigokensaku.mhlw.go.jp/43/index.php?action_kouhyou_detail_004_kani=true&JigyosyoCd=4370401566-00&ServiceCd=150&Type=search", "url2": null }, "geometry": { "type": "Point", "coordinates": [ 130.450674, 32.9780877 ] } },
{ "type": "Feature", "properties": { "内容": "デイサービス猫宮【通所介護】熊本県荒尾市一部字中磯128-1", "url": "https://www.kaigokensaku.mhlw.go.jp/43/index.php?action_kouhyou_detail_004_kani=true&JigyosyoCd=4370401640-00&ServiceCd=150&Type=search", "url2": null }, "geometry": { "type": "Point", "coordinates": [ 130.434882321138417, 32.963435866005305 ] } },
{ "type": "Feature", "properties": { "内容": "デイサービスセンター　いまる【通所介護】荒尾８４９番地", "url": "https://www.kaigokensaku.mhlw.go.jp/43/index.php?action_kouhyou_detail_004_kani=true&JigyosyoCd=4370401293-00&ServiceCd=150&Type=search", "url2": null }, "geometry": { "type": "Point", "coordinates": [ 130.432513425376897, 32.982212461447723 ] } },
{ "type": "Feature", "properties": { "内容": "リハビリ特化型デイサービス　アクトラボ【通所介護】熊本県荒尾市下井手188番地1", "url": "https://www.kaigokensaku.mhlw.go.jp/43/index.php?action_kouhyou_detail_004_kani=true&JigyosyoCd=4370401657-00&ServiceCd=150&Type=search", "url2": null }, "geometry": { "type": "Point", "coordinates": [ 130.458750007934583, 33.003587998796682 ] } },
{ "type": "Feature", "properties": { "内容": "デイサービスりんく【通所介護】熊本県荒尾市川登1817番地11", "url": "https://www.kaigokensaku.mhlw.go.jp/43/index.php?action_kouhyou_detail_004_kani=true&JigyosyoCd=4370401632-00&ServiceCd=150&Type=search", "url2": null }, "geometry": { "type": "Point", "coordinates": [ 130.466849599999989, 32.9760564 ] } },
{ "type": "Feature", "properties": { "内容": "リブ・ラン扇通所介護事業所【通所介護】熊本県水俣市栄町２丁目１番１号", "url": "https://www.kaigokensaku.mhlw.go.jp/43/index.php?action_kouhyou_detail_004_kani=true&JigyosyoCd=4370500383-00&ServiceCd=150&Type=search", "url2": null }, "geometry": { "type": "Point", "coordinates": [ 130.396279600000071, 32.2108159 ] } },
{ "type": "Feature", "properties": { "内容": "白梅デイサービスセンター【通所介護】熊本県水俣市古賀町２丁目５番３１号", "url": "https://www.kaigokensaku.mhlw.go.jp/43/index.php?action_kouhyou_detail_004_kani=true&JigyosyoCd=4370500391-00&ServiceCd=150&Type=search", "url2": "http://www.shiraumesou.com" }, "geometry": { "type": "Point", "coordinates": [ 130.398150455330409, 32.213007849070536 ] } },
{ "type": "Feature", "properties": { "内容": "デイサービスセンター　リハシップ　あい水俣【通所介護】熊本県水俣市百間町2丁目4番22号", "url": "https://www.kaigokensaku.mhlw.go.jp/43/index.php?action_kouhyou_detail_004_kani=true&JigyosyoCd=4370500946-00&ServiceCd=150&Type=search", "url2": "http://rehaship-ai.com" }, "geometry": { "type": "Point", "coordinates": [ 130.386944800000066, 32.1990835 ] } },
{ "type": "Feature", "properties": { "内容": "ニチイケアセンター水俣【通所介護】熊本県水俣市長野町11番114号1階", "url": "https://www.kaigokensaku.mhlw.go.jp/43/index.php?action_kouhyou_detail_004_kani=true&JigyosyoCd=4370500797-00&ServiceCd=150&Type=search", "url2": "www.nichiigakkan.co.jp" }, "geometry": { "type": "Point", "coordinates": [ 130.422955973402424, 32.201086674223703 ] } },
{ "type": "Feature", "properties": { "内容": "まつおクリニック指定通所介護サービスセンターゆうじん【通所介護】熊本県玉名市山田高岡原2016-1", "url": "https://www.kaigokensaku.mhlw.go.jp/43/index.php?action_kouhyou_detail_004_kani=true&JigyosyoCd=4310611357-00&ServiceCd=150&Type=search", "url2": null }, "geometry": { "type": "Point", "coordinates": [ 130.546766986288162, 32.937490905795599 ] } },
{ "type": "Feature", "properties": { "内容": "岱山苑デイサービスセンター【通所介護】熊本県玉名市築地兎町1596番地1", "url": "https://www.kaigokensaku.mhlw.go.jp/43/index.php?action_kouhyou_detail_004_kani=true&JigyosyoCd=4370600365-00&ServiceCd=150&Type=search", "url2": "http://www.taizanen.com" }, "geometry": { "type": "Point", "coordinates": [ 130.533850938514689, 32.941141387221045 ] } },
{ "type": "Feature", "properties": { "内容": "デイサービスセンターさくら苑【通所介護】熊本県玉名市伊倉北方1533番地", "url": "https://www.kaigokensaku.mhlw.go.jp/43/index.php?action_kouhyou_detail_004_kani=true&JigyosyoCd=4370600399-00&ServiceCd=150&Type=search", "url2": "https://www.sakura-en.com" }, "geometry": { "type": "Point", "coordinates": [ 130.574748, 32.9141274 ] } },
{ "type": "Feature", "properties": { "内容": "立願寺温泉　デイサービス　湯と里館【通所介護】熊本県玉名市岩崎382", "url": "https://www.kaigokensaku.mhlw.go.jp/43/index.php?action_kouhyou_detail_004_kani=true&JigyosyoCd=4370600662-00&ServiceCd=150&Type=search", "url2": "htts://yutorikan.wixsite.com" }, "geometry": { "type": "Point", "coordinates": [ 130.5585757, 32.9378061 ] } },
{ "type": "Feature", "properties": { "内容": "しもだ介護サービス玉名【通所介護】熊本県玉名市伊倉北方字五社３４９－２", "url": "https://www.kaigokensaku.mhlw.go.jp/43/index.php?action_kouhyou_detail_004_kani=true&JigyosyoCd=4370601025-00&ServiceCd=150&Type=search", "url2": "https;//www.at-home.co.jp" }, "geometry": { "type": "Point", "coordinates": [ 130.565337522045866, 32.91523693691002 ] } },
{ "type": "Feature", "properties": { "内容": "緑の風てのひら【通所介護】熊本県玉名市中坂門田825番地", "url": "https://www.kaigokensaku.mhlw.go.jp/43/index.php?action_kouhyou_detail_004_kani=true&JigyosyoCd=4370601074-00&ServiceCd=150&Type=search", "url2": null }, "geometry": { "type": "Point", "coordinates": [ 130.61223080000002, 32.9126556 ] } },
{ "type": "Feature", "properties": { "内容": "社会福祉法人　浩風会　あゆみの家デイサービスセンター【通所介護】熊本県玉名市中尾城ノ下４６５番地１", "url": "https://www.kaigokensaku.mhlw.go.jp/43/index.php?action_kouhyou_detail_004_kani=true&JigyosyoCd=4370601181-00&ServiceCd=150&Type=search", "url2": "http://www.taizanen.com" }, "geometry": { "type": "Point", "coordinates": [ 130.547091715344209, 32.932991421549914 ] } },
{ "type": "Feature", "properties": { "内容": "滑石デイサービスセンター　一休【通所介護】熊本県玉名市滑石2542-3", "url": "https://www.kaigokensaku.mhlw.go.jp/43/index.php?action_kouhyou_detail_004_kani=true&JigyosyoCd=4370601272-00&ServiceCd=150&Type=search", "url2": null }, "geometry": { "type": "Point", "coordinates": [ 130.528533399999986, 32.8961218 ] } },
{ "type": "Feature", "properties": { "内容": "デイサービス湯の郷てんすい【通所介護】玉名市天水町小天9278番地1", "url": "https://www.kaigokensaku.mhlw.go.jp/43/index.php?action_kouhyou_detail_004_kani=true&JigyosyoCd=4370601280-00&ServiceCd=150&Type=search", "url2": "https://yunosato.jp/" }, "geometry": { "type": "Point", "coordinates": [ 130.594230899999957, 32.8590633 ] } },
{ "type": "Feature", "properties": { "内容": "デイサービス　ふじの香【通所介護】熊本県玉名市岩崎592番地", "url": "https://www.kaigokensaku.mhlw.go.jp/43/index.php?action_kouhyou_detail_004_kani=true&JigyosyoCd=4370601348-00&ServiceCd=150&Type=search", "url2": "http://www.vihara-fujinoka.com/inquire/" }, "geometry": { "type": "Point", "coordinates": [ 130.557554447360161, 32.936456850208621 ] } },
{ "type": "Feature", "properties": { "内容": "デイサービスセンター\"いっきゅう\"【通所介護】熊本県玉名市岩崎1129番地2地域交流館Ⅱ‟いっきゅう”", "url": "https://www.kaigokensaku.mhlw.go.jp/43/index.php?action_kouhyou_detail_004_kani=true&JigyosyoCd=4370601363-00&ServiceCd=150&Type=search", "url2": null }, "geometry": { "type": "Point", "coordinates": [ 130.555484500000034, 32.9308482 ] } },
{ "type": "Feature", "properties": { "内容": "デイサービスささえあい【通所介護】熊本県玉名市富尾643番地1", "url": "https://www.kaigokensaku.mhlw.go.jp/43/index.php?action_kouhyou_detail_004_kani=true&JigyosyoCd=4370601421-00&ServiceCd=150&Type=search", "url2": "https://chiikitasukeainokai.com/" }, "geometry": { "type": "Point", "coordinates": [ 130.556155561099104, 32.948358032856405 ] } },
{ "type": "Feature", "properties": { "内容": "デイサービスセンター　立願の森【通所介護】熊本県玉名市立願寺623-1", "url": "https://www.kaigokensaku.mhlw.go.jp/43/index.php?action_kouhyou_detail_004_kani=true&JigyosyoCd=4370601439-00&ServiceCd=150&Type=search", "url2": "https://www.sakura-en.com/" }, "geometry": { "type": "Point", "coordinates": [ 130.557009, 32.9387366 ] } },
{ "type": "Feature", "properties": { "内容": "デイサービス　たすけあいの里【通所介護】熊本県玉名市上小田371番地", "url": "https://www.kaigokensaku.mhlw.go.jp/43/index.php?action_kouhyou_detail_004_kani=true&JigyosyoCd=4370601512-00&ServiceCd=150&Type=search", "url2": "https://chiikitasukeainokai.com/" }, "geometry": { "type": "Point", "coordinates": [ 130.590920899999986, 32.9501925 ] } },
{ "type": "Feature", "properties": { "内容": "六田ハウスデイサービスセンター【通所介護】熊本県玉名市六田12番地2", "url": "https://www.kaigokensaku.mhlw.go.jp/43/index.php?action_kouhyou_detail_004_kani=true&JigyosyoCd=4370601538-00&ServiceCd=150&Type=search", "url2": null }, "geometry": { "type": "Point", "coordinates": [ 130.546825799999965, 32.923169500000014 ] } },
{ "type": "Feature", "properties": { "内容": "デイサービスシルバーリゾート新玉名【通所介護】熊本県玉名市秋丸6-1", "url": "https://www.kaigokensaku.mhlw.go.jp/43/index.php?action_kouhyou_detail_004_kani=true&JigyosyoCd=4370601546-00&ServiceCd=150&Type=search", "url2": "https://yunosato.jp/" }, "geometry": { "type": "Point", "coordinates": [ 130.563622400000014, 32.9324164 ] } },
{ "type": "Feature", "properties": { "内容": "デイサービスグッドシーズン髙瀬【通所介護】熊本県玉名市高瀬223-3", "url": "https://www.kaigokensaku.mhlw.go.jp/43/index.php?action_kouhyou_detail_004_kani=true&JigyosyoCd=4370601553-00&ServiceCd=150&Type=search", "url2": "https://yunosato.jp" }, "geometry": { "type": "Point", "coordinates": [ 130.5628318, 32.928983 ] } },
{ "type": "Feature", "properties": { "内容": "デイサービスたいめい苑【通所介護】熊本県玉名市岱明町古閑388番地", "url": "https://www.kaigokensaku.mhlw.go.jp/43/index.php?action_kouhyou_detail_004_kani=true&JigyosyoCd=4372400400-00&ServiceCd=150&Type=search", "url2": "http://ww7.tiki.ne.jp/~taimeien" }, "geometry": { "type": "Point", "coordinates": [ 130.506009799999987, 32.9304732 ] } },
{ "type": "Feature", "properties": { "内容": "有明ホームデイサービスセンター【通所介護】熊本県玉名市天水町部田見４４０番地", "url": "https://www.kaigokensaku.mhlw.go.jp/43/index.php?action_kouhyou_detail_004_kani=true&JigyosyoCd=4372400525-00&ServiceCd=150&Type=search", "url2": "http://www.ariakehome.jp/" }, "geometry": { "type": "Point", "coordinates": [ 130.569768699999941, 32.885413 ] } },
{ "type": "Feature", "properties": { "内容": "デイサービスセンター慈幸苑【通所介護】熊本県玉名市横島町横島2381-1", "url": "https://www.kaigokensaku.mhlw.go.jp/43/index.php?action_kouhyou_detail_004_kani=true&JigyosyoCd=4372400590-00&ServiceCd=150&Type=search", "url2": "https://souyukai.or.jp/" }, "geometry": { "type": "Point", "coordinates": [ 130.561586300000045, 32.8793661 ] } },
{ "type": "Feature", "properties": { "内容": "ディサービスセンター岱明の里【通所介護】熊本県玉名市岱明町高道１０６７番地", "url": "https://www.kaigokensaku.mhlw.go.jp/43/index.php?action_kouhyou_detail_004_kani=true&JigyosyoCd=4372401143-00&ServiceCd=150&Type=search", "url2": "http://taimeinosato.com/" }, "geometry": { "type": "Point", "coordinates": [ 130.51291660000004, 32.9101156 ] } },
{ "type": "Feature", "properties": { "内容": "ニチイケアセンター玉名【通所介護】熊本県玉名市滑石2621-1", "url": "https://www.kaigokensaku.mhlw.go.jp/43/index.php?action_kouhyou_detail_004_kani=true&JigyosyoCd=4370600480-00&ServiceCd=150&Type=search", "url2": null }, "geometry": { "type": "Point", "coordinates": [ 130.526808499999987, 32.8975716 ] } },
{ "type": "Feature", "properties": { "内容": "ライフケア　滑石デイリハビリセンター【通所介護】熊本県玉名市滑石２３０７－１", "url": "https://www.kaigokensaku.mhlw.go.jp/43/index.php?action_kouhyou_detail_004_kani=true&JigyosyoCd=4370601009-00&ServiceCd=150&Type=search", "url2": "http://care-net.biz/43/lifecare" }, "geometry": { "type": "Point", "coordinates": [ 130.532816599999933, 32.891625 ] } },
{ "type": "Feature", "properties": { "内容": "ライフケア六田デイサービスセンター【通所介護】熊本県玉名市中751-4", "url": "https://www.kaigokensaku.mhlw.go.jp/43/index.php?action_kouhyou_detail_004_kani=true&JigyosyoCd=4370601082-00&ServiceCd=150&Type=search", "url2": "http://care-net.biz/43/lifecare/" }, "geometry": { "type": "Point", "coordinates": [ 130.541240319049052, 32.921401247761374 ] } },
{ "type": "Feature", "properties": { "内容": "デイサービス　福寿草【通所介護】熊本県玉名市岱明町古閑４２３番地1", "url": "https://www.kaigokensaku.mhlw.go.jp/43/index.php?action_kouhyou_detail_004_kani=true&JigyosyoCd=4370601454-00&ServiceCd=150&Type=search", "url2": "https://day-fukujusou.com/" }, "geometry": { "type": "Point", "coordinates": [ 130.50497919999998, 32.9320342 ] } },
{ "type": "Feature", "properties": { "内容": "デイサービス　ももサポート【通所介護】熊本県玉名市滑石1090番地", "url": "https://www.kaigokensaku.mhlw.go.jp/43/index.php?action_kouhyou_detail_004_kani=true&JigyosyoCd=4370601116-00&ServiceCd=150&Type=search", "url2": "http://dan-peach-g.wix.com/momo" }, "geometry": { "type": "Point", "coordinates": [ 130.525488699999983, 32.9046739 ] } },
{ "type": "Feature", "properties": { "内容": "奥山鹿温泉デイサービス倶楽部【通所介護】熊本県山鹿市平山２３５番地", "url": "https://www.kaigokensaku.mhlw.go.jp/43/index.php?action_kouhyou_detail_004_kani=true&JigyosyoCd=4370800759-00&ServiceCd=150&Type=search", "url2": null }, "geometry": { "type": "Point", "coordinates": [ 130.653672, 33.0529272 ] } },
{ "type": "Feature", "properties": { "内容": "愛隣館　通所介護事業所【通所介護】熊本県山鹿市津留2022番地", "url": "https://www.kaigokensaku.mhlw.go.jp/43/index.php?action_kouhyou_detail_004_kani=true&JigyosyoCd=4370801252-00&ServiceCd=150&Type=search", "url2": "http://aileans.com" }, "geometry": { "type": "Point", "coordinates": [ 130.68289470000002, 33.0616443 ] } },
{ "type": "Feature", "properties": { "内容": "平井・藤岡医院デイサービスかざぐるま【通所介護】熊本県山鹿市鹿本町来民４９５番地の１", "url": "https://www.kaigokensaku.mhlw.go.jp/43/index.php?action_kouhyou_detail_004_kani=true&JigyosyoCd=4370801302-00&ServiceCd=150&Type=search", "url2": null }, "geometry": { "type": "Point", "coordinates": [ 130.7372791, 33.002968 ] } },
{ "type": "Feature", "properties": { "内容": "社会福祉法人愛隣園　愛隣の家通所介護事業所【通所介護】熊本県山鹿市津留2027", "url": "https://www.kaigokensaku.mhlw.go.jp/43/index.php?action_kouhyou_detail_004_kani=true&JigyosyoCd=4370800395-00&ServiceCd=150&Type=search", "url2": "http://aileans.com/ie/" }, "geometry": { "type": "Point", "coordinates": [ 130.685555600000043, 33.0557909 ] } },
{ "type": "Feature", "properties": { "内容": "鹿央デイサービスセンター【通所介護】熊本県山鹿市鹿央町合里１６０８番地山鹿市鹿央地域福祉センター", "url": "https://www.kaigokensaku.mhlw.go.jp/43/index.php?action_kouhyou_detail_004_kani=true&JigyosyoCd=4370800593-00&ServiceCd=150&Type=search", "url2": "http://www.yamaga-shakyo.com/" }, "geometry": { "type": "Point", "coordinates": [ 130.679168, 32.9692825 ] } },
{ "type": "Feature", "properties": { "内容": "指定通所介護　デイサービスセンター　菖蒲苑【通所介護】熊本県山鹿市昭和町601", "url": "https://www.kaigokensaku.mhlw.go.jp/43/index.php?action_kouhyou_detail_004_kani=true&JigyosyoCd=4370800742-00&ServiceCd=150&Type=search", "url2": "http://mimorikai.com/" }, "geometry": { "type": "Point", "coordinates": [ 130.686503899999906, 33.0128698 ] } },
{ "type": "Feature", "properties": { "内容": "デイサービスセンターたい志【通所介護】熊本県山鹿市方保田3063番地1", "url": "https://www.kaigokensaku.mhlw.go.jp/43/index.php?action_kouhyou_detail_004_kani=true&JigyosyoCd=4370800775-00&ServiceCd=150&Type=search", "url2": null }, "geometry": { "type": "Point", "coordinates": [ 130.719864661607517, 33.010997569733298 ] } },
{ "type": "Feature", "properties": { "内容": "デイサービスセンターアロハ【通所介護】熊本県山鹿市古閑1534番地1", "url": "https://www.kaigokensaku.mhlw.go.jp/43/index.php?action_kouhyou_detail_004_kani=true&JigyosyoCd=4370800791-00&ServiceCd=150&Type=search", "url2": "http://www.yamagakaisei.or.jp/aloha/" }, "geometry": { "type": "Point", "coordinates": [ 130.7045412, 33.0043155 ] } },
{ "type": "Feature", "properties": { "内容": "デイサポート欅【通所介護】山鹿市鹿央町持松1040-1", "url": "https://www.kaigokensaku.mhlw.go.jp/43/index.php?action_kouhyou_detail_004_kani=true&JigyosyoCd=4370801054-00&ServiceCd=150&Type=search", "url2": "http://saikicorporation.com" }, "geometry": { "type": "Point", "coordinates": [ 130.694628800000032, 32.9817039 ] } },
{ "type": "Feature", "properties": { "内容": "菊鹿リハセンタースマイル【通所介護】熊本県山鹿市菊鹿町下内田1665番地１", "url": "https://www.kaigokensaku.mhlw.go.jp/43/index.php?action_kouhyou_detail_004_kani=true&JigyosyoCd=4370801146-00&ServiceCd=150&Type=search", "url2": "https://www.smail3103.com/" }, "geometry": { "type": "Point", "coordinates": [ 130.762960360188345, 33.028013775615555 ] } },
{ "type": "Feature", "properties": { "内容": "デイサービスかもと【通所介護】熊本県山鹿市鹿本町来民1206番地高齢者複合支援施設　メディケアホームかもと", "url": "https://www.kaigokensaku.mhlw.go.jp/43/index.php?action_kouhyou_detail_004_kani=true&JigyosyoCd=4370801161-00&ServiceCd=150&Type=search", "url2": "http://www.yamagachuohp.jp/" }, "geometry": { "type": "Point", "coordinates": [ 130.741071799999986, 33.0009414 ] } },
{ "type": "Feature", "properties": { "内容": "リハステーション　ロノ【通所介護】熊本県山鹿市中890番地11なし", "url": "https://www.kaigokensaku.mhlw.go.jp/43/index.php?action_kouhyou_detail_004_kani=true&JigyosyoCd=4370801286-00&ServiceCd=150&Type=search", "url2": null }, "geometry": { "type": "Point", "coordinates": [ 130.702210799999989, 33.0128299 ] } },
{ "type": "Feature", "properties": { "内容": "矢筈荘通所介護事業所【通所介護】熊本県山鹿市菊鹿町長５０２番地", "url": "https://www.kaigokensaku.mhlw.go.jp/43/index.php?action_kouhyou_detail_004_kani=true&JigyosyoCd=4372500589-00&ServiceCd=150&Type=search", "url2": "http://yahazusou.com/" }, "geometry": { "type": "Point", "coordinates": [ 130.761955299999954, 33.0422239 ] } },
{ "type": "Feature", "properties": { "内容": "介護処ひらやま【通所介護】熊本県山鹿市平山5307番6", "url": "https://www.kaigokensaku.mhlw.go.jp/43/index.php?action_kouhyou_detail_004_kani=true&JigyosyoCd=4370801278-00&ServiceCd=150&Type=search", "url2": "https://kaigo-hirayama.jp/" }, "geometry": { "type": "Point", "coordinates": [ 130.6588544, 33.0531271 ] } },
{ "type": "Feature", "properties": { "内容": "デイサービスセンター　一本松荘【通所介護】熊本県山鹿市鹿本町津袋４５０番地", "url": "https://www.kaigokensaku.mhlw.go.jp/43/index.php?action_kouhyou_detail_004_kani=true&JigyosyoCd=4372500530-00&ServiceCd=150&Type=search", "url2": "http://www.ipponmatu.com/" }, "geometry": { "type": "Point", "coordinates": [ 130.7541235, 33.0114931 ] } },
{ "type": "Feature", "properties": { "内容": "デイサービス陽向　きくち事業所【通所介護】熊本県菊池市野間口380番地", "url": "https://www.kaigokensaku.mhlw.go.jp/43/index.php?action_kouhyou_detail_004_kani=true&JigyosyoCd=4371000466-00&ServiceCd=150&Type=search", "url2": "https://hi-na-ta.jp/nursing_list/%e3%83%87%e3%82%a4%e3%82%b5%e3%83%bc%e3%83%93%e3%82%b9/d-kikuchi/" }, "geometry": { "type": "Point", "coordinates": [ 130.7915018, 32.9767547 ] } },
{ "type": "Feature", "properties": { "内容": "菊池市社協　輝【通所介護】熊本県菊池市泗水町吉富２９００番地菊池市泗水地域福祉センター内", "url": "https://www.kaigokensaku.mhlw.go.jp/43/index.php?action_kouhyou_detail_004_kani=true&JigyosyoCd=4371000524-00&ServiceCd=150&Type=search", "url2": "http://www.kikuchi-shakyo.or.jp/" }, "geometry": { "type": "Point", "coordinates": [ 130.777115500000036, 32.9325478 ] } },
{ "type": "Feature", "properties": { "内容": "デイサービス優癒【通所介護】熊本県菊池市七城町砂田249番地", "url": "https://www.kaigokensaku.mhlw.go.jp/43/index.php?action_kouhyou_detail_004_kani=true&JigyosyoCd=4371000706-00&ServiceCd=150&Type=search", "url2": null }, "geometry": { "type": "Point", "coordinates": [ 130.776772599999958, 32.9748273 ] } },
{ "type": "Feature", "properties": { "内容": "デイサービスありがとう【通所介護】熊本県菊池市隈府81番", "url": "https://www.kaigokensaku.mhlw.go.jp/43/index.php?action_kouhyou_detail_004_kani=true&JigyosyoCd=4371000722-00&ServiceCd=150&Type=search", "url2": "http://www.wahaha-arigatou.com/" }, "geometry": { "type": "Point", "coordinates": [ 130.808033199999954, 32.9839409 ] } },
{ "type": "Feature", "properties": { "内容": "きららデイサービス【通所介護】熊本県菊池市泗水町永３１９３番地", "url": "https://www.kaigokensaku.mhlw.go.jp/43/index.php?action_kouhyou_detail_004_kani=true&JigyosyoCd=4371000847-00&ServiceCd=150&Type=search", "url2": null }, "geometry": { "type": "Point", "coordinates": [ 130.802336387449714, 32.926714429275314 ] } },
{ "type": "Feature", "properties": { "内容": "デイサービスセンターNoah【通所介護】熊本県菊池市泗水町吉富210-60住宅型有料老人ホームNoah'sArk　1階", "url": "https://www.kaigokensaku.mhlw.go.jp/43/index.php?action_kouhyou_detail_004_kani=true&JigyosyoCd=4371001076-00&ServiceCd=150&Type=search", "url2": null }, "geometry": { "type": "Point", "coordinates": [ 130.792468850787401, 32.933932688462754 ] } },
{ "type": "Feature", "properties": { "内容": "デイサービスセンター清泉【通所介護】熊本県菊池市七城町亀尾2429", "url": "https://www.kaigokensaku.mhlw.go.jp/43/index.php?action_kouhyou_detail_004_kani=true&JigyosyoCd=4372600421-00&ServiceCd=150&Type=search", "url2": "https://seisen-aikei.wixsite.com/seisen" }, "geometry": { "type": "Point", "coordinates": [ 130.768212528836102, 32.95511762440394 ] } },
{ "type": "Feature", "properties": { "内容": "泗水苑デイサービス事業所【通所介護】熊本県菊池市泗水町永１０２１番地", "url": "https://www.kaigokensaku.mhlw.go.jp/43/index.php?action_kouhyou_detail_004_kani=true&JigyosyoCd=4372600959-00&ServiceCd=150&Type=search", "url2": "http://www.sisuien.com" }, "geometry": { "type": "Point", "coordinates": [ 130.802902300000028, 32.9260092 ] } },
{ "type": "Feature", "properties": { "内容": "社会福祉法人東康会つまごめ荘デイサービスセンター【通所介護】熊本県菊池市今58番地", "url": "https://www.kaigokensaku.mhlw.go.jp/43/index.php?action_kouhyou_detail_004_kani=true&JigyosyoCd=4371001159-00&ServiceCd=150&Type=search", "url2": null }, "geometry": { "type": "Point", "coordinates": [ 130.8148683, 32.9710317 ] } },
{ "type": "Feature", "properties": { "内容": "JA菊池福祉センターめぐみの里デイサービスセンターいずみ【通所介護】熊本県菊池市旭志川辺1875番地", "url": "https://www.kaigokensaku.mhlw.go.jp/43/index.php?action_kouhyou_detail_004_kani=true&JigyosyoCd=4371000904-00&ServiceCd=150&Type=search", "url2": null }, "geometry": { "type": "Point", "coordinates": [ 130.8307608, 32.9300007 ] } },
{ "type": "Feature", "properties": { "内容": "照古苑　デイサービスセンター【通所介護】熊本県宇土市南段原町１６１－２", "url": "https://www.kaigokensaku.mhlw.go.jp/43/index.php?action_kouhyou_detail_004_kani=true&JigyosyoCd=4371100332-00&ServiceCd=150&Type=search", "url2": "http://www.hakujitsukai.jp" }, "geometry": { "type": "Point", "coordinates": [ 130.663190699999973, 32.6800134 ] } },
{ "type": "Feature", "properties": { "内容": "指定通所介護サービス事業所　温心館【通所介護】熊本県宇土市栗崎町７３６－１", "url": "https://www.kaigokensaku.mhlw.go.jp/43/index.php?action_kouhyou_detail_004_kani=true&JigyosyoCd=4371100506-00&ServiceCd=150&Type=search", "url2": "http://www.onshinkai-g.com/index.html" }, "geometry": { "type": "Point", "coordinates": [ 130.651926822090246, 32.671421919270166 ] } },
{ "type": "Feature", "properties": { "内容": "医療法人社団小田会　ケアセンターみどりかわ通所介護事業所【通所介護】熊本県宇土市野鶴町３５２", "url": "https://www.kaigokensaku.mhlw.go.jp/43/index.php?action_kouhyou_detail_004_kani=true&JigyosyoCd=4371100563-00&ServiceCd=150&Type=search", "url2": "http://www.odakai.jp" }, "geometry": { "type": "Point", "coordinates": [ 130.628951200000017, 32.6952213 ] } },
{ "type": "Feature", "properties": { "内容": "デイサービスセンター西城園【通所介護】熊本県宇土市下網田町1905", "url": "https://www.kaigokensaku.mhlw.go.jp/43/index.php?action_kouhyou_detail_004_kani=true&JigyosyoCd=4371100779-00&ServiceCd=150&Type=search", "url2": "http://seijyo-en.com/" }, "geometry": { "type": "Point", "coordinates": [ 130.550663176289987, 32.668101146203483 ] } },
{ "type": "Feature", "properties": { "内容": "デイサービスセンター　ふれしあ【通所介護】松山町５００８番地２", "url": "https://www.kaigokensaku.mhlw.go.jp/43/index.php?action_kouhyou_detail_004_kani=true&JigyosyoCd=4371100811-00&ServiceCd=150&Type=search", "url2": null }, "geometry": { "type": "Point", "coordinates": [ 130.66457521461939, 32.666103418812909 ] } },
{ "type": "Feature", "properties": { "内容": "デイサービス　げんきハウス【通所介護】熊本県宇土市花園台町花園台673番地24", "url": "https://www.kaigokensaku.mhlw.go.jp/43/index.php?action_kouhyou_detail_004_kani=true&JigyosyoCd=4371100860-00&ServiceCd=150&Type=search", "url2": "http://minami-en.com/" }, "geometry": { "type": "Point", "coordinates": [ 130.691377623942572, 32.681122780459155 ] } },
{ "type": "Feature", "properties": { "内容": "デイサービス　たんぽぽの家【通所介護】熊本県宇土市古保里町９９３－１", "url": "https://www.kaigokensaku.mhlw.go.jp/43/index.php?action_kouhyou_detail_004_kani=true&JigyosyoCd=4371101017-00&ServiceCd=150&Type=search", "url2": "http://e-harukaze.com/" }, "geometry": { "type": "Point", "coordinates": [ 130.682085919579777, 32.676593186431568 ] } },
{ "type": "Feature", "properties": { "内容": "デイサービスセンター松山・千の郷【通所介護】熊本県宇土市松山町4643-1", "url": "https://www.kaigokensaku.mhlw.go.jp/43/index.php?action_kouhyou_detail_004_kani=true&JigyosyoCd=4371100704-00&ServiceCd=150&Type=search", "url2": "http://utosennosato.ecgo.jp/" }, "geometry": { "type": "Point", "coordinates": [ 130.6693934, 32.669384 ] } },
{ "type": "Feature", "properties": { "内容": "デイサービスアロハ【通所介護】熊本県宇土市花園台町花園台433－125", "url": "https://www.kaigokensaku.mhlw.go.jp/43/index.php?action_kouhyou_detail_004_kani=true&JigyosyoCd=4371100886-00&ServiceCd=150&Type=search", "url2": "http://maharo-garden.jp" }, "geometry": { "type": "Point", "coordinates": [ 130.691608293917852, 32.678540065769624 ] } },
{ "type": "Feature", "properties": { "内容": "デイサービスセンター松朗園【通所介護】熊本県上天草市松島町合津４２７６番地の６１０", "url": "https://www.kaigokensaku.mhlw.go.jp/43/index.php?action_kouhyou_detail_004_kani=true&JigyosyoCd=4371200173-00&ServiceCd=150&Type=search", "url2": "https://www.syourouen.jp/dayservice/" }, "geometry": { "type": "Point", "coordinates": [ 130.428855399999946, 32.5144776 ] } },
{ "type": "Feature", "properties": { "内容": "デイサービスセンターはるた【通所介護】熊本県上天草市松島町阿村5599-3", "url": "https://www.kaigokensaku.mhlw.go.jp/43/index.php?action_kouhyou_detail_004_kani=true&JigyosyoCd=4371200207-00&ServiceCd=150&Type=search", "url2": null }, "geometry": { "type": "Point", "coordinates": [ 130.44122619999996, 32.5232521 ] } },
{ "type": "Feature", "properties": { "内容": "翔洋苑デイサービスセンター【通所介護】熊本県上天草市姫戸町姫浦字西成川内3055番地106", "url": "https://www.kaigokensaku.mhlw.go.jp/43/index.php?action_kouhyou_detail_004_kani=true&JigyosyoCd=4373200767-00&ServiceCd=150&Type=search", "url2": "http://www.shoyoen.or.jp/" }, "geometry": { "type": "Point", "coordinates": [ 130.417805600000065, 32.4555463 ] } },
{ "type": "Feature", "properties": { "内容": "デイサービスセンターひかりの園【通所介護】熊本県上天草市松島町今泉1004-1", "url": "https://www.kaigokensaku.mhlw.go.jp/43/index.php?action_kouhyou_detail_004_kani=true&JigyosyoCd=4373200999-00&ServiceCd=150&Type=search", "url2": "http://hikarinosono1995.com" }, "geometry": { "type": "Point", "coordinates": [ 130.4234735, 32.4900876 ] } },
{ "type": "Feature", "properties": { "内容": "相生荘デイサービスセンター【通所介護】熊本県上天草市龍ヶ岳町大道158番地", "url": "https://www.kaigokensaku.mhlw.go.jp/43/index.php?action_kouhyou_detail_004_kani=true&JigyosyoCd=4373201005-00&ServiceCd=150&Type=search", "url2": "http://www。aioi-tsurukame.com" }, "geometry": { "type": "Point", "coordinates": [ 130.351240599999983, 32.3947693 ] } },
{ "type": "Feature", "properties": { "内容": "南風苑デイサービスセンター【通所介護】熊本県上天草市大矢野町登立8531番地", "url": "https://www.kaigokensaku.mhlw.go.jp/43/index.php?action_kouhyou_detail_004_kani=true&JigyosyoCd=4373200874-00&ServiceCd=150&Type=search", "url2": "http://nanpuen.jp/" }, "geometry": { "type": "Point", "coordinates": [ 130.432776200000035, 32.5935828 ] } },
{ "type": "Feature", "properties": { "内容": "デイサービスゆうとく【通所介護】熊本県上天草市大矢野町登立1426-11", "url": "https://www.kaigokensaku.mhlw.go.jp/43/index.php?action_kouhyou_detail_004_kani=true&JigyosyoCd=4371200272-00&ServiceCd=150&Type=search", "url2": null }, "geometry": { "type": "Point", "coordinates": [ 130.4366269, 32.6016357 ] } },
{ "type": "Feature", "properties": { "内容": "デイサービス咲楽【通所介護】熊本県宇城市松橋町曲野2461番地2", "url": "https://www.kaigokensaku.mhlw.go.jp/43/index.php?action_kouhyou_detail_004_kani=true&JigyosyoCd=4371300072-00&ServiceCd=150&Type=search", "url2": null }, "geometry": { "type": "Point", "coordinates": [ 130.690337368201199, 32.653478207007844 ] } },
{ "type": "Feature", "properties": { "内容": "デイサービスセンター水晶苑【通所介護】熊本県宇城市豊野町糸石2513番地", "url": "https://www.kaigokensaku.mhlw.go.jp/43/index.php?action_kouhyou_detail_004_kani=true&JigyosyoCd=4371300122-00&ServiceCd=150&Type=search", "url2": "http://www.suisyouen.info/" }, "geometry": { "type": "Point", "coordinates": [ 130.754839400000037, 32.6319636 ] } },
{ "type": "Feature", "properties": { "内容": "大野橋デイサービスセンター【通所介護】熊本県宇城市松橋町曲野３４番地の１", "url": "https://www.kaigokensaku.mhlw.go.jp/43/index.php?action_kouhyou_detail_004_kani=true&JigyosyoCd=4371300148-00&ServiceCd=150&Type=search", "url2": "http://www.shiranuiso.or.jp/" }, "geometry": { "type": "Point", "coordinates": [ 130.686945700000024, 32.651682800000025 ] } },
{ "type": "Feature", "properties": { "内容": "デイサービスセンターきらら【通所介護】熊本県宇城市松橋町きらら１丁目９番地１", "url": "https://www.kaigokensaku.mhlw.go.jp/43/index.php?action_kouhyou_detail_004_kani=true&JigyosyoCd=4371300221-00&ServiceCd=150&Type=search", "url2": null }, "geometry": { "type": "Point", "coordinates": [ 130.676521500000035, 32.6458526 ] } },
{ "type": "Feature", "properties": { "内容": "デイサービス愛話園【通所介護】熊本県宇城市松橋町南豊崎455－1", "url": "https://www.kaigokensaku.mhlw.go.jp/43/index.php?action_kouhyou_detail_004_kani=true&JigyosyoCd=4371300296-00&ServiceCd=150&Type=search", "url2": "https://iyashinorin.com/" }, "geometry": { "type": "Point", "coordinates": [ 130.677126145606962, 32.620639035265469 ] } },
{ "type": "Feature", "properties": { "内容": "デイサービスセンターつばさ【通所介護】熊本県宇城市小川町新田１６３４－１", "url": "https://www.kaigokensaku.mhlw.go.jp/43/index.php?action_kouhyou_detail_004_kani=true&JigyosyoCd=4371300452-00&ServiceCd=150&Type=search", "url2": "http://ukiukitsubasa.com/" }, "geometry": { "type": "Point", "coordinates": [ 130.686933555819678, 32.600002444408084 ] } },
{ "type": "Feature", "properties": { "内容": "デイサービスセンター　春風【通所介護】熊本県宇城市三角町波多７７０番地１", "url": "https://www.kaigokensaku.mhlw.go.jp/43/index.php?action_kouhyou_detail_004_kani=true&JigyosyoCd=4371300478-00&ServiceCd=150&Type=search", "url2": "asahi-shofukai.com" }, "geometry": { "type": "Point", "coordinates": [ 130.497449800000027, 32.6325361 ] } },
{ "type": "Feature", "properties": { "内容": "ＪＡうきうきデイサービス陽日【通所介護】熊本県宇城市不知火町長崎７２－１", "url": "https://www.kaigokensaku.mhlw.go.jp/43/index.php?action_kouhyou_detail_004_kani=true&JigyosyoCd=4371300635-00&ServiceCd=150&Type=search", "url2": null }, "geometry": { "type": "Point", "coordinates": [ 130.635121, 32.6523959 ] } },
{ "type": "Feature", "properties": { "内容": "社会福祉法人グリーンコープデイサービスセンターゆるりの家・松橋【通所介護】熊本県宇城市松橋町久具2584番", "url": "https://www.kaigokensaku.mhlw.go.jp/43/index.php?action_kouhyou_detail_004_kani=true&JigyosyoCd=4371300759-00&ServiceCd=150&Type=search", "url2": "http//www.fukushi-greencoop.or.jp" }, "geometry": { "type": "Point", "coordinates": [ 130.689803594442765, 32.644547212187518 ] } },
{ "type": "Feature", "properties": { "内容": "デイサービスセンター　ミッキー【通所介護】宇城市小川町南部田1555-1", "url": "https://www.kaigokensaku.mhlw.go.jp/43/index.php?action_kouhyou_detail_004_kani=true&JigyosyoCd=4371300957-00&ServiceCd=150&Type=search", "url2": null }, "geometry": { "type": "Point", "coordinates": [ 130.712049, 32.5982302 ] } },
{ "type": "Feature", "properties": { "内容": "フォーシーズン　リハステーション【通所介護】熊本県宇城市松橋町久具2059-1", "url": "https://www.kaigokensaku.mhlw.go.jp/43/index.php?action_kouhyou_detail_004_kani=true&JigyosyoCd=4371301013-00&ServiceCd=150&Type=search", "url2": "http:/fo-season.jp/" }, "geometry": { "type": "Point", "coordinates": [ 130.697631399999977, 32.6419812 ] } },
{ "type": "Feature", "properties": { "内容": "デイサービス　花美月【通所介護】熊本県宇城市松橋町久具1731番地", "url": "https://www.kaigokensaku.mhlw.go.jp/43/index.php?action_kouhyou_detail_004_kani=true&JigyosyoCd=4371301237-00&ServiceCd=150&Type=search", "url2": "http://www.asoka8730.jp" }, "geometry": { "type": "Point", "coordinates": [ 130.6999572, 32.6477938 ] } },
{ "type": "Feature", "properties": { "内容": "豊洋園デイサービスセンター【通所介護】熊本県宇城市三角町里浦２８５５番５", "url": "https://www.kaigokensaku.mhlw.go.jp/43/index.php?action_kouhyou_detail_004_kani=true&JigyosyoCd=4372200339-00&ServiceCd=150&Type=search", "url2": "http://houyuen.jp/" }, "geometry": { "type": "Point", "coordinates": [ 130.553989300000012, 32.6234886 ] } },
{ "type": "Feature", "properties": { "内容": "しらぬい荘デイサービスセンター【通所介護】熊本県宇城市松橋町竹崎1142-1番地", "url": "https://www.kaigokensaku.mhlw.go.jp/43/index.php?action_kouhyou_detail_004_kani=true&JigyosyoCd=4372300584-00&ServiceCd=150&Type=search", "url2": "http://www.shiranuiso.or.jp/" }, "geometry": { "type": "Point", "coordinates": [ 130.709889898672486, 32.627192947423524 ] } },
{ "type": "Feature", "properties": { "内容": "デイサービスセンターひだけ荘【通所介護】熊本県宇城市小川町南海東２０３０番地", "url": "https://www.kaigokensaku.mhlw.go.jp/43/index.php?action_kouhyou_detail_004_kani=true&JigyosyoCd=4372300659-00&ServiceCd=150&Type=search", "url2": "http:hidakekai.hippy.jp" }, "geometry": { "type": "Point", "coordinates": [ 130.742853400000058, 32.5815799 ] } },
{ "type": "Feature", "properties": { "内容": "蕉夢苑デイサービスセンター【通所介護】熊本県宇城市不知火町長崎740番地", "url": "https://www.kaigokensaku.mhlw.go.jp/43/index.php?action_kouhyou_detail_004_kani=true&JigyosyoCd=4372200354-00&ServiceCd=150&Type=search", "url2": "http://www5.ocn.ne.jp/~shoumuen/" }, "geometry": { "type": "Point", "coordinates": [ 130.64654280000002, 32.6424023 ] } },
{ "type": "Feature", "properties": { "内容": "デイサービスセンター楽楽あいあん【通所介護】熊本県宇城市小川町西北小川32番地", "url": "https://www.kaigokensaku.mhlw.go.jp/43/index.php?action_kouhyou_detail_004_kani=true&JigyosyoCd=4371301229-00&ServiceCd=150&Type=search", "url2": "http://aian-k.jp/" }, "geometry": { "type": "Point", "coordinates": [ 130.699378200000012, 32.5881792 ] } },
{ "type": "Feature", "properties": { "内容": "デイサービス　チャレンジ【通所介護】熊本県宇城市小川町川尻字新開531番地3", "url": "https://www.kaigokensaku.mhlw.go.jp/43/index.php?action_kouhyou_detail_004_kani=true&JigyosyoCd=4371301252-00&ServiceCd=150&Type=search", "url2": "nagoyaka-house.net" }, "geometry": { "type": "Point", "coordinates": [ 130.7045757, 32.5968432 ] } },
{ "type": "Feature", "properties": { "内容": "デイサービスセンターひまわり【通所介護】熊本県宇城市不知火町長崎561-1番地", "url": "https://www.kaigokensaku.mhlw.go.jp/43/index.php?action_kouhyou_detail_004_kani=true&JigyosyoCd=4372301061-00&ServiceCd=150&Type=search", "url2": null }, "geometry": { "type": "Point", "coordinates": [ 130.647562200000039, 32.6444605 ] } },
{ "type": "Feature", "properties": { "内容": "デイサービスセンター愛庵【通所介護】宇城市小川町西北小川32番地", "url": "https://www.kaigokensaku.mhlw.go.jp/43/index.php?action_kouhyou_detail_004_kani=true&JigyosyoCd=4372301038-00&ServiceCd=150&Type=search", "url2": "http://www.yokatoko-kumamoto.com/jigyousyo/aian/index.htm" }, "geometry": { "type": "Point", "coordinates": [ 130.711872018199216, 32.582079751900665 ] } },
{ "type": "Feature", "properties": { "内容": "曲野デイサービスセンター【通所介護】熊本県宇城市松橋町曲野４番地１", "url": "https://www.kaigokensaku.mhlw.go.jp/43/index.php?action_kouhyou_detail_004_kani=true&JigyosyoCd=4371300346-00&ServiceCd=150&Type=search", "url2": "http://www.houjyukai-g.jp/maganoday.php" }, "geometry": { "type": "Point", "coordinates": [ 130.687837299999956, 32.6504024 ] } },
{ "type": "Feature", "properties": { "内容": "デイサービスセンター　幸の樹【通所介護】熊本県宇城市松橋町西下郷890-1", "url": "https://www.kaigokensaku.mhlw.go.jp/43/index.php?action_kouhyou_detail_004_kani=true&JigyosyoCd=4371300577-00&ServiceCd=150&Type=search", "url2": null }, "geometry": { "type": "Point", "coordinates": [ 130.689504400000033, 32.6351427 ] } },
{ "type": "Feature", "properties": { "内容": "阿蘇市社協デイセンターなみの【通所介護】熊本県阿蘇市波野大字波野２７０３番地", "url": "https://www.kaigokensaku.mhlw.go.jp/43/index.php?action_kouhyou_detail_004_kani=true&JigyosyoCd=4371400096-00&ServiceCd=150&Type=search", "url2": "https://www.asoyamabiko.jp/aso/activity/article.php?skey=193" }, "geometry": { "type": "Point", "coordinates": [ 131.231250600000067, 32.933364 ] } },
{ "type": "Feature", "properties": { "内容": "デイサービス　だるま【通所介護】熊本県阿蘇市一の宮町220番地3", "url": "https://www.kaigokensaku.mhlw.go.jp/43/index.php?action_kouhyou_detail_004_kani=true&JigyosyoCd=4371400351-00&ServiceCd=150&Type=search", "url2": null }, "geometry": { "type": "Point", "coordinates": [ 131.115311199999951, 32.9569587 ] } },
{ "type": "Feature", "properties": { "内容": "デイサービス阿蘇ふれあい【通所介護】熊本県阿蘇市内牧353", "url": "https://www.kaigokensaku.mhlw.go.jp/43/index.php?action_kouhyou_detail_004_kani=true&JigyosyoCd=4371400310-00&ServiceCd=150&Type=search", "url2": "https://onebyone-kumamoto.jp/" }, "geometry": { "type": "Point", "coordinates": [ 131.038139209114064, 32.974394683344777 ] } },
{ "type": "Feature", "properties": { "内容": "ぽっかぽか・ハートケア阿蘇【通所介護】熊本県阿蘇市一の宮町宮地１９０２－１", "url": "https://www.kaigokensaku.mhlw.go.jp/43/index.php?action_kouhyou_detail_004_kani=true&JigyosyoCd=4371400211-00&ServiceCd=150&Type=search", "url2": null }, "geometry": { "type": "Point", "coordinates": [ 131.117675100000042, 32.9488732 ] } },
{ "type": "Feature", "properties": { "内容": "デイサービス春彩【通所介護】熊本県阿蘇市小里２７１番地１", "url": "https://www.kaigokensaku.mhlw.go.jp/43/index.php?action_kouhyou_detail_004_kani=true&JigyosyoCd=4371400484-00&ServiceCd=150&Type=search", "url2": "https://www.haruiro.life/" }, "geometry": { "type": "Point", "coordinates": [ 131.039421216186156, 32.97955786203773 ] } },
{ "type": "Feature", "properties": { "内容": "デイサービスセンター・はまなす【通所介護】熊本県天草市本渡町本戸馬場２０９４－７", "url": "https://www.kaigokensaku.mhlw.go.jp/43/index.php?action_kouhyou_detail_004_kani=true&JigyosyoCd=4370700306-00&ServiceCd=150&Type=search", "url2": null }, "geometry": { "type": "Point", "coordinates": [ 130.1767939, 32.4721946 ] } },
{ "type": "Feature", "properties": { "内容": "デイサービスセンター聖和園【通所介護】熊本県天草市下浦町2090番地の2", "url": "https://www.kaigokensaku.mhlw.go.jp/43/index.php?action_kouhyou_detail_004_kani=true&JigyosyoCd=4370700512-00&ServiceCd=150&Type=search", "url2": "https://seiwakai-kumamoto.com" }, "geometry": { "type": "Point", "coordinates": [ 130.22294809999994, 32.42486 ] } },
{ "type": "Feature", "properties": { "内容": "デイサービスセンター明照園【通所介護】熊本県天草市久玉町1237番地の1", "url": "https://www.kaigokensaku.mhlw.go.jp/43/index.php?action_kouhyou_detail_004_kani=true&JigyosyoCd=4370900369-00&ServiceCd=150&Type=search", "url2": "http://meishoen.com/" }, "geometry": { "type": "Point", "coordinates": [ 130.02985590000003, 32.2176591 ] } },
{ "type": "Feature", "properties": { "内容": "天草市社協デイサービスセンター河浦【通所介護】天草市河浦町白木河内223番地12天草市河浦老人福祉センター", "url": "https://www.kaigokensaku.mhlw.go.jp/43/index.php?action_kouhyou_detail_004_kani=true&JigyosyoCd=4371500226-00&ServiceCd=150&Type=search", "url2": null }, "geometry": { "type": "Point", "coordinates": [ 130.08291175767215, 32.316129604984994 ] } },
{ "type": "Feature", "properties": { "内容": "天草市社協デイサービスセンター有明【通所介護】熊本県天草市有明町赤崎2010番地9", "url": "https://www.kaigokensaku.mhlw.go.jp/43/index.php?action_kouhyou_detail_004_kani=true&JigyosyoCd=4371500242-00&ServiceCd=150&Type=search", "url2": null }, "geometry": { "type": "Point", "coordinates": [ 130.317036799999983, 32.5172718 ] } },
{ "type": "Feature", "properties": { "内容": "デイサービスセンター　なごみ【通所介護】熊本県天草市河浦町宮野河内336番地21", "url": "https://www.kaigokensaku.mhlw.go.jp/43/index.php?action_kouhyou_detail_004_kani=true&JigyosyoCd=4371500416-00&ServiceCd=150&Type=search", "url2": null }, "geometry": { "type": "Point", "coordinates": [ 130.140445156544473, 32.301279267985137 ] } },
{ "type": "Feature", "properties": { "内容": "老人デイサービスセンター　葉山苑天領の杜【通所介護】熊本県天草市本町下河内2233番地", "url": "https://www.kaigokensaku.mhlw.go.jp/43/index.php?action_kouhyou_detail_004_kani=true&JigyosyoCd=4371500515-00&ServiceCd=150&Type=search", "url2": "hayamaen.com/day-tenryou" }, "geometry": { "type": "Point", "coordinates": [ 130.165341799999965, 32.4722113 ] } },
{ "type": "Feature", "properties": { "内容": "デイサービスセンターゆるりの家・天草【通所介護】熊本県天草市本渡町本渡2568番地４", "url": "https://www.kaigokensaku.mhlw.go.jp/43/index.php?action_kouhyou_detail_004_kani=true&JigyosyoCd=4371500622-00&ServiceCd=150&Type=search", "url2": "http://www.fukushi-greencoop.or.jp" }, "geometry": { "type": "Point", "coordinates": [ 130.181194499999947, 32.4558933 ] } },
{ "type": "Feature", "properties": { "内容": "デイサービスセンター　毛利【通所介護】熊本県天草市本町下河内８４３－５", "url": "https://www.kaigokensaku.mhlw.go.jp/43/index.php?action_kouhyou_detail_004_kani=true&JigyosyoCd=4371500655-00&ServiceCd=150&Type=search", "url2": "https://mouri.jp" }, "geometry": { "type": "Point", "coordinates": [ 130.167119500000013, 32.472339 ] } },
{ "type": "Feature", "properties": { "内容": "デイサービスセンター厚生【通所介護】熊本県天草市諏訪町1番1号", "url": "https://www.kaigokensaku.mhlw.go.jp/43/index.php?action_kouhyou_detail_004_kani=true&JigyosyoCd=4371500697-00&ServiceCd=150&Type=search", "url2": "http://www.ichiyokai.or.jp/" }, "geometry": { "type": "Point", "coordinates": [ 130.1892441, 32.454885 ] } },
{ "type": "Feature", "properties": { "内容": "地域生活支援センターグリーン【通所介護】熊本県天草市佐伊津町401番5", "url": "https://www.kaigokensaku.mhlw.go.jp/43/index.php?action_kouhyou_detail_004_kani=true&JigyosyoCd=4371501018-00&ServiceCd=150&Type=search", "url2": "https://a-fukushi.com/" }, "geometry": { "type": "Point", "coordinates": [ 130.200959, 32.482886 ] } },
{ "type": "Feature", "properties": { "内容": "梅寿荘デイサービスセンター【通所介護】熊本県天草市栖本町湯船原655番地1", "url": "https://www.kaigokensaku.mhlw.go.jp/43/index.php?action_kouhyou_detail_004_kani=true&JigyosyoCd=4373200585-00&ServiceCd=150&Type=search", "url2": "http://www.baijuso.sakura.ne.jp/" }, "geometry": { "type": "Point", "coordinates": [ 130.277182700000026, 32.4162036 ] } },
{ "type": "Feature", "properties": { "内容": "紫明寮デイサービスセンター【通所介護】熊本県天草市五和町二江４６６８番地", "url": "https://www.kaigokensaku.mhlw.go.jp/43/index.php?action_kouhyou_detail_004_kani=true&JigyosyoCd=4373200700-00&ServiceCd=150&Type=search", "url2": "https://shimeiryo.com/" }, "geometry": { "type": "Point", "coordinates": [ 130.119359, 32.5482454 ] } },
{ "type": "Feature", "properties": { "内容": "デイサービスセンター御所浦苑【通所介護】熊本県天草市御所浦町御所浦4393番地1", "url": "https://www.kaigokensaku.mhlw.go.jp/43/index.php?action_kouhyou_detail_004_kani=true&JigyosyoCd=4373200973-00&ServiceCd=150&Type=search", "url2": "http://tensuikai.com" }, "geometry": { "type": "Point", "coordinates": [ 130.33466020000003, 32.3374782 ] } },
{ "type": "Feature", "properties": { "内容": "株式会社　アト・みらい【通所介護】熊本県天草市栄町６－１", "url": "https://www.kaigokensaku.mhlw.go.jp/43/index.php?action_kouhyou_detail_004_kani=true&JigyosyoCd=4371500952-00&ServiceCd=150&Type=search", "url2": null }, "geometry": { "type": "Point", "coordinates": [ 130.193207700000016, 32.4554739 ] } },
{ "type": "Feature", "properties": { "内容": "デイサービス　ソライロ【通所介護】熊本県天草市栖本町馬場3848番地", "url": "https://www.kaigokensaku.mhlw.go.jp/43/index.php?action_kouhyou_detail_004_kani=true&JigyosyoCd=4371500960-00&ServiceCd=150&Type=search", "url2": null }, "geometry": { "type": "Point", "coordinates": [ 130.262519936524086, 32.412136121614203 ] } },
{ "type": "Feature", "properties": { "内容": "慈晃園デイサービスセンター【通所介護】熊本県天草市佐伊津町928番地", "url": "https://www.kaigokensaku.mhlw.go.jp/43/index.php?action_kouhyou_detail_004_kani=true&JigyosyoCd=4371500945-00&ServiceCd=150&Type=search", "url2": "http://www.jikouen2016.com" }, "geometry": { "type": "Point", "coordinates": [ 130.1940813, 32.4860327 ] } },
{ "type": "Feature", "properties": { "内容": "デイサービス　そよかぜ【通所介護】熊本県天草市楠浦町288-9", "url": "https://www.kaigokensaku.mhlw.go.jp/43/index.php?action_kouhyou_detail_004_kani=true&JigyosyoCd=4371500978-00&ServiceCd=150&Type=search", "url2": null }, "geometry": { "type": "Point", "coordinates": [ 130.2079655, 32.4224749 ] } },
{ "type": "Feature", "properties": { "内容": "デイサービス　おおいけ【通所介護】熊本県合志市御代志８５３番地６８", "url": "https://www.kaigokensaku.mhlw.go.jp/43/index.php?action_kouhyou_detail_004_kani=true&JigyosyoCd=4371600570-00&ServiceCd=150&Type=search", "url2": null }, "geometry": { "type": "Point", "coordinates": [ 130.755925899999966, 32.894962 ] } },
{ "type": "Feature", "properties": { "内容": "合志市社協デイサービスセンター【通所介護】合志市須屋2251番地1", "url": "https://www.kaigokensaku.mhlw.go.jp/43/index.php?action_kouhyou_detail_004_kani=true&JigyosyoCd=4371600026-00&ServiceCd=150&Type=search", "url2": "http://www.koshi-shakyo.or.jp" }, "geometry": { "type": "Point", "coordinates": [ 130.733847299999979, 32.8732556 ] } },
{ "type": "Feature", "properties": { "内容": "リハビリ特化型デイサービしずく【通所介護】熊本県合志市須屋1415-1", "url": "https://www.kaigokensaku.mhlw.go.jp/43/index.php?action_kouhyou_detail_004_kani=true&JigyosyoCd=4371600331-00&ServiceCd=150&Type=search", "url2": null }, "geometry": { "type": "Point", "coordinates": [ 130.741362419960041, 32.856919282002174 ] } },
{ "type": "Feature", "properties": { "内容": "むべの里デイサービスセンター合志【通所介護】熊本県合志市豊岡1900-6", "url": "https://www.kaigokensaku.mhlw.go.jp/43/index.php?action_kouhyou_detail_004_kani=true&JigyosyoCd=4371600430-00&ServiceCd=150&Type=search", "url2": "http://mubenosato.com/" }, "geometry": { "type": "Point", "coordinates": [ 130.758618475532558, 32.872894001938441 ] } },
{ "type": "Feature", "properties": { "内容": "デイサービスセンター明里【通所介護】熊本県合志市幾久富八丁谷1829-13", "url": "https://www.kaigokensaku.mhlw.go.jp/43/index.php?action_kouhyou_detail_004_kani=true&JigyosyoCd=4371600463-00&ServiceCd=150&Type=search", "url2": null }, "geometry": { "type": "Point", "coordinates": [ 130.776554197067298, 32.873662374357664 ] } },
{ "type": "Feature", "properties": { "内容": "リハビリライフAgain【通所介護】熊本県合志市須屋2657-6", "url": "https://www.kaigokensaku.mhlw.go.jp/43/index.php?action_kouhyou_detail_004_kani=true&JigyosyoCd=4371600547-00&ServiceCd=150&Type=search", "url2": "http://rehalife-again.jp/" }, "geometry": { "type": "Point", "coordinates": [ 130.74748015849741, 32.875489678619189 ] } },
{ "type": "Feature", "properties": { "内容": "Let'sリハ！光の森店【通所介護】熊本県合志市幾久富1758-285", "url": "https://www.kaigokensaku.mhlw.go.jp/43/index.php?action_kouhyou_detail_004_kani=true&JigyosyoCd=4371600638-00&ServiceCd=150&Type=search", "url2": "https://www.lets-reha.jp/" }, "geometry": { "type": "Point", "coordinates": [ 130.780261399999972, 32.8685254 ] } },
{ "type": "Feature", "properties": { "内容": "ツクイ合志【通所介護】熊本県合志市幾久富1904-4", "url": "https://www.kaigokensaku.mhlw.go.jp/43/index.php?action_kouhyou_detail_004_kani=true&JigyosyoCd=4371600711-00&ServiceCd=150&Type=search", "url2": "https://www.tsukui.net/home-care/2436/" }, "geometry": { "type": "Point", "coordinates": [ 130.771814200000023, 32.8674953 ] } },
{ "type": "Feature", "properties": { "内容": "むべの里光栄デイサービスセンターみよし【通所介護】熊本県合志市御代志2086-9", "url": "https://www.kaigokensaku.mhlw.go.jp/43/index.php?action_kouhyou_detail_004_kani=true&JigyosyoCd=4371600752-00&ServiceCd=150&Type=search", "url2": "http://www.mubenosato.com" }, "geometry": { "type": "Point", "coordinates": [ 130.7436529, 32.8917857 ] } },
{ "type": "Feature", "properties": { "内容": "デイサービス秋桜【通所介護】熊本県合志市須屋250-1", "url": "https://www.kaigokensaku.mhlw.go.jp/43/index.php?action_kouhyou_detail_004_kani=true&JigyosyoCd=4371600828-00&ServiceCd=150&Type=search", "url2": "https://sankolife.co.jp/" }, "geometry": { "type": "Point", "coordinates": [ 130.7435553, 32.8560826 ] } },
{ "type": "Feature", "properties": { "内容": "ぽかぽかハウス【通所介護】熊本県合志市野々島5427-1", "url": "https://www.kaigokensaku.mhlw.go.jp/43/index.php?action_kouhyou_detail_004_kani=true&JigyosyoCd=4371600844-00&ServiceCd=150&Type=search", "url2": "https://www.pokapokabiyori.com/" }, "geometry": { "type": "Point", "coordinates": [ 130.7388033, 32.8950826 ] } },
{ "type": "Feature", "properties": { "内容": "むべの里デイサービスセンター須屋【通所介護】熊本県合志市須屋521-1", "url": "https://www.kaigokensaku.mhlw.go.jp/43/index.php?action_kouhyou_detail_004_kani=true&JigyosyoCd=4371600885-00&ServiceCd=150&Type=search", "url2": "https://mubekouei.com/" }, "geometry": { "type": "Point", "coordinates": [ 130.730493382209005, 32.856360165725647 ] } },
{ "type": "Feature", "properties": { "内容": "菊香園デイサービスセンター【通所介護】熊本県合志市御代志718-4", "url": "https://www.kaigokensaku.mhlw.go.jp/43/index.php?action_kouhyou_detail_004_kani=true&JigyosyoCd=4372600637-00&ServiceCd=150&Type=search", "url2": "http://www.sanshikaikikukaen.or.jp" }, "geometry": { "type": "Point", "coordinates": [ 130.757281199999966, 32.9017336 ] } },
{ "type": "Feature", "properties": { "内容": "紀水ナーシングホーム　指定通所介護事業所【通所介護】熊本県合志市竹迫２２２４番地", "url": "https://www.kaigokensaku.mhlw.go.jp/43/index.php?action_kouhyou_detail_004_kani=true&JigyosyoCd=4372600645-00&ServiceCd=150&Type=search", "url2": null }, "geometry": { "type": "Point", "coordinates": [ 130.783729699999981, 32.8791078 ] } },
{ "type": "Feature", "properties": { "内容": "デイサービス　ぶどうの木（豊岡）【通所介護】熊本県合志市豊岡字大摩原2000番地91", "url": "https://www.kaigokensaku.mhlw.go.jp/43/index.php?action_kouhyou_detail_004_kani=true&JigyosyoCd=4371600398-00&ServiceCd=150&Type=search", "url2": "https://budounooka.budou-group.com" }, "geometry": { "type": "Point", "coordinates": [ 130.764840830514913, 32.873610043172512 ] } },
{ "type": "Feature", "properties": { "内容": "デイサービス　ぶどうの木【通所介護】熊本県合志市幾久富１９０９番地３０２", "url": "https://www.kaigokensaku.mhlw.go.jp/43/index.php?action_kouhyou_detail_004_kani=true&JigyosyoCd=4372601189-00&ServiceCd=150&Type=search", "url2": "https://budounomi.budou-grup.com" }, "geometry": { "type": "Point", "coordinates": [ 130.773030899999981, 32.863001 ] } },
{ "type": "Feature", "properties": { "内容": "セントケア合志デイサービス【通所介護】熊本県合志市幾久富１６５６－３４", "url": "https://www.kaigokensaku.mhlw.go.jp/43/index.php?action_kouhyou_detail_004_kani=true&JigyosyoCd=4371600380-00&ServiceCd=150&Type=search", "url2": "http://www.saint-care.com/index.html" }, "geometry": { "type": "Point", "coordinates": [ 130.781186024468525, 32.87077848670824 ] } },
{ "type": "Feature", "properties": { "内容": "デイサービスまほろば【通所介護】熊本県合志市須屋1921-2", "url": "https://www.kaigokensaku.mhlw.go.jp/43/index.php?action_kouhyou_detail_004_kani=true&JigyosyoCd=4371600919-00&ServiceCd=150&Type=search", "url2": null }, "geometry": { "type": "Point", "coordinates": [ 130.7339365, 32.8632434 ] } },
{ "type": "Feature", "properties": { "内容": "デイサービスかすみえん【通所介護】熊本県合志市御代志1990", "url": "https://www.kaigokensaku.mhlw.go.jp/43/index.php?action_kouhyou_detail_004_kani=true&JigyosyoCd=4372601361-00&ServiceCd=150&Type=search", "url2": null }, "geometry": { "type": "Point", "coordinates": [ 130.739738200000033, 32.888529200000022 ] } },
{ "type": "Feature", "properties": { "内容": "Let'sリハ！御代志店【通所介護】熊本県合志市須屋2659-1411街区5画地　スプリングガーデン御代志　B棟　2階", "url": "https://www.kaigokensaku.mhlw.go.jp/43/index.php?action_kouhyou_detail_004_kani=true&JigyosyoCd=4371600935-00&ServiceCd=150&Type=search", "url2": "https://www.lets-reha.jp/" }, "geometry": { "type": "Point", "coordinates": [ 130.748590799999988, 32.8814342 ] } },
{ "type": "Feature", "properties": { "内容": "デイサービスセンター陽光園【通所介護】熊本県下益城郡美里町二和田1233", "url": "https://www.kaigokensaku.mhlw.go.jp/43/index.php?action_kouhyou_detail_004_kani=true&JigyosyoCd=4372300576-00&ServiceCd=150&Type=search", "url2": "http://www.youkouen.com" }, "geometry": { "type": "Point", "coordinates": [ 130.863585699999931, 32.6197483 ] } },
{ "type": "Feature", "properties": { "内容": "デイサービスセンターこもれび【通所介護】熊本県下益城郡美里町佐俣338番地", "url": "https://www.kaigokensaku.mhlw.go.jp/43/index.php?action_kouhyou_detail_004_kani=true&JigyosyoCd=4372300790-00&ServiceCd=150&Type=search", "url2": "http://shinseiki.jp" }, "geometry": { "type": "Point", "coordinates": [ 130.821077400000036, 32.622175 ] } },
{ "type": "Feature", "properties": { "内容": "デイサービスセンターおんじゃく【通所介護】熊本県下益城郡美里町中小路８９７番地", "url": "https://www.kaigokensaku.mhlw.go.jp/43/index.php?action_kouhyou_detail_004_kani=true&JigyosyoCd=4372301434-00&ServiceCd=150&Type=search", "url2": "http://www.onjaku.jp" }, "geometry": { "type": "Point", "coordinates": [ 130.779780612828063, 32.639526561456485 ] } },
{ "type": "Feature", "properties": { "内容": "老人デイサービスセンター葉山苑【通所介護】熊本県玉名郡玉東町大字木葉３４８番地", "url": "https://www.kaigokensaku.mhlw.go.jp/43/index.php?action_kouhyou_detail_004_kani=true&JigyosyoCd=4372400921-00&ServiceCd=150&Type=search", "url2": "http://www.hayamaen.com" }, "geometry": { "type": "Point", "coordinates": [ 130.620382799999987, 32.914261 ] } },
{ "type": "Feature", "properties": { "内容": "このはリハビリ倶楽部【通所介護】熊本県玉名郡玉東町木葉175-7", "url": "https://www.kaigokensaku.mhlw.go.jp/43/index.php?action_kouhyou_detail_004_kani=true&JigyosyoCd=4372401689-00&ServiceCd=150&Type=search", "url2": "https://group-yamamoto.com/" }, "geometry": { "type": "Point", "coordinates": [ 130.615023689318832, 32.915764269382514 ] } },
{ "type": "Feature", "properties": { "内容": "和楽荘デイサービス南関の里【通所介護】熊本県玉名郡南関町大字久重3424番地3", "url": "https://www.kaigokensaku.mhlw.go.jp/43/index.php?action_kouhyou_detail_004_kani=true&JigyosyoCd=4372401234-00&ServiceCd=150&Type=search", "url2": "mikawa-fukusikai.com" }, "geometry": { "type": "Point", "coordinates": [ 130.526294, 33.0422365 ] } },
{ "type": "Feature", "properties": { "内容": "延寿荘　デイサービスセンター【通所介護】熊本県玉名郡南関町小原1770番地", "url": "https://www.kaigokensaku.mhlw.go.jp/43/index.php?action_kouhyou_detail_004_kani=true&JigyosyoCd=4372401622-00&ServiceCd=150&Type=search", "url2": "mikawa-fukusikai.com" }, "geometry": { "type": "Point", "coordinates": [ 130.530902400000059, 33.0294074 ] } },
{ "type": "Feature", "properties": { "内容": "谷崎デイサービスセンター【通所介護】熊本県玉名郡南関町相谷1791-3", "url": "https://www.kaigokensaku.mhlw.go.jp/43/index.php?action_kouhyou_detail_004_kani=true&JigyosyoCd=4372401150-00&ServiceCd=150&Type=search", "url2": "https://caresystem-pure.co.jp/" }, "geometry": { "type": "Point", "coordinates": [ 130.57626795384715, 33.04328367104975 ] } },
{ "type": "Feature", "properties": { "内容": "デイサービス　ハルコスモス【通所介護】熊本県玉名郡長洲町宮野2775番地", "url": "https://www.kaigokensaku.mhlw.go.jp/43/index.php?action_kouhyou_detail_004_kani=true&JigyosyoCd=4312410873-00&ServiceCd=150&Type=search", "url2": "http://www.ariakeseijin.or.jp" }, "geometry": { "type": "Point", "coordinates": [ 130.492979966131571, 32.950775408187575 ] } },
{ "type": "Feature", "properties": { "内容": "デイサービスセンター　月華苑【通所介護】熊本県玉名郡長洲町清源寺１０６０", "url": "https://www.kaigokensaku.mhlw.go.jp/43/index.php?action_kouhyou_detail_004_kani=true&JigyosyoCd=4372401002-00&ServiceCd=150&Type=search", "url2": "https://gekka-en.com/" }, "geometry": { "type": "Point", "coordinates": [ 130.464648899999929, 32.9291448 ] } },
{ "type": "Feature", "properties": { "内容": "通所介護ながす【通所介護】熊本県玉名郡長洲町長洲１１８８番地", "url": "https://www.kaigokensaku.mhlw.go.jp/43/index.php?action_kouhyou_detail_004_kani=true&JigyosyoCd=4372401382-00&ServiceCd=150&Type=search", "url2": "http://araoclinic.jp/kanren/nagasu.php" }, "geometry": { "type": "Point", "coordinates": [ 130.441958699999986, 32.9337693 ] } },
{ "type": "Feature", "properties": { "内容": "デイサービス導楽【通所介護】熊本県玉名郡長洲町2818番地3", "url": "https://www.kaigokensaku.mhlw.go.jp/43/index.php?action_kouhyou_detail_004_kani=true&JigyosyoCd=4372401648-00&ServiceCd=150&Type=search", "url2": null }, "geometry": { "type": "Point", "coordinates": [ 130.453972099999987, 32.9259975 ] } },
{ "type": "Feature", "properties": { "内容": "和楽荘通所介護事業所【通所介護】熊本県玉名郡和水町平野１３００番地", "url": "https://www.kaigokensaku.mhlw.go.jp/43/index.php?action_kouhyou_detail_004_kani=true&JigyosyoCd=4372400699-00&ServiceCd=150&Type=search", "url2": "https：//mikawa-fukusikai.com/" }, "geometry": { "type": "Point", "coordinates": [ 130.621654900000067, 33.0372555 ] } },
{ "type": "Feature", "properties": { "内容": "菊水西デイサービスセンター【通所介護】熊本県玉名郡和水町大字長小田334番地", "url": "https://www.kaigokensaku.mhlw.go.jp/43/index.php?action_kouhyou_detail_004_kani=true&JigyosyoCd=4372401093-00&ServiceCd=150&Type=search", "url2": "http://fureaimatsukawa.com/" }, "geometry": { "type": "Point", "coordinates": [ 130.603459, 32.99972 ] } },
{ "type": "Feature", "properties": { "内容": "共生型デイサービス　はなむれ【通所介護】熊本県玉名郡和水町萩原73番地1", "url": "https://www.kaigokensaku.mhlw.go.jp/43/index.php?action_kouhyou_detail_004_kani=true&JigyosyoCd=4372401564-00&ServiceCd=150&Type=search", "url2": "http://www.fukushin-kaigo.co.jp" }, "geometry": { "type": "Point", "coordinates": [ 130.641311056205723, 32.96566551180284 ] } },
{ "type": "Feature", "properties": { "内容": "デイサービス　モン・パラン【通所介護】熊本県玉名郡和水町江田4348", "url": "https://www.kaigokensaku.mhlw.go.jp/43/index.php?action_kouhyou_detail_004_kani=true&JigyosyoCd=4372401671-00&ServiceCd=150&Type=search", "url2": "https://monparents.wordpress.com/" }, "geometry": { "type": "Point", "coordinates": [ 130.604412363229386, 32.975474907468055 ] } },
{ "type": "Feature", "properties": { "内容": "社会福祉法人　大津町社会福祉協議会指定通所介護事業所【通所介護】熊本県菊池郡大津町大字室151番地1大津町老人福祉センター", "url": "https://www.kaigokensaku.mhlw.go.jp/43/index.php?action_kouhyou_detail_004_kani=true&JigyosyoCd=4372600504-00&ServiceCd=150&Type=search", "url2": "http://o-syakyo.info/" }, "geometry": { "type": "Point", "coordinates": [ 130.867048, 32.8785703 ] } },
{ "type": "Feature", "properties": { "内容": "つつじ山荘デイサービスセンター【通所介護】熊本県菊池郡大津町大字大津1564番地5", "url": "https://www.kaigokensaku.mhlw.go.jp/43/index.php?action_kouhyou_detail_004_kani=true&JigyosyoCd=4372600710-00&ServiceCd=150&Type=search", "url2": "https://www.tutuji-sanso.jp" }, "geometry": { "type": "Point", "coordinates": [ 130.879234540367179, 32.881369609830635 ] } },
{ "type": "Feature", "properties": { "内容": "デイサービスセンター　いわさか【通所介護】菊池郡大津町大字岩坂433番地", "url": "https://www.kaigokensaku.mhlw.go.jp/43/index.php?action_kouhyou_detail_004_kani=true&JigyosyoCd=4372601429-00&ServiceCd=150&Type=search", "url2": "http://hidamari-iwasaka.com/" }, "geometry": { "type": "Point", "coordinates": [ 130.878150499999947, 32.8544201 ] } },
{ "type": "Feature", "properties": { "内容": "デイサービスセンターふるさとの奏【通所介護】熊本県菊池郡大津町引水東原７１４番地１", "url": "https://www.kaigokensaku.mhlw.go.jp/43/index.php?action_kouhyou_detail_004_kani=true&JigyosyoCd=4372601775-00&ServiceCd=150&Type=search", "url2": "http://www.kcc-fukushi.co.jp/kanade/" }, "geometry": { "type": "Point", "coordinates": [ 130.885017842050132, 32.879228292732286 ] } },
{ "type": "Feature", "properties": { "内容": "太寿園デイサービス【通所介護】熊本県菊池郡大津町大字室1710番地3", "url": "https://www.kaigokensaku.mhlw.go.jp/43/index.php?action_kouhyou_detail_004_kani=true&JigyosyoCd=4372601593-00&ServiceCd=150&Type=search", "url2": "taijyuen-102day@krf.biglobe.ne.jp" }, "geometry": { "type": "Point", "coordinates": [ 130.85616529999993, 32.8886802 ] } },
{ "type": "Feature", "properties": { "内容": "デイサービス宝の城【通所介護】熊本県菊池郡大津町下町176-1", "url": "https://www.kaigokensaku.mhlw.go.jp/43/index.php?action_kouhyou_detail_004_kani=true&JigyosyoCd=4372602211-00&ServiceCd=150&Type=search", "url2": "https://sp-kyushu.com/care" }, "geometry": { "type": "Point", "coordinates": [ 130.859884876057436, 32.85681815574398 ] } },
{ "type": "Feature", "properties": { "内容": "リハビリ特化型デイサービス　リスタ大津店【通所介護】熊本県菊池郡大津町大字大津308-1", "url": "https://www.kaigokensaku.mhlw.go.jp/43/index.php?action_kouhyou_detail_004_kani=true&JigyosyoCd=4372602294-00&ServiceCd=150&Type=search", "url2": "https://bestreve.jp" }, "geometry": { "type": "Point", "coordinates": [ 130.868108799999987, 32.888261 ] } },
{ "type": "Feature", "properties": { "内容": "きほう苑通所介護事業所【通所介護】熊本県菊池郡菊陽町大字辛川1929番地", "url": "https://www.kaigokensaku.mhlw.go.jp/43/index.php?action_kouhyou_detail_004_kani=true&JigyosyoCd=4372600843-00&ServiceCd=150&Type=search", "url2": "https://seiyou-kai.net/" }, "geometry": { "type": "Point", "coordinates": [ 130.806563150926195, 32.847187023202238 ] } },
{ "type": "Feature", "properties": { "内容": "デイサービス　花花【通所介護】熊本県菊池郡菊陽町花立１丁目２番２０号", "url": "https://www.kaigokensaku.mhlw.go.jp/43/index.php?action_kouhyou_detail_004_kani=true&JigyosyoCd=4372601155-00&ServiceCd=150&Type=search", "url2": "http://www.day-hanahana.com/" }, "geometry": { "type": "Point", "coordinates": [ 130.756609693254063, 32.860462809505115 ] } },
{ "type": "Feature", "properties": { "内容": "デイサービス　ほほえみのもり【通所介護】熊本県菊池郡菊陽町津久礼1982番10号", "url": "https://www.kaigokensaku.mhlw.go.jp/43/index.php?action_kouhyou_detail_004_kani=true&JigyosyoCd=4372601866-00&ServiceCd=150&Type=search", "url2": "day.service@hohoeminomori.jp" }, "geometry": { "type": "Point", "coordinates": [ 130.793477038622996, 32.856525075395574 ] } },
{ "type": "Feature", "properties": { "内容": "デイサービスまおる【通所介護】熊本県菊池郡菊陽町久保田2646-2", "url": "https://www.kaigokensaku.mhlw.go.jp/43/index.php?action_kouhyou_detail_004_kani=true&JigyosyoCd=4372602070-00&ServiceCd=150&Type=search", "url2": "https://business.google.com/posts/l/11972526615820815328" }, "geometry": { "type": "Point", "coordinates": [ 130.829759100000047, 32.860114 ] } },
{ "type": "Feature", "properties": { "内容": "ケアライフ菊陽デイサービスセンター【通所介護】熊本県菊池郡菊陽町花立1丁目5番30号", "url": "https://www.kaigokensaku.mhlw.go.jp/43/index.php?action_kouhyou_detail_004_kani=true&JigyosyoCd=4372602203-00&ServiceCd=150&Type=search", "url2": "https://bestlife1165.com/facility/kikuyou/" }, "geometry": { "type": "Point", "coordinates": [ 130.756033929465076, 32.860443720239296 ] } },
{ "type": "Feature", "properties": { "内容": "デイサービスセンターゆるりの家・三里木【通所介護】熊本県菊池郡菊陽町津久礼2972－33", "url": "https://www.kaigokensaku.mhlw.go.jp/43/index.php?action_kouhyou_detail_004_kani=true&JigyosyoCd=4372602021-00&ServiceCd=150&Type=search", "url2": "jvsanlgi@greencoop.or.jp" }, "geometry": { "type": "Point", "coordinates": [ 130.7949817, 32.8614622 ] } },
{ "type": "Feature", "properties": { "内容": "デイサービスセンター　星の里【通所介護】熊本県菊池郡菊陽町津久礼825-5", "url": "https://www.kaigokensaku.mhlw.go.jp/43/index.php?action_kouhyou_detail_004_kani=true&JigyosyoCd=4372601643-00&ServiceCd=150&Type=search", "url2": null }, "geometry": { "type": "Point", "coordinates": [ 130.822879300000068, 32.8590319 ] } },
{ "type": "Feature", "properties": { "内容": "デイサービスセンターてまり【通所介護】熊本県菊池郡菊陽町津久礼字石坂2263-3", "url": "https://www.kaigokensaku.mhlw.go.jp/43/index.php?action_kouhyou_detail_004_kani=true&JigyosyoCd=4372601916-00&ServiceCd=150&Type=search", "url2": "https://suisyouen.info/temari/" }, "geometry": { "type": "Point", "coordinates": [ 130.793017406329341, 32.857387216712119 ] } },
{ "type": "Feature", "properties": { "内容": "デイサービスみうら【通所介護】熊本県菊池郡菊陽町原水1138-10", "url": "https://www.kaigokensaku.mhlw.go.jp/43/index.php?action_kouhyou_detail_004_kani=true&JigyosyoCd=4372601932-00&ServiceCd=150&Type=search", "url2": "http://www.dayservice-miura.com/" }, "geometry": { "type": "Point", "coordinates": [ 130.823081900000034, 32.8664646 ] } },
{ "type": "Feature", "properties": { "内容": "わがままデイサービス【通所介護】熊本県菊池郡菊陽町久保田１７０５番地", "url": "https://www.kaigokensaku.mhlw.go.jp/43/index.php?action_kouhyou_detail_004_kani=true&JigyosyoCd=4372601999-00&ServiceCd=150&Type=search", "url2": "https://npo-wagamama.com" }, "geometry": { "type": "Point", "coordinates": [ 130.839175835581926, 32.855566557220982 ] } },
{ "type": "Feature", "properties": { "内容": "共生型デイサービス　サン・フレンズ光の森【通所介護】熊本県菊池郡菊陽町光の森4-12-3", "url": "https://www.kaigokensaku.mhlw.go.jp/43/index.php?action_kouhyou_detail_004_kani=true&JigyosyoCd=4372602005-00&ServiceCd=150&Type=search", "url2": "http://www.hlc-kumamoto.com" }, "geometry": { "type": "Point", "coordinates": [ 130.777241979496125, 32.861863817655781 ] } },
{ "type": "Feature", "properties": { "内容": "りんどう荘福祉サービスセンター【通所介護】熊本県阿蘇郡南小国町赤馬場３３８８－１", "url": "https://www.kaigokensaku.mhlw.go.jp/43/index.php?action_kouhyou_detail_004_kani=true&JigyosyoCd=4372700528-00&ServiceCd=150&Type=search", "url2": "http://www.asoyamabiko.jp/minamioguni/" }, "geometry": { "type": "Point", "coordinates": [ 131.068051400000058, 33.0926827 ] } },
{ "type": "Feature", "properties": { "内容": "悠清苑デイサービスセンター【通所介護】熊本県阿蘇郡南小国町大字満願寺5854番地１特別養護老人ホーム悠清苑", "url": "https://www.kaigokensaku.mhlw.go.jp/43/index.php?action_kouhyou_detail_004_kani=true&JigyosyoCd=4372700700-00&ServiceCd=150&Type=search", "url2": "https://yuseien.grupo.jp" }, "geometry": { "type": "Point", "coordinates": [ 131.12602867724604, 33.072736167562446 ] } },
{ "type": "Feature", "properties": { "内容": "みどりの里デイサービスセンター【通所介護】熊本県阿蘇郡小国町宮原４２５番地の５リハセンターみどりの里", "url": "https://www.kaigokensaku.mhlw.go.jp/43/index.php?action_kouhyou_detail_004_kani=true&JigyosyoCd=4372701245-00&ServiceCd=150&Type=search", "url2": "http://www.daitokukai.info/" }, "geometry": { "type": "Point", "coordinates": [ 131.084636700000033, 33.1223014 ] } },
{ "type": "Feature", "properties": { "内容": "通所介護事業所　福祉サービスセンターほっと館【通所介護】熊本県阿蘇郡産山村大利６５７－２", "url": "https://www.kaigokensaku.mhlw.go.jp/43/index.php?action_kouhyou_detail_004_kani=true&JigyosyoCd=4372700841-00&ServiceCd=150&Type=search", "url2": "http://www.yamanami.or.jp/" }, "geometry": { "type": "Point", "coordinates": [ 131.20071669999993, 32.9855687 ] } },
{ "type": "Feature", "properties": { "内容": "Casa昭和町G-7【通所介護】熊本県阿蘇郡高森町高森2013番地14", "url": "https://www.kaigokensaku.mhlw.go.jp/43/index.php?action_kouhyou_detail_004_kani=true&JigyosyoCd=4372700627-00&ServiceCd=150&Type=search", "url2": "http://gakujyukai.com" }, "geometry": { "type": "Point", "coordinates": [ 131.121955722963861, 32.823688216855516 ] } },
{ "type": "Feature", "properties": { "内容": "デイサービスセンター　あそ和楽【通所介護】熊本県阿蘇郡高森町高森２１３２－１", "url": "https://www.kaigokensaku.mhlw.go.jp/43/index.php?action_kouhyou_detail_004_kani=true&JigyosyoCd=4372701005-00&ServiceCd=150&Type=search", "url2": null }, "geometry": { "type": "Point", "coordinates": [ 131.116214200000059, 32.825801 ] } },
{ "type": "Feature", "properties": { "内容": "デイサービスセンター　つくし【通所介護】熊本県阿蘇郡高森町高森2151-1", "url": "https://www.kaigokensaku.mhlw.go.jp/43/index.php?action_kouhyou_detail_004_kani=true&JigyosyoCd=4372701492-00&ServiceCd=150&Type=search", "url2": null }, "geometry": { "type": "Point", "coordinates": [ 131.120583300000021, 32.8259926 ] } },
{ "type": "Feature", "properties": { "内容": "VillaBaikouen【通所介護】熊本県阿蘇郡高森町大字高森3175番地", "url": "https://www.kaigokensaku.mhlw.go.jp/43/index.php?action_kouhyou_detail_004_kani=true&JigyosyoCd=4372701591-00&ServiceCd=150&Type=search", "url2": "https://gakujyukai.com/" }, "geometry": { "type": "Point", "coordinates": [ 131.1437735, 32.8441777 ] } },
{ "type": "Feature", "properties": { "内容": "社会福祉法人　西原村社会福祉協議会　西原村指定通所介護事業所【通所介護】熊本県阿蘇郡西原村小森５７２番地", "url": "https://www.kaigokensaku.mhlw.go.jp/43/index.php?action_kouhyou_detail_004_kani=true&JigyosyoCd=4372700619-00&ServiceCd=150&Type=search", "url2": "http://www.asoyamabiko.hinokuni-net.jp/nishihara/" }, "geometry": { "type": "Point", "coordinates": [ 130.90446529999997, 32.836153 ] } },
{ "type": "Feature", "properties": { "内容": "みどりの館デイサービスセンター【通所介護】熊本県阿蘇郡西原村大字布田字化粧塚８９７番１", "url": "https://www.kaigokensaku.mhlw.go.jp/43/index.php?action_kouhyou_detail_004_kani=true&JigyosyoCd=4372700718-00&ServiceCd=150&Type=search", "url2": "https://seijinkai-midori.org/" }, "geometry": { "type": "Point", "coordinates": [ 130.882913800000011, 32.8302678 ] } },
{ "type": "Feature", "properties": { "内容": "くまもと長寿苑そよ風【通所介護】阿蘇郡西原村大字布田１０８７番地", "url": "https://www.kaigokensaku.mhlw.go.jp/43/index.php?action_kouhyou_detail_004_kani=true&JigyosyoCd=4372701138-00&ServiceCd=150&Type=search", "url2": "https://www.sykz.co.jp/" }, "geometry": { "type": "Point", "coordinates": [ 130.884595, 32.8346025 ] } },
{ "type": "Feature", "properties": { "内容": "デイサービスにしはら翔裕園【通所介護】熊本県阿蘇郡西原村布田1086-1", "url": "https://www.kaigokensaku.mhlw.go.jp/43/index.php?action_kouhyou_detail_004_kani=true&JigyosyoCd=4372701534-00&ServiceCd=150&Type=search", "url2": "https://www.genkimuragroup.jp/facilitylist/caretownnishihara/" }, "geometry": { "type": "Point", "coordinates": [ 130.882913800000011, 32.8302678 ] } },
{ "type": "Feature", "properties": { "内容": "ほほ笑みテラス【通所介護】熊本県阿蘇郡西原村布田948番地1", "url": "https://www.kaigokensaku.mhlw.go.jp/43/index.php?action_kouhyou_detail_004_kani=true&JigyosyoCd=4372701575-00&ServiceCd=150&Type=search", "url2": null }, "geometry": { "type": "Point", "coordinates": [ 130.876371212212177, 32.833924688943554 ] } },
{ "type": "Feature", "properties": { "内容": "水生苑通所介護事業所【通所介護】熊本県阿蘇郡南阿蘇村一関１２８２", "url": "https://www.kaigokensaku.mhlw.go.jp/43/index.php?action_kouhyou_detail_004_kani=true&JigyosyoCd=4372700635-00&ServiceCd=150&Type=search", "url2": "https://suiseien.com" }, "geometry": { "type": "Point", "coordinates": [ 131.072139600000014, 32.8358056 ] } },
{ "type": "Feature", "properties": { "内容": "デイサービスセンター陽ノ丘荘【通所介護】熊本県阿蘇郡南阿蘇村大字河陽4463番地", "url": "https://www.kaigokensaku.mhlw.go.jp/43/index.php?action_kouhyou_detail_004_kani=true&JigyosyoCd=4372700775-00&ServiceCd=150&Type=search", "url2": "http://www.hinooka1990.or.jp" }, "geometry": { "type": "Point", "coordinates": [ 131.00308128629456, 32.867744695013847 ] } },
{ "type": "Feature", "properties": { "内容": "グリーンウッド【通所介護】熊本県阿蘇郡南阿蘇村大字久石2705番地久木野総合福祉センター", "url": "https://www.kaigokensaku.mhlw.go.jp/43/index.php?action_kouhyou_detail_004_kani=true&JigyosyoCd=4372701120-00&ServiceCd=150&Type=search", "url2": "https://www.asoyamabiko.jp/minamiaso/" }, "geometry": { "type": "Point", "coordinates": [ 131.0361428, 32.8203903 ] } },
{ "type": "Feature", "properties": { "内容": "デイサービスセンター　柊【通所介護】熊本県上益城郡御船町大字御船８２０", "url": "https://www.kaigokensaku.mhlw.go.jp/43/index.php?action_kouhyou_detail_004_kani=true&JigyosyoCd=4372800898-00&ServiceCd=150&Type=search", "url2": null }, "geometry": { "type": "Point", "coordinates": [ 130.797847400000023, 32.709541 ] } },
{ "type": "Feature", "properties": { "内容": "デイサービスセンターまるもり御船【通所介護】熊本県上益城郡御船町滝川1987‐1", "url": "https://www.kaigokensaku.mhlw.go.jp/43/index.php?action_kouhyou_detail_004_kani=true&JigyosyoCd=4372802167-00&ServiceCd=150&Type=search", "url2": "https://marumori-kumamoto.com" }, "geometry": { "type": "Point", "coordinates": [ 130.7893206, 32.7190073 ] } },
{ "type": "Feature", "properties": { "内容": "デイサービスセンター　グリーンヒルみふね【通所介護】熊本県上益城郡御船町辺田見840番地9", "url": "https://www.kaigokensaku.mhlw.go.jp/43/index.php?action_kouhyou_detail_004_kani=true&JigyosyoCd=4372800609-00&ServiceCd=150&Type=search", "url2": "http://greenhillmifune.com/" }, "geometry": { "type": "Point", "coordinates": [ 130.812443600000051, 32.7146991 ] } },
{ "type": "Feature", "properties": { "内容": "デイサービスセンター悠優みふね【通所介護】熊本県上益城郡御船町陣2008-1", "url": "https://www.kaigokensaku.mhlw.go.jp/43/index.php?action_kouhyou_detail_004_kani=true&JigyosyoCd=4372802217-00&ServiceCd=150&Type=search", "url2": "https://senjukai.jp/" }, "geometry": { "type": "Point", "coordinates": [ 130.775395, 32.7185881 ] } },
{ "type": "Feature", "properties": { "内容": "デイサービスセンター城山【通所介護】熊本県上益城郡御船町滝川46番地", "url": "https://www.kaigokensaku.mhlw.go.jp/43/index.php?action_kouhyou_detail_004_kani=true&JigyosyoCd=4372801086-00&ServiceCd=150&Type=search", "url2": "http://yushin-wel.jp/" }, "geometry": { "type": "Point", "coordinates": [ 130.797855600000048, 32.7137045 ] } },
{ "type": "Feature", "properties": { "内容": "デイサービスセンター悠優かしま【通所介護】熊本県上益城郡嘉島町上仲間１５１番地１", "url": "https://www.kaigokensaku.mhlw.go.jp/43/index.php?action_kouhyou_detail_004_kani=true&JigyosyoCd=4372801441-00&ServiceCd=150&Type=search", "url2": "https://senjukai.jp/" }, "geometry": { "type": "Point", "coordinates": [ 130.735960075799653, 32.740561918374446 ] } },
{ "type": "Feature", "properties": { "内容": "Let'sリハ！inthemallイオンモール熊本店【通所介護】熊本県上益城郡嘉島町大字上島字長池2232イオンモール熊本1階", "url": "https://www.kaigokensaku.mhlw.go.jp/43/index.php?action_kouhyou_detail_004_kani=true&JigyosyoCd=4372801995-00&ServiceCd=150&Type=search", "url2": "https://www.sakurajyuji.or.jp/service/dayservice/" }, "geometry": { "type": "Point", "coordinates": [ 130.745000299999987, 32.7493292 ] } },
{ "type": "Feature", "properties": { "内容": "康寿苑通所介護事業所【通所介護】熊本県上益城郡嘉島町北甘木2073番地", "url": "https://www.kaigokensaku.mhlw.go.jp/43/index.php?action_kouhyou_detail_004_kani=true&JigyosyoCd=4372800591-00&ServiceCd=150&Type=search", "url2": "https://kayuukai.or.jp/koujuenday/" }, "geometry": { "type": "Point", "coordinates": [ 130.771016599999939, 32.7488365 ] } },
{ "type": "Feature", "properties": { "内容": "指定通所介護事業所　デイサービスセンターかしま湧水苑【通所介護】熊本県上益城郡嘉島町井寺3125番地1", "url": "https://www.kaigokensaku.mhlw.go.jp/43/index.php?action_kouhyou_detail_004_kani=true&JigyosyoCd=4372800864-00&ServiceCd=150&Type=search", "url2": "http://www.nihonfukushiseitaigakuin.net/" }, "geometry": { "type": "Point", "coordinates": [ 130.773017617166147, 32.752439689403111 ] } },
{ "type": "Feature", "properties": { "内容": "ひろやす荘通所介護事業所【通所介護】熊本県上益城郡益城町大字安永１０８０番地", "url": "https://www.kaigokensaku.mhlw.go.jp/43/index.php?action_kouhyou_detail_004_kani=true&JigyosyoCd=4372800484-00&ServiceCd=150&Type=search", "url2": "https://jikou-kai.com/" }, "geometry": { "type": "Point", "coordinates": [ 130.811785, 32.7908609 ] } },
{ "type": "Feature", "properties": { "内容": "ほっとふぁみりい通所介護事業所【通所介護】熊本県上益城郡益城町大字宮園830番地1", "url": "https://www.kaigokensaku.mhlw.go.jp/43/index.php?action_kouhyou_detail_004_kani=true&JigyosyoCd=4372801110-00&ServiceCd=150&Type=search", "url2": "http://www.hotfamily.jp" }, "geometry": { "type": "Point", "coordinates": [ 130.814619181365543, 32.798299981251517 ] } },
{ "type": "Feature", "properties": { "内容": "デイサービスセンター花へんろ【通所介護】熊本県上益城郡益城町惣領１６７０", "url": "https://www.kaigokensaku.mhlw.go.jp/43/index.php?action_kouhyou_detail_004_kani=true&JigyosyoCd=4372801375-00&ServiceCd=150&Type=search", "url2": "https://www.hanahenro.jp/" }, "geometry": { "type": "Point", "coordinates": [ 130.800635899999946, 32.7876333 ] } },
{ "type": "Feature", "properties": { "内容": "デイサービスセンター　いこいの里【通所介護】熊本県上益城郡益城町福原1988番地1", "url": "https://www.kaigokensaku.mhlw.go.jp/43/index.php?action_kouhyou_detail_004_kani=true&JigyosyoCd=4372801565-00&ServiceCd=150&Type=search", "url2": "https://kinko-kai.jp" }, "geometry": { "type": "Point", "coordinates": [ 130.8319672, 32.7829726 ] } },
{ "type": "Feature", "properties": { "内容": "生活リハビリセンター広崎村～だんだん～【通所介護】熊本県上益城郡益城町広崎491-1", "url": "https://www.kaigokensaku.mhlw.go.jp/43/index.php?action_kouhyou_detail_004_kani=true&JigyosyoCd=4372801847-00&ServiceCd=150&Type=search", "url2": "dandan@hiroplan.com" }, "geometry": { "type": "Point", "coordinates": [ 130.791908799999987, 32.7831085 ] } },
{ "type": "Feature", "properties": { "内容": "リハビリデイほっと+プラス【通所介護】熊本県上益城郡益城町宮園830-1", "url": "https://www.kaigokensaku.mhlw.go.jp/43/index.php?action_kouhyou_detail_004_kani=true&JigyosyoCd=4372802191-00&ServiceCd=150&Type=search", "url2": "https://www.onelife-star.jp/" }, "geometry": { "type": "Point", "coordinates": [ 130.814466682278407, 32.798269743706477 ] } },
{ "type": "Feature", "properties": { "内容": "デイサービスくらら【通所介護】熊本県上益城郡益城町大字古閑12番17", "url": "https://www.kaigokensaku.mhlw.go.jp/43/index.php?action_kouhyou_detail_004_kani=true&JigyosyoCd=4372802118-00&ServiceCd=150&Type=search", "url2": "http:wellbe-k.com" }, "geometry": { "type": "Point", "coordinates": [ 130.78031982883607, 32.800909136419946 ] } },
{ "type": "Feature", "properties": { "内容": "ＯＮＥ’Ｓリハビリデイサービス【通所介護】熊本県上益城郡益城町馬水８０８番地５", "url": "https://www.kaigokensaku.mhlw.go.jp/43/index.php?action_kouhyou_detail_004_kani=true&JigyosyoCd=4372802241-00&ServiceCd=150&Type=search", "url2": "https://ones-day.com/" }, "geometry": { "type": "Point", "coordinates": [ 130.808145200000013, 32.7871508 ] } },
{ "type": "Feature", "properties": { "内容": "デイサービスセンターくましき【通所介護】熊本県上益城郡益城町惣領１５２６－２", "url": "https://www.kaigokensaku.mhlw.go.jp/43/index.php?action_kouhyou_detail_004_kani=true&JigyosyoCd=4372802258-00&ServiceCd=150&Type=search", "url2": "https://ataka-kaigo.jp/" }, "geometry": { "type": "Point", "coordinates": [ 130.7983209, 32.7817885 ] } },
{ "type": "Feature", "properties": { "内容": "桜の丘通所介護事業所【通所介護】熊本県上益城郡甲佐町大字西寒野1161番地", "url": "https://www.kaigokensaku.mhlw.go.jp/43/index.php?action_kouhyou_detail_004_kani=true&JigyosyoCd=4372800492-00&ServiceCd=150&Type=search", "url2": "http://www.sakuranooka.or.jp" }, "geometry": { "type": "Point", "coordinates": [ 130.812210700000037, 32.6387062 ] } },
{ "type": "Feature", "properties": { "内容": "サポートセンター虹【通所介護】熊本県上益城郡甲佐町白旗2247-1", "url": "https://www.kaigokensaku.mhlw.go.jp/43/index.php?action_kouhyou_detail_004_kani=true&JigyosyoCd=4372801318-00&ServiceCd=150&Type=search", "url2": null }, "geometry": { "type": "Point", "coordinates": [ 130.7803209, 32.7020273 ] } },
{ "type": "Feature", "properties": { "内容": "通所介護サービスきりん【通所介護】熊本県上益城郡甲佐町大字豊内字西ノ宮469ｰ1", "url": "https://www.kaigokensaku.mhlw.go.jp/43/index.php?action_kouhyou_detail_004_kani=true&JigyosyoCd=4372802316-00&ServiceCd=150&Type=search", "url2": null }, "geometry": { "type": "Point", "coordinates": [ 130.810953263029518, 32.646376707111429 ] } },
{ "type": "Feature", "properties": { "内容": "デイサービスセンター蘇望苑【通所介護】熊本県上益城郡山都町滝上２２３－１", "url": "https://www.kaigokensaku.mhlw.go.jp/43/index.php?action_kouhyou_detail_004_kani=true&JigyosyoCd=4372700551-00&ServiceCd=150&Type=search", "url2": null }, "geometry": { "type": "Point", "coordinates": [ 131.140247899999963, 32.6886658 ] } },
{ "type": "Feature", "properties": { "内容": "矢部大矢荘　通所介護事業所　復健館【通所介護】熊本県上益城郡山都町北中島2684番地　2", "url": "https://www.kaigokensaku.mhlw.go.jp/43/index.php?action_kouhyou_detail_004_kani=true&JigyosyoCd=4372800526-00&ServiceCd=150&Type=search", "url2": null }, "geometry": { "type": "Point", "coordinates": [ 130.937666400000012, 32.7334379 ] } },
{ "type": "Feature", "properties": { "内容": "デイサービスセンター　そよ風の里“ほたる”【通所介護】熊本県上益城郡山都町今322-1", "url": "https://www.kaigokensaku.mhlw.go.jp/43/index.php?action_kouhyou_detail_004_kani=true&JigyosyoCd=4372801532-00&ServiceCd=150&Type=search", "url2": "www.soyokazenosato-hotaru.com" }, "geometry": { "type": "Point", "coordinates": [ 131.165296200000057, 32.7296424 ] } },
{ "type": "Feature", "properties": { "内容": "ケアセンターやまと【通所介護】熊本県上益城郡山都町大平９１番地", "url": "https://www.kaigokensaku.mhlw.go.jp/43/index.php?action_kouhyou_detail_004_kani=true&JigyosyoCd=4372801052-00&ServiceCd=150&Type=search", "url2": null }, "geometry": { "type": "Point", "coordinates": [ 131.091435400000023, 32.6929677 ] } },
{ "type": "Feature", "properties": { "内容": "ＪＡやつしろデイサービスセンター花みずき【通所介護】熊本県八代郡氷川町今55-2", "url": "https://www.kaigokensaku.mhlw.go.jp/43/index.php?action_kouhyou_detail_004_kani=true&JigyosyoCd=4370201552-00&ServiceCd=150&Type=search", "url2": null }, "geometry": { "type": "Point", "coordinates": [ 130.674729927427734, 32.55373416931878 ] } },
{ "type": "Feature", "properties": { "内容": "通所介護事業所オアシス365【通所介護】熊本県八代郡氷川町今字南326-1", "url": "https://www.kaigokensaku.mhlw.go.jp/43/index.php?action_kouhyou_detail_004_kani=true&JigyosyoCd=4370203202-00&ServiceCd=150&Type=search", "url2": "https://www.inao-h.com/" }, "geometry": { "type": "Point", "coordinates": [ 130.679556804368588, 32.550772000441953 ] } },
{ "type": "Feature", "properties": { "内容": "やすらぎ荘通所介護事業所【通所介護】熊本県八代郡氷川町鹿島945", "url": "https://www.kaigokensaku.mhlw.go.jp/43/index.php?action_kouhyou_detail_004_kani=true&JigyosyoCd=4372900342-00&ServiceCd=150&Type=search", "url2": "http://www.8910kai.jp/" }, "geometry": { "type": "Point", "coordinates": [ 130.668388400000026, 32.580153 ] } },
{ "type": "Feature", "properties": { "内容": "デイサービス木香【通所介護】熊本県八代郡氷川町宮原717-1", "url": "https://www.kaigokensaku.mhlw.go.jp/43/index.php?action_kouhyou_detail_004_kani=true&JigyosyoCd=4372900813-00&ServiceCd=150&Type=search", "url2": null }, "geometry": { "type": "Point", "coordinates": [ 130.682240200000024, 32.5549257 ] } },
{ "type": "Feature", "properties": { "内容": "デイサービスセンター絆【通所介護】熊本県八代郡氷川町野津859番10", "url": "https://www.kaigokensaku.mhlw.go.jp/43/index.php?action_kouhyou_detail_004_kani=true&JigyosyoCd=4372901035-00&ServiceCd=150&Type=search", "url2": null }, "geometry": { "type": "Point", "coordinates": [ 130.685203499999943, 32.5615335 ] } },
{ "type": "Feature", "properties": { "内容": "デイサービス竜宮【通所介護】熊本県八代郡氷川町野津４６００番地", "url": "https://www.kaigokensaku.mhlw.go.jp/43/index.php?action_kouhyou_detail_004_kani=true&JigyosyoCd=4372901118-00&ServiceCd=150&Type=search", "url2": null }, "geometry": { "type": "Point", "coordinates": [ 130.673797342327873, 32.571014814612774 ] } },
{ "type": "Feature", "properties": { "内容": "デイサービス氷川【通所介護】熊本県八代郡氷川町島地651番地氷川町竜北福祉センター", "url": "https://www.kaigokensaku.mhlw.go.jp/43/index.php?action_kouhyou_detail_004_kani=true&JigyosyoCd=4372900847-00&ServiceCd=150&Type=search", "url2": "http://hikawa-syakyo.jp" }, "geometry": { "type": "Point", "coordinates": [ 130.674106915344282, 32.583529262302399 ] } },
{ "type": "Feature", "properties": { "内容": "早尾園通所介護事業所【通所介護】熊本県八代郡氷川町早尾132", "url": "https://www.kaigokensaku.mhlw.go.jp/43/index.php?action_kouhyou_detail_004_kani=true&JigyosyoCd=4372900540-00&ServiceCd=150&Type=search", "url2": "http://hayaoen.org/" }, "geometry": { "type": "Point", "coordinates": [ 130.68055789999994, 32.5400575 ] } },
{ "type": "Feature", "properties": { "内容": "五松園デイサービスセンター【通所介護】熊本県葦北郡芦北町大字花岡1118番地", "url": "https://www.kaigokensaku.mhlw.go.jp/43/index.php?action_kouhyou_detail_004_kani=true&JigyosyoCd=4373000464-00&ServiceCd=150&Type=search", "url2": "https://jiyukai.com/guide/day-service/" }, "geometry": { "type": "Point", "coordinates": [ 130.5103153, 32.295328400000017 ] } },
{ "type": "Feature", "properties": { "内容": "指定通所介護事業所であいクラブ【通所介護】熊本県葦北郡芦北町大字芦北2324-1", "url": "https://www.kaigokensaku.mhlw.go.jp/43/index.php?action_kouhyou_detail_004_kani=true&JigyosyoCd=4373000522-00&ServiceCd=150&Type=search", "url2": null }, "geometry": { "type": "Point", "coordinates": [ 130.493954383467099, 32.290922421671965 ] } },
{ "type": "Feature", "properties": { "内容": "美里デイサービスセンター【通所介護】熊本県葦北郡芦北町大字天月１337-1", "url": "https://www.kaigokensaku.mhlw.go.jp/43/index.php?action_kouhyou_detail_004_kani=true&JigyosyoCd=4373000597-00&ServiceCd=150&Type=search", "url2": null }, "geometry": { "type": "Point", "coordinates": [ 130.581433, 32.2916863 ] } },
{ "type": "Feature", "properties": { "内容": "きずなの里デイサービスセンター【通所介護】熊本県葦北郡芦北町大字湯浦大字1439番地1もやい直しセンター「きずなの里」", "url": "https://www.kaigokensaku.mhlw.go.jp/43/index.php?action_kouhyou_detail_004_kani=true&JigyosyoCd=4373000662-00&ServiceCd=150&Type=search", "url2": "http://www.ashikita-shakyo.com" }, "geometry": { "type": "Point", "coordinates": [ 130.500209400000017, 32.2690307 ] } },
{ "type": "Feature", "properties": { "内容": "津奈木町デイサービスセンターあけぼの苑【通所介護】熊本県葦北郡津奈木町大字岩城1520番地", "url": "https://www.kaigokensaku.mhlw.go.jp/43/index.php?action_kouhyou_detail_004_kani=true&JigyosyoCd=4373000456-00&ServiceCd=150&Type=search", "url2": "http://akebonoen.or.jp/" }, "geometry": { "type": "Point", "coordinates": [ 130.455284300000017, 32.2282589 ] } },
{ "type": "Feature", "properties": { "内容": "にしき園デイサービスセンター【通所介護】球磨郡錦町大字木上北150-1", "url": "https://www.kaigokensaku.mhlw.go.jp/43/index.php?action_kouhyou_detail_004_kani=true&JigyosyoCd=4373100678-00&ServiceCd=150&Type=search", "url2": "http://nisikien.com/" }, "geometry": { "type": "Point", "coordinates": [ 130.813142299999981, 32.226599100000016 ] } },
{ "type": "Feature", "properties": { "内容": "ニチイケアセンターにしき【通所介護】熊本県球磨郡錦町大字一武1641番地", "url": "https://www.kaigokensaku.mhlw.go.jp/43/index.php?action_kouhyou_detail_004_kani=true&JigyosyoCd=4373100819-00&ServiceCd=150&Type=search", "url2": "http://www.nichiigakkan.co.jp" }, "geometry": { "type": "Point", "coordinates": [ 130.834537400000045, 32.2023186 ] } },
{ "type": "Feature", "properties": { "内容": "あずみ野デイサービスセンター【通所介護】熊本県球磨郡多良木町多良木257-1", "url": "https://www.kaigokensaku.mhlw.go.jp/43/index.php?action_kouhyou_detail_004_kani=true&JigyosyoCd=4373100629-00&ServiceCd=150&Type=search", "url2": "http://azumino.k-vihara.jp" }, "geometry": { "type": "Point", "coordinates": [ 130.943863400000026, 32.2666918 ] } },
{ "type": "Feature", "properties": { "内容": "多良木町通所介護事業所【通所介護】熊本県球磨郡多良木町大字奥野1365番地1", "url": "https://www.kaigokensaku.mhlw.go.jp/43/index.php?action_kouhyou_detail_004_kani=true&JigyosyoCd=4373100645-00&ServiceCd=150&Type=search", "url2": null }, "geometry": { "type": "Point", "coordinates": [ 130.956588099999976, 32.2393724 ] } },
{ "type": "Feature", "properties": { "内容": "デイサービスセンター心優【通所介護】熊本県球磨郡多良木町大字多良木1007番地", "url": "https://www.kaigokensaku.mhlw.go.jp/43/index.php?action_kouhyou_detail_004_kani=true&JigyosyoCd=4373101338-00&ServiceCd=150&Type=search", "url2": "K-shinyu.jimdo.com" }, "geometry": { "type": "Point", "coordinates": [ 130.937026954631051, 32.260481250029891 ] } },
{ "type": "Feature", "properties": { "内容": "湯前町社会福祉協議会【通所介護】熊本県球磨郡湯前町1693番地37", "url": "https://www.kaigokensaku.mhlw.go.jp/43/index.php?action_kouhyou_detail_004_kani=true&JigyosyoCd=4373100637-00&ServiceCd=150&Type=search", "url2": "http://www.yunomae-shakyo.com/" }, "geometry": { "type": "Point", "coordinates": [ 130.996131782786506, 32.272764065142887 ] } },
{ "type": "Feature", "properties": { "内容": "美空通所介護事業所【通所介護】熊本県球磨郡湯前町2859番地3", "url": "https://www.kaigokensaku.mhlw.go.jp/43/index.php?action_kouhyou_detail_004_kani=true&JigyosyoCd=4373101379-00&ServiceCd=150&Type=search", "url2": "ｈｔｔｐｓ：//yunomae-misora.com" }, "geometry": { "type": "Point", "coordinates": [ 130.975409035937446, 32.283685373089945 ] } },
{ "type": "Feature", "properties": { "内容": "水上村デイサービスセンター桜寿苑【通所介護】熊本県球磨郡水上村大字湯山１４８８", "url": "https://www.kaigokensaku.mhlw.go.jp/43/index.php?action_kouhyou_detail_004_kani=true&JigyosyoCd=4373100710-00&ServiceCd=150&Type=search", "url2": "https://www.mizukamishakyo.com" }, "geometry": { "type": "Point", "coordinates": [ 131.045209, 32.3220649 ] } },
{ "type": "Feature", "properties": { "内容": "デイサービスセンター桜の里【通所介護】熊本県球磨郡水上村大字岩野2658番地１", "url": "https://www.kaigokensaku.mhlw.go.jp/43/index.php?action_kouhyou_detail_004_kani=true&JigyosyoCd=4373100884-00&ServiceCd=150&Type=search", "url2": "www.oyakuen-g.or.jp" }, "geometry": { "type": "Point", "coordinates": [ 130.985481120718418, 32.29362128680674 ] } },
{ "type": "Feature", "properties": { "内容": "やすらぎの郷　樹里【通所介護】熊本県球磨郡水上村岩野９０番地２", "url": "https://www.kaigokensaku.mhlw.go.jp/43/index.php?action_kouhyou_detail_004_kani=true&JigyosyoCd=4373101478-00&ServiceCd=150&Type=search", "url2": null }, "geometry": { "type": "Point", "coordinates": [ 131.008745881614686, 32.313564772236639 ] } },
{ "type": "Feature", "properties": { "内容": "球磨村指定通所介護事業所【通所介護】熊本県球磨郡球磨村大字一勝地乙１－５球磨村高齢者福祉センターせせらぎ", "url": "https://www.kaigokensaku.mhlw.go.jp/43/index.php?action_kouhyou_detail_004_kani=true&JigyosyoCd=4373100546-00&ServiceCd=150&Type=search", "url2": null }, "geometry": { "type": "Point", "coordinates": [ 130.646818899999971, 32.2451202 ] } },
{ "type": "Feature", "properties": { "内容": "翠光園デイサービス【通所介護】熊本県球磨郡あさぎり町深田東４１０番地", "url": "https://www.kaigokensaku.mhlw.go.jp/43/index.php?action_kouhyou_detail_004_kani=true&JigyosyoCd=4373100355-00&ServiceCd=150&Type=search", "url2": "http://suikou-en.com" }, "geometry": { "type": "Point", "coordinates": [ 130.873425499999939, 32.2456232 ] } },
{ "type": "Feature", "properties": { "内容": "あさぎりホーム　デイサービスセンター【通所介護】熊本県球磨郡あさぎり町岡原南77番地1", "url": "https://www.kaigokensaku.mhlw.go.jp/43/index.php?action_kouhyou_detail_004_kani=true&JigyosyoCd=4373100769-00&ServiceCd=150&Type=search", "url2": "http://nisikien.com/" }, "geometry": { "type": "Point", "coordinates": [ 130.920527499999906, 32.2344414 ] } },
{ "type": "Feature", "properties": { "内容": "ふれあいデイサービスセンター【通所介護】熊本県球磨郡あさぎり町岡原北字天神９２９番地", "url": "https://www.kaigokensaku.mhlw.go.jp/43/index.php?action_kouhyou_detail_004_kani=true&JigyosyoCd=4373100926-00&ServiceCd=150&Type=search", "url2": "https://asagiri-shakyo.or.jp/" }, "geometry": { "type": "Point", "coordinates": [ 130.929354703088649, 32.240075893101633 ] } },
{ "type": "Feature", "properties": { "内容": "ＪＡくま福祉の里木綿葉【通所介護】熊本県球磨郡あさぎり町須恵字丸尾1219-2ＪＡくま　福祉の里　木綿葉別館", "url": "https://www.kaigokensaku.mhlw.go.jp/43/index.php?action_kouhyou_detail_004_kani=true&JigyosyoCd=4373101122-00&ServiceCd=150&Type=search", "url2": null }, "geometry": { "type": "Point", "coordinates": [ 130.900523099999987, 32.2604251 ] } },
{ "type": "Feature", "properties": { "内容": "デイサービスセンターどんだん【通所介護】熊本県球磨郡あさぎり町岡原北字天神1125", "url": "https://www.kaigokensaku.mhlw.go.jp/43/index.php?action_kouhyou_detail_004_kani=true&JigyosyoCd=4373101163-00&ServiceCd=150&Type=search", "url2": "http://soradon.to-yo-kai.com/" }, "geometry": { "type": "Point", "coordinates": [ 130.930857100000026, 32.2379885 ] } },
{ "type": "Feature", "properties": { "内容": "デイサービスセンターりゅうきんか【通所介護】熊本県球磨郡あさぎり町免田東３３３３番地３", "url": "https://www.kaigokensaku.mhlw.go.jp/43/index.php?action_kouhyou_detail_004_kani=true&JigyosyoCd=4373101239-00&ServiceCd=150&Type=search", "url2": "http://ryukinka.to-yo-kai.com/" }, "geometry": { "type": "Point", "coordinates": [ 130.894585399999983, 32.235894 ] } }
]
}
