{
"type": "FeatureCollection",
"name": "geo_43_2",
"crs": { "type": "name", "properties": { "name": "urn:ogc:def:crs:OGC:1.3:CRS84" } },
"features": [
{ "type": "Feature", "properties": { "ID": 432243000009, "正式名称": "熊本医療センター診療部", "機関区分": 2, "都道府県コード": 43, "市区町村コード": 101, "所在地": "熊本県熊本市中央区二の丸１ー５", "緯度": 32.803739, "経度": 130.700619, "url": "https://www.iryou.teikyouseido.mhlw.go.jp/znk-web/juminkanja/S2430/initialize?prefCd=43&kikanCd=243000009&kikanKbn=2", "url2": null, "内容": "熊本医療センター診療部【2:診療所】【診療科目:内科】熊本県熊本市中央区二の丸１ー５" }, "geometry": { "type": "Point", "coordinates": [ 130.700619, 32.803739 ] } },
{ "type": "Feature", "properties": { "ID": 432243310115, "正式名称": "井内科クリニック", "機関区分": 2, "都道府県コード": 43, "市区町村コード": 101, "所在地": "熊本県熊本市中央区水前寺４ー３０ー２３", "緯度": 32.797862, "経度": 130.73985, "url": "https://www.iryou.teikyouseido.mhlw.go.jp/znk-web/juminkanja/S2430/initialize?prefCd=43&kikanCd=243310115&kikanKbn=2", "url2": "http://www.yi-naika.jp/", "内容": "井内科クリニック【2:診療所】【診療科目:内科_脳神経内科】熊本県熊本市中央区水前寺４ー３０ー２３" }, "geometry": { "type": "Point", "coordinates": [ 130.73985, 32.797862 ] } },
{ "type": "Feature", "properties": { "ID": 432243310128, "正式名称": "水前寺胃腸科外科", "機関区分": 2, "都道府県コード": 43, "市区町村コード": 101, "所在地": "熊本県熊本市中央区水前寺３ー３ー２８", "緯度": 32.795985, "経度": 130.732312, "url": "https://www.iryou.teikyouseido.mhlw.go.jp/znk-web/juminkanja/S2430/initialize?prefCd=43&kikanCd=243310128&kikanKbn=2", "url2": null, "内容": "水前寺胃腸科外科【2:診療所】【診療科目:内科_消化器内科_外科_泌尿器科】熊本県熊本市中央区水前寺３ー３ー２８" }, "geometry": { "type": "Point", "coordinates": [ 130.732312, 32.795985 ] } },
{ "type": "Feature", "properties": { "ID": 432243310258, "正式名称": "宇野耳鼻咽喉科・アレルギー科医院", "機関区分": 2, "都道府県コード": 43, "市区町村コード": 102, "所在地": "熊本県熊本市東区秋津新町１ー１", "緯度": 32.778245, "経度": 130.764733, "url": "https://www.iryou.teikyouseido.mhlw.go.jp/znk-web/juminkanja/S2430/initialize?prefCd=43&kikanCd=243310258&kikanKbn=2", "url2": null, "内容": "宇野耳鼻咽喉科・アレルギー科医院【2:診療所】【診療科目:耳鼻いんこう科_アレルギー科】熊本県熊本市東区秋津新町１ー１" }, "geometry": { "type": "Point", "coordinates": [ 130.764733, 32.778245 ] } },
{ "type": "Feature", "properties": { "ID": 432243310476, "正式名称": "柏木医院", "機関区分": 2, "都道府県コード": 43, "市区町村コード": 101, "所在地": "熊本県熊本市中央区坪井２ー８ー１７", "緯度": 32.810106, "経度": 130.713727, "url": "https://www.iryou.teikyouseido.mhlw.go.jp/znk-web/juminkanja/S2430/initialize?prefCd=43&kikanCd=243310476&kikanKbn=2", "url2": null, "内容": "柏木医院【2:診療所】【診療科目:内科_小児科_胃腸科（改行）循環器科】熊本県熊本市中央区坪井２ー８ー１７" }, "geometry": { "type": "Point", "coordinates": [ 130.713727, 32.810106 ] } },
{ "type": "Feature", "properties": { "ID": 432243310489, "正式名称": "片岡整形外科医院", "機関区分": 2, "都道府県コード": 43, "市区町村コード": 102, "所在地": "熊本県熊本市東区新生２ー４ー２", "緯度": 32.77862, "経度": 130.75925, "url": "https://www.iryou.teikyouseido.mhlw.go.jp/znk-web/juminkanja/S2430/initialize?prefCd=43&kikanCd=243310489&kikanKbn=2", "url2": "kataokaseikei.com", "内容": "片岡整形外科医院【2:診療所】【診療科目:整形外科_麻酔科】熊本県熊本市東区新生２ー４ー２" }, "geometry": { "type": "Point", "coordinates": [ 130.75925, 32.77862 ] } },
{ "type": "Feature", "properties": { "ID": 432243310519, "正式名称": "とくなが内科胃腸科外科クリニック", "機関区分": 2, "都道府県コード": 43, "市区町村コード": 102, "所在地": "熊本県熊本市東区若葉１ー３５ー１１", "緯度": 32.776823, "経度": 130.761745, "url": "https://www.iryou.teikyouseido.mhlw.go.jp/znk-web/juminkanja/S2430/initialize?prefCd=43&kikanCd=243310519&kikanKbn=2", "url2": "https://tokunaga-cl.jp", "内容": "とくなが内科胃腸科外科クリニック【2:診療所】【診療科目:内科_消化器内科_外科_大腸・肛門外科】熊本県熊本市東区若葉１ー３５ー１１" }, "geometry": { "type": "Point", "coordinates": [ 130.761745, 32.776823 ] } },
{ "type": "Feature", "properties": { "ID": 432243310522, "正式名称": "東部クリニック", "機関区分": 2, "都道府県コード": 43, "市区町村コード": 102, "所在地": "熊本県熊本市東区秋津新町１ー２８", "緯度": 32.778253, "経度": 130.766241, "url": "https://www.iryou.teikyouseido.mhlw.go.jp/znk-web/juminkanja/S2430/initialize?prefCd=43&kikanCd=243310522&kikanKbn=2", "url2": null, "内容": "東部クリニック【2:診療所】【診療科目:内科_呼吸器内科_循環器内科_消化器内科_脳神経外科_放射線科】熊本県熊本市東区秋津新町１ー２８" }, "geometry": { "type": "Point", "coordinates": [ 130.766241, 32.778253 ] } },
{ "type": "Feature", "properties": { "ID": 432243310577, "正式名称": "北野小児科医院", "機関区分": 2, "都道府県コード": 43, "市区町村コード": 104, "所在地": "熊本県熊本市南区近見２ー２ー３０", "緯度": 32.7656, "経度": 130.689133, "url": "https://www.iryou.teikyouseido.mhlw.go.jp/znk-web/juminkanja/S2430/initialize?prefCd=43&kikanCd=243310577&kikanKbn=2", "url2": null, "内容": "北野小児科医院【2:診療所】【診療科目:小児科】熊本県熊本市南区近見２ー２ー３０" }, "geometry": { "type": "Point", "coordinates": [ 130.689133, 32.7656 ] } },
{ "type": "Feature", "properties": { "ID": 432243310593, "正式名称": "木村胃腸科内科医院", "機関区分": 2, "都道府県コード": 43, "市区町村コード": 104, "所在地": "熊本県熊本市南区八幡１１ー７ー１", "緯度": 32.739905, "経度": 130.683572, "url": "https://www.iryou.teikyouseido.mhlw.go.jp/znk-web/juminkanja/S2430/initialize?prefCd=43&kikanCd=243310593&kikanKbn=2", "url2": null, "内容": "木村胃腸科内科医院【2:診療所】【診療科目:内科_消化器科】熊本県熊本市南区八幡１１ー７ー１" }, "geometry": { "type": "Point", "coordinates": [ 130.683572, 32.739905 ] } },
{ "type": "Feature", "properties": { "ID": 432243310636, "正式名称": "國武整形外科医院", "機関区分": 2, "都道府県コード": 43, "市区町村コード": 104, "所在地": "熊本県熊本市南区近見６ー１ー３１", "緯度": 32.766482, "経度": 130.691916, "url": "https://www.iryou.teikyouseido.mhlw.go.jp/znk-web/juminkanja/S2430/initialize?prefCd=43&kikanCd=243310636&kikanKbn=2", "url2": null, "内容": "國武整形外科医院【2:診療所】【診療科目:整形外科_リハビリテーション科】熊本県熊本市南区近見６ー１ー３１" }, "geometry": { "type": "Point", "coordinates": [ 130.691916, 32.766482 ] } },
{ "type": "Feature", "properties": { "ID": 432243310652, "正式名称": "熊谷耳鼻咽喉科医院", "機関区分": 2, "都道府県コード": 43, "市区町村コード": 101, "所在地": "熊本県熊本市中央区南坪井町４ー１９", "緯度": 32.807128, "経度": 130.714407, "url": "https://www.iryou.teikyouseido.mhlw.go.jp/znk-web/juminkanja/S2430/initialize?prefCd=43&kikanCd=243310652&kikanKbn=2", "url2": "https://kumagaijibika.com/", "内容": "熊谷耳鼻咽喉科医院【2:診療所】【診療科目:耳鼻いんこう科_気管食道・耳鼻いんこう科】熊本県熊本市中央区南坪井町４ー１９" }, "geometry": { "type": "Point", "coordinates": [ 130.714407, 32.807128 ] } },
{ "type": "Feature", "properties": { "ID": 432243310724, "正式名称": "河野整形外科医院", "機関区分": 2, "都道府県コード": 43, "市区町村コード": 101, "所在地": "熊本県熊本市中央区世安１ー２ー３８", "緯度": 32.783016, "経度": 130.698194, "url": "https://www.iryou.teikyouseido.mhlw.go.jp/znk-web/juminkanja/S2430/initialize?prefCd=43&kikanCd=243310724&kikanKbn=2", "url2": null, "内容": "河野整形外科医院【2:診療所】【診療科目:整形外科】熊本県熊本市中央区世安１ー２ー３８" }, "geometry": { "type": "Point", "coordinates": [ 130.698194, 32.783016 ] } },
{ "type": "Feature", "properties": { "ID": 432243310838, "正式名称": "水前寺脳神経外科医院", "機関区分": 2, "都道府県コード": 43, "市区町村コード": 101, "所在地": "熊本県熊本市中央区水前寺３ー３０ー４０", "緯度": 32.798971, "経度": 130.733009, "url": "https://www.iryou.teikyouseido.mhlw.go.jp/znk-web/juminkanja/S2430/initialize?prefCd=43&kikanCd=243310838&kikanKbn=2", "url2": null, "内容": "水前寺脳神経外科医院【2:診療所】【診療科目:内科_脳神経外科】熊本県熊本市中央区水前寺３ー３０ー４０" }, "geometry": { "type": "Point", "coordinates": [ 130.733009, 32.798971 ] } },
{ "type": "Feature", "properties": { "ID": 432243310841, "正式名称": "沢田内科医院", "機関区分": 2, "都道府県コード": 43, "市区町村コード": 101, "所在地": "熊本県熊本市中央区帯山４ー２１ー２２", "緯度": 32.803109, "経度": 130.74755, "url": "https://www.iryou.teikyouseido.mhlw.go.jp/znk-web/juminkanja/S2430/initialize?prefCd=43&kikanCd=243310841&kikanKbn=2", "url2": "sawada-naika.com", "内容": "沢田内科医院【2:診療所】【診療科目:内科_血液・腫瘍内科_糖尿病・代謝内科_呼吸器内科_循環器内科_消化器内科_アレルギー科_臨床検査科】熊本県熊本市中央区帯山４ー２１ー２２" }, "geometry": { "type": "Point", "coordinates": [ 130.74755, 32.803109 ] } },
{ "type": "Feature", "properties": { "ID": 432243310896, "正式名称": "すどう・きたの医院", "機関区分": 2, "都道府県コード": 43, "市区町村コード": 101, "所在地": "熊本県熊本市中央区新大江１ー５ー１３", "緯度": 32.801801, "経度": 130.729856, "url": "https://www.iryou.teikyouseido.mhlw.go.jp/znk-web/juminkanja/S2430/initialize?prefCd=43&kikanCd=243310896&kikanKbn=2", "url2": "http://www.sudo-kitano.or.jp/", "内容": "すどう・きたの医院【2:診療所】【診療科目:内科_呼吸器内科_循環器内科_消化器内科_外科】熊本県熊本市中央区新大江１ー５ー１３" }, "geometry": { "type": "Point", "coordinates": [ 130.729856, 32.801801 ] } },
{ "type": "Feature", "properties": { "ID": 432243310942, "正式名称": "芹川消化器内科クリニック", "機関区分": 2, "都道府県コード": 43, "市区町村コード": 102, "所在地": "熊本県熊本市東区栄町４ー１８", "緯度": 32.773799, "経度": 130.760486, "url": "https://www.iryou.teikyouseido.mhlw.go.jp/znk-web/juminkanja/S2430/initialize?prefCd=43&kikanCd=243310942&kikanKbn=2", "url2": null, "内容": "芹川消化器内科クリニック【2:診療所】【診療科目:内科_消化器内科_小児科】熊本県熊本市東区栄町４ー１８" }, "geometry": { "type": "Point", "coordinates": [ 130.760486, 32.773799 ] } },
{ "type": "Feature", "properties": { "ID": 432243310997, "正式名称": "医療法人　竹下外科整形外科医院", "機関区分": 2, "都道府県コード": 43, "市区町村コード": 101, "所在地": "熊本県熊本市中央区大江５ー４ー２４", "緯度": 32.796665, "経度": 130.721962, "url": "https://www.iryou.teikyouseido.mhlw.go.jp/znk-web/juminkanja/S2430/initialize?prefCd=43&kikanCd=243310997&kikanKbn=2", "url2": "https://www.takeshitaort.com/", "内容": "医療法人　竹下外科整形外科医院【2:診療所】【診療科目:外科_整形外科_皮膚科_リハビリテーション科】熊本県熊本市中央区大江５ー４ー２４" }, "geometry": { "type": "Point", "coordinates": [ 130.721962, 32.796665 ] } },
{ "type": "Feature", "properties": { "ID": 432243311008, "正式名称": "守屋医院", "機関区分": 2, "都道府県コード": 43, "市区町村コード": 102, "所在地": "熊本県熊本市東区若葉３ー９ー２", "緯度": 32.774256, "経度": 130.762402, "url": "https://www.iryou.teikyouseido.mhlw.go.jp/znk-web/juminkanja/S2430/initialize?prefCd=43&kikanCd=243311008&kikanKbn=2", "url2": "http://moriya-iin.com/", "内容": "守屋医院【2:診療所】【診療科目:内科_脳神経内科_神経内科_脳神経外科_心療内科_麻酔科_胃腸科】熊本県熊本市東区若葉３ー９ー２" }, "geometry": { "type": "Point", "coordinates": [ 130.762402, 32.774256 ] } },
{ "type": "Feature", "properties": { "ID": 432243311112, "正式名称": "地方職員共済組合熊本診療所", "機関区分": 2, "都道府県コード": 43, "市区町村コード": 101, "所在地": "熊本県熊本市中央区水前寺６ー１８ー１", "緯度": 32.790385, "経度": 130.742345, "url": "https://www.iryou.teikyouseido.mhlw.go.jp/znk-web/juminkanja/S2430/initialize?prefCd=43&kikanCd=243311112&kikanKbn=2", "url2": null, "内容": "地方職員共済組合熊本診療所【2:診療所】【診療科目:内科】熊本県熊本市中央区水前寺６ー１８ー１" }, "geometry": { "type": "Point", "coordinates": [ 130.742345, 32.790385 ] } },
{ "type": "Feature", "properties": { "ID": 432243311170, "正式名称": "豊田消化器外科医院", "機関区分": 2, "都道府県コード": 43, "市区町村コード": 102, "所在地": "熊本県熊本市東区江津１ー３０ー２０", "緯度": 32.779175, "経度": 130.738034, "url": "https://www.iryou.teikyouseido.mhlw.go.jp/znk-web/juminkanja/S2430/initialize?prefCd=43&kikanCd=243311170&kikanKbn=2", "url2": "https://www.toyota-shoukakigeka.com", "内容": "豊田消化器外科医院【2:診療所】【診療科目:内科_胃腸内科_外科_脳神経外科_整形外科】熊本県熊本市東区江津１ー３０ー２０" }, "geometry": { "type": "Point", "coordinates": [ 130.738034, 32.779175 ] } },
{ "type": "Feature", "properties": { "ID": 432243311213, "正式名称": "楢原医院", "機関区分": 2, "都道府県コード": 43, "市区町村コード": 104, "所在地": "熊本県熊本市南区近見２ー１４ー１", "緯度": 32.76269, "経度": 130.686164, "url": "https://www.iryou.teikyouseido.mhlw.go.jp/znk-web/juminkanja/S2430/initialize?prefCd=43&kikanCd=243311213&kikanKbn=2", "url2": null, "内容": "楢原医院【2:診療所】【診療科目:内科】熊本県熊本市南区近見２ー１４ー１" }, "geometry": { "type": "Point", "coordinates": [ 130.686164, 32.76269 ] } },
{ "type": "Feature", "properties": { "ID": 432243311239, "正式名称": "西内科クリニック", "機関区分": 2, "都道府県コード": 43, "市区町村コード": 101, "所在地": "熊本県熊本市中央区九品寺３ー９ー３", "緯度": 32.796246, "経度": 130.718036, "url": "https://www.iryou.teikyouseido.mhlw.go.jp/znk-web/juminkanja/S2430/initialize?prefCd=43&kikanCd=243311239&kikanKbn=2", "url2": null, "内容": "西内科クリニック【2:診療所】【診療科目:内科_代謝内科_内分泌内科】熊本県熊本市中央区九品寺３ー９ー３" }, "geometry": { "type": "Point", "coordinates": [ 130.718036, 32.796246 ] } },
{ "type": "Feature", "properties": { "ID": 432243311284, "正式名称": "橋口医院", "機関区分": 2, "都道府県コード": 43, "市区町村コード": 101, "所在地": "熊本県熊本市中央区渡鹿５ー１７ー２６", "緯度": 32.809367, "経度": 130.733076, "url": "https://www.iryou.teikyouseido.mhlw.go.jp/znk-web/juminkanja/S2430/initialize?prefCd=43&kikanCd=243311284&kikanKbn=2", "url2": "hashiguchiclinic.com", "内容": "橋口医院【2:診療所】【診療科目:内科_消化器内科_小児科】熊本県熊本市中央区渡鹿５ー１７ー２６" }, "geometry": { "type": "Point", "coordinates": [ 130.733076, 32.809367 ] } },
{ "type": "Feature", "properties": { "ID": 432243311369, "正式名称": "医療法人社団　新生会　いんでレディースクリニック", "機関区分": 2, "都道府県コード": 43, "市区町村コード": 102, "所在地": "熊本県熊本市東区新生２ー３ー６", "緯度": 32.778603, "経度": 130.758902, "url": "https://www.iryou.teikyouseido.mhlw.go.jp/znk-web/juminkanja/S2430/initialize?prefCd=43&kikanCd=243311369&kikanKbn=2", "url2": "http://www.hiji-in.com/", "内容": "医療法人社団　新生会　いんでレディースクリニック【2:診療所】【診療科目:女性内科_産婦人科】熊本県熊本市東区新生２ー３ー６" }, "geometry": { "type": "Point", "coordinates": [ 130.758902, 32.778603 ] } },
{ "type": "Feature", "properties": { "ID": 432243311372, "正式名称": "聖アンナレディスクリニック", "機関区分": 2, "都道府県コード": 43, "市区町村コード": 101, "所在地": "熊本県熊本市中央区帯山４ー２ー８２", "緯度": 32.80047, "経度": 130.74747, "url": "https://www.iryou.teikyouseido.mhlw.go.jp/znk-web/juminkanja/S2430/initialize?prefCd=43&kikanCd=243311372&kikanKbn=2", "url2": "http://www.st-anna.jp", "内容": "聖アンナレディスクリニック【2:診療所】【診療科目:内科_ペインクリニック内科_肛門内科_肛門外科_ペインクリニック外科_産婦人科_泌尿器科_女性泌尿器科】熊本県熊本市中央区帯山４ー２ー８２" }, "geometry": { "type": "Point", "coordinates": [ 130.74747, 32.80047 ] } },
{ "type": "Feature", "properties": { "ID": 432243311428, "正式名称": "藤川医院", "機関区分": 2, "都道府県コード": 43, "市区町村コード": 102, "所在地": "熊本県熊本市東区水源１ー１８ー２", "緯度": 32.77526, "経度": 130.755286, "url": "https://www.iryou.teikyouseido.mhlw.go.jp/znk-web/juminkanja/S2430/initialize?prefCd=43&kikanCd=243311428&kikanKbn=2", "url2": null, "内容": "藤川医院【2:診療所】【診療科目:内科_小児科】熊本県熊本市東区水源１ー１８ー２" }, "geometry": { "type": "Point", "coordinates": [ 130.755286, 32.77526 ] } },
{ "type": "Feature", "properties": { "ID": 432243311460, "正式名称": "本多内科医院", "機関区分": 2, "都道府県コード": 43, "市区町村コード": 101, "所在地": "熊本県熊本市中央区帯山３ー８ー６１", "緯度": 32.798954, "経度": 130.746717, "url": "https://www.iryou.teikyouseido.mhlw.go.jp/znk-web/juminkanja/S2430/initialize?prefCd=43&kikanCd=243311460&kikanKbn=2", "url2": null, "内容": "本多内科医院【2:診療所】【診療科目:内科_呼吸器内科_循環器内科_消化器内科_胃腸内科_小児科】熊本県熊本市中央区帯山３ー８ー６１" }, "geometry": { "type": "Point", "coordinates": [ 130.746717, 32.798954 ] } },
{ "type": "Feature", "properties": { "ID": 432243311486, "正式名称": "前田産婦人科医院", "機関区分": 2, "都道府県コード": 43, "市区町村コード": 104, "所在地": "熊本県熊本市南区出仲間７ー２ー３２", "緯度": 32.770142, "経度": 130.717469, "url": "https://www.iryou.teikyouseido.mhlw.go.jp/znk-web/juminkanja/S2430/initialize?prefCd=43&kikanCd=243311486&kikanKbn=2", "url2": "http://www.maeda-lc.com/", "内容": "前田産婦人科医院【2:診療所】【診療科目:産婦人科】熊本県熊本市南区出仲間７ー２ー３２" }, "geometry": { "type": "Point", "coordinates": [ 130.717469, 32.770142 ] } },
{ "type": "Feature", "properties": { "ID": 432243311499, "正式名称": "前田内科医院", "機関区分": 2, "都道府県コード": 43, "市区町村コード": 101, "所在地": "熊本県熊本市中央区白山２ー１１ー１６", "緯度": 32.792799, "経度": 130.722606, "url": "https://www.iryou.teikyouseido.mhlw.go.jp/znk-web/juminkanja/S2430/initialize?prefCd=43&kikanCd=243311499&kikanKbn=2", "url2": "http://www.maedakai.com", "内容": "前田内科医院【2:診療所】【診療科目:内科_呼吸器内科_消化器内科_アレルギー疾患内科_小児科_アレルギー科】熊本県熊本市中央区白山２ー１１ー１６" }, "geometry": { "type": "Point", "coordinates": [ 130.722606, 32.792799 ] } },
{ "type": "Feature", "properties": { "ID": 432243311545, "正式名称": "直海内科クリニック", "機関区分": 2, "都道府県コード": 43, "市区町村コード": 101, "所在地": "熊本県熊本市中央区本山町７８", "緯度": 32.787653, "経度": 130.700001, "url": "https://www.iryou.teikyouseido.mhlw.go.jp/znk-web/juminkanja/S2430/initialize?prefCd=43&kikanCd=243311545&kikanKbn=2", "url2": null, "内容": "直海内科クリニック【2:診療所】【診療科目:内科_循環器内科_消化器内科】熊本県熊本市中央区本山町７８" }, "geometry": { "type": "Point", "coordinates": [ 130.700001, 32.787653 ] } },
{ "type": "Feature", "properties": { "ID": 432243311604, "正式名称": "三隅医院", "機関区分": 2, "都道府県コード": 43, "市区町村コード": 104, "所在地": "熊本県熊本市南区川尻４ー７ー３３", "緯度": 32.738258, "経度": 130.680604, "url": "https://www.iryou.teikyouseido.mhlw.go.jp/znk-web/juminkanja/S2430/initialize?prefCd=43&kikanCd=243311604&kikanKbn=2", "url2": null, "内容": "三隅医院【2:診療所】【診療科目:内科_消化器内科】熊本県熊本市南区川尻４ー７ー３３" }, "geometry": { "type": "Point", "coordinates": [ 130.680604, 32.738258 ] } },
{ "type": "Feature", "properties": { "ID": 432243311675, "正式名称": "村上循環器内科", "機関区分": 2, "都道府県コード": 43, "市区町村コード": 101, "所在地": "熊本県熊本市中央区本山４ー１ー１５", "緯度": 32.79001, "経度": 130.701103, "url": "https://www.iryou.teikyouseido.mhlw.go.jp/znk-web/juminkanja/S2430/initialize?prefCd=43&kikanCd=243311675&kikanKbn=2", "url2": "murakaminaika-jyunkannki.com", "内容": "村上循環器内科【2:診療所】【診療科目:内科_呼吸器内科_循環器内科_消化器内科_放射線科】熊本県熊本市中央区本山４ー１ー１５" }, "geometry": { "type": "Point", "coordinates": [ 130.701103, 32.79001 ] } },
{ "type": "Feature", "properties": { "ID": 432243311691, "正式名称": "村田外科・胃腸科・ひふ科医院", "機関区分": 2, "都道府県コード": 43, "市区町村コード": 101, "所在地": "熊本県熊本市中央区本山１ー５ー１６", "緯度": 32.790771, "経度": 130.699448, "url": "https://www.iryou.teikyouseido.mhlw.go.jp/znk-web/juminkanja/S2430/initialize?prefCd=43&kikanCd=243311691&kikanKbn=2", "url2": null, "内容": "村田外科・胃腸科・ひふ科医院【2:診療所】【診療科目:内科_消化器内科_胃腸内科_外科_肛門外科_整形外科_皮膚科_泌尿器科_リハビリテーション科_放射線科】熊本県熊本市中央区本山１ー５ー１６" }, "geometry": { "type": "Point", "coordinates": [ 130.699448, 32.790771 ] } },
{ "type": "Feature", "properties": { "ID": 432243311750, "正式名称": "医療法人社団英紘会水前寺内科循環器科", "機関区分": 2, "都道府県コード": 43, "市区町村コード": 101, "所在地": "熊本県熊本市中央区水前寺４ー１９ー２４", "緯度": 32.796982, "経度": 130.737725, "url": "https://www.iryou.teikyouseido.mhlw.go.jp/znk-web/juminkanja/S2430/initialize?prefCd=43&kikanCd=243311750&kikanKbn=2", "url2": null, "内容": "医療法人社団英紘会水前寺内科循環器科【2:診療所】【診療科目:内科_糖尿病・代謝内科_循環器内科_放射線科】熊本県熊本市中央区水前寺４ー１９ー２４" }, "geometry": { "type": "Point", "coordinates": [ 130.737725, 32.796982 ] } },
{ "type": "Feature", "properties": { "ID": 432243311776, "正式名称": "山田内科医院", "機関区分": 2, "都道府県コード": 43, "市区町村コード": 102, "所在地": "熊本県熊本市東区保田窪本町１６ー３５", "緯度": 32.810081, "経度": 130.747706, "url": "https://www.iryou.teikyouseido.mhlw.go.jp/znk-web/juminkanja/S2430/initialize?prefCd=43&kikanCd=243311776&kikanKbn=2", "url2": "http://amadeus.jupiter.bindcloud.jp", "内容": "山田内科医院【2:診療所】【診療科目:内科_呼吸器内科_循環器内科_消化器内科_アレルギー科】熊本県熊本市東区保田窪本町１６ー３５" }, "geometry": { "type": "Point", "coordinates": [ 130.747706, 32.810081 ] } },
{ "type": "Feature", "properties": { "ID": 432243311789, "正式名称": "ゆのはら産婦人科医院", "機関区分": 2, "都道府県コード": 43, "市区町村コード": 101, "所在地": "熊本県熊本市中央区南熊本５ー９ー３", "緯度": 32.785177, "経度": 130.710919, "url": "https://www.iryou.teikyouseido.mhlw.go.jp/znk-web/juminkanja/S2430/initialize?prefCd=43&kikanCd=243311789&kikanKbn=2", "url2": "http://www.yunohara.jp", "内容": "ゆのはら産婦人科医院【2:診療所】【診療科目:産科_婦人科】熊本県熊本市中央区南熊本５ー９ー３" }, "geometry": { "type": "Point", "coordinates": [ 130.710919, 32.785177 ] } },
{ "type": "Feature", "properties": { "ID": 432243311923, "正式名称": "みのクリニック", "機関区分": 2, "都道府県コード": 43, "市区町村コード": 101, "所在地": "熊本県熊本市中央区帯山５ー８ー２２", "緯度": 32.800515, "経度": 130.752714, "url": "https://www.iryou.teikyouseido.mhlw.go.jp/znk-web/juminkanja/S2430/initialize?prefCd=43&kikanCd=243311923&kikanKbn=2", "url2": "http://miwa-breastclinic.jp/", "内容": "みのクリニック【2:診療所】【診療科目:内科_消化器内科_胃腸内科_外科_乳腺外科】熊本県熊本市中央区帯山５ー８ー２２" }, "geometry": { "type": "Point", "coordinates": [ 130.752714, 32.800515 ] } },
{ "type": "Feature", "properties": { "ID": 432243311978, "正式名称": "武藤眼科・大久保内科", "機関区分": 2, "都道府県コード": 43, "市区町村コード": 101, "所在地": "熊本県熊本市中央区子飼本町１ー１８", "緯度": 32.812336, "経度": 130.721598, "url": "https://www.iryou.teikyouseido.mhlw.go.jp/znk-web/juminkanja/S2430/initialize?prefCd=43&kikanCd=243311978&kikanKbn=2", "url2": "http://www.muto-ohkubo-clinic.jp/", "内容": "武藤眼科・大久保内科【2:診療所】【診療科目:内科_呼吸器内科_循環器内科_眼科】熊本県熊本市中央区子飼本町１ー１８" }, "geometry": { "type": "Point", "coordinates": [ 130.721598, 32.812336 ] } },
{ "type": "Feature", "properties": { "ID": 432243311994, "正式名称": "安政町メディカルクリニック", "機関区分": 2, "都道府県コード": 43, "市区町村コード": 101, "所在地": "熊本県熊本市中央区安政町６ー２８", "緯度": 32.801227, "経度": 130.710086, "url": "https://www.iryou.teikyouseido.mhlw.go.jp/znk-web/juminkanja/S2430/initialize?prefCd=43&kikanCd=243311994&kikanKbn=2", "url2": "http://www.firiakai.com", "内容": "安政町メディカルクリニック【2:診療所】【診療科目:内科_外科_アレルギー科_リハビリテーション科_麻酔科_呼吸器科（改行）胃腸科】熊本県熊本市中央区安政町６ー２８" }, "geometry": { "type": "Point", "coordinates": [ 130.710086, 32.801227 ] } },
{ "type": "Feature", "properties": { "ID": 432243312034, "正式名称": "田代産婦人科医院", "機関区分": 2, "都道府県コード": 43, "市区町村コード": 101, "所在地": "熊本県熊本市中央区大江４ー５ー５", "緯度": 32.803017, "経度": 130.720316, "url": "https://www.iryou.teikyouseido.mhlw.go.jp/znk-web/juminkanja/S2430/initialize?prefCd=43&kikanCd=243312034&kikanKbn=2", "url2": "http://tashiroclinic.jimdo.com/", "内容": "田代産婦人科医院【2:診療所】【診療科目:産婦人科】熊本県熊本市中央区大江４ー５ー５" }, "geometry": { "type": "Point", "coordinates": [ 130.720316, 32.803017 ] } },
{ "type": "Feature", "properties": { "ID": 432243312092, "正式名称": "佐藤皮膚科医院", "機関区分": 2, "都道府県コード": 43, "市区町村コード": 101, "所在地": "熊本県熊本市中央区南熊本５ー７ー３", "緯度": 32.785644, "経度": 130.711014, "url": "https://www.iryou.teikyouseido.mhlw.go.jp/znk-web/juminkanja/S2430/initialize?prefCd=43&kikanCd=243312092&kikanKbn=2", "url2": null, "内容": "佐藤皮膚科医院【2:診療所】【診療科目:皮膚科】熊本県熊本市中央区南熊本５ー７ー３" }, "geometry": { "type": "Point", "coordinates": [ 130.711014, 32.785644 ] } },
{ "type": "Feature", "properties": { "ID": 432243312119, "正式名称": "内科熊本クリニック", "機関区分": 2, "都道府県コード": 43, "市区町村コード": 102, "所在地": "熊本県熊本市東区沼山津４ー１ー１", "緯度": 32.778606, "経度": 130.783284, "url": "https://www.iryou.teikyouseido.mhlw.go.jp/znk-web/juminkanja/S2430/initialize?prefCd=43&kikanCd=243312119&kikanKbn=2", "url2": null, "内容": "内科熊本クリニック【2:診療所】【診療科目:内科】熊本県熊本市東区沼山津４ー１ー１" }, "geometry": { "type": "Point", "coordinates": [ 130.783284, 32.778606 ] } },
{ "type": "Feature", "properties": { "ID": 432243312122, "正式名称": "しみず整形外科内科クリニック", "機関区分": 2, "都道府県コード": 43, "市区町村コード": 104, "所在地": "熊本県熊本市南区出仲間６ー１１ー１", "緯度": 32.77362, "経度": 130.718891, "url": "https://www.iryou.teikyouseido.mhlw.go.jp/znk-web/juminkanja/S2430/initialize?prefCd=43&kikanCd=243312122&kikanKbn=2", "url2": "http://shimizuseikei.com", "内容": "しみず整形外科内科クリニック【2:診療所】【診療科目:内科_整形外科_リウマチ科_リハビリテーション科_麻酔科】熊本県熊本市南区出仲間６ー１１ー１" }, "geometry": { "type": "Point", "coordinates": [ 130.718891, 32.77362 ] } },
{ "type": "Feature", "properties": { "ID": 432243312207, "正式名称": "赤坂クリニック", "機関区分": 2, "都道府県コード": 43, "市区町村コード": 102, "所在地": "熊本県熊本市東区新外３ー９ー６７", "緯度": 32.796763, "経度": 130.763502, "url": "https://www.iryou.teikyouseido.mhlw.go.jp/znk-web/juminkanja/S2430/initialize?prefCd=43&kikanCd=243312207&kikanKbn=2", "url2": "https://akasaka-cl.jp", "内容": "赤坂クリニック【2:診療所】【診療科目:内科_循環器内科】熊本県熊本市東区新外３ー９ー６７" }, "geometry": { "type": "Point", "coordinates": [ 130.763502, 32.796763 ] } },
{ "type": "Feature", "properties": { "ID": 432243312278, "正式名称": "松本外科内科医院", "機関区分": 2, "都道府県コード": 43, "市区町村コード": 101, "所在地": "熊本県熊本市中央区新市街１２ー５", "緯度": 32.79812, "経度": 130.706701, "url": "https://www.iryou.teikyouseido.mhlw.go.jp/znk-web/juminkanja/S2430/initialize?prefCd=43&kikanCd=243312278&kikanKbn=2", "url2": "http://matsumotogeka.jp/", "内容": "松本外科内科医院【2:診療所】【診療科目:内科_消化器内科_外科_整形外科】熊本県熊本市中央区新市街１２ー５" }, "geometry": { "type": "Point", "coordinates": [ 130.706701, 32.79812 ] } },
{ "type": "Feature", "properties": { "ID": 432243312281, "正式名称": "斎藤耳鼻咽喉科医院", "機関区分": 2, "都道府県コード": 43, "市区町村コード": 101, "所在地": "熊本県熊本市中央区神水１ー３３ー１６", "緯度": 32.784147, "経度": 130.74605, "url": "https://www.iryou.teikyouseido.mhlw.go.jp/znk-web/juminkanja/S2430/initialize?prefCd=43&kikanCd=243312281&kikanKbn=2", "url2": null, "内容": "斎藤耳鼻咽喉科医院【2:診療所】【診療科目:耳鼻いんこう科】熊本県熊本市中央区神水１ー３３ー１６" }, "geometry": { "type": "Point", "coordinates": [ 130.74605, 32.784147 ] } },
{ "type": "Feature", "properties": { "ID": 432243312311, "正式名称": "熊本眼科医院", "機関区分": 2, "都道府県コード": 43, "市区町村コード": 101, "所在地": "熊本県熊本市中央区九品寺２ー２ー１", "緯度": 32.798681, "経度": 130.718258, "url": "https://www.iryou.teikyouseido.mhlw.go.jp/znk-web/juminkanja/S2430/initialize?prefCd=43&kikanCd=243312311&kikanKbn=2", "url2": "http://www.kumagan.jp/", "内容": "熊本眼科医院【2:診療所】【診療科目:形成外科_眼科】熊本県熊本市中央区九品寺２ー２ー１" }, "geometry": { "type": "Point", "coordinates": [ 130.718258, 32.798681 ] } },
{ "type": "Feature", "properties": { "ID": 432243312366, "正式名称": "さめしま整形外科医院", "機関区分": 2, "都道府県コード": 43, "市区町村コード": 101, "所在地": "熊本県熊本市中央区妙体寺町３ー１", "緯度": 32.810195, "経度": 130.71427, "url": "https://www.iryou.teikyouseido.mhlw.go.jp/znk-web/juminkanja/S2430/initialize?prefCd=43&kikanCd=243312366&kikanKbn=2", "url2": "http://www.sameshima-seikei.jp", "内容": "さめしま整形外科医院【2:診療所】【診療科目:整形外科_リウマチ科_リハビリテーション科_麻酔科】熊本県熊本市中央区妙体寺町３ー１" }, "geometry": { "type": "Point", "coordinates": [ 130.71427, 32.810195 ] } },
{ "type": "Feature", "properties": { "ID": 432243312379, "正式名称": "福島循環器科内科医院", "機関区分": 2, "都道府県コード": 43, "市区町村コード": 102, "所在地": "熊本県熊本市東区健軍１ー１０ー２", "緯度": 32.787122, "経度": 130.749042, "url": "https://www.iryou.teikyouseido.mhlw.go.jp/znk-web/juminkanja/S2430/initialize?prefCd=43&kikanCd=243312379&kikanKbn=2", "url2": null, "内容": "福島循環器科内科医院【2:診療所】【診療科目:内科_呼吸器内科_循環器内科_胃腸科】熊本県熊本市東区健軍１ー１０ー２" }, "geometry": { "type": "Point", "coordinates": [ 130.749042, 32.787122 ] } },
{ "type": "Feature", "properties": { "ID": 432243312571, "正式名称": "鳥谷医院", "機関区分": 2, "都道府県コード": 43, "市区町村コード": 101, "所在地": "熊本県熊本市中央区九品寺５ー７ー１２", "緯度": 32.790661, "経度": 130.716201, "url": "https://www.iryou.teikyouseido.mhlw.go.jp/znk-web/juminkanja/S2430/initialize?prefCd=43&kikanCd=243312571&kikanKbn=2", "url2": "http://www.toriya-ent.com", "内容": "鳥谷医院【2:診療所】【診療科目:気管食道・耳鼻いんこう科】熊本県熊本市中央区九品寺５ー７ー１２" }, "geometry": { "type": "Point", "coordinates": [ 130.716201, 32.790661 ] } },
{ "type": "Feature", "properties": { "ID": 432243312584, "正式名称": "戸山・横田医院", "機関区分": 2, "都道府県コード": 43, "市区町村コード": 102, "所在地": "熊本県熊本市東区小峯２ー５ー３３", "緯度": 32.805062, "経度": 130.776901, "url": "https://www.iryou.teikyouseido.mhlw.go.jp/znk-web/juminkanja/S2430/initialize?prefCd=43&kikanCd=243312584&kikanKbn=2", "url2": "https://toyamayokota.com", "内容": "戸山・横田医院【2:診療所】【診療科目:内科_心臓血管内科_外科_肛門外科_整形外科_皮膚科_リハビリテーション科】熊本県熊本市東区小峯２ー５ー３３" }, "geometry": { "type": "Point", "coordinates": [ 130.776901, 32.805062 ] } },
{ "type": "Feature", "properties": { "ID": 432243312597, "正式名称": "水本整形外科・内科クリニック", "機関区分": 2, "都道府県コード": 43, "市区町村コード": 101, "所在地": "熊本県熊本市中央区国府２ー１７ー３４", "緯度": 32.786938, "経度": 130.73012, "url": "https://www.iryou.teikyouseido.mhlw.go.jp/znk-web/juminkanja/S2430/initialize?prefCd=43&kikanCd=243312597&kikanKbn=2", "url2": "https://mizumotoseikeigeka.com/", "内容": "水本整形外科・内科クリニック【2:診療所】【診療科目:内科_循環器内科_整形外科_リハビリテーション科】熊本県熊本市中央区国府２ー１７ー３４" }, "geometry": { "type": "Point", "coordinates": [ 130.73012, 32.786938 ] } },
{ "type": "Feature", "properties": { "ID": 432243312627, "正式名称": "八木産婦人科医院", "機関区分": 2, "都道府県コード": 43, "市区町村コード": 101, "所在地": "熊本県熊本市中央区水前寺１ー１９ー５", "緯度": 32.793352, "経度": 130.728951, "url": "https://www.iryou.teikyouseido.mhlw.go.jp/znk-web/juminkanja/S2430/initialize?prefCd=43&kikanCd=243312627&kikanKbn=2", "url2": "http://www.yagisanfujinka.jp/", "内容": "八木産婦人科医院【2:診療所】【診療科目:産婦人科】熊本県熊本市中央区水前寺１ー１９ー５" }, "geometry": { "type": "Point", "coordinates": [ 130.728951, 32.793352 ] } },
{ "type": "Feature", "properties": { "ID": 432243312630, "正式名称": "外科内科池田医院", "機関区分": 2, "都道府県コード": 43, "市区町村コード": 101, "所在地": "熊本県熊本市中央区八王寺町１２ー３１", "緯度": 32.7835, "経度": 130.715969, "url": "https://www.iryou.teikyouseido.mhlw.go.jp/znk-web/juminkanja/S2430/initialize?prefCd=43&kikanCd=243312630&kikanKbn=2", "url2": null, "内容": "外科内科池田医院【2:診療所】【診療科目:内科_消化器内科_外科_消化器外科_肛門外科_整形外科_リハビリテーション科_麻酔科】熊本県熊本市中央区八王寺町１２ー３１" }, "geometry": { "type": "Point", "coordinates": [ 130.715969, 32.7835 ] } },
{ "type": "Feature", "properties": { "ID": 432243312643, "正式名称": "桑原産科婦人科医院", "機関区分": 2, "都道府県コード": 43, "市区町村コード": 102, "所在地": "熊本県熊本市東区桜木２ー２ー６", "緯度": 32.77932, "経度": 130.780676, "url": "https://www.iryou.teikyouseido.mhlw.go.jp/znk-web/juminkanja/S2430/initialize?prefCd=43&kikanCd=243312643&kikanKbn=2", "url2": "https://kuwahara-obgyn.jp", "内容": "桑原産科婦人科医院【2:診療所】【診療科目:産婦人科】熊本県熊本市東区桜木２ー２ー６" }, "geometry": { "type": "Point", "coordinates": [ 130.780676, 32.77932 ] } },
{ "type": "Feature", "properties": { "ID": 432243312656, "正式名称": "米村眼科医院", "機関区分": 2, "都道府県コード": 43, "市区町村コード": 101, "所在地": "熊本県熊本市中央区帯山２ー４ー２０", "緯度": 32.801389, "経度": 130.74588, "url": "https://www.iryou.teikyouseido.mhlw.go.jp/znk-web/juminkanja/S2430/initialize?prefCd=43&kikanCd=243312656&kikanKbn=2", "url2": null, "内容": "米村眼科医院【2:診療所】【診療科目:眼科】熊本県熊本市中央区帯山２ー４ー２０" }, "geometry": { "type": "Point", "coordinates": [ 130.74588, 32.801389 ] } },
{ "type": "Feature", "properties": { "ID": 432243312757, "正式名称": "おくむら乳腺外科・内科クリニック", "機関区分": 2, "都道府県コード": 43, "市区町村コード": 101, "所在地": "熊本県熊本市中央区八王寺町３６ー４１", "緯度": 32.780975, "経度": 130.715422, "url": "https://www.iryou.teikyouseido.mhlw.go.jp/znk-web/juminkanja/S2430/initialize?prefCd=43&kikanCd=243312757&kikanKbn=2", "url2": "https://okumura-nyusen-naika.com", "内容": "おくむら乳腺外科・内科クリニック【2:診療所】【診療科目:内科_乳腺外科_小児科】熊本県熊本市中央区八王寺町３６ー４１" }, "geometry": { "type": "Point", "coordinates": [ 130.715422, 32.780975 ] } },
{ "type": "Feature", "properties": { "ID": 432243312829, "正式名称": "天神内科医院", "機関区分": 2, "都道府県コード": 43, "市区町村コード": 101, "所在地": "熊本県熊本市中央区大江６ー２２ー２２", "緯度": 32.796826, "経度": 130.725009, "url": "https://www.iryou.teikyouseido.mhlw.go.jp/znk-web/juminkanja/S2430/initialize?prefCd=43&kikanCd=243312829&kikanKbn=2", "url2": "www.tenjin-naika.jp", "内容": "天神内科医院【2:診療所】【診療科目:内科_糖尿病内科_呼吸器内科_循環器内科_消化器内科_神経内科_心療内科_アレルギー科】熊本県熊本市中央区大江６ー２２ー２２" }, "geometry": { "type": "Point", "coordinates": [ 130.725009, 32.796826 ] } },
{ "type": "Feature", "properties": { "ID": 432243312890, "正式名称": "水前寺大腸肛門科医院", "機関区分": 2, "都道府県コード": 43, "市区町村コード": 101, "所在地": "熊本県熊本市中央区水前寺３ー５ー１１", "緯度": 32.796779, "経度": 130.731837, "url": "https://www.iryou.teikyouseido.mhlw.go.jp/znk-web/juminkanja/S2430/initialize?prefCd=43&kikanCd=243312890&kikanKbn=2", "url2": "http://www.381-2241sumie.com", "内容": "水前寺大腸肛門科医院【2:診療所】【診療科目:大腸・肛門外科】熊本県熊本市中央区水前寺３ー５ー１１" }, "geometry": { "type": "Point", "coordinates": [ 130.731837, 32.796779 ] } },
{ "type": "Feature", "properties": { "ID": 432243312946, "正式名称": "阿部皮膚科医院", "機関区分": 2, "都道府県コード": 43, "市区町村コード": 101, "所在地": "熊本県熊本市中央区下通１ー１ー１４マテリア８ビル３階", "緯度": 32.802795, "経度": 130.708697, "url": "https://www.iryou.teikyouseido.mhlw.go.jp/znk-web/juminkanja/S2430/initialize?prefCd=43&kikanCd=243312946&kikanKbn=2", "url2": "http://www.abehifuka.jp/", "内容": "阿部皮膚科医院【2:診療所】【診療科目:皮膚科_アレルギー科】熊本県熊本市中央区下通１ー１ー１４マテリア８ビル３階" }, "geometry": { "type": "Point", "coordinates": [ 130.708697, 32.802795 ] } },
{ "type": "Feature", "properties": { "ID": 432243312988, "正式名称": "大宮整形外科医院", "機関区分": 2, "都道府県コード": 43, "市区町村コード": 104, "所在地": "熊本県熊本市南区南高江７ー９ー５２", "緯度": 32.745113, "経度": 130.692003, "url": "https://www.iryou.teikyouseido.mhlw.go.jp/znk-web/juminkanja/S2430/initialize?prefCd=43&kikanCd=243312988&kikanKbn=2", "url2": "http://www.omiyasg.com", "内容": "大宮整形外科医院【2:診療所】【診療科目:整形外科_リウマチ科_リハビリテーション科】熊本県熊本市南区南高江７ー９ー５２" }, "geometry": { "type": "Point", "coordinates": [ 130.692003, 32.745113 ] } },
{ "type": "Feature", "properties": { "ID": 432243313002, "正式名称": "桜間脳神経外科", "機関区分": 2, "都道府県コード": 43, "市区町村コード": 101, "所在地": "熊本県熊本市中央区妙体寺町５ー２", "緯度": 32.81143, "経度": 130.715861, "url": "https://www.iryou.teikyouseido.mhlw.go.jp/znk-web/juminkanja/S2430/initialize?prefCd=43&kikanCd=243313002&kikanKbn=2", "url2": "https://sakurama-neuro.com/", "内容": "桜間脳神経外科【2:診療所】【診療科目:循環器内科_神経内科_脳神経外科_放射線科】熊本県熊本市中央区妙体寺町５ー２" }, "geometry": { "type": "Point", "coordinates": [ 130.715861, 32.81143 ] } },
{ "type": "Feature", "properties": { "ID": 432243313028, "正式名称": "寒野整形外科医院", "機関区分": 2, "都道府県コード": 43, "市区町村コード": 101, "所在地": "熊本県熊本市中央区出水１ー７ー３０", "緯度": 32.78851, "経度": 130.734065, "url": "https://www.iryou.teikyouseido.mhlw.go.jp/znk-web/juminkanja/S2430/initialize?prefCd=43&kikanCd=243313028&kikanKbn=2", "url2": "www.samunoseikei.com", "内容": "寒野整形外科医院【2:診療所】【診療科目:整形外科_リハビリテーション科_麻酔科】熊本県熊本市中央区出水１ー７ー３０" }, "geometry": { "type": "Point", "coordinates": [ 130.734065, 32.78851 ] } },
{ "type": "Feature", "properties": { "ID": 432243313031, "正式名称": "岡耳鼻咽喉科医院", "機関区分": 2, "都道府県コード": 43, "市区町村コード": 102, "所在地": "熊本県熊本市東区花立２ー１６ー２４", "緯度": 32.777912, "経度": 130.775735, "url": "https://www.iryou.teikyouseido.mhlw.go.jp/znk-web/juminkanja/S2430/initialize?prefCd=43&kikanCd=243313031&kikanKbn=2", "url2": "http://www.oka33.com", "内容": "岡耳鼻咽喉科医院【2:診療所】【診療科目:耳鼻いんこう科】熊本県熊本市東区花立２ー１６ー２４" }, "geometry": { "type": "Point", "coordinates": [ 130.775735, 32.777912 ] } },
{ "type": "Feature", "properties": { "ID": 432243313129, "正式名称": "原口循環器科内科医院", "機関区分": 2, "都道府県コード": 43, "市区町村コード": 102, "所在地": "熊本県熊本市東区保田窪２ー１ー４", "緯度": 32.80732, "経度": 130.744236, "url": "https://www.iryou.teikyouseido.mhlw.go.jp/znk-web/juminkanja/S2430/initialize?prefCd=43&kikanCd=243313129&kikanKbn=2", "url2": null, "内容": "原口循環器科内科医院【2:診療所】【診療科目:内科_脂質代謝内科_糖尿病・代謝内科_循環器内科】熊本県熊本市東区保田窪２ー１ー４" }, "geometry": { "type": "Point", "coordinates": [ 130.744236, 32.80732 ] } },
{ "type": "Feature", "properties": { "ID": 432243313145, "正式名称": "石原・伊牟田内科", "機関区分": 2, "都道府県コード": 43, "市区町村コード": 101, "所在地": "熊本県熊本市中央区水前寺２ー１９ー８", "緯度": 32.796221, "経度": 130.735023, "url": "https://www.iryou.teikyouseido.mhlw.go.jp/znk-web/juminkanja/S2430/initialize?prefCd=43&kikanCd=243313145&kikanKbn=2", "url2": "suizenji-heim.com", "内容": "石原・伊牟田内科【2:診療所】【診療科目:内科_呼吸器内科_循環器内科_消化器内科_小児科_放射線科】熊本県熊本市中央区水前寺２ー１９ー８" }, "geometry": { "type": "Point", "coordinates": [ 130.735023, 32.796221 ] } },
{ "type": "Feature", "properties": { "ID": 432243313161, "正式名称": "三井小児科医院", "機関区分": 2, "都道府県コード": 43, "市区町村コード": 102, "所在地": "熊本県熊本市東区尾ノ上４ー１１ー２４８", "緯度": 32.79879, "経度": 130.762155, "url": "https://www.iryou.teikyouseido.mhlw.go.jp/znk-web/juminkanja/S2430/initialize?prefCd=43&kikanCd=243313161&kikanKbn=2", "url2": "http://www.mitsuisyounika.com/", "内容": "三井小児科医院【2:診療所】【診療科目:小児科】熊本県熊本市東区尾ノ上４ー１１ー２４８" }, "geometry": { "type": "Point", "coordinates": [ 130.762155, 32.79879 ] } },
{ "type": "Feature", "properties": { "ID": 432243313174, "正式名称": "すえふじ医院", "機関区分": 2, "都道府県コード": 43, "市区町村コード": 101, "所在地": "熊本県熊本市中央区出水１ー５ー３８", "緯度": 32.788896, "経度": 130.732723, "url": "https://www.iryou.teikyouseido.mhlw.go.jp/znk-web/juminkanja/S2430/initialize?prefCd=43&kikanCd=243313174&kikanKbn=2", "url2": "http://www.toueikai.or.jp", "内容": "すえふじ医院【2:診療所】【診療科目:内科_循環器内科_小児科】熊本県熊本市中央区出水１ー５ー３８" }, "geometry": { "type": "Point", "coordinates": [ 130.732723, 32.788896 ] } },
{ "type": "Feature", "properties": { "ID": 432243313187, "正式名称": "天野整形外科皮ふ科医院", "機関区分": 2, "都道府県コード": 43, "市区町村コード": 103, "所在地": "熊本県熊本市西区田崎１ー３ー８０", "緯度": 32.783929, "経度": 130.684549, "url": "https://www.iryou.teikyouseido.mhlw.go.jp/znk-web/juminkanja/S2430/initialize?prefCd=43&kikanCd=243313187&kikanKbn=2", "url2": "http://www.korehada,amano-clinic", "内容": "天野整形外科皮ふ科医院【2:診療所】【診療科目:整形外科_形成外科_皮膚科_美容皮膚科_アレルギー科_リウマチ科_リハビリテーション科_麻酔科_小児整形外科】熊本県熊本市西区田崎１ー３ー８０" }, "geometry": { "type": "Point", "coordinates": [ 130.684549, 32.783929 ] } },
{ "type": "Feature", "properties": { "ID": 432243313259, "正式名称": "田島内科クリニック", "機関区分": 2, "都道府県コード": 43, "市区町村コード": 101, "所在地": "熊本県熊本市中央区南千反畑町１１ー１", "緯度": 32.808292, "経度": 130.715004, "url": "https://www.iryou.teikyouseido.mhlw.go.jp/znk-web/juminkanja/S2430/initialize?prefCd=43&kikanCd=243313259&kikanKbn=2", "url2": null, "内容": "田島内科クリニック【2:診療所】【診療科目:内科_糖尿病内科_消化器内科】熊本県熊本市中央区南千反畑町１１ー１" }, "geometry": { "type": "Point", "coordinates": [ 130.715004, 32.808292 ] } },
{ "type": "Feature", "properties": { "ID": 432243313262, "正式名称": "外科眼科何医院", "機関区分": 2, "都道府県コード": 43, "市区町村コード": 104, "所在地": "熊本県熊本市南区幸田２ー７ー３０", "緯度": 32.765354, "経度": 130.712534, "url": "https://www.iryou.teikyouseido.mhlw.go.jp/znk-web/juminkanja/S2430/initialize?prefCd=43&kikanCd=243313262&kikanKbn=2", "url2": null, "内容": "外科眼科何医院【2:診療所】【診療科目:外科_眼科_歯科_歯科口腔外科_小児歯科】熊本県熊本市南区幸田２ー７ー３０" }, "geometry": { "type": "Point", "coordinates": [ 130.712534, 32.765354 ] } },
{ "type": "Feature", "properties": { "ID": 432243313291, "正式名称": "広重クリニック", "機関区分": 2, "都道府県コード": 43, "市区町村コード": 102, "所在地": "熊本県熊本市東区新外２ー５ー１５", "緯度": 32.801149, "経度": 130.769121, "url": "https://www.iryou.teikyouseido.mhlw.go.jp/znk-web/juminkanja/S2430/initialize?prefCd=43&kikanCd=243313291&kikanKbn=2", "url2": "http://www.hiroshige-ent.jp/", "内容": "広重クリニック【2:診療所】【診療科目:内科_呼吸器内科_耳鼻いんこう科_アレルギー科】熊本県熊本市東区新外２ー５ー１５" }, "geometry": { "type": "Point", "coordinates": [ 130.769121, 32.801149 ] } },
{ "type": "Feature", "properties": { "ID": 432243313347, "正式名称": "熊本皮ふ科形成外科", "機関区分": 2, "都道府県コード": 43, "市区町村コード": 101, "所在地": "熊本県熊本市中央区帯山３ー３７ー１５", "緯度": 32.797682, "経度": 130.748558, "url": "https://www.iryou.teikyouseido.mhlw.go.jp/znk-web/juminkanja/S2430/initialize?prefCd=43&kikanCd=243313347&kikanKbn=2", "url2": null, "内容": "熊本皮ふ科形成外科【2:診療所】【診療科目:形成外科_皮膚科】熊本県熊本市中央区帯山３ー３７ー１５" }, "geometry": { "type": "Point", "coordinates": [ 130.748558, 32.797682 ] } },
{ "type": "Feature", "properties": { "ID": 432243313419, "正式名称": "くまの森クリニック", "機関区分": 2, "都道府県コード": 43, "市区町村コード": 101, "所在地": "熊本県熊本市中央区草葉町２ー３１", "緯度": 32.80565, "経度": 130.713154, "url": "https://www.iryou.teikyouseido.mhlw.go.jp/znk-web/juminkanja/S2430/initialize?prefCd=43&kikanCd=243313419&kikanKbn=2", "url2": null, "内容": "くまの森クリニック【2:診療所】【診療科目:内科_呼吸器内科_外科】熊本県熊本市中央区草葉町２ー３１" }, "geometry": { "type": "Point", "coordinates": [ 130.713154, 32.80565 ] } },
{ "type": "Feature", "properties": { "ID": 432243313435, "正式名称": "前田内科医院", "機関区分": 2, "都道府県コード": 43, "市区町村コード": 101, "所在地": "熊本県熊本市中央区上水前寺１ー１ー２６", "緯度": 32.796807, "経度": 130.743872, "url": "https://www.iryou.teikyouseido.mhlw.go.jp/znk-web/juminkanja/S2430/initialize?prefCd=43&kikanCd=243313435&kikanKbn=2", "url2": null, "内容": "前田内科医院【2:診療所】【診療科目:内科_リハビリテーション科_放射線科_神経科、胃腸科】熊本県熊本市中央区上水前寺１ー１ー２６" }, "geometry": { "type": "Point", "coordinates": [ 130.743872, 32.796807 ] } },
{ "type": "Feature", "properties": { "ID": 432243313549, "正式名称": "たかむら耳鼻咽喉科", "機関区分": 2, "都道府県コード": 43, "市区町村コード": 102, "所在地": "熊本県熊本市東区保田窪５ー１０ー２６", "緯度": 32.812969, "経度": 130.756839, "url": "https://www.iryou.teikyouseido.mhlw.go.jp/znk-web/juminkanja/S2430/initialize?prefCd=43&kikanCd=243313549&kikanKbn=2", "url2": "http://www.takamura-clinic.jp/", "内容": "たかむら耳鼻咽喉科【2:診療所】【診療科目:耳鼻いんこう科】熊本県熊本市東区保田窪５ー１０ー２６" }, "geometry": { "type": "Point", "coordinates": [ 130.756839, 32.812969 ] } },
{ "type": "Feature", "properties": { "ID": 432243313581, "正式名称": "あわい眼科医院", "機関区分": 2, "都道府県コード": 43, "市区町村コード": 102, "所在地": "熊本県熊本市東区八反田１ー９ー２", "緯度": 32.816214, "経度": 130.758619, "url": "https://www.iryou.teikyouseido.mhlw.go.jp/znk-web/juminkanja/S2430/initialize?prefCd=43&kikanCd=243313581&kikanKbn=2", "url2": "www.awaiganka.com", "内容": "あわい眼科医院【2:診療所】【診療科目:眼科】熊本県熊本市東区八反田１ー９ー２" }, "geometry": { "type": "Point", "coordinates": [ 130.758619, 32.816214 ] } },
{ "type": "Feature", "properties": { "ID": 432243313695, "正式名称": "越山眼科医院", "機関区分": 2, "都道府県コード": 43, "市区町村コード": 102, "所在地": "熊本県熊本市東区錦ケ丘３２ー２５", "緯度": 32.788499, "経度": 130.757977, "url": "https://www.iryou.teikyouseido.mhlw.go.jp/znk-web/juminkanja/S2430/initialize?prefCd=43&kikanCd=243313695&kikanKbn=2", "url2": "https://koshiyam.health-life.net/", "内容": "越山眼科医院【2:診療所】【診療科目:眼科】熊本県熊本市東区錦ケ丘３２ー２５" }, "geometry": { "type": "Point", "coordinates": [ 130.757977, 32.788499 ] } },
{ "type": "Feature", "properties": { "ID": 432243313738, "正式名称": "小山眼科クリニック", "機関区分": 2, "都道府県コード": 43, "市区町村コード": 101, "所在地": "熊本県熊本市中央区安政町１ー２３金井ビル３Ｆ", "緯度": 32.801956, "経度": 130.709183, "url": "https://www.iryou.teikyouseido.mhlw.go.jp/znk-web/juminkanja/S2430/initialize?prefCd=43&kikanCd=243313738&kikanKbn=2", "url2": null, "内容": "小山眼科クリニック【2:診療所】【診療科目:眼科】熊本県熊本市中央区安政町１ー２３金井ビル３Ｆ" }, "geometry": { "type": "Point", "coordinates": [ 130.709183, 32.801956 ] } },
{ "type": "Feature", "properties": { "ID": 432243313767, "正式名称": "古賀クリニック", "機関区分": 2, "都道府県コード": 43, "市区町村コード": 101, "所在地": "熊本県熊本市中央区本山４ー１ー４３", "緯度": 32.79066, "経度": 130.700478, "url": "https://www.iryou.teikyouseido.mhlw.go.jp/znk-web/juminkanja/S2430/initialize?prefCd=43&kikanCd=243313767&kikanKbn=2", "url2": "https://kogacl.jp/", "内容": "古賀クリニック【2:診療所】【診療科目:内科_精神科_心療内科】熊本県熊本市中央区本山４ー１ー４３" }, "geometry": { "type": "Point", "coordinates": [ 130.700478, 32.79066 ] } },
{ "type": "Feature", "properties": { "ID": 432243313770, "正式名称": "蛇島肛門科外科", "機関区分": 2, "都道府県コード": 43, "市区町村コード": 101, "所在地": "熊本県熊本市中央区出水１ー６ー１３", "緯度": 32.78893, "経度": 130.733454, "url": "https://www.iryou.teikyouseido.mhlw.go.jp/znk-web/juminkanja/S2430/initialize?prefCd=43&kikanCd=243313770&kikanKbn=2", "url2": null, "内容": "蛇島肛門科外科【2:診療所】【診療科目:消化器内科_外科_肛門外科_泌尿器科】熊本県熊本市中央区出水１ー６ー１３" }, "geometry": { "type": "Point", "coordinates": [ 130.733454, 32.78893 ] } },
{ "type": "Feature", "properties": { "ID": 432243313783, "正式名称": "福永耳鼻咽喉科医院", "機関区分": 2, "都道府県コード": 43, "市区町村コード": 101, "所在地": "熊本県熊本市中央区新屋敷１ー２１ー７", "緯度": 32.803448, "経度": 130.720137, "url": "https://www.iryou.teikyouseido.mhlw.go.jp/znk-web/juminkanja/S2430/initialize?prefCd=43&kikanCd=243313783&kikanKbn=2", "url2": null, "内容": "福永耳鼻咽喉科医院【2:診療所】【診療科目:気管食道・耳鼻いんこう科_アレルギー科】熊本県熊本市中央区新屋敷１ー２１ー７" }, "geometry": { "type": "Point", "coordinates": [ 130.720137, 32.803448 ] } },
{ "type": "Feature", "properties": { "ID": 432243313800, "正式名称": "花立クリニック", "機関区分": 2, "都道府県コード": 43, "市区町村コード": 102, "所在地": "熊本県熊本市東区花立５丁目１？３６", "緯度": 32.787459, "経度": 130.77223, "url": "https://www.iryou.teikyouseido.mhlw.go.jp/znk-web/juminkanja/S2430/initialize?prefCd=43&kikanCd=243313800&kikanKbn=2", "url2": null, "内容": "花立クリニック【2:診療所】【診療科目:内科_糖尿病・代謝内科_代謝・内分泌内科】熊本県熊本市東区花立５丁目１？３６" }, "geometry": { "type": "Point", "coordinates": [ 130.77223, 32.787459 ] } },
{ "type": "Feature", "properties": { "ID": 432243313813, "正式名称": "戸島中央クリニック", "機関区分": 2, "都道府県コード": 43, "市区町村コード": 102, "所在地": "熊本県熊本市東区戸島西１ー２７ー２６", "緯度": 32.812103, "経度": 130.785959, "url": "https://www.iryou.teikyouseido.mhlw.go.jp/znk-web/juminkanja/S2430/initialize?prefCd=43&kikanCd=243313813&kikanKbn=2", "url2": null, "内容": "戸島中央クリニック【2:診療所】【診療科目:内科_呼吸器内科_循環器内科_胃腸内科_小児科_リハビリテーション科】熊本県熊本市東区戸島西１ー２７ー２６" }, "geometry": { "type": "Point", "coordinates": [ 130.785959, 32.812103 ] } },
{ "type": "Feature", "properties": { "ID": 432243313871, "正式名称": "清田循環器科内科医院", "機関区分": 2, "都道府県コード": 43, "市区町村コード": 102, "所在地": "熊本県熊本市東区沼山津３ー６ー３", "緯度": 32.777539, "経度": 130.778446, "url": "https://www.iryou.teikyouseido.mhlw.go.jp/znk-web/juminkanja/S2430/initialize?prefCd=43&kikanCd=243313871&kikanKbn=2", "url2": null, "内容": "清田循環器科内科医院【2:診療所】【診療科目:内科_循環器内科】熊本県熊本市東区沼山津３ー６ー３" }, "geometry": { "type": "Point", "coordinates": [ 130.778446, 32.777539 ] } },
{ "type": "Feature", "properties": { "ID": 432243313897, "正式名称": "宮脇クリニック", "機関区分": 2, "都道府県コード": 43, "市区町村コード": 101, "所在地": "熊本県熊本市中央区出水５ー１１ー２４－１号", "緯度": 32.780458, "経度": 130.729618, "url": "https://www.iryou.teikyouseido.mhlw.go.jp/znk-web/juminkanja/S2430/initialize?prefCd=43&kikanCd=243313897&kikanKbn=2", "url2": null, "内容": "宮脇クリニック【2:診療所】【診療科目:内科_皮膚科_放射線科】熊本県熊本市中央区出水５ー１１ー２４－１号" }, "geometry": { "type": "Point", "coordinates": [ 130.729618, 32.780458 ] } },
{ "type": "Feature", "properties": { "ID": 432243313927, "正式名称": "医療法人社団理志会中川クリニック", "機関区分": 2, "都道府県コード": 43, "市区町村コード": 101, "所在地": "熊本県熊本市中央区安政町３ー４ＮＴビル２階", "緯度": 32.801492, "経度": 130.711794, "url": "https://www.iryou.teikyouseido.mhlw.go.jp/znk-web/juminkanja/S2430/initialize?prefCd=43&kikanCd=243313927&kikanKbn=2", "url2": "https://nakagawaclinic.jp", "内容": "医療法人社団理志会中川クリニック【2:診療所】【診療科目:内科_外科_整形外科_リハビリテーション科】熊本県熊本市中央区安政町３ー４ＮＴビル２階" }, "geometry": { "type": "Point", "coordinates": [ 130.711794, 32.801492 ] } },
{ "type": "Feature", "properties": { "ID": 432243313969, "正式名称": "もとむら小児クリニック", "機関区分": 2, "都道府県コード": 43, "市区町村コード": 102, "所在地": "熊本県熊本市東区新外４ー６ー８", "緯度": 32.800493, "経度": 130.768466, "url": "https://www.iryou.teikyouseido.mhlw.go.jp/znk-web/juminkanja/S2430/initialize?prefCd=43&kikanCd=243313969&kikanKbn=2", "url2": "http://itelman.net/clinic/motomura/", "内容": "もとむら小児クリニック【2:診療所】【診療科目:内科_呼吸器内科_循環器内科_小児科_アレルギー科】熊本県熊本市東区新外４ー６ー８" }, "geometry": { "type": "Point", "coordinates": [ 130.768466, 32.800493 ] } },
{ "type": "Feature", "properties": { "ID": 432243314009, "正式名称": "石川整形外科リウマチ科", "機関区分": 2, "都道府県コード": 43, "市区町村コード": 104, "所在地": "熊本県熊本市南区田井島２ー３ー４７", "緯度": 32.766168, "経度": 130.720088, "url": "https://www.iryou.teikyouseido.mhlw.go.jp/znk-web/juminkanja/S2430/initialize?prefCd=43&kikanCd=243314009&kikanKbn=2", "url2": null, "内容": "石川整形外科リウマチ科【2:診療所】【診療科目:整形外科_リウマチ科_リハビリテーション科】熊本県熊本市南区田井島２ー３ー４７" }, "geometry": { "type": "Point", "coordinates": [ 130.720088, 32.766168 ] } },
{ "type": "Feature", "properties": { "ID": 432243314041, "正式名称": "村上クリニック", "機関区分": 2, "都道府県コード": 43, "市区町村コード": 101, "所在地": "熊本県熊本市中央区迎町１ー１ー１３", "緯度": 32.792517, "経度": 130.702471, "url": "https://www.iryou.teikyouseido.mhlw.go.jp/znk-web/juminkanja/S2430/initialize?prefCd=43&kikanCd=243314041&kikanKbn=2", "url2": "murakami-clinic.info", "内容": "村上クリニック【2:診療所】【診療科目:内科_小児科】熊本県熊本市中央区迎町１ー１ー１３" }, "geometry": { "type": "Point", "coordinates": [ 130.702471, 32.792517 ] } },
{ "type": "Feature", "properties": { "ID": 432243314054, "正式名称": "きたの胃腸科内科クリニック", "機関区分": 2, "都道府県コード": 43, "市区町村コード": 102, "所在地": "熊本県熊本市東区東本町１ー４３", "緯度": 32.778395, "経度": 130.763041, "url": "https://www.iryou.teikyouseido.mhlw.go.jp/znk-web/juminkanja/S2430/initialize?prefCd=43&kikanCd=243314054&kikanKbn=2", "url2": "kitano-clinic.main.jp", "内容": "きたの胃腸科内科クリニック【2:診療所】【診療科目:内科_消化器内科】熊本県熊本市東区東本町１ー４３" }, "geometry": { "type": "Point", "coordinates": [ 130.763041, 32.778395 ] } },
{ "type": "Feature", "properties": { "ID": 432243314067, "正式名称": "健軍クリニック", "機関区分": 2, "都道府県コード": 43, "市区町村コード": 102, "所在地": "熊本県熊本市東区新生２ー２ー２", "緯度": 32.778884, "経度": 130.758228, "url": "https://www.iryou.teikyouseido.mhlw.go.jp/znk-web/juminkanja/S2430/initialize?prefCd=43&kikanCd=243314067&kikanKbn=2", "url2": null, "内容": "健軍クリニック【2:診療所】【診療科目:人工透析内科_泌尿器科】熊本県熊本市東区新生２ー２ー２" }, "geometry": { "type": "Point", "coordinates": [ 130.758228, 32.778884 ] } },
{ "type": "Feature", "properties": { "ID": 432243314070, "正式名称": "医療法人　坂本内科循環器科医院", "機関区分": 2, "都道府県コード": 43, "市区町村コード": 102, "所在地": "熊本県熊本市東区江津２ー２６ー２０", "緯度": 32.774462, "経度": 130.734754, "url": "https://www.iryou.teikyouseido.mhlw.go.jp/znk-web/juminkanja/S2430/initialize?prefCd=43&kikanCd=243314070&kikanKbn=2", "url2": "https//www.sakamoto-naika-iin.com/", "内容": "医療法人　坂本内科循環器科医院【2:診療所】【診療科目:内科_糖尿病・代謝内科_循環器内科_皮膚科】熊本県熊本市東区江津２ー２６ー２０" }, "geometry": { "type": "Point", "coordinates": [ 130.734754, 32.774462 ] } },
{ "type": "Feature", "properties": { "ID": 432243314113, "正式名称": "北海道札幌市西区八軒１条西１丁目ザ・タワープレイス２階", "機関区分": 2, "都道府県コード": 43, "市区町村コード": 102, "所在地": "熊本県熊本市東区秋津町秋田３４４１ー２０", "緯度": 32.761649, "経度": 130.76623, "url": "https://www.iryou.teikyouseido.mhlw.go.jp/znk-web/juminkanja/S2430/initialize?prefCd=43&kikanCd=243314113&kikanKbn=2", "url2": "http://www.akitsu-lt-clinic.com/", "内容": "北海道札幌市西区八軒１条西１丁目ザ・タワープレイス２階【2:診療所】【診療科目:内科_小児科_神経科】熊本県熊本市東区秋津町秋田３４４１ー２０" }, "geometry": { "type": "Point", "coordinates": [ 130.76623, 32.761649 ] } },
{ "type": "Feature", "properties": { "ID": 432243314139, "正式名称": "とくべ内科クリニック", "機関区分": 2, "都道府県コード": 43, "市区町村コード": 102, "所在地": "熊本県熊本市東区長嶺東８ー１ー４７", "緯度": 32.828829, "経度": 130.781142, "url": "https://www.iryou.teikyouseido.mhlw.go.jp/znk-web/juminkanja/S2430/initialize?prefCd=43&kikanCd=243314139&kikanKbn=2", "url2": null, "内容": "とくべ内科クリニック【2:診療所】【診療科目:内科_呼吸器内科_循環器内科_消化器内科_小児科】熊本県熊本市東区長嶺東８ー１ー４７" }, "geometry": { "type": "Point", "coordinates": [ 130.781142, 32.828829 ] } },
{ "type": "Feature", "properties": { "ID": 432243314171, "正式名称": "そのだ脳神経外科消化器内科", "機関区分": 2, "都道府県コード": 43, "市区町村コード": 102, "所在地": "熊本県熊本市東区画図町所島１３５ー１", "緯度": 32.771615, "経度": 130.732065, "url": "https://www.iryou.teikyouseido.mhlw.go.jp/znk-web/juminkanja/S2430/initialize?prefCd=43&kikanCd=243314171&kikanKbn=2", "url2": "http://www.sonoda-clinic.com", "内容": "そのだ脳神経外科消化器内科【2:診療所】【診療科目:内科_消化器内科_脳神経外科】熊本県熊本市東区画図町所島１３５ー１" }, "geometry": { "type": "Point", "coordinates": [ 130.732065, 32.771615 ] } },
{ "type": "Feature", "properties": { "ID": 432243314184, "正式名称": "小沢医院", "機関区分": 2, "都道府県コード": 43, "市区町村コード": 101, "所在地": "熊本県熊本市中央区南熊本４ー３ー２０", "緯度": 32.789604, "経度": 130.709652, "url": "https://www.iryou.teikyouseido.mhlw.go.jp/znk-web/juminkanja/S2430/initialize?prefCd=43&kikanCd=243314184&kikanKbn=2", "url2": null, "内容": "小沢医院【2:診療所】【診療科目:内科_外科_放射線科_麻酔科_消化器科（改行）循環器科】熊本県熊本市中央区南熊本４ー３ー２０" }, "geometry": { "type": "Point", "coordinates": [ 130.709652, 32.789604 ] } },
{ "type": "Feature", "properties": { "ID": 432243314214, "正式名称": "佐田クリニック", "機関区分": 2, "都道府県コード": 43, "市区町村コード": 101, "所在地": "熊本県熊本市中央区渡鹿４ー１０ー７", "緯度": 32.809534, "経度": 130.734445, "url": "https://www.iryou.teikyouseido.mhlw.go.jp/znk-web/juminkanja/S2430/initialize?prefCd=43&kikanCd=243314214&kikanKbn=2", "url2": "https://sada-clinic.com/", "内容": "佐田クリニック【2:診療所】【診療科目:内科_糖尿病内科_代謝・内分泌内科_漢方内科】熊本県熊本市中央区渡鹿４ー１０ー７" }, "geometry": { "type": "Point", "coordinates": [ 130.734445, 32.809534 ] } },
{ "type": "Feature", "properties": { "ID": 432243314269, "正式名称": "ヤマサキ胃腸科クリニック", "機関区分": 2, "都道府県コード": 43, "市区町村コード": 104, "所在地": "熊本県熊本市南区馬渡２ー１２ー２１", "緯度": 32.773192, "経度": 130.708, "url": "https://www.iryou.teikyouseido.mhlw.go.jp/znk-web/juminkanja/S2430/initialize?prefCd=43&kikanCd=243314269&kikanKbn=2", "url2": "http://www.yamasaki-ichouka.com/", "内容": "ヤマサキ胃腸科クリニック【2:診療所】【診療科目:内科_消化器内科_内視鏡内科】熊本県熊本市南区馬渡２ー１２ー２１" }, "geometry": { "type": "Point", "coordinates": [ 130.708, 32.773192 ] } },
{ "type": "Feature", "properties": { "ID": 432243314272, "正式名称": "冬田循環器科内科医院", "機関区分": 2, "都道府県コード": 43, "市区町村コード": 102, "所在地": "熊本県熊本市東区長嶺東２ー１ー１０", "緯度": 32.815646, "経度": 130.772141, "url": "https://www.iryou.teikyouseido.mhlw.go.jp/znk-web/juminkanja/S2430/initialize?prefCd=43&kikanCd=243314272&kikanKbn=2", "url2": null, "内容": "冬田循環器科内科医院【2:診療所】【診療科目:内科_麻酔科_循環器科「】熊本県熊本市東区長嶺東２ー１ー１０" }, "geometry": { "type": "Point", "coordinates": [ 130.772141, 32.815646 ] } },
{ "type": "Feature", "properties": { "ID": 432243314302, "正式名称": "医療法人社団　林田クリニック", "機関区分": 2, "都道府県コード": 43, "市区町村コード": 101, "所在地": "熊本県熊本市中央区萩原町３ー２１", "緯度": 32.782478, "経度": 130.709989, "url": "https://www.iryou.teikyouseido.mhlw.go.jp/znk-web/juminkanja/S2430/initialize?prefCd=43&kikanCd=243314302&kikanKbn=2", "url2": "http://hayashida-clinic.com/", "内容": "医療法人社団　林田クリニック【2:診療所】【診療科目:内科_胃腸内科_ペインクリニック内科】熊本県熊本市中央区萩原町３ー２１" }, "geometry": { "type": "Point", "coordinates": [ 130.709989, 32.782478 ] } },
{ "type": "Feature", "properties": { "ID": 432243314399, "正式名称": "くわみず病院附属平和クリニック", "機関区分": 2, "都道府県コード": 43, "市区町村コード": 101, "所在地": "熊本県熊本市中央区本荘２ー１５ー１８", "緯度": 32.791801, "経度": 130.713041, "url": "https://www.iryou.teikyouseido.mhlw.go.jp/znk-web/juminkanja/S2430/initialize?prefCd=43&kikanCd=243314399&kikanKbn=2", "url2": "http://www.heiwa-clinic.jp", "内容": "くわみず病院附属平和クリニック【2:診療所】【診療科目:内科_リハビリテーション科_放射線科】熊本県熊本市中央区本荘２ー１５ー１８" }, "geometry": { "type": "Point", "coordinates": [ 130.713041, 32.791801 ] } },
{ "type": "Feature", "properties": { "ID": 432243314429, "正式名称": "みとま神経内科クリニック", "機関区分": 2, "都道府県コード": 43, "市区町村コード": 101, "所在地": "熊本県熊本市中央区新大江２ー５ー１２", "緯度": 32.801529, "経度": 130.73142, "url": "https://www.iryou.teikyouseido.mhlw.go.jp/znk-web/juminkanja/S2430/initialize?prefCd=43&kikanCd=243314429&kikanKbn=2", "url2": null, "内容": "みとま神経内科クリニック【2:診療所】【診療科目:内科_神経内科_精神科_心療内科】熊本県熊本市中央区新大江２ー５ー１２" }, "geometry": { "type": "Point", "coordinates": [ 130.73142, 32.801529 ] } },
{ "type": "Feature", "properties": { "ID": 432243314461, "正式名称": "福光内科循環器科", "機関区分": 2, "都道府県コード": 43, "市区町村コード": 101, "所在地": "熊本県熊本市中央区新大江２ー２３ー２２", "緯度": 32.802489, "経度": 130.734791, "url": "https://www.iryou.teikyouseido.mhlw.go.jp/znk-web/juminkanja/S2430/initialize?prefCd=43&kikanCd=243314461&kikanKbn=2", "url2": null, "内容": "福光内科循環器科【2:診療所】【診療科目:内科_循環器内科_リハビリテーション科】熊本県熊本市中央区新大江２ー２３ー２２" }, "geometry": { "type": "Point", "coordinates": [ 130.734791, 32.802489 ] } },
{ "type": "Feature", "properties": { "ID": 432243314474, "正式名称": "ぺえ小児科内科医院", "機関区分": 2, "都道府県コード": 43, "市区町村コード": 104, "所在地": "熊本県熊本市南区八分字町８９ー１", "緯度": 32.763207, "経度": 130.664767, "url": "https://www.iryou.teikyouseido.mhlw.go.jp/znk-web/juminkanja/S2430/initialize?prefCd=43&kikanCd=243314474&kikanKbn=2", "url2": "http://www.myclinic.ne.jp/pae/pc/index.html", "内容": "ぺえ小児科内科医院【2:診療所】【診療科目:小児科】熊本県熊本市南区八分字町８９ー１" }, "geometry": { "type": "Point", "coordinates": [ 130.664767, 32.763207 ] } },
{ "type": "Feature", "properties": { "ID": 432243314490, "正式名称": "六反田内科・循環器科", "機関区分": 2, "都道府県コード": 43, "市区町村コード": 104, "所在地": "熊本県熊本市南区島町４ー１４ー３０", "緯度": 32.763506, "経度": 130.677153, "url": "https://www.iryou.teikyouseido.mhlw.go.jp/znk-web/juminkanja/S2430/initialize?prefCd=43&kikanCd=243314490&kikanKbn=2", "url2": null, "内容": "六反田内科・循環器科【2:診療所】【診療科目:内科_リハビリテーション科_消化器科（改行）循環器科】熊本県熊本市南区島町４ー１４ー３０" }, "geometry": { "type": "Point", "coordinates": [ 130.677153, 32.763506 ] } },
{ "type": "Feature", "properties": { "ID": 432243314559, "正式名称": "桑原クリニック", "機関区分": 2, "都道府県コード": 43, "市区町村コード": 101, "所在地": "熊本県熊本市中央区南熊本２ー１１ー２７", "緯度": 32.788474, "経度": 130.71195, "url": "https://www.iryou.teikyouseido.mhlw.go.jp/znk-web/juminkanja/S2430/initialize?prefCd=43&kikanCd=243314559&kikanKbn=2", "url2": "http://kuwahara-clinic.jp/", "内容": "桑原クリニック【2:診療所】【診療科目:内科_循環器内科_腎臓内科_人工透析内科】熊本県熊本市中央区南熊本２ー１１ー２７" }, "geometry": { "type": "Point", "coordinates": [ 130.71195, 32.788474 ] } },
{ "type": "Feature", "properties": { "ID": 432243314575, "正式名称": "医療法人社団誠寛会魚返クリニック", "機関区分": 2, "都道府県コード": 43, "市区町村コード": 102, "所在地": "熊本県熊本市東区三郎２丁目１番１７号", "緯度": 32.797626, "経度": 130.758564, "url": "https://www.iryou.teikyouseido.mhlw.go.jp/znk-web/juminkanja/S2430/initialize?prefCd=43&kikanCd=243314575&kikanKbn=2", "url2": "https://seikankai.jp/ugaeri-clinic/", "内容": "医療法人社団誠寛会魚返クリニック【2:診療所】【診療科目:内科_胃腸内科_外科_肛門科】熊本県熊本市東区三郎２丁目１番１７号" }, "geometry": { "type": "Point", "coordinates": [ 130.758564, 32.797626 ] } },
{ "type": "Feature", "properties": { "ID": 432243314588, "正式名称": "成田クリニック", "機関区分": 2, "都道府県コード": 43, "市区町村コード": 102, "所在地": "熊本県熊本市東区江津１ー１ー１", "緯度": 32.783261, "経度": 130.733704, "url": "https://www.iryou.teikyouseido.mhlw.go.jp/znk-web/juminkanja/S2430/initialize?prefCd=43&kikanCd=243314588&kikanKbn=2", "url2": "https://naritaclinic.com", "内容": "成田クリニック【2:診療所】【診療科目:内科_消化器内科_胃腸内科_肝臓内科_漢方内科_内視鏡内科_ペインクリニック内科_外科_リハビリテーション科_胃腸科（改行）こう門科】熊本県熊本市東区江津１ー１ー１" }, "geometry": { "type": "Point", "coordinates": [ 130.733704, 32.783261 ] } },
{ "type": "Feature", "properties": { "ID": 432243314591, "正式名称": "さかぐち女性のクリニック", "機関区分": 2, "都道府県コード": 43, "市区町村コード": 101, "所在地": "熊本県熊本市中央区帯山３ー１５ー１０", "緯度": 32.799843, "経度": 130.750119, "url": "https://www.iryou.teikyouseido.mhlw.go.jp/znk-web/juminkanja/S2430/initialize?prefCd=43&kikanCd=243314591&kikanKbn=2", "url2": "https://sakaguchi-wclinic.com", "内容": "さかぐち女性のクリニック【2:診療所】【診療科目:内科_産婦人科】熊本県熊本市中央区帯山３ー１５ー１０" }, "geometry": { "type": "Point", "coordinates": [ 130.750119, 32.799843 ] } },
{ "type": "Feature", "properties": { "ID": 432243314605, "正式名称": "白山あらき胃腸科肛門科内科", "機関区分": 2, "都道府県コード": 43, "市区町村コード": 101, "所在地": "熊本県熊本市中央区菅原町７ー１２", "緯度": 32.790677, "経度": 130.718966, "url": "https://www.iryou.teikyouseido.mhlw.go.jp/znk-web/juminkanja/S2430/initialize?prefCd=43&kikanCd=243314605&kikanKbn=2", "url2": null, "内容": "白山あらき胃腸科肛門科内科【2:診療所】【診療科目:内科_消化器内科_胃腸内科_外科_肛門外科_小児科】熊本県熊本市中央区菅原町７ー１２" }, "geometry": { "type": "Point", "coordinates": [ 130.718966, 32.790677 ] } },
{ "type": "Feature", "properties": { "ID": 432243314618, "正式名称": "後藤内科クリニック", "機関区分": 2, "都道府県コード": 43, "市区町村コード": 104, "所在地": "熊本県熊本市南区御幸笛田４ー１４ー２３", "緯度": 32.762035, "経度": 130.718422, "url": "https://www.iryou.teikyouseido.mhlw.go.jp/znk-web/juminkanja/S2430/initialize?prefCd=43&kikanCd=243314618&kikanKbn=2", "url2": null, "内容": "後藤内科クリニック【2:診療所】【診療科目:内科_神経内科_呼吸器科（改行）消化器科（改行）循環器科】熊本県熊本市南区御幸笛田４ー１４ー２３" }, "geometry": { "type": "Point", "coordinates": [ 130.718422, 32.762035 ] } },
{ "type": "Feature", "properties": { "ID": 432243314634, "正式名称": "構医関節機能クリニック", "機関区分": 2, "都道府県コード": 43, "市区町村コード": 101, "所在地": "熊本県熊本市中央区国府１ー１ー９", "緯度": 32.79329, "経度": 130.726096, "url": "https://www.iryou.teikyouseido.mhlw.go.jp/znk-web/juminkanja/S2430/initialize?prefCd=43&kikanCd=243314634&kikanKbn=2", "url2": "https://koui-clinic.com/", "内容": "構医関節機能クリニック【2:診療所】【診療科目:内科_整形外科_リハビリテーション科_麻酔科】熊本県熊本市中央区国府１ー１ー９" }, "geometry": { "type": "Point", "coordinates": [ 130.726096, 32.79329 ] } },
{ "type": "Feature", "properties": { "ID": 432243314647, "正式名称": "前野胃腸科クリニック", "機関区分": 2, "都道府県コード": 43, "市区町村コード": 104, "所在地": "熊本県熊本市南区平成２ー７ー２１", "緯度": 32.778602, "経度": 130.702353, "url": "https://www.iryou.teikyouseido.mhlw.go.jp/znk-web/juminkanja/S2430/initialize?prefCd=43&kikanCd=243314647&kikanKbn=2", "url2": null, "内容": "前野胃腸科クリニック【2:診療所】【診療科目:内科_消化器内科_外科_大腸・肛門外科】熊本県熊本市南区平成２ー７ー２１" }, "geometry": { "type": "Point", "coordinates": [ 130.702353, 32.778602 ] } },
{ "type": "Feature", "properties": { "ID": 432243314676, "正式名称": "かまた眼科クリニック", "機関区分": 2, "都道府県コード": 43, "市区町村コード": 102, "所在地": "熊本県熊本市東区長嶺南２ー４ー１１", "緯度": 32.810475, "経度": 130.769879, "url": "https://www.iryou.teikyouseido.mhlw.go.jp/znk-web/juminkanja/S2430/initialize?prefCd=43&kikanCd=243314676&kikanKbn=2", "url2": null, "内容": "かまた眼科クリニック【2:診療所】【診療科目:眼科】熊本県熊本市東区長嶺南２ー４ー１１" }, "geometry": { "type": "Point", "coordinates": [ 130.769879, 32.810475 ] } },
{ "type": "Feature", "properties": { "ID": 432243314706, "正式名称": "あらき循環器内科", "機関区分": 2, "都道府県コード": 43, "市区町村コード": 101, "所在地": "熊本県熊本市中央区西子飼町７ー６", "緯度": 32.812439, "経度": 130.717843, "url": "https://www.iryou.teikyouseido.mhlw.go.jp/znk-web/juminkanja/S2430/initialize?prefCd=43&kikanCd=243314706&kikanKbn=2", "url2": null, "内容": "あらき循環器内科【2:診療所】【診療科目:内科_循環器内科】熊本県熊本市中央区西子飼町７ー６" }, "geometry": { "type": "Point", "coordinates": [ 130.717843, 32.812439 ] } },
{ "type": "Feature", "properties": { "ID": 432243314751, "正式名称": "三浦内科クリニック", "機関区分": 2, "都道府県コード": 43, "市区町村コード": 101, "所在地": "熊本県熊本市中央区中央街１ー２７", "緯度": 32.800864, "経度": 130.709908, "url": "https://www.iryou.teikyouseido.mhlw.go.jp/znk-web/juminkanja/S2430/initialize?prefCd=43&kikanCd=243314751&kikanKbn=2", "url2": null, "内容": "三浦内科クリニック【2:診療所】【診療科目:内科】熊本県熊本市中央区中央街１ー２７" }, "geometry": { "type": "Point", "coordinates": [ 130.709908, 32.800864 ] } },
{ "type": "Feature", "properties": { "ID": 432243314852, "正式名称": "上野クリニック", "機関区分": 2, "都道府県コード": 43, "市区町村コード": 101, "所在地": "熊本県熊本市中央区本荘町６７１ー１", "緯度": 32.786438, "経度": 130.701776, "url": "https://www.iryou.teikyouseido.mhlw.go.jp/znk-web/juminkanja/S2430/initialize?prefCd=43&kikanCd=243314852&kikanKbn=2", "url2": null, "内容": "上野クリニック【2:診療所】【診療科目:内科_消化器内科_外科_消化器外科_肛門外科_リハビリテーション科_放射線科】熊本県熊本市中央区本荘町６７１ー１" }, "geometry": { "type": "Point", "coordinates": [ 130.701776, 32.786438 ] } },
{ "type": "Feature", "properties": { "ID": 432243314865, "正式名称": "町野胃腸科外科", "機関区分": 2, "都道府県コード": 43, "市区町村コード": 102, "所在地": "熊本県熊本市東区東野２－４－６", "緯度": 32.777506, "経度": 130.771296, "url": "https://www.iryou.teikyouseido.mhlw.go.jp/znk-web/juminkanja/S2430/initialize?prefCd=43&kikanCd=243314865&kikanKbn=2", "url2": "https://itp.ne.jp/zenkoku/kumamoto/kumamotoshi-higashiku/higashino/iryo-kaigo/iryo/ichoshokakika/ichougeka/435241730500000899", "内容": "町野胃腸科外科【2:診療所】【診療科目:内科_消化器内科_外科_整形外科_胃腸科（改行）こう門科】熊本県熊本市東区東野２－４－６" }, "geometry": { "type": "Point", "coordinates": [ 130.771296, 32.777506 ] } },
{ "type": "Feature", "properties": { "ID": 432243314878, "正式名称": "ひかり眼科クリニック", "機関区分": 2, "都道府県コード": 43, "市区町村コード": 104, "所在地": "熊本県熊本市南区南高江７ー７ー３０", "緯度": 32.745459, "経度": 130.690237, "url": "https://www.iryou.teikyouseido.mhlw.go.jp/znk-web/juminkanja/S2430/initialize?prefCd=43&kikanCd=243314878&kikanKbn=2", "url2": "http://www.hikariganka.jp/", "内容": "ひかり眼科クリニック【2:診療所】【診療科目:眼科】熊本県熊本市南区南高江７ー７ー３０" }, "geometry": { "type": "Point", "coordinates": [ 130.690237, 32.745459 ] } },
{ "type": "Feature", "properties": { "ID": 432243314908, "正式名称": "はっとり心療クリニック", "機関区分": 2, "都道府県コード": 43, "市区町村コード": 101, "所在地": "熊本県熊本市中央区水前寺１ー２１ー３０メイフェア水前寺２Ｆ", "緯度": 32.792321, "経度": 130.729823, "url": "https://www.iryou.teikyouseido.mhlw.go.jp/znk-web/juminkanja/S2430/initialize?prefCd=43&kikanCd=243314908&kikanKbn=2", "url2": "http://web.clinicn.jp/hattorimc/", "内容": "はっとり心療クリニック【2:診療所】【診療科目:児童精神科_精神科_児童精神科】熊本県熊本市中央区水前寺１ー２１ー３０メイフェア水前寺２Ｆ" }, "geometry": { "type": "Point", "coordinates": [ 130.729823, 32.792321 ] } },
{ "type": "Feature", "properties": { "ID": 432243314911, "正式名称": "はくざんクリニック", "機関区分": 2, "都道府県コード": 43, "市区町村コード": 101, "所在地": "熊本県熊本市中央区菅原町１ー２８", "緯度": 32.79161, "経度": 130.720229, "url": "https://www.iryou.teikyouseido.mhlw.go.jp/znk-web/juminkanja/S2430/initialize?prefCd=43&kikanCd=243314911&kikanKbn=2", "url2": null, "内容": "はくざんクリニック【2:診療所】【診療科目:内科_消化器内科_胃腸内科_漢方内科_内視鏡内科】熊本県熊本市中央区菅原町１ー２８" }, "geometry": { "type": "Point", "coordinates": [ 130.720229, 32.79161 ] } },
{ "type": "Feature", "properties": { "ID": 432243314937, "正式名称": "武藤泌尿器科クリニック", "機関区分": 2, "都道府県コード": 43, "市区町村コード": 102, "所在地": "熊本県熊本市東区東野２ー２ー１", "緯度": 32.777186, "経度": 130.769869, "url": "https://www.iryou.teikyouseido.mhlw.go.jp/znk-web/juminkanja/S2430/initialize?prefCd=43&kikanCd=243314937&kikanKbn=2", "url2": null, "内容": "武藤泌尿器科クリニック【2:診療所】【診療科目:内科_皮膚科_泌尿器科】熊本県熊本市東区東野２ー２ー１" }, "geometry": { "type": "Point", "coordinates": [ 130.769869, 32.777186 ] } },
{ "type": "Feature", "properties": { "ID": 432243314979, "正式名称": "あけぼのクリニック", "機関区分": 2, "都道府県コード": 43, "市区町村コード": 104, "所在地": "熊本県熊本市南区白藤５ー１ー１", "緯度": 32.754446, "経度": 130.674662, "url": "https://www.iryou.teikyouseido.mhlw.go.jp/znk-web/juminkanja/S2430/initialize?prefCd=43&kikanCd=243314979&kikanKbn=2", "url2": "www.matusita-kai.jp", "内容": "あけぼのクリニック【2:診療所】【診療科目:内科_糖尿病・代謝内科_呼吸器内科_循環器内科_消化器内科_腎臓内科_人工透析内科_整形外科_泌尿器科_リウマチ科_リハビリテーション科_麻酔科】熊本県熊本市南区白藤５ー１ー１" }, "geometry": { "type": "Point", "coordinates": [ 130.674662, 32.754446 ] } },
{ "type": "Feature", "properties": { "ID": 432243314982, "正式名称": "宮竹小児科医院", "機関区分": 2, "都道府県コード": 43, "市区町村コード": 102, "所在地": "熊本県熊本市東区沼山津２ー１ー２", "緯度": 32.777445, "経度": 130.776543, "url": "https://www.iryou.teikyouseido.mhlw.go.jp/znk-web/juminkanja/S2430/initialize?prefCd=43&kikanCd=243314982&kikanKbn=2", "url2": null, "内容": "宮竹小児科医院【2:診療所】【診療科目:小児科_アレルギー科】熊本県熊本市東区沼山津２ー１ー２" }, "geometry": { "type": "Point", "coordinates": [ 130.776543, 32.777445 ] } },
{ "type": "Feature", "properties": { "ID": 432243315019, "正式名称": "いずみ整形外科", "機関区分": 2, "都道府県コード": 43, "市区町村コード": 104, "所在地": "熊本県熊本市南区鳶町２ー８ー１１", "緯度": 32.757926, "経度": 130.675565, "url": "https://www.iryou.teikyouseido.mhlw.go.jp/znk-web/juminkanja/S2430/initialize?prefCd=43&kikanCd=243315019&kikanKbn=2", "url2": null, "内容": "いずみ整形外科【2:診療所】【診療科目:整形外科_リウマチ科_リハビリテーション科】熊本県熊本市南区鳶町２ー８ー１１" }, "geometry": { "type": "Point", "coordinates": [ 130.675565, 32.757926 ] } },
{ "type": "Feature", "properties": { "ID": 432243315035, "正式名称": "明芳会診療所", "機関区分": 2, "都道府県コード": 43, "市区町村コード": 102, "所在地": "熊本県熊本市東区長嶺南４ー１２ー６５", "緯度": 32.80858, "経度": 130.776453, "url": "https://www.iryou.teikyouseido.mhlw.go.jp/znk-web/juminkanja/S2430/initialize?prefCd=43&kikanCd=243315035&kikanKbn=2", "url2": null, "内容": "明芳会診療所【2:診療所】【診療科目:内科】熊本県熊本市東区長嶺南４ー１２ー６５" }, "geometry": { "type": "Point", "coordinates": [ 130.776453, 32.80858 ] } },
{ "type": "Feature", "properties": { "ID": 432243315064, "正式名称": "小島眼科", "機関区分": 2, "都道府県コード": 43, "市区町村コード": 101, "所在地": "熊本県熊本市中央区坪井４ー５ー２１", "緯度": 32.812925, "経度": 130.715585, "url": "https://www.iryou.teikyouseido.mhlw.go.jp/znk-web/juminkanja/S2430/initialize?prefCd=43&kikanCd=243315064&kikanKbn=2", "url2": null, "内容": "小島眼科【2:診療所】【診療科目:眼科】熊本県熊本市中央区坪井４ー５ー２１" }, "geometry": { "type": "Point", "coordinates": [ 130.715585, 32.812925 ] } },
{ "type": "Feature", "properties": { "ID": 432243315093, "正式名称": "井上整形外科クリニック", "機関区分": 2, "都道府県コード": 43, "市区町村コード": 101, "所在地": "熊本県熊本市中央区琴平本町３ー４３", "緯度": 32.789282, "経度": 130.702672, "url": "https://www.iryou.teikyouseido.mhlw.go.jp/znk-web/juminkanja/S2430/initialize?prefCd=43&kikanCd=243315093&kikanKbn=2", "url2": "http://www.inouehp.jp/", "内容": "井上整形外科クリニック【2:診療所】【診療科目:内科_整形外科_リウマチ科_リハビリテーション科】熊本県熊本市中央区琴平本町３ー４３" }, "geometry": { "type": "Point", "coordinates": [ 130.702672, 32.789282 ] } },
{ "type": "Feature", "properties": { "ID": 432243315165, "正式名称": "原口胃腸科内科クリニック", "機関区分": 2, "都道府県コード": 43, "市区町村コード": 104, "所在地": "熊本県熊本市南区田迎４ー８ー１２", "緯度": 32.776275, "経度": 130.714841, "url": "https://www.iryou.teikyouseido.mhlw.go.jp/znk-web/juminkanja/S2430/initialize?prefCd=43&kikanCd=243315165&kikanKbn=2", "url2": null, "内容": "原口胃腸科内科クリニック【2:診療所】【診療科目:内科_胃腸内科_肛門科】熊本県熊本市南区田迎４ー８ー１２" }, "geometry": { "type": "Point", "coordinates": [ 130.714841, 32.776275 ] } },
{ "type": "Feature", "properties": { "ID": 432243315208, "正式名称": "たかき消化器内科", "機関区分": 2, "都道府県コード": 43, "市区町村コード": 102, "所在地": "熊本県熊本市東区花立２ー６ー８", "緯度": 32.782186, "経度": 130.774607, "url": "https://www.iryou.teikyouseido.mhlw.go.jp/znk-web/juminkanja/S2430/initialize?prefCd=43&kikanCd=243315208&kikanKbn=2", "url2": null, "内容": "たかき消化器内科【2:診療所】【診療科目:内科_呼吸器内科_循環器内科_消化器内科_神経内科_小児科】熊本県熊本市東区花立２ー６ー８" }, "geometry": { "type": "Point", "coordinates": [ 130.774607, 32.782186 ] } },
{ "type": "Feature", "properties": { "ID": 432243315211, "正式名称": "川尻尾﨑内科", "機関区分": 2, "都道府県コード": 43, "市区町村コード": 104, "所在地": "熊本県熊本市南区川尻５ー１ー６２", "緯度": 32.737659, "経度": 130.68439, "url": "https://www.iryou.teikyouseido.mhlw.go.jp/znk-web/juminkanja/S2430/initialize?prefCd=43&kikanCd=243315211&kikanKbn=2", "url2": "http://www.kawashiri-ozakinaika.or.jp", "内容": "川尻尾﨑内科【2:診療所】【診療科目:内科_呼吸器内科_循環器内科_消化器内科_内視鏡内科_放射線科】熊本県熊本市南区川尻５ー１ー６２" }, "geometry": { "type": "Point", "coordinates": [ 130.68439, 32.737659 ] } },
{ "type": "Feature", "properties": { "ID": 432243315224, "正式名称": "小島内科小児科医院", "機関区分": 2, "都道府県コード": 43, "市区町村コード": 101, "所在地": "熊本県熊本市中央区帯山５ー２５ー２７", "緯度": 32.803351, "経度": 130.753878, "url": "https://www.iryou.teikyouseido.mhlw.go.jp/znk-web/juminkanja/S2430/initialize?prefCd=43&kikanCd=243315224&kikanKbn=2", "url2": "http://www.kobusikojimakai.dr-clinic.jp", "内容": "小島内科小児科医院【2:診療所】【診療科目:内科_小児科_放射線科_呼吸器科（改行）胃腸科（改行）循環器科】熊本県熊本市中央区帯山５ー２５ー２７" }, "geometry": { "type": "Point", "coordinates": [ 130.753878, 32.803351 ] } },
{ "type": "Feature", "properties": { "ID": 432243315237, "正式名称": "ながみね田村整形外科", "機関区分": 2, "都道府県コード": 43, "市区町村コード": 102, "所在地": "熊本県熊本市東区戸島西３ー１ー３９", "緯度": 32.813142, "経度": 130.780326, "url": "https://www.iryou.teikyouseido.mhlw.go.jp/znk-web/juminkanja/S2430/initialize?prefCd=43&kikanCd=243315237&kikanKbn=2", "url2": "nagaminetamura.com", "内容": "ながみね田村整形外科【2:診療所】【診療科目:整形外科_リウマチ科_リハビリテーション科】熊本県熊本市東区戸島西３ー１ー３９" }, "geometry": { "type": "Point", "coordinates": [ 130.780326, 32.813142 ] } },
{ "type": "Feature", "properties": { "ID": 432243315253, "正式名称": "八王寺町クリニック", "機関区分": 2, "都道府県コード": 43, "市区町村コード": 101, "所在地": "熊本県熊本市中央区八王寺町１６ー７３", "緯度": 32.781291, "経度": 130.712938, "url": "https://www.iryou.teikyouseido.mhlw.go.jp/znk-web/juminkanja/S2430/initialize?prefCd=43&kikanCd=243315253&kikanKbn=2", "url2": "https://hachiojimachi-clinic.jp/", "内容": "八王寺町クリニック【2:診療所】【診療科目:内科_糖尿病内科_呼吸器内科_循環器内科_漢方内科_小児科_アレルギー科_リハビリテーション科_呼吸器科（改行）循環器科】熊本県熊本市中央区八王寺町１６ー７３" }, "geometry": { "type": "Point", "coordinates": [ 130.712938, 32.781291 ] } },
{ "type": "Feature", "properties": { "ID": 432243320046, "正式名称": "八景水谷クリニック", "機関区分": 2, "都道府県コード": 43, "市区町村コード": 105, "所在地": "熊本県熊本市北区八景水谷１ー３１ー１６", "緯度": 32.850646, "経度": 130.724967, "url": "https://www.iryou.teikyouseido.mhlw.go.jp/znk-web/juminkanja/S2430/initialize?prefCd=43&kikanCd=243320046&kikanKbn=2", "url2": "http://hakemiya.com", "内容": "八景水谷クリニック【2:診療所】【診療科目:内科_消化器内科_胃腸内科_外科_放射線科】熊本県熊本市北区八景水谷１ー３１ー１６" }, "geometry": { "type": "Point", "coordinates": [ 130.724967, 32.850646 ] } },
{ "type": "Feature", "properties": { "ID": 432243320147, "正式名称": "くろかみ心身クリニック", "機関区分": 2, "都道府県コード": 43, "市区町村コード": 101, "所在地": "熊本県熊本市中央区黒髪１ー３ー１６", "緯度": 32.815497, "経度": 130.717193, "url": "https://www.iryou.teikyouseido.mhlw.go.jp/znk-web/juminkanja/S2430/initialize?prefCd=43&kikanCd=243320147&kikanKbn=2", "url2": "http://www.kurokami-shinshin.com", "内容": "くろかみ心身クリニック【2:診療所】【診療科目:内科_精神科_心療内科】熊本県熊本市中央区黒髪１ー３ー１６" }, "geometry": { "type": "Point", "coordinates": [ 130.717193, 32.815497 ] } },
{ "type": "Feature", "properties": { "ID": 432243320222, "正式名称": "前田内科胃腸科小児科クリニック", "機関区分": 2, "都道府県コード": 43, "市区町村コード": 105, "所在地": "熊本県熊本市北区清水本町４ー３", "緯度": 32.830743, "経度": 130.722562, "url": "https://www.iryou.teikyouseido.mhlw.go.jp/znk-web/juminkanja/S2430/initialize?prefCd=43&kikanCd=243320222&kikanKbn=2", "url2": null, "内容": "前田内科胃腸科小児科クリニック【2:診療所】【診療科目:内科_胃腸内科_小児科】熊本県熊本市北区清水本町４ー３" }, "geometry": { "type": "Point", "coordinates": [ 130.722562, 32.830743 ] } },
{ "type": "Feature", "properties": { "ID": 432243320235, "正式名称": "医療法人社団なつみ会まえだクリニック", "機関区分": 2, "都道府県コード": 43, "市区町村コード": 105, "所在地": "熊本県熊本市北区龍田８ー１５ー６４", "緯度": 32.844019, "経度": 130.759219, "url": "https://www.iryou.teikyouseido.mhlw.go.jp/znk-web/juminkanja/S2430/initialize?prefCd=43&kikanCd=243320235&kikanKbn=2", "url2": "https://sites.google.com/view/maedacl/home", "内容": "医療法人社団なつみ会まえだクリニック【2:診療所】【診療科目:内科_呼吸器内科_消化器内科_小児科】熊本県熊本市北区龍田８ー１５ー６４" }, "geometry": { "type": "Point", "coordinates": [ 130.759219, 32.844019 ] } },
{ "type": "Feature", "properties": { "ID": 432243320251, "正式名称": "水上医院", "機関区分": 2, "都道府県コード": 43, "市区町村コード": 101, "所在地": "熊本県熊本市中央区黒髪６ー９ー２０", "緯度": 32.814583, "経度": 130.735539, "url": "https://www.iryou.teikyouseido.mhlw.go.jp/znk-web/juminkanja/S2430/initialize?prefCd=43&kikanCd=243320251&kikanKbn=2", "url2": null, "内容": "水上医院【2:診療所】【診療科目:内科_泌尿器科】熊本県熊本市中央区黒髪６ー９ー２０" }, "geometry": { "type": "Point", "coordinates": [ 130.735539, 32.814583 ] } },
{ "type": "Feature", "properties": { "ID": 432243320352, "正式名称": "えがみ小児科", "機関区分": 2, "都道府県コード": 43, "市区町村コード": 105, "所在地": "熊本県熊本市北区楠８ー１６ー６３", "緯度": 32.846825, "経度": 130.765026, "url": "https://www.iryou.teikyouseido.mhlw.go.jp/znk-web/juminkanja/S2430/initialize?prefCd=43&kikanCd=243320352&kikanKbn=2", "url2": "https://egami-kids-clinic.com/", "内容": "えがみ小児科【2:診療所】【診療科目:小児科】熊本県熊本市北区楠８ー１６ー６３" }, "geometry": { "type": "Point", "coordinates": [ 130.765026, 32.846825 ] } },
{ "type": "Feature", "properties": { "ID": 432243320453, "正式名称": "内尾土井クリニック", "機関区分": 2, "都道府県コード": 43, "市区町村コード": 101, "所在地": "熊本県熊本市中央区山崎町８ー１１", "緯度": 32.79637, "経度": 130.703461, "url": "https://www.iryou.teikyouseido.mhlw.go.jp/znk-web/juminkanja/S2430/initialize?prefCd=43&kikanCd=243320453&kikanKbn=2", "url2": null, "内容": "内尾土井クリニック【2:診療所】【診療科目:内科_脳神経内科_呼吸器内科_循環器内科_消化器内科】熊本県熊本市中央区山崎町８ー１１" }, "geometry": { "type": "Point", "coordinates": [ 130.703461, 32.79637 ] } },
{ "type": "Feature", "properties": { "ID": 432243320525, "正式名称": "黄医院", "機関区分": 2, "都道府県コード": 43, "市区町村コード": 101, "所在地": "熊本県熊本市中央区新町１ー７ー２６", "緯度": 32.803697, "経度": 130.697173, "url": "https://www.iryou.teikyouseido.mhlw.go.jp/znk-web/juminkanja/S2430/initialize?prefCd=43&kikanCd=243320525&kikanKbn=2", "url2": null, "内容": "黄医院【2:診療所】【診療科目:耳鼻いんこう科_皮膚科】熊本県熊本市中央区新町１ー７ー２６" }, "geometry": { "type": "Point", "coordinates": [ 130.697173, 32.803697 ] } },
{ "type": "Feature", "properties": { "ID": 432243320655, "正式名称": "川原胃腸科内科", "機関区分": 2, "都道府県コード": 43, "市区町村コード": 101, "所在地": "熊本県熊本市中央区新町３ー９ー１０", "緯度": 32.805788, "経度": 130.695087, "url": "https://www.iryou.teikyouseido.mhlw.go.jp/znk-web/juminkanja/S2430/initialize?prefCd=43&kikanCd=243320655&kikanKbn=2", "url2": "http://www.kawahara-ichoka.jp/", "内容": "川原胃腸科内科【2:診療所】【診療科目:内科_胃腸内科_肛門内科】熊本県熊本市中央区新町３ー９ー１０" }, "geometry": { "type": "Point", "coordinates": [ 130.695087, 32.805788 ] } },
{ "type": "Feature", "properties": { "ID": 432243320860, "正式名称": "木野クリニック", "機関区分": 2, "都道府県コード": 43, "市区町村コード": 103, "所在地": "熊本県熊本市西区春日７ー１９ー７", "緯度": 32.785085, "経度": 130.683102, "url": "https://www.iryou.teikyouseido.mhlw.go.jp/znk-web/juminkanja/S2430/initialize?prefCd=43&kikanCd=243320860&kikanKbn=2", "url2": null, "内容": "木野クリニック【2:診療所】【診療科目:内科_小児科】熊本県熊本市西区春日７ー１９ー７" }, "geometry": { "type": "Point", "coordinates": [ 130.683102, 32.785085 ] } },
{ "type": "Feature", "properties": { "ID": 432243320903, "正式名称": "田島医院", "機関区分": 2, "都道府県コード": 43, "市区町村コード": 103, "所在地": "熊本県熊本市西区田崎３ー１ー２５", "緯度": 32.780518, "経度": 130.683416, "url": "https://www.iryou.teikyouseido.mhlw.go.jp/znk-web/juminkanja/S2430/initialize?prefCd=43&kikanCd=243320903&kikanKbn=2", "url2": "https://www.tashimaclinic.com", "内容": "田島医院【2:診療所】【診療科目:内科_脳神経内科】熊本県熊本市西区田崎３ー１ー２５" }, "geometry": { "type": "Point", "coordinates": [ 130.683416, 32.780518 ] } },
{ "type": "Feature", "properties": { "ID": 432243320916, "正式名称": "田嶋外科内科医院", "機関区分": 2, "都道府県コード": 43, "市区町村コード": 103, "所在地": "熊本県熊本市西区田崎２ー２ー４８", "緯度": 32.784329, "経度": 130.682261, "url": "https://www.iryou.teikyouseido.mhlw.go.jp/znk-web/juminkanja/S2430/initialize?prefCd=43&kikanCd=243320916&kikanKbn=2", "url2": "https://tashima-dr-clinic.com/", "内容": "田嶋外科内科医院【2:診療所】【診療科目:内科_呼吸器内科_消化器内科_胃腸内科_外科_消化器外科_整形外科_リハビリテーション科】熊本県熊本市西区田崎２ー２ー４８" }, "geometry": { "type": "Point", "coordinates": [ 130.682261, 32.784329 ] } },
{ "type": "Feature", "properties": { "ID": 432243320974, "正式名称": "鶴田胃腸科内科医院", "機関区分": 2, "都道府県コード": 43, "市区町村コード": 101, "所在地": "熊本県熊本市中央区坪井１ー９ー２６", "緯度": 32.811425, "経度": 130.71208, "url": "https://www.iryou.teikyouseido.mhlw.go.jp/znk-web/juminkanja/S2430/initialize?prefCd=43&kikanCd=243320974&kikanKbn=2", "url2": "http://www.tsuruta-gi.com", "内容": "鶴田胃腸科内科医院【2:診療所】【診療科目:内科_消化器内科】熊本県熊本市中央区坪井１ー９ー２６" }, "geometry": { "type": "Point", "coordinates": [ 130.71208, 32.811425 ] } },
{ "type": "Feature", "properties": { "ID": 432243320987, "正式名称": "小野・出来田内科医院", "機関区分": 2, "都道府県コード": 43, "市区町村コード": 101, "所在地": "熊本県熊本市中央区横手１ー２ー１２１", "緯度": 32.801917, "経度": 130.692829, "url": "https://www.iryou.teikyouseido.mhlw.go.jp/znk-web/juminkanja/S2430/initialize?prefCd=43&kikanCd=243320987&kikanKbn=2", "url2": "http://onodekita.com/", "内容": "小野・出来田内科医院【2:診療所】【診療科目:内科】熊本県熊本市中央区横手１ー２ー１２１" }, "geometry": { "type": "Point", "coordinates": [ 130.692829, 32.801917 ] } },
{ "type": "Feature", "properties": { "ID": 432243321043, "正式名称": "浜崎医院", "機関区分": 2, "都道府県コード": 43, "市区町村コード": 101, "所在地": "熊本県熊本市中央区新町２ー９ー６", "緯度": 32.798967, "経度": 130.698962, "url": "https://www.iryou.teikyouseido.mhlw.go.jp/znk-web/juminkanja/S2430/initialize?prefCd=43&kikanCd=243321043&kikanKbn=2", "url2": null, "内容": "浜崎医院【2:診療所】【診療科目:内科_循環器内科】熊本県熊本市中央区新町２ー９ー６" }, "geometry": { "type": "Point", "coordinates": [ 130.698962, 32.798967 ] } },
{ "type": "Feature", "properties": { "ID": 432243321085, "正式名称": "島崎井上クリニック", "機関区分": 2, "都道府県コード": 43, "市区町村コード": 103, "所在地": "熊本県熊本市西区島崎４ー１１ー１９", "緯度": 32.81101, "経度": 130.683096, "url": "https://www.iryou.teikyouseido.mhlw.go.jp/znk-web/juminkanja/S2430/initialize?prefCd=43&kikanCd=243321085&kikanKbn=2", "url2": "https://shimasaki-clinic.jp", "内容": "島崎井上クリニック【2:診療所】【診療科目:内科_消化器内科_小児科】熊本県熊本市西区島崎４ー１１ー１９" }, "geometry": { "type": "Point", "coordinates": [ 130.683096, 32.81101 ] } },
{ "type": "Feature", "properties": { "ID": 432243321098, "正式名称": "医療法人社団益昌会　たなか益田クリニック", "機関区分": 2, "都道府県コード": 43, "市区町村コード": 103, "所在地": "熊本県熊本市西区上熊本２ー１２ー２８", "緯度": 32.813138, "経度": 130.699161, "url": "https://www.iryou.teikyouseido.mhlw.go.jp/znk-web/juminkanja/S2430/initialize?prefCd=43&kikanCd=243321098&kikanKbn=2", "url2": "http://www.tanakamasudaclinic.jp", "内容": "医療法人社団益昌会　たなか益田クリニック【2:診療所】【診療科目:内科_循環器内科_心臓血管内科_胃腸内科_外科_心臓血管外科_皮膚科_美容皮膚科_アレルギー科_リウマチ科】熊本県熊本市西区上熊本２ー１２ー２８" }, "geometry": { "type": "Point", "coordinates": [ 130.699161, 32.813138 ] } },
{ "type": "Feature", "properties": { "ID": 432243321173, "正式名称": "医療法人社団昌洋会　山下内科医院", "機関区分": 2, "都道府県コード": 43, "市区町村コード": 103, "所在地": "熊本県熊本市西区二本木１ー２ー３０", "緯度": 32.786371, "経度": 130.691918, "url": "https://www.iryou.teikyouseido.mhlw.go.jp/znk-web/juminkanja/S2430/initialize?prefCd=43&kikanCd=243321173&kikanKbn=2", "url2": null, "内容": "医療法人社団昌洋会　山下内科医院【2:診療所】【診療科目:内科】熊本県熊本市西区二本木１ー２ー３０" }, "geometry": { "type": "Point", "coordinates": [ 130.691918, 32.786371 ] } },
{ "type": "Feature", "properties": { "ID": 432243321274, "正式名称": "永知医院", "機関区分": 2, "都道府県コード": 43, "市区町村コード": 103, "所在地": "熊本県熊本市西区春日１ー６ー５", "緯度": 32.793056, "経度": 130.693134, "url": "https://www.iryou.teikyouseido.mhlw.go.jp/znk-web/juminkanja/S2430/initialize?prefCd=43&kikanCd=243321274&kikanKbn=2", "url2": null, "内容": "永知医院【2:診療所】【診療科目:内科_性感染症内科_皮膚科_精神科_心療内科】熊本県熊本市西区春日１ー６ー５" }, "geometry": { "type": "Point", "coordinates": [ 130.693134, 32.793056 ] } },
{ "type": "Feature", "properties": { "ID": 432243321290, "正式名称": "大林内科医院", "機関区分": 2, "都道府県コード": 43, "市区町村コード": 101, "所在地": "熊本県熊本市中央区内坪井町１０ー１３", "緯度": 32.812408, "経度": 130.709277, "url": "https://www.iryou.teikyouseido.mhlw.go.jp/znk-web/juminkanja/S2430/initialize?prefCd=43&kikanCd=243321290&kikanKbn=2", "url2": null, "内容": "大林内科医院【2:診療所】【診療科目:内科_呼吸器内科】熊本県熊本市中央区内坪井町１０ー１３" }, "geometry": { "type": "Point", "coordinates": [ 130.709277, 32.812408 ] } },
{ "type": "Feature", "properties": { "ID": 432243321320, "正式名称": "しまさきバス通り総合内科クリニック", "機関区分": 2, "都道府県コード": 43, "市区町村コード": 103, "所在地": "熊本県熊本市西区島崎２ー８ー２０", "緯度": 32.811002, "経度": 130.68764, "url": "https://www.iryou.teikyouseido.mhlw.go.jp/znk-web/juminkanja/S2430/initialize?prefCd=43&kikanCd=243321320&kikanKbn=2", "url2": "https://sites.google.com/view/shimabus-cl/%E3%82%A2%E3%82%AF%E3%82%BB%E3%82%B9%E3%81%A8%E9%A7%90%E8%BB%8A%E5%A0%B4", "内容": "しまさきバス通り総合内科クリニック【2:診療所】【診療科目:内科_糖尿病・代謝内科_小児科_心療内科】熊本県熊本市西区島崎２ー８ー２０" }, "geometry": { "type": "Point", "coordinates": [ 130.68764, 32.811002 ] } },
{ "type": "Feature", "properties": { "ID": 432243321388, "正式名称": "木下耳鼻咽喉科医院", "機関区分": 2, "都道府県コード": 43, "市区町村コード": 105, "所在地": "熊本県熊本市北区清水亀井町１９ー１４", "緯度": 32.83905, "経度": 130.721768, "url": "https://www.iryou.teikyouseido.mhlw.go.jp/znk-web/juminkanja/S2430/initialize?prefCd=43&kikanCd=243321388&kikanKbn=2", "url2": null, "内容": "木下耳鼻咽喉科医院【2:診療所】【診療科目:耳鼻いんこう科】熊本県熊本市北区清水亀井町１９ー１４" }, "geometry": { "type": "Point", "coordinates": [ 130.721768, 32.83905 ] } },
{ "type": "Feature", "properties": { "ID": 432243321519, "正式名称": "宮本外科・消化器内科", "機関区分": 2, "都道府県コード": 43, "市区町村コード": 105, "所在地": "熊本県熊本市北区八景水谷２ー６ー２６", "緯度": 32.846092, "経度": 130.724757, "url": "https://www.iryou.teikyouseido.mhlw.go.jp/znk-web/juminkanja/S2430/initialize?prefCd=43&kikanCd=243321519&kikanKbn=2", "url2": "https://www.miyamoto-medical.com/", "内容": "宮本外科・消化器内科【2:診療所】【診療科目:内科_消化器内科_外科_肛門外科_整形外科】熊本県熊本市北区八景水谷２ー６ー２６" }, "geometry": { "type": "Point", "coordinates": [ 130.724757, 32.846092 ] } },
{ "type": "Feature", "properties": { "ID": 432243321522, "正式名称": "仁誠会クリニック黒髪", "機関区分": 2, "都道府県コード": 43, "市区町村コード": 101, "所在地": "熊本県熊本市中央区黒髪６ー２９ー３７", "緯度": 32.816708, "経度": 130.740836, "url": "https://www.iryou.teikyouseido.mhlw.go.jp/znk-web/juminkanja/S2430/initialize?prefCd=43&kikanCd=243321522&kikanKbn=2", "url2": "http://www.jinseikai.or.jp", "内容": "仁誠会クリニック黒髪【2:診療所】【診療科目:内科_腎臓内科_人工透析内科】熊本県熊本市中央区黒髪６ー２９ー３７" }, "geometry": { "type": "Point", "coordinates": [ 130.740836, 32.816708 ] } },
{ "type": "Feature", "properties": { "ID": 432243321564, "正式名称": "末次内科", "機関区分": 2, "都道府県コード": 43, "市区町村コード": 103, "所在地": "熊本県熊本市西区上高橋２ー１３ー６", "緯度": 32.786132, "経度": 130.656513, "url": "https://www.iryou.teikyouseido.mhlw.go.jp/znk-web/juminkanja/S2430/initialize?prefCd=43&kikanCd=243321564&kikanKbn=2", "url2": "http://suetsugu-naika.com", "内容": "末次内科【2:診療所】【診療科目:内科_呼吸器内科_循環器内科_消化器内科_小児科】熊本県熊本市西区上高橋２ー１３ー６" }, "geometry": { "type": "Point", "coordinates": [ 130.656513, 32.786132 ] } },
{ "type": "Feature", "properties": { "ID": 432243321580, "正式名称": "上熊本内科", "機関区分": 2, "都道府県コード": 43, "市区町村コード": 103, "所在地": "熊本県熊本市西区上熊本１ー３ー４", "緯度": 32.811755, "経度": 130.70178, "url": "https://www.iryou.teikyouseido.mhlw.go.jp/znk-web/juminkanja/S2430/initialize?prefCd=43&kikanCd=243321580&kikanKbn=2", "url2": "http://www.iyuukai.com/NewFiles/kamikuma/kamikuma.html", "内容": "上熊本内科【2:診療所】【診療科目:内科_呼吸器内科_循環器内科_消化器内科_胃腸内科_神経内科_整形外科_小児科_心療内科_リハビリテーション科_放射線科】熊本県熊本市西区上熊本１ー３ー４" }, "geometry": { "type": "Point", "coordinates": [ 130.70178, 32.811755 ] } },
{ "type": "Feature", "properties": { "ID": 432243321607, "正式名称": "石神クリニック", "機関区分": 2, "都道府県コード": 43, "市区町村コード": 103, "所在地": "熊本県熊本市西区出町２ー１５", "緯度": 32.820193, "経度": 130.706044, "url": "https://www.iryou.teikyouseido.mhlw.go.jp/znk-web/juminkanja/S2430/initialize?prefCd=43&kikanCd=243321607&kikanKbn=2", "url2": "https://www.ishigami-clinic.net/", "内容": "石神クリニック【2:診療所】【診療科目:内科_糖尿病内科_糖尿病・代謝内科_呼吸器内科_循環器内科_胃腸内科_放射線科】熊本県熊本市西区出町２ー１５" }, "geometry": { "type": "Point", "coordinates": [ 130.706044, 32.820193 ] } },
{ "type": "Feature", "properties": { "ID": 432243321636, "正式名称": "宮本内科小児科医院", "機関区分": 2, "都道府県コード": 43, "市区町村コード": 101, "所在地": "熊本県熊本市中央区細工町４ー２１", "緯度": 32.793412, "経度": 130.694651, "url": "https://www.iryou.teikyouseido.mhlw.go.jp/znk-web/juminkanja/S2430/initialize?prefCd=43&kikanCd=243321636&kikanKbn=2", "url2": null, "内容": "宮本内科小児科医院【2:診療所】【診療科目:内科_小児科】熊本県熊本市中央区細工町４ー２１" }, "geometry": { "type": "Point", "coordinates": [ 130.694651, 32.793412 ] } },
{ "type": "Feature", "properties": { "ID": 432243321649, "正式名称": "稲葉内科医院", "機関区分": 2, "都道府県コード": 43, "市区町村コード": 103, "所在地": "熊本県熊本市西区花園１ー２０ー６０", "緯度": 32.815114, "経度": 130.696608, "url": "https://www.iryou.teikyouseido.mhlw.go.jp/znk-web/juminkanja/S2430/initialize?prefCd=43&kikanCd=243321649&kikanKbn=2", "url2": null, "内容": "稲葉内科医院【2:診療所】【診療科目:内科_呼吸器内科_循環器内科_胃腸内科_神経内科_小児科_リハビリテーション科_放射線科】熊本県熊本市西区花園１ー２０ー６０" }, "geometry": { "type": "Point", "coordinates": [ 130.696608, 32.815114 ] } },
{ "type": "Feature", "properties": { "ID": 432243321694, "正式名称": "白石内科医院", "機関区分": 2, "都道府県コード": 43, "市区町村コード": 101, "所在地": "熊本県熊本市中央区桜町２ー２２", "緯度": 32.800314, "経度": 130.700842, "url": "https://www.iryou.teikyouseido.mhlw.go.jp/znk-web/juminkanja/S2430/initialize?prefCd=43&kikanCd=243321694&kikanKbn=2", "url2": null, "内容": "白石内科医院【2:診療所】【診療科目:内科_皮膚科_呼吸器科、胃腸科、循環器科】熊本県熊本市中央区桜町２ー２２" }, "geometry": { "type": "Point", "coordinates": [ 130.700842, 32.800314 ] } },
{ "type": "Feature", "properties": { "ID": 432243321766, "正式名称": "大弓クリニック", "機関区分": 2, "都道府県コード": 43, "市区町村コード": 105, "所在地": "熊本県熊本市北区楡木２ー１１ー５６", "緯度": 32.845389, "経度": 130.75413, "url": "https://www.iryou.teikyouseido.mhlw.go.jp/znk-web/juminkanja/S2430/initialize?prefCd=43&kikanCd=243321766&kikanKbn=2", "url2": "https://ohyumi-clinic5.webnode.jp", "内容": "大弓クリニック【2:診療所】【診療科目:内科_神経内科_外科_小児科_婦人科_アレルギー科_放射線科_呼吸器科（改行）胃腸科（改行）循環器科】熊本県熊本市北区楡木２ー１１ー５６" }, "geometry": { "type": "Point", "coordinates": [ 130.75413, 32.845389 ] } },
{ "type": "Feature", "properties": { "ID": 432243321779, "正式名称": "外間整形外科医院", "機関区分": 2, "都道府県コード": 43, "市区町村コード": 103, "所在地": "熊本県熊本市西区上熊本２ー１３ー１２", "緯度": 32.813705, "経度": 130.698822, "url": "https://www.iryou.teikyouseido.mhlw.go.jp/znk-web/juminkanja/S2430/initialize?prefCd=43&kikanCd=243321779&kikanKbn=2", "url2": null, "内容": "外間整形外科医院【2:診療所】【診療科目:整形外科_リハビリテーション科】熊本県熊本市西区上熊本２ー１３ー１２" }, "geometry": { "type": "Point", "coordinates": [ 130.698822, 32.813705 ] } },
{ "type": "Feature", "properties": { "ID": 432243321795, "正式名称": "三の宮内科・泌尿器科医院", "機関区分": 2, "都道府県コード": 43, "市区町村コード": 105, "所在地": "熊本県熊本市北区龍田１ー１６ー１", "緯度": 32.832476, "経度": 130.756958, "url": "https://www.iryou.teikyouseido.mhlw.go.jp/znk-web/juminkanja/S2430/initialize?prefCd=43&kikanCd=243321795&kikanKbn=2", "url2": "http://3nomiya.sakura.ne.jp/index.html", "内容": "三の宮内科・泌尿器科医院【2:診療所】【診療科目:内科_皮膚科_泌尿器科】熊本県熊本市北区龍田１ー１６ー１" }, "geometry": { "type": "Point", "coordinates": [ 130.756958, 32.832476 ] } },
{ "type": "Feature", "properties": { "ID": 432243321812, "正式名称": "なかむらファミリークリニック", "機関区分": 2, "都道府県コード": 43, "市区町村コード": 105, "所在地": "熊本県熊本市北区武蔵ケ丘７ー１ー１", "緯度": 32.852868, "経度": 130.775631, "url": "https://www.iryou.teikyouseido.mhlw.go.jp/znk-web/juminkanja/S2430/initialize?prefCd=43&kikanCd=243321812&kikanKbn=2", "url2": "http://www.nakamurafamilyclinic.or.jp", "内容": "なかむらファミリークリニック【2:診療所】【診療科目:内科_糖尿病内科_循環器内科_胃腸内科_美容皮膚科】熊本県熊本市北区武蔵ケ丘７ー１ー１" }, "geometry": { "type": "Point", "coordinates": [ 130.775631, 32.852868 ] } },
{ "type": "Feature", "properties": { "ID": 432243321825, "正式名称": "こすみ皮膚科クリニック", "機関区分": 2, "都道府県コード": 43, "市区町村コード": 101, "所在地": "熊本県熊本市中央区山崎町３１", "緯度": 32.797173, "経度": 130.703631, "url": "https://www.iryou.teikyouseido.mhlw.go.jp/znk-web/juminkanja/S2430/initialize?prefCd=43&kikanCd=243321825&kikanKbn=2", "url2": "http://kosumihifuka.com/", "内容": "こすみ皮膚科クリニック【2:診療所】【診療科目:皮膚科】熊本県熊本市中央区山崎町３１" }, "geometry": { "type": "Point", "coordinates": [ 130.703631, 32.797173 ] } },
{ "type": "Feature", "properties": { "ID": 432243321867, "正式名称": "緒方脳神経外科医院", "機関区分": 2, "都道府県コード": 43, "市区町村コード": 103, "所在地": "熊本県熊本市西区池田１ー１４ー８２", "緯度": 32.821961, "経度": 130.705119, "url": "https://www.iryou.teikyouseido.mhlw.go.jp/znk-web/juminkanja/S2430/initialize?prefCd=43&kikanCd=243321867&kikanKbn=2", "url2": null, "内容": "緒方脳神経外科医院【2:診療所】【診療科目:脳神経外科_整形外科_歯科_リハビリテーション科_麻酔科】熊本県熊本市西区池田１ー１４ー８２" }, "geometry": { "type": "Point", "coordinates": [ 130.705119, 32.821961 ] } },
{ "type": "Feature", "properties": { "ID": 432243321870, "正式名称": "上野整形外科医院", "機関区分": 2, "都道府県コード": 43, "市区町村コード": 105, "所在地": "熊本県熊本市北区龍田弓削１ー９ー７０", "緯度": 32.847611, "経度": 130.767565, "url": "https://www.iryou.teikyouseido.mhlw.go.jp/znk-web/juminkanja/S2430/initialize?prefCd=43&kikanCd=243321870&kikanKbn=2", "url2": null, "内容": "上野整形外科医院【2:診療所】【診療科目:整形外科_リウマチ科】熊本県熊本市北区龍田弓削１ー９ー７０" }, "geometry": { "type": "Point", "coordinates": [ 130.767565, 32.847611 ] } },
{ "type": "Feature", "properties": { "ID": 432243321883, "正式名称": "山城外科胃腸科", "機関区分": 2, "都道府県コード": 43, "市区町村コード": 105, "所在地": "熊本県熊本市北区武蔵ケ丘４ー１０ー１０", "緯度": 32.856818, "経度": 130.769545, "url": "https://www.iryou.teikyouseido.mhlw.go.jp/znk-web/juminkanja/S2430/initialize?prefCd=43&kikanCd=243321883&kikanKbn=2", "url2": "http://yamashirogeka.web.fc2.com/", "内容": "山城外科胃腸科【2:診療所】【診療科目:胃腸内科_外科_整形外科】熊本県熊本市北区武蔵ケ丘４ー１０ー１０" }, "geometry": { "type": "Point", "coordinates": [ 130.769545, 32.856818 ] } },
{ "type": "Feature", "properties": { "ID": 432243321896, "正式名称": "長野皮膚科・形成外科医院", "機関区分": 2, "都道府県コード": 43, "市区町村コード": 105, "所在地": "熊本県熊本市北区清水亀井町２６ー２７", "緯度": 32.834623, "経度": 130.722959, "url": "https://www.iryou.teikyouseido.mhlw.go.jp/znk-web/juminkanja/S2430/initialize?prefCd=43&kikanCd=243321896&kikanKbn=2", "url2": "http://www.naganohihuka.com/", "内容": "長野皮膚科・形成外科医院【2:診療所】【診療科目:形成外科_皮膚科_アレルギー科】熊本県熊本市北区清水亀井町２６ー２７" }, "geometry": { "type": "Point", "coordinates": [ 130.722959, 32.834623 ] } },
{ "type": "Feature", "properties": { "ID": 432243321913, "正式名称": "佐藤医院", "機関区分": 2, "都道府県コード": 43, "市区町村コード": 103, "所在地": "熊本県熊本市西区上熊本３ー２ー１０", "緯度": 32.820037, "経度": 130.700142, "url": "https://www.iryou.teikyouseido.mhlw.go.jp/znk-web/juminkanja/S2430/initialize?prefCd=43&kikanCd=243321913&kikanKbn=2", "url2": null, "内容": "佐藤医院【2:診療所】【診療科目:内科_循環器科】熊本県熊本市西区上熊本３ー２ー１０" }, "geometry": { "type": "Point", "coordinates": [ 130.700142, 32.820037 ] } },
{ "type": "Feature", "properties": { "ID": 432243321942, "正式名称": "おがた小児科", "機関区分": 2, "都道府県コード": 43, "市区町村コード": 103, "所在地": "熊本県熊本市西区花園５ー２４ー８９", "緯度": 32.81784, "経度": 130.693562, "url": "https://www.iryou.teikyouseido.mhlw.go.jp/znk-web/juminkanja/S2430/initialize?prefCd=43&kikanCd=243321942&kikanKbn=2", "url2": "http://www7a.biglobe.ne.jp/~ogata634", "内容": "おがた小児科【2:診療所】【診療科目:内科_小児科_耳鼻いんこう科_アレルギー科】熊本県熊本市西区花園５ー２４ー８９" }, "geometry": { "type": "Point", "coordinates": [ 130.693562, 32.81784 ] } },
{ "type": "Feature", "properties": { "ID": 432243321968, "正式名称": "千場内科クリニック", "機関区分": 2, "都道府県コード": 43, "市区町村コード": 105, "所在地": "熊本県熊本市北区清水新地１ー５ー３８", "緯度": 32.850608, "経度": 130.732948, "url": "https://www.iryou.teikyouseido.mhlw.go.jp/znk-web/juminkanja/S2430/initialize?prefCd=43&kikanCd=243321968&kikanKbn=2", "url2": null, "内容": "千場内科クリニック【2:診療所】【診療科目:内科】熊本県熊本市北区清水新地１ー５ー３８" }, "geometry": { "type": "Point", "coordinates": [ 130.732948, 32.850608 ] } },
{ "type": "Feature", "properties": { "ID": 432243322109, "正式名称": "小貫　医院", "機関区分": 2, "都道府県コード": 43, "市区町村コード": 105, "所在地": "熊本県熊本市北区龍田５ー１０ー４３", "緯度": 32.843108, "経度": 130.756089, "url": "https://www.iryou.teikyouseido.mhlw.go.jp/znk-web/juminkanja/S2430/initialize?prefCd=43&kikanCd=243322109&kikanKbn=2", "url2": null, "内容": "小貫　医院【2:診療所】【診療科目:内科_小児科_耳鼻いんこう科】熊本県熊本市北区龍田５ー１０ー４３" }, "geometry": { "type": "Point", "coordinates": [ 130.756089, 32.843108 ] } },
{ "type": "Feature", "properties": { "ID": 432243322125, "正式名称": "熊本市立熊本市民病院附属芳野診療所", "機関区分": 2, "都道府県コード": 43, "市区町村コード": 103, "所在地": "熊本県熊本市西区河内町野出１４１０", "緯度": 32.843059, "経度": 130.643465, "url": "https://www.iryou.teikyouseido.mhlw.go.jp/znk-web/juminkanja/S2430/initialize?prefCd=43&kikanCd=243322125&kikanKbn=2", "url2": null, "内容": "熊本市立熊本市民病院附属芳野診療所【2:診療所】【診療科目:内科_外科_小児科】熊本県熊本市西区河内町野出１４１０" }, "geometry": { "type": "Point", "coordinates": [ 130.643465, 32.843059 ] } },
{ "type": "Feature", "properties": { "ID": 432243322138, "正式名称": "橋本整形外科内科", "機関区分": 2, "都道府県コード": 43, "市区町村コード": 105, "所在地": "熊本県熊本市北区改寄町２３８０ー５", "緯度": 32.895158, "経度": 130.692589, "url": "https://www.iryou.teikyouseido.mhlw.go.jp/znk-web/juminkanja/S2430/initialize?prefCd=43&kikanCd=243322138&kikanKbn=2", "url2": "https://hashimotoseikei.com/", "内容": "橋本整形外科内科【2:診療所】【診療科目:内科_外科_整形外科_リウマチ科_リハビリテーション科】熊本県熊本市北区改寄町２３８０ー５" }, "geometry": { "type": "Point", "coordinates": [ 130.692589, 32.895158 ] } },
{ "type": "Feature", "properties": { "ID": 432243322154, "正式名称": "三宅クリニック", "機関区分": 2, "都道府県コード": 43, "市区町村コード": 103, "所在地": "熊本県熊本市西区小島３ー３９ー３", "緯度": 32.777767, "経度": 130.638581, "url": "https://www.iryou.teikyouseido.mhlw.go.jp/znk-web/juminkanja/S2430/initialize?prefCd=43&kikanCd=243322154&kikanKbn=2", "url2": null, "内容": "三宅クリニック【2:診療所】【診療科目:内科_消化器内科_外科_整形外科】熊本県熊本市西区小島３ー３９ー３" }, "geometry": { "type": "Point", "coordinates": [ 130.638581, 32.777767 ] } },
{ "type": "Feature", "properties": { "ID": 432243322183, "正式名称": "中嶋内科", "機関区分": 2, "都道府県コード": 43, "市区町村コード": 105, "所在地": "熊本県熊本市北区硯川町１１３４", "緯度": 32.861637, "経度": 130.690334, "url": "https://www.iryou.teikyouseido.mhlw.go.jp/znk-web/juminkanja/S2430/initialize?prefCd=43&kikanCd=243322183&kikanKbn=2", "url2": "https://nakashimanaika.com", "内容": "中嶋内科【2:診療所】【診療科目:内科_呼吸器内科_アレルギー科】熊本県熊本市北区硯川町１１３４" }, "geometry": { "type": "Point", "coordinates": [ 130.690334, 32.861637 ] } },
{ "type": "Feature", "properties": { "ID": 432243322226, "正式名称": "浦本医院", "機関区分": 2, "都道府県コード": 43, "市区町村コード": 103, "所在地": "熊本県熊本市西区春日２ー１１ー１６", "緯度": 32.78558, "経度": 130.687046, "url": "https://www.iryou.teikyouseido.mhlw.go.jp/znk-web/juminkanja/S2430/initialize?prefCd=43&kikanCd=243322226&kikanKbn=2", "url2": "uramoto-clinic.com", "内容": "浦本医院【2:診療所】【診療科目:内科_小児科】熊本県熊本市西区春日２ー１１ー１６" }, "geometry": { "type": "Point", "coordinates": [ 130.687046, 32.78558 ] } },
{ "type": "Feature", "properties": { "ID": 432243322239, "正式名称": "くわみず病院附属くすのきクリニック", "機関区分": 2, "都道府県コード": 43, "市区町村コード": 105, "所在地": "熊本県熊本市北区龍田５ー１ー４１", "緯度": 32.843472, "経度": 130.754916, "url": "https://www.iryou.teikyouseido.mhlw.go.jp/znk-web/juminkanja/S2430/initialize?prefCd=43&kikanCd=243322239&kikanKbn=2", "url2": "https://www.kusunokiclinic.or.jp", "内容": "くわみず病院附属くすのきクリニック【2:診療所】【診療科目:内科_代謝内科_内分泌内科_糖尿病・内分泌内科_呼吸器内科_循環器内科_消化器内科_腎臓内科_放射線科】熊本県熊本市北区龍田５ー１ー４１" }, "geometry": { "type": "Point", "coordinates": [ 130.754916, 32.843472 ] } },
{ "type": "Feature", "properties": { "ID": 432243322242, "正式名称": "えとう小児科クリニック", "機関区分": 2, "都道府県コード": 43, "市区町村コード": 103, "所在地": "熊本県熊本市西区島崎２ー２ー１３", "緯度": 32.809171, "経度": 130.692544, "url": "https://www.iryou.teikyouseido.mhlw.go.jp/znk-web/juminkanja/S2430/initialize?prefCd=43&kikanCd=243322242&kikanKbn=2", "url2": "http://www17.ocn.ne.jp/~etocc92/", "内容": "えとう小児科クリニック【2:診療所】【診療科目:小児科】熊本県熊本市西区島崎２ー２ー１３" }, "geometry": { "type": "Point", "coordinates": [ 130.692544, 32.809171 ] } },
{ "type": "Feature", "properties": { "ID": 432243322268, "正式名称": "さとう胃腸内科クリニック", "機関区分": 2, "都道府県コード": 43, "市区町村コード": 105, "所在地": "熊本県熊本市北区西梶尾町４５２ー３", "緯度": 32.869161, "経度": 130.704794, "url": "https://www.iryou.teikyouseido.mhlw.go.jp/znk-web/juminkanja/S2430/initialize?prefCd=43&kikanCd=243322268&kikanKbn=2", "url2": "http://www1.bbiq.jp/satoclinic/index.html", "内容": "さとう胃腸内科クリニック【2:診療所】【診療科目:内科_胃腸内科_小児科_放射線科】熊本県熊本市北区西梶尾町４５２ー３" }, "geometry": { "type": "Point", "coordinates": [ 130.704794, 32.869161 ] } },
{ "type": "Feature", "properties": { "ID": 432243322271, "正式名称": "整形外科内科糖尿病代謝内科かみくまクリニック", "機関区分": 2, "都道府県コード": 43, "市区町村コード": 103, "所在地": "熊本県熊本市西区上熊本３ー１６ー１８", "緯度": 32.825245, "経度": 130.698278, "url": "https://www.iryou.teikyouseido.mhlw.go.jp/znk-web/juminkanja/S2430/initialize?prefCd=43&kikanCd=243322271&kikanKbn=2", "url2": "http://www.kamikuma-clinic.com", "内容": "整形外科内科糖尿病代謝内科かみくまクリニック【2:診療所】【診療科目:内科_糖尿病・代謝内科_整形外科_リハビリテーション科】熊本県熊本市西区上熊本３ー１６ー１８" }, "geometry": { "type": "Point", "coordinates": [ 130.698278, 32.825245 ] } },
{ "type": "Feature", "properties": { "ID": 432243322284, "正式名称": "小堀胃腸科外科", "機関区分": 2, "都道府県コード": 43, "市区町村コード": 101, "所在地": "熊本県熊本市中央区黒髪２ー３２ー３", "緯度": 32.813459, "経度": 130.723486, "url": "https://www.iryou.teikyouseido.mhlw.go.jp/znk-web/juminkanja/S2430/initialize?prefCd=43&kikanCd=243322284&kikanKbn=2", "url2": null, "内容": "小堀胃腸科外科【2:診療所】【診療科目:内科_外科_整形外科_小児外科_胃腸科】熊本県熊本市中央区黒髪２ー３２ー３" }, "geometry": { "type": "Point", "coordinates": [ 130.723486, 32.813459 ] } },
{ "type": "Feature", "properties": { "ID": 432243322297, "正式名称": "出町内科", "機関区分": 2, "都道府県コード": 43, "市区町村コード": 103, "所在地": "熊本県熊本市西区出町５ー３８", "緯度": 32.825807, "経度": 130.707977, "url": "https://www.iryou.teikyouseido.mhlw.go.jp/znk-web/juminkanja/S2430/initialize?prefCd=43&kikanCd=243322297&kikanKbn=2", "url2": "https://demachi-clin.com", "内容": "出町内科【2:診療所】【診療科目:内科_呼吸器内科】熊本県熊本市西区出町５ー３８" }, "geometry": { "type": "Point", "coordinates": [ 130.707977, 32.825807 ] } },
{ "type": "Feature", "properties": { "ID": 432243322314, "正式名称": "アラキ整形外科", "機関区分": 2, "都道府県コード": 43, "市区町村コード": 103, "所在地": "熊本県熊本市西区春日３ー１ー２０", "緯度": 32.793137, "経度": 130.690229, "url": "https://www.iryou.teikyouseido.mhlw.go.jp/znk-web/juminkanja/S2430/initialize?prefCd=43&kikanCd=243322314&kikanKbn=2", "url2": null, "内容": "アラキ整形外科【2:診療所】【診療科目:整形外科_リウマチ科_リハビリテーション科】熊本県熊本市西区春日３ー１ー２０" }, "geometry": { "type": "Point", "coordinates": [ 130.690229, 32.793137 ] } },
{ "type": "Feature", "properties": { "ID": 432243322327, "正式名称": "てつクリニック", "機関区分": 2, "都道府県コード": 43, "市区町村コード": 105, "所在地": "熊本県熊本市北区麻生田２ー１４ー２２", "緯度": 32.84893, "経度": 130.747894, "url": "https://www.iryou.teikyouseido.mhlw.go.jp/znk-web/juminkanja/S2430/initialize?prefCd=43&kikanCd=243322327&kikanKbn=2", "url2": null, "内容": "てつクリニック【2:診療所】【診療科目:内科_呼吸器内科_循環器内科_消化器内科_呼吸器外科】熊本県熊本市北区麻生田２ー１４ー２２" }, "geometry": { "type": "Point", "coordinates": [ 130.747894, 32.84893 ] } },
{ "type": "Feature", "properties": { "ID": 432243322343, "正式名称": "森永上野胃・腸・肛門科", "機関区分": 2, "都道府県コード": 43, "市区町村コード": 101, "所在地": "熊本県熊本市中央区坪井６ー２２ー１", "緯度": 32.818685, "経度": 130.717979, "url": "https://www.iryou.teikyouseido.mhlw.go.jp/znk-web/juminkanja/S2430/initialize?prefCd=43&kikanCd=243322343&kikanKbn=2", "url2": "http://www.morinaga-cl.com", "内容": "森永上野胃・腸・肛門科【2:診療所】【診療科目:内科_消化器内科_外科_肛門外科_小児科_小児外科_胃腸科（改行）肛門科】熊本県熊本市中央区坪井６ー２２ー１" }, "geometry": { "type": "Point", "coordinates": [ 130.717979, 32.818685 ] } },
{ "type": "Feature", "properties": { "ID": 432243322385, "正式名称": "柴田内科・柴田整形外科", "機関区分": 2, "都道府県コード": 43, "市区町村コード": 101, "所在地": "熊本県熊本市中央区内坪井町２ー５", "緯度": 32.809644, "経度": 130.709241, "url": "https://www.iryou.teikyouseido.mhlw.go.jp/znk-web/juminkanja/S2430/initialize?prefCd=43&kikanCd=243322385&kikanKbn=2", "url2": null, "内容": "柴田内科・柴田整形外科【2:診療所】【診療科目:内科_呼吸器内科_循環器内科_消化器内科_神経内科_整形外科_リハビリテーション科】熊本県熊本市中央区内坪井町２ー５" }, "geometry": { "type": "Point", "coordinates": [ 130.709241, 32.809644 ] } },
{ "type": "Feature", "properties": { "ID": 432243322431, "正式名称": "さくらクリニック", "機関区分": 2, "都道府県コード": 43, "市区町村コード": 105, "所在地": "熊本県熊本市北区麻生田５ー１３ー８", "緯度": 32.853646, "経度": 130.7469, "url": "https://www.iryou.teikyouseido.mhlw.go.jp/znk-web/juminkanja/S2430/initialize?prefCd=43&kikanCd=243322431&kikanKbn=2", "url2": "https://sakura-cl.info/", "内容": "さくらクリニック【2:診療所】【診療科目:内科_呼吸器内科_循環器内科_消化器内科_小児科_アレルギー科_リハビリテーション科】熊本県熊本市北区麻生田５ー１３ー８" }, "geometry": { "type": "Point", "coordinates": [ 130.7469, 32.853646 ] } },
{ "type": "Feature", "properties": { "ID": 432243322457, "正式名称": "わたなべ眼科クリニック", "機関区分": 2, "都道府県コード": 43, "市区町村コード": 103, "所在地": "熊本県熊本市西区城山下代３ー２ー１", "緯度": 32.776288, "経度": 130.656136, "url": "https://www.iryou.teikyouseido.mhlw.go.jp/znk-web/juminkanja/S2430/initialize?prefCd=43&kikanCd=243322457&kikanKbn=2", "url2": "http://www.watanabe-ganka.or.jp/", "内容": "わたなべ眼科クリニック【2:診療所】【診療科目:眼科】熊本県熊本市西区城山下代３ー２ー１" }, "geometry": { "type": "Point", "coordinates": [ 130.656136, 32.776288 ] } },
{ "type": "Feature", "properties": { "ID": 432243322460, "正式名称": "平山泌尿器科医院", "機関区分": 2, "都道府県コード": 43, "市区町村コード": 105, "所在地": "熊本県熊本市北区八景水谷１ー２４ー３２", "緯度": 32.850452, "経度": 130.725412, "url": "https://www.iryou.teikyouseido.mhlw.go.jp/znk-web/juminkanja/S2430/initialize?prefCd=43&kikanCd=243322460&kikanKbn=2", "url2": "http://www.eizankai.com/", "内容": "平山泌尿器科医院【2:診療所】【診療科目:腎臓内科_泌尿器科】熊本県熊本市北区八景水谷１ー２４ー３２" }, "geometry": { "type": "Point", "coordinates": [ 130.725412, 32.850452 ] } },
{ "type": "Feature", "properties": { "ID": 432243322473, "正式名称": "きはら循環器科内科", "機関区分": 2, "都道府県コード": 43, "市区町村コード": 101, "所在地": "熊本県熊本市中央区黒髪１ー１ー２５", "緯度": 32.814788, "経度": 130.717571, "url": "https://www.iryou.teikyouseido.mhlw.go.jp/znk-web/juminkanja/S2430/initialize?prefCd=43&kikanCd=243322473&kikanKbn=2", "url2": "kihara-hc.com", "内容": "きはら循環器科内科【2:診療所】【診療科目:内科_循環器内科】熊本県熊本市中央区黒髪１ー１ー２５" }, "geometry": { "type": "Point", "coordinates": [ 130.717571, 32.814788 ] } },
{ "type": "Feature", "properties": { "ID": 432243322499, "正式名称": "服部胃腸科", "機関区分": 2, "都道府県コード": 43, "市区町村コード": 101, "所在地": "熊本県熊本市中央区新町２ー１２ー３５", "緯度": 32.799523, "経度": 130.697114, "url": "https://www.iryou.teikyouseido.mhlw.go.jp/znk-web/juminkanja/S2430/initialize?prefCd=43&kikanCd=243322499&kikanKbn=2", "url2": "http://hattori-clinic.com", "内容": "服部胃腸科【2:診療所】【診療科目:内科_消化器内科】熊本県熊本市中央区新町２ー１２ー３５" }, "geometry": { "type": "Point", "coordinates": [ 130.697114, 32.799523 ] } },
{ "type": "Feature", "properties": { "ID": 432243322516, "正式名称": "はせがわクリニック", "機関区分": 2, "都道府県コード": 43, "市区町村コード": 103, "所在地": "熊本県熊本市西区春日７ー１９ー３８", "緯度": 32.784724, "経度": 130.680977, "url": "https://www.iryou.teikyouseido.mhlw.go.jp/znk-web/juminkanja/S2430/initialize?prefCd=43&kikanCd=243322516&kikanKbn=2", "url2": null, "内容": "はせがわクリニック【2:診療所】【診療科目:内科_小児科_胃腸科】熊本県熊本市西区春日７ー１９ー３８" }, "geometry": { "type": "Point", "coordinates": [ 130.680977, 32.784724 ] } },
{ "type": "Feature", "properties": { "ID": 432243322545, "正式名称": "城山耳鼻咽喉科", "機関区分": 2, "都道府県コード": 43, "市区町村コード": 103, "所在地": "熊本県熊本市西区城山大塘１ー２４ー１９", "緯度": 32.777424, "経度": 130.657155, "url": "https://www.iryou.teikyouseido.mhlw.go.jp/znk-web/juminkanja/S2430/initialize?prefCd=43&kikanCd=243322545&kikanKbn=2", "url2": "jozan-mimi.com", "内容": "城山耳鼻咽喉科【2:診療所】【診療科目:小児耳鼻いんこう科_頭頸部・耳鼻いんこう科_アレルギー科】熊本県熊本市西区城山大塘１ー２４ー１９" }, "geometry": { "type": "Point", "coordinates": [ 130.657155, 32.777424 ] } },
{ "type": "Feature", "properties": { "ID": 432243322558, "正式名称": "三和クリニック", "機関区分": 2, "都道府県コード": 43, "市区町村コード": 103, "所在地": "熊本県熊本市西区城山下代３ー６ー１", "緯度": 32.777124, "経度": 130.652105, "url": "https://www.iryou.teikyouseido.mhlw.go.jp/znk-web/juminkanja/S2430/initialize?prefCd=43&kikanCd=243322558&kikanKbn=2", "url2": null, "内容": "三和クリニック【2:診療所】【診療科目:内科_小児科】熊本県熊本市西区城山下代３ー６ー１" }, "geometry": { "type": "Point", "coordinates": [ 130.652105, 32.777124 ] } },
{ "type": "Feature", "properties": { "ID": 432243322561, "正式名称": "熊本ファミリーメンタルクリニック", "機関区分": 2, "都道府県コード": 43, "市区町村コード": 101, "所在地": "熊本県熊本市中央区辛島町６ー２ペアレントビル６０２号", "緯度": 32.798931, "経度": 130.702614, "url": "https://www.iryou.teikyouseido.mhlw.go.jp/znk-web/juminkanja/S2430/initialize?prefCd=43&kikanCd=243322561&kikanKbn=2", "url2": "https://www.kumamoto-family-mental.com/", "内容": "熊本ファミリーメンタルクリニック【2:診療所】【診療科目:精神科_心療内科】熊本県熊本市中央区辛島町６ー２ペアレントビル６０２号" }, "geometry": { "type": "Point", "coordinates": [ 130.702614, 32.798931 ] } },
{ "type": "Feature", "properties": { "ID": 432243322587, "正式名称": "かたおか整形外科・リウマチ科", "機関区分": 2, "都道府県コード": 43, "市区町村コード": 103, "所在地": "熊本県熊本市西区城山下代３ー１ー６", "緯度": 32.776799, "経度": 130.655416, "url": "https://www.iryou.teikyouseido.mhlw.go.jp/znk-web/juminkanja/S2430/initialize?prefCd=43&kikanCd=243322587&kikanKbn=2", "url2": null, "内容": "かたおか整形外科・リウマチ科【2:診療所】【診療科目:整形外科_リウマチ科_リハビリテーション科】熊本県熊本市西区城山下代３ー１ー６" }, "geometry": { "type": "Point", "coordinates": [ 130.655416, 32.776799 ] } },
{ "type": "Feature", "properties": { "ID": 432243322620, "正式名称": "はらぐちこどもクリニック", "機関区分": 2, "都道府県コード": 43, "市区町村コード": 105, "所在地": "熊本県熊本市北区麻生田２ー１ー６", "緯度": 32.848047, "経度": 130.742503, "url": "https://www.iryou.teikyouseido.mhlw.go.jp/znk-web/juminkanja/S2430/initialize?prefCd=43&kikanCd=243322620&kikanKbn=2", "url2": "nttbj.itp.ne.jp/0963863211/index.html", "内容": "はらぐちこどもクリニック【2:診療所】【診療科目:小児科】熊本県熊本市北区麻生田２ー１ー６" }, "geometry": { "type": "Point", "coordinates": [ 130.742503, 32.848047 ] } },
{ "type": "Feature", "properties": { "ID": 432243322675, "正式名称": "城間整形外科", "機関区分": 2, "都道府県コード": 43, "市区町村コード": 103, "所在地": "熊本県熊本市西区出町４ー４", "緯度": 32.822674, "経度": 130.706824, "url": "https://www.iryou.teikyouseido.mhlw.go.jp/znk-web/juminkanja/S2430/initialize?prefCd=43&kikanCd=243322675&kikanKbn=2", "url2": null, "内容": "城間整形外科【2:診療所】【診療科目:整形外科_リハビリテーション科】熊本県熊本市西区出町４ー４" }, "geometry": { "type": "Point", "coordinates": [ 130.706824, 32.822674 ] } },
{ "type": "Feature", "properties": { "ID": 432243322688, "正式名称": "かねみつ胃腸科外科医院", "機関区分": 2, "都道府県コード": 43, "市区町村コード": 103, "所在地": "熊本県熊本市西区新土河原２ー３ー４３", "緯度": 32.775769, "経度": 130.671931, "url": "https://www.iryou.teikyouseido.mhlw.go.jp/znk-web/juminkanja/S2430/initialize?prefCd=43&kikanCd=243322688&kikanKbn=2", "url2": null, "内容": "かねみつ胃腸科外科医院【2:診療所】【診療科目:内科_消化器内科_外科_整形外科_リハビリテーション科】熊本県熊本市西区新土河原２ー３ー４３" }, "geometry": { "type": "Point", "coordinates": [ 130.671931, 32.775769 ] } },
{ "type": "Feature", "properties": { "ID": 432243322691, "正式名称": "いなだ眼科", "機関区分": 2, "都道府県コード": 43, "市区町村コード": 103, "所在地": "熊本県熊本市西区花園２ー１ー５８", "緯度": 32.814374, "経度": 130.695217, "url": "https://www.iryou.teikyouseido.mhlw.go.jp/znk-web/juminkanja/S2430/initialize?prefCd=43&kikanCd=243322691&kikanKbn=2", "url2": "http://www.inadaganka.jp", "内容": "いなだ眼科【2:診療所】【診療科目:眼科】熊本県熊本市西区花園２ー１ー５８" }, "geometry": { "type": "Point", "coordinates": [ 130.695217, 32.814374 ] } },
{ "type": "Feature", "properties": { "ID": 432243322718, "正式名称": "清水まんごくクリニック", "機関区分": 2, "都道府県コード": 43, "市区町村コード": 105, "所在地": "熊本県熊本市北区清水万石４ー１ー５", "緯度": 32.833768, "経度": 130.725959, "url": "https://www.iryou.teikyouseido.mhlw.go.jp/znk-web/juminkanja/S2430/initialize?prefCd=43&kikanCd=243322718&kikanKbn=2", "url2": "http://mangoku-cl.com/", "内容": "清水まんごくクリニック【2:診療所】【診療科目:内科_循環器内科_小児科】熊本県熊本市北区清水万石４ー１ー５" }, "geometry": { "type": "Point", "coordinates": [ 130.725959, 32.833768 ] } },
{ "type": "Feature", "properties": { "ID": 432243322721, "正式名称": "なかがわ整形", "機関区分": 2, "都道府県コード": 43, "市区町村コード": 404, "所在地": "カニサトウナイカ", "緯度": 32.851621, "経度": 130.764249, "url": "https://www.iryou.teikyouseido.mhlw.go.jp/znk-web/juminkanja/S2430/initialize?prefCd=43&kikanCd=243322721&kikanKbn=2", "url2": "http://www.nakagawaseikei.com", "内容": "なかがわ整形【2:診療所】【診療科目:整形外科_形成外科_リハビリテーション科】カニサトウナイカ" }, "geometry": { "type": "Point", "coordinates": [ 130.764249, 32.851621 ] } },
{ "type": "Feature", "properties": { "ID": 432243322734, "正式名称": "髙田千年クリニック", "機関区分": 2, "都道府県コード": 43, "市区町村コード": 101, "所在地": "熊本県熊本市中央区新町１ー８ー１７", "緯度": 32.802447, "経度": 130.697125, "url": "https://www.iryou.teikyouseido.mhlw.go.jp/znk-web/juminkanja/S2430/initialize?prefCd=43&kikanCd=243322734&kikanKbn=2", "url2": "http://www.takadachitose.or.jp", "内容": "髙田千年クリニック【2:診療所】【診療科目:内科_呼吸器内科_消化器内科_放射線科】熊本県熊本市中央区新町１ー８ー１７" }, "geometry": { "type": "Point", "coordinates": [ 130.697125, 32.802447 ] } },
{ "type": "Feature", "properties": { "ID": 432243322747, "正式名称": "上原胃腸科外科小児科クリニック", "機関区分": 2, "都道府県コード": 43, "市区町村コード": 105, "所在地": "熊本県熊本市北区武蔵ケ丘１ー８ー２３", "緯度": 32.850335, "経度": 130.769373, "url": "https://www.iryou.teikyouseido.mhlw.go.jp/znk-web/juminkanja/S2430/initialize?prefCd=43&kikanCd=243322747&kikanKbn=2", "url2": null, "内容": "上原胃腸科外科小児科クリニック【2:診療所】【診療科目:内科_消化器内科_外科_小児科】熊本県熊本市北区武蔵ケ丘１ー８ー２３" }, "geometry": { "type": "Point", "coordinates": [ 130.769373, 32.850335 ] } },
{ "type": "Feature", "properties": { "ID": 432243322763, "正式名称": "西村クリニック", "機関区分": 2, "都道府県コード": 43, "市区町村コード": 105, "所在地": "熊本県熊本市北区武蔵ケ丘９ー３ー１１", "緯度": 32.856238, "経度": 130.778156, "url": "https://www.iryou.teikyouseido.mhlw.go.jp/znk-web/juminkanja/S2430/initialize?prefCd=43&kikanCd=243322763&kikanKbn=2", "url2": "http://www.myclinic.ne.jp/nisimura/pc/", "内容": "西村クリニック【2:診療所】【診療科目:内科_呼吸器内科_循環器内科_消化器内科_呼吸器科（改行）胃腸科（改行）循環器科】熊本県熊本市北区武蔵ケ丘９ー３ー１１" }, "geometry": { "type": "Point", "coordinates": [ 130.778156, 32.856238 ] } },
{ "type": "Feature", "properties": { "ID": 432243322789, "正式名称": "医療法人大光会　城北胃腸科内科クリニック", "機関区分": 2, "都道府県コード": 43, "市区町村コード": 105, "所在地": "熊本県熊本市北区高平３ー１４ー３５", "緯度": 32.839539, "経度": 130.717974, "url": "https://www.iryou.teikyouseido.mhlw.go.jp/znk-web/juminkanja/S2430/initialize?prefCd=43&kikanCd=243322789&kikanKbn=2", "url2": "http://johoku-clinic.com/", "内容": "医療法人大光会　城北胃腸科内科クリニック【2:診療所】【診療科目:内科_消化器内科】熊本県熊本市北区高平３ー１４ー３５" }, "geometry": { "type": "Point", "coordinates": [ 130.717974, 32.839539 ] } },
{ "type": "Feature", "properties": { "ID": 432243322792, "正式名称": "おがた小児科内科医院", "機関区分": 2, "都道府県コード": 43, "市区町村コード": 105, "所在地": "熊本県熊本市北区飛田３ー９ー２０", "緯度": 32.85336, "経度": 130.719093, "url": "https://www.iryou.teikyouseido.mhlw.go.jp/znk-web/juminkanja/S2430/initialize?prefCd=43&kikanCd=243322792&kikanKbn=2", "url2": "https://www.ogata-sickkids.or.jp/", "内容": "おがた小児科内科医院【2:診療所】【診療科目:内科_小児科_アレルギー科_麻酔科】熊本県熊本市北区飛田３ー９ー２０" }, "geometry": { "type": "Point", "coordinates": [ 130.719093, 32.85336 ] } },
{ "type": "Feature", "properties": { "ID": 432243322819, "正式名称": "よしむら産婦人科皮ふ科クリニック", "機関区分": 2, "都道府県コード": 43, "市区町村コード": 101, "所在地": "熊本県熊本市中央区子飼本町６ー２０", "緯度": 32.812969, "経度": 130.721895, "url": "https://www.iryou.teikyouseido.mhlw.go.jp/znk-web/juminkanja/S2430/initialize?prefCd=43&kikanCd=243322819&kikanKbn=2", "url2": "http://www.yoshimura-gdc.jp/", "内容": "よしむら産婦人科皮ふ科クリニック【2:診療所】【診療科目:内科_産婦人科_婦人科_皮膚科】熊本県熊本市中央区子飼本町６ー２０" }, "geometry": { "type": "Point", "coordinates": [ 130.721895, 32.812969 ] } },
{ "type": "Feature", "properties": { "ID": 432243322822, "正式名称": "高木クリニック　内科・消化器内科", "機関区分": 2, "都道府県コード": 43, "市区町村コード": 105, "所在地": "熊本県熊本市北区清水岩倉１ー１ー１１", "緯度": 32.841629, "経度": 130.734832, "url": "https://www.iryou.teikyouseido.mhlw.go.jp/znk-web/juminkanja/S2430/initialize?prefCd=43&kikanCd=243322822&kikanKbn=2", "url2": null, "内容": "高木クリニック　内科・消化器内科【2:診療所】【診療科目:内科_消化器内科】熊本県熊本市北区清水岩倉１ー１ー１１" }, "geometry": { "type": "Point", "coordinates": [ 130.734832, 32.841629 ] } },
{ "type": "Feature", "properties": { "ID": 432243322835, "正式名称": "みずもとこどもクリニック", "機関区分": 2, "都道府県コード": 43, "市区町村コード": 103, "所在地": "熊本県熊本市西区上代４ー１２ー１０", "緯度": 32.776602, "経度": 130.670759, "url": "https://www.iryou.teikyouseido.mhlw.go.jp/znk-web/juminkanja/S2430/initialize?prefCd=43&kikanCd=243322835&kikanKbn=2", "url2": null, "内容": "みずもとこどもクリニック【2:診療所】【診療科目:小児科_アレルギー科】熊本県熊本市西区上代４ー１２ー１０" }, "geometry": { "type": "Point", "coordinates": [ 130.670759, 32.776602 ] } },
{ "type": "Feature", "properties": { "ID": 432243322864, "正式名称": "村上耳鼻咽喉科医院", "機関区分": 2, "都道府県コード": 43, "市区町村コード": 103, "所在地": "熊本県熊本市西区池田１ー３２ー６６", "緯度": 32.825987, "経度": 130.707505, "url": "https://www.iryou.teikyouseido.mhlw.go.jp/znk-web/juminkanja/S2430/initialize?prefCd=43&kikanCd=243322864&kikanKbn=2", "url2": "http://mrk-jibika.byoinnavi.jp/pc/", "内容": "村上耳鼻咽喉科医院【2:診療所】【診療科目:気管食道・耳鼻いんこう科_アレルギー科】熊本県熊本市西区池田１ー３２ー６６" }, "geometry": { "type": "Point", "coordinates": [ 130.707505, 32.825987 ] } },
{ "type": "Feature", "properties": { "ID": 432243330052, "正式名称": "仁誠会クリニック新屋敷", "機関区分": 2, "都道府県コード": 43, "市区町村コード": 101, "所在地": "熊本県熊本市中央区新屋敷１ー１４ー２", "緯度": 32.801006, "経度": 130.717237, "url": "https://www.iryou.teikyouseido.mhlw.go.jp/znk-web/juminkanja/S2430/initialize?prefCd=43&kikanCd=243330052&kikanKbn=2", "url2": "http://www.jinseikai.or.jp", "内容": "仁誠会クリニック新屋敷【2:診療所】【診療科目:内科_糖尿病内科_循環器内科_腎臓内科_人工透析内科_皮膚科】熊本県熊本市中央区新屋敷１ー１４ー２" }, "geometry": { "type": "Point", "coordinates": [ 130.717237, 32.801006 ] } },
{ "type": "Feature", "properties": { "ID": 432243330065, "正式名称": "吉田耳鼻咽喉科クリニック", "機関区分": 2, "都道府県コード": 43, "市区町村コード": 105, "所在地": "熊本県熊本市北区飛田３ー９ー２２", "緯度": 32.853374, "経度": 130.71944, "url": "https://www.iryou.teikyouseido.mhlw.go.jp/znk-web/juminkanja/S2430/initialize?prefCd=43&kikanCd=243330065&kikanKbn=2", "url2": null, "内容": "吉田耳鼻咽喉科クリニック【2:診療所】【診療科目:耳鼻いんこう科_アレルギー科】熊本県熊本市北区飛田３ー９ー２２" }, "geometry": { "type": "Point", "coordinates": [ 130.71944, 32.853374 ] } },
{ "type": "Feature", "properties": { "ID": 432243330081, "正式名称": "県庁前クリニック", "機関区分": 2, "都道府県コード": 43, "市区町村コード": 101, "所在地": "熊本県熊本市中央区水前寺６ー２３ー１５", "緯度": 32.788047, "経度": 130.742373, "url": "https://www.iryou.teikyouseido.mhlw.go.jp/znk-web/juminkanja/S2430/initialize?prefCd=43&kikanCd=243330081&kikanKbn=2", "url2": null, "内容": "県庁前クリニック【2:診療所】【診療科目:内科_消化器内科】熊本県熊本市中央区水前寺６ー２３ー１５" }, "geometry": { "type": "Point", "coordinates": [ 130.742373, 32.788047 ] } },
{ "type": "Feature", "properties": { "ID": 432243330108, "正式名称": "うちの産婦人科", "機関区分": 2, "都道府県コード": 43, "市区町村コード": 104, "所在地": "熊本県熊本市南区八幡５ー１０ー１２", "緯度": 32.745499, "経度": 130.680798, "url": "https://www.iryou.teikyouseido.mhlw.go.jp/znk-web/juminkanja/S2430/initialize?prefCd=43&kikanCd=243330108&kikanKbn=2", "url2": "http://www.uchino.or.jp", "内容": "うちの産婦人科【2:診療所】【診療科目:産婦人科_産科_婦人科】熊本県熊本市南区八幡５ー１０ー１２" }, "geometry": { "type": "Point", "coordinates": [ 130.680798, 32.745499 ] } },
{ "type": "Feature", "properties": { "ID": 432243330124, "正式名称": "竹下内科医院", "機関区分": 2, "都道府県コード": 43, "市区町村コード": 101, "所在地": "熊本県熊本市中央区大江５ー４ー６", "緯度": 32.796899, "経度": 130.721798, "url": "https://www.iryou.teikyouseido.mhlw.go.jp/znk-web/juminkanja/S2430/initialize?prefCd=43&kikanCd=243330124&kikanKbn=2", "url2": "https://www.takeshitanaika.com", "内容": "竹下内科医院【2:診療所】【診療科目:内科_消化器内科】熊本県熊本市中央区大江５ー４ー６" }, "geometry": { "type": "Point", "coordinates": [ 130.721798, 32.796899 ] } },
{ "type": "Feature", "properties": { "ID": 432243330140, "正式名称": "河本内科・小児科クリニック", "機関区分": 2, "都道府県コード": 43, "市区町村コード": 105, "所在地": "熊本県熊本市北区徳王１ー７ー１", "緯度": 32.840053, "経度": 130.709269, "url": "https://www.iryou.teikyouseido.mhlw.go.jp/znk-web/juminkanja/S2430/initialize?prefCd=43&kikanCd=243330140&kikanKbn=2", "url2": "http://www.koumoto-cl.com/", "内容": "河本内科・小児科クリニック【2:診療所】【診療科目:内科_小児科】熊本県熊本市北区徳王１ー７ー１" }, "geometry": { "type": "Point", "coordinates": [ 130.709269, 32.840053 ] } },
{ "type": "Feature", "properties": { "ID": 432243330153, "正式名称": "川原整形外科", "機関区分": 2, "都道府県コード": 43, "市区町村コード": 101, "所在地": "熊本県熊本市中央区新大江２ー１９ー１５", "緯度": 32.80159, "経度": 130.734123, "url": "https://www.iryou.teikyouseido.mhlw.go.jp/znk-web/juminkanja/S2430/initialize?prefCd=43&kikanCd=243330153&kikanKbn=2", "url2": "kawahara-seikeigeka.com", "内容": "川原整形外科【2:診療所】【診療科目:内科_整形外科_形成外科_リウマチ科_リハビリテーション科】熊本県熊本市中央区新大江２ー１９ー１５" }, "geometry": { "type": "Point", "coordinates": [ 130.734123, 32.80159 ] } },
{ "type": "Feature", "properties": { "ID": 432243330166, "正式名称": "田上内科クリニック", "機関区分": 2, "都道府県コード": 43, "市区町村コード": 102, "所在地": "熊本県熊本市東区東本町１ー１田上ビル２Ｆ", "緯度": 32.780258, "経度": 130.761588, "url": "https://www.iryou.teikyouseido.mhlw.go.jp/znk-web/juminkanja/S2430/initialize?prefCd=43&kikanCd=243330166&kikanKbn=2", "url2": null, "内容": "田上内科クリニック【2:診療所】【診療科目:内科_呼吸器内科_胃腸内科_腎臓内科_小児科】熊本県熊本市東区東本町１ー１田上ビル２Ｆ" }, "geometry": { "type": "Point", "coordinates": [ 130.761588, 32.780258 ] } },
{ "type": "Feature", "properties": { "ID": 432243330182, "正式名称": "熊本市医師会ヘルスケアセンター", "機関区分": 2, "都道府県コード": 43, "市区町村コード": 101, "所在地": "熊本県熊本市中央区本荘５ー１５ー１２", "緯度": 32.794173, "経度": 130.707786, "url": "https://www.iryou.teikyouseido.mhlw.go.jp/znk-web/juminkanja/S2430/initialize?prefCd=43&kikanCd=243330182&kikanKbn=2", "url2": "http://www2.city.kumamoto.med.or.jp/healthcare_center/", "内容": "熊本市医師会ヘルスケアセンター【2:診療所】【診療科目:内科】熊本県熊本市中央区本荘５ー１５ー１２" }, "geometry": { "type": "Point", "coordinates": [ 130.707786, 32.794173 ] } },
{ "type": "Feature", "properties": { "ID": 432243330195, "正式名称": "西村内科医院", "機関区分": 2, "都道府県コード": 43, "市区町村コード": 102, "所在地": "熊本県熊本市東区花立１ー４ー１０", "緯度": 32.778109, "経度": 130.773454, "url": "https://www.iryou.teikyouseido.mhlw.go.jp/znk-web/juminkanja/S2430/initialize?prefCd=43&kikanCd=243330195&kikanKbn=2", "url2": null, "内容": "西村内科医院【2:診療所】【診療科目:内科_小児科_アレルギー科_リハビリテーション科_呼吸器科（改行）消化器科（改行）循環器科】熊本県熊本市東区花立１ー４ー１０" }, "geometry": { "type": "Point", "coordinates": [ 130.773454, 32.778109 ] } },
{ "type": "Feature", "properties": { "ID": 432243330209, "正式名称": "医療法人社団　祐湧会　川口内科クリニック", "機関区分": 2, "都道府県コード": 43, "市区町村コード": 102, "所在地": "熊本県熊本市東区湖東１ー２ー１９", "緯度": 32.782063, "経度": 130.74765, "url": "https://www.iryou.teikyouseido.mhlw.go.jp/znk-web/juminkanja/S2430/initialize?prefCd=43&kikanCd=243330209&kikanKbn=2", "url2": "https://www.kawaguchinaika.com", "内容": "医療法人社団　祐湧会　川口内科クリニック【2:診療所】【診療科目:内科_呼吸器内科_消化器内科_小児科_アレルギー科】熊本県熊本市東区湖東１ー２ー１９" }, "geometry": { "type": "Point", "coordinates": [ 130.74765, 32.782063 ] } },
{ "type": "Feature", "properties": { "ID": 432243330225, "正式名称": "たけの胃腸科内科", "機関区分": 2, "都道府県コード": 43, "市区町村コード": 104, "所在地": "熊本県熊本市南区野口２ー１２ー１", "緯度": 32.767114, "経度": 130.672712, "url": "https://www.iryou.teikyouseido.mhlw.go.jp/znk-web/juminkanja/S2430/initialize?prefCd=43&kikanCd=243330225&kikanKbn=2", "url2": null, "内容": "たけの胃腸科内科【2:診療所】【診療科目:内科_胃腸内科】熊本県熊本市南区野口２ー１２ー１" }, "geometry": { "type": "Point", "coordinates": [ 130.672712, 32.767114 ] } },
{ "type": "Feature", "properties": { "ID": 432243330254, "正式名称": "レディースクリニックなかむら", "機関区分": 2, "都道府県コード": 43, "市区町村コード": 102, "所在地": "熊本県熊本市東区長嶺南１ー５ー４８", "緯度": 32.81175, "経度": 130.76626, "url": "https://www.iryou.teikyouseido.mhlw.go.jp/znk-web/juminkanja/S2430/initialize?prefCd=43&kikanCd=243330254&kikanKbn=2", "url2": "http://www.lc-nakamura.com/", "内容": "レディースクリニックなかむら【2:診療所】【診療科目:産婦人科】熊本県熊本市東区長嶺南１ー５ー４８" }, "geometry": { "type": "Point", "coordinates": [ 130.76626, 32.81175 ] } },
{ "type": "Feature", "properties": { "ID": 432243330267, "正式名称": "有明海リハビリテーションクリニック", "機関区分": 2, "都道府県コード": 43, "市区町村コード": 104, "所在地": "熊本県熊本市南区奥古閑町４３７５ー３", "緯度": 32.730191, "経度": 130.621181, "url": "https://www.iryou.teikyouseido.mhlw.go.jp/znk-web/juminkanja/S2430/initialize?prefCd=43&kikanCd=243330267&kikanKbn=2", "url2": "https://www.juryo.or.jp/group/ariakekai/", "内容": "有明海リハビリテーションクリニック【2:診療所】【診療科目:脳神経内科_整形外科_リウマチ科_リハビリテーション科】熊本県熊本市南区奥古閑町４３７５ー３" }, "geometry": { "type": "Point", "coordinates": [ 130.621181, 32.730191 ] } },
{ "type": "Feature", "properties": { "ID": 432243330313, "正式名称": "健軍熊本泌尿器科", "機関区分": 2, "都道府県コード": 43, "市区町村コード": 102, "所在地": "熊本県熊本市東区健軍３ー５０ー１", "緯度": 32.779003, "経度": 130.759444, "url": "https://www.iryou.teikyouseido.mhlw.go.jp/znk-web/juminkanja/S2430/initialize?prefCd=43&kikanCd=243330313&kikanKbn=2", "url2": "https://takahashi-urology.com", "内容": "健軍熊本泌尿器科【2:診療所】【診療科目:その他（外科系）_小児泌尿器科_泌尿器科】熊本県熊本市東区健軍３ー５０ー１" }, "geometry": { "type": "Point", "coordinates": [ 130.759444, 32.779003 ] } },
{ "type": "Feature", "properties": { "ID": 432243330326, "正式名称": "上通りメンタルクリニック", "機関区分": 2, "都道府県コード": 43, "市区町村コード": 101, "所在地": "熊本県熊本市中央区上通町５ー２０セントラルハイツ２０２", "緯度": 32.80397, "経度": 130.712341, "url": "https://www.iryou.teikyouseido.mhlw.go.jp/znk-web/juminkanja/S2430/initialize?prefCd=43&kikanCd=243330326&kikanKbn=2", "url2": "http://kamitori-mental.com/", "内容": "上通りメンタルクリニック【2:診療所】【診療科目:精神科_心療内科】熊本県熊本市中央区上通町５ー２０セントラルハイツ２０２" }, "geometry": { "type": "Point", "coordinates": [ 130.712341, 32.80397 ] } },
{ "type": "Feature", "properties": { "ID": 432243330339, "正式名称": "堤整形外科クリニック", "機関区分": 2, "都道府県コード": 43, "市区町村コード": 101, "所在地": "熊本県熊本市中央区大江１ー２０ー２", "緯度": 32.807553, "経度": 130.724515, "url": "https://www.iryou.teikyouseido.mhlw.go.jp/znk-web/juminkanja/S2430/initialize?prefCd=43&kikanCd=243330339&kikanKbn=2", "url2": "http://www.tsutsumiclinic.com/", "内容": "堤整形外科クリニック【2:診療所】【診療科目:内科_外科_整形外科_リウマチ科_リハビリテーション科_麻酔科】熊本県熊本市中央区大江１ー２０ー２" }, "geometry": { "type": "Point", "coordinates": [ 130.724515, 32.807553 ] } },
{ "type": "Feature", "properties": { "ID": 432243330368, "正式名称": "京塚クリニック", "機関区分": 2, "都道府県コード": 43, "市区町村コード": 101, "所在地": "熊本県熊本市中央区帯山３ー３８ー１３", "緯度": 32.797552, "経度": 130.749428, "url": "https://www.iryou.teikyouseido.mhlw.go.jp/znk-web/juminkanja/S2430/initialize?prefCd=43&kikanCd=243330368&kikanKbn=2", "url2": "http://www.kyozuka-clinic.com/", "内容": "京塚クリニック【2:診療所】【診療科目:内科_整形外科_リウマチ科_リハビリテーション科】熊本県熊本市中央区帯山３ー３８ー１３" }, "geometry": { "type": "Point", "coordinates": [ 130.749428, 32.797552 ] } },
{ "type": "Feature", "properties": { "ID": 432243330401, "正式名称": "中村こころのクリニック", "機関区分": 2, "都道府県コード": 43, "市区町村コード": 104, "所在地": "熊本県熊本市南区田迎４ー９ー３６", "緯度": 32.776964, "経度": 130.715888, "url": "https://www.iryou.teikyouseido.mhlw.go.jp/znk-web/juminkanja/S2430/initialize?prefCd=43&kikanCd=243330401&kikanKbn=2", "url2": null, "内容": "中村こころのクリニック【2:診療所】【診療科目:精神科_神経科_心療内科】熊本県熊本市南区田迎４ー９ー３６" }, "geometry": { "type": "Point", "coordinates": [ 130.715888, 32.776964 ] } },
{ "type": "Feature", "properties": { "ID": 432243330414, "正式名称": "おがた胃腸科内科", "機関区分": 2, "都道府県コード": 43, "市区町村コード": 104, "所在地": "熊本県熊本市南区平田１ー１３ー６", "緯度": 32.772897, "経度": 130.693874, "url": "https://www.iryou.teikyouseido.mhlw.go.jp/znk-web/juminkanja/S2430/initialize?prefCd=43&kikanCd=243330414&kikanKbn=2", "url2": "http://www.ogata-ichouka.com/", "内容": "おがた胃腸科内科【2:診療所】【診療科目:内科_呼吸器内科_循環器内科_消化器内科】熊本県熊本市南区平田１ー１３ー６" }, "geometry": { "type": "Point", "coordinates": [ 130.693874, 32.772897 ] } },
{ "type": "Feature", "properties": { "ID": 432243330443, "正式名称": "室原内科・小児科", "機関区分": 2, "都道府県コード": 43, "市区町村コード": 101, "所在地": "熊本県熊本市中央区国府１ー１１ー９", "緯度": 32.792829, "経度": 130.727351, "url": "https://www.iryou.teikyouseido.mhlw.go.jp/znk-web/juminkanja/S2430/initialize?prefCd=43&kikanCd=243330443&kikanKbn=2", "url2": "http://www.kikunan-hospital.com", "内容": "室原内科・小児科【2:診療所】【診療科目:内科_感染症内科_糖尿病内科_呼吸器内科_循環器内科_消化器内科_老年内科_小児科_放射線科】熊本県熊本市中央区国府１ー１１ー９" }, "geometry": { "type": "Point", "coordinates": [ 130.727351, 32.792829 ] } },
{ "type": "Feature", "properties": { "ID": 432243330456, "正式名称": "仁誠会クリニックながみね", "機関区分": 2, "都道府県コード": 43, "市区町村コード": 102, "所在地": "熊本県熊本市東区戸島西２ー３ー１０", "緯度": 32.811218, "経度": 130.781148, "url": "https://www.iryou.teikyouseido.mhlw.go.jp/znk-web/juminkanja/S2430/initialize?prefCd=43&kikanCd=243330456&kikanKbn=2", "url2": "http://www.jinseikai.or.jp", "内容": "仁誠会クリニックながみね【2:診療所】【診療科目:内科_腎臓内科_人工透析内科_皮膚科】熊本県熊本市東区戸島西２ー３ー１０" }, "geometry": { "type": "Point", "coordinates": [ 130.781148, 32.811218 ] } },
{ "type": "Feature", "properties": { "ID": 432243330472, "正式名称": "さかぐち小児科医院", "機関区分": 2, "都道府県コード": 43, "市区町村コード": 102, "所在地": "熊本県熊本市東区戸島西３ー１ー３５", "緯度": 32.81282, "経度": 130.780518, "url": "https://www.iryou.teikyouseido.mhlw.go.jp/znk-web/juminkanja/S2430/initialize?prefCd=43&kikanCd=243330472&kikanKbn=2", "url2": "https://www.saka-kids.com", "内容": "さかぐち小児科医院【2:診療所】【診療科目:小児科】熊本県熊本市東区戸島西３ー１ー３５" }, "geometry": { "type": "Point", "coordinates": [ 130.780518, 32.81282 ] } },
{ "type": "Feature", "properties": { "ID": 432243330485, "正式名称": "松原リウマチ科・整形外科", "機関区分": 2, "都道府県コード": 43, "市区町村コード": 102, "所在地": "熊本県熊本市東区月出５ー３ー１５", "緯度": 32.803426, "経度": 130.773627, "url": "https://www.iryou.teikyouseido.mhlw.go.jp/znk-web/juminkanja/S2430/initialize?prefCd=43&kikanCd=243330485&kikanKbn=2", "url2": "https://kmroc.jp/", "内容": "松原リウマチ科・整形外科【2:診療所】【診療科目:内科_整形外科_リウマチ科_リハビリテーション科】熊本県熊本市東区月出５ー３ー１５" }, "geometry": { "type": "Point", "coordinates": [ 130.773627, 32.803426 ] } },
{ "type": "Feature", "properties": { "ID": 432243330498, "正式名称": "庄野循環器科内科医院", "機関区分": 2, "都道府県コード": 43, "市区町村コード": 102, "所在地": "熊本県熊本市東区健軍４ー５ー４", "緯度": 32.781842, "経度": 130.750367, "url": "https://www.iryou.teikyouseido.mhlw.go.jp/znk-web/juminkanja/S2430/initialize?prefCd=43&kikanCd=243330498&kikanKbn=2", "url2": "http://shono-junkanki.com/", "内容": "庄野循環器科内科医院【2:診療所】【診療科目:内科_循環器内科】熊本県熊本市東区健軍４ー５ー４" }, "geometry": { "type": "Point", "coordinates": [ 130.750367, 32.781842 ] } },
{ "type": "Feature", "properties": { "ID": 432243330528, "正式名称": "もりの木クリニック", "機関区分": 2, "都道府県コード": 43, "市区町村コード": 102, "所在地": "熊本県熊本市東区長嶺南３ー８ー１１２", "緯度": 32.811431, "経度": 130.769732, "url": "https://www.iryou.teikyouseido.mhlw.go.jp/znk-web/juminkanja/S2430/initialize?prefCd=43&kikanCd=243330528&kikanKbn=2", "url2": "http://www.myclinic.ne.jp/morinoki", "内容": "もりの木クリニック【2:診療所】【診療科目:内科_糖尿病・代謝内科_循環器内科_心臓血管内科_消化器内科】熊本県熊本市東区長嶺南３ー８ー１１２" }, "geometry": { "type": "Point", "coordinates": [ 130.769732, 32.811431 ] } },
{ "type": "Feature", "properties": { "ID": 432243330531, "正式名称": "熊本放射線外科", "機関区分": 2, "都道府県コード": 43, "市区町村コード": 101, "所在地": "熊本県熊本市中央区出水７ー９０ー２", "緯度": 32.773731, "経度": 130.728915, "url": "https://www.iryou.teikyouseido.mhlw.go.jp/znk-web/juminkanja/S2430/initialize?prefCd=43&kikanCd=243330531&kikanKbn=2", "url2": "http://www.radiosurgery.or.jp", "内容": "熊本放射線外科【2:診療所】【診療科目:外科_脳神経外科_放射線科】熊本県熊本市中央区出水７ー９０ー２" }, "geometry": { "type": "Point", "coordinates": [ 130.728915, 32.773731 ] } },
{ "type": "Feature", "properties": { "ID": 432243330544, "正式名称": "神崎耳鼻咽喉科医院", "機関区分": 2, "都道府県コード": 43, "市区町村コード": 101, "所在地": "熊本県熊本市中央区水前寺５ー２８ー２４", "緯度": 32.796896, "経度": 130.74287, "url": "https://www.iryou.teikyouseido.mhlw.go.jp/znk-web/juminkanja/S2430/initialize?prefCd=43&kikanCd=243330544&kikanKbn=2", "url2": "https://www.kanzaki-ent.com/", "内容": "神崎耳鼻咽喉科医院【2:診療所】【診療科目:耳鼻いんこう科_耳鼻咽喉科（改行）アレルギー科_アレルギー科】熊本県熊本市中央区水前寺５ー２８ー２４" }, "geometry": { "type": "Point", "coordinates": [ 130.74287, 32.796896 ] } },
{ "type": "Feature", "properties": { "ID": 432243330557, "正式名称": "西部脳神経外科内科", "機関区分": 2, "都道府県コード": 43, "市区町村コード": 103, "所在地": "熊本県熊本市西区上代７ー２９ー２０", "緯度": 32.776985, "経度": 130.663174, "url": "https://www.iryou.teikyouseido.mhlw.go.jp/znk-web/juminkanja/S2430/initialize?prefCd=43&kikanCd=243330557&kikanKbn=2", "url2": "http://www.i-seibu.jp", "内容": "西部脳神経外科内科【2:診療所】【診療科目:内科_神経内科_脳神経外科_リハビリテーション科_放射線科】熊本県熊本市西区上代７ー２９ー２０" }, "geometry": { "type": "Point", "coordinates": [ 130.663174, 32.776985 ] } },
{ "type": "Feature", "properties": { "ID": 432243330586, "正式名称": "ひらやまクリニック", "機関区分": 2, "都道府県コード": 43, "市区町村コード": 105, "所在地": "熊本県熊本市北区武蔵ケ丘５ー２３ー７", "緯度": 32.855096, "経度": 130.772687, "url": "https://www.iryou.teikyouseido.mhlw.go.jp/znk-web/juminkanja/S2430/initialize?prefCd=43&kikanCd=243330586&kikanKbn=2", "url2": "http://hirayama-clinic.net", "内容": "ひらやまクリニック【2:診療所】【診療科目:泌尿器科_性病科】熊本県熊本市北区武蔵ケ丘５ー２３ー７" }, "geometry": { "type": "Point", "coordinates": [ 130.772687, 32.855096 ] } },
{ "type": "Feature", "properties": { "ID": 432243330599, "正式名称": "新町いえむらクリニック", "機関区分": 2, "都道府県コード": 43, "市区町村コード": 101, "所在地": "熊本県熊本市中央区新町１ー７ー１５", "緯度": 32.803094, "経度": 130.697273, "url": "https://www.iryou.teikyouseido.mhlw.go.jp/znk-web/juminkanja/S2430/initialize?prefCd=43&kikanCd=243330599&kikanKbn=2", "url2": "https://s-iemura.info", "内容": "新町いえむらクリニック【2:診療所】【診療科目:内科_消化器内科_小児科】熊本県熊本市中央区新町１ー７ー１５" }, "geometry": { "type": "Point", "coordinates": [ 130.697273, 32.803094 ] } },
{ "type": "Feature", "properties": { "ID": 432243330603, "正式名称": "医療法人武秀会平岡内科クリニック", "機関区分": 2, "都道府県コード": 43, "市区町村コード": 102, "所在地": "熊本県熊本市東区長嶺西１ー６ー９５", "緯度": 32.810976, "経度": 130.763755, "url": "https://www.iryou.teikyouseido.mhlw.go.jp/znk-web/juminkanja/S2430/initialize?prefCd=43&kikanCd=243330603&kikanKbn=2", "url2": "http://https://bushyukai/com", "内容": "医療法人武秀会平岡内科クリニック【2:診療所】【診療科目:内科_糖尿病・内分泌内科_呼吸器内科_循環器内科_消化器内科_アレルギー科_その他】熊本県熊本市東区長嶺西１ー６ー９５" }, "geometry": { "type": "Point", "coordinates": [ 130.763755, 32.810976 ] } },
{ "type": "Feature", "properties": { "ID": 432243330616, "正式名称": "山口胃腸科", "機関区分": 2, "都道府県コード": 43, "市区町村コード": 102, "所在地": "熊本県熊本市東区三郎１ー１４ー２３", "緯度": 32.801662, "経度": 130.758947, "url": "https://www.iryou.teikyouseido.mhlw.go.jp/znk-web/juminkanja/S2430/initialize?prefCd=43&kikanCd=243330616&kikanKbn=2", "url2": "http://yamaguchi-ichouka.net", "内容": "山口胃腸科【2:診療所】【診療科目:内科_消化器内科_胃腸内科】熊本県熊本市東区三郎１ー１４ー２３" }, "geometry": { "type": "Point", "coordinates": [ 130.758947, 32.801662 ] } },
{ "type": "Feature", "properties": { "ID": 432243330632, "正式名称": "佐々木脳神経外科", "機関区分": 2, "都道府県コード": 43, "市区町村コード": 104, "所在地": "熊本県熊本市南区荒尾１ー８ー６３", "緯度": 32.764456, "経度": 130.673184, "url": "https://www.iryou.teikyouseido.mhlw.go.jp/znk-web/juminkanja/S2430/initialize?prefCd=43&kikanCd=243330632&kikanKbn=2", "url2": "http://sasakins1863.byoinnavi.jp/pc/", "内容": "佐々木脳神経外科【2:診療所】【診療科目:神経内科_脳神経外科】熊本県熊本市南区荒尾１ー８ー６３" }, "geometry": { "type": "Point", "coordinates": [ 130.673184, 32.764456 ] } },
{ "type": "Feature", "properties": { "ID": 432243330658, "正式名称": "おかもとクリニック", "機関区分": 2, "都道府県コード": 43, "市区町村コード": 102, "所在地": "熊本県熊本市東区月出２ー４ー１", "緯度": 32.802909, "経度": 130.761072, "url": "https://www.iryou.teikyouseido.mhlw.go.jp/znk-web/juminkanja/S2430/initialize?prefCd=43&kikanCd=243330658&kikanKbn=2", "url2": null, "内容": "おかもとクリニック【2:診療所】【診療科目:内科_消化器内科_小児科】熊本県熊本市東区月出２ー４ー１" }, "geometry": { "type": "Point", "coordinates": [ 130.761072, 32.802909 ] } },
{ "type": "Feature", "properties": { "ID": 432243330661, "正式名称": "医療法人社団ふじの医院", "機関区分": 2, "都道府県コード": 43, "市区町村コード": 104, "所在地": "熊本県熊本市南区良町１ー６ー３６", "緯度": 32.763338, "経度": 130.720011, "url": "https://www.iryou.teikyouseido.mhlw.go.jp/znk-web/juminkanja/S2430/initialize?prefCd=43&kikanCd=243330661&kikanKbn=2", "url2": null, "内容": "医療法人社団ふじの医院【2:診療所】【診療科目:内科_呼吸器内科_消化器内科_外科】熊本県熊本市南区良町１ー６ー３６" }, "geometry": { "type": "Point", "coordinates": [ 130.720011, 32.763338 ] } },
{ "type": "Feature", "properties": { "ID": 432243330674, "正式名称": "アクアつかさクリニック", "機関区分": 2, "都道府県コード": 43, "市区町村コード": 105, "所在地": "熊本県熊本市北区鶴羽田１ー１４ー１", "緯度": 32.854995, "経度": 130.725653, "url": "https://www.iryou.teikyouseido.mhlw.go.jp/znk-web/juminkanja/S2430/initialize?prefCd=43&kikanCd=243330674&kikanKbn=2", "url2": "https://www.aquatsukasa.com", "内容": "アクアつかさクリニック【2:診療所】【診療科目:内科_呼吸器内科_循環器内科_発熱外来_小児科_アレルギー科】熊本県熊本市北区鶴羽田１ー１４ー１" }, "geometry": { "type": "Point", "coordinates": [ 130.725653, 32.854995 ] } },
{ "type": "Feature", "properties": { "ID": 432243330704, "正式名称": "夢診療所", "機関区分": 2, "都道府県コード": 43, "市区町村コード": 101, "所在地": "熊本県熊本市中央区萩原町２ー８", "緯度": 32.783722, "経度": 130.709928, "url": "https://www.iryou.teikyouseido.mhlw.go.jp/znk-web/juminkanja/S2430/initialize?prefCd=43&kikanCd=243330704&kikanKbn=2", "url2": null, "内容": "夢診療所【2:診療所】【診療科目:内科_小児科】熊本県熊本市中央区萩原町２ー８" }, "geometry": { "type": "Point", "coordinates": [ 130.709928, 32.783722 ] } },
{ "type": "Feature", "properties": { "ID": 432243330733, "正式名称": "白藤耳鼻咽喉科クリニック", "機関区分": 2, "都道府県コード": 43, "市区町村コード": 104, "所在地": "熊本県熊本市南区白藤１ー２６ー１５", "緯度": 32.751171, "経度": 130.675071, "url": "https://www.iryou.teikyouseido.mhlw.go.jp/znk-web/juminkanja/S2430/initialize?prefCd=43&kikanCd=243330733&kikanKbn=2", "url2": null, "内容": "白藤耳鼻咽喉科クリニック【2:診療所】【診療科目:耳鼻いんこう科_アレルギー科】熊本県熊本市南区白藤１ー２６ー１５" }, "geometry": { "type": "Point", "coordinates": [ 130.675071, 32.751171 ] } },
{ "type": "Feature", "properties": { "ID": 432243330746, "正式名称": "胃腸科・内科こうせいクリニック", "機関区分": 2, "都道府県コード": 43, "市区町村コード": 104, "所在地": "熊本県熊本市南区白藤１ー２１ー９１", "緯度": 32.75326, "経度": 130.675232, "url": "https://www.iryou.teikyouseido.mhlw.go.jp/znk-web/juminkanja/S2430/initialize?prefCd=43&kikanCd=243330746&kikanKbn=2", "url2": "http://www.drkoseiclinic.com/", "内容": "胃腸科・内科こうせいクリニック【2:診療所】【診療科目:内科_胃腸内科】熊本県熊本市南区白藤１ー２１ー９１" }, "geometry": { "type": "Point", "coordinates": [ 130.675232, 32.75326 ] } },
{ "type": "Feature", "properties": { "ID": 432243330775, "正式名称": "佐伯内科クリニック", "機関区分": 2, "都道府県コード": 43, "市区町村コード": 101, "所在地": "熊本県熊本市中央区神水１ー３５ー１５", "緯度": 32.785702, "経度": 130.746495, "url": "https://www.iryou.teikyouseido.mhlw.go.jp/znk-web/juminkanja/S2430/initialize?prefCd=43&kikanCd=243330775&kikanKbn=2", "url2": null, "内容": "佐伯内科クリニック【2:診療所】【診療科目:内科_呼吸器内科_循環器内科_小児科】熊本県熊本市中央区神水１ー３５ー１５" }, "geometry": { "type": "Point", "coordinates": [ 130.746495, 32.785702 ] } },
{ "type": "Feature", "properties": { "ID": 432243330791, "正式名称": "あやの第一クリニック", "機関区分": 2, "都道府県コード": 43, "市区町村コード": 102, "所在地": "熊本県熊本市東区長嶺南１ー２ー１０", "緯度": 32.809859, "経度": 130.762649, "url": "https://www.iryou.teikyouseido.mhlw.go.jp/znk-web/juminkanja/S2430/initialize?prefCd=43&kikanCd=243330791&kikanKbn=2", "url2": null, "内容": "あやの第一クリニック【2:診療所】【診療科目:心臓内科_人工透析内科_泌尿器科】熊本県熊本市東区長嶺南１ー２ー１０" }, "geometry": { "type": "Point", "coordinates": [ 130.762649, 32.809859 ] } },
{ "type": "Feature", "properties": { "ID": 432243330805, "正式名称": "よもぎクリニック", "機関区分": 2, "都道府県コード": 43, "市区町村コード": 105, "所在地": "熊本県熊本市北区四方寄町１４１１ー９", "緯度": 32.867456, "経度": 130.706599, "url": "https://www.iryou.teikyouseido.mhlw.go.jp/znk-web/juminkanja/S2430/initialize?prefCd=43&kikanCd=243330805&kikanKbn=2", "url2": "https://www.matsumikai.info/", "内容": "よもぎクリニック【2:診療所】【診療科目:内科_呼吸器内科_循環器内科_胃腸内科_小児科_精神科_心療内科】熊本県熊本市北区四方寄町１４１１ー９" }, "geometry": { "type": "Point", "coordinates": [ 130.706599, 32.867456 ] } },
{ "type": "Feature", "properties": { "ID": 432243330847, "正式名称": "ひぐち小児科・小児外科", "機関区分": 2, "都道府県コード": 43, "市区町村コード": 102, "所在地": "熊本県熊本市東区花立５ー９ー１６", "緯度": 32.788083, "経度": 130.772682, "url": "https://www.iryou.teikyouseido.mhlw.go.jp/znk-web/juminkanja/S2430/initialize?prefCd=43&kikanCd=243330847&kikanKbn=2", "url2": "https://higuchi-shounika.com", "内容": "ひぐち小児科・小児外科【2:診療所】【診療科目:内科_小児科_小児外科】熊本県熊本市東区花立５ー９ー１６" }, "geometry": { "type": "Point", "coordinates": [ 130.772682, 32.788083 ] } },
{ "type": "Feature", "properties": { "ID": 432243330889, "正式名称": "よしむた総合診療所", "機関区分": 2, "都道府県コード": 43, "市区町村コード": 102, "所在地": "熊本県熊本市東区小山６ー１０ー１５", "緯度": 32.831673, "経度": 130.798099, "url": "https://www.iryou.teikyouseido.mhlw.go.jp/znk-web/juminkanja/S2430/initialize?prefCd=43&kikanCd=243330889&kikanKbn=2", "url2": "http://yoshimuta.info", "内容": "よしむた総合診療所【2:診療所】【診療科目:内科_糖尿病内科_呼吸器内科_消化器内科_整形外科_アレルギー科】熊本県熊本市東区小山６ー１０ー１５" }, "geometry": { "type": "Point", "coordinates": [ 130.798099, 32.831673 ] } },
{ "type": "Feature", "properties": { "ID": 432243330906, "正式名称": "ひがし眼科医院", "機関区分": 2, "都道府県コード": 43, "市区町村コード": 104, "所在地": "熊本県熊本市南区出仲間１ー５ー２４", "緯度": 32.7723, "経度": 130.709042, "url": "https://www.iryou.teikyouseido.mhlw.go.jp/znk-web/juminkanja/S2430/initialize?prefCd=43&kikanCd=243330906&kikanKbn=2", "url2": "higashi-ganka.com", "内容": "ひがし眼科医院【2:診療所】【診療科目:眼科】熊本県熊本市南区出仲間１ー５ー２４" }, "geometry": { "type": "Point", "coordinates": [ 130.709042, 32.7723 ] } },
{ "type": "Feature", "properties": { "ID": 432243330935, "正式名称": "きぬはら整形外科クリニック", "機関区分": 2, "都道府県コード": 43, "市区町村コード": 101, "所在地": "熊本県熊本市中央区出水４ー２６ー１１", "緯度": 32.779622, "経度": 130.732832, "url": "https://www.iryou.teikyouseido.mhlw.go.jp/znk-web/juminkanja/S2430/initialize?prefCd=43&kikanCd=243330935&kikanKbn=2", "url2": "http://www.kinuhara-seikei.or.jp/", "内容": "きぬはら整形外科クリニック【2:診療所】【診療科目:整形外科_リハビリテーション科】熊本県熊本市中央区出水４ー２６ー１１" }, "geometry": { "type": "Point", "coordinates": [ 130.732832, 32.779622 ] } },
{ "type": "Feature", "properties": { "ID": 432243330948, "正式名称": "なかがわ内科クリニック", "機関区分": 2, "都道府県コード": 43, "市区町村コード": 101, "所在地": "熊本県熊本市中央区横手１ー８ー５", "緯度": 32.800572, "経度": 130.691876, "url": "https://www.iryou.teikyouseido.mhlw.go.jp/znk-web/juminkanja/S2430/initialize?prefCd=43&kikanCd=243330948&kikanKbn=2", "url2": "http://www.vesta.dti.ne.jp/~nakagawa/", "内容": "なかがわ内科クリニック【2:診療所】【診療科目:内科_呼吸器内科_消化器内科_呼吸器科（改行）消化器科】熊本県熊本市中央区横手１ー８ー５" }, "geometry": { "type": "Point", "coordinates": [ 130.691876, 32.800572 ] } },
{ "type": "Feature", "properties": { "ID": 432243330951, "正式名称": "ささおか整形外科リハビリテ－ションクリニック", "機関区分": 2, "都道府県コード": 43, "市区町村コード": 104, "所在地": "熊本県熊本市南区田迎１ー６ー５", "緯度": 32.776644, "経度": 130.710975, "url": "https://www.iryou.teikyouseido.mhlw.go.jp/znk-web/juminkanja/S2430/initialize?prefCd=43&kikanCd=243330951&kikanKbn=2", "url2": "https://:sasaoka-seikei.jp/", "内容": "ささおか整形外科リハビリテ－ションクリニック【2:診療所】【診療科目:整形外科_リウマチ科_リハビリテーション科_麻酔科】熊本県熊本市南区田迎１ー６ー５" }, "geometry": { "type": "Point", "coordinates": [ 130.710975, 32.776644 ] } },
{ "type": "Feature", "properties": { "ID": 432243330964, "正式名称": "さくら小児科", "機関区分": 2, "都道府県コード": 43, "市区町村コード": 104, "所在地": "熊本県熊本市南区出仲間９ー７ー３０", "緯度": 32.770993, "経度": 130.722553, "url": "https://www.iryou.teikyouseido.mhlw.go.jp/znk-web/juminkanja/S2430/initialize?prefCd=43&kikanCd=243330964&kikanKbn=2", "url2": "https:www.sakura-kids.link/", "内容": "さくら小児科【2:診療所】【診療科目:神経内科_小児科_精神科】熊本県熊本市南区出仲間９ー７ー３０" }, "geometry": { "type": "Point", "coordinates": [ 130.722553, 32.770993 ] } },
{ "type": "Feature", "properties": { "ID": 432243330977, "正式名称": "野津原内科医院", "機関区分": 2, "都道府県コード": 43, "市区町村コード": 101, "所在地": "熊本県熊本市中央区黒髪６ー１ー２３", "緯度": 32.81535, "経度": 130.73452, "url": "https://www.iryou.teikyouseido.mhlw.go.jp/znk-web/juminkanja/S2430/initialize?prefCd=43&kikanCd=243330977&kikanKbn=2", "url2": "http://kyouyukai.or.jp/indez.html", "内容": "野津原内科医院【2:診療所】【診療科目:内科_糖尿病内科_糖尿病・代謝内科_整形外科_小児科_リハビリテーション科_呼吸器科（改行）胃腸科（改行）循環器科】熊本県熊本市中央区黒髪６ー１ー２３" }, "geometry": { "type": "Point", "coordinates": [ 130.73452, 32.81535 ] } },
{ "type": "Feature", "properties": { "ID": 432243330980, "正式名称": "平成こどもクリニック", "機関区分": 2, "都道府県コード": 43, "市区町村コード": 101, "所在地": "熊本県熊本市中央区平成２ー１５ー７", "緯度": 32.779973, "経度": 130.701132, "url": "https://www.iryou.teikyouseido.mhlw.go.jp/znk-web/juminkanja/S2430/initialize?prefCd=43&kikanCd=243330980&kikanKbn=2", "url2": null, "内容": "平成こどもクリニック【2:診療所】【診療科目:内科_小児科】熊本県熊本市中央区平成２ー１５ー７" }, "geometry": { "type": "Point", "coordinates": [ 130.701132, 32.779973 ] } },
{ "type": "Feature", "properties": { "ID": 432243330993, "正式名称": "くまもと麻酔科クリニック", "機関区分": 2, "都道府県コード": 43, "市区町村コード": 102, "所在地": "熊本県熊本市東区沼山津１ー３ー１サンセール健軍東１Ｆ", "緯度": 32.77747, "経度": 130.77526, "url": "https://www.iryou.teikyouseido.mhlw.go.jp/znk-web/juminkanja/S2430/initialize?prefCd=43&kikanCd=243330993&kikanKbn=2", "url2": "http://higashi.us", "内容": "くまもと麻酔科クリニック【2:診療所】【診療科目:内科_呼吸器内科_循環器内科_皮膚科_心療内科_リハビリテーション科_麻酔科_循環器科】熊本県熊本市東区沼山津１ー３ー１サンセール健軍東１Ｆ" }, "geometry": { "type": "Point", "coordinates": [ 130.77526, 32.77747 ] } },
{ "type": "Feature", "properties": { "ID": 432243331020, "正式名称": "北部脳神経外科・神経内科", "機関区分": 2, "都道府県コード": 43, "市区町村コード": 105, "所在地": "熊本県熊本市北区楠野町１０６７ー１", "緯度": 32.877544, "経度": 130.701788, "url": "https://www.iryou.teikyouseido.mhlw.go.jp/znk-web/juminkanja/S2430/initialize?prefCd=43&kikanCd=243331020&kikanKbn=2", "url2": "https://ikueikai-2003.com", "内容": "北部脳神経外科・神経内科【2:診療所】【診療科目:内科_糖尿病・代謝内科_脳神経内科_循環器内科_外科_脳神経外科_リハビリテーション科_放射線科_麻酔科】熊本県熊本市北区楠野町１０６７ー１" }, "geometry": { "type": "Point", "coordinates": [ 130.701788, 32.877544 ] } },
{ "type": "Feature", "properties": { "ID": 432243331033, "正式名称": "定永耳鼻咽喉科クリニック", "機関区分": 2, "都道府県コード": 43, "市区町村コード": 102, "所在地": "熊本県熊本市東区京塚本町７ー１７", "緯度": 32.796057, "経度": 130.750922, "url": "https://www.iryou.teikyouseido.mhlw.go.jp/znk-web/juminkanja/S2430/initialize?prefCd=43&kikanCd=243331033&kikanKbn=2", "url2": "http://www.sadanaga.net/", "内容": "定永耳鼻咽喉科クリニック【2:診療所】【診療科目:耳鼻いんこう科_アレルギー科】熊本県熊本市東区京塚本町７ー１７" }, "geometry": { "type": "Point", "coordinates": [ 130.750922, 32.796057 ] } },
{ "type": "Feature", "properties": { "ID": 432243331046, "正式名称": "医療法人福山会たつだ整形外科", "機関区分": 2, "都道府県コード": 43, "市区町村コード": 105, "所在地": "熊本県熊本市北区龍田１ー１６ー７", "緯度": 32.832559, "経度": 130.757452, "url": "https://www.iryou.teikyouseido.mhlw.go.jp/znk-web/juminkanja/S2430/initialize?prefCd=43&kikanCd=243331046&kikanKbn=2", "url2": "http://tatsuda-seikei.com/", "内容": "医療法人福山会たつだ整形外科【2:診療所】【診療科目:整形外科_リウマチ科_リハビリテーション科】熊本県熊本市北区龍田１ー１６ー７" }, "geometry": { "type": "Point", "coordinates": [ 130.757452, 32.832559 ] } },
{ "type": "Feature", "properties": { "ID": 432243331059, "正式名称": "魚住クリニック", "機関区分": 2, "都道府県コード": 43, "市区町村コード": 101, "所在地": "熊本県熊本市中央区出水７ー３６ー２５", "緯度": 32.77612, "経度": 130.72441, "url": "https://www.iryou.teikyouseido.mhlw.go.jp/znk-web/juminkanja/S2430/initialize?prefCd=43&kikanCd=243331059&kikanKbn=2", "url2": "http://www.uozumi.or.jp", "内容": "魚住クリニック【2:診療所】【診療科目:放射線科】熊本県熊本市中央区出水７ー３６ー２５" }, "geometry": { "type": "Point", "coordinates": [ 130.72441, 32.77612 ] } },
{ "type": "Feature", "properties": { "ID": 432243331091, "正式名称": "城山皮膚科・泌尿器科クリニック", "機関区分": 2, "都道府県コード": 43, "市区町村コード": 103, "所在地": "熊本県熊本市西区城山下代３ー１ー３", "緯度": 32.778989, "経度": 130.651182, "url": "https://www.iryou.teikyouseido.mhlw.go.jp/znk-web/juminkanja/S2430/initialize?prefCd=43&kikanCd=243331091&kikanKbn=2", "url2": null, "内容": "城山皮膚科・泌尿器科クリニック【2:診療所】【診療科目:皮膚泌尿器科】熊本県熊本市西区城山下代３ー１ー３" }, "geometry": { "type": "Point", "coordinates": [ 130.651182, 32.778989 ] } },
{ "type": "Feature", "properties": { "ID": 432243331105, "正式名称": "吉井皮ふ科", "機関区分": 2, "都道府県コード": 43, "市区町村コード": 102, "所在地": "熊本県熊本市東区健軍本町５２ー３", "緯度": 32.785829, "経度": 130.759535, "url": "https://www.iryou.teikyouseido.mhlw.go.jp/znk-web/juminkanja/S2430/initialize?prefCd=43&kikanCd=243331105&kikanKbn=2", "url2": "https://www.yoshii-hifuka-kumamoto.com", "内容": "吉井皮ふ科【2:診療所】【診療科目:皮膚科_漢方皮膚科_アレルギー科】熊本県熊本市東区健軍本町５２ー３" }, "geometry": { "type": "Point", "coordinates": [ 130.759535, 32.785829 ] } },
{ "type": "Feature", "properties": { "ID": 432243331121, "正式名称": "なかの耳鼻咽喉科アレルギー科クリニック", "機関区分": 2, "都道府県コード": 43, "市区町村コード": 104, "所在地": "熊本県熊本市南区田迎４ー９ー４１", "緯度": 32.776528, "経度": 130.71543, "url": "https://www.iryou.teikyouseido.mhlw.go.jp/znk-web/juminkanja/S2430/initialize?prefCd=43&kikanCd=243331121&kikanKbn=2", "url2": "http://www.nakano-clinic.net/index.html", "内容": "なかの耳鼻咽喉科アレルギー科クリニック【2:診療所】【診療科目:気管食道外科_耳鼻いんこう科_アレルギー科_気管食道科】熊本県熊本市南区田迎４ー９ー４１" }, "geometry": { "type": "Point", "coordinates": [ 130.71543, 32.776528 ] } },
{ "type": "Feature", "properties": { "ID": 432243331189, "正式名称": "寺原診療所", "機関区分": 2, "都道府県コード": 43, "市区町村コード": 101, "所在地": "熊本県熊本市中央区壺川２ー１０ー５壺川ビル１階", "緯度": 32.817363, "経度": 130.71026, "url": "https://www.iryou.teikyouseido.mhlw.go.jp/znk-web/juminkanja/S2430/initialize?prefCd=43&kikanCd=243331189&kikanKbn=2", "url2": "http://kumamotohope.o.oo7.jp/", "内容": "寺原診療所【2:診療所】【診療科目:内科_代謝内科_循環器内科】熊本県熊本市中央区壺川２ー１０ー５壺川ビル１階" }, "geometry": { "type": "Point", "coordinates": [ 130.71026, 32.817363 ] } },
{ "type": "Feature", "properties": { "ID": 432243331219, "正式名称": "松野皮ふ科・形成外科", "機関区分": 2, "都道府県コード": 43, "市区町村コード": 104, "所在地": "熊本県熊本市南区田迎２ー１８ー２０", "緯度": 32.772797, "経度": 130.708678, "url": "https://www.iryou.teikyouseido.mhlw.go.jp/znk-web/juminkanja/S2430/initialize?prefCd=43&kikanCd=243331219&kikanKbn=2", "url2": null, "内容": "松野皮ふ科・形成外科【2:診療所】【診療科目:形成外科_皮膚科】熊本県熊本市南区田迎２ー１８ー２０" }, "geometry": { "type": "Point", "coordinates": [ 130.708678, 32.772797 ] } },
{ "type": "Feature", "properties": { "ID": 432243331222, "正式名称": "牧野けんじ皮ふ科医院", "機関区分": 2, "都道府県コード": 43, "市区町村コード": 101, "所在地": "熊本県熊本市中央区北千反畑町１ー２８", "緯度": 32.809164, "経度": 130.715332, "url": "https://www.iryou.teikyouseido.mhlw.go.jp/znk-web/juminkanja/S2430/initialize?prefCd=43&kikanCd=243331222&kikanKbn=2", "url2": null, "内容": "牧野けんじ皮ふ科医院【2:診療所】【診療科目:形成外科_皮膚科_アレルギー科】熊本県熊本市中央区北千反畑町１ー２８" }, "geometry": { "type": "Point", "coordinates": [ 130.715332, 32.809164 ] } },
{ "type": "Feature", "properties": { "ID": 432243331235, "正式名称": "くまなんヒコクリニック", "機関区分": 2, "都道府県コード": 43, "市区町村コード": 101, "所在地": "熊本県熊本市中央区萩原町１７ー１７", "緯度": 32.777664, "経度": 130.707822, "url": "https://www.iryou.teikyouseido.mhlw.go.jp/znk-web/juminkanja/S2430/initialize?prefCd=43&kikanCd=243331235&kikanKbn=2", "url2": "http://k-hiko.com/", "内容": "くまなんヒコクリニック【2:診療所】【診療科目:内科_形成外科_皮膚科_美容皮膚科】熊本県熊本市中央区萩原町１７ー１７" }, "geometry": { "type": "Point", "coordinates": [ 130.707822, 32.777664 ] } },
{ "type": "Feature", "properties": { "ID": 432243331251, "正式名称": "医療法人くだか眼科", "機関区分": 2, "都道府県コード": 43, "市区町村コード": 103, "所在地": "熊本県熊本市西区池田１ー１４ー８０", "緯度": 32.822076, "経度": 130.705697, "url": "https://www.iryou.teikyouseido.mhlw.go.jp/znk-web/juminkanja/S2430/initialize?prefCd=43&kikanCd=243331251&kikanKbn=2", "url2": "http://kudaka-eye-clinic.jp/", "内容": "医療法人くだか眼科【2:診療所】【診療科目:眼科】熊本県熊本市西区池田１ー１４ー８０" }, "geometry": { "type": "Point", "coordinates": [ 130.705697, 32.822076 ] } },
{ "type": "Feature", "properties": { "ID": 432243331264, "正式名称": "共立美容外科熊本", "機関区分": 2, "都道府県コード": 43, "市区町村コード": 101, "所在地": "熊本県熊本市中央区水道町５ー２１コスギ不動産水道町ビル５階", "緯度": 32.801928, "経度": 130.713318, "url": "https://www.iryou.teikyouseido.mhlw.go.jp/znk-web/juminkanja/S2430/initialize?prefCd=43&kikanCd=243331264&kikanKbn=2", "url2": "http://www.kyoritsu-biyo.com", "内容": "共立美容外科熊本【2:診療所】【診療科目:形成外科_美容外科_美容皮膚科_泌尿器科】熊本県熊本市中央区水道町５ー２１コスギ不動産水道町ビル５階" }, "geometry": { "type": "Point", "coordinates": [ 130.713318, 32.801928 ] } },
{ "type": "Feature", "properties": { "ID": 432243331277, "正式名称": "いしばし小児科", "機関区分": 2, "都道府県コード": 43, "市区町村コード": 105, "所在地": "熊本県熊本市北区津浦町１９ー２", "緯度": 32.824562, "経度": 130.712432, "url": "https://www.iryou.teikyouseido.mhlw.go.jp/znk-web/juminkanja/S2430/initialize?prefCd=43&kikanCd=243331277&kikanKbn=2", "url2": "http://www.ishibashishouni.com/", "内容": "いしばし小児科【2:診療所】【診療科目:小児科】熊本県熊本市北区津浦町１９ー２" }, "geometry": { "type": "Point", "coordinates": [ 130.712432, 32.824562 ] } },
{ "type": "Feature", "properties": { "ID": 432243331280, "正式名称": "中村整形外科", "機関区分": 2, "都道府県コード": 43, "市区町村コード": 103, "所在地": "熊本県熊本市西区池田２ー５ー２２", "緯度": 32.830823, "経度": 130.709913, "url": "https://www.iryou.teikyouseido.mhlw.go.jp/znk-web/juminkanja/S2430/initialize?prefCd=43&kikanCd=243331280&kikanKbn=2", "url2": "http://www.nakamura-seikei.or,jp", "内容": "中村整形外科【2:診療所】【診療科目:整形外科】熊本県熊本市西区池田２ー５ー２２" }, "geometry": { "type": "Point", "coordinates": [ 130.709913, 32.830823 ] } },
{ "type": "Feature", "properties": { "ID": 432243331293, "正式名称": "さくらんぼこどもクリニック", "機関区分": 2, "都道府県コード": 43, "市区町村コード": 101, "所在地": "熊本県熊本市中央区帯山１ー２５ー１", "緯度": 32.80172, "経度": 130.740084, "url": "https://www.iryou.teikyouseido.mhlw.go.jp/znk-web/juminkanja/S2430/initialize?prefCd=43&kikanCd=243331293&kikanKbn=2", "url2": null, "内容": "さくらんぼこどもクリニック【2:診療所】【診療科目:神経内科_脳神経外科_小児科】熊本県熊本市中央区帯山１ー２５ー１" }, "geometry": { "type": "Point", "coordinates": [ 130.740084, 32.80172 ] } },
{ "type": "Feature", "properties": { "ID": 432243331307, "正式名称": "平井皮膚科・アレルギー科", "機関区分": 2, "都道府県コード": 43, "市区町村コード": 105, "所在地": "熊本県熊本市北区武蔵ケ丘４ー１０ー２５", "緯度": 32.856735, "経度": 130.769779, "url": "https://www.iryou.teikyouseido.mhlw.go.jp/znk-web/juminkanja/S2430/initialize?prefCd=43&kikanCd=243331307&kikanKbn=2", "url2": "http://www.hiraihifuka.jp/", "内容": "平井皮膚科・アレルギー科【2:診療所】【診療科目:皮膚科_アレルギー科】熊本県熊本市北区武蔵ケ丘４ー１０ー２５" }, "geometry": { "type": "Point", "coordinates": [ 130.769779, 32.856735 ] } },
{ "type": "Feature", "properties": { "ID": 432243331323, "正式名称": "前田胃腸科・内科クリニック", "機関区分": 2, "都道府県コード": 43, "市区町村コード": 102, "所在地": "熊本県熊本市東区長嶺南１ー６ー２６", "緯度": 32.811198, "経度": 130.768144, "url": "https://www.iryou.teikyouseido.mhlw.go.jp/znk-web/juminkanja/S2430/initialize?prefCd=43&kikanCd=243331323&kikanKbn=2", "url2": "maedaichoukanaika.jindafree.com", "内容": "前田胃腸科・内科クリニック【2:診療所】【診療科目:内科_感染症内科_血液・腫瘍内科_血液内科_糖尿病内科_代謝内科_内分泌内科_脂質代謝内科_糖尿病・内分泌内科_糖尿病・代謝内科_代謝・内分泌内科_脳神経内科_呼吸器内科_老年・呼吸器内科_気管食道内科_循環器内科_心臓内科_心臓血管内科_消化器内科_胃腸内科_腎臓内科_肝臓内科_神経内科_老年内科_内視鏡内科】熊本県熊本市東区長嶺南１ー６ー２６" }, "geometry": { "type": "Point", "coordinates": [ 130.768144, 32.811198 ] } },
{ "type": "Feature", "properties": { "ID": 43224333133, "正式名称": "小山内科クリニック", "機関区分": 2, "都道府県コード": 43, "市区町村コード": 101, "所在地": "熊本県熊本市中央区城東町４ー７　グランガーデンビル２Ｆ", "緯度": 32.805528, "経度": 130.709983, "url": "https://www.iryou.teikyouseido.mhlw.go.jp/znk-web/juminkanja/S2430/initialize?prefCd=43&kikanCd=24333133&kikanKbn=2", "url2": "http://www.koyama-clinic.com", "内容": "小山内科クリニック【2:診療所】【診療科目:内科_糖尿病内科_代謝内科_内分泌内科_循環器内科_老年内科】熊本県熊本市中央区城東町４ー７　グランガーデンビル２Ｆ" }, "geometry": { "type": "Point", "coordinates": [ 130.709983, 32.805528 ] } },
{ "type": "Feature", "properties": { "ID": 432243331349, "正式名称": "よやすクリニック", "機関区分": 2, "都道府県コード": 43, "市区町村コード": 101, "所在地": "熊本県熊本市中央区世安３丁目１２ー２", "緯度": 32.781505, "経度": 130.696237, "url": "https://www.iryou.teikyouseido.mhlw.go.jp/znk-web/juminkanja/S2430/initialize?prefCd=43&kikanCd=243331349&kikanKbn=2", "url2": "http://yoyasu-clinic.com", "内容": "よやすクリニック【2:診療所】【診療科目:内科_精神科_心療内科】熊本県熊本市中央区世安３丁目１２ー２" }, "geometry": { "type": "Point", "coordinates": [ 130.696237, 32.781505 ] } },
{ "type": "Feature", "properties": { "ID": 432243331352, "正式名称": "山本皮膚科クリニック", "機関区分": 2, "都道府県コード": 43, "市区町村コード": 102, "所在地": "熊本県熊本市東区戸島西３ー２ー４８", "緯度": 32.813506, "経度": 130.780287, "url": "https://www.iryou.teikyouseido.mhlw.go.jp/znk-web/juminkanja/S2430/initialize?prefCd=43&kikanCd=243331352&kikanKbn=2", "url2": "https://yamamoto-hifuka-clinic.com/", "内容": "山本皮膚科クリニック【2:診療所】【診療科目:形成外科_小児皮膚科_皮膚科_美容皮膚科_アレルギー科】熊本県熊本市東区戸島西３ー２ー４８" }, "geometry": { "type": "Point", "coordinates": [ 130.780287, 32.813506 ] } },
{ "type": "Feature", "properties": { "ID": 432243331381, "正式名称": "出町おがたこどもクリニック", "機関区分": 2, "都道府県コード": 43, "市区町村コード": 103, "所在地": "熊本県熊本市西区出町４ー１０", "緯度": 32.823146, "経度": 130.706719, "url": "https://www.iryou.teikyouseido.mhlw.go.jp/znk-web/juminkanja/S2430/initialize?prefCd=43&kikanCd=243331381&kikanKbn=2", "url2": null, "内容": "出町おがたこどもクリニック【2:診療所】【診療科目:小児科_アレルギー科】熊本県熊本市西区出町４ー１０" }, "geometry": { "type": "Point", "coordinates": [ 130.706719, 32.823146 ] } },
{ "type": "Feature", "properties": { "ID": 432243331408, "正式名称": "Ｙ＇ｓ　ＳＫＩＮＣＡＲＥ　ＣＬＩＮＩＣ", "機関区分": 2, "都道府県コード": 43, "市区町村コード": 101, "所在地": "熊本県熊本市中央区手取本町１１ー１銀染コアビル６Ｆ", "緯度": 32.801981, "経度": 130.712566, "url": "https://www.iryou.teikyouseido.mhlw.go.jp/znk-web/juminkanja/S2430/initialize?prefCd=43&kikanCd=243331408&kikanKbn=2", "url2": "http://www.ys-skin.com", "内容": "Ｙ＇ｓ　ＳＫＩＮＣＡＲＥ　ＣＬＩＮＩＣ【2:診療所】【診療科目:美容皮膚科】熊本県熊本市中央区手取本町１１ー１銀染コアビル６Ｆ" }, "geometry": { "type": "Point", "coordinates": [ 130.712566, 32.801981 ] } },
{ "type": "Feature", "properties": { "ID": 432243331437, "正式名称": "砥上内科胃腸科医院", "機関区分": 2, "都道府県コード": 43, "市区町村コード": 101, "所在地": "熊本県熊本市中央区黒髪６ー２７ー１", "緯度": 32.815305, "経度": 130.739739, "url": "https://www.iryou.teikyouseido.mhlw.go.jp/znk-web/juminkanja/S2430/initialize?prefCd=43&kikanCd=243331437&kikanKbn=2", "url2": null, "内容": "砥上内科胃腸科医院【2:診療所】【診療科目:内科_外科_整形外科_皮膚科_リハビリテーション科_放射線科_胃腸科】熊本県熊本市中央区黒髪６ー２７ー１" }, "geometry": { "type": "Point", "coordinates": [ 130.739739, 32.815305 ] } },
{ "type": "Feature", "properties": { "ID": 432243331440, "正式名称": "ＡＲＴ女性クリニック", "機関区分": 2, "都道府県コード": 43, "市区町村コード": 102, "所在地": "熊本県熊本市東区神水本町２５ー１８", "緯度": 32.781322, "経度": 130.744448, "url": "https://www.iryou.teikyouseido.mhlw.go.jp/znk-web/juminkanja/S2430/initialize?prefCd=43&kikanCd=243331440&kikanKbn=2", "url2": "http://www.art-kumamoto.com", "内容": "ＡＲＴ女性クリニック【2:診療所】【診療科目:産婦人科_婦人科_産婦人科（生殖医療）_泌尿器科】熊本県熊本市東区神水本町２５ー１８" }, "geometry": { "type": "Point", "coordinates": [ 130.744448, 32.781322 ] } },
{ "type": "Feature", "properties": { "ID": 432243331453, "正式名称": "あだち内科胃腸科", "機関区分": 2, "都道府県コード": 43, "市区町村コード": 105, "所在地": "熊本県熊本市北区龍田７ー３６ー４０", "緯度": 32.842124, "経度": 130.763403, "url": "https://www.iryou.teikyouseido.mhlw.go.jp/znk-web/juminkanja/S2430/initialize?prefCd=43&kikanCd=243331453&kikanKbn=2", "url2": "https://www.adachinaika,com/", "内容": "あだち内科胃腸科【2:診療所】【診療科目:内科_胃腸内科_外科_肛門外科_リハビリテーション科】熊本県熊本市北区龍田７ー３６ー４０" }, "geometry": { "type": "Point", "coordinates": [ 130.763403, 32.842124 ] } },
{ "type": "Feature", "properties": { "ID": 432243331482, "正式名称": "熊本ホームケアクリニック", "機関区分": 2, "都道府県コード": 43, "市区町村コード": 101, "所在地": "熊本県熊本市中央区神水１ー１９ー２１セイケイビル１０１", "緯度": 32.784552, "経度": 130.744242, "url": "https://www.iryou.teikyouseido.mhlw.go.jp/znk-web/juminkanja/S2430/initialize?prefCd=43&kikanCd=243331482&kikanKbn=2", "url2": "https://kumamoto-homecare.com", "内容": "熊本ホームケアクリニック【2:診療所】【診療科目:内科】熊本県熊本市中央区神水１ー１９ー２１セイケイビル１０１" }, "geometry": { "type": "Point", "coordinates": [ 130.744242, 32.784552 ] } },
{ "type": "Feature", "properties": { "ID": 432243331538, "正式名称": "宮川眼科クリニック", "機関区分": 2, "都道府県コード": 43, "市区町村コード": 105, "所在地": "熊本県熊本市北区清水新地６ー２ー７２", "緯度": 32.849763, "経度": 130.739601, "url": "https://www.iryou.teikyouseido.mhlw.go.jp/znk-web/juminkanja/S2430/initialize?prefCd=43&kikanCd=243331538&kikanKbn=2", "url2": null, "内容": "宮川眼科クリニック【2:診療所】【診療科目:眼科】熊本県熊本市北区清水新地６ー２ー７２" }, "geometry": { "type": "Point", "coordinates": [ 130.739601, 32.849763 ] } },
{ "type": "Feature", "properties": { "ID": 432243331541, "正式名称": "みねとまクリニック", "機関区分": 2, "都道府県コード": 43, "市区町村コード": 105, "所在地": "熊本県熊本市北区武蔵ケ丘２ー１ー３０", "緯度": 32.852081, "経度": 130.765857, "url": "https://www.iryou.teikyouseido.mhlw.go.jp/znk-web/juminkanja/S2430/initialize?prefCd=43&kikanCd=243331541&kikanKbn=2", "url2": "http://www.minetoma.jp/", "内容": "みねとまクリニック【2:診療所】【診療科目:内科_消化器内科】熊本県熊本市北区武蔵ケ丘２ー１ー３０" }, "geometry": { "type": "Point", "coordinates": [ 130.765857, 32.852081 ] } },
{ "type": "Feature", "properties": { "ID": 432243331554, "正式名称": "桜町クリニック", "機関区分": 2, "都道府県コード": 43, "市区町村コード": 101, "所在地": "熊本県熊本市中央区桜町２ー１７第２甲斐田ビル１Ｆ", "緯度": 32.800756, "経度": 130.701239, "url": "https://www.iryou.teikyouseido.mhlw.go.jp/znk-web/juminkanja/S2430/initialize?prefCd=43&kikanCd=243331554&kikanKbn=2", "url2": "http://www.nsclinic.sakura.ne.jp", "内容": "桜町クリニック【2:診療所】【診療科目:内科_循環器内科_外科_心臓血管外科】熊本県熊本市中央区桜町２ー１７第２甲斐田ビル１Ｆ" }, "geometry": { "type": "Point", "coordinates": [ 130.701239, 32.800756 ] } },
{ "type": "Feature", "properties": { "ID": 432243331600, "正式名称": "清水新地中山クリニック", "機関区分": 2, "都道府県コード": 43, "市区町村コード": 105, "所在地": "熊本県熊本市北区清水新地７ー９ー２２", "緯度": 32.856626, "経度": 130.749236, "url": "https://www.iryou.teikyouseido.mhlw.go.jp/znk-web/juminkanja/S2430/initialize?prefCd=43&kikanCd=243331600&kikanKbn=2", "url2": "http://www.myclinic.ne.jp/osc/", "内容": "清水新地中山クリニック【2:診療所】【診療科目:内科_呼吸器内科_循環器内科_消化器内科_外科_リハビリテーション科_麻酔科】熊本県熊本市北区清水新地７ー９ー２２" }, "geometry": { "type": "Point", "coordinates": [ 130.749236, 32.856626 ] } },
{ "type": "Feature", "properties": { "ID": 432243331626, "正式名称": "岡﨑麻酔科クリニック", "機関区分": 2, "都道府県コード": 43, "市区町村コード": 102, "所在地": "熊本県熊本市東区長嶺南５ー１ー１７", "緯度": 32.805332, "経度": 130.777965, "url": "https://www.iryou.teikyouseido.mhlw.go.jp/znk-web/juminkanja/S2430/initialize?prefCd=43&kikanCd=243331626&kikanKbn=2", "url2": null, "内容": "岡﨑麻酔科クリニック【2:診療所】【診療科目:内科_麻酔科】熊本県熊本市東区長嶺南５ー１ー１７" }, "geometry": { "type": "Point", "coordinates": [ 130.777965, 32.805332 ] } },
{ "type": "Feature", "properties": { "ID": 432243331668, "正式名称": "藤木眼科", "機関区分": 2, "都道府県コード": 43, "市区町村コード": 102, "所在地": "熊本県熊本市東区戸島西３ー２ー４５", "緯度": 32.813734, "経度": 130.780151, "url": "https://www.iryou.teikyouseido.mhlw.go.jp/znk-web/juminkanja/S2430/initialize?prefCd=43&kikanCd=243331668&kikanKbn=2", "url2": "http://www2.plala.or.jp/fujikiganka/", "内容": "藤木眼科【2:診療所】【診療科目:眼科】熊本県熊本市東区戸島西３ー２ー４５" }, "geometry": { "type": "Point", "coordinates": [ 130.780151, 32.813734 ] } },
{ "type": "Feature", "properties": { "ID": 432243331697, "正式名称": "影下皮膚科クリニック", "機関区分": 2, "都道府県コード": 43, "市区町村コード": 102, "所在地": "熊本県熊本市東区西原１ー２ー６６", "緯度": 32.812111, "経度": 130.751027, "url": "https://www.iryou.teikyouseido.mhlw.go.jp/znk-web/juminkanja/S2430/initialize?prefCd=43&kikanCd=243331697&kikanKbn=2", "url2": "http://www.kageshitaclinic.jp/", "内容": "影下皮膚科クリニック【2:診療所】【診療科目:形成外科_皮膚科_アレルギー科】熊本県熊本市東区西原１ー２ー６６" }, "geometry": { "type": "Point", "coordinates": [ 130.751027, 32.812111 ] } },
{ "type": "Feature", "properties": { "ID": 432243331756, "正式名称": "せぐち小児科クリニック", "機関区分": 2, "都道府県コード": 43, "市区町村コード": 104, "所在地": "熊本県熊本市南区江越２ー２４ー３３", "緯度": 32.771709, "経度": 130.702481, "url": "https://www.iryou.teikyouseido.mhlw.go.jp/znk-web/juminkanja/S2430/initialize?prefCd=43&kikanCd=243331756&kikanKbn=2", "url2": null, "内容": "せぐち小児科クリニック【2:診療所】【診療科目:小児科】熊本県熊本市南区江越２ー２４ー３３" }, "geometry": { "type": "Point", "coordinates": [ 130.702481, 32.771709 ] } },
{ "type": "Feature", "properties": { "ID": 432243331769, "正式名称": "足立・有馬小児科神経内科", "機関区分": 2, "都道府県コード": 43, "市区町村コード": 102, "所在地": "熊本県熊本市東区長嶺東４ー２ー１", "緯度": 32.817914, "経度": 130.779348, "url": "https://www.iryou.teikyouseido.mhlw.go.jp/znk-web/juminkanja/S2430/initialize?prefCd=43&kikanCd=243331769&kikanKbn=2", "url2": "http://www.adachi-arima-clinic.com/", "内容": "足立・有馬小児科神経内科【2:診療所】【診療科目:内科_神経内科_小児科_リハビリテーション科】熊本県熊本市東区長嶺東４ー２ー１" }, "geometry": { "type": "Point", "coordinates": [ 130.779348, 32.817914 ] } },
{ "type": "Feature", "properties": { "ID": 432243331772, "正式名称": "ほんだ耳鼻咽喉科医院", "機関区分": 2, "都道府県コード": 43, "市区町村コード": 102, "所在地": "熊本県熊本市東区新南部３ー１ー５", "緯度": 32.814228, "経度": 130.745442, "url": "https://www.iryou.teikyouseido.mhlw.go.jp/znk-web/juminkanja/S2430/initialize?prefCd=43&kikanCd=243331772&kikanKbn=2", "url2": null, "内容": "ほんだ耳鼻咽喉科医院【2:診療所】【診療科目:耳鼻いんこう科_アレルギー科】熊本県熊本市東区新南部３ー１ー５" }, "geometry": { "type": "Point", "coordinates": [ 130.745442, 32.814228 ] } },
{ "type": "Feature", "properties": { "ID": 432243331798, "正式名称": "宮津内科クリニック", "機関区分": 2, "都道府県コード": 43, "市区町村コード": 101, "所在地": "熊本県熊本市中央区水前寺６ー４５ー３", "緯度": 32.791202, "経度": 130.74542, "url": "https://www.iryou.teikyouseido.mhlw.go.jp/znk-web/juminkanja/S2430/initialize?prefCd=43&kikanCd=243331798&kikanKbn=2", "url2": null, "内容": "宮津内科クリニック【2:診療所】【診療科目:内科】熊本県熊本市中央区水前寺６ー４５ー３" }, "geometry": { "type": "Point", "coordinates": [ 130.74542, 32.791202 ] } },
{ "type": "Feature", "properties": { "ID": 432243331802, "正式名称": "牧内科循環器科医院", "機関区分": 2, "都道府県コード": 43, "市区町村コード": 104, "所在地": "熊本県熊本市南区川尻１ー１ー１", "緯度": 32.744069, "経度": 130.682026, "url": "https://www.iryou.teikyouseido.mhlw.go.jp/znk-web/juminkanja/S2430/initialize?prefCd=43&kikanCd=243331802&kikanKbn=2", "url2": null, "内容": "牧内科循環器科医院【2:診療所】【診療科目:内科_循環器内科_小児科】熊本県熊本市南区川尻１ー１ー１" }, "geometry": { "type": "Point", "coordinates": [ 130.682026, 32.744069 ] } },
{ "type": "Feature", "properties": { "ID": 432243331857, "正式名称": "ソフィアレディースクリニック水道町", "機関区分": 2, "都道府県コード": 43, "市区町村コード": 101, "所在地": "熊本県熊本市中央区水道町９ー５ー１", "緯度": 32.802534, "経度": 130.714154, "url": "https://www.iryou.teikyouseido.mhlw.go.jp/znk-web/juminkanja/S2430/initialize?prefCd=43&kikanCd=243331857&kikanKbn=2", "url2": "http://www.suidouchou-lc.jp", "内容": "ソフィアレディースクリニック水道町【2:診療所】【診療科目:産婦人科（生殖医療）】熊本県熊本市中央区水道町９ー５ー１" }, "geometry": { "type": "Point", "coordinates": [ 130.714154, 32.802534 ] } },
{ "type": "Feature", "properties": { "ID": 432243331860, "正式名称": "なかくま眼科", "機関区分": 2, "都道府県コード": 43, "市区町村コード": 102, "所在地": "熊本県熊本市東区三郎２ー１５ー８シュプリームステージ１Ｆ", "緯度": 32.797926, "経度": 130.759441, "url": "https://www.iryou.teikyouseido.mhlw.go.jp/znk-web/juminkanja/S2430/initialize?prefCd=43&kikanCd=243331860&kikanKbn=2", "url2": null, "内容": "なかくま眼科【2:診療所】【診療科目:眼科】熊本県熊本市東区三郎２ー１５ー８シュプリームステージ１Ｆ" }, "geometry": { "type": "Point", "coordinates": [ 130.759441, 32.797926 ] } },
{ "type": "Feature", "properties": { "ID": 432243331873, "正式名称": "メモリー・メンタルクリニックみつぐまち診療所", "機関区分": 2, "都道府県コード": 43, "市区町村コード": 105, "所在地": "熊本県熊本市北区貢町１３５", "緯度": 32.842773, "経度": 130.702356, "url": "https://www.iryou.teikyouseido.mhlw.go.jp/znk-web/juminkanja/S2430/initialize?prefCd=43&kikanCd=243331873&kikanKbn=2", "url2": "http://www.myclinic.ne.jp/mitg/pc/", "内容": "メモリー・メンタルクリニックみつぐまち診療所【2:診療所】【診療科目:内科_精神科_老年精神科_放射線診断科】熊本県熊本市北区貢町１３５" }, "geometry": { "type": "Point", "coordinates": [ 130.702356, 32.842773 ] } },
{ "type": "Feature", "properties": { "ID": 432243331886, "正式名称": "緒方消化器内科", "機関区分": 2, "都道府県コード": 43, "市区町村コード": 101, "所在地": "熊本県熊本市中央区通町２３", "緯度": 32.795962, "経度": 130.702725, "url": "https://www.iryou.teikyouseido.mhlw.go.jp/znk-web/juminkanja/S2430/initialize?prefCd=43&kikanCd=243331886&kikanKbn=2", "url2": "ogata-syoukakinaika.com", "内容": "緒方消化器内科【2:診療所】【診療科目:内科_放射線科_消化器科】熊本県熊本市中央区通町２３" }, "geometry": { "type": "Point", "coordinates": [ 130.702725, 32.795962 ] } },
{ "type": "Feature", "properties": { "ID": 432243331899, "正式名称": "ウィメンズクリニックグリーンヒル", "機関区分": 2, "都道府県コード": 43, "市区町村コード": 102, "所在地": "熊本県熊本市東区戸島西３ー１ー１００", "緯度": 32.813314, "経度": 130.782242, "url": "https://www.iryou.teikyouseido.mhlw.go.jp/znk-web/juminkanja/S2430/initialize?prefCd=43&kikanCd=243331899&kikanKbn=2", "url2": "https://www.w-greenhill.jp/", "内容": "ウィメンズクリニックグリーンヒル【2:診療所】【診療科目:産婦人科】熊本県熊本市東区戸島西３ー１ー１００" }, "geometry": { "type": "Point", "coordinates": [ 130.782242, 32.813314 ] } },
{ "type": "Feature", "properties": { "ID": 432243331903, "正式名称": "武田整形外科", "機関区分": 2, "都道府県コード": 43, "市区町村コード": 104, "所在地": "熊本県熊本市南区田井島３ー１５ー２５", "緯度": 32.760335, "経度": 130.728196, "url": "https://www.iryou.teikyouseido.mhlw.go.jp/znk-web/juminkanja/S2430/initialize?prefCd=43&kikanCd=243331903&kikanKbn=2", "url2": "https://takeda-seikeigeka.com", "内容": "武田整形外科【2:診療所】【診療科目:整形外科_リハビリテーション科】熊本県熊本市南区田井島３ー１５ー２５" }, "geometry": { "type": "Point", "coordinates": [ 130.728196, 32.760335 ] } },
{ "type": "Feature", "properties": { "ID": 432243331929, "正式名称": "いずみクリニック胃腸科・内科", "機関区分": 2, "都道府県コード": 43, "市区町村コード": 102, "所在地": "熊本県熊本市東区東本町３ー１５", "緯度": 32.780232, "経度": 130.762287, "url": "https://www.iryou.teikyouseido.mhlw.go.jp/znk-web/juminkanja/S2430/initialize?prefCd=43&kikanCd=243331929&kikanKbn=2", "url2": "http://izumi.cside8.com/", "内容": "いずみクリニック胃腸科・内科【2:診療所】【診療科目:内科_消化器内科_胃腸内科_外科_小児科_リハビリテーション科】熊本県熊本市東区東本町３ー１５" }, "geometry": { "type": "Point", "coordinates": [ 130.762287, 32.780232 ] } },
{ "type": "Feature", "properties": { "ID": 432243331932, "正式名称": "あいこう泌尿器科・内科クリニック", "機関区分": 2, "都道府県コード": 43, "市区町村コード": 104, "所在地": "熊本県熊本市南区良町１ー２２ー５", "緯度": 32.760341, "経度": 130.72743, "url": "https://www.iryou.teikyouseido.mhlw.go.jp/znk-web/juminkanja/S2430/initialize?prefCd=43&kikanCd=243331932&kikanKbn=2", "url2": "http://www.aikou-clinic.jp", "内容": "あいこう泌尿器科・内科クリニック【2:診療所】【診療科目:内科_性感染症内科_皮膚科_泌尿器科_アレルギー科】熊本県熊本市南区良町１ー２２ー５" }, "geometry": { "type": "Point", "coordinates": [ 130.72743, 32.760341 ] } },
{ "type": "Feature", "properties": { "ID": 432243331974, "正式名称": "桜木頭痛クリニック", "機関区分": 2, "都道府県コード": 43, "市区町村コード": 102, "所在地": "熊本県熊本市東区桜木４ー１７ー１７", "緯度": 32.784744, "経度": 130.78159, "url": "https://www.iryou.teikyouseido.mhlw.go.jp/znk-web/juminkanja/S2430/initialize?prefCd=43&kikanCd=243331974&kikanKbn=2", "url2": "http://www.sakuragi-zutsuu.jp/", "内容": "桜木頭痛クリニック【2:診療所】【診療科目:内科_神経内科】熊本県熊本市東区桜木４ー１７ー１７" }, "geometry": { "type": "Point", "coordinates": [ 130.78159, 32.784744 ] } },
{ "type": "Feature", "properties": { "ID": 432243331987, "正式名称": "つるはらクリニック", "機関区分": 2, "都道府県コード": 43, "市区町村コード": 102, "所在地": "熊本県熊本市東区上南部２ー４ー２", "緯度": 32.828029, "経度": 130.76491, "url": "https://www.iryou.teikyouseido.mhlw.go.jp/znk-web/juminkanja/S2430/initialize?prefCd=43&kikanCd=243331987&kikanKbn=2", "url2": "http://www.tsuruhara.com", "内容": "つるはらクリニック【2:診療所】【診療科目:内科_循環器内科_小児科】熊本県熊本市東区上南部２ー４ー２" }, "geometry": { "type": "Point", "coordinates": [ 130.76491, 32.828029 ] } },
{ "type": "Feature", "properties": { "ID": 432243332001, "正式名称": "山本内科クリニック", "機関区分": 2, "都道府県コード": 43, "市区町村コード": 102, "所在地": "熊本県熊本市東区健軍本町１１ー６", "緯度": 32.78603, "経度": 130.753881, "url": "https://www.iryou.teikyouseido.mhlw.go.jp/znk-web/juminkanja/S2430/initialize?prefCd=43&kikanCd=243332001&kikanKbn=2", "url2": null, "内容": "山本内科クリニック【2:診療所】【診療科目:内科_呼吸器内科_アレルギー疾患内科】熊本県熊本市東区健軍本町１１ー６" }, "geometry": { "type": "Point", "coordinates": [ 130.753881, 32.78603 ] } },
{ "type": "Feature", "properties": { "ID": 432243332014, "正式名称": "健軍こどもクリニック", "機関区分": 2, "都道府県コード": 43, "市区町村コード": 102, "所在地": "熊本県熊本市東区健軍本町１ー５", "緯度": 32.787969, "経度": 130.753886, "url": "https://www.iryou.teikyouseido.mhlw.go.jp/znk-web/juminkanja/S2430/initialize?prefCd=43&kikanCd=243332014&kikanKbn=2", "url2": "http://www.tabataclinic.com", "内容": "健軍こどもクリニック【2:診療所】【診療科目:小児科_アレルギー科】熊本県熊本市東区健軍本町１ー５" }, "geometry": { "type": "Point", "coordinates": [ 130.753886, 32.787969 ] } },
{ "type": "Feature", "properties": { "ID": 432243332027, "正式名称": "森川レディースクリニック", "機関区分": 2, "都道府県コード": 43, "市区町村コード": 101, "所在地": "熊本県熊本市中央区水前寺６ー３１ー１", "緯度": 32.788227, "経度": 130.745659, "url": "https://www.iryou.teikyouseido.mhlw.go.jp/znk-web/juminkanja/S2430/initialize?prefCd=43&kikanCd=243332027&kikanKbn=2", "url2": "http://www.morikawa-lc.or.jp", "内容": "森川レディースクリニック【2:診療所】【診療科目:産婦人科_産婦人科（生殖医療）】熊本県熊本市中央区水前寺６ー３１ー１" }, "geometry": { "type": "Point", "coordinates": [ 130.745659, 32.788227 ] } },
{ "type": "Feature", "properties": { "ID": 432243332030, "正式名称": "岡﨑クリニック", "機関区分": 2, "都道府県コード": 43, "市区町村コード": 102, "所在地": "熊本県熊本市東区下南部３ー３ー１４", "緯度": 32.820763, "経度": 130.753425, "url": "https://www.iryou.teikyouseido.mhlw.go.jp/znk-web/juminkanja/S2430/initialize?prefCd=43&kikanCd=243332030&kikanKbn=2", "url2": "https://www.okazaki-clinic.jp/", "内容": "岡﨑クリニック【2:診療所】【診療科目:内科_呼吸器内科_消化器内科_外科_アレルギー科】熊本県熊本市東区下南部３ー３ー１４" }, "geometry": { "type": "Point", "coordinates": [ 130.753425, 32.820763 ] } },
{ "type": "Feature", "properties": { "ID": 432243332043, "正式名称": "川口消化器内科", "機関区分": 2, "都道府県コード": 43, "市区町村コード": 102, "所在地": "熊本県熊本市東区新南部２ー７ー５８", "緯度": 32.817251, "経度": 130.748119, "url": "https://www.iryou.teikyouseido.mhlw.go.jp/znk-web/juminkanja/S2430/initialize?prefCd=43&kikanCd=243332043&kikanKbn=2", "url2": "http://nttj.jtp.ne.jp/0963823100", "内容": "川口消化器内科【2:診療所】【診療科目:内科_消化器内科_神経内科_精神科_放射線科】熊本県熊本市東区新南部２ー７ー５８" }, "geometry": { "type": "Point", "coordinates": [ 130.748119, 32.817251 ] } },
{ "type": "Feature", "properties": { "ID": 432243332056, "正式名称": "整形外科金井クリニック", "機関区分": 2, "都道府県コード": 43, "市区町村コード": 101, "所在地": "熊本県熊本市中央区古城町１ー６", "緯度": 32.803844, "経度": 130.6992, "url": "https://www.iryou.teikyouseido.mhlw.go.jp/znk-web/juminkanja/S2430/initialize?prefCd=43&kikanCd=243332056&kikanKbn=2", "url2": "http://www.ortho-kanaiclinic.jp", "内容": "整形外科金井クリニック【2:診療所】【診療科目:整形外科_リハビリテーション科】熊本県熊本市中央区古城町１ー６" }, "geometry": { "type": "Point", "coordinates": [ 130.6992, 32.803844 ] } },
{ "type": "Feature", "properties": { "ID": 432243332072, "正式名称": "田崎橋耳鼻咽喉科クリニック", "機関区分": 2, "都道府県コード": 43, "市区町村コード": 103, "所在地": "熊本県熊本市西区田崎２ー１ー６６", "緯度": 32.784454, "経度": 130.683305, "url": "https://www.iryou.teikyouseido.mhlw.go.jp/znk-web/juminkanja/S2430/initialize?prefCd=43&kikanCd=243332072&kikanKbn=2", "url2": "http://www.tasakibashi-jibika.com/", "内容": "田崎橋耳鼻咽喉科クリニック【2:診療所】【診療科目:小児耳鼻いんこう科_耳鼻いんこう科_アレルギー科】熊本県熊本市西区田崎２ー１ー６６" }, "geometry": { "type": "Point", "coordinates": [ 130.683305, 32.784454 ] } },
{ "type": "Feature", "properties": { "ID": 432243332085, "正式名称": "ひらやま整形外科クリニック", "機関区分": 2, "都道府県コード": 43, "市区町村コード": 103, "所在地": "熊本県熊本市西区中原町６８８ー１０", "緯度": 32.769394, "経度": 130.63607, "url": "https://www.iryou.teikyouseido.mhlw.go.jp/znk-web/juminkanja/S2430/initialize?prefCd=43&kikanCd=243332085&kikanKbn=2", "url2": "http://hirayama-seikei.com/", "内容": "ひらやま整形外科クリニック【2:診療所】【診療科目:内科_整形外科_リウマチ科_リハビリテーション科】熊本県熊本市西区中原町６８８ー１０" }, "geometry": { "type": "Point", "coordinates": [ 130.63607, 32.769394 ] } },
{ "type": "Feature", "properties": { "ID": 432243332098, "正式名称": "はません眼科", "機関区分": 2, "都道府県コード": 43, "市区町村コード": 104, "所在地": "熊本県熊本市南区田井島１ー２ー１ゆめタウンはません２Ｆ", "緯度": 32.771962, "経度": 130.72606, "url": "https://www.iryou.teikyouseido.mhlw.go.jp/znk-web/juminkanja/S2430/initialize?prefCd=43&kikanCd=243332098&kikanKbn=2", "url2": "https://hamasenganka.jp/", "内容": "はません眼科【2:診療所】【診療科目:眼科】熊本県熊本市南区田井島１ー２ー１ゆめタウンはません２Ｆ" }, "geometry": { "type": "Point", "coordinates": [ 130.72606, 32.771962 ] } },
{ "type": "Feature", "properties": { "ID": 432243332131, "正式名称": "やまもと内科・心療内科", "機関区分": 2, "都道府県コード": 43, "市区町村コード": 102, "所在地": "熊本県熊本市東区京塚本町１ー８", "緯度": 32.79731, "経度": 130.747931, "url": "https://www.iryou.teikyouseido.mhlw.go.jp/znk-web/juminkanja/S2430/initialize?prefCd=43&kikanCd=243332131&kikanKbn=2", "url2": null, "内容": "やまもと内科・心療内科【2:診療所】【診療科目:内科_糖尿病・代謝内科_漢方内科_老年内科_心療内科】熊本県熊本市東区京塚本町１ー８" }, "geometry": { "type": "Point", "coordinates": [ 130.747931, 32.79731 ] } },
{ "type": "Feature", "properties": { "ID": 432243332144, "正式名称": "さくら通りクリニック", "機関区分": 2, "都道府県コード": 43, "市区町村コード": 101, "所在地": "熊本県熊本市中央区萩原町１７ー２４", "緯度": 32.777725, "経度": 130.707067, "url": "https://www.iryou.teikyouseido.mhlw.go.jp/znk-web/juminkanja/S2430/initialize?prefCd=43&kikanCd=243332144&kikanKbn=2", "url2": "http://www1.odn.ne.jp/sakurasaku0501/", "内容": "さくら通りクリニック【2:診療所】【診療科目:内科_糖尿病内科_糖尿病・代謝内科】熊本県熊本市中央区萩原町１７ー２４" }, "geometry": { "type": "Point", "coordinates": [ 130.707067, 32.777725 ] } },
{ "type": "Feature", "properties": { "ID": 432243332157, "正式名称": "こども発達支援センター", "機関区分": 2, "都道府県コード": 43, "市区町村コード": 101, "所在地": "熊本県熊本市中央区大江５ー１ー１熊本市総合保健福祉センター２階", "緯度": 32.798696, "経度": 130.719307, "url": "https://www.iryou.teikyouseido.mhlw.go.jp/znk-web/juminkanja/S2430/initialize?prefCd=43&kikanCd=243332157&kikanKbn=2", "url2": "https://www.city.kumamoto.jp/kiji0032563/index.html", "内容": "こども発達支援センター【2:診療所】【診療科目:小児科】熊本県熊本市中央区大江５ー１ー１熊本市総合保健福祉センター２階" }, "geometry": { "type": "Point", "coordinates": [ 130.719307, 32.798696 ] } },
{ "type": "Feature", "properties": { "ID": 432243332173, "正式名称": "宇土泌尿器科内科クリニック", "機関区分": 2, "都道府県コード": 43, "市区町村コード": 104, "所在地": "熊本県熊本市南区砂原町４７２ー３", "緯度": 32.763403, "経度": 130.658566, "url": "https://www.iryou.teikyouseido.mhlw.go.jp/znk-web/juminkanja/S2430/initialize?prefCd=43&kikanCd=243332173&kikanKbn=2", "url2": "http://www.uto-uro.com", "内容": "宇土泌尿器科内科クリニック【2:診療所】【診療科目:内科_泌尿器科】熊本県熊本市南区砂原町４７２ー３" }, "geometry": { "type": "Point", "coordinates": [ 130.658566, 32.763403 ] } },
{ "type": "Feature", "properties": { "ID": 432243332203, "正式名称": "日本健康倶楽部熊本支部診療所", "機関区分": 2, "都道府県コード": 43, "市区町村コード": 104, "所在地": "熊本県熊本市南区江越２ー１９ー３３", "緯度": 32.773372, "経度": 130.699573, "url": "https://www.iryou.teikyouseido.mhlw.go.jp/znk-web/juminkanja/S2430/initialize?prefCd=43&kikanCd=243332203&kikanKbn=2", "url2": "https://www.kenkura.jp/kumamoto/", "内容": "日本健康倶楽部熊本支部診療所【2:診療所】【診療科目:内科】熊本県熊本市南区江越２ー１９ー３３" }, "geometry": { "type": "Point", "coordinates": [ 130.699573, 32.773372 ] } },
{ "type": "Feature", "properties": { "ID": 432243332229, "正式名称": "医療法人社団愛徳会　立石内科", "機関区分": 2, "都道府県コード": 43, "市区町村コード": 103, "所在地": "熊本県熊本市西区春日１ー８ー２３ー１", "緯度": 32.792134, "経度": 130.691407, "url": "https://www.iryou.teikyouseido.mhlw.go.jp/znk-web/juminkanja/S2430/initialize?prefCd=43&kikanCd=243332229&kikanKbn=2", "url2": "https://www.tateishinaika-ekimae,com", "内容": "医療法人社団愛徳会　立石内科【2:診療所】【診療科目:内科_感染症内科_糖尿病内科_脂質代謝内科_呼吸器内科_老年・呼吸器内科_循環器内科_消化器内科】熊本県熊本市西区春日１ー８ー２３ー１" }, "geometry": { "type": "Point", "coordinates": [ 130.691407, 32.792134 ] } },
{ "type": "Feature", "properties": { "ID": 432243332261, "正式名称": "駒木小児科クリニック", "機関区分": 2, "都道府県コード": 43, "市区町村コード": 101, "所在地": "熊本県熊本市中央区上水前寺２ー４ー２５", "緯度": 32.79724, "経度": 130.746745, "url": "https://www.iryou.teikyouseido.mhlw.go.jp/znk-web/juminkanja/S2430/initialize?prefCd=43&kikanCd=243332261&kikanKbn=2", "url2": null, "内容": "駒木小児科クリニック【2:診療所】【診療科目:小児科_アレルギー科】熊本県熊本市中央区上水前寺２ー４ー２５" }, "geometry": { "type": "Point", "coordinates": [ 130.746745, 32.79724 ] } },
{ "type": "Feature", "properties": { "ID": 432243332320, "正式名称": "医療法人ゆうこう会　田尻クリニック", "機関区分": 2, "都道府県コード": 43, "市区町村コード": 101, "所在地": "熊本県熊本市中央区水前寺２ー６－３", "緯度": 32.788895, "経度": 130.74187, "url": "https://www.iryou.teikyouseido.mhlw.go.jp/znk-web/juminkanja/S2430/initialize?prefCd=43&kikanCd=243332320&kikanKbn=2", "url2": "http://www.j-tajiri.or.jp/index.html", "内容": "医療法人ゆうこう会　田尻クリニック【2:診療所】【診療科目:内科】熊本県熊本市中央区水前寺２ー６－３" }, "geometry": { "type": "Point", "coordinates": [ 130.74187, 32.788895 ] } },
{ "type": "Feature", "properties": { "ID": 4322433323200, "正式名称": "田尻クリニック", "機関区分": 2, "都道府県コード": 43, "市区町村コード": 101, "所在地": "熊本県熊本市中央区水前寺２ー６ー３", "緯度": 32.793988, "経度": 130.733109, "url": "https://www.iryou.teikyouseido.mhlw.go.jp/znk-web/juminkanja/S2430/initialize?prefCd=43&kikanCd=2433323200&kikanKbn=2", "url2": "http://www.j-tajiri.or.jp/index.html", "内容": "田尻クリニック【2:診療所】【診療科目:内科】熊本県熊本市中央区水前寺２ー６ー３" }, "geometry": { "type": "Point", "coordinates": [ 130.733109, 32.793988 ] } },
{ "type": "Feature", "properties": { "ID": 432243332333, "正式名称": "日赤通り谷崎ＭＡクリニック", "機関区分": 2, "都道府県コード": 43, "市区町村コード": 101, "所在地": "熊本県熊本市中央区帯山８ー１ー１１", "緯度": 32.804951, "経度": 130.759341, "url": "https://www.iryou.teikyouseido.mhlw.go.jp/znk-web/juminkanja/S2430/initialize?prefCd=43&kikanCd=243332333&kikanKbn=2", "url2": "http://www.tanizaki-ma.com/", "内容": "日赤通り谷崎ＭＡクリニック【2:診療所】【診療科目:内科_胃腸内科_小児科_アレルギー科】熊本県熊本市中央区帯山８ー１ー１１" }, "geometry": { "type": "Point", "coordinates": [ 130.759341, 32.804951 ] } },
{ "type": "Feature", "properties": { "ID": 432243332346, "正式名称": "春日クリニック", "機関区分": 2, "都道府県コード": 43, "市区町村コード": 103, "所在地": "熊本県熊本市西区春日３ー２５ー１", "緯度": 32.789629, "経度": 130.68761, "url": "https://www.iryou.teikyouseido.mhlw.go.jp/znk-web/juminkanja/S2430/initialize?prefCd=43&kikanCd=243332346&kikanKbn=2", "url2": "https://seisinkai.or.jp", "内容": "春日クリニック【2:診療所】【診療科目:内科_小児科_リハビリテーション科_麻酔科】熊本県熊本市西区春日３ー２５ー１" }, "geometry": { "type": "Point", "coordinates": [ 130.68761, 32.789629 ] } },
{ "type": "Feature", "properties": { "ID": 432243332362, "正式名称": "医療法人　すみれ眼科クリニック", "機関区分": 2, "都道府県コード": 43, "市区町村コード": 104, "所在地": "熊本県熊本市南区鳶町２ー４ー１", "緯度": 32.760334, "経度": 130.675901, "url": "https://www.iryou.teikyouseido.mhlw.go.jp/znk-web/juminkanja/S2430/initialize?prefCd=43&kikanCd=243332362&kikanKbn=2", "url2": "http://www.sumire-eye-clinic.jp/pc", "内容": "医療法人　すみれ眼科クリニック【2:診療所】【診療科目:眼科】熊本県熊本市南区鳶町２ー４ー１" }, "geometry": { "type": "Point", "coordinates": [ 130.675901, 32.760334 ] } },
{ "type": "Feature", "properties": { "ID": 432243332375, "正式名称": "つきで整形外科", "機関区分": 2, "都道府県コード": 43, "市区町村コード": 102, "所在地": "熊本県熊本市東区月出１ー３ー３", "緯度": 32.802282, "経度": 130.761711, "url": "https://www.iryou.teikyouseido.mhlw.go.jp/znk-web/juminkanja/S2430/initialize?prefCd=43&kikanCd=243332375&kikanKbn=2", "url2": "http://tsukide-seikeigeka.jp", "内容": "つきで整形外科【2:診療所】【診療科目:整形外科_リウマチ科_リハビリテーション科】熊本県熊本市東区月出１ー３ー３" }, "geometry": { "type": "Point", "coordinates": [ 130.761711, 32.802282 ] } },
{ "type": "Feature", "properties": { "ID": 432243332418, "正式名称": "せんだメディカルクリニック", "機関区分": 2, "都道府県コード": 43, "市区町村コード": 101, "所在地": "熊本県熊本市中央区島崎１ー３２ー１", "緯度": 32.802583, "経度": 130.691834, "url": "https://www.iryou.teikyouseido.mhlw.go.jp/znk-web/juminkanja/S2430/initialize?prefCd=43&kikanCd=243332418&kikanKbn=2", "url2": "http://www.ccr-net.com/smc/index.html", "内容": "せんだメディカルクリニック【2:診療所】【診療科目:内科_整形外科_リウマチ科_リハビリテーション科】熊本県熊本市中央区島崎１ー３２ー１" }, "geometry": { "type": "Point", "coordinates": [ 130.691834, 32.802583 ] } },
{ "type": "Feature", "properties": { "ID": 432243332421, "正式名称": "山田眼科", "機関区分": 2, "都道府県コード": 43, "市区町村コード": 101, "所在地": "熊本県熊本市中央区世安３ー２ー１８", "緯度": 32.781785, "経度": 130.696384, "url": "https://www.iryou.teikyouseido.mhlw.go.jp/znk-web/juminkanja/S2430/initialize?prefCd=43&kikanCd=243332421&kikanKbn=2", "url2": "https://yamada-ganka-kumamoto,jp", "内容": "山田眼科【2:診療所】【診療科目:眼科】熊本県熊本市中央区世安３ー２ー１８" }, "geometry": { "type": "Point", "coordinates": [ 130.696384, 32.781785 ] } },
{ "type": "Feature", "properties": { "ID": 432243332447, "正式名称": "中村内科医院", "機関区分": 2, "都道府県コード": 43, "市区町村コード": 102, "所在地": "熊本県熊本市東区健軍４ー３ー１６", "緯度": 32.782325, "経度": 130.748772, "url": "https://www.iryou.teikyouseido.mhlw.go.jp/znk-web/juminkanja/S2430/initialize?prefCd=43&kikanCd=243332447&kikanKbn=2", "url2": "http://www.nakamura-n-clinic.jp/", "内容": "中村内科医院【2:診療所】【診療科目:内科_腎臓内科_人工透析内科】熊本県熊本市東区健軍４ー３ー１６" }, "geometry": { "type": "Point", "coordinates": [ 130.748772, 32.782325 ] } },
{ "type": "Feature", "properties": { "ID": 432243332450, "正式名称": "尾田胃腸内科・内科", "機関区分": 2, "都道府県コード": 43, "市区町村コード": 101, "所在地": "熊本県熊本市中央区南熊本１ー９ー２５ー２Ｆ", "緯度": 32.790018, "経度": 130.710961, "url": "https://www.iryou.teikyouseido.mhlw.go.jp/znk-web/juminkanja/S2430/initialize?prefCd=43&kikanCd=243332450&kikanKbn=2", "url2": "http://www.oda-gi-clinic.com", "内容": "尾田胃腸内科・内科【2:診療所】【診療科目:内科_消化器内科_胃腸内科_内視鏡内科_内視鏡外科】熊本県熊本市中央区南熊本１ー９ー２５ー２Ｆ" }, "geometry": { "type": "Point", "coordinates": [ 130.710961, 32.790018 ] } },
{ "type": "Feature", "properties": { "ID": 432243332463, "正式名称": "水前寺公園クリニック", "機関区分": 2, "都道府県コード": 43, "市区町村コード": 101, "所在地": "熊本県熊本市中央区水前寺公園４ー２", "緯度": 32.791016, "経度": 130.732573, "url": "https://www.iryou.teikyouseido.mhlw.go.jp/znk-web/juminkanja/S2430/initialize?prefCd=43&kikanCd=243332463&kikanKbn=2", "url2": "http://www.suizenjipark-clinic.jp/", "内容": "水前寺公園クリニック【2:診療所】【診療科目:内科_呼吸器内科】熊本県熊本市中央区水前寺公園４ー２" }, "geometry": { "type": "Point", "coordinates": [ 130.732573, 32.791016 ] } },
{ "type": "Feature", "properties": { "ID": 432243332489, "正式名称": "池沢小児科医院", "機関区分": 2, "都道府県コード": 43, "市区町村コード": 103, "所在地": "熊本県熊本市西区野中１ー１ー１６", "緯度": 32.777752, "経度": 130.681278, "url": "https://www.iryou.teikyouseido.mhlw.go.jp/znk-web/juminkanja/S2430/initialize?prefCd=43&kikanCd=243332489&kikanKbn=2", "url2": "http://ikezawa-shoumika.info/", "内容": "池沢小児科医院【2:診療所】【診療科目:小児科】熊本県熊本市西区野中１ー１ー１６" }, "geometry": { "type": "Point", "coordinates": [ 130.681278, 32.777752 ] } },
{ "type": "Feature", "properties": { "ID": 432243332492, "正式名称": "長嶺そよかぜクリニック", "機関区分": 2, "都道府県コード": 43, "市区町村コード": 102, "所在地": "熊本県熊本市東区月出６ー５ー１３０", "緯度": 32.80612, "経度": 130.773318, "url": "https://www.iryou.teikyouseido.mhlw.go.jp/znk-web/juminkanja/S2430/initialize?prefCd=43&kikanCd=243332492&kikanKbn=2", "url2": null, "内容": "長嶺そよかぜクリニック【2:診療所】【診療科目:内科_小児科_婦人科】熊本県熊本市東区月出６ー５ー１３０" }, "geometry": { "type": "Point", "coordinates": [ 130.773318, 32.80612 ] } },
{ "type": "Feature", "properties": { "ID": 432243332519, "正式名称": "新水前寺クリニック", "機関区分": 2, "都道府県コード": 43, "市区町村コード": 101, "所在地": "熊本県熊本市中央区水前寺公園１ー２４キャッスル水前寺１０２号", "緯度": 32.791749, "経度": 130.730143, "url": "https://www.iryou.teikyouseido.mhlw.go.jp/znk-web/juminkanja/S2430/initialize?prefCd=43&kikanCd=243332519&kikanKbn=2", "url2": null, "内容": "新水前寺クリニック【2:診療所】【診療科目:漢方内科】熊本県熊本市中央区水前寺公園１ー２４キャッスル水前寺１０２号" }, "geometry": { "type": "Point", "coordinates": [ 130.730143, 32.791749 ] } },
{ "type": "Feature", "properties": { "ID": 432243332522, "正式名称": "虹クリニック", "機関区分": 2, "都道府県コード": 43, "市区町村コード": 104, "所在地": "熊本県熊本市南区薄場３ー１１ー５１", "緯度": 32.767336, "経度": 130.676514, "url": "https://www.iryou.teikyouseido.mhlw.go.jp/znk-web/juminkanja/S2430/initialize?prefCd=43&kikanCd=243332522&kikanKbn=2", "url2": "http://www.niji-clinic.jp/", "内容": "虹クリニック【2:診療所】【診療科目:内科_呼吸器内科_循環器内科_消化器内科_呼吸器外科】熊本県熊本市南区薄場３ー１１ー５１" }, "geometry": { "type": "Point", "coordinates": [ 130.676514, 32.767336 ] } },
{ "type": "Feature", "properties": { "ID": 432243332548, "正式名称": "熊本かよこクリニック", "機関区分": 2, "都道府県コード": 43, "市区町村コード": 101, "所在地": "熊本県熊本市中央区上通町１ー１７ソネットビル２Ｆ", "緯度": 32.803636, "経度": 130.710385, "url": "https://www.iryou.teikyouseido.mhlw.go.jp/znk-web/juminkanja/S2430/initialize?prefCd=43&kikanCd=243332548&kikanKbn=2", "url2": "http://www.nakamura-biyou.com/", "内容": "熊本かよこクリニック【2:診療所】【診療科目:皮膚科_美容皮膚科】熊本県熊本市中央区上通町１ー１７ソネットビル２Ｆ" }, "geometry": { "type": "Point", "coordinates": [ 130.710385, 32.803636 ] } },
{ "type": "Feature", "properties": { "ID": 432243332551, "正式名称": "はっとり小児科", "機関区分": 2, "都道府県コード": 43, "市区町村コード": 101, "所在地": "熊本県熊本市中央区南熊本４ー３ー４０", "緯度": 32.790596, "経度": 130.709402, "url": "https://www.iryou.teikyouseido.mhlw.go.jp/znk-web/juminkanja/S2430/initialize?prefCd=43&kikanCd=243332551&kikanKbn=2", "url2": null, "内容": "はっとり小児科【2:診療所】【診療科目:小児科_アレルギー科】熊本県熊本市中央区南熊本４ー３ー４０" }, "geometry": { "type": "Point", "coordinates": [ 130.709402, 32.790596 ] } },
{ "type": "Feature", "properties": { "ID": 432243332841, "正式名称": "こころの元気クリニック", "機関区分": 2, "都道府県コード": 43, "市区町村コード": 101, "所在地": "熊本県熊本市中央区水道町８ー２秀匠苑ビル５Ｆ", "緯度": 32.80282, "経度": 130.713521, "url": "https://www.iryou.teikyouseido.mhlw.go.jp/znk-web/juminkanja/S2430/initialize?prefCd=43&kikanCd=243332841&kikanKbn=2", "url2": "http://cocoronogenki.net/", "内容": "こころの元気クリニック【2:診療所】【診療科目:精神科_心療内科】熊本県熊本市中央区水道町８ー２秀匠苑ビル５Ｆ" }, "geometry": { "type": "Point", "coordinates": [ 130.713521, 32.80282 ] } },
{ "type": "Feature", "properties": { "ID": 432243332854, "正式名称": "とだか内科クリニック", "機関区分": 2, "都道府県コード": 43, "市区町村コード": 102, "所在地": "熊本県熊本市東区下江津２ー１３ー５", "緯度": 32.770803, "経度": 130.740137, "url": "https://www.iryou.teikyouseido.mhlw.go.jp/znk-web/juminkanja/S2430/initialize?prefCd=43&kikanCd=243332854&kikanKbn=2", "url2": "http://www.todaka-clinic.com/", "内容": "とだか内科クリニック【2:診療所】【診療科目:内科_糖尿病内科_代謝内科_循環器内科】熊本県熊本市東区下江津２ー１３ー５" }, "geometry": { "type": "Point", "coordinates": [ 130.740137, 32.770803 ] } },
{ "type": "Feature", "properties": { "ID": 432243332870, "正式名称": "みやじま眼科", "機関区分": 2, "都道府県コード": 43, "市区町村コード": 102, "所在地": "熊本県熊本市東区水源２ー３ー３", "緯度": 32.775628, "経度": 130.758366, "url": "https://www.iryou.teikyouseido.mhlw.go.jp/znk-web/juminkanja/S2430/initialize?prefCd=43&kikanCd=243332870&kikanKbn=2", "url2": "http://www.miyajima-ganka.jp/", "内容": "みやじま眼科【2:診療所】【診療科目:眼科】熊本県熊本市東区水源２ー３ー３" }, "geometry": { "type": "Point", "coordinates": [ 130.758366, 32.775628 ] } },
{ "type": "Feature", "properties": { "ID": 432243332883, "正式名称": "熊本血管外科クリニック", "機関区分": 2, "都道府県コード": 43, "市区町村コード": 101, "所在地": "熊本県熊本市中央区上通町１ー１ＮＫ第１ビル３Ｆ", "緯度": 32.803662, "経度": 130.710096, "url": "https://www.iryou.teikyouseido.mhlw.go.jp/znk-web/juminkanja/S2430/initialize?prefCd=43&kikanCd=243332883&kikanKbn=2", "url2": "http://www.kumamoto-kekkan.com/", "内容": "熊本血管外科クリニック【2:診療所】【診療科目:血管外科】熊本県熊本市中央区上通町１ー１ＮＫ第１ビル３Ｆ" }, "geometry": { "type": "Point", "coordinates": [ 130.710096, 32.803662 ] } },
{ "type": "Feature", "properties": { "ID": 432243332896, "正式名称": "内田クリニック", "機関区分": 2, "都道府県コード": 43, "市区町村コード": 101, "所在地": "熊本県熊本市中央区水前寺２ー６ー２０", "緯度": 32.793388, "経度": 130.733031, "url": "https://www.iryou.teikyouseido.mhlw.go.jp/znk-web/juminkanja/S2430/initialize?prefCd=43&kikanCd=243332896&kikanKbn=2", "url2": "http://www.uchidaiin-kumamoto.com/", "内容": "内田クリニック【2:診療所】【診療科目:精神科_心療内科】熊本県熊本市中央区水前寺２ー６ー２０" }, "geometry": { "type": "Point", "coordinates": [ 130.733031, 32.793388 ] } },
{ "type": "Feature", "properties": { "ID": 432243332900, "正式名称": "いちぐちクリニック", "機関区分": 2, "都道府県コード": 43, "市区町村コード": 102, "所在地": "熊本県熊本市東区錦ケ丘３３ー１", "緯度": 32.788613, "経度": 130.758725, "url": "https://www.iryou.teikyouseido.mhlw.go.jp/znk-web/juminkanja/S2430/initialize?prefCd=43&kikanCd=243332900&kikanKbn=2", "url2": "http://www.ichiguchi-clinic.jp/pc/", "内容": "いちぐちクリニック【2:診療所】【診療科目:内科_消化器内科_外科_呼吸器外科】熊本県熊本市東区錦ケ丘３３ー１" }, "geometry": { "type": "Point", "coordinates": [ 130.758725, 32.788613 ] } },
{ "type": "Feature", "properties": { "ID": 432243332926, "正式名称": "熊本リウマチ内科", "機関区分": 2, "都道府県コード": 43, "市区町村コード": 105, "所在地": "熊本県熊本市北区四方寄町１６０４ー７", "緯度": 32.864579, "経度": 130.707841, "url": "https://www.iryou.teikyouseido.mhlw.go.jp/znk-web/juminkanja/S2430/initialize?prefCd=43&kikanCd=243332926&kikanKbn=2", "url2": "http://www.kr-naika.com/", "内容": "熊本リウマチ内科【2:診療所】【診療科目:内科_漢方内科_アレルギー科_リウマチ科】熊本県熊本市北区四方寄町１６０４ー７" }, "geometry": { "type": "Point", "coordinates": [ 130.707841, 32.864579 ] } },
{ "type": "Feature", "properties": { "ID": 432243332939, "正式名称": "にしむら形成外科クリニック", "機関区分": 2, "都道府県コード": 43, "市区町村コード": 105, "所在地": "熊本県熊本市北区清水新地３ー１ー２３", "緯度": 32.848052, "経度": 130.736831, "url": "https://www.iryou.teikyouseido.mhlw.go.jp/znk-web/juminkanja/S2430/initialize?prefCd=43&kikanCd=243332939&kikanKbn=2", "url2": null, "内容": "にしむら形成外科クリニック【2:診療所】【診療科目:形成外科_美容外科】熊本県熊本市北区清水新地３ー１ー２３" }, "geometry": { "type": "Point", "coordinates": [ 130.736831, 32.848052 ] } },
{ "type": "Feature", "properties": { "ID": 432243332971, "正式名称": "ふくもと整形外科", "機関区分": 2, "都道府県コード": 43, "市区町村コード": 102, "所在地": "熊本県熊本市東区花立１ー１３ー１５", "緯度": 32.779911, "経度": 130.773132, "url": "https://www.iryou.teikyouseido.mhlw.go.jp/znk-web/juminkanja/S2430/initialize?prefCd=43&kikanCd=243332971&kikanKbn=2", "url2": "http://www.fukumoto-seikei.jp/", "内容": "ふくもと整形外科【2:診療所】【診療科目:整形外科_リウマチ科_リハビリテーション科_麻酔科】熊本県熊本市東区花立１ー１３ー１５" }, "geometry": { "type": "Point", "coordinates": [ 130.773132, 32.779911 ] } },
{ "type": "Feature", "properties": { "ID": 432243333011, "正式名称": "花園内科クリニック", "機関区分": 2, "都道府県コード": 43, "市区町村コード": 103, "所在地": "熊本県熊本市西区花園５ー１３ー２１", "緯度": 32.818054, "経度": 130.694387, "url": "https://www.iryou.teikyouseido.mhlw.go.jp/znk-web/juminkanja/S2430/initialize?prefCd=43&kikanCd=243333011&kikanKbn=2", "url2": "http://www.hanazono-naika.com/", "内容": "花園内科クリニック【2:診療所】【診療科目:内科_循環器内科】熊本県熊本市西区花園５ー１３ー２１" }, "geometry": { "type": "Point", "coordinates": [ 130.694387, 32.818054 ] } },
{ "type": "Feature", "properties": { "ID": 432243333024, "正式名称": "江津耳鼻咽喉科・アレルギー科クリニック", "機関区分": 2, "都道府県コード": 43, "市区町村コード": 102, "所在地": "熊本県熊本市東区江津４ー５ー１", "緯度": 32.773234, "経度": 130.735826, "url": "https://www.iryou.teikyouseido.mhlw.go.jp/znk-web/juminkanja/S2430/initialize?prefCd=43&kikanCd=243333024&kikanKbn=2", "url2": "http://3387.blog42.fc2.com/", "内容": "江津耳鼻咽喉科・アレルギー科クリニック【2:診療所】【診療科目:耳鼻いんこう科_アレルギー科】熊本県熊本市東区江津４ー５ー１" }, "geometry": { "type": "Point", "coordinates": [ 130.735826, 32.773234 ] } },
{ "type": "Feature", "properties": { "ID": 432243333040, "正式名称": "しもむらクリニック", "機関区分": 2, "都道府県コード": 43, "市区町村コード": 104, "所在地": "熊本県熊本市南区島町４ー４ー１", "緯度": 32.763234, "経度": 130.681461, "url": "https://www.iryou.teikyouseido.mhlw.go.jp/znk-web/juminkanja/S2430/initialize?prefCd=43&kikanCd=243333040&kikanKbn=2", "url2": "http://www.shimomura-clinic.com", "内容": "しもむらクリニック【2:診療所】【診療科目:内科_放射線診断科】熊本県熊本市南区島町４ー４ー１" }, "geometry": { "type": "Point", "coordinates": [ 130.681461, 32.763234 ] } },
{ "type": "Feature", "properties": { "ID": 432243333082, "正式名称": "とみあい内科クリニック", "機関区分": 2, "都道府県コード": 43, "市区町村コード": 104, "所在地": "熊本県熊本市南区富合町新４２４ー３", "緯度": 32.710355, "経度": 130.678072, "url": "https://www.iryou.teikyouseido.mhlw.go.jp/znk-web/juminkanja/S2430/initialize?prefCd=43&kikanCd=243333082&kikanKbn=2", "url2": null, "内容": "とみあい内科クリニック【2:診療所】【診療科目:内科_呼吸器内科_消化器内科】熊本県熊本市南区富合町新４２４ー３" }, "geometry": { "type": "Point", "coordinates": [ 130.678072, 32.710355 ] } },
{ "type": "Feature", "properties": { "ID": 432243333095, "正式名称": "熊本県精神保健福祉センター", "機関区分": 2, "都道府県コード": 43, "市区町村コード": 102, "所在地": "熊本県熊本市東区月出３ー１ー１２０", "緯度": 32.80734, "経度": 130.765999, "url": "https://www.iryou.teikyouseido.mhlw.go.jp/znk-web/juminkanja/S2430/initialize?prefCd=43&kikanCd=243333095&kikanKbn=2", "url2": "https://www.pref.kumamoto.jp/soshiki/40/", "内容": "熊本県精神保健福祉センター【2:診療所】【診療科目:精神科】熊本県熊本市東区月出３ー１ー１２０" }, "geometry": { "type": "Point", "coordinates": [ 130.765999, 32.80734 ] } },
{ "type": "Feature", "properties": { "ID": 432243333141, "正式名称": "小山胃腸科内科クリニック", "機関区分": 2, "都道府県コード": 43, "市区町村コード": 101, "所在地": "熊本県熊本市中央区水前寺公園２８ー３９小山ビル", "緯度": 32.792404, "経度": 130.7407, "url": "https://www.iryou.teikyouseido.mhlw.go.jp/znk-web/juminkanja/S2430/initialize?prefCd=43&kikanCd=243333141&kikanKbn=2", "url2": "http://www.oyama-clinic.jp/", "内容": "小山胃腸科内科クリニック【2:診療所】【診療科目:内科_消化器内科_放射線科】熊本県熊本市中央区水前寺公園２８ー３９小山ビル" }, "geometry": { "type": "Point", "coordinates": [ 130.7407, 32.792404 ] } },
{ "type": "Feature", "properties": { "ID": 432243333154, "正式名称": "かみくまもと耳鼻咽喉科", "機関区分": 2, "都道府県コード": 43, "市区町村コード": 101, "所在地": "熊本県熊本市中央区段山本町６ー１", "緯度": 32.808883, "経度": 130.6961, "url": "https://www.iryou.teikyouseido.mhlw.go.jp/znk-web/juminkanja/S2430/initialize?prefCd=43&kikanCd=243333154&kikanKbn=2", "url2": "http://kk3387.blog22.fc2.com", "内容": "かみくまもと耳鼻咽喉科【2:診療所】【診療科目:耳鼻いんこう科_アレルギー科】熊本県熊本市中央区段山本町６ー１" }, "geometry": { "type": "Point", "coordinates": [ 130.6961, 32.808883 ] } },
{ "type": "Feature", "properties": { "ID": 432243333167, "正式名称": "萬生会在宅療養支援診療所", "機関区分": 2, "都道府県コード": 43, "市区町村コード": 105, "所在地": "熊本県熊本市北区清水亀井町１ー２６", "緯度": 32.836584, "経度": 130.720718, "url": "https://www.iryou.teikyouseido.mhlw.go.jp/znk-web/juminkanja/S2430/initialize?prefCd=43&kikanCd=243333167&kikanKbn=2", "url2": "http://vansay.jp/shimizu/", "内容": "萬生会在宅療養支援診療所【2:診療所】【診療科目:内科_小児科】熊本県熊本市北区清水亀井町１ー２６" }, "geometry": { "type": "Point", "coordinates": [ 130.720718, 32.836584 ] } },
{ "type": "Feature", "properties": { "ID": 432243333170, "正式名称": "にしだ整形外科", "機関区分": 2, "都道府県コード": 43, "市区町村コード": 102, "所在地": "熊本県熊本市東区下江津３ー１５ー５", "緯度": 32.770129, "経度": 130.741106, "url": "https://www.iryou.teikyouseido.mhlw.go.jp/znk-web/juminkanja/S2430/initialize?prefCd=43&kikanCd=243333170&kikanKbn=2", "url2": "http://www.nishida-seikei.jp/", "内容": "にしだ整形外科【2:診療所】【診療科目:整形外科_リウマチ科_リハビリテーション科】熊本県熊本市東区下江津３ー１５ー５" }, "geometry": { "type": "Point", "coordinates": [ 130.741106, 32.770129 ] } },
{ "type": "Feature", "properties": { "ID": 432243333183, "正式名称": "池上第二クリニック", "機関区分": 2, "都道府県コード": 43, "市区町村コード": 101, "所在地": "熊本県熊本市中央区細工町２ー６グランブルー五福１Ｆ", "緯度": 32.79559, "経度": 130.695004, "url": "https://www.iryou.teikyouseido.mhlw.go.jp/znk-web/juminkanja/S2430/initialize?prefCd=43&kikanCd=243333183&kikanKbn=2", "url2": null, "内容": "池上第二クリニック【2:診療所】【診療科目:精神科_心療内科】熊本県熊本市中央区細工町２ー６グランブルー五福１Ｆ" }, "geometry": { "type": "Point", "coordinates": [ 130.695004, 32.79559 ] } },
{ "type": "Feature", "properties": { "ID": 432243333200, "正式名称": "ひまわり在宅クリニック", "機関区分": 2, "都道府県コード": 43, "市区町村コード": 104, "所在地": "熊本県熊本市南区江越２ー１４ー２６", "緯度": 32.772206, "経度": 130.702511, "url": "https://www.iryou.teikyouseido.mhlw.go.jp/znk-web/juminkanja/S2430/initialize?prefCd=43&kikanCd=243333200&kikanKbn=2", "url2": "http://himawari-clinic.info/", "内容": "ひまわり在宅クリニック【2:診療所】【診療科目:内科_疼痛緩和内科_緩和ケア内科】熊本県熊本市南区江越２ー１４ー２６" }, "geometry": { "type": "Point", "coordinates": [ 130.702511, 32.772206 ] } },
{ "type": "Feature", "properties": { "ID": 432243333213, "正式名称": "いしはら皮膚外科クリニック", "機関区分": 2, "都道府県コード": 43, "市区町村コード": 104, "所在地": "熊本県熊本市南区近見２ー１７ー３７", "緯度": 32.763998, "経度": 130.68595, "url": "https://www.iryou.teikyouseido.mhlw.go.jp/znk-web/juminkanja/S2430/initialize?prefCd=43&kikanCd=243333213&kikanKbn=2", "url2": "http://ishihara-ds-clinic.com/", "内容": "いしはら皮膚外科クリニック【2:診療所】【診療科目:形成外科_皮膚科_美容皮膚科_アレルギー科】熊本県熊本市南区近見２ー１７ー３７" }, "geometry": { "type": "Point", "coordinates": [ 130.68595, 32.763998 ] } },
{ "type": "Feature", "properties": { "ID": 432243333239, "正式名称": "よねざわ眼科", "機関区分": 2, "都道府県コード": 43, "市区町村コード": 105, "所在地": "熊本県熊本市北区兎谷１ー２ー１８", "緯度": 32.837679, "経度": 130.728616, "url": "https://www.iryou.teikyouseido.mhlw.go.jp/znk-web/juminkanja/S2430/initialize?prefCd=43&kikanCd=243333239&kikanKbn=2", "url2": "http://yonezawaganka.com/", "内容": "よねざわ眼科【2:診療所】【診療科目:眼科】熊本県熊本市北区兎谷１ー２ー１８" }, "geometry": { "type": "Point", "coordinates": [ 130.728616, 32.837679 ] } },
{ "type": "Feature", "properties": { "ID": 432243333268, "正式名称": "熊本心身医療クリニック", "機関区分": 2, "都道府県コード": 43, "市区町村コード": 102, "所在地": "熊本県熊本市東区沼山津４ー１ー２０", "緯度": 32.778709, "経度": 130.783734, "url": "https://www.iryou.teikyouseido.mhlw.go.jp/znk-web/juminkanja/S2430/initialize?prefCd=43&kikanCd=243333268&kikanKbn=2", "url2": "http://meikunkai.com/", "内容": "熊本心身医療クリニック【2:診療所】【診療科目:精神科_心療内科】熊本県熊本市東区沼山津４ー１ー２０" }, "geometry": { "type": "Point", "coordinates": [ 130.783734, 32.778709 ] } },
{ "type": "Feature", "properties": { "ID": 432243333271, "正式名称": "にのみやクリニック", "機関区分": 2, "都道府県コード": 43, "市区町村コード": 101, "所在地": "熊本県熊本市中央区帯山２ー１２ー１０", "緯度": 32.805103, "経度": 130.744456, "url": "https://www.iryou.teikyouseido.mhlw.go.jp/znk-web/juminkanja/S2430/initialize?prefCd=43&kikanCd=243333271&kikanKbn=2", "url2": "http://ninomiya-ped.com/", "内容": "にのみやクリニック【2:診療所】【診療科目:内科_小児科】熊本県熊本市中央区帯山２ー１２ー１０" }, "geometry": { "type": "Point", "coordinates": [ 130.744456, 32.805103 ] } },
{ "type": "Feature", "properties": { "ID": 432243333284, "正式名称": "ながみね耳鼻咽喉科クリニック", "機関区分": 2, "都道府県コード": 43, "市区町村コード": 102, "所在地": "熊本県熊本市東区長嶺南７ー９ー１０", "緯度": 32.817105, "経度": 130.77884, "url": "https://www.iryou.teikyouseido.mhlw.go.jp/znk-web/juminkanja/S2430/initialize?prefCd=43&kikanCd=243333284&kikanKbn=2", "url2": "https://nagamine-ent.com/", "内容": "ながみね耳鼻咽喉科クリニック【2:診療所】【診療科目:耳鼻いんこう科_頭頸部・耳鼻いんこう科_アレルギー科】熊本県熊本市東区長嶺南７ー９ー１０" }, "geometry": { "type": "Point", "coordinates": [ 130.77884, 32.817105 ] } },
{ "type": "Feature", "properties": { "ID": 432243333330, "正式名称": "柏田内科クリニック", "機関区分": 2, "都道府県コード": 43, "市区町村コード": 101, "所在地": "熊本県熊本市中央区坪井３ー１ー４４", "緯度": 32.812828, "経度": 130.712988, "url": "https://www.iryou.teikyouseido.mhlw.go.jp/znk-web/juminkanja/S2430/initialize?prefCd=43&kikanCd=243333330&kikanKbn=2", "url2": "http://kashiwada-clinic.com", "内容": "柏田内科クリニック【2:診療所】【診療科目:内科_胃腸内科】熊本県熊本市中央区坪井３ー１ー４４" }, "geometry": { "type": "Point", "coordinates": [ 130.712988, 32.812828 ] } },
{ "type": "Feature", "properties": { "ID": 432243333343, "正式名称": "みはらライフケアクリニック", "機関区分": 2, "都道府県コード": 43, "市区町村コード": 102, "所在地": "熊本県熊本市東区上南部２ー１ー７９", "緯度": 32.828538, "経度": 130.766274, "url": "https://www.iryou.teikyouseido.mhlw.go.jp/znk-web/juminkanja/S2430/initialize?prefCd=43&kikanCd=243333343&kikanKbn=2", "url2": "http://www.mihara-lifecare-clinic.com", "内容": "みはらライフケアクリニック【2:診療所】【診療科目:内科_消化器内科_肝臓内科】熊本県熊本市東区上南部２ー１ー７９" }, "geometry": { "type": "Point", "coordinates": [ 130.766274, 32.828538 ] } },
{ "type": "Feature", "properties": { "ID": 432243333372, "正式名称": "よしむらクリニック　内科・糖尿病内科", "機関区分": 2, "都道府県コード": 43, "市区町村コード": 102, "所在地": "熊本県熊本市東区長嶺南４ー１ー３４", "緯度": 32.81047, "経度": 130.772166, "url": "https://www.iryou.teikyouseido.mhlw.go.jp/znk-web/juminkanja/S2430/initialize?prefCd=43&kikanCd=243333372&kikanKbn=2", "url2": "http://yoshimuraclinic.web.fc2.com/access.html", "内容": "よしむらクリニック　内科・糖尿病内科【2:診療所】【診療科目:内科_糖尿病・代謝内科】熊本県熊本市東区長嶺南４ー１ー３４" }, "geometry": { "type": "Point", "coordinates": [ 130.772166, 32.81047 ] } },
{ "type": "Feature", "properties": { "ID": 432243333415, "正式名称": "吉永クリニック", "機関区分": 2, "都道府県コード": 43, "市区町村コード": 102, "所在地": "熊本県熊本市東区月出１ー８ー２６", "緯度": 32.802209, "経度": 130.765733, "url": "https://www.iryou.teikyouseido.mhlw.go.jp/znk-web/juminkanja/S2430/initialize?prefCd=43&kikanCd=243333415&kikanKbn=2", "url2": "https://www.yoshinagaclinic.com", "内容": "吉永クリニック【2:診療所】【診療科目:内科_胃腸内科】熊本県熊本市東区月出１ー８ー２６" }, "geometry": { "type": "Point", "coordinates": [ 130.765733, 32.802209 ] } },
{ "type": "Feature", "properties": { "ID": 432243333428, "正式名称": "おびやま在宅クリニック", "機関区分": 2, "都道府県コード": 43, "市区町村コード": 101, "所在地": "熊本県熊本市中央区帯山４ー４１ー２３", "緯度": 32.804428, "経度": 130.750142, "url": "https://www.iryou.teikyouseido.mhlw.go.jp/znk-web/juminkanja/S2430/initialize?prefCd=43&kikanCd=243333428&kikanKbn=2", "url2": "http://obiyamaz-c.jp", "内容": "おびやま在宅クリニック【2:診療所】【診療科目:内科_麻酔科】熊本県熊本市中央区帯山４ー４１ー２３" }, "geometry": { "type": "Point", "coordinates": [ 130.750142, 32.804428 ] } },
{ "type": "Feature", "properties": { "ID": 432243333444, "正式名称": "くりあ診療所", "機関区分": 2, "都道府県コード": 43, "市区町村コード": 103, "所在地": "熊本県熊本市西区春日６ー４ー３２Ｃｌｅａｒ　Ｈｉｌｌ　１Ｆ", "緯度": 32.785851, "経度": 130.685716, "url": "https://www.iryou.teikyouseido.mhlw.go.jp/znk-web/juminkanja/S2430/initialize?prefCd=43&kikanCd=243333444&kikanKbn=2", "url2": "http://www.clearhill.jp/", "内容": "くりあ診療所【2:診療所】【診療科目:内科_代謝内科】熊本県熊本市西区春日６ー４ー３２Ｃｌｅａｒ　Ｈｉｌｌ　１Ｆ" }, "geometry": { "type": "Point", "coordinates": [ 130.685716, 32.785851 ] } },
{ "type": "Feature", "properties": { "ID": 432243333545, "正式名称": "くまもと令和クリニック", "機関区分": 2, "都道府県コード": 43, "市区町村コード": 101, "所在地": "熊本県熊本市中央区新市街７ー１７", "緯度": 32.798313, "経度": 130.705423, "url": "https://www.iryou.teikyouseido.mhlw.go.jp/znk-web/juminkanja/S2430/initialize?prefCd=43&kikanCd=243333545&kikanKbn=2", "url2": "thsp.jp", "内容": "くまもと令和クリニック【2:診療所】【診療科目:耳鼻いんこう科】熊本県熊本市中央区新市街７ー１７" }, "geometry": { "type": "Point", "coordinates": [ 130.705423, 32.798313 ] } },
{ "type": "Feature", "properties": { "ID": 432243333561, "正式名称": "たさき眼科クリニック", "機関区分": 2, "都道府県コード": 43, "市区町村コード": 103, "所在地": "熊本県熊本市西区田崎１ー３ー７６", "緯度": 32.783765, "経度": 130.684533, "url": "https://www.iryou.teikyouseido.mhlw.go.jp/znk-web/juminkanja/S2430/initialize?prefCd=43&kikanCd=243333561&kikanKbn=2", "url2": "www.tasaki-ganka.com", "内容": "たさき眼科クリニック【2:診療所】【診療科目:小児眼科_眼科】熊本県熊本市西区田崎１ー３ー７６" }, "geometry": { "type": "Point", "coordinates": [ 130.684533, 32.783765 ] } },
{ "type": "Feature", "properties": { "ID": 432243333574, "正式名称": "行德眼科", "機関区分": 2, "都道府県コード": 43, "市区町村コード": 101, "所在地": "熊本県熊本市中央区内坪井町２ー２", "緯度": 32.809608, "経度": 130.709472, "url": "https://www.iryou.teikyouseido.mhlw.go.jp/znk-web/juminkanja/S2430/initialize?prefCd=43&kikanCd=243333574&kikanKbn=2", "url2": "www.gyoutoku-eye.com", "内容": "行德眼科【2:診療所】【診療科目:眼科】熊本県熊本市中央区内坪井町２ー２" }, "geometry": { "type": "Point", "coordinates": [ 130.709472, 32.809608 ] } },
{ "type": "Feature", "properties": { "ID": 432243333590, "正式名称": "医療法人社団明正会熊本東耳鼻咽喉科クリニック", "機関区分": 2, "都道府県コード": 43, "市区町村コード": 102, "所在地": "熊本県熊本市東区月出５ー４ー８", "緯度": 32.804569, "経度": 130.774737, "url": "https://www.iryou.teikyouseido.mhlw.go.jp/znk-web/juminkanja/S2430/initialize?prefCd=43&kikanCd=243333590&kikanKbn=2", "url2": "http://www.kumamotohigashi-jibika.com/pc/sitemap.html", "内容": "医療法人社団明正会熊本東耳鼻咽喉科クリニック【2:診療所】【診療科目:小児耳鼻いんこう科_耳鼻いんこう科_アレルギー科】熊本県熊本市東区月出５ー４ー８" }, "geometry": { "type": "Point", "coordinates": [ 130.774737, 32.804569 ] } },
{ "type": "Feature", "properties": { "ID": 432243333633, "正式名称": "國武整形外科皮膚科クリニック", "機関区分": 2, "都道府県コード": 43, "市区町村コード": 102, "所在地": "熊本県熊本市東区若葉１ー３７ー１５", "緯度": 32.777587, "経度": 130.761611, "url": "https://www.iryou.teikyouseido.mhlw.go.jp/znk-web/juminkanja/S2430/initialize?prefCd=43&kikanCd=243333633&kikanKbn=2", "url2": "http://www.kunitake-clinic.jp/", "内容": "國武整形外科皮膚科クリニック【2:診療所】【診療科目:整形外科_皮膚科_美容皮膚科_リハビリテーション科】熊本県熊本市東区若葉１ー３７ー１５" }, "geometry": { "type": "Point", "coordinates": [ 130.761611, 32.777587 ] } },
{ "type": "Feature", "properties": { "ID": 432243333646, "正式名称": "医療法人　清藤クリニック", "機関区分": 2, "都道府県コード": 43, "市区町村コード": 105, "所在地": "熊本県熊本市北区武蔵ケ丘４ー１０ー１４", "緯度": 32.85689, "経度": 130.770031, "url": "https://www.iryou.teikyouseido.mhlw.go.jp/znk-web/juminkanja/S2430/initialize?prefCd=43&kikanCd=243333646&kikanKbn=2", "url2": "https://www.kiyofujiclinic.com", "内容": "医療法人　清藤クリニック【2:診療所】【診療科目:内科_呼吸器内科_緩和ケア内科_小児科_精神科】熊本県熊本市北区武蔵ケ丘４ー１０ー１４" }, "geometry": { "type": "Point", "coordinates": [ 130.770031, 32.85689 ] } },
{ "type": "Feature", "properties": { "ID": 432243333705, "正式名称": "たけむら耳鼻咽喉科クリニック", "機関区分": 2, "都道府県コード": 43, "市区町村コード": 105, "所在地": "熊本県熊本市北区楠８ー８ー８", "緯度": 32.85003, "経度": 130.763277, "url": "https://www.iryou.teikyouseido.mhlw.go.jp/znk-web/juminkanja/S2430/initialize?prefCd=43&kikanCd=243333705&kikanKbn=2", "url2": "https://www.takemura-jibika.jp", "内容": "たけむら耳鼻咽喉科クリニック【2:診療所】【診療科目:耳鼻いんこう科】熊本県熊本市北区楠８ー８ー８" }, "geometry": { "type": "Point", "coordinates": [ 130.763277, 32.85003 ] } },
{ "type": "Feature", "properties": { "ID": 432243333718, "正式名称": "北部眼科・小児眼科", "機関区分": 2, "都道府県コード": 43, "市区町村コード": 105, "所在地": "熊本県熊本市北区四方寄町１２８１ー１", "緯度": 32.864539, "経度": 130.708449, "url": "https://www.iryou.teikyouseido.mhlw.go.jp/znk-web/juminkanja/S2430/initialize?prefCd=43&kikanCd=243333718&kikanKbn=2", "url2": "http://www.hkb.or.jp/eye/", "内容": "北部眼科・小児眼科【2:診療所】【診療科目:眼科】熊本県熊本市北区四方寄町１２８１ー１" }, "geometry": { "type": "Point", "coordinates": [ 130.708449, 32.864539 ] } },
{ "type": "Feature", "properties": { "ID": 432243333721, "正式名称": "なかむら皮ふ科形成外科", "機関区分": 2, "都道府県コード": 43, "市区町村コード": 102, "所在地": "熊本県熊本市東区長嶺南５ー１ー３", "緯度": 32.805421, "経度": 130.777262, "url": "https://www.iryou.teikyouseido.mhlw.go.jp/znk-web/juminkanja/S2430/initialize?prefCd=43&kikanCd=243333721&kikanKbn=2", "url2": "http://nakamurahihuka-k.com", "内容": "なかむら皮ふ科形成外科【2:診療所】【診療科目:形成外科_小児皮膚科_皮膚科_美容皮膚科_アレルギー科】熊本県熊本市東区長嶺南５ー１ー３" }, "geometry": { "type": "Point", "coordinates": [ 130.777262, 32.805421 ] } },
{ "type": "Feature", "properties": { "ID": 432243333734, "正式名称": "新屋敷在宅クリニック", "機関区分": 2, "都道府県コード": 43, "市区町村コード": 101, "所在地": "熊本県熊本市中央区新屋敷２ー１３ー１２コート新屋敷３０２号", "緯度": 32.806809, "経度": 130.721684, "url": "https://www.iryou.teikyouseido.mhlw.go.jp/znk-web/juminkanja/S2430/initialize?prefCd=43&kikanCd=243333734&kikanKbn=2", "url2": null, "内容": "新屋敷在宅クリニック【2:診療所】【診療科目:内科_整形外科_精神科_心療内科】熊本県熊本市中央区新屋敷２ー１３ー１２コート新屋敷３０２号" }, "geometry": { "type": "Point", "coordinates": [ 130.721684, 32.806809 ] } },
{ "type": "Feature", "properties": { "ID": 432243333747, "正式名称": "夕診クリニック", "機関区分": 2, "都道府県コード": 43, "市区町村コード": 104, "所在地": "熊本県熊本市南区野田２ー９ー１", "緯度": 32.732748, "経度": 130.685704, "url": "https://www.iryou.teikyouseido.mhlw.go.jp/znk-web/juminkanja/S2430/initialize?prefCd=43&kikanCd=243333747&kikanKbn=2", "url2": "www.yuushinclinic.com/", "内容": "夕診クリニック【2:診療所】【診療科目:内科_乳腺・内分泌外科_小児科_放射線科】熊本県熊本市南区野田２ー９ー１" }, "geometry": { "type": "Point", "coordinates": [ 130.685704, 32.732748 ] } },
{ "type": "Feature", "properties": { "ID": 432243333763, "正式名称": "甲斐整形外科", "機関区分": 2, "都道府県コード": 43, "市区町村コード": 104, "所在地": "熊本県熊本市南区平成２ー３ー２７", "緯度": 32.777786, "経度": 130.703432, "url": "https://www.iryou.teikyouseido.mhlw.go.jp/znk-web/juminkanja/S2430/initialize?prefCd=43&kikanCd=243333763&kikanKbn=2", "url2": "http://www.kai-seikeigeka.com", "内容": "甲斐整形外科【2:診療所】【診療科目:内科_整形外科_リウマチ科_リハビリテーション科】熊本県熊本市南区平成２ー３ー２７" }, "geometry": { "type": "Point", "coordinates": [ 130.703432, 32.777786 ] } },
{ "type": "Feature", "properties": { "ID": 432243333806, "正式名称": "明午橋内科クリニック", "機関区分": 2, "都道府県コード": 43, "市区町村コード": 101, "所在地": "熊本県熊本市中央区南千反畑町１５ー４０", "緯度": 32.80812, "経度": 130.717379, "url": "https://www.iryou.teikyouseido.mhlw.go.jp/znk-web/juminkanja/S2430/initialize?prefCd=43&kikanCd=243333806&kikanKbn=2", "url2": "https://www.meigobashi.com", "内容": "明午橋内科クリニック【2:診療所】【診療科目:内科_消化器内科_放射線科】熊本県熊本市中央区南千反畑町１５ー４０" }, "geometry": { "type": "Point", "coordinates": [ 130.717379, 32.80812 ] } },
{ "type": "Feature", "properties": { "ID": 432243333819, "正式名称": "きらクリニック", "機関区分": 2, "都道府県コード": 43, "市区町村コード": 102, "所在地": "熊本県熊本市東区小山町２４９３", "緯度": 32.834481, "経度": 130.809964, "url": "https://www.iryou.teikyouseido.mhlw.go.jp/znk-web/juminkanja/S2430/initialize?prefCd=43&kikanCd=243333819&kikanKbn=2", "url2": "http://www.kaigocsc.co.jp/shirakawa/clinic/", "内容": "きらクリニック【2:診療所】【診療科目:内科_放射線科】熊本県熊本市東区小山町２４９３" }, "geometry": { "type": "Point", "coordinates": [ 130.809964, 32.834481 ] } },
{ "type": "Feature", "properties": { "ID": 432243333848, "正式名称": "なかむら漢方内科", "機関区分": 2, "都道府県コード": 43, "市区町村コード": 101, "所在地": "熊本県熊本市中央区新屋敷３ー９ー２２", "緯度": 32.804773, "経度": 130.722112, "url": "https://www.iryou.teikyouseido.mhlw.go.jp/znk-web/juminkanja/S2430/initialize?prefCd=43&kikanCd=243333848&kikanKbn=2", "url2": "http://www13.plala.or.jp/nakamurakanpou/", "内容": "なかむら漢方内科【2:診療所】【診療科目:内科_漢方内科】熊本県熊本市中央区新屋敷３ー９ー２２" }, "geometry": { "type": "Point", "coordinates": [ 130.722112, 32.804773 ] } },
{ "type": "Feature", "properties": { "ID": 432243333851, "正式名称": "きさぬきクリニック", "機関区分": 2, "都道府県コード": 43, "市区町村コード": 101, "所在地": "熊本県熊本市中央区本荘町７２０ー３", "緯度": 32.78506, "経度": 130.701867, "url": "https://www.iryou.teikyouseido.mhlw.go.jp/znk-web/juminkanja/S2430/initialize?prefCd=43&kikanCd=243333851&kikanKbn=2", "url2": "http://kisanuki-clinic.jp/", "内容": "きさぬきクリニック【2:診療所】【診療科目:内科_糖尿病・代謝内科_代謝・内分泌内科】熊本県熊本市中央区本荘町７２０ー３" }, "geometry": { "type": "Point", "coordinates": [ 130.701867, 32.78506 ] } },
{ "type": "Feature", "properties": { "ID": 432243333893, "正式名称": "花畑クリニック", "機関区分": 2, "都道府県コード": 43, "市区町村コード": 101, "所在地": "熊本県熊本市中央区花畑町１ー５", "緯度": 32.801773, "経度": 130.705558, "url": "https://www.iryou.teikyouseido.mhlw.go.jp/znk-web/juminkanja/S2430/initialize?prefCd=43&kikanCd=243333893&kikanKbn=2", "url2": "http://www.hanabata.info/", "内容": "花畑クリニック【2:診療所】【診療科目:内科_呼吸器内科_消化器内科_外科_消化器外科_放射線科】熊本県熊本市中央区花畑町１ー５" }, "geometry": { "type": "Point", "coordinates": [ 130.705558, 32.801773 ] } },
{ "type": "Feature", "properties": { "ID": 432243333936, "正式名称": "田原の郷医科歯科診療所", "機関区分": 2, "都道府県コード": 43, "市区町村コード": 105, "所在地": "熊本県熊本市北区鞍掛１５２２ー１", "緯度": 32.894731, "経度": 130.691928, "url": "https://www.iryou.teikyouseido.mhlw.go.jp/znk-web/juminkanja/S2430/initialize?prefCd=43&kikanCd=243333936&kikanKbn=2", "url2": null, "内容": "田原の郷医科歯科診療所【2:診療所】【診療科目:歯科】熊本県熊本市北区鞍掛１５２２ー１" }, "geometry": { "type": "Point", "coordinates": [ 130.691928, 32.894731 ] } },
{ "type": "Feature", "properties": { "ID": 432243333949, "正式名称": "みやざきこどもクリニック", "機関区分": 2, "都道府県コード": 43, "市区町村コード": 102, "所在地": "熊本県熊本市東区東町４ー６ー３０", "緯度": 32.785019, "経度": 130.764955, "url": "https://www.iryou.teikyouseido.mhlw.go.jp/znk-web/juminkanja/S2430/initialize?prefCd=43&kikanCd=243333949&kikanKbn=2", "url2": "http://miyazaki.mdja.jp", "内容": "みやざきこどもクリニック【2:診療所】【診療科目:小児科】熊本県熊本市東区東町４ー６ー３０" }, "geometry": { "type": "Point", "coordinates": [ 130.764955, 32.785019 ] } },
{ "type": "Feature", "properties": { "ID": 432243333965, "正式名称": "在宅・よろず相談クリニック", "機関区分": 2, "都道府県コード": 43, "市区町村コード": 101, "所在地": "熊本県熊本市中央区水前寺３ー４３ー２７", "緯度": 32.79987, "経度": 130.736081, "url": "https://www.iryou.teikyouseido.mhlw.go.jp/znk-web/juminkanja/S2430/initialize?prefCd=43&kikanCd=243333965&kikanKbn=2", "url2": "http://zaitaku-yorozusoudan-clinic", "内容": "在宅・よろず相談クリニック【2:診療所】【診療科目:内科_脳神経内科】熊本県熊本市中央区水前寺３ー４３ー２７" }, "geometry": { "type": "Point", "coordinates": [ 130.736081, 32.79987 ] } },
{ "type": "Feature", "properties": { "ID": 432243333981, "正式名称": "メンタルクリニック保田窪", "機関区分": 2, "都道府県コード": 43, "市区町村コード": 102, "所在地": "熊本県熊本市東区保田窪５ー１０ー２３", "緯度": 32.813133, "経度": 130.756611, "url": "https://www.iryou.teikyouseido.mhlw.go.jp/znk-web/juminkanja/S2430/initialize?prefCd=43&kikanCd=243333981&kikanKbn=2", "url2": "https://koyodai.or.jp/hotakubo/", "内容": "メンタルクリニック保田窪【2:診療所】【診療科目:児童精神科_精神科_心療内科】熊本県熊本市東区保田窪５ー１０ー２３" }, "geometry": { "type": "Point", "coordinates": [ 130.756611, 32.813133 ] } },
{ "type": "Feature", "properties": { "ID": 432243333994, "正式名称": "たぐち整形外科クリニック", "機関区分": 2, "都道府県コード": 43, "市区町村コード": 102, "所在地": "熊本県熊本市東区山ノ神２ー１４ー９１", "緯度": 32.798005, "経度": 130.780773, "url": "https://www.iryou.teikyouseido.mhlw.go.jp/znk-web/juminkanja/S2430/initialize?prefCd=43&kikanCd=243333994&kikanKbn=2", "url2": "http://taguchiseikei.com/", "内容": "たぐち整形外科クリニック【2:診療所】【診療科目:整形外科_リウマチ科_リハビリテーション科】熊本県熊本市東区山ノ神２ー１４ー９１" }, "geometry": { "type": "Point", "coordinates": [ 130.780773, 32.798005 ] } },
{ "type": "Feature", "properties": { "ID": 432243334005, "正式名称": "フォーシーズンズレディースクリニック", "機関区分": 2, "都道府県コード": 43, "市区町村コード": 101, "所在地": "熊本県熊本市中央区城東町４ー７グランガーデン熊本ビル２Ｆ", "緯度": 32.805533, "経度": 130.710083, "url": "https://www.iryou.teikyouseido.mhlw.go.jp/znk-web/juminkanja/S2430/initialize?prefCd=43&kikanCd=243334005&kikanKbn=2", "url2": null, "内容": "フォーシーズンズレディースクリニック【2:診療所】【診療科目:婦人科】熊本県熊本市中央区城東町４ー７グランガーデン熊本ビル２Ｆ" }, "geometry": { "type": "Point", "coordinates": [ 130.710083, 32.805533 ] } },
{ "type": "Feature", "properties": { "ID": 432243334018, "正式名称": "下通眼科", "機関区分": 2, "都道府県コード": 43, "市区町村コード": 101, "所在地": "熊本県熊本市中央区下通１ー５ー１３オケマツビル２Ｆ", "緯度": 32.801378, "経度": 130.708413, "url": "https://www.iryou.teikyouseido.mhlw.go.jp/znk-web/juminkanja/S2430/initialize?prefCd=43&kikanCd=243334018&kikanKbn=2", "url2": null, "内容": "下通眼科【2:診療所】【診療科目:眼科】熊本県熊本市中央区下通１ー５ー１３オケマツビル２Ｆ" }, "geometry": { "type": "Point", "coordinates": [ 130.708413, 32.801378 ] } },
{ "type": "Feature", "properties": { "ID": 432243334021, "正式名称": "グレースメディカルクリニック", "機関区分": 2, "都道府県コード": 43, "市区町村コード": 102, "所在地": "熊本県熊本市東区佐土原１ー１６ー３６", "緯度": 32.790569, "経度": 130.774725, "url": "https://www.iryou.teikyouseido.mhlw.go.jp/znk-web/juminkanja/S2430/initialize?prefCd=43&kikanCd=243334021&kikanKbn=2", "url2": "https://gmc.kumamoto.jp", "内容": "グレースメディカルクリニック【2:診療所】【診療科目:内科_糖尿病内科_脂質代謝内科_循環器内科_小児科_精神科】熊本県熊本市東区佐土原１ー１６ー３６" }, "geometry": { "type": "Point", "coordinates": [ 130.774725, 32.790569 ] } },
{ "type": "Feature", "properties": { "ID": 432243334034, "正式名称": "良町ふくしまクリニック", "機関区分": 2, "都道府県コード": 43, "市区町村コード": 104, "所在地": "熊本県熊本市南区良町４ー１ー８０", "緯度": 32.766837, "経度": 130.722947, "url": "https://www.iryou.teikyouseido.mhlw.go.jp/znk-web/juminkanja/S2430/initialize?prefCd=43&kikanCd=243334034&kikanKbn=2", "url2": "http://www.fukushima-cl.or.jp", "内容": "良町ふくしまクリニック【2:診療所】【診療科目:内科】熊本県熊本市南区良町４ー１ー８０" }, "geometry": { "type": "Point", "coordinates": [ 130.722947, 32.766837 ] } },
{ "type": "Feature", "properties": { "ID": 432243334089, "正式名称": "平山ハートクリニック", "機関区分": 2, "都道府県コード": 43, "市区町村コード": 102, "所在地": "熊本県熊本市東区佐土原３ー１１ー１０１", "緯度": 32.794697, "経度": 130.781629, "url": "https://www.iryou.teikyouseido.mhlw.go.jp/znk-web/juminkanja/S2430/initialize?prefCd=43&kikanCd=243334089&kikanKbn=2", "url2": null, "内容": "平山ハートクリニック【2:診療所】【診療科目:内科_呼吸器内科_循環器内科_心臓血管外科】熊本県熊本市東区佐土原３ー１１ー１０１" }, "geometry": { "type": "Point", "coordinates": [ 130.781629, 32.794697 ] } },
{ "type": "Feature", "properties": { "ID": 432243334092, "正式名称": "東熊クリニック", "機関区分": 2, "都道府県コード": 43, "市区町村コード": 102, "所在地": "熊本県熊本市東区戸島西３ー７ー１５", "緯度": 32.815989, "経度": 130.785451, "url": "https://www.iryou.teikyouseido.mhlw.go.jp/znk-web/juminkanja/S2430/initialize?prefCd=43&kikanCd=243334092&kikanKbn=2", "url2": null, "内容": "東熊クリニック【2:診療所】【診療科目:内科_消化器内科_精神科_リハビリテーション科】熊本県熊本市東区戸島西３ー７ー１５" }, "geometry": { "type": "Point", "coordinates": [ 130.785451, 32.815989 ] } },
{ "type": "Feature", "properties": { "ID": 432243334106, "正式名称": "くまがい眼科", "機関区分": 2, "都道府県コード": 43, "市区町村コード": 101, "所在地": "熊本県熊本市中央区水前寺公園５ー３８", "緯度": 32.791832, "経度": 130.732226, "url": "https://www.iryou.teikyouseido.mhlw.go.jp/znk-web/juminkanja/S2430/initialize?prefCd=43&kikanCd=243334106&kikanKbn=2", "url2": "https://www.kumagai.eyeclinic.com", "内容": "くまがい眼科【2:診療所】【診療科目:眼科】熊本県熊本市中央区水前寺公園５ー３８" }, "geometry": { "type": "Point", "coordinates": [ 130.732226, 32.791832 ] } },
{ "type": "Feature", "properties": { "ID": 432243334122, "正式名称": "えず総合診療所", "機関区分": 2, "都道府県コード": 43, "市区町村コード": 102, "所在地": "熊本県熊本市東区画図町重富５１０ー１", "緯度": 32.762676, "経度": 130.729592, "url": "https://www.iryou.teikyouseido.mhlw.go.jp/znk-web/juminkanja/S2430/initialize?prefCd=43&kikanCd=243334122&kikanKbn=2", "url2": "https://www.ezu-clinic.com", "内容": "えず総合診療所【2:診療所】【診療科目:内科_呼吸器内科_消化器内科_脳神経外科_泌尿器科_歯科_リハビリテーション科_放射線科】熊本県熊本市東区画図町重富５１０ー１" }, "geometry": { "type": "Point", "coordinates": [ 130.729592, 32.762676 ] } },
{ "type": "Feature", "properties": { "ID": 432243334148, "正式名称": "イオンタウン田崎　総合診療クリニック", "機関区分": 2, "都道府県コード": 43, "市区町村コード": 103, "所在地": "熊本県熊本市西区田崎町３８０イオンタウン田崎２Ｆ", "緯度": 32.78374, "経度": 130.677622, "url": "https://www.iryou.teikyouseido.mhlw.go.jp/znk-web/juminkanja/S2430/initialize?prefCd=43&kikanCd=243334148&kikanKbn=2", "url2": "http://injex.clinic", "内容": "イオンタウン田崎　総合診療クリニック【2:診療所】【診療科目:呼吸器内科_循環器内科_消化器内科_老年内科_内視鏡内科_緩和ケア内科_美容皮膚科】熊本県熊本市西区田崎町３８０イオンタウン田崎２Ｆ" }, "geometry": { "type": "Point", "coordinates": [ 130.677622, 32.78374 ] } },
{ "type": "Feature", "properties": { "ID": 432243334151, "正式名称": "ノットホーム診療所", "機関区分": 2, "都道府県コード": 43, "市区町村コード": 101, "所在地": "熊本県熊本市中央区黒髪５ー２３ー１", "緯度": 32.818674, "経度": 130.730751, "url": "https://www.iryou.teikyouseido.mhlw.go.jp/znk-web/juminkanja/S2430/initialize?prefCd=43&kikanCd=243334151&kikanKbn=2", "url2": null, "内容": "ノットホーム診療所【2:診療所】【診療科目:内科】熊本県熊本市中央区黒髪５ー２３ー１" }, "geometry": { "type": "Point", "coordinates": [ 130.730751, 32.818674 ] } },
{ "type": "Feature", "properties": { "ID": 432243334177, "正式名称": "くどう皮ふ科医院", "機関区分": 2, "都道府県コード": 43, "市区町村コード": 103, "所在地": "熊本県熊本市西区上熊本３ー２２ー２１", "緯度": 32.826409, "経度": 130.698811, "url": "https://www.iryou.teikyouseido.mhlw.go.jp/znk-web/juminkanja/S2430/initialize?prefCd=43&kikanCd=243334177&kikanKbn=2", "url2": "https://www.kudohifu.com", "内容": "くどう皮ふ科医院【2:診療所】【診療科目:形成外科_皮膚科_美容皮膚科_アレルギー科】熊本県熊本市西区上熊本３ー２２ー２１" }, "geometry": { "type": "Point", "coordinates": [ 130.698811, 32.826409 ] } },
{ "type": "Feature", "properties": { "ID": 432243334180, "正式名称": "しみ・ほくろクリニック", "機関区分": 2, "都道府県コード": 43, "市区町村コード": 101, "所在地": "熊本県熊本市中央区下通１ー７ー１３", "緯度": 32.800984, "経度": 130.708147, "url": "https://www.iryou.teikyouseido.mhlw.go.jp/znk-web/juminkanja/S2430/initialize?prefCd=43&kikanCd=243334180&kikanKbn=2", "url2": "https://shimihokuro.com/", "内容": "しみ・ほくろクリニック【2:診療所】【診療科目:形成外科_美容外科】熊本県熊本市中央区下通１ー７ー１３" }, "geometry": { "type": "Point", "coordinates": [ 130.708147, 32.800984 ] } },
{ "type": "Feature", "properties": { "ID": 432243334210, "正式名称": "桜十字クリニック", "機関区分": 2, "都道府県コード": 43, "市区町村コード": 104, "所在地": "熊本県熊本市南区御幸笛田７ー１１ー８５", "緯度": 32.755122, "経度": 130.716623, "url": "https://www.iryou.teikyouseido.mhlw.go.jp/znk-web/juminkanja/S2430/initialize?prefCd=43&kikanCd=243334210&kikanKbn=2", "url2": null, "内容": "桜十字クリニック【2:診療所】【診療科目:内科】熊本県熊本市南区御幸笛田７ー１１ー８５" }, "geometry": { "type": "Point", "coordinates": [ 130.716623, 32.755122 ] } },
{ "type": "Feature", "properties": { "ID": 432243334223, "正式名称": "下田クリニック", "機関区分": 2, "都道府県コード": 43, "市区町村コード": 104, "所在地": "熊本県熊本市南区城南町さんさん１丁目６番２号", "緯度": 32.713259, "経度": 130.739115, "url": "https://www.iryou.teikyouseido.mhlw.go.jp/znk-web/juminkanja/S2430/initialize?prefCd=43&kikanCd=243334223&kikanKbn=2", "url2": null, "内容": "下田クリニック【2:診療所】【診療科目:内科_糖尿病内科_循環器内科_胃腸内科_外科_ペインクリニック外科_形成外科_美容外科_小児科_麻酔科】熊本県熊本市南区城南町さんさん１丁目６番２号" }, "geometry": { "type": "Point", "coordinates": [ 130.739115, 32.713259 ] } },
{ "type": "Feature", "properties": { "ID": 432243334236, "正式名称": "あさはら整形外科", "機関区分": 2, "都道府県コード": 43, "市区町村コード": 105, "所在地": "熊本県熊本市北区室園町１０ー１３", "緯度": 32.823055, "経度": 130.722748, "url": "https://www.iryou.teikyouseido.mhlw.go.jp/znk-web/juminkanja/S2430/initialize?prefCd=43&kikanCd=243334236&kikanKbn=2", "url2": null, "内容": "あさはら整形外科【2:診療所】【診療科目:内科_整形外科_リウマチ科_リハビリテーション科】熊本県熊本市北区室園町１０ー１３" }, "geometry": { "type": "Point", "coordinates": [ 130.722748, 32.823055 ] } },
{ "type": "Feature", "properties": { "ID": 432243334249, "正式名称": "まつもと在宅クリニック", "機関区分": 2, "都道府県コード": 43, "市区町村コード": 101, "所在地": "熊本県熊本市中央区神水本町１３ー１", "緯度": 32.782547, "経度": 130.738059, "url": "https://www.iryou.teikyouseido.mhlw.go.jp/znk-web/juminkanja/S2430/initialize?prefCd=43&kikanCd=243334249&kikanKbn=2", "url2": "https://matsu-zai.jp/", "内容": "まつもと在宅クリニック【2:診療所】【診療科目:内科_呼吸器内科_緩和ケア内科_リハビリテーション科】熊本県熊本市中央区神水本町１３ー１" }, "geometry": { "type": "Point", "coordinates": [ 130.738059, 32.782547 ] } },
{ "type": "Feature", "properties": { "ID": 432243334252, "正式名称": "蓮台寺クリニック", "機関区分": 2, "都道府県コード": 43, "市区町村コード": 103, "所在地": "熊本県熊本市西区蓮台寺３ー４ー３", "緯度": 32.771981, "経度": 130.687115, "url": "https://www.iryou.teikyouseido.mhlw.go.jp/znk-web/juminkanja/S2430/initialize?prefCd=43&kikanCd=243334252&kikanKbn=2", "url2": "https://rendaiji-clinic.com", "内容": "蓮台寺クリニック【2:診療所】【診療科目:内科_消化器内科_泌尿器科_放射線科】熊本県熊本市西区蓮台寺３ー４ー３" }, "geometry": { "type": "Point", "coordinates": [ 130.687115, 32.771981 ] } },
{ "type": "Feature", "properties": { "ID": 432243334278, "正式名称": "聚楽内科クリニック", "機関区分": 2, "都道府県コード": 43, "市区町村コード": 102, "所在地": "熊本県熊本市東区西原１ー１１ー３１Ｂ棟１Ｆ", "緯度": 32.815333, "経度": 130.751072, "url": "https://www.iryou.teikyouseido.mhlw.go.jp/znk-web/juminkanja/S2430/initialize?prefCd=43&kikanCd=243334278&kikanKbn=2", "url2": null, "内容": "聚楽内科クリニック【2:診療所】【診療科目:内科】熊本県熊本市東区西原１ー１１ー３１Ｂ棟１Ｆ" }, "geometry": { "type": "Point", "coordinates": [ 130.751072, 32.815333 ] } },
{ "type": "Feature", "properties": { "ID": 432243334308, "正式名称": "山崎内科", "機関区分": 2, "都道府県コード": 43, "市区町村コード": 101, "所在地": "熊本県熊本市中央区渡鹿１ー１８ー８８", "緯度": 32.806645, "経度": 130.735328, "url": "https://www.iryou.teikyouseido.mhlw.go.jp/znk-web/juminkanja/S2430/initialize?prefCd=43&kikanCd=243334308&kikanKbn=2", "url2": "http://www.yamasaki-naika.jp", "内容": "山崎内科【2:診療所】【診療科目:内科_消化器内科】熊本県熊本市中央区渡鹿１ー１８ー８８" }, "geometry": { "type": "Point", "coordinates": [ 130.735328, 32.806645 ] } },
{ "type": "Feature", "properties": { "ID": 432243334324, "正式名称": "むさしヶ丘クリニック", "機関区分": 2, "都道府県コード": 43, "市区町村コード": 105, "所在地": "熊本県熊本市北区楠６ー６ー５５村上ビル２階", "緯度": 32.850772, "経度": 130.763371, "url": "https://www.iryou.teikyouseido.mhlw.go.jp/znk-web/juminkanja/S2430/initialize?prefCd=43&kikanCd=243334324&kikanKbn=2", "url2": null, "内容": "むさしヶ丘クリニック【2:診療所】【診療科目:精神科_心療内科】熊本県熊本市北区楠６ー６ー５５村上ビル２階" }, "geometry": { "type": "Point", "coordinates": [ 130.763371, 32.850772 ] } },
{ "type": "Feature", "properties": { "ID": 432243334337, "正式名称": "みうら小児科クリニック", "機関区分": 2, "都道府県コード": 43, "市区町村コード": 102, "所在地": "熊本県熊本市東区下江津７ー７ー２０", "緯度": 32.767339, "経度": 130.743098, "url": "https://www.iryou.teikyouseido.mhlw.go.jp/znk-web/juminkanja/S2430/initialize?prefCd=43&kikanCd=243334337&kikanKbn=2", "url2": "https://miura-cc.com", "内容": "みうら小児科クリニック【2:診療所】【診療科目:小児科_アレルギー科】熊本県熊本市東区下江津７ー７ー２０" }, "geometry": { "type": "Point", "coordinates": [ 130.743098, 32.767339 ] } },
{ "type": "Feature", "properties": { "ID": 432243334366, "正式名称": "医療法人継匠会　上村内科クリニック", "機関区分": 2, "都道府県コード": 43, "市区町村コード": 101, "所在地": "熊本県熊本市中央区上京塚町４ー１", "緯度": 32.789733, "経度": 130.746138, "url": "https://www.iryou.teikyouseido.mhlw.go.jp/znk-web/juminkanja/S2430/initialize?prefCd=43&kikanCd=243334366&kikanKbn=2", "url2": "https://uemuranaika.com", "内容": "医療法人継匠会　上村内科クリニック【2:診療所】【診療科目:内科_糖尿病内科_循環器内科_消化器内科_腎臓内科_人工透析内科_リハビリテーション科_放射線治療科】熊本県熊本市中央区上京塚町４ー１" }, "geometry": { "type": "Point", "coordinates": [ 130.746138, 32.789733 ] } },
{ "type": "Feature", "properties": { "ID": 432243334412, "正式名称": "鈴木熊本ファーストビューティクリニック", "機関区分": 2, "都道府県コード": 43, "市区町村コード": 101, "所在地": "熊本県熊本市中央区南坪井町１ー１並木坂ＮＫビル５Ｆ", "緯度": 32.80692, "経度": 130.712002, "url": "https://www.iryou.teikyouseido.mhlw.go.jp/znk-web/juminkanja/S2430/initialize?prefCd=43&kikanCd=243334412&kikanKbn=2", "url2": null, "内容": "鈴木熊本ファーストビューティクリニック【2:診療所】【診療科目:形成外科_美容外科】熊本県熊本市中央区南坪井町１ー１並木坂ＮＫビル５Ｆ" }, "geometry": { "type": "Point", "coordinates": [ 130.712002, 32.80692 ] } },
{ "type": "Feature", "properties": { "ID": 432243334425, "正式名称": "むらかみ内科クリニック", "機関区分": 2, "都道府県コード": 43, "市区町村コード": 102, "所在地": "熊本県熊本市東区山ノ神２ー２ー３２", "緯度": 32.79812, "経度": 130.777962, "url": "https://www.iryou.teikyouseido.mhlw.go.jp/znk-web/juminkanja/S2430/initialize?prefCd=43&kikanCd=243334425&kikanKbn=2", "url2": "www.murakaminaika096.com", "内容": "むらかみ内科クリニック【2:診療所】【診療科目:内科_循環器内科_漢方内科_心療内科】熊本県熊本市東区山ノ神２ー２ー３２" }, "geometry": { "type": "Point", "coordinates": [ 130.777962, 32.79812 ] } },
{ "type": "Feature", "properties": { "ID": 432243334438, "正式名称": "熊本県厚生連診療所", "機関区分": 2, "都道府県コード": 43, "市区町村コード": 101, "所在地": "熊本県熊本市中央区南千反畑町２番３号", "緯度": 32.806509, "経度": 130.715034, "url": "https://www.iryou.teikyouseido.mhlw.go.jp/znk-web/juminkanja/S2430/initialize?prefCd=43&kikanCd=243334438&kikanKbn=2", "url2": "http://ja-kumakousei.or.jp/", "内容": "熊本県厚生連診療所【2:診療所】【診療科目:内科】熊本県熊本市中央区南千反畑町２番３号" }, "geometry": { "type": "Point", "coordinates": [ 130.715034, 32.806509 ] } },
{ "type": "Feature", "properties": { "ID": 432243334441, "正式名称": "藤崎宮前クリニック", "機関区分": 2, "都道府県コード": 43, "市区町村コード": 101, "所在地": "熊本県熊本市中央区北千反畑町１ー１東ビル１Ｆ", "緯度": 32.808772, "経度": 130.715113, "url": "https://www.iryou.teikyouseido.mhlw.go.jp/znk-web/juminkanja/S2430/initialize?prefCd=43&kikanCd=243334441&kikanKbn=2", "url2": null, "内容": "藤崎宮前クリニック【2:診療所】【診療科目:精神科_心療内科】熊本県熊本市中央区北千反畑町１ー１東ビル１Ｆ" }, "geometry": { "type": "Point", "coordinates": [ 130.715113, 32.808772 ] } },
{ "type": "Feature", "properties": { "ID": 432243334454, "正式名称": "宮崎眼科医院", "機関区分": 2, "都道府県コード": 43, "市区町村コード": 105, "所在地": "熊本県熊本市北区植木町植木４９８", "緯度": 32.894612, "経度": 130.691952, "url": "https://www.iryou.teikyouseido.mhlw.go.jp/znk-web/juminkanja/S2430/initialize?prefCd=43&kikanCd=243334454&kikanKbn=2", "url2": "miyazaki1027.byoinnavi.jp/pc/", "内容": "宮崎眼科医院【2:診療所】【診療科目:眼科】熊本県熊本市北区植木町植木４９８" }, "geometry": { "type": "Point", "coordinates": [ 130.691952, 32.894612 ] } },
{ "type": "Feature", "properties": { "ID": 432243334483, "正式名称": "なごみクリニック", "機関区分": 2, "都道府県コード": 43, "市区町村コード": 105, "所在地": "熊本県熊本市北区清水新地６ー６ー１２", "緯度": 32.851358, "経度": 130.739575, "url": "https://www.iryou.teikyouseido.mhlw.go.jp/znk-web/juminkanja/S2430/initialize?prefCd=43&kikanCd=243334483&kikanKbn=2", "url2": null, "内容": "なごみクリニック【2:診療所】【診療科目:内科_精神科_心療内科】熊本県熊本市北区清水新地６ー６ー１２" }, "geometry": { "type": "Point", "coordinates": [ 130.739575, 32.851358 ] } },
{ "type": "Feature", "properties": { "ID": 432243334496, "正式名称": "杉耳鼻咽喉科医院", "機関区分": 2, "都道府県コード": 43, "市区町村コード": 102, "所在地": "熊本県熊本市東区月出１ー５ー１２", "緯度": 32.801197, "経度": 130.762974, "url": "https://www.iryou.teikyouseido.mhlw.go.jp/znk-web/juminkanja/S2430/initialize?prefCd=43&kikanCd=243334496&kikanKbn=2", "url2": null, "内容": "杉耳鼻咽喉科医院【2:診療所】【診療科目:耳鼻いんこう科_アレルギー科】熊本県熊本市東区月出１ー５ー１２" }, "geometry": { "type": "Point", "coordinates": [ 130.762974, 32.801197 ] } },
{ "type": "Feature", "properties": { "ID": 432243334500, "正式名称": "水前寺耳鼻咽喉科クリニック", "機関区分": 2, "都道府県コード": 43, "市区町村コード": 101, "所在地": "熊本県熊本市中央区新大江３ー１２ー２０", "緯度": 32.801912, "経度": 130.739059, "url": "https://www.iryou.teikyouseido.mhlw.go.jp/znk-web/juminkanja/S2430/initialize?prefCd=43&kikanCd=243334500&kikanKbn=2", "url2": "http://suizenji-ent.byoinnavi.jp/pc/", "内容": "水前寺耳鼻咽喉科クリニック【2:診療所】【診療科目:耳鼻いんこう科_アレルギー科】熊本県熊本市中央区新大江３ー１２ー２０" }, "geometry": { "type": "Point", "coordinates": [ 130.739059, 32.801912 ] } },
{ "type": "Feature", "properties": { "ID": 432243334539, "正式名称": "ソラクリニック", "機関区分": 2, "都道府県コード": 43, "市区町村コード": 102, "所在地": "熊本県熊本市東区佐土原２ー７ー１", "緯度": 32.792438, "経度": 130.780807, "url": "https://www.iryou.teikyouseido.mhlw.go.jp/znk-web/juminkanja/S2430/initialize?prefCd=43&kikanCd=243334539&kikanKbn=2", "url2": null, "内容": "ソラクリニック【2:診療所】【診療科目:内科_精神科_心療内科】熊本県熊本市東区佐土原２ー７ー１" }, "geometry": { "type": "Point", "coordinates": [ 130.780807, 32.792438 ] } },
{ "type": "Feature", "properties": { "ID": 432243334542, "正式名称": "大和クリニック", "機関区分": 2, "都道府県コード": 43, "市区町村コード": 101, "所在地": "熊本県熊本市中央区九品寺１ー１４ー１７", "緯度": 32.797862, "経度": 130.714235, "url": "https://www.iryou.teikyouseido.mhlw.go.jp/znk-web/juminkanja/S2430/initialize?prefCd=43&kikanCd=243334542&kikanKbn=2", "url2": null, "内容": "大和クリニック【2:診療所】【診療科目:内科_循環器内科_リハビリテーション科】熊本県熊本市中央区九品寺１ー１４ー１７" }, "geometry": { "type": "Point", "coordinates": [ 130.714235, 32.797862 ] } },
{ "type": "Feature", "properties": { "ID": 432243334568, "正式名称": "健軍桜木眼科", "機関区分": 2, "都道府県コード": 43, "市区町村コード": 102, "所在地": "熊本県熊本市東区桜木１ー１ー２０", "緯度": 32.777898, "経度": 130.777168, "url": "https://www.iryou.teikyouseido.mhlw.go.jp/znk-web/juminkanja/S2430/initialize?prefCd=43&kikanCd=243334568&kikanKbn=2", "url2": "www.sakuragi-eye.com/", "内容": "健軍桜木眼科【2:診療所】【診療科目:眼科】熊本県熊本市東区桜木１ー１ー２０" }, "geometry": { "type": "Point", "coordinates": [ 130.777168, 32.777898 ] } },
{ "type": "Feature", "properties": { "ID": 432243334584, "正式名称": "おおつか整形外科", "機関区分": 2, "都道府県コード": 43, "市区町村コード": 102, "所在地": "熊本県熊本市東区御領２ー１９ー１５", "緯度": 32.821349, "経度": 130.763188, "url": "https://www.iryou.teikyouseido.mhlw.go.jp/znk-web/juminkanja/S2430/initialize?prefCd=43&kikanCd=243334584&kikanKbn=2", "url2": "otsuka-seikei.com", "内容": "おおつか整形外科【2:診療所】【診療科目:内科_整形外科_リウマチ科_リハビリテーション科】熊本県熊本市東区御領２ー１９ー１５" }, "geometry": { "type": "Point", "coordinates": [ 130.763188, 32.821349 ] } },
{ "type": "Feature", "properties": { "ID": 432243334614, "正式名称": "虹の里クリニック", "機関区分": 2, "都道府県コード": 43, "市区町村コード": 102, "所在地": "熊本県熊本市東区榎町３ー１", "緯度": 32.792225, "経度": 130.769335, "url": "https://www.iryou.teikyouseido.mhlw.go.jp/znk-web/juminkanja/S2430/initialize?prefCd=43&kikanCd=243334614&kikanKbn=2", "url2": null, "内容": "虹の里クリニック【2:診療所】【診療科目:内科_循環器内科_消化器内科_外科】熊本県熊本市東区榎町３ー１" }, "geometry": { "type": "Point", "coordinates": [ 130.769335, 32.792225 ] } },
{ "type": "Feature", "properties": { "ID": 432243334630, "正式名称": "おみね田中クリニック", "機関区分": 2, "都道府県コード": 43, "市区町村コード": 102, "所在地": "熊本県熊本市東区小峯２ー２ー１５６", "緯度": 32.803174, "経度": 130.77791, "url": "https://www.iryou.teikyouseido.mhlw.go.jp/znk-web/juminkanja/S2430/initialize?prefCd=43&kikanCd=243334630&kikanKbn=2", "url2": null, "内容": "おみね田中クリニック【2:診療所】【診療科目:内科_消化器内科】熊本県熊本市東区小峯２ー２ー１５６" }, "geometry": { "type": "Point", "coordinates": [ 130.77791, 32.803174 ] } },
{ "type": "Feature", "properties": { "ID": 432243334643, "正式名称": "くまもと在宅クリニック", "機関区分": 2, "都道府県コード": 43, "市区町村コード": 101, "所在地": "熊本県熊本市中央区水前寺６ー４８ー３３", "緯度": 32.791899, "経度": 130.743653, "url": "https://www.iryou.teikyouseido.mhlw.go.jp/znk-web/juminkanja/S2430/initialize?prefCd=43&kikanCd=243334643&kikanKbn=2", "url2": "https://kumamoto-zaitaku.clinic", "内容": "くまもと在宅クリニック【2:診療所】【診療科目:内科_緩和ケア内科_外科】熊本県熊本市中央区水前寺６ー４８ー３３" }, "geometry": { "type": "Point", "coordinates": [ 130.743653, 32.791899 ] } },
{ "type": "Feature", "properties": { "ID": 432243334656, "正式名称": "いのまた眼科", "機関区分": 2, "都道府県コード": 43, "市区町村コード": 102, "所在地": "熊本県熊本市東区下江津４ー１ー２１", "緯度": 32.769957, "経度": 130.741748, "url": "https://www.iryou.teikyouseido.mhlw.go.jp/znk-web/juminkanja/S2430/initialize?prefCd=43&kikanCd=243334656&kikanKbn=2", "url2": null, "内容": "いのまた眼科【2:診療所】【診療科目:眼科】熊本県熊本市東区下江津４ー１ー２１" }, "geometry": { "type": "Point", "coordinates": [ 130.741748, 32.769957 ] } },
{ "type": "Feature", "properties": { "ID": 432243334672, "正式名称": "みやはらレディースクリニック", "機関区分": 2, "都道府県コード": 43, "市区町村コード": 103, "所在地": "熊本県熊本市西区春日７ー２１ー１５", "緯度": 32.784868, "経度": 130.679075, "url": "https://www.iryou.teikyouseido.mhlw.go.jp/znk-web/juminkanja/S2430/initialize?prefCd=43&kikanCd=243334672&kikanKbn=2", "url2": null, "内容": "みやはらレディースクリニック【2:診療所】【診療科目:婦人科】熊本県熊本市西区春日７ー２１ー１５" }, "geometry": { "type": "Point", "coordinates": [ 130.679075, 32.784868 ] } },
{ "type": "Feature", "properties": { "ID": 432243334698, "正式名称": "みらい小児科クリニック", "機関区分": 2, "都道府県コード": 43, "市区町村コード": 101, "所在地": "熊本県熊本市中央区新大江１ー１２ー１６", "緯度": 32.798896, "経度": 130.730279, "url": "https://www.iryou.teikyouseido.mhlw.go.jp/znk-web/juminkanja/S2430/initialize?prefCd=43&kikanCd=243334698&kikanKbn=2", "url2": "miraiclinic.jp", "内容": "みらい小児科クリニック【2:診療所】【診療科目:小児科_アレルギー科】熊本県熊本市中央区新大江１ー１２ー１６" }, "geometry": { "type": "Point", "coordinates": [ 130.730279, 32.798896 ] } },
{ "type": "Feature", "properties": { "ID": 432243334702, "正式名称": "やまのかみ眼科", "機関区分": 2, "都道府県コード": 43, "市区町村コード": 102, "所在地": "熊本県熊本市東区山ノ神２ー１４ー５５", "緯度": 32.79754, "経度": 130.780499, "url": "https://www.iryou.teikyouseido.mhlw.go.jp/znk-web/juminkanja/S2430/initialize?prefCd=43&kikanCd=243334702&kikanKbn=2", "url2": "https://yamanokami-eyeclinic.com/", "内容": "やまのかみ眼科【2:診療所】【診療科目:眼科】熊本県熊本市東区山ノ神２ー１４ー５５" }, "geometry": { "type": "Point", "coordinates": [ 130.780499, 32.79754 ] } },
{ "type": "Feature", "properties": { "ID": 432243334715, "正式名称": "田迎眼科クリニック", "機関区分": 2, "都道府県コード": 43, "市区町村コード": 104, "所在地": "熊本県熊本市南区出仲間８ー１ー１０", "緯度": 32.768686, "経度": 130.7179, "url": "https://www.iryou.teikyouseido.mhlw.go.jp/znk-web/juminkanja/S2430/initialize?prefCd=43&kikanCd=243334715&kikanKbn=2", "url2": "https://www.tamukae-ganka.com", "内容": "田迎眼科クリニック【2:診療所】【診療科目:眼科】熊本県熊本市南区出仲間８ー１ー１０" }, "geometry": { "type": "Point", "coordinates": [ 130.7179, 32.768686 ] } },
{ "type": "Feature", "properties": { "ID": 432243334728, "正式名称": "中央仁クリニック", "機関区分": 2, "都道府県コード": 43, "市区町村コード": 102, "所在地": "熊本県熊本市東区下江津３丁目７ー１５", "緯度": 32.76819, "経度": 130.740376, "url": "https://www.iryou.teikyouseido.mhlw.go.jp/znk-web/juminkanja/S2430/initialize?prefCd=43&kikanCd=243334728&kikanKbn=2", "url2": "https://jin-clinic.jp", "内容": "中央仁クリニック【2:診療所】【診療科目:内科_腎臓内科_人工透析内科】熊本県熊本市東区下江津３丁目７ー１５" }, "geometry": { "type": "Point", "coordinates": [ 130.740376, 32.76819 ] } },
{ "type": "Feature", "properties": { "ID": 432243334731, "正式名称": "熊本田崎クリニック", "機関区分": 2, "都道府県コード": 43, "市区町村コード": 103, "所在地": "熊本県熊本市西区田崎２ー５ー３０", "緯度": 32.783152, "経度": 130.679433, "url": "https://www.iryou.teikyouseido.mhlw.go.jp/znk-web/juminkanja/S2430/initialize?prefCd=43&kikanCd=243334731&kikanKbn=2", "url2": "https://www.k-heiseikai.com/", "内容": "熊本田崎クリニック【2:診療所】【診療科目:内科_糖尿病内科_糖尿病・代謝内科_整形外科_リウマチ科_リハビリテーション科】熊本県熊本市西区田崎２ー５ー３０" }, "geometry": { "type": "Point", "coordinates": [ 130.679433, 32.783152 ] } },
{ "type": "Feature", "properties": { "ID": 432243334744, "正式名称": "笠岡眼科", "機関区分": 2, "都道府県コード": 43, "市区町村コード": 105, "所在地": "熊本県熊本市北区武蔵ケ丘４ー１７ー１７", "緯度": 32.855666, "経度": 130.770587, "url": "https://www.iryou.teikyouseido.mhlw.go.jp/znk-web/juminkanja/S2430/initialize?prefCd=43&kikanCd=243334744&kikanKbn=2", "url2": "https://kasaoka-eye.clinic/", "内容": "笠岡眼科【2:診療所】【診療科目:眼科】熊本県熊本市北区武蔵ケ丘４ー１７ー１７" }, "geometry": { "type": "Point", "coordinates": [ 130.770587, 32.855666 ] } },
{ "type": "Feature", "properties": { "ID": 432243334757, "正式名称": "熊本駅前木もれびの森心療内科精神科", "機関区分": 2, "都道府県コード": 43, "市区町村コード": 103, "所在地": "熊本県熊本市西区春日２ー１ー２４グッドライフ熊本駅前２階", "緯度": 32.789362, "経度": 130.691624, "url": "https://www.iryou.teikyouseido.mhlw.go.jp/znk-web/juminkanja/S2430/initialize?prefCd=43&kikanCd=243334757&kikanKbn=2", "url2": "http://kumamoto-mentalclinic.com", "内容": "熊本駅前木もれびの森心療内科精神科【2:診療所】【診療科目:精神科_心療内科】熊本県熊本市西区春日２ー１ー２４グッドライフ熊本駅前２階" }, "geometry": { "type": "Point", "coordinates": [ 130.691624, 32.789362 ] } },
{ "type": "Feature", "properties": { "ID": 432243334760, "正式名称": "新町メンタルクリニック", "機関区分": 2, "都道府県コード": 43, "市区町村コード": 101, "所在地": "熊本県熊本市中央区新町１ー７ー１７", "緯度": 32.802983, "経度": 130.697125, "url": "https://www.iryou.teikyouseido.mhlw.go.jp/znk-web/juminkanja/S2430/initialize?prefCd=43&kikanCd=243334760&kikanKbn=2", "url2": "www.shinmachi-mental.jp", "内容": "新町メンタルクリニック【2:診療所】【診療科目:精神科_心療内科】熊本県熊本市中央区新町１ー７ー１７" }, "geometry": { "type": "Point", "coordinates": [ 130.697125, 32.802983 ] } },
{ "type": "Feature", "properties": { "ID": 432243334773, "正式名称": "瀬口医院　ささ小児科", "機関区分": 2, "都道府県コード": 43, "市区町村コード": 104, "所在地": "熊本県熊本市南区白藤２ー２ー３８", "緯度": 32.751499, "経度": 130.682328, "url": "https://www.iryou.teikyouseido.mhlw.go.jp/znk-web/juminkanja/S2430/initialize?prefCd=43&kikanCd=243334773&kikanKbn=2", "url2": null, "内容": "瀬口医院　ささ小児科【2:診療所】【診療科目:小児科】熊本県熊本市南区白藤２ー２ー３８" }, "geometry": { "type": "Point", "coordinates": [ 130.682328, 32.751499 ] } },
{ "type": "Feature", "properties": { "ID": 432243334786, "正式名称": "宇土内科胃腸科医院", "機関区分": 2, "都道府県コード": 43, "市区町村コード": 101, "所在地": "熊本県熊本市中央区国府１ー１９ー５", "緯度": 32.791049, "経度": 130.729865, "url": "https://www.iryou.teikyouseido.mhlw.go.jp/znk-web/juminkanja/S2430/initialize?prefCd=43&kikanCd=243334786&kikanKbn=2", "url2": "http://www.utonaika.com", "内容": "宇土内科胃腸科医院【2:診療所】【診療科目:内科_消化器内科_胃腸内科_内視鏡内科】熊本県熊本市中央区国府１ー１９ー５" }, "geometry": { "type": "Point", "coordinates": [ 130.729865, 32.791049 ] } },
{ "type": "Feature", "properties": { "ID": 432243334803, "正式名称": "田中内科クリニック", "機関区分": 2, "都道府県コード": 43, "市区町村コード": 102, "所在地": "熊本県熊本市東区戸島西３ー２ー３５", "緯度": 32.814715, "経度": 130.781409, "url": "https://www.iryou.teikyouseido.mhlw.go.jp/znk-web/juminkanja/S2430/initialize?prefCd=43&kikanCd=243334803&kikanKbn=2", "url2": null, "内容": "田中内科クリニック【2:診療所】【診療科目:内科_呼吸器内科_消化器内科】熊本県熊本市東区戸島西３ー２ー３５" }, "geometry": { "type": "Point", "coordinates": [ 130.781409, 32.814715 ] } },
{ "type": "Feature", "properties": { "ID": 432243334816, "正式名称": "唐木クリニック", "機関区分": 2, "都道府県コード": 43, "市区町村コード": 101, "所在地": "熊本県熊本市中央区琴平本町３ー５４ー２", "緯度": 32.789602, "経度": 130.703227, "url": "https://www.iryou.teikyouseido.mhlw.go.jp/znk-web/juminkanja/S2430/initialize?prefCd=43&kikanCd=243334816&kikanKbn=2", "url2": "karakiclinic.com", "内容": "唐木クリニック【2:診療所】【診療科目:耳鼻いんこう科_アレルギー科】熊本県熊本市中央区琴平本町３ー５４ー２" }, "geometry": { "type": "Point", "coordinates": [ 130.703227, 32.789602 ] } },
{ "type": "Feature", "properties": { "ID": 432243334829, "正式名称": "しおや内科・内視鏡クリニック", "機関区分": 2, "都道府県コード": 43, "市区町村コード": 104, "所在地": "熊本県熊本市南区江越２ー１０－１０", "緯度": 32.773899, "経度": 130.701993, "url": "https://www.iryou.teikyouseido.mhlw.go.jp/znk-web/juminkanja/S2430/initialize?prefCd=43&kikanCd=243334829&kikanKbn=2", "url2": null, "内容": "しおや内科・内視鏡クリニック【2:診療所】【診療科目:内科_消化器内科_内視鏡内科】熊本県熊本市南区江越２ー１０－１０" }, "geometry": { "type": "Point", "coordinates": [ 130.701993, 32.773899 ] } },
{ "type": "Feature", "properties": { "ID": 432243334832, "正式名称": "しまだ内科クリニック", "機関区分": 2, "都道府県コード": 43, "市区町村コード": 101, "所在地": "熊本県熊本市中央区黒髪５ー２ー５", "緯度": 32.813827, "経度": 130.730304, "url": "https://www.iryou.teikyouseido.mhlw.go.jp/znk-web/juminkanja/S2430/initialize?prefCd=43&kikanCd=243334832&kikanKbn=2", "url2": "https://www.shimadanaika.jp", "内容": "しまだ内科クリニック【2:診療所】【診療科目:内科_代謝内科_呼吸器内科_循環器内科_消化器内科_アレルギー科】熊本県熊本市中央区黒髪５ー２ー５" }, "geometry": { "type": "Point", "coordinates": [ 130.730304, 32.813827 ] } },
{ "type": "Feature", "properties": { "ID": 432243334845, "正式名称": "あおぞら在宅クリニック", "機関区分": 2, "都道府県コード": 43, "市区町村コード": 102, "所在地": "熊本県熊本市東区長嶺東４ー５ー６５", "緯度": 32.819625, "経度": 130.778547, "url": "https://www.iryou.teikyouseido.mhlw.go.jp/znk-web/juminkanja/S2430/initialize?prefCd=43&kikanCd=243334845&kikanKbn=2", "url2": null, "内容": "あおぞら在宅クリニック【2:診療所】【診療科目:内科_ペインクリニック内科_緩和ケア内科_麻酔科】熊本県熊本市東区長嶺東４ー５ー６５" }, "geometry": { "type": "Point", "coordinates": [ 130.778547, 32.819625 ] } },
{ "type": "Feature", "properties": { "ID": 432243334874, "正式名称": "医療法人レチナ　　いでた平成眼科クリニック", "機関区分": 2, "都道府県コード": 43, "市区町村コード": 104, "所在地": "熊本県熊本市南区馬渡１ー１４ー２５", "緯度": 32.775149, "経度": 130.707064, "url": "https://www.iryou.teikyouseido.mhlw.go.jp/znk-web/juminkanja/S2430/initialize?prefCd=43&kikanCd=243334874&kikanKbn=2", "url2": "https://ideta-heisei.com/access/", "内容": "医療法人レチナ　　いでた平成眼科クリニック【2:診療所】【診療科目:眼科】熊本県熊本市南区馬渡１ー１４ー２５" }, "geometry": { "type": "Point", "coordinates": [ 130.707064, 32.775149 ] } },
{ "type": "Feature", "properties": { "ID": 432243334890, "正式名称": "髙橋レディースクリニック", "機関区分": 2, "都道府県コード": 43, "市区町村コード": 105, "所在地": "熊本県熊本市北区清水新地６ー２ー６４", "緯度": 32.849934, "経度": 130.739616, "url": "https://www.iryou.teikyouseido.mhlw.go.jp/znk-web/juminkanja/S2430/initialize?prefCd=43&kikanCd=243334890&kikanKbn=2", "url2": null, "内容": "髙橋レディースクリニック【2:診療所】【診療科目:女性内科_産婦人科_婦人科_泌尿器科】熊本県熊本市北区清水新地６ー２ー６４" }, "geometry": { "type": "Point", "coordinates": [ 130.739616, 32.849934 ] } },
{ "type": "Feature", "properties": { "ID": 432243334904, "正式名称": "こくぶ内科・胃腸内科", "機関区分": 2, "都道府県コード": 43, "市区町村コード": 101, "所在地": "熊本県熊本市中央区国府本町８ー５", "緯度": 32.786608, "経度": 130.722329, "url": "https://www.iryou.teikyouseido.mhlw.go.jp/znk-web/juminkanja/S2430/initialize?prefCd=43&kikanCd=243334904&kikanKbn=2", "url2": "https://www.kokubunaika.com", "内容": "こくぶ内科・胃腸内科【2:診療所】【診療科目:内科_胃腸内科_漢方内科_内視鏡内科】熊本県熊本市中央区国府本町８ー５" }, "geometry": { "type": "Point", "coordinates": [ 130.722329, 32.786608 ] } },
{ "type": "Feature", "properties": { "ID": 432243334917, "正式名称": "サクラマチ眼科", "機関区分": 2, "都道府県コード": 43, "市区町村コード": 101, "所在地": "熊本県熊本市中央区桜町３ー１０", "緯度": 32.800527, "経度": 130.703635, "url": "https://www.iryou.teikyouseido.mhlw.go.jp/znk-web/juminkanja/S2430/initialize?prefCd=43&kikanCd=243334917&kikanKbn=2", "url2": "sakuramachi.navi-clinic.jp", "内容": "サクラマチ眼科【2:診療所】【診療科目:眼科】熊本県熊本市中央区桜町３ー１０" }, "geometry": { "type": "Point", "coordinates": [ 130.703635, 32.800527 ] } },
{ "type": "Feature", "properties": { "ID": 432243334933, "正式名称": "亀川ひかるクリニック", "機関区分": 2, "都道府県コード": 43, "市区町村コード": 101, "所在地": "熊本県熊本市中央区新大江２ー１８ー２３", "緯度": 32.796773, "経度": 130.750018, "url": "https://www.iryou.teikyouseido.mhlw.go.jp/znk-web/juminkanja/S2430/initialize?prefCd=43&kikanCd=243334933&kikanKbn=2", "url2": null, "内容": "亀川ひかるクリニック【2:診療所】【診療科目:内科_消化器内科】熊本県熊本市中央区新大江２ー１８ー２３" }, "geometry": { "type": "Point", "coordinates": [ 130.750018, 32.796773 ] } },
{ "type": "Feature", "properties": { "ID": 432243334946, "正式名称": "あそうだ整形外科クリニック", "機関区分": 2, "都道府県コード": 43, "市区町村コード": 105, "所在地": "熊本県熊本市北区麻生田３ー１１ー１９", "緯度": 32.849226, "経度": 130.744184, "url": "https://www.iryou.teikyouseido.mhlw.go.jp/znk-web/juminkanja/S2430/initialize?prefCd=43&kikanCd=243334946&kikanKbn=2", "url2": "http://asouda-clinic.jp/", "内容": "あそうだ整形外科クリニック【2:診療所】【診療科目:整形外科_リウマチ科_リハビリテーション科】熊本県熊本市北区麻生田３ー１１ー１９" }, "geometry": { "type": "Point", "coordinates": [ 130.744184, 32.849226 ] } },
{ "type": "Feature", "properties": { "ID": 432243334959, "正式名称": "かじクリニック熊本", "機関区分": 2, "都道府県コード": 43, "市区町村コード": 101, "所在地": "熊本県熊本市中央区新市街６ー６いけおビル２Ｆ", "緯度": 32.799285, "経度": 130.70755, "url": "https://www.iryou.teikyouseido.mhlw.go.jp/znk-web/juminkanja/S2430/initialize?prefCd=43&kikanCd=243334959&kikanKbn=2", "url2": null, "内容": "かじクリニック熊本【2:診療所】【診療科目:形成外科_美容外科_美容皮膚科_泌尿器科】熊本県熊本市中央区新市街６ー６いけおビル２Ｆ" }, "geometry": { "type": "Point", "coordinates": [ 130.70755, 32.799285 ] } },
{ "type": "Feature", "properties": { "ID": 432243334962, "正式名称": "九品寺心身クリニック", "機関区分": 2, "都道府県コード": 43, "市区町村コード": 101, "所在地": "熊本県熊本市中央区九品寺１ー２ー２３　５Ｆ", "緯度": 32.79939, "経度": 130.717039, "url": "https://www.iryou.teikyouseido.mhlw.go.jp/znk-web/juminkanja/S2430/initialize?prefCd=43&kikanCd=243334962&kikanKbn=2", "url2": null, "内容": "九品寺心身クリニック【2:診療所】【診療科目:精神科_心療内科】熊本県熊本市中央区九品寺１ー２ー２３　５Ｆ" }, "geometry": { "type": "Point", "coordinates": [ 130.717039, 32.79939 ] } },
{ "type": "Feature", "properties": { "ID": 432243334975, "正式名称": "うえき在宅クリニック", "機関区分": 2, "都道府県コード": 43, "市区町村コード": 105, "所在地": "熊本県熊本市北区植木町岩野２０８ー３", "緯度": 32.904878, "経度": 130.694016, "url": "https://www.iryou.teikyouseido.mhlw.go.jp/znk-web/juminkanja/S2430/initialize?prefCd=43&kikanCd=243334975&kikanKbn=2", "url2": null, "内容": "うえき在宅クリニック【2:診療所】【診療科目:内科_緩和ケア内科】熊本県熊本市北区植木町岩野２０８ー３" }, "geometry": { "type": "Point", "coordinates": [ 130.694016, 32.904878 ] } },
{ "type": "Feature", "properties": { "ID": 432243334988, "正式名称": "いちもり内科・糖尿病内科クリニック", "機関区分": 2, "都道府県コード": 43, "市区町村コード": 105, "所在地": "熊本県熊本市北区植木町植木５３４", "緯度": 32.896037, "経度": 130.690186, "url": "https://www.iryou.teikyouseido.mhlw.go.jp/znk-web/juminkanja/S2430/initialize?prefCd=43&kikanCd=243334988&kikanKbn=2", "url2": "https://ichimori-clinic.com", "内容": "いちもり内科・糖尿病内科クリニック【2:診療所】【診療科目:内科_糖尿病内科_代謝内科_内分泌内科_脂質代謝内科】熊本県熊本市北区植木町植木５３４" }, "geometry": { "type": "Point", "coordinates": [ 130.690186, 32.896037 ] } },
{ "type": "Feature", "properties": { "ID": 432243335002, "正式名称": "たしま整形外科クリニック", "機関区分": 2, "都道府県コード": 43, "市区町村コード": 102, "所在地": "熊本県熊本市東区渡鹿８ー１１ー３６", "緯度": 32.811581, "経度": 130.742654, "url": "https://www.iryou.teikyouseido.mhlw.go.jp/znk-web/juminkanja/S2430/initialize?prefCd=43&kikanCd=243335002&kikanKbn=2", "url2": null, "内容": "たしま整形外科クリニック【2:診療所】【診療科目:整形外科_リハビリテーション科_麻酔科】熊本県熊本市東区渡鹿８ー１１ー３６" }, "geometry": { "type": "Point", "coordinates": [ 130.742654, 32.811581 ] } },
{ "type": "Feature", "properties": { "ID": 432243335015, "正式名称": "八景水谷昭和館診療所", "機関区分": 2, "都道府県コード": 43, "市区町村コード": 105, "所在地": "熊本県熊本市北区山室４ー９ー３０", "緯度": 32.841896, "経度": 130.72049, "url": "https://www.iryou.teikyouseido.mhlw.go.jp/znk-web/juminkanja/S2430/initialize?prefCd=43&kikanCd=243335015&kikanKbn=2", "url2": null, "内容": "八景水谷昭和館診療所【2:診療所】【診療科目:内科】熊本県熊本市北区山室４ー９ー３０" }, "geometry": { "type": "Point", "coordinates": [ 130.72049, 32.841896 ] } },
{ "type": "Feature", "properties": { "ID": 432243335031, "正式名称": "美容皮膚科エルムクリニック熊本院", "機関区分": 2, "都道府県コード": 43, "市区町村コード": 101, "所在地": "熊本県熊本市中央区上通町６ー１５ー３Ｆ", "緯度": 32.805426, "経度": 130.710937, "url": "https://www.iryou.teikyouseido.mhlw.go.jp/znk-web/juminkanja/S2430/initialize?prefCd=43&kikanCd=243335031&kikanKbn=2", "url2": null, "内容": "美容皮膚科エルムクリニック熊本院【2:診療所】【診療科目:美容皮膚科】熊本県熊本市中央区上通町６ー１５ー３Ｆ" }, "geometry": { "type": "Point", "coordinates": [ 130.710937, 32.805426 ] } },
{ "type": "Feature", "properties": { "ID": 432243335044, "正式名称": "まわたり眼科形成外科クリニック", "機関区分": 2, "都道府県コード": 43, "市区町村コード": 101, "所在地": "熊本県熊本市中央区水道町８ー２秀匠苑ビル３階", "緯度": 32.802831, "経度": 130.7135, "url": "https://www.iryou.teikyouseido.mhlw.go.jp/znk-web/juminkanja/S2430/initialize?prefCd=43&kikanCd=243335044&kikanKbn=2", "url2": "https://mawatari-clinic.jp", "内容": "まわたり眼科形成外科クリニック【2:診療所】【診療科目:形成外科_眼科】熊本県熊本市中央区水道町８ー２秀匠苑ビル３階" }, "geometry": { "type": "Point", "coordinates": [ 130.7135, 32.802831 ] } },
{ "type": "Feature", "properties": { "ID": 432243335057, "正式名称": "むさし内科クリニック", "機関区分": 2, "都道府県コード": 43, "市区町村コード": 105, "所在地": "熊本県熊本市北区楠６ー１ー１", "緯度": 32.850017, "経度": 130.76022, "url": "https://www.iryou.teikyouseido.mhlw.go.jp/znk-web/juminkanja/S2430/initialize?prefCd=43&kikanCd=243335057&kikanKbn=2", "url2": "https://musashi-naika.com/access.html", "内容": "むさし内科クリニック【2:診療所】【診療科目:内科_糖尿病内科_胃腸内科_放射線診断科】熊本県熊本市北区楠６ー１ー１" }, "geometry": { "type": "Point", "coordinates": [ 130.76022, 32.850017 ] } },
{ "type": "Feature", "properties": { "ID": 432243335060, "正式名称": "熊本バースクリニック", "機関区分": 2, "都道府県コード": 43, "市区町村コード": 104, "所在地": "熊本県熊本市南区八幡５ー１０ー２３", "緯度": 32.745973, "経度": 130.680675, "url": "https://www.iryou.teikyouseido.mhlw.go.jp/znk-web/juminkanja/S2430/initialize?prefCd=43&kikanCd=243335060&kikanKbn=2", "url2": "kumamoto-birth-clinic.jp", "内容": "熊本バースクリニック【2:診療所】【診療科目:産婦人科】熊本県熊本市南区八幡５ー１０ー２３" }, "geometry": { "type": "Point", "coordinates": [ 130.680675, 32.745973 ] } },
{ "type": "Feature", "properties": { "ID": 432243335086, "正式名称": "熊本市健康センター大江分室", "機関区分": 2, "都道府県コード": 43, "市区町村コード": 101, "所在地": "熊本県熊本市中央区大江５ー１ー１", "緯度": 32.798618, "経度": 130.719324, "url": "https://www.iryou.teikyouseido.mhlw.go.jp/znk-web/juminkanja/S2430/initialize?prefCd=43&kikanCd=243335086&kikanKbn=2", "url2": "https://www.city.kumamoto.jp/hpkiji/pub/list.aspx?c_id=5&class_set_id=5&class_id=1118", "内容": "熊本市健康センター大江分室【2:診療所】【診療科目:小児科】熊本県熊本市中央区大江５ー１ー１" }, "geometry": { "type": "Point", "coordinates": [ 130.719324, 32.798618 ] } },
{ "type": "Feature", "properties": { "ID": 432243335103, "正式名称": "医療法人久和会　長嶺北クリニック", "機関区分": 2, "都道府県コード": 43, "市区町村コード": 102, "所在地": "熊本県熊本市東区月出７ー１ー１２エレガンス月出１階１号", "緯度": 32.808513, "経度": 130.768129, "url": "https://www.iryou.teikyouseido.mhlw.go.jp/znk-web/juminkanja/S2430/initialize?prefCd=43&kikanCd=243335103&kikanKbn=2", "url2": "https://nagamine-k.jp", "内容": "医療法人久和会　長嶺北クリニック【2:診療所】【診療科目:精神科_心療内科】熊本県熊本市東区月出７ー１ー１２エレガンス月出１階１号" }, "geometry": { "type": "Point", "coordinates": [ 130.768129, 32.808513 ] } },
{ "type": "Feature", "properties": { "ID": 432243335116, "正式名称": "吉田せきつい整形外科・松原第２クリニック", "機関区分": 2, "都道府県コード": 43, "市区町村コード": 102, "所在地": "熊本県熊本市東区尾ノ上１ー１４ー２６", "緯度": 32.789965, "経度": 130.751417, "url": "https://www.iryou.teikyouseido.mhlw.go.jp/znk-web/juminkanja/S2430/initialize?prefCd=43&kikanCd=243335116&kikanKbn=2", "url2": null, "内容": "吉田せきつい整形外科・松原第２クリニック【2:診療所】【診療科目:内科_整形外科_リウマチ科_リハビリテーション科】熊本県熊本市東区尾ノ上１ー１４ー２６" }, "geometry": { "type": "Point", "coordinates": [ 130.751417, 32.789965 ] } },
{ "type": "Feature", "properties": { "ID": 432243335129, "正式名称": "エミナルクリニック熊本院", "機関区分": 2, "都道府県コード": 43, "市区町村コード": 101, "所在地": "熊本県熊本市中央区手取本町４ー１７ＴＥＴＯＲＩＨＯＮＣＨＯ　ＳＡＭＵＲＡＩＢＬＤ８階", "緯度": 32.798136, "経度": 130.708783, "url": "https://www.iryou.teikyouseido.mhlw.go.jp/znk-web/juminkanja/S2430/initialize?prefCd=43&kikanCd=243335129&kikanKbn=2", "url2": null, "内容": "エミナルクリニック熊本院【2:診療所】【診療科目:美容皮膚科】熊本県熊本市中央区手取本町４ー１７ＴＥＴＯＲＩＨＯＮＣＨＯ　ＳＡＭＵＲＡＩＢＬＤ８階" }, "geometry": { "type": "Point", "coordinates": [ 130.708783, 32.798136 ] } },
{ "type": "Feature", "properties": { "ID": 432243335132, "正式名称": "眼科こがクリニック", "機関区分": 2, "都道府県コード": 43, "市区町村コード": 101, "所在地": "熊本県熊本市中央区八王寺町４０ー５", "緯度": 32.783094, "経度": 130.717055, "url": "https://www.iryou.teikyouseido.mhlw.go.jp/znk-web/juminkanja/S2430/initialize?prefCd=43&kikanCd=243335132&kikanKbn=2", "url2": "https://gankakoga.com", "内容": "眼科こがクリニック【2:診療所】【診療科目:眼科】熊本県熊本市中央区八王寺町４０ー５" }, "geometry": { "type": "Point", "coordinates": [ 130.717055, 32.783094 ] } },
{ "type": "Feature", "properties": { "ID": 432243335145, "正式名称": "みのだ耳鼻咽喉科クリニック／Ｋｕｍａｍｏｔｏ　Ｅａｒ　Ｉｎｓｔｉｔｕｔｅ", "機関区分": 2, "都道府県コード": 43, "市区町村コード": 105, "所在地": "熊本県熊本市北区龍田７ー６ー１", "緯度": 32.836309, "経度": 130.759725, "url": "https://www.iryou.teikyouseido.mhlw.go.jp/znk-web/juminkanja/S2430/initialize?prefCd=43&kikanCd=243335145&kikanKbn=2", "url2": "https://minodaent.com/", "内容": "みのだ耳鼻咽喉科クリニック／Ｋｕｍａｍｏｔｏ　Ｅａｒ　Ｉｎｓｔｉｔｕｔｅ【2:診療所】【診療科目:耳鼻いんこう科】熊本県熊本市北区龍田７ー６ー１" }, "geometry": { "type": "Point", "coordinates": [ 130.759725, 32.836309 ] } },
{ "type": "Feature", "properties": { "ID": 432243335158, "正式名称": "ブランクリニック熊本院", "機関区分": 2, "都道府県コード": 43, "市区町村コード": 101, "所在地": "熊本県熊本市中央区下通１ー５ー１０ＴＴビル２階", "緯度": 32.793204, "経度": 130.707787, "url": "https://www.iryou.teikyouseido.mhlw.go.jp/znk-web/juminkanja/S2430/initialize?prefCd=43&kikanCd=243335158&kikanKbn=2", "url2": null, "内容": "ブランクリニック熊本院【2:診療所】【診療科目:美容皮膚科】熊本県熊本市中央区下通１ー５ー１０ＴＴビル２階" }, "geometry": { "type": "Point", "coordinates": [ 130.707787, 32.793204 ] } },
{ "type": "Feature", "properties": { "ID": 432243335174, "正式名称": "いちょうの森クリニック", "機関区分": 2, "都道府県コード": 43, "市区町村コード": 102, "所在地": "熊本県熊本市東区画図町大字重富４５５", "緯度": 32.762347, "経度": 130.729797, "url": "https://www.iryou.teikyouseido.mhlw.go.jp/znk-web/juminkanja/S2430/initialize?prefCd=43&kikanCd=243335174&kikanKbn=2", "url2": "https://www.ichounomori-clinic.com/", "内容": "いちょうの森クリニック【2:診療所】【診療科目:胃腸内科_外科_肛門外科_耳鼻いんこう科_アレルギー科】熊本県熊本市東区画図町大字重富４５５" }, "geometry": { "type": "Point", "coordinates": [ 130.729797, 32.762347 ] } },
{ "type": "Feature", "properties": { "ID": 432243335187, "正式名称": "水前寺皮フ科医院", "機関区分": 2, "都道府県コード": 43, "市区町村コード": 101, "所在地": "熊本県熊本市中央区水前寺５ー１５ー８", "緯度": 32.796304, "経度": 130.73497, "url": "https://www.iryou.teikyouseido.mhlw.go.jp/znk-web/juminkanja/S2430/initialize?prefCd=43&kikanCd=243335187&kikanKbn=2", "url2": "http://suizenji-hifuka.jp/", "内容": "水前寺皮フ科医院【2:診療所】【診療科目:皮膚科】熊本県熊本市中央区水前寺５ー１５ー８" }, "geometry": { "type": "Point", "coordinates": [ 130.73497, 32.796304 ] } },
{ "type": "Feature", "properties": { "ID": 432243335190, "正式名称": "あおばクリニック熊本院", "機関区分": 2, "都道府県コード": 43, "市区町村コード": 101, "所在地": "熊本県熊本市中央区上通町１ー２２大進プラザビル３階", "緯度": 32.803261, "経度": 130.710345, "url": "https://www.iryou.teikyouseido.mhlw.go.jp/znk-web/juminkanja/S2430/initialize?prefCd=43&kikanCd=243335190&kikanKbn=2", "url2": "https://www.aoba-cg.com/clinic/kumamoto.html", "内容": "あおばクリニック熊本院【2:診療所】【診療科目:眼科_美容皮膚科】熊本県熊本市中央区上通町１ー２２大進プラザビル３階" }, "geometry": { "type": "Point", "coordinates": [ 130.710345, 32.803261 ] } },
{ "type": "Feature", "properties": { "ID": 432243335204, "正式名称": "水前寺こころのクリニック", "機関区分": 2, "都道府県コード": 43, "市区町村コード": 101, "所在地": "熊本県熊本市中央区水前寺２ー１９ー３", "緯度": 32.796327, "経度": 130.734961, "url": "https://www.iryou.teikyouseido.mhlw.go.jp/znk-web/juminkanja/S2430/initialize?prefCd=43&kikanCd=243335204&kikanKbn=2", "url2": "https://suizenji-kokoro.jp", "内容": "水前寺こころのクリニック【2:診療所】【診療科目:精神科_心療内科】熊本県熊本市中央区水前寺２ー１９ー３" }, "geometry": { "type": "Point", "coordinates": [ 130.734961, 32.796327 ] } },
{ "type": "Feature", "properties": { "ID": 432243335217, "正式名称": "熊本ステーション眼科", "機関区分": 2, "都道府県コード": 43, "市区町村コード": 103, "所在地": "熊本県熊本市西区春日３ー１５ー２６", "緯度": 32.7889, "経度": 130.688284, "url": "https://www.iryou.teikyouseido.mhlw.go.jp/znk-web/juminkanja/S2430/initialize?prefCd=43&kikanCd=243335217&kikanKbn=2", "url2": null, "内容": "熊本ステーション眼科【2:診療所】【診療科目:眼科】熊本県熊本市西区春日３ー１５ー２６" }, "geometry": { "type": "Point", "coordinates": [ 130.688284, 32.7889 ] } },
{ "type": "Feature", "properties": { "ID": 432243335220, "正式名称": "くすのき心の診療所", "機関区分": 2, "都道府県コード": 43, "市区町村コード": 105, "所在地": "熊本県熊本市北区楠６ー１ー７ー２０１", "緯度": 32.85021, "経度": 130.760991, "url": "https://www.iryou.teikyouseido.mhlw.go.jp/znk-web/juminkanja/S2430/initialize?prefCd=43&kikanCd=243335220&kikanKbn=2", "url2": null, "内容": "くすのき心の診療所【2:診療所】【診療科目:精神科_心療内科】熊本県熊本市北区楠６ー１ー７ー２０１" }, "geometry": { "type": "Point", "coordinates": [ 130.760991, 32.85021 ] } },
{ "type": "Feature", "properties": { "ID": 432243335233, "正式名称": "くまもと内科クリニック", "機関区分": 2, "都道府県コード": 43, "市区町村コード": 101, "所在地": "熊本県熊本市中央区渡鹿３ー３ー２０", "緯度": 32.805657, "経度": 130.737419, "url": "https://www.iryou.teikyouseido.mhlw.go.jp/znk-web/juminkanja/S2430/initialize?prefCd=43&kikanCd=243335233&kikanKbn=2", "url2": null, "内容": "くまもと内科クリニック【2:診療所】【診療科目:内科_糖尿病内科】熊本県熊本市中央区渡鹿３ー３ー２０" }, "geometry": { "type": "Point", "coordinates": [ 130.737419, 32.805657 ] } },
{ "type": "Feature", "properties": { "ID": 432243335246, "正式名称": "京町台クリニック", "機関区分": 2, "都道府県コード": 43, "市区町村コード": 101, "所在地": "熊本県熊本市中央区京町２ー８ー４５", "緯度": 32.814892, "経度": 130.706034, "url": "https://www.iryou.teikyouseido.mhlw.go.jp/znk-web/juminkanja/S2430/initialize?prefCd=43&kikanCd=243335246&kikanKbn=2", "url2": "http://kyomachidaiclinic.com/", "内容": "京町台クリニック【2:診療所】【診療科目:内科_血液内科_胃腸内科_内視鏡内科】熊本県熊本市中央区京町２ー８ー４５" }, "geometry": { "type": "Point", "coordinates": [ 130.706034, 32.814892 ] } },
{ "type": "Feature", "properties": { "ID": 432243335259, "正式名称": "きたがわ内科のりこ皮ふ科クリニック", "機関区分": 2, "都道府県コード": 43, "市区町村コード": 101, "所在地": "熊本県熊本市中央区坪井１ー３ー４６", "緯度": 32.808933, "経度": 130.711127, "url": "https://www.iryou.teikyouseido.mhlw.go.jp/znk-web/juminkanja/S2430/initialize?prefCd=43&kikanCd=243335259&kikanKbn=2", "url2": null, "内容": "きたがわ内科のりこ皮ふ科クリニック【2:診療所】【診療科目:内科_消化器内科_皮膚科_美容皮膚科_リハビリテーション科】熊本県熊本市中央区坪井１ー３ー４６" }, "geometry": { "type": "Point", "coordinates": [ 130.711127, 32.808933 ] } },
{ "type": "Feature", "properties": { "ID": 432243335262, "正式名称": "あけぼの第２クリニック", "機関区分": 2, "都道府県コード": 43, "市区町村コード": 101, "所在地": "熊本県熊本市中央区本山１ー６ー１９", "緯度": 32.790571, "経度": 130.697836, "url": "https://www.iryou.teikyouseido.mhlw.go.jp/znk-web/juminkanja/S2430/initialize?prefCd=43&kikanCd=243335262&kikanKbn=2", "url2": "www.matusita-kai.or.jp", "内容": "あけぼの第２クリニック【2:診療所】【診療科目:内科_糖尿病・代謝内科_循環器内科_腎臓内科_人工透析内科】熊本県熊本市中央区本山１ー６ー１９" }, "geometry": { "type": "Point", "coordinates": [ 130.697836, 32.790571 ] } },
{ "type": "Feature", "properties": { "ID": 432243335288, "正式名称": "ながしまクリニック", "機関区分": 2, "都道府県コード": 43, "市区町村コード": 101, "所在地": "熊本県熊本市中央区下通１ー６ー２７　タカハマビル２Ｆ", "緯度": 32.801589, "経度": 130.709533, "url": "https://www.iryou.teikyouseido.mhlw.go.jp/znk-web/juminkanja/S2430/initialize?prefCd=43&kikanCd=243335288&kikanKbn=2", "url2": null, "内容": "ながしまクリニック【2:診療所】【診療科目:整形外科_美容外科_美容皮膚科】熊本県熊本市中央区下通１ー６ー２７　タカハマビル２Ｆ" }, "geometry": { "type": "Point", "coordinates": [ 130.709533, 32.801589 ] } },
{ "type": "Feature", "properties": { "ID": 432243335291, "正式名称": "水前寺ライフクリニック", "機関区分": 2, "都道府県コード": 43, "市区町村コード": 101, "所在地": "熊本県熊本市中央区水前寺公園１５ー３７ＩＤＥＯビル３Ｆ", "緯度": 32.787632, "経度": 130.736788, "url": "https://www.iryou.teikyouseido.mhlw.go.jp/znk-web/juminkanja/S2430/initialize?prefCd=43&kikanCd=243335291&kikanKbn=2", "url2": null, "内容": "水前寺ライフクリニック【2:診療所】【診療科目:精神科_心療内科】熊本県熊本市中央区水前寺公園１５ー３７ＩＤＥＯビル３Ｆ" }, "geometry": { "type": "Point", "coordinates": [ 130.736788, 32.787632 ] } },
{ "type": "Feature", "properties": { "ID": 432243335305, "正式名称": "くまもと森都心クリニック", "機関区分": 2, "都道府県コード": 43, "市区町村コード": 103, "所在地": "熊本県熊本市西区春日１ー１４ー３くまもと森都心Ｃの１", "緯度": 32.790272, "経度": 130.691406, "url": "https://www.iryou.teikyouseido.mhlw.go.jp/znk-web/juminkanja/S2430/initialize?prefCd=43&kikanCd=243335305&kikanKbn=2", "url2": "https://www,lkumamoto-s,clinic", "内容": "くまもと森都心クリニック【2:診療所】【診療科目:内科_美容皮膚科_泌尿器科】熊本県熊本市西区春日１ー１４ー３くまもと森都心Ｃの１" }, "geometry": { "type": "Point", "coordinates": [ 130.691406, 32.790272 ] } },
{ "type": "Feature", "properties": { "ID": 432243335318, "正式名称": "いとう整形外科", "機関区分": 2, "都道府県コード": 43, "市区町村コード": 102, "所在地": "熊本県熊本市東区長嶺南３ー３ー１", "緯度": 32.814617, "経度": 130.77221, "url": "https://www.iryou.teikyouseido.mhlw.go.jp/znk-web/juminkanja/S2430/initialize?prefCd=43&kikanCd=243335318&kikanKbn=2", "url2": null, "内容": "いとう整形外科【2:診療所】【診療科目:整形外科_リウマチ科_リハビリテーション科】熊本県熊本市東区長嶺南３ー３ー１" }, "geometry": { "type": "Point", "coordinates": [ 130.77221, 32.814617 ] } },
{ "type": "Feature", "properties": { "ID": 432243335321, "正式名称": "まえはらクリニック", "機関区分": 2, "都道府県コード": 43, "市区町村コード": 101, "所在地": "熊本県熊本市中央区出水４ー２５ー２８", "緯度": 32.779418, "経度": 130.733358, "url": "https://www.iryou.teikyouseido.mhlw.go.jp/znk-web/juminkanja/S2430/initialize?prefCd=43&kikanCd=243335321&kikanKbn=2", "url2": null, "内容": "まえはらクリニック【2:診療所】【診療科目:内科_腎臓内科_歯科_小児歯科】熊本県熊本市中央区出水４ー２５ー２８" }, "geometry": { "type": "Point", "coordinates": [ 130.733358, 32.779418 ] } },
{ "type": "Feature", "properties": { "ID": 432243335334, "正式名称": "上水前寺つつみ整形外科", "機関区分": 2, "都道府県コード": 43, "市区町村コード": 101, "所在地": "熊本県熊本市中央区上水前寺２ー２ー８", "緯度": 32.797444, "経度": 130.745614, "url": "https://www.iryou.teikyouseido.mhlw.go.jp/znk-web/juminkanja/S2430/initialize?prefCd=43&kikanCd=243335334&kikanKbn=2", "url2": "tsutsumiseikei.com", "内容": "上水前寺つつみ整形外科【2:診療所】【診療科目:整形外科_リハビリテーション科】熊本県熊本市中央区上水前寺２ー２ー８" }, "geometry": { "type": "Point", "coordinates": [ 130.745614, 32.797444 ] } },
{ "type": "Feature", "properties": { "ID": 432243335347, "正式名称": "水前寺在宅クリニック", "機関区分": 2, "都道府県コード": 43, "市区町村コード": 101, "所在地": "熊本県熊本市中央区水前寺３丁目１２ー１７", "緯度": 32.797571, "経度": 130.734036, "url": "https://www.iryou.teikyouseido.mhlw.go.jp/znk-web/juminkanja/S2430/initialize?prefCd=43&kikanCd=243335347&kikanKbn=2", "url2": "https://suizenji-zaitaku.com/", "内容": "水前寺在宅クリニック【2:診療所】【診療科目:内科】熊本県熊本市中央区水前寺３丁目１２ー１７" }, "geometry": { "type": "Point", "coordinates": [ 130.734036, 32.797571 ] } },
{ "type": "Feature", "properties": { "ID": 432243335350, "正式名称": "関節の痛みクリニック", "機関区分": 2, "都道府県コード": 43, "市区町村コード": 101, "所在地": "熊本県熊本市中央区本荘六丁目２－２４グランベル本荘１階", "緯度": 32.793204, "経度": 130.707787, "url": "https://www.iryou.teikyouseido.mhlw.go.jp/znk-web/juminkanja/S2430/initialize?prefCd=43&kikanCd=243335350&kikanKbn=2", "url2": null, "内容": "関節の痛みクリニック【2:診療所】【診療科目:整形外科】熊本県熊本市中央区本荘六丁目２－２４グランベル本荘１階" }, "geometry": { "type": "Point", "coordinates": [ 130.707787, 32.793204 ] } },
{ "type": "Feature", "properties": { "ID": 432243335363, "正式名称": "くまもと南耳鼻咽喉科クリニック", "機関区分": 2, "都道府県コード": 43, "市区町村コード": 104, "所在地": "熊本県熊本市南区城南町隈庄９４３ー１", "緯度": 32.707191, "経度": 130.727896, "url": "https://www.iryou.teikyouseido.mhlw.go.jp/znk-web/juminkanja/S2430/initialize?prefCd=43&kikanCd=243335363&kikanKbn=2", "url2": null, "内容": "くまもと南耳鼻咽喉科クリニック【2:診療所】【診療科目:耳鼻いんこう科_アレルギー科_その他】熊本県熊本市南区城南町隈庄９４３ー１" }, "geometry": { "type": "Point", "coordinates": [ 130.727896, 32.707191 ] } },
{ "type": "Feature", "properties": { "ID": 432243335389, "正式名称": "ＡＧＡスキンクリニック熊本院", "機関区分": 2, "都道府県コード": 43, "市区町村コード": 101, "所在地": "熊本県熊本市中央区安政町１ー２６日吉屋ビル２階", "緯度": 32.80216, "経度": 130.709406, "url": "https://www.iryou.teikyouseido.mhlw.go.jp/znk-web/juminkanja/S2430/initialize?prefCd=43&kikanCd=243335389&kikanKbn=2", "url2": null, "内容": "ＡＧＡスキンクリニック熊本院【2:診療所】【診療科目:美容皮膚科】熊本県熊本市中央区安政町１ー２６日吉屋ビル２階" }, "geometry": { "type": "Point", "coordinates": [ 130.709406, 32.80216 ] } },
{ "type": "Feature", "properties": { "ID": 432243335392, "正式名称": "メンズライフクリニック熊本院", "機関区分": 2, "都道府県コード": 43, "市区町村コード": 101, "所在地": "熊本県熊本市中央区下通１丁目１番１４号マテリアエイトビル４階", "緯度": 32.802796, "経度": 130.708705, "url": "https://www.iryou.teikyouseido.mhlw.go.jp/znk-web/juminkanja/S2430/initialize?prefCd=43&kikanCd=243335392&kikanKbn=2", "url2": "https://www.mens-life-clinic.com/clinic/kumamoto/", "内容": "メンズライフクリニック熊本院【2:診療所】【診療科目:形成外科_泌尿器科】熊本県熊本市中央区下通１丁目１番１４号マテリアエイトビル４階" }, "geometry": { "type": "Point", "coordinates": [ 130.708705, 32.802796 ] } },
{ "type": "Feature", "properties": { "ID": 432243335406, "正式名称": "すえなが婦人科・産科クリニック", "機関区分": 2, "都道府県コード": 43, "市区町村コード": 103, "所在地": "熊本県熊本市西区二本木２ー８ー１３", "緯度": 32.785058, "経度": 130.690626, "url": "https://www.iryou.teikyouseido.mhlw.go.jp/znk-web/juminkanja/S2430/initialize?prefCd=43&kikanCd=243335406&kikanKbn=2", "url2": "http://www.suenaga-obgyn.com/", "内容": "すえなが婦人科・産科クリニック【2:診療所】【診療科目:産科_婦人科】熊本県熊本市西区二本木２ー８ー１３" }, "geometry": { "type": "Point", "coordinates": [ 130.690626, 32.785058 ] } },
{ "type": "Feature", "properties": { "ID": 432243335419, "正式名称": "ＴＣＢ　東京中央美容外科・ＴＣＢ　スキンクリニック　熊本院", "機関区分": 2, "都道府県コード": 43, "市区町村コード": 101, "所在地": "熊本県熊本市中央区上通町１ー２６ａｕｎｅＫＵＭＡＭＯＴＯ８階", "緯度": 35.497002, "経度": 136.783492, "url": "https://www.iryou.teikyouseido.mhlw.go.jp/znk-web/juminkanja/S2430/initialize?prefCd=43&kikanCd=243335419&kikanKbn=2", "url2": "https://aoki-tsuyoshi.com/", "内容": "ＴＣＢ　東京中央美容外科・ＴＣＢ　スキンクリニック　熊本院【2:診療所】【診療科目:形成外科_美容外科_皮膚科_美容皮膚科】熊本県熊本市中央区上通町１ー２６ａｕｎｅＫＵＭＡＭＯＴＯ８階" }, "geometry": { "type": "Point", "coordinates": [ 136.783492, 35.497002 ] } },
{ "type": "Feature", "properties": { "ID": 432243335422, "正式名称": "熊本スポーツクリニック", "機関区分": 2, "都道府県コード": 43, "市区町村コード": 101, "所在地": "熊本県熊本市中央区大江４ー２ー６５グランパレッタ熊本１Ｆ", "緯度": 35.547803, "経度": 139.607953, "url": "https://www.iryou.teikyouseido.mhlw.go.jp/znk-web/juminkanja/S2430/initialize?prefCd=43&kikanCd=243335422&kikanKbn=2", "url2": null, "内容": "熊本スポーツクリニック【2:診療所】【診療科目:整形外科_リハビリテーション科】熊本県熊本市中央区大江４ー２ー６５グランパレッタ熊本１Ｆ" }, "geometry": { "type": "Point", "coordinates": [ 139.607953, 35.547803 ] } },
{ "type": "Feature", "properties": { "ID": 432243335435, "正式名称": "江津湖総合診療クリニック", "機関区分": 2, "都道府県コード": 43, "市区町村コード": 102, "所在地": "熊本県熊本市東区神水本町２６ー２４", "緯度": 32.779578, "経度": 130.742878, "url": "https://www.iryou.teikyouseido.mhlw.go.jp/znk-web/juminkanja/S2430/initialize?prefCd=43&kikanCd=243335435&kikanKbn=2", "url2": null, "内容": "江津湖総合診療クリニック【2:診療所】【診療科目:内科_外科_整形外科】熊本県熊本市東区神水本町２６ー２４" }, "geometry": { "type": "Point", "coordinates": [ 130.742878, 32.779578 ] } },
{ "type": "Feature", "properties": { "ID": 432243335448, "正式名称": "みらいえクリニック", "機関区分": 2, "都道府県コード": 43, "市区町村コード": 104, "所在地": "熊本県熊本市南区田迎５ー１ー５", "緯度": 32.774566, "経度": 130.713716, "url": "https://www.iryou.teikyouseido.mhlw.go.jp/znk-web/juminkanja/S2430/initialize?prefCd=43&kikanCd=243335448&kikanKbn=2", "url2": "https://www.miraieclinic.com", "内容": "みらいえクリニック【2:診療所】【診療科目:内科】熊本県熊本市南区田迎５ー１ー５" }, "geometry": { "type": "Point", "coordinates": [ 130.713716, 32.774566 ] } },
{ "type": "Feature", "properties": { "ID": 432243335451, "正式名称": "江津湖クリニック", "機関区分": 2, "都道府県コード": 43, "市区町村コード": 101, "所在地": "熊本県熊本市中央区上京塚町２ー２０はらの７県庁東ビル１０１", "緯度": 32.791748, "経度": 130.745614, "url": "https://www.iryou.teikyouseido.mhlw.go.jp/znk-web/juminkanja/S2430/initialize?prefCd=43&kikanCd=243335451&kikanKbn=2", "url2": "https://ezuko-clinic.com/", "内容": "江津湖クリニック【2:診療所】【診療科目:精神科_心療内科】熊本県熊本市中央区上京塚町２ー２０はらの７県庁東ビル１０１" }, "geometry": { "type": "Point", "coordinates": [ 130.745614, 32.791748 ] } },
{ "type": "Feature", "properties": { "ID": 432243335464, "正式名称": "熊本駅前２分かずよ皮膚科・美容皮膚科クリニック", "機関区分": 2, "都道府県コード": 43, "市区町村コード": 103, "所在地": "熊本県熊本市西区春日３丁目２６ー４７ＪＲ熊本春日南ビル３階", "緯度": 32.789221, "経度": 130.687443, "url": "https://www.iryou.teikyouseido.mhlw.go.jp/znk-web/juminkanja/S2430/initialize?prefCd=43&kikanCd=243335464&kikanKbn=2", "url2": "https://kumamoto-kazuyohifuka.com", "内容": "熊本駅前２分かずよ皮膚科・美容皮膚科クリニック【2:診療所】【診療科目:皮膚科_美容皮膚科】熊本県熊本市西区春日３丁目２６ー４７ＪＲ熊本春日南ビル３階" }, "geometry": { "type": "Point", "coordinates": [ 130.687443, 32.789221 ] } },
{ "type": "Feature", "properties": { "ID": 432243335477, "正式名称": "すえまつ内科・外科・胃腸内科", "機関区分": 2, "都道府県コード": 43, "市区町村コード": 101, "所在地": "熊本県熊本市中央区八王寺町２７ー１１", "緯度": 32.781419, "経度": 130.71393, "url": "https://www.iryou.teikyouseido.mhlw.go.jp/znk-web/juminkanja/S2430/initialize?prefCd=43&kikanCd=243335477&kikanKbn=2", "url2": "https://suematsu-cl.com", "内容": "すえまつ内科・外科・胃腸内科【2:診療所】【診療科目:内科_脂質代謝内科_糖尿病・代謝内科_消化器内科_胃腸内科_腫瘍内科_老年内科_内視鏡内科_外科_乳腺外科】熊本県熊本市中央区八王寺町２７ー１１" }, "geometry": { "type": "Point", "coordinates": [ 130.71393, 32.781419 ] } },
{ "type": "Feature", "properties": { "ID": 432243335480, "正式名称": "熊本イースト駅前クリニック", "機関区分": 2, "都道府県コード": 43, "市区町村コード": 101, "所在地": "熊本県熊本市中央区手取本町４ー６Ｍ＇ｓ２　２階", "緯度": 35.008464, "経度": 138.373138, "url": "https://www.iryou.teikyouseido.mhlw.go.jp/znk-web/juminkanja/S2430/initialize?prefCd=43&kikanCd=243335480&kikanKbn=2", "url2": null, "内容": "熊本イースト駅前クリニック【2:診療所】【診療科目:内科_皮膚科_泌尿器科】熊本県熊本市中央区手取本町４ー６Ｍ＇ｓ２　２階" }, "geometry": { "type": "Point", "coordinates": [ 138.373138, 35.008464 ] } },
{ "type": "Feature", "properties": { "ID": 432243335507, "正式名称": "永田耳鼻咽喉科医院", "機関区分": 2, "都道府県コード": 43, "市区町村コード": 104, "所在地": "熊本県熊本市南区近見２ー４ー５１", "緯度": 32.759218, "経度": 130.68317, "url": "https://www.iryou.teikyouseido.mhlw.go.jp/znk-web/juminkanja/S2430/initialize?prefCd=43&kikanCd=243335507&kikanKbn=2", "url2": "https://www.nagata-jibika.com", "内容": "永田耳鼻咽喉科医院【2:診療所】【診療科目:耳鼻いんこう科】熊本県熊本市南区近見２ー４ー５１" }, "geometry": { "type": "Point", "coordinates": [ 130.68317, 32.759218 ] } },
{ "type": "Feature", "properties": { "ID": 432243335510, "正式名称": "いとう内科クリニック", "機関区分": 2, "都道府県コード": 43, "市区町村コード": 105, "所在地": "熊本県熊本市北区龍田陳内２ー４", "緯度": 32.829251, "経度": 130.746821, "url": "https://www.iryou.teikyouseido.mhlw.go.jp/znk-web/juminkanja/S2430/initialize?prefCd=43&kikanCd=243335510&kikanKbn=2", "url2": "https://itounaika.jp/", "内容": "いとう内科クリニック【2:診療所】【診療科目:内科_呼吸器内科_循環器内科_消化器内科_腎臓内科】熊本県熊本市北区龍田陳内２ー４" }, "geometry": { "type": "Point", "coordinates": [ 130.746821, 32.829251 ] } },
{ "type": "Feature", "properties": { "ID": 432243335523, "正式名称": "とくずみ皮ふ科クリニック", "機関区分": 2, "都道府県コード": 43, "市区町村コード": 102, "所在地": "熊本県熊本市東区月出１ー８ー２７", "緯度": 35.699402, "経度": 139.747815, "url": "https://www.iryou.teikyouseido.mhlw.go.jp/znk-web/juminkanja/S2430/initialize?prefCd=43&kikanCd=243335523&kikanKbn=2", "url2": "https://tokuzumi-hifuka.com", "内容": "とくずみ皮ふ科クリニック【2:診療所】【診療科目:形成外科_皮膚科_アレルギー科】熊本県熊本市東区月出１ー８ー２７" }, "geometry": { "type": "Point", "coordinates": [ 139.747815, 35.699402 ] } },
{ "type": "Feature", "properties": { "ID": 432243335536, "正式名称": "あらきメンタルクリニック", "機関区分": 2, "都道府県コード": 43, "市区町村コード": 104, "所在地": "熊本県熊本市南区日吉２丁目７ー５５", "緯度": 35.645885, "経度": 139.708348, "url": "https://www.iryou.teikyouseido.mhlw.go.jp/znk-web/juminkanja/S2430/initialize?prefCd=43&kikanCd=243335536&kikanKbn=2", "url2": null, "内容": "あらきメンタルクリニック【2:診療所】【診療科目:内科_精神科_心療内科】熊本県熊本市南区日吉２丁目７ー５５" }, "geometry": { "type": "Point", "coordinates": [ 139.708348, 35.645885 ] } },
{ "type": "Feature", "properties": { "ID": 432243335549, "正式名称": "メディメッセ桜十字クリニック", "機関区分": 2, "都道府県コード": 43, "市区町村コード": 101, "所在地": "熊本県熊本市中央区平成３ー２３ー３０サンリブシティくまなん３Ｆ", "緯度": 32.777686, "経度": 130.704764, "url": "https://www.iryou.teikyouseido.mhlw.go.jp/znk-web/juminkanja/S2430/initialize?prefCd=43&kikanCd=243335549&kikanKbn=2", "url2": null, "内容": "メディメッセ桜十字クリニック【2:診療所】【診療科目:内科_循環器内科_消化器内科】熊本県熊本市中央区平成３ー２３ー３０サンリブシティくまなん３Ｆ" }, "geometry": { "type": "Point", "coordinates": [ 130.704764, 32.777686 ] } },
{ "type": "Feature", "properties": { "ID": 432243335552, "正式名称": "たむらふみお　おなかと内科のクリニック", "機関区分": 2, "都道府県コード": 43, "市区町村コード": 103, "所在地": "熊本県熊本市西区春日７ー２８ー１０", "緯度": 32.784121, "経度": 130.673898, "url": "https://www.iryou.teikyouseido.mhlw.go.jp/znk-web/juminkanja/S2430/initialize?prefCd=43&kikanCd=243335552&kikanKbn=2", "url2": "https://tamurafumio.jp", "内容": "たむらふみお　おなかと内科のクリニック【2:診療所】【診療科目:内科_消化器内科_腫瘍内科_内視鏡内科】熊本県熊本市西区春日７ー２８ー１０" }, "geometry": { "type": "Point", "coordinates": [ 130.673898, 32.784121 ] } },
{ "type": "Feature", "properties": { "ID": 432243335578, "正式名称": "湘南美容クリニック熊本院", "機関区分": 2, "都道府県コード": 43, "市区町村コード": 101, "所在地": "熊本県熊本市中央区手取本町４番１号　大劇会館６階", "緯度": 32.803298, "経度": 130.70952, "url": "https://www.iryou.teikyouseido.mhlw.go.jp/znk-web/juminkanja/S2430/initialize?prefCd=43&kikanCd=243335578&kikanKbn=2", "url2": "https://www.s-b-c.net/clinic/branch/kumamoto/", "内容": "湘南美容クリニック熊本院【2:診療所】【診療科目:美容外科_美容皮膚科】熊本県熊本市中央区手取本町４番１号　大劇会館６階" }, "geometry": { "type": "Point", "coordinates": [ 130.70952, 32.803298 ] } },
{ "type": "Feature", "properties": { "ID": 432243335581, "正式名称": "親子のミカタ　オンラインクリニック", "機関区分": 2, "都道府県コード": 43, "市区町村コード": 103, "所在地": "熊本県熊本市西区島崎２ー２３ー１１", "緯度": 35.601615, "経度": 140.102662, "url": "https://www.iryou.teikyouseido.mhlw.go.jp/znk-web/juminkanja/S2430/initialize?prefCd=43&kikanCd=243335581&kikanKbn=2", "url2": null, "内容": "親子のミカタ　オンラインクリニック【2:診療所】【診療科目:小児科_児童精神科】熊本県熊本市西区島崎２ー２３ー１１" }, "geometry": { "type": "Point", "coordinates": [ 140.102662, 35.601615 ] } },
{ "type": "Feature", "properties": { "ID": 432243335594, "正式名称": "さどわらクリニック耳鼻咽喉科・アレルギー科", "機関区分": 2, "都道府県コード": 43, "市区町村コード": 102, "所在地": "熊本県熊本市東区佐土原２ー６ー１２", "緯度": 32.793088, "経度": 130.780538, "url": "https://www.iryou.teikyouseido.mhlw.go.jp/znk-web/juminkanja/S2430/initialize?prefCd=43&kikanCd=243335594&kikanKbn=2", "url2": "https://sadowara-cl-ental.com/access.html", "内容": "さどわらクリニック耳鼻咽喉科・アレルギー科【2:診療所】【診療科目:耳鼻いんこう科_頭頸部・耳鼻いんこう科_アレルギー科】熊本県熊本市東区佐土原２ー６ー１２" }, "geometry": { "type": "Point", "coordinates": [ 130.780538, 32.793088 ] } },
{ "type": "Feature", "properties": { "ID": 432243335608, "正式名称": "注入専門　美容クリニック　ｆｕ－ｃｈｉ．ＬＡＢ", "機関区分": 2, "都道府県コード": 43, "市区町村コード": 101, "所在地": "熊本県熊本市中央区城東町２ー１２アンピールパーキング上通りビル２ＦーＡ", "緯度": 32.803939, "経度": 130.709876, "url": "https://www.iryou.teikyouseido.mhlw.go.jp/znk-web/juminkanja/S2430/initialize?prefCd=43&kikanCd=243335608&kikanKbn=2", "url2": null, "内容": "注入専門　美容クリニック　ｆｕ－ｃｈｉ．ＬＡＢ【2:診療所】【診療科目:美容皮膚科】熊本県熊本市中央区城東町２ー１２アンピールパーキング上通りビル２ＦーＡ" }, "geometry": { "type": "Point", "coordinates": [ 130.709876, 32.803939 ] } },
{ "type": "Feature", "properties": { "ID": 432243335611, "正式名称": "みうら脳神経クリニック", "機関区分": 2, "都道府県コード": 43, "市区町村コード": 102, "所在地": "熊本県熊本市東区佐土原３ー１１ー７７", "緯度": 32.795739, "経度": 130.781668, "url": "https://www.iryou.teikyouseido.mhlw.go.jp/znk-web/juminkanja/S2430/initialize?prefCd=43&kikanCd=243335611&kikanKbn=2", "url2": null, "内容": "みうら脳神経クリニック【2:診療所】【診療科目:内科_神経内科_脳神経外科】熊本県熊本市東区佐土原３ー１１ー７７" }, "geometry": { "type": "Point", "coordinates": [ 130.781668, 32.795739 ] } },
{ "type": "Feature", "properties": { "ID": 432243335624, "正式名称": "よりクリニック", "機関区分": 2, "都道府県コード": 43, "市区町村コード": 104, "所在地": "熊本県熊本市南区御幸西２ー３ー７５", "緯度": 32.758534, "経度": 130.706024, "url": "https://www.iryou.teikyouseido.mhlw.go.jp/znk-web/juminkanja/S2430/initialize?prefCd=43&kikanCd=243335624&kikanKbn=2", "url2": "https://yori-clinic.com/", "内容": "よりクリニック【2:診療所】【診療科目:精神科_心療内科】熊本県熊本市南区御幸西２ー３ー７５" }, "geometry": { "type": "Point", "coordinates": [ 130.706024, 32.758534 ] } },
{ "type": "Feature", "properties": { "ID": 432243335640, "正式名称": "くまもとブレストクリニック", "機関区分": 2, "都道府県コード": 43, "市区町村コード": 101, "所在地": "熊本県熊本市中央区城東町４ー７　グランガーデンビル２Ｆ", "緯度": 32.805442, "経度": 130.710074, "url": "https://www.iryou.teikyouseido.mhlw.go.jp/znk-web/juminkanja/S2430/initialize?prefCd=43&kikanCd=243335640&kikanKbn=2", "url2": null, "内容": "くまもとブレストクリニック【2:診療所】【診療科目:乳腺外科】熊本県熊本市中央区城東町４ー７　グランガーデンビル２Ｆ" }, "geometry": { "type": "Point", "coordinates": [ 130.710074, 32.805442 ] } },
{ "type": "Feature", "properties": { "ID": 432243335653, "正式名称": "ほんだ皮ふ科クリニック", "機関区分": 2, "都道府県コード": 43, "市区町村コード": 105, "所在地": "熊本県熊本市北区清水新地６ー８ー５", "緯度": 32.85291, "経度": 130.74154, "url": "https://www.iryou.teikyouseido.mhlw.go.jp/znk-web/juminkanja/S2430/initialize?prefCd=43&kikanCd=243335653&kikanKbn=2", "url2": null, "内容": "ほんだ皮ふ科クリニック【2:診療所】【診療科目:形成外科_皮膚科_アレルギー科】熊本県熊本市北区清水新地６ー８ー５" }, "geometry": { "type": "Point", "coordinates": [ 130.74154, 32.85291 ] } },
{ "type": "Feature", "properties": { "ID": 432243335666, "正式名称": "あおぞらクリニック", "機関区分": 2, "都道府県コード": 43, "市区町村コード": 101, "所在地": "熊本県熊本市中央区京町１ー１１ー７ー２京町スクエアＡ２階北", "緯度": 32.812751, "経度": 130.705721, "url": "https://www.iryou.teikyouseido.mhlw.go.jp/znk-web/juminkanja/S2430/initialize?prefCd=43&kikanCd=243335666&kikanKbn=2", "url2": null, "内容": "あおぞらクリニック【2:診療所】【診療科目:内科】熊本県熊本市中央区京町１ー１１ー７ー２京町スクエアＡ２階北" }, "geometry": { "type": "Point", "coordinates": [ 130.705721, 32.812751 ] } },
{ "type": "Feature", "properties": { "ID": 432243335679, "正式名称": "ＡＹＵＭＩ　ＳＫＩＮ　ＣＬＩＮＩＣ", "機関区分": 2, "都道府県コード": 43, "市区町村コード": 101, "所在地": "熊本県熊本市中央区水道町１－２７大学堂ビル３階", "緯度": 32.8026, "経度": 130.712728, "url": "https://www.iryou.teikyouseido.mhlw.go.jp/znk-web/juminkanja/S2430/initialize?prefCd=43&kikanCd=243335679&kikanKbn=2", "url2": null, "内容": "ＡＹＵＭＩ　ＳＫＩＮ　ＣＬＩＮＩＣ【2:診療所】【診療科目:皮膚科_美容皮膚科】熊本県熊本市中央区水道町１－２７大学堂ビル３階" }, "geometry": { "type": "Point", "coordinates": [ 130.712728, 32.8026 ] } },
{ "type": "Feature", "properties": { "ID": 432243335682, "正式名称": "熊本市こどもセンター　診察室", "機関区分": 2, "都道府県コード": 43, "市区町村コード": 101, "所在地": "熊本県熊本市中央区大江５丁目１—５０熊本市こどもセンター（あいぱるくまもと）", "緯度": 32.7981319, "経度": 130.7197794, "url": "https://www.iryou.teikyouseido.mhlw.go.jp/znk-web/juminkanja/S2430/initialize?prefCd=43&kikanCd=243335682&kikanKbn=2", "url2": null, "内容": "熊本市こどもセンター　診察室【2:診療所】【診療科目:整形外科_小児科_耳鼻いんこう科_精神科】熊本県熊本市中央区大江５丁目１—５０熊本市こどもセンター（あいぱるくまもと）" }, "geometry": { "type": "Point", "coordinates": [ 130.7197794, 32.7981319 ] } },
{ "type": "Feature", "properties": { "ID": 432243335695, "正式名称": "医療法人社団　可愛山会　大山皮膚科医院", "機関区分": 2, "都道府県コード": 43, "市区町村コード": 104, "所在地": "熊本県熊本市南区近見１－４－１５", "緯度": 32.766925, "経度": 130.691253, "url": "https://www.iryou.teikyouseido.mhlw.go.jp/znk-web/juminkanja/S2430/initialize?prefCd=43&kikanCd=243335695&kikanKbn=2", "url2": null, "内容": "医療法人社団　可愛山会　大山皮膚科医院【2:診療所】【診療科目:小児科_小児皮膚科_皮膚科_アレルギー科】熊本県熊本市南区近見１－４－１５" }, "geometry": { "type": "Point", "coordinates": [ 130.691253, 32.766925 ] } },
{ "type": "Feature", "properties": { "ID": 432243335709, "正式名称": "わかばクリニック", "機関区分": 2, "都道府県コード": 43, "市区町村コード": 102, "所在地": "熊本県熊本市東区若葉２丁目１３番１６号", "緯度": 32.774592, "経度": 130.76353, "url": "https://www.iryou.teikyouseido.mhlw.go.jp/znk-web/juminkanja/S2430/initialize?prefCd=43&kikanCd=243335709&kikanKbn=2", "url2": "http://www.wakaba-cl.jp/", "内容": "わかばクリニック【2:診療所】【診療科目:内科_消化器内科】熊本県熊本市東区若葉２丁目１３番１６号" }, "geometry": { "type": "Point", "coordinates": [ 130.76353, 32.774592 ] } },
{ "type": "Feature", "properties": { "ID": 432243335712, "正式名称": "西くまもと在宅支援クリニック", "機関区分": 2, "都道府県コード": 43, "市区町村コード": 103, "所在地": "熊本県熊本市西区城山下代２丁目７番７号　下長ビル１０３号・１０４号", "緯度": 32.777445, "経度": 130.654139, "url": "https://www.iryou.teikyouseido.mhlw.go.jp/znk-web/juminkanja/S2430/initialize?prefCd=43&kikanCd=243335712&kikanKbn=2", "url2": "http://www.mumingroup.jp/kumamotonishi/", "内容": "西くまもと在宅支援クリニック【2:診療所】【診療科目:内科】熊本県熊本市西区城山下代２丁目７番７号　下長ビル１０３号・１０４号" }, "geometry": { "type": "Point", "coordinates": [ 130.654139, 32.777445 ] } },
{ "type": "Feature", "properties": { "ID": 432243335725, "正式名称": "熊本みなとクリニック　内科・内視鏡内科", "機関区分": 2, "都道府県コード": 43, "市区町村コード": 103, "所在地": "熊本県熊本市西区上代４－１３ー２９", "緯度": 32.779408, "経度": 130.672719, "url": "https://www.iryou.teikyouseido.mhlw.go.jp/znk-web/juminkanja/S2430/initialize?prefCd=43&kikanCd=243335725&kikanKbn=2", "url2": null, "内容": "熊本みなとクリニック　内科・内視鏡内科【2:診療所】【診療科目:内科_消化器内科_内視鏡内科】熊本県熊本市西区上代４－１３ー２９" }, "geometry": { "type": "Point", "coordinates": [ 130.672719, 32.779408 ] } },
{ "type": "Feature", "properties": { "ID": 432243335738, "正式名称": "双葉クリニック", "機関区分": 2, "都道府県コード": 43, "市区町村コード": 101, "所在地": "熊本県熊本市中央区八王寺町４４－６ハイネスⅠ　１０２", "緯度": 32.783411, "経度": 130.717372, "url": "https://www.iryou.teikyouseido.mhlw.go.jp/znk-web/juminkanja/S2430/initialize?prefCd=43&kikanCd=243335738&kikanKbn=2", "url2": null, "内容": "双葉クリニック【2:診療所】【診療科目:内科_皮膚科_精神科】熊本県熊本市中央区八王寺町４４－６ハイネスⅠ　１０２" }, "geometry": { "type": "Point", "coordinates": [ 130.717372, 32.783411 ] } },
{ "type": "Feature", "properties": { "ID": 432243335754, "正式名称": "通町眼科医院", "機関区分": 2, "都道府県コード": 43, "市区町村コード": 101, "所在地": "熊本県熊本市中央区上通町１ー２６ａｕｎｅ　ＫＵＭＡＭＯＴＯ　２階", "緯度": 32.80352, "経度": 130.709977, "url": "https://www.iryou.teikyouseido.mhlw.go.jp/znk-web/juminkanja/S2430/initialize?prefCd=43&kikanCd=243335754&kikanKbn=2", "url2": "www.toricho-ganka.com", "内容": "通町眼科医院【2:診療所】【診療科目:眼科】熊本県熊本市中央区上通町１ー２６ａｕｎｅ　ＫＵＭＡＭＯＴＯ　２階" }, "geometry": { "type": "Point", "coordinates": [ 130.709977, 32.80352 ] } },
{ "type": "Feature", "properties": { "ID": 432243335796, "正式名称": "まるお皮ふ科アレルギー科", "機関区分": 2, "都道府県コード": 43, "市区町村コード": 102, "所在地": "熊本県熊本市東区栄町３番１号", "緯度": 32.774567, "経度": 130.759303, "url": "https://www.iryou.teikyouseido.mhlw.go.jp/znk-web/juminkanja/S2430/initialize?prefCd=43&kikanCd=243335796&kikanKbn=2", "url2": "maruo-da.com", "内容": "まるお皮ふ科アレルギー科【2:診療所】【診療科目:形成外科_皮膚科_アレルギー科】熊本県熊本市東区栄町３番１号" }, "geometry": { "type": "Point", "coordinates": [ 130.759303, 32.774567 ] } },
{ "type": "Feature", "properties": { "ID": 432243335800, "正式名称": "大江眼科", "機関区分": 2, "都道府県コード": 43, "市区町村コード": 101, "所在地": "熊本県熊本市中央区新大江１−２−１０", "緯度": 32.800998, "経度": 130.727746, "url": "https://www.iryou.teikyouseido.mhlw.go.jp/znk-web/juminkanja/S2430/initialize?prefCd=43&kikanCd=243335800&kikanKbn=2", "url2": "https://oe-ganka.com/", "内容": "大江眼科【2:診療所】【診療科目:眼科】熊本県熊本市中央区新大江１−２−１０" }, "geometry": { "type": "Point", "coordinates": [ 130.727746, 32.800998 ] } },
{ "type": "Feature", "properties": { "ID": 432243335813, "正式名称": "りんどうクリニック", "機関区分": 2, "都道府県コード": 43, "市区町村コード": 102, "所在地": "熊本県熊本市東区花立５－１２－１花立ファミリーハウス１０２", "緯度": 32.787659, "経度": 130.77371, "url": "https://www.iryou.teikyouseido.mhlw.go.jp/znk-web/juminkanja/S2430/initialize?prefCd=43&kikanCd=243335813&kikanKbn=2", "url2": "https://rindo-cl.jp/", "内容": "りんどうクリニック【2:診療所】【診療科目:内科】熊本県熊本市東区花立５－１２－１花立ファミリーハウス１０２" }, "geometry": { "type": "Point", "coordinates": [ 130.77371, 32.787659 ] } },
{ "type": "Feature", "properties": { "ID": 432243335855, "正式名称": "佐藤眼科　熊本", "機関区分": 2, "都道府県コード": 43, "市区町村コード": 103, "所在地": "熊本県熊本市西区春日３丁目２４－１ＪＲ熊本春日北ビル１階", "緯度": 32.790067, "経度": 130.687896, "url": "https://www.iryou.teikyouseido.mhlw.go.jp/znk-web/juminkanja/S2430/initialize?prefCd=43&kikanCd=243335855&kikanKbn=2", "url2": "https://www.satou-ganka.com/kumamoto", "内容": "佐藤眼科　熊本【2:診療所】【診療科目:眼科】熊本県熊本市西区春日３丁目２４－１ＪＲ熊本春日北ビル１階" }, "geometry": { "type": "Point", "coordinates": [ 130.687896, 32.790067 ] } },
{ "type": "Feature", "properties": { "ID": 432243335871, "正式名称": "たかしお内科ハートクリニック", "機関区分": 2, "都道府県コード": 43, "市区町村コード": 104, "所在地": "熊本県熊本市南区良町４丁目４－１１", "緯度": 32.759633, "経度": 130.725837, "url": "https://www.iryou.teikyouseido.mhlw.go.jp/znk-web/juminkanja/S2430/initialize?prefCd=43&kikanCd=243335871&kikanKbn=2", "url2": "https://takashio-hc.com/", "内容": "たかしお内科ハートクリニック【2:診療所】【診療科目:内科_循環器内科】熊本県熊本市南区良町４丁目４－１１" }, "geometry": { "type": "Point", "coordinates": [ 130.725837, 32.759633 ] } },
{ "type": "Feature", "properties": { "ID": 432243335884, "正式名称": "医療法人社団紡潤会いびきメディカルクリニック　熊本院", "機関区分": 2, "都道府県コード": 43, "市区町村コード": 101, "所在地": "熊本県熊本市中央区安政町１－２６日吉屋ビル　３階", "緯度": 32.802131, "経度": 130.709453, "url": "https://www.iryou.teikyouseido.mhlw.go.jp/znk-web/juminkanja/S2430/initialize?prefCd=43&kikanCd=243335884&kikanKbn=2", "url2": null, "内容": "医療法人社団紡潤会いびきメディカルクリニック　熊本院【2:診療所】【診療科目:内科_耳鼻いんこう科】熊本県熊本市中央区安政町１－２６日吉屋ビル　３階" }, "geometry": { "type": "Point", "coordinates": [ 130.709453, 32.802131 ] } },
{ "type": "Feature", "properties": { "ID": 432243335956, "正式名称": "よしだこどもクリニック", "機関区分": 2, "都道府県コード": 43, "市区町村コード": 102, "所在地": "熊本県熊本市東区佐土原３ー１１ー７０", "緯度": 32.796692, "経度": 130.782077, "url": "https://www.iryou.teikyouseido.mhlw.go.jp/znk-web/juminkanja/S2430/initialize?prefCd=43&kikanCd=243335956&kikanKbn=2", "url2": null, "内容": "よしだこどもクリニック【2:診療所】【診療科目:小児科】熊本県熊本市東区佐土原３ー１１ー７０" }, "geometry": { "type": "Point", "coordinates": [ 130.782077, 32.796692 ] } },
{ "type": "Feature", "properties": { "ID": 432243336038, "正式名称": "とろく内科", "機関区分": 2, "都道府県コード": 43, "市区町村コード": 102, "所在地": "熊本県熊本市東区渡鹿８丁目１１－３３", "緯度": 32.811712, "経度": 130.742458, "url": "https://www.iryou.teikyouseido.mhlw.go.jp/znk-web/juminkanja/S2430/initialize?prefCd=43&kikanCd=243336038&kikanKbn=2", "url2": "torokunaika.com", "内容": "とろく内科【2:診療所】【診療科目:内科_糖尿病内科_消化器内科_内視鏡内科】熊本県熊本市東区渡鹿８丁目１１－３３" }, "geometry": { "type": "Point", "coordinates": [ 130.742458, 32.811712 ] } },
{ "type": "Feature", "properties": { "ID": 432243336070, "正式名称": "熊本こころやすらぎクリニック", "機関区分": 2, "都道府県コード": 43, "市区町村コード": 101, "所在地": "熊本県熊本市中央区安政町５番４号カリーノ５ビル地下１階", "緯度": 32.8016356, "経度": 130.7093933, "url": "https://www.iryou.teikyouseido.mhlw.go.jp/znk-web/juminkanja/S2430/initialize?prefCd=43&kikanCd=243336070&kikanKbn=2", "url2": null, "内容": "熊本こころやすらぎクリニック【2:診療所】【診療科目:精神科_心療内科】熊本県熊本市中央区安政町５番４号カリーノ５ビル地下１階" }, "geometry": { "type": "Point", "coordinates": [ 130.709393299999988, 32.8016356 ] } },
{ "type": "Feature", "properties": { "ID": 432243336155, "正式名称": "あさがおクリニック　熊本院", "機関区分": 2, "都道府県コード": 43, "市区町村コード": 101, "所在地": "熊本県熊本市中央区本荘１−１−１くすのきテラス　１Ｆ", "緯度": 32.793713, "経度": 130.70906, "url": "https://www.iryou.teikyouseido.mhlw.go.jp/znk-web/juminkanja/S2430/initialize?prefCd=43&kikanCd=243336155&kikanKbn=2", "url2": null, "内容": "あさがおクリニック　熊本院【2:診療所】【診療科目:内科】熊本県熊本市中央区本荘１−１−１くすのきテラス　１Ｆ" }, "geometry": { "type": "Point", "coordinates": [ 130.70906, 32.793713 ] } },
{ "type": "Feature", "properties": { "ID": 432243336171, "正式名称": "ＡＢＣクリニック美容外科　熊本院", "機関区分": 2, "都道府県コード": 43, "市区町村コード": 101, "所在地": "熊本県熊本市中央区下通１－７－１１同仁堂下通ビル６Ｆ", "緯度": 32.801203, "経度": 130.709375, "url": "https://www.iryou.teikyouseido.mhlw.go.jp/znk-web/juminkanja/S2430/initialize?prefCd=43&kikanCd=243336171&kikanKbn=2", "url2": null, "内容": "ＡＢＣクリニック美容外科　熊本院【2:診療所】【診療科目:美容外科】熊本県熊本市中央区下通１－７－１１同仁堂下通ビル６Ｆ" }, "geometry": { "type": "Point", "coordinates": [ 130.709375, 32.801203 ] } },
{ "type": "Feature", "properties": { "ID": 432243510061, "正式名称": "松元整形・外科", "機関区分": 2, "都道府県コード": 43, "市区町村コード": 105, "所在地": "熊本県熊本市北区飛田４ー１０ー１０", "緯度": 32.853773, "経度": 130.723226, "url": "https://www.iryou.teikyouseido.mhlw.go.jp/znk-web/juminkanja/S2430/initialize?prefCd=43&kikanCd=243510061&kikanKbn=2", "url2": "http://juntokukai.jimdo.com", "内容": "松元整形・外科【2:診療所】【診療科目:内科_外科_整形外科_皮膚科_胃腸科】熊本県熊本市北区飛田４ー１０ー１０" }, "geometry": { "type": "Point", "coordinates": [ 130.723226, 32.853773 ] } },
{ "type": "Feature", "properties": { "ID": 432243510074, "正式名称": "下田内科クリニック", "機関区分": 2, "都道府県コード": 43, "市区町村コード": 105, "所在地": "熊本県熊本市北区鶴羽田３ー１４ー２３", "緯度": 32.859599, "経度": 130.729059, "url": "https://www.iryou.teikyouseido.mhlw.go.jp/znk-web/juminkanja/S2430/initialize?prefCd=43&kikanCd=243510074&kikanKbn=2", "url2": "https://shimoda-naika.com", "内容": "下田内科クリニック【2:診療所】【診療科目:内科_呼吸器内科_循環器内科_消化器内科_放射線科_麻酔科】熊本県熊本市北区鶴羽田３ー１４ー２３" }, "geometry": { "type": "Point", "coordinates": [ 130.729059, 32.859599 ] } },
{ "type": "Feature", "properties": { "ID": 432243510175, "正式名称": "土井内科クリニック", "機関区分": 2, "都道府県コード": 43, "市区町村コード": 104, "所在地": "熊本県熊本市南区砂原町３４１", "緯度": 32.764706, "経度": 130.660538, "url": "https://www.iryou.teikyouseido.mhlw.go.jp/znk-web/juminkanja/S2430/initialize?prefCd=43&kikanCd=243510175&kikanKbn=2", "url2": "http://www.doinaika.net/", "内容": "土井内科クリニック【2:診療所】【診療科目:内科_内分泌内科_糖尿病・代謝内科_消化器内科】熊本県熊本市南区砂原町３４１" }, "geometry": { "type": "Point", "coordinates": [ 130.660538, 32.764706 ] } },
{ "type": "Feature", "properties": { "ID": 432243510188, "正式名称": "土井医院", "機関区分": 2, "都道府県コード": 43, "市区町村コード": 104, "所在地": "熊本県熊本市南区銭塘町２０２９ー５", "緯度": 32.73508, "経度": 130.640654, "url": "https://www.iryou.teikyouseido.mhlw.go.jp/znk-web/juminkanja/S2430/initialize?prefCd=43&kikanCd=243510188&kikanKbn=2", "url2": null, "内容": "土井医院【2:診療所】【診療科目:内科_循環器内科_小児科】熊本県熊本市南区銭塘町２０２９ー５" }, "geometry": { "type": "Point", "coordinates": [ 130.640654, 32.73508 ] } },
{ "type": "Feature", "properties": { "ID": 432243510191, "正式名称": "和田医院", "機関区分": 2, "都道府県コード": 43, "市区町村コード": 104, "所在地": "熊本県熊本市南区川口町２０１７ー１", "緯度": 32.717212, "経度": 130.628661, "url": "https://www.iryou.teikyouseido.mhlw.go.jp/znk-web/juminkanja/S2430/initialize?prefCd=43&kikanCd=243510191&kikanKbn=2", "url2": null, "内容": "和田医院【2:診療所】【診療科目:内科_糖尿病・代謝内科_循環器内科_消化器内科_外科_小児科】熊本県熊本市南区川口町２０１７ー１" }, "geometry": { "type": "Point", "coordinates": [ 130.628661, 32.717212 ] } },
{ "type": "Feature", "properties": { "ID": 432243510247, "正式名称": "竹田津医院", "機関区分": 2, "都道府県コード": 43, "市区町村コード": 403, "所在地": "熊本県菊池郡大津町室１５６", "緯度": 32.878731, "経度": 130.865675, "url": "https://www.iryou.teikyouseido.mhlw.go.jp/znk-web/juminkanja/S2430/initialize?prefCd=43&kikanCd=243510247&kikanKbn=2", "url2": null, "内容": "竹田津医院【2:診療所】【診療科目:内科_小児科】熊本県菊池郡大津町室１５６" }, "geometry": { "type": "Point", "coordinates": [ 130.865675, 32.878731 ] } },
{ "type": "Feature", "properties": { "ID": 432243510276, "正式名称": "あらいクリニック", "機関区分": 2, "都道府県コード": 43, "市区町村コード": 403, "所在地": "熊本県菊池郡大津町錦野３９４", "緯度": 32.861961, "経度": 130.897615, "url": "https://www.iryou.teikyouseido.mhlw.go.jp/znk-web/juminkanja/S2430/initialize?prefCd=43&kikanCd=243510276&kikanKbn=2", "url2": null, "内容": "あらいクリニック【2:診療所】【診療科目:内科_外科_リハビリテーション科_呼吸器科、消化器科、こう門科】熊本県菊池郡大津町錦野３９４" }, "geometry": { "type": "Point", "coordinates": [ 130.897615, 32.861961 ] } },
{ "type": "Feature", "properties": { "ID": 432243510436, "正式名称": "本多内科胃腸科医院", "機関区分": 2, "都道府県コード": 43, "市区町村コード": 404, "所在地": "熊本県菊池郡菊陽町馬場楠４２７", "緯度": 32.852458, "経度": 130.8488, "url": "https://www.iryou.teikyouseido.mhlw.go.jp/znk-web/juminkanja/S2430/initialize?prefCd=43&kikanCd=243510436&kikanKbn=2", "url2": "http://www.myclinic.ne.jp/honda_clinic", "内容": "本多内科胃腸科医院【2:診療所】【診療科目:内科_消化器内科】熊本県菊池郡菊陽町馬場楠４２７" }, "geometry": { "type": "Point", "coordinates": [ 130.8488, 32.852458 ] } },
{ "type": "Feature", "properties": { "ID": 432243510452, "正式名称": "竹長小児科内科医院", "機関区分": 2, "都道府県コード": 43, "市区町村コード": 404, "所在地": "熊本県菊池郡菊陽町杉並台２ー１２ー１５", "緯度": 32.868559, "経度": 130.781833, "url": "https://www.iryou.teikyouseido.mhlw.go.jp/znk-web/juminkanja/S2430/initialize?prefCd=43&kikanCd=243510452&kikanKbn=2", "url2": null, "内容": "竹長小児科内科医院【2:診療所】【診療科目:内科_小児科】熊本県菊池郡菊陽町杉並台２ー１２ー１５" }, "geometry": { "type": "Point", "coordinates": [ 130.781833, 32.868559 ] } },
{ "type": "Feature", "properties": { "ID": 432243510481, "正式名称": "堀尾内科医院", "機関区分": 2, "都道府県コード": 43, "市区町村コード": 103, "所在地": "熊本県熊本市西区河内町船津２９４５ー１", "緯度": 32.829546, "経度": 130.587759, "url": "https://www.iryou.teikyouseido.mhlw.go.jp/znk-web/juminkanja/S2430/initialize?prefCd=43&kikanCd=243510481&kikanKbn=2", "url2": null, "内容": "堀尾内科医院【2:診療所】【診療科目:内科_呼吸器内科_循環器内科_消化器内科_神経内科_アレルギー科】熊本県熊本市西区河内町船津２９４５ー１" }, "geometry": { "type": "Point", "coordinates": [ 130.587759, 32.829546 ] } },
{ "type": "Feature", "properties": { "ID": 432243510494, "正式名称": "大津中村整形外科", "機関区分": 2, "都道府県コード": 43, "市区町村コード": 403, "所在地": "熊本県菊池郡大津町室５３２ー１", "緯度": 32.875229, "経度": 130.86306, "url": "https://www.iryou.teikyouseido.mhlw.go.jp/znk-web/juminkanja/S2430/initialize?prefCd=43&kikanCd=243510494&kikanKbn=2", "url2": "https://oozunakamuraseikeigeka.jimdosite.com/", "内容": "大津中村整形外科【2:診療所】【診療科目:整形外科_リウマチ科_リハビリテーション科】熊本県菊池郡大津町室５３２ー１" }, "geometry": { "type": "Point", "coordinates": [ 130.86306, 32.875229 ] } },
{ "type": "Feature", "properties": { "ID": 432243510511, "正式名称": "北熊本井上産婦人科医院", "機関区分": 2, "都道府県コード": 43, "市区町村コード": 105, "所在地": "熊本県熊本市北区鶴羽田１ー１４ー２７", "緯度": 32.854746, "経度": 130.726215, "url": "https://www.iryou.teikyouseido.mhlw.go.jp/znk-web/juminkanja/S2430/initialize?prefCd=43&kikanCd=243510511&kikanKbn=2", "url2": "http://www.inoue-sanfujinka.jp/", "内容": "北熊本井上産婦人科医院【2:診療所】【診療科目:内科_小児科_産婦人科_産婦人科（生殖医療）_麻酔科】熊本県熊本市北区鶴羽田１ー１４ー２７" }, "geometry": { "type": "Point", "coordinates": [ 130.726215, 32.854746 ] } },
{ "type": "Feature", "properties": { "ID": 432243510553, "正式名称": "ちが産婦人科医院", "機関区分": 2, "都道府県コード": 43, "市区町村コード": 404, "所在地": "熊本県菊池郡菊陽町原水２９５１ー１", "緯度": 32.875787, "経度": 130.851474, "url": "https://www.iryou.teikyouseido.mhlw.go.jp/znk-web/juminkanja/S2430/initialize?prefCd=43&kikanCd=243510553&kikanKbn=2", "url2": "http://chiga-c.com", "内容": "ちが産婦人科医院【2:診療所】【診療科目:産科_婦人科_麻酔科】熊本県菊池郡菊陽町原水２９５１ー１" }, "geometry": { "type": "Point", "coordinates": [ 130.851474, 32.875787 ] } },
{ "type": "Feature", "properties": { "ID": 432243510609, "正式名称": "矢野医院", "機関区分": 2, "都道府県コード": 43, "市区町村コード": 404, "所在地": "熊本県菊池郡菊陽町原水１６１１", "緯度": 32.869284, "経度": 130.822712, "url": "https://www.iryou.teikyouseido.mhlw.go.jp/znk-web/juminkanja/S2430/initialize?prefCd=43&kikanCd=243510609&kikanKbn=2", "url2": null, "内容": "矢野医院【2:診療所】【診療科目:内科_外科】熊本県菊池郡菊陽町原水１６１１" }, "geometry": { "type": "Point", "coordinates": [ 130.822712, 32.869284 ] } },
{ "type": "Feature", "properties": { "ID": 432243510625, "正式名称": "なみかわ小児科", "機関区分": 2, "都道府県コード": 43, "市区町村コード": 403, "所在地": "熊本県菊池郡大津町室９５９", "緯度": 32.876903, "経度": 130.853105, "url": "https://www.iryou.teikyouseido.mhlw.go.jp/znk-web/juminkanja/S2430/initialize?prefCd=43&kikanCd=243510625&kikanKbn=2", "url2": "https://www.namikawa-cc.com", "内容": "なみかわ小児科【2:診療所】【診療科目:小児科】熊本県菊池郡大津町室９５９" }, "geometry": { "type": "Point", "coordinates": [ 130.853105, 32.876903 ] } },
{ "type": "Feature", "properties": { "ID": 432243510654, "正式名称": "樽美外科整形外科医院", "機関区分": 2, "都道府県コード": 43, "市区町村コード": 403, "所在地": "熊本県菊池郡大津町大津１１７７", "緯度": 32.878973, "経度": 130.870528, "url": "https://www.iryou.teikyouseido.mhlw.go.jp/znk-web/juminkanja/S2430/initialize?prefCd=43&kikanCd=243510654&kikanKbn=2", "url2": null, "内容": "樽美外科整形外科医院【2:診療所】【診療科目:胃腸内科_外科_整形外科_皮膚科_リハビリテーション科】熊本県菊池郡大津町大津１１７７" }, "geometry": { "type": "Point", "coordinates": [ 130.870528, 32.878973 ] } },
{ "type": "Feature", "properties": { "ID": 432243510667, "正式名称": "山縣内科医院", "機関区分": 2, "都道府県コード": 43, "市区町村コード": 403, "所在地": "熊本県菊池郡大津町大津２０５７", "緯度": 32.88169, "経度": 130.876743, "url": "https://www.iryou.teikyouseido.mhlw.go.jp/znk-web/juminkanja/S2430/initialize?prefCd=43&kikanCd=243510667&kikanKbn=2", "url2": null, "内容": "山縣内科医院【2:診療所】【診療科目:内科】熊本県菊池郡大津町大津２０５７" }, "geometry": { "type": "Point", "coordinates": [ 130.876743, 32.88169 ] } },
{ "type": "Feature", "properties": { "ID": 432243520048, "正式名称": "大礒耳鼻咽喉科医院", "機関区分": 2, "都道府県コード": 43, "市区町村コード": 206, "所在地": "熊本県玉名市亀甲１７０", "緯度": 32.928698, "経度": 130.551807, "url": "https://www.iryou.teikyouseido.mhlw.go.jp/znk-web/juminkanja/S2430/initialize?prefCd=43&kikanCd=243520048&kikanKbn=2", "url2": "https://oisojibika.com", "内容": "大礒耳鼻咽喉科医院【2:診療所】【診療科目:気管食道・耳鼻いんこう科_アレルギー科】熊本県玉名市亀甲１７０" }, "geometry": { "type": "Point", "coordinates": [ 130.551807, 32.928698 ] } },
{ "type": "Feature", "properties": { "ID": 432243520064, "正式名称": "岡本外科医院", "機関区分": 2, "都道府県コード": 43, "市区町村コード": 206, "所在地": "熊本県玉名市亀甲２４８ー１", "緯度": 32.929184, "経度": 130.550863, "url": "https://www.iryou.teikyouseido.mhlw.go.jp/znk-web/juminkanja/S2430/initialize?prefCd=43&kikanCd=243520064&kikanKbn=2", "url2": null, "内容": "岡本外科医院【2:診療所】【診療科目:外科_胃腸外科】熊本県玉名市亀甲２４８ー１" }, "geometry": { "type": "Point", "coordinates": [ 130.550863, 32.929184 ] } },
{ "type": "Feature", "properties": { "ID": 432243520077, "正式名称": "河野医院", "機関区分": 2, "都道府県コード": 43, "市区町村コード": 206, "所在地": "熊本県玉名市高瀬３４９", "緯度": 32.930015, "経度": 130.562609, "url": "https://www.iryou.teikyouseido.mhlw.go.jp/znk-web/juminkanja/S2430/initialize?prefCd=43&kikanCd=243520077&kikanKbn=2", "url2": "https://www.kawanoiin-tamana.com/", "内容": "河野医院【2:診療所】【診療科目:内科_胃腸内科】熊本県玉名市高瀬３４９" }, "geometry": { "type": "Point", "coordinates": [ 130.562609, 32.930015 ] } },
{ "type": "Feature", "properties": { "ID": 432243520080, "正式名称": "菅海明堂医院", "機関区分": 2, "都道府県コード": 43, "市区町村コード": 206, "所在地": "熊本県玉名市大浜町７３５", "緯度": 32.899905, "経度": 130.545382, "url": "https://www.iryou.teikyouseido.mhlw.go.jp/znk-web/juminkanja/S2430/initialize?prefCd=43&kikanCd=243520080&kikanKbn=2", "url2": null, "内容": "菅海明堂医院【2:診療所】【診療科目:眼科】熊本県玉名市大浜町７３５" }, "geometry": { "type": "Point", "coordinates": [ 130.545382, 32.899905 ] } },
{ "type": "Feature", "properties": { "ID": 432243520123, "正式名称": "Ａｎｄ　坂本女性クリニック", "機関区分": 2, "都道府県コード": 43, "市区町村コード": 206, "所在地": "熊本県玉名市高瀬３８", "緯度": 32.931142, "経度": 130.565353, "url": "https://www.iryou.teikyouseido.mhlw.go.jp/znk-web/juminkanja/S2430/initialize?prefCd=43&kikanCd=243520123&kikanKbn=2", "url2": "http://www.sakamotolc.net/", "内容": "Ａｎｄ　坂本女性クリニック【2:診療所】【診療科目:産婦人科_産科_婦人科】熊本県玉名市高瀬３８" }, "geometry": { "type": "Point", "coordinates": [ 130.565353, 32.931142 ] } },
{ "type": "Feature", "properties": { "ID": 432243520149, "正式名称": "下川産婦人科医院", "機関区分": 2, "都道府県コード": 43, "市区町村コード": 206, "所在地": "熊本県玉名市中１８０６", "緯度": 32.928537, "経度": 130.549152, "url": "https://www.iryou.teikyouseido.mhlw.go.jp/znk-web/juminkanja/S2430/initialize?prefCd=43&kikanCd=243520149&kikanKbn=2", "url2": "shimokawa-wc.com", "内容": "下川産婦人科医院【2:診療所】【診療科目:産婦人科】熊本県玉名市中１８０６" }, "geometry": { "type": "Point", "coordinates": [ 130.549152, 32.928537 ] } },
{ "type": "Feature", "properties": { "ID": 432243520165, "正式名称": "たまきな診療所", "機関区分": 2, "都道府県コード": 43, "市区町村コード": 206, "所在地": "熊本県玉名市玉名字西原２１９４", "緯度": 32.946926, "経度": 130.566585, "url": "https://www.iryou.teikyouseido.mhlw.go.jp/znk-web/juminkanja/S2430/initialize?prefCd=43&kikanCd=243520165&kikanKbn=2", "url2": null, "内容": "たまきな診療所【2:診療所】【診療科目:内科】熊本県玉名市玉名字西原２１９４" }, "geometry": { "type": "Point", "coordinates": [ 130.566585, 32.946926 ] } },
{ "type": "Feature", "properties": { "ID": 432243520224, "正式名称": "福島眼科医院", "機関区分": 2, "都道府県コード": 43, "市区町村コード": 206, "所在地": "熊本県玉名市高瀬５０８", "緯度": 32.928013, "経度": 130.562156, "url": "https://www.iryou.teikyouseido.mhlw.go.jp/znk-web/juminkanja/S2430/initialize?prefCd=43&kikanCd=243520224&kikanKbn=2", "url2": "fukushima-eye.com", "内容": "福島眼科医院【2:診療所】【診療科目:小児眼科_眼科】熊本県玉名市高瀬５０８" }, "geometry": { "type": "Point", "coordinates": [ 130.562156, 32.928013 ] } },
{ "type": "Feature", "properties": { "ID": 432243520282, "正式名称": "山本眼科", "機関区分": 2, "都道府県コード": 43, "市区町村コード": 206, "所在地": "熊本県玉名市亀甲１１５ー５", "緯度": 32.928857, "経度": 130.555498, "url": "https://www.iryou.teikyouseido.mhlw.go.jp/znk-web/juminkanja/S2430/initialize?prefCd=43&kikanCd=243520282&kikanKbn=2", "url2": null, "内容": "山本眼科【2:診療所】【診療科目:眼科】熊本県玉名市亀甲１１５ー５" }, "geometry": { "type": "Point", "coordinates": [ 130.555498, 32.928857 ] } },
{ "type": "Feature", "properties": { "ID": 432243520295, "正式名称": "吉田医院", "機関区分": 2, "都道府県コード": 43, "市区町村コード": 206, "所在地": "熊本県玉名市繁根木２２８", "緯度": 32.926685, "経度": 130.55551, "url": "https://www.iryou.teikyouseido.mhlw.go.jp/znk-web/juminkanja/S2430/initialize?prefCd=43&kikanCd=243520295&kikanKbn=2", "url2": null, "内容": "吉田医院【2:診療所】【診療科目:内科_胃腸内科_外科_整形外科_リハビリテーション科】熊本県玉名市繁根木２２８" }, "geometry": { "type": "Point", "coordinates": [ 130.55551, 32.926685 ] } },
{ "type": "Feature", "properties": { "ID": 432243520309, "正式名称": "由富医院", "機関区分": 2, "都道府県コード": 43, "市区町村コード": 206, "所在地": "熊本県玉名市中１８４１ー２", "緯度": 32.929582, "経度": 130.548191, "url": "https://www.iryou.teikyouseido.mhlw.go.jp/znk-web/juminkanja/S2430/initialize?prefCd=43&kikanCd=243520309&kikanKbn=2", "url2": null, "内容": "由富医院【2:診療所】【診療科目:眼科】熊本県玉名市中１８４１ー２" }, "geometry": { "type": "Point", "coordinates": [ 130.548191, 32.929582 ] } },
{ "type": "Feature", "properties": { "ID": 432243520442, "正式名称": "黒田クリニック　内科・代謝内科", "機関区分": 2, "都道府県コード": 43, "市区町村コード": 206, "所在地": "熊本県玉名市寺田４３１ー１", "緯度": 32.921438, "経度": 130.588436, "url": "https://www.iryou.teikyouseido.mhlw.go.jp/znk-web/juminkanja/S2430/initialize?prefCd=43&kikanCd=243520442&kikanKbn=2", "url2": "https://kuroda-naika.com", "内容": "黒田クリニック　内科・代謝内科【2:診療所】【診療科目:内科_代謝内科_糖尿病・内分泌内科】熊本県玉名市寺田４３１ー１" }, "geometry": { "type": "Point", "coordinates": [ 130.588436, 32.921438 ] } },
{ "type": "Feature", "properties": { "ID": 432243520484, "正式名称": "前田小児科医院", "機関区分": 2, "都道府県コード": 43, "市区町村コード": 206, "所在地": "熊本県玉名市立願寺１３８", "緯度": 32.933452, "経度": 130.552129, "url": "https://www.iryou.teikyouseido.mhlw.go.jp/znk-web/juminkanja/S2430/initialize?prefCd=43&kikanCd=243520484&kikanKbn=2", "url2": null, "内容": "前田小児科医院【2:診療所】【診療科目:小児科_アレルギー科】熊本県玉名市立願寺１３８" }, "geometry": { "type": "Point", "coordinates": [ 130.552129, 32.933452 ] } },
{ "type": "Feature", "properties": { "ID": 432243520527, "正式名称": "本田医院", "機関区分": 2, "都道府県コード": 43, "市区町村コード": 206, "所在地": "熊本県玉名市岱明町大野下７９５ー２ー１", "緯度": 32.917588, "経度": 130.501983, "url": "https://www.iryou.teikyouseido.mhlw.go.jp/znk-web/juminkanja/S2430/initialize?prefCd=43&kikanCd=243520527&kikanKbn=2", "url2": "https://itp.ne.jp/info/434126270500000899/", "内容": "本田医院【2:診療所】【診療科目:内科】熊本県玉名市岱明町大野下７９５ー２ー１" }, "geometry": { "type": "Point", "coordinates": [ 130.501983, 32.917588 ] } },
{ "type": "Feature", "properties": { "ID": 432243520556, "正式名称": "福本内科医院", "機関区分": 2, "都道府県コード": 43, "市区町村コード": 206, "所在地": "熊本県玉名市岱明町鍋８３４", "緯度": 32.908346, "経度": 130.499714, "url": "https://www.iryou.teikyouseido.mhlw.go.jp/znk-web/juminkanja/S2430/initialize?prefCd=43&kikanCd=243520556&kikanKbn=2", "url2": null, "内容": "福本内科医院【2:診療所】【診療科目:内科_糖尿病・代謝内科_循環器内科】熊本県玉名市岱明町鍋８３４" }, "geometry": { "type": "Point", "coordinates": [ 130.499714, 32.908346 ] } },
{ "type": "Feature", "properties": { "ID": 432243520657, "正式名称": "医療法人木生会安成医院", "機関区分": 2, "都道府県コード": 43, "市区町村コード": 364, "所在地": "熊本県玉名郡玉東町木葉７５５ー６", "緯度": 32.918786, "経度": 130.629643, "url": "https://www.iryou.teikyouseido.mhlw.go.jp/znk-web/juminkanja/S2430/initialize?prefCd=43&kikanCd=243520657&kikanKbn=2", "url2": "https://www.yasunari-clinic.com/", "内容": "医療法人木生会安成医院【2:診療所】【診療科目:内科_胃腸内科_外科_小児科_心療内科】熊本県玉名郡玉東町木葉７５５ー６" }, "geometry": { "type": "Point", "coordinates": [ 130.629643, 32.918786 ] } },
{ "type": "Feature", "properties": { "ID": 432243520804, "正式名称": "田尻医院", "機関区分": 2, "都道府県コード": 43, "市区町村コード": 367, "所在地": "熊本県玉名郡南関町関町１２１８ー１", "緯度": 33.05936, "経度": 130.540276, "url": "https://www.iryou.teikyouseido.mhlw.go.jp/znk-web/juminkanja/S2430/initialize?prefCd=43&kikanCd=243520804&kikanKbn=2", "url2": "https://www.tajiriiin.com/", "内容": "田尻医院【2:診療所】【診療科目:内科_呼吸器内科_皮膚科】熊本県玉名郡南関町関町１２１８ー１" }, "geometry": { "type": "Point", "coordinates": [ 130.540276, 33.05936 ] } },
{ "type": "Feature", "properties": { "ID": 432243520820, "正式名称": "玉名第一クリニック", "機関区分": 2, "都道府県コード": 43, "市区町村コード": 206, "所在地": "熊本県玉名市築地７９ー１", "緯度": 32.930073, "経度": 130.534319, "url": "https://www.iryou.teikyouseido.mhlw.go.jp/znk-web/juminkanja/S2430/initialize?prefCd=43&kikanCd=243520820&kikanKbn=2", "url2": "http://gyokuwakai.or.jp", "内容": "玉名第一クリニック【2:診療所】【診療科目:内科_腎臓内科】熊本県玉名市築地７９ー１" }, "geometry": { "type": "Point", "coordinates": [ 130.534319, 32.930073 ] } },
{ "type": "Feature", "properties": { "ID": 432243520859, "正式名称": "吉村循環器科内科医院", "機関区分": 2, "都道府県コード": 43, "市区町村コード": 206, "所在地": "熊本県玉名市横島町横島３８９４ー１", "緯度": 32.876858, "経度": 130.561259, "url": "https://www.iryou.teikyouseido.mhlw.go.jp/znk-web/juminkanja/S2430/initialize?prefCd=43&kikanCd=243520859&kikanKbn=2", "url2": null, "内容": "吉村循環器科内科医院【2:診療所】【診療科目:内科_糖尿病内科_循環器内科】熊本県玉名市横島町横島３８９４ー１" }, "geometry": { "type": "Point", "coordinates": [ 130.561259, 32.876858 ] } },
{ "type": "Feature", "properties": { "ID": 432243520891, "正式名称": "平山整形外科医院", "機関区分": 2, "都道府県コード": 43, "市区町村コード": 206, "所在地": "熊本県玉名市立願寺１３６ー３", "緯度": 32.933254, "経度": 130.55199, "url": "https://www.iryou.teikyouseido.mhlw.go.jp/znk-web/juminkanja/S2430/initialize?prefCd=43&kikanCd=243520891&kikanKbn=2", "url2": null, "内容": "平山整形外科医院【2:診療所】【診療科目:整形外科_リウマチ科_リハビリテーション科】熊本県玉名市立願寺１３６ー３" }, "geometry": { "type": "Point", "coordinates": [ 130.55199, 32.933254 ] } },
{ "type": "Feature", "properties": { "ID": 432243520905, "正式名称": "河野クリニック", "機関区分": 2, "都道府県コード": 43, "市区町村コード": 206, "所在地": "熊本県玉名市繁根木１３１ー１", "緯度": 32.928907, "経度": 130.559487, "url": "https://www.iryou.teikyouseido.mhlw.go.jp/znk-web/juminkanja/S2430/initialize?prefCd=43&kikanCd=243520905&kikanKbn=2", "url2": null, "内容": "河野クリニック【2:診療所】【診療科目:内科_消化器内科_外科_乳腺・内分泌外科_肛門外科】熊本県玉名市繁根木１３１ー１" }, "geometry": { "type": "Point", "coordinates": [ 130.559487, 32.928907 ] } },
{ "type": "Feature", "properties": { "ID": 432243520918, "正式名称": "社会医療法人　親仁会　さかき診療所", "機関区分": 2, "都道府県コード": 43, "市区町村コード": 367, "所在地": "熊本県玉名郡南関町上長田６３８ー１", "緯度": 33.026988, "経度": 130.531466, "url": "https://www.iryou.teikyouseido.mhlw.go.jp/znk-web/juminkanja/S2430/initialize?prefCd=43&kikanCd=243520918&kikanKbn=2", "url2": "http://www.kome-net.or.jp/", "内容": "社会医療法人　親仁会　さかき診療所【2:診療所】【診療科目:内科_外科_整形外科_小児科_精神科_リハビリテーション科】熊本県玉名郡南関町上長田６３８ー１" }, "geometry": { "type": "Point", "coordinates": [ 130.531466, 33.026988 ] } },
{ "type": "Feature", "properties": { "ID": 432243520921, "正式名称": "鶴上整形外科リウマチ科", "機関区分": 2, "都道府県コード": 43, "市区町村コード": 206, "所在地": "熊本県玉名市亀甲２３８", "緯度": 32.929206, "経度": 130.551656, "url": "https://www.iryou.teikyouseido.mhlw.go.jp/znk-web/juminkanja/S2430/initialize?prefCd=43&kikanCd=243520921&kikanKbn=2", "url2": "https://www.tsurukami-ortho-rheum.com", "内容": "鶴上整形外科リウマチ科【2:診療所】【診療科目:整形外科_リウマチ科_リハビリテーション科】熊本県玉名市亀甲２３８" }, "geometry": { "type": "Point", "coordinates": [ 130.551656, 32.929206 ] } },
{ "type": "Feature", "properties": { "ID": 432243520950, "正式名称": "有明診療所", "機関区分": 2, "都道府県コード": 43, "市区町村コード": 206, "所在地": "熊本県玉名市天水町部田見４４０番地", "緯度": 32.885485, "経度": 130.569713, "url": "https://www.iryou.teikyouseido.mhlw.go.jp/znk-web/juminkanja/S2430/initialize?prefCd=43&kikanCd=243520950&kikanKbn=2", "url2": "http://www.ariakehome.jp/", "内容": "有明診療所【2:診療所】【診療科目:内科】熊本県玉名市天水町部田見４４０番地" }, "geometry": { "type": "Point", "coordinates": [ 130.569713, 32.885485 ] } },
{ "type": "Feature", "properties": { "ID": 432243520976, "正式名称": "古庄胃腸科・内科医院", "機関区分": 2, "都道府県コード": 43, "市区町村コード": 206, "所在地": "熊本県玉名市岱明町大野下１５１２ー１", "緯度": 32.921104, "経度": 130.5032, "url": "https://www.iryou.teikyouseido.mhlw.go.jp/znk-web/juminkanja/S2430/initialize?prefCd=43&kikanCd=243520976&kikanKbn=2", "url2": "http://www.furusho-ichouka.jp/", "内容": "古庄胃腸科・内科医院【2:診療所】【診療科目:内科_消化器内科_胃腸内科】熊本県玉名市岱明町大野下１５１２ー１" }, "geometry": { "type": "Point", "coordinates": [ 130.5032, 32.921104 ] } },
{ "type": "Feature", "properties": { "ID": 432243520989, "正式名称": "浦田医院", "機関区分": 2, "都道府県コード": 43, "市区町村コード": 206, "所在地": "熊本県玉名市岩崎１０２３ー３", "緯度": 32.930768, "経度": 130.557698, "url": "https://www.iryou.teikyouseido.mhlw.go.jp/znk-web/juminkanja/S2430/initialize?prefCd=43&kikanCd=243520989&kikanKbn=2", "url2": "http://www.urata-iin.jp", "内容": "浦田医院【2:診療所】【診療科目:内科_小児科】熊本県玉名市岩崎１０２３ー３" }, "geometry": { "type": "Point", "coordinates": [ 130.557698, 32.930768 ] } },
{ "type": "Feature", "properties": { "ID": 432243520992, "正式名称": "大林循環器科内科医院", "機関区分": 2, "都道府県コード": 43, "市区町村コード": 206, "所在地": "熊本県玉名市築地２５ー２", "緯度": 32.933723, "経度": 130.532952, "url": "https://www.iryou.teikyouseido.mhlw.go.jp/znk-web/juminkanja/S2430/initialize?prefCd=43&kikanCd=243520992&kikanKbn=2", "url2": null, "内容": "大林循環器科内科医院【2:診療所】【診療科目:内科_循環器内科】熊本県玉名市築地２５ー２" }, "geometry": { "type": "Point", "coordinates": [ 130.532952, 32.933723 ] } },
{ "type": "Feature", "properties": { "ID": 432243521003, "正式名称": "ひらしま小児科医院", "機関区分": 2, "都道府県コード": 43, "市区町村コード": 206, "所在地": "熊本県玉名市岩崎１３８ー３", "緯度": 32.932954, "経度": 130.560726, "url": "https://www.iryou.teikyouseido.mhlw.go.jp/znk-web/juminkanja/S2430/initialize?prefCd=43&kikanCd=243521003&kikanKbn=2", "url2": "https://www.hirashima-pediatric.com", "内容": "ひらしま小児科医院【2:診療所】【診療科目:小児科】熊本県玉名市岩崎１３８ー３" }, "geometry": { "type": "Point", "coordinates": [ 130.560726, 32.932954 ] } },
{ "type": "Feature", "properties": { "ID": 432243521016, "正式名称": "本里内科医院", "機関区分": 2, "都道府県コード": 43, "市区町村コード": 206, "所在地": "熊本県玉名市大倉１５７４ー４", "緯度": 32.924588, "経度": 130.568637, "url": "https://www.iryou.teikyouseido.mhlw.go.jp/znk-web/juminkanja/S2430/initialize?prefCd=43&kikanCd=243521016&kikanKbn=2", "url2": null, "内容": "本里内科医院【2:診療所】【診療科目:内科_胃腸内科_小児科_胃腸科】熊本県玉名市大倉１５７４ー４" }, "geometry": { "type": "Point", "coordinates": [ 130.568637, 32.924588 ] } },
{ "type": "Feature", "properties": { "ID": 432243521029, "正式名称": "大塚医院", "機関区分": 2, "都道府県コード": 43, "市区町村コード": 206, "所在地": "熊本県玉名市天水町小天６９８６ー１", "緯度": 32.863693, "経度": 130.593864, "url": "https://www.iryou.teikyouseido.mhlw.go.jp/znk-web/juminkanja/S2430/initialize?prefCd=43&kikanCd=243521029&kikanKbn=2", "url2": "http://www.otsuka-iin.com", "内容": "大塚医院【2:診療所】【診療科目:内科_呼吸器内科_循環器内科_消化器内科_脳神経外科_リハビリテーション科_放射線科】熊本県玉名市天水町小天６９８６ー１" }, "geometry": { "type": "Point", "coordinates": [ 130.593864, 32.863693 ] } },
{ "type": "Feature", "properties": { "ID": 432243521032, "正式名称": "中野医院", "機関区分": 2, "都道府県コード": 43, "市区町村コード": 206, "所在地": "熊本県玉名市天水町部田見８１２ー２", "緯度": 32.881202, "経度": 130.579111, "url": "https://www.iryou.teikyouseido.mhlw.go.jp/znk-web/juminkanja/S2430/initialize?prefCd=43&kikanCd=243521032&kikanKbn=2", "url2": null, "内容": "中野医院【2:診療所】【診療科目:内科】熊本県玉名市天水町部田見８１２ー２" }, "geometry": { "type": "Point", "coordinates": [ 130.579111, 32.881202 ] } },
{ "type": "Feature", "properties": { "ID": 432243521045, "正式名称": "おおかど胃腸科クリニック", "機関区分": 2, "都道府県コード": 43, "市区町村コード": 206, "所在地": "熊本県玉名市六田３８ー６", "緯度": 32.92229, "経度": 130.541742, "url": "https://www.iryou.teikyouseido.mhlw.go.jp/znk-web/juminkanja/S2430/initialize?prefCd=43&kikanCd=243521045&kikanKbn=2", "url2": "http://ookado-clinic.com", "内容": "おおかど胃腸科クリニック【2:診療所】【診療科目:内科_消化器内科_診療科は、胃腸科と肛門科です。】熊本県玉名市六田３８ー６" }, "geometry": { "type": "Point", "coordinates": [ 130.541742, 32.92229 ] } },
{ "type": "Feature", "properties": { "ID": 432243521058, "正式名称": "しまかわ医院", "機関区分": 2, "都道府県コード": 43, "市区町村コード": 206, "所在地": "熊本県玉名市横島町横島４３０１ー１", "緯度": 32.874966, "経度": 130.553798, "url": "https://www.iryou.teikyouseido.mhlw.go.jp/znk-web/juminkanja/S2430/initialize?prefCd=43&kikanCd=243521058&kikanKbn=2", "url2": null, "内容": "しまかわ医院【2:診療所】【診療科目:内科_糖尿病・代謝内科_循環器内科】熊本県玉名市横島町横島４３０１ー１" }, "geometry": { "type": "Point", "coordinates": [ 130.553798, 32.874966 ] } },
{ "type": "Feature", "properties": { "ID": 432243521074, "正式名称": "まつおクリニック", "機関区分": 2, "都道府県コード": 43, "市区町村コード": 206, "所在地": "熊本県玉名市山田高岡原２０１６ー１", "緯度": 32.937667, "経度": 130.54685, "url": "https://www.iryou.teikyouseido.mhlw.go.jp/znk-web/juminkanja/S2430/initialize?prefCd=43&kikanCd=243521074&kikanKbn=2", "url2": null, "内容": "まつおクリニック【2:診療所】【診療科目:内科_外科_消化器外科】熊本県玉名市山田高岡原２０１６ー１" }, "geometry": { "type": "Point", "coordinates": [ 130.54685, 32.937667 ] } },
{ "type": "Feature", "properties": { "ID": 432243521117, "正式名称": "安田内科医院", "機関区分": 2, "都道府県コード": 43, "市区町村コード": 206, "所在地": "熊本県玉名市横島町横島３３８７", "緯度": 32.875783, "経度": 130.567469, "url": "https://www.iryou.teikyouseido.mhlw.go.jp/znk-web/juminkanja/S2430/initialize?prefCd=43&kikanCd=243521117&kikanKbn=2", "url2": "https://www.yasudanaikaclinic.jp", "内容": "安田内科医院【2:診療所】【診療科目:内科_呼吸器内科_循環器内科_消化器内科_アレルギー科】熊本県玉名市横島町横島３３８７" }, "geometry": { "type": "Point", "coordinates": [ 130.567469, 32.875783 ] } },
{ "type": "Feature", "properties": { "ID": 432243530041, "正式名称": "伊藤医院", "機関区分": 2, "都道府県コード": 43, "市区町村コード": 204, "所在地": "熊本県荒尾市四ツ山町３ー５ー２", "緯度": 33.004507, "経度": 130.430621, "url": "https://www.iryou.teikyouseido.mhlw.go.jp/znk-web/juminkanja/S2430/initialize?prefCd=43&kikanCd=243530041&kikanKbn=2", "url2": "http://www14.plala.or.jp/tokyokai/", "内容": "伊藤医院【2:診療所】【診療科目:内科_外科_小児科_皮膚科_リハビリテーション科_放射線科_消化器科、こう門科】熊本県荒尾市四ツ山町３ー５ー２" }, "geometry": { "type": "Point", "coordinates": [ 130.430621, 33.004507 ] } },
{ "type": "Feature", "properties": { "ID": 432243530142, "正式名称": "くるみクリニック", "機関区分": 2, "都道府県コード": 43, "市区町村コード": 204, "所在地": "熊本県荒尾市荒尾８１３ー１", "緯度": 32.984666, "経度": 130.432353, "url": "https://www.iryou.teikyouseido.mhlw.go.jp/znk-web/juminkanja/S2430/initialize?prefCd=43&kikanCd=243530142&kikanKbn=2", "url2": null, "内容": "くるみクリニック【2:診療所】【診療科目:内科_消化器内科_疼痛緩和内科_がん内科_外科】熊本県荒尾市荒尾８１３ー１" }, "geometry": { "type": "Point", "coordinates": [ 130.432353, 32.984666 ] } },
{ "type": "Feature", "properties": { "ID": 432243530171, "正式名称": "西原クリニック", "機関区分": 2, "都道府県コード": 43, "市区町村コード": 204, "所在地": "熊本県荒尾市西原町１ー４ー２４", "緯度": 33.001468, "経度": 130.434153, "url": "https://www.iryou.teikyouseido.mhlw.go.jp/znk-web/juminkanja/S2430/initialize?prefCd=43&kikanCd=243530171&kikanKbn=2", "url2": "https://www.nishibaru-clinic.jp/", "内容": "西原クリニック【2:診療所】【診療科目:内科_緩和ケア内科_外科_緩和ケア外科_リハビリテーション科_放射線科】熊本県荒尾市西原町１ー４ー２４" }, "geometry": { "type": "Point", "coordinates": [ 130.434153, 33.001468 ] } },
{ "type": "Feature", "properties": { "ID": 432243530184, "正式名称": "医療法人鴻恩会ハビリス白千鳥クリニック", "機関区分": 2, "都道府県コード": 43, "市区町村コード": 204, "所在地": "熊本県荒尾市蔵満１８５８－１", "緯度": 32.960852, "経度": 130.441745, "url": "https://www.iryou.teikyouseido.mhlw.go.jp/znk-web/juminkanja/S2430/initialize?prefCd=43&kikanCd=243530184&kikanKbn=2", "url2": null, "内容": "医療法人鴻恩会ハビリス白千鳥クリニック【2:診療所】【診療科目:脳神経内科_リウマチ科_リハビリテーション科】熊本県荒尾市蔵満１８５８－１" }, "geometry": { "type": "Point", "coordinates": [ 130.441745, 32.960852 ] } },
{ "type": "Feature", "properties": { "ID": 432243530360, "正式名称": "西整形外科医院", "機関区分": 2, "都道府県コード": 43, "市区町村コード": 204, "所在地": "熊本県荒尾市蔵満１８５９ー１", "緯度": 32.963438, "経度": 130.450121, "url": "https://www.iryou.teikyouseido.mhlw.go.jp/znk-web/juminkanja/S2430/initialize?prefCd=43&kikanCd=243530360&kikanKbn=2", "url2": null, "内容": "西整形外科医院【2:診療所】【診療科目:整形外科_リウマチ科_リハビリテーション科】熊本県荒尾市蔵満１８５９ー１" }, "geometry": { "type": "Point", "coordinates": [ 130.450121, 32.963438 ] } },
{ "type": "Feature", "properties": { "ID": 432243530445, "正式名称": "いしかわ産婦人科", "機関区分": 2, "都道府県コード": 43, "市区町村コード": 204, "所在地": "熊本県荒尾市野原２５９ー１", "緯度": 32.958509, "経度": 130.479783, "url": "https://www.iryou.teikyouseido.mhlw.go.jp/znk-web/juminkanja/S2430/initialize?prefCd=43&kikanCd=243530445&kikanKbn=2", "url2": "http://www.ishikawa-sanfujinka.com/", "内容": "いしかわ産婦人科【2:診療所】【診療科目:産婦人科】熊本県荒尾市野原２５９ー１" }, "geometry": { "type": "Point", "coordinates": [ 130.479783, 32.958509 ] } },
{ "type": "Feature", "properties": { "ID": 432243530458, "正式名称": "西良文医院", "機関区分": 2, "都道府県コード": 43, "市区町村コード": 204, "所在地": "熊本県荒尾市川登２０５０ー８", "緯度": 32.981217, "経度": 130.467795, "url": "https://www.iryou.teikyouseido.mhlw.go.jp/znk-web/juminkanja/S2430/initialize?prefCd=43&kikanCd=243530458&kikanKbn=2", "url2": "https://coubic.com/chouyuhkai", "内容": "西良文医院【2:診療所】【診療科目:内科_消化器内科_放射線科_麻酔科】熊本県荒尾市川登２０５０ー８" }, "geometry": { "type": "Point", "coordinates": [ 130.467795, 32.981217 ] } },
{ "type": "Feature", "properties": { "ID": 432243530461, "正式名称": "松山医院", "機関区分": 2, "都道府県コード": 43, "市区町村コード": 204, "所在地": "熊本県荒尾市原万田４６２", "緯度": 33.001159, "経度": 130.441136, "url": "https://www.iryou.teikyouseido.mhlw.go.jp/znk-web/juminkanja/S2430/initialize?prefCd=43&kikanCd=243530461&kikanKbn=2", "url2": null, "内容": "松山医院【2:診療所】【診療科目:内科_循環器内科_心臓血管外科_小児科_放射線科】熊本県荒尾市原万田４６２" }, "geometry": { "type": "Point", "coordinates": [ 130.441136, 33.001159 ] } },
{ "type": "Feature", "properties": { "ID": 432243530490, "正式名称": "荒尾クリニック", "機関区分": 2, "都道府県コード": 43, "市区町村コード": 204, "所在地": "熊本県荒尾市荒尾６００ー３", "緯度": 32.97562, "経度": 130.434459, "url": "https://www.iryou.teikyouseido.mhlw.go.jp/znk-web/juminkanja/S2430/initialize?prefCd=43&kikanCd=243530490&kikanKbn=2", "url2": "http://araoclinic.jp/", "内容": "荒尾クリニック【2:診療所】【診療科目:内科_糖尿病・代謝内科_呼吸器内科_循環器内科_消化器内科_胃腸内科_腎臓内科_心療内科_アレルギー科_リウマチ科_リハビリテーション科_麻酔科】熊本県荒尾市荒尾６００ー３" }, "geometry": { "type": "Point", "coordinates": [ 130.434459, 32.97562 ] } },
{ "type": "Feature", "properties": { "ID": 432243530504, "正式名称": "ながすクリニック", "機関区分": 2, "都道府県コード": 43, "市区町村コード": 368, "所在地": "熊本県玉名郡長洲町長洲１３５４", "緯度": 32.933069, "経度": 130.445368, "url": "https://www.iryou.teikyouseido.mhlw.go.jp/znk-web/juminkanja/S2430/initialize?prefCd=43&kikanCd=243530504&kikanKbn=2", "url2": null, "内容": "ながすクリニック【2:診療所】【診療科目:内科_消化器内科_外科_乳腺外科_肛門外科】熊本県玉名郡長洲町長洲１３５４" }, "geometry": { "type": "Point", "coordinates": [ 130.445368, 32.933069 ] } },
{ "type": "Feature", "properties": { "ID": 432243530588, "正式名称": "多田隈内科医院", "機関区分": 2, "都道府県コード": 43, "市区町村コード": 368, "所在地": "熊本県玉名郡長洲町宮野１８７ー１", "緯度": 32.930556, "経度": 130.479012, "url": "https://www.iryou.teikyouseido.mhlw.go.jp/znk-web/juminkanja/S2430/initialize?prefCd=43&kikanCd=243530588&kikanKbn=2", "url2": "https://tadakumanaikaiin.jimdofree.com", "内容": "多田隈内科医院【2:診療所】【診療科目:内科_小児科】熊本県玉名郡長洲町宮野１８７ー１" }, "geometry": { "type": "Point", "coordinates": [ 130.479012, 32.930556 ] } },
{ "type": "Feature", "properties": { "ID": 432243530647, "正式名称": "牛島内科・消化器内科クリニック", "機関区分": 2, "都道府県コード": 43, "市区町村コード": 204, "所在地": "熊本県荒尾市一部９０４ー１", "緯度": 32.970379, "経度": 130.446316, "url": "https://www.iryou.teikyouseido.mhlw.go.jp/znk-web/juminkanja/S2430/initialize?prefCd=43&kikanCd=243530647&kikanKbn=2", "url2": null, "内容": "牛島内科・消化器内科クリニック【2:診療所】【診療科目:内科_消化器内科】熊本県荒尾市一部９０４ー１" }, "geometry": { "type": "Point", "coordinates": [ 130.446316, 32.970379 ] } },
{ "type": "Feature", "properties": { "ID": 432243530676, "正式名称": "南整形外科医院", "機関区分": 2, "都道府県コード": 43, "市区町村コード": 204, "所在地": "熊本県荒尾市荒尾４５４４ー２５", "緯度": 32.985492, "経度": 130.454707, "url": "https://www.iryou.teikyouseido.mhlw.go.jp/znk-web/juminkanja/S2430/initialize?prefCd=43&kikanCd=243530676&kikanKbn=2", "url2": null, "内容": "南整形外科医院【2:診療所】【診療科目:整形外科_形成外科_リウマチ科_リハビリテーション科】熊本県荒尾市荒尾４５４４ー２５" }, "geometry": { "type": "Point", "coordinates": [ 130.454707, 32.985492 ] } },
{ "type": "Feature", "properties": { "ID": 432243530692, "正式名称": "関整形外科", "機関区分": 2, "都道府県コード": 43, "市区町村コード": 204, "所在地": "熊本県荒尾市荒尾１７２", "緯度": 32.979325, "経度": 130.43165, "url": "https://www.iryou.teikyouseido.mhlw.go.jp/znk-web/juminkanja/S2430/initialize?prefCd=43&kikanCd=243530692&kikanKbn=2", "url2": "http://seki-seikeigeka.com", "内容": "関整形外科【2:診療所】【診療科目:内科_整形外科_リハビリテーション科】熊本県荒尾市荒尾１７２" }, "geometry": { "type": "Point", "coordinates": [ 130.43165, 32.979325 ] } },
{ "type": "Feature", "properties": { "ID": 432243530719, "正式名称": "藤枝医院", "機関区分": 2, "都道府県コード": 43, "市区町村コード": 204, "所在地": "熊本県荒尾市蔵満１８８４ー１", "緯度": 32.96261, "経度": 130.449477, "url": "https://www.iryou.teikyouseido.mhlw.go.jp/znk-web/juminkanja/S2430/initialize?prefCd=43&kikanCd=243530719&kikanKbn=2", "url2": "http://www.heiseikai.jp", "内容": "藤枝医院【2:診療所】【診療科目:内科_糖尿病・代謝内科_呼吸器内科_循環器内科_消化器内科_胃腸内科_リハビリテーション科】熊本県荒尾市蔵満１８８４ー１" }, "geometry": { "type": "Point", "coordinates": [ 130.449477, 32.96261 ] } },
{ "type": "Feature", "properties": { "ID": 432243530722, "正式名称": "荒尾駅前クリニック", "機関区分": 2, "都道府県コード": 43, "市区町村コード": 204, "所在地": "熊本県荒尾市大正町１ー２ー３高森ビル４階", "緯度": 32.99499, "経度": 130.433539, "url": "https://www.iryou.teikyouseido.mhlw.go.jp/znk-web/juminkanja/S2430/initialize?prefCd=43&kikanCd=243530722&kikanKbn=2", "url2": null, "内容": "荒尾駅前クリニック【2:診療所】【診療科目:内科_呼吸器内科_循環器内科_消化器内科】熊本県荒尾市大正町１ー２ー３高森ビル４階" }, "geometry": { "type": "Point", "coordinates": [ 130.433539, 32.99499 ] } },
{ "type": "Feature", "properties": { "ID": 432243530735, "正式名称": "本里内科", "機関区分": 2, "都道府県コード": 43, "市区町村コード": 204, "所在地": "熊本県荒尾市宮内７２４ー１", "緯度": 32.984169, "経度": 130.441094, "url": "https://www.iryou.teikyouseido.mhlw.go.jp/znk-web/juminkanja/S2430/initialize?prefCd=43&kikanCd=243530735&kikanKbn=2", "url2": null, "内容": "本里内科【2:診療所】【診療科目:内科_呼吸器内科_循環器内科_胃腸内科_小児科_呼吸器科、胃腸科、循環器科】熊本県荒尾市宮内７２４ー１" }, "geometry": { "type": "Point", "coordinates": [ 130.441094, 32.984169 ] } },
{ "type": "Feature", "properties": { "ID": 432243530748, "正式名称": "石塚眼科医院", "機関区分": 2, "都道府県コード": 43, "市区町村コード": 204, "所在地": "熊本県荒尾市荒尾７８９ー１５", "緯度": 32.985772, "経度": 130.432786, "url": "https://www.iryou.teikyouseido.mhlw.go.jp/znk-web/juminkanja/S2430/initialize?prefCd=43&kikanCd=243530748&kikanKbn=2", "url2": null, "内容": "石塚眼科医院【2:診療所】【診療科目:眼科】熊本県荒尾市荒尾７８９ー１５" }, "geometry": { "type": "Point", "coordinates": [ 130.432786, 32.985772 ] } },
{ "type": "Feature", "properties": { "ID": 432243530751, "正式名称": "田宮二郎内科", "機関区分": 2, "都道府県コード": 43, "市区町村コード": 368, "所在地": "熊本県玉名郡長洲町長洲２９３２ー３", "緯度": 32.927708, "経度": 130.453255, "url": "https://www.iryou.teikyouseido.mhlw.go.jp/znk-web/juminkanja/S2430/initialize?prefCd=43&kikanCd=243530751&kikanKbn=2", "url2": "http://www3.ocn.ne.jp/~wako_kai/", "内容": "田宮二郎内科【2:診療所】【診療科目:内科_小児科_呼吸器科、胃腸科】熊本県玉名郡長洲町長洲２９３２ー３" }, "geometry": { "type": "Point", "coordinates": [ 130.453255, 32.927708 ] } },
{ "type": "Feature", "properties": { "ID": 432243530807, "正式名称": "江崎耳鼻咽喉科クリニック", "機関区分": 2, "都道府県コード": 43, "市区町村コード": 204, "所在地": "熊本県荒尾市荒尾２０１８ー１", "緯度": 32.973809, "経度": 130.441116, "url": "https://www.iryou.teikyouseido.mhlw.go.jp/znk-web/juminkanja/S2430/initialize?prefCd=43&kikanCd=243530807&kikanKbn=2", "url2": "http://www.esaki-ent.jp", "内容": "江崎耳鼻咽喉科クリニック【2:診療所】【診療科目:耳鼻いんこう科_アレルギー科】熊本県荒尾市荒尾２０１８ー１" }, "geometry": { "type": "Point", "coordinates": [ 130.441116, 32.973809 ] } },
{ "type": "Feature", "properties": { "ID": 432243530823, "正式名称": "高橋医院", "機関区分": 2, "都道府県コード": 43, "市区町村コード": 204, "所在地": "熊本県荒尾市野原１１５ー１", "緯度": 32.960053, "経度": 130.475736, "url": "https://www.iryou.teikyouseido.mhlw.go.jp/znk-web/juminkanja/S2430/initialize?prefCd=43&kikanCd=243530823&kikanKbn=2", "url2": null, "内容": "高橋医院【2:診療所】【診療科目:内科】熊本県荒尾市野原１１５ー１" }, "geometry": { "type": "Point", "coordinates": [ 130.475736, 32.960053 ] } },
{ "type": "Feature", "properties": { "ID": 432243530836, "正式名称": "田宮医院", "機関区分": 2, "都道府県コード": 43, "市区町村コード": 204, "所在地": "熊本県荒尾市大島町３ー４ー４４", "緯度": 32.99667, "経度": 130.429711, "url": "https://www.iryou.teikyouseido.mhlw.go.jp/znk-web/juminkanja/S2430/initialize?prefCd=43&kikanCd=243530836&kikanKbn=2", "url2": null, "内容": "田宮医院【2:診療所】【診療科目:内科_消化器内科_小児科】熊本県荒尾市大島町３ー４ー４４" }, "geometry": { "type": "Point", "coordinates": [ 130.429711, 32.99667 ] } },
{ "type": "Feature", "properties": { "ID": 432243540028, "正式名称": "井上産婦人科医院", "機関区分": 2, "都道府県コード": 43, "市区町村コード": 208, "所在地": "熊本県山鹿市大橋通５０３―１", "緯度": 33.012542, "経度": 130.686021, "url": "https://www.iryou.teikyouseido.mhlw.go.jp/znk-web/juminkanja/S2430/initialize?prefCd=43&kikanCd=243540028&kikanKbn=2", "url2": null, "内容": "井上産婦人科医院【2:診療所】【診療科目:産婦人科】熊本県山鹿市大橋通５０３―１" }, "geometry": { "type": "Point", "coordinates": [ 130.686021, 33.012542 ] } },
{ "type": "Feature", "properties": { "ID": 432243540031, "正式名称": "うちだ内科医院", "機関区分": 2, "都道府県コード": 43, "市区町村コード": 208, "所在地": "熊本県山鹿市山鹿３４３", "緯度": 33.015864, "経度": 130.691931, "url": "https://www.iryou.teikyouseido.mhlw.go.jp/znk-web/juminkanja/S2430/initialize?prefCd=43&kikanCd=243540031&kikanKbn=2", "url2": "https://uchida-heart.com", "内容": "うちだ内科医院【2:診療所】【診療科目:内科_循環器内科_心臓リハビリテーション科】熊本県山鹿市山鹿３４３" }, "geometry": { "type": "Point", "coordinates": [ 130.691931, 33.015864 ] } },
{ "type": "Feature", "properties": { "ID": 432243540073, "正式名称": "山鹿神経心療内科・谷産婦人科医院", "機関区分": 2, "都道府県コード": 43, "市区町村コード": 208, "所在地": "熊本県山鹿市山鹿５２３", "緯度": 33.015814, "経度": 130.697117, "url": "https://www.iryou.teikyouseido.mhlw.go.jp/znk-web/juminkanja/S2430/initialize?prefCd=43&kikanCd=243540073&kikanKbn=2", "url2": "http://yamaga-mental-clinic.com", "内容": "山鹿神経心療内科・谷産婦人科医院【2:診療所】【診療科目:内科_整形外科_産婦人科_精神科_リウマチ科_リハビリテーション科_放射線科】熊本県山鹿市山鹿５２３" }, "geometry": { "type": "Point", "coordinates": [ 130.697117, 33.015814 ] } },
{ "type": "Feature", "properties": { "ID": 432243540145, "正式名称": "後藤整形外科医院", "機関区分": 2, "都道府県コード": 43, "市区町村コード": 208, "所在地": "熊本県山鹿市山鹿１３２６ー１", "緯度": 33.019144, "経度": 130.683698, "url": "https://www.iryou.teikyouseido.mhlw.go.jp/znk-web/juminkanja/S2430/initialize?prefCd=43&kikanCd=243540145&kikanKbn=2", "url2": null, "内容": "後藤整形外科医院【2:診療所】【診療科目:整形外科_リハビリテーション科】熊本県山鹿市山鹿１３２６ー１" }, "geometry": { "type": "Point", "coordinates": [ 130.683698, 33.019144 ] } },
{ "type": "Feature", "properties": { "ID": 432243540161, "正式名称": "大坂整形外科医院", "機関区分": 2, "都道府県コード": 43, "市区町村コード": 208, "所在地": "熊本県山鹿市熊入町字戌亥原３１５", "緯度": 33.028807, "経度": 130.682822, "url": "https://www.iryou.teikyouseido.mhlw.go.jp/znk-web/juminkanja/S2430/initialize?prefCd=43&kikanCd=243540161&kikanKbn=2", "url2": "http://seiei-kai.com/osaka-seikei/", "内容": "大坂整形外科医院【2:診療所】【診療科目:整形外科_リウマチ科_リハビリテーション科】熊本県山鹿市熊入町字戌亥原３１５" }, "geometry": { "type": "Point", "coordinates": [ 130.682822, 33.028807 ] } },
{ "type": "Feature", "properties": { "ID": 432243540217, "正式名称": "星田内科医院", "機関区分": 2, "都道府県コード": 43, "市区町村コード": 208, "所在地": "熊本県山鹿市熊入町１２３ー３", "緯度": 33.024573, "経度": 130.685522, "url": "https://www.iryou.teikyouseido.mhlw.go.jp/znk-web/juminkanja/S2430/initialize?prefCd=43&kikanCd=243540217&kikanKbn=2", "url2": null, "内容": "星田内科医院【2:診療所】【診療科目:内科_皮膚科_呼吸器科、消化器科、循環器科】熊本県山鹿市熊入町１２３ー３" }, "geometry": { "type": "Point", "coordinates": [ 130.685522, 33.024573 ] } },
{ "type": "Feature", "properties": { "ID": 432243540220, "正式名称": "井上小児科医院", "機関区分": 2, "都道府県コード": 43, "市区町村コード": 208, "所在地": "熊本県山鹿市山鹿３２９ー１", "緯度": 33.013967, "経度": 130.691868, "url": "https://www.iryou.teikyouseido.mhlw.go.jp/znk-web/juminkanja/S2430/initialize?prefCd=43&kikanCd=243540220&kikanKbn=2", "url2": null, "内容": "井上小児科医院【2:診療所】【診療科目:小児科】熊本県山鹿市山鹿３２９ー１" }, "geometry": { "type": "Point", "coordinates": [ 130.691868, 33.013967 ] } },
{ "type": "Feature", "properties": { "ID": 432243540321, "正式名称": "きくか松岡クリニック", "機関区分": 2, "都道府県コード": 43, "市区町村コード": 208, "所在地": "熊本県山鹿市菊鹿町宮原８６ー４", "緯度": 33.034422, "経度": 130.782329, "url": "https://www.iryou.teikyouseido.mhlw.go.jp/znk-web/juminkanja/S2430/initialize?prefCd=43&kikanCd=243540321&kikanKbn=2", "url2": null, "内容": "きくか松岡クリニック【2:診療所】【診療科目:内科_消化器内科_外科_小児科_皮膚科_泌尿器科】熊本県山鹿市菊鹿町宮原８６ー４" }, "geometry": { "type": "Point", "coordinates": [ 130.782329, 33.034422 ] } },
{ "type": "Feature", "properties": { "ID": 432243540392, "正式名称": "桑木内科", "機関区分": 2, "都道府県コード": 43, "市区町村コード": 208, "所在地": "熊本県山鹿市鹿本町御宇田６５０", "緯度": 33.002213, "経度": 130.727375, "url": "https://www.iryou.teikyouseido.mhlw.go.jp/znk-web/juminkanja/S2430/initialize?prefCd=43&kikanCd=243540392&kikanKbn=2", "url2": null, "内容": "桑木内科【2:診療所】【診療科目:内科_小児科_消化器科、循環器科】熊本県山鹿市鹿本町御宇田６５０" }, "geometry": { "type": "Point", "coordinates": [ 130.727375, 33.002213 ] } },
{ "type": "Feature", "properties": { "ID": 432243540565, "正式名称": "新生整形外科医院", "機関区分": 2, "都道府県コード": 43, "市区町村コード": 105, "所在地": "熊本県熊本市北区植木町正清５８ー３", "緯度": 32.964259, "経度": 130.716005, "url": "https://www.iryou.teikyouseido.mhlw.go.jp/znk-web/juminkanja/S2430/initialize?prefCd=43&kikanCd=243540565&kikanKbn=2", "url2": null, "内容": "新生整形外科医院【2:診療所】【診療科目:内科_整形外科_小児科_リハビリテーション科】熊本県熊本市北区植木町正清５８ー３" }, "geometry": { "type": "Point", "coordinates": [ 130.716005, 32.964259 ] } },
{ "type": "Feature", "properties": { "ID": 432243540581, "正式名称": "ふじた内科外科クリニック", "機関区分": 2, "都道府県コード": 43, "市区町村コード": 105, "所在地": "熊本県熊本市北区植木町植木４４８", "緯度": 32.895094, "経度": 130.690075, "url": "https://www.iryou.teikyouseido.mhlw.go.jp/znk-web/juminkanja/S2430/initialize?prefCd=43&kikanCd=243540581&kikanKbn=2", "url2": "https://www.fujitanaikageka.com/", "内容": "ふじた内科外科クリニック【2:診療所】【診療科目:内科_外科_胃腸外科_整形外科】熊本県熊本市北区植木町植木４４８" }, "geometry": { "type": "Point", "coordinates": [ 130.690075, 32.895094 ] } },
{ "type": "Feature", "properties": { "ID": 432243540608, "正式名称": "師井医院", "機関区分": 2, "都道府県コード": 43, "市区町村コード": 105, "所在地": "熊本県熊本市北区植木町植木５０４", "緯度": 32.895092, "経度": 130.691975, "url": "https://www.iryou.teikyouseido.mhlw.go.jp/znk-web/juminkanja/S2430/initialize?prefCd=43&kikanCd=243540608&kikanKbn=2", "url2": "https://www.moroiiin.com", "内容": "師井医院【2:診療所】【診療科目:内科_外科_胃腸外科_肛門外科_整形外科_形成外科_小児科_リハビリテーション科】熊本県熊本市北区植木町植木５０４" }, "geometry": { "type": "Point", "coordinates": [ 130.691975, 32.895092 ] } },
{ "type": "Feature", "properties": { "ID": 432243540640, "正式名称": "榎本内科医院", "機関区分": 2, "都道府県コード": 43, "市区町村コード": 105, "所在地": "熊本県熊本市北区植木町平野７７ー１", "緯度": 32.886292, "経度": 130.680751, "url": "https://www.iryou.teikyouseido.mhlw.go.jp/znk-web/juminkanja/S2430/initialize?prefCd=43&kikanCd=243540640&kikanKbn=2", "url2": null, "内容": "榎本内科医院【2:診療所】【診療科目:内科_循環器内科】熊本県熊本市北区植木町平野７７ー１" }, "geometry": { "type": "Point", "coordinates": [ 130.680751, 32.886292 ] } },
{ "type": "Feature", "properties": { "ID": 432243540666, "正式名称": "平井・藤岡医院", "機関区分": 2, "都道府県コード": 43, "市区町村コード": 208, "所在地": "熊本県山鹿市鹿本町来民４９５ー１", "緯度": 33.002986, "経度": 130.737303, "url": "https://www.iryou.teikyouseido.mhlw.go.jp/znk-web/juminkanja/S2430/initialize?prefCd=43&kikanCd=243540666&kikanKbn=2", "url2": "https://hiraifujioka-clinic.com/", "内容": "平井・藤岡医院【2:診療所】【診療科目:内科_糖尿病・代謝内科_呼吸器内科_循環器内科_アレルギー疾患内科_小児科_放射線科】熊本県山鹿市鹿本町来民４９５ー１" }, "geometry": { "type": "Point", "coordinates": [ 130.737303, 33.002986 ] } },
{ "type": "Feature", "properties": { "ID": 432243540682, "正式名称": "徳永内科小児科クリニック", "機関区分": 2, "都道府県コード": 43, "市区町村コード": 208, "所在地": "熊本県山鹿市山鹿１４７８ー２", "緯度": 33.017244, "経度": 130.688073, "url": "https://www.iryou.teikyouseido.mhlw.go.jp/znk-web/juminkanja/S2430/initialize?prefCd=43&kikanCd=243540682&kikanKbn=2", "url2": "https://www.tokunaga-cl-yamaga.com/", "内容": "徳永内科小児科クリニック【2:診療所】【診療科目:内科_呼吸器内科_循環器内科_消化器内科_小児科】熊本県山鹿市山鹿１４７８ー２" }, "geometry": { "type": "Point", "coordinates": [ 130.688073, 33.017244 ] } },
{ "type": "Feature", "properties": { "ID": 432243540695, "正式名称": "冨田クリニック", "機関区分": 2, "都道府県コード": 43, "市区町村コード": 208, "所在地": "熊本県山鹿市鹿本町津袋４４３", "緯度": 33.011318, "経度": 130.754264, "url": "https://www.iryou.teikyouseido.mhlw.go.jp/znk-web/juminkanja/S2430/initialize?prefCd=43&kikanCd=243540695&kikanKbn=2", "url2": null, "内容": "冨田クリニック【2:診療所】【診療科目:内科】熊本県山鹿市鹿本町津袋４４３" }, "geometry": { "type": "Point", "coordinates": [ 130.754264, 33.011318 ] } },
{ "type": "Feature", "properties": { "ID": 432243540741, "正式名称": "前原耳鼻咽喉科医院", "機関区分": 2, "都道府県コード": 43, "市区町村コード": 208, "所在地": "熊本県山鹿市昭和町６０５", "緯度": 33.012412, "経度": 130.686348, "url": "https://www.iryou.teikyouseido.mhlw.go.jp/znk-web/juminkanja/S2430/initialize?prefCd=43&kikanCd=243540741&kikanKbn=2", "url2": "http://maeharaclinic.sakura.ne.jp", "内容": "前原耳鼻咽喉科医院【2:診療所】【診療科目:耳鼻いんこう科】熊本県山鹿市昭和町６０５" }, "geometry": { "type": "Point", "coordinates": [ 130.686348, 33.012412 ] } },
{ "type": "Feature", "properties": { "ID": 432243540754, "正式名称": "小林医院", "機関区分": 2, "都道府県コード": 43, "市区町村コード": 208, "所在地": "熊本県山鹿市鹿北町四丁１７０５", "緯度": 33.109297, "経度": 130.692084, "url": "https://www.iryou.teikyouseido.mhlw.go.jp/znk-web/juminkanja/S2430/initialize?prefCd=43&kikanCd=243540754&kikanKbn=2", "url2": null, "内容": "小林医院【2:診療所】【診療科目:内科_整形外科_麻酔科】熊本県山鹿市鹿北町四丁１７０５" }, "geometry": { "type": "Point", "coordinates": [ 130.692084, 33.109297 ] } },
{ "type": "Feature", "properties": { "ID": 432243540767, "正式名称": "植木シルバークリニック", "機関区分": 2, "都道府県コード": 43, "市区町村コード": 105, "所在地": "熊本県熊本市北区植木町岩野２４", "緯度": 32.917615, "経度": 130.691972, "url": "https://www.iryou.teikyouseido.mhlw.go.jp/znk-web/juminkanja/S2430/initialize?prefCd=43&kikanCd=243540767&kikanKbn=2", "url2": null, "内容": "植木シルバークリニック【2:診療所】【診療科目:内科_神経内科_精神科】熊本県熊本市北区植木町岩野２４" }, "geometry": { "type": "Point", "coordinates": [ 130.691972, 32.917615 ] } },
{ "type": "Feature", "properties": { "ID": 432243540783, "正式名称": "幸村医院", "機関区分": 2, "都道府県コード": 43, "市区町村コード": 208, "所在地": "熊本県山鹿市鹿央町合里４１１", "緯度": 32.977935, "経度": 130.679411, "url": "https://www.iryou.teikyouseido.mhlw.go.jp/znk-web/juminkanja/S2430/initialize?prefCd=43&kikanCd=243540783&kikanKbn=2", "url2": null, "内容": "幸村医院【2:診療所】【診療科目:内科_消化器内科_外科_大腸・肛門外科_小児科】熊本県山鹿市鹿央町合里４１１" }, "geometry": { "type": "Point", "coordinates": [ 130.679411, 32.977935 ] } },
{ "type": "Feature", "properties": { "ID": 432243540800, "正式名称": "中垣胃腸科医院", "機関区分": 2, "都道府県コード": 43, "市区町村コード": 105, "所在地": "熊本県熊本市北区植木町植木８０", "緯度": 32.898027, "経度": 130.69195, "url": "https://www.iryou.teikyouseido.mhlw.go.jp/znk-web/juminkanja/S2430/initialize?prefCd=43&kikanCd=243540800&kikanKbn=2", "url2": null, "内容": "中垣胃腸科医院【2:診療所】【診療科目:内科_消化器内科_胃腸内科_外科_肛門外科】熊本県熊本市北区植木町植木８０" }, "geometry": { "type": "Point", "coordinates": [ 130.69195, 32.898027 ] } },
{ "type": "Feature", "properties": { "ID": 432243540813, "正式名称": "森田整形外科医院", "機関区分": 2, "都道府県コード": 43, "市区町村コード": 105, "所在地": "熊本県熊本市北区植木町一木５９６", "緯度": 32.901688, "経度": 130.689933, "url": "https://www.iryou.teikyouseido.mhlw.go.jp/znk-web/juminkanja/S2430/initialize?prefCd=43&kikanCd=243540813&kikanKbn=2", "url2": "hrrps://moritaseikei.com", "内容": "森田整形外科医院【2:診療所】【診療科目:整形外科_リウマチ科_リハビリテーション科】熊本県熊本市北区植木町一木５９６" }, "geometry": { "type": "Point", "coordinates": [ 130.689933, 32.901688 ] } },
{ "type": "Feature", "properties": { "ID": 432243540868, "正式名称": "植木いまふじクリニック", "機関区分": 2, "都道府県コード": 43, "市区町村コード": 105, "所在地": "熊本県熊本市北区植木町一木５９７", "緯度": 32.901583, "経度": 130.689361, "url": "https://www.iryou.teikyouseido.mhlw.go.jp/znk-web/juminkanja/S2430/initialize?prefCd=43&kikanCd=243540868&kikanKbn=2", "url2": "http://imafujiclinic.wix.com/home", "内容": "植木いまふじクリニック【2:診療所】【診療科目:内科_循環器内科_泌尿器科_腎臓・泌尿器科_麻酔科】熊本県熊本市北区植木町一木５９７" }, "geometry": { "type": "Point", "coordinates": [ 130.689361, 32.901583 ] } },
{ "type": "Feature", "properties": { "ID": 432243540901, "正式名称": "清田産婦人科医院", "機関区分": 2, "都道府県コード": 43, "市区町村コード": 105, "所在地": "熊本県熊本市北区植木町一木１７８ー４", "緯度": 32.902002, "経度": 130.690393, "url": "https://www.iryou.teikyouseido.mhlw.go.jp/znk-web/juminkanja/S2430/initialize?prefCd=43&kikanCd=243540901&kikanKbn=2", "url2": "http://www.kiyotaclinic.or.jp", "内容": "清田産婦人科医院【2:診療所】【診療科目:産婦人科_産科_婦人科】熊本県熊本市北区植木町一木１７８ー４" }, "geometry": { "type": "Point", "coordinates": [ 130.690393, 32.902002 ] } },
{ "type": "Feature", "properties": { "ID": 432243540914, "正式名称": "桑原内科小児科医院", "機関区分": 2, "都道府県コード": 43, "市区町村コード": 105, "所在地": "熊本県熊本市北区植木町岩野４５７ー５", "緯度": 32.902322, "経度": 130.703888, "url": "https://www.iryou.teikyouseido.mhlw.go.jp/znk-web/juminkanja/S2430/initialize?prefCd=43&kikanCd=243540914&kikanKbn=2", "url2": "http://kuwaharanaikasyounika.web.fc2.com/index.html", "内容": "桑原内科小児科医院【2:診療所】【診療科目:内科_呼吸器内科_循環器内科_消化器内科】熊本県熊本市北区植木町岩野４５７ー５" }, "geometry": { "type": "Point", "coordinates": [ 130.703888, 32.902322 ] } },
{ "type": "Feature", "properties": { "ID": 432243540930, "正式名称": "医療法人社団　清松会　中川医院", "機関区分": 2, "都道府県コード": 43, "市区町村コード": 208, "所在地": "熊本県山鹿市鹿本町御宇田４４６", "緯度": 33.005544, "経度": 130.734545, "url": "https://www.iryou.teikyouseido.mhlw.go.jp/znk-web/juminkanja/S2430/initialize?prefCd=43&kikanCd=243540930&kikanKbn=2", "url2": null, "内容": "医療法人社団　清松会　中川医院【2:診療所】【診療科目:内科_消化器内科_小児科_皮膚科】熊本県山鹿市鹿本町御宇田４４６" }, "geometry": { "type": "Point", "coordinates": [ 130.734545, 33.005544 ] } },
{ "type": "Feature", "properties": { "ID": 432243540943, "正式名称": "大坪内科呼吸器科医院", "機関区分": 2, "都道府県コード": 43, "市区町村コード": 208, "所在地": "熊本県山鹿市昭和町４０８", "緯度": 33.013766, "経度": 130.685914, "url": "https://www.iryou.teikyouseido.mhlw.go.jp/znk-web/juminkanja/S2430/initialize?prefCd=43&kikanCd=243540943&kikanKbn=2", "url2": null, "内容": "大坪内科呼吸器科医院【2:診療所】【診療科目:内科_呼吸器内科_循環器内科_消化器内科】熊本県山鹿市昭和町４０８" }, "geometry": { "type": "Point", "coordinates": [ 130.685914, 33.013766 ] } },
{ "type": "Feature", "properties": { "ID": 432243540956, "正式名称": "下村皮ふ科クリニック", "機関区分": 2, "都道府県コード": 43, "市区町村コード": 105, "所在地": "熊本県熊本市北区植木町植木４６０", "緯度": 32.895683, "経度": 130.690175, "url": "https://www.iryou.teikyouseido.mhlw.go.jp/znk-web/juminkanja/S2430/initialize?prefCd=43&kikanCd=243540956&kikanKbn=2", "url2": null, "内容": "下村皮ふ科クリニック【2:診療所】【診療科目:形成外科_皮膚科】熊本県熊本市北区植木町植木４６０" }, "geometry": { "type": "Point", "coordinates": [ 130.690175, 32.895683 ] } },
{ "type": "Feature", "properties": { "ID": 432243540969, "正式名称": "はとの眼科クリニック", "機関区分": 2, "都道府県コード": 43, "市区町村コード": 208, "所在地": "熊本県山鹿市鹿本町御宇田７２２ー１", "緯度": 33.003836, "経度": 130.726581, "url": "https://www.iryou.teikyouseido.mhlw.go.jp/znk-web/juminkanja/S2430/initialize?prefCd=43&kikanCd=243540969&kikanKbn=2", "url2": null, "内容": "はとの眼科クリニック【2:診療所】【診療科目:眼科】熊本県山鹿市鹿本町御宇田７２２ー１" }, "geometry": { "type": "Point", "coordinates": [ 130.726581, 33.003836 ] } },
{ "type": "Feature", "properties": { "ID": 432243540972, "正式名称": "田原坂クリニック", "機関区分": 2, "都道府県コード": 43, "市区町村コード": 105, "所在地": "熊本県熊本市北区植木町平原２１２", "緯度": 32.921209, "経度": 130.655124, "url": "https://www.iryou.teikyouseido.mhlw.go.jp/znk-web/juminkanja/S2430/initialize?prefCd=43&kikanCd=243540972&kikanKbn=2", "url2": "http://www.touyoukai.comhyokai.com", "内容": "田原坂クリニック【2:診療所】【診療科目:内科_循環器内科_外科_消化器外科】熊本県熊本市北区植木町平原２１２" }, "geometry": { "type": "Point", "coordinates": [ 130.655124, 32.921209 ] } },
{ "type": "Feature", "properties": { "ID": 432243540985, "正式名称": "さがわ医院", "機関区分": 2, "都道府県コード": 43, "市区町村コード": 208, "所在地": "熊本県山鹿市山鹿１４０８ー４", "緯度": 33.018158, "経度": 130.689281, "url": "https://www.iryou.teikyouseido.mhlw.go.jp/znk-web/juminkanja/S2430/initialize?prefCd=43&kikanCd=243540985&kikanKbn=2", "url2": null, "内容": "さがわ医院【2:診療所】【診療科目:内科_外科_リハビリテーション科_胃腸科、こう門科】熊本県山鹿市山鹿１４０８ー４" }, "geometry": { "type": "Point", "coordinates": [ 130.689281, 33.018158 ] } },
{ "type": "Feature", "properties": { "ID": 432243541009, "正式名称": "松永整形外科リウマチ科", "機関区分": 2, "都道府県コード": 43, "市区町村コード": 208, "所在地": "熊本県山鹿市方保田３１４２", "緯度": 33.008004, "経度": 130.716351, "url": "https://www.iryou.teikyouseido.mhlw.go.jp/znk-web/juminkanja/S2430/initialize?prefCd=43&kikanCd=243541009&kikanKbn=2", "url2": null, "内容": "松永整形外科リウマチ科【2:診療所】【診療科目:内科_外科_整形外科_リウマチ科_リハビリテーション科】熊本県山鹿市方保田３１４２" }, "geometry": { "type": "Point", "coordinates": [ 130.716351, 33.008004 ] } },
{ "type": "Feature", "properties": { "ID": 432243541025, "正式名称": "まえはら泌尿器科クリニック", "機関区分": 2, "都道府県コード": 43, "市区町村コード": 208, "所在地": "熊本県山鹿市中９７５ー３", "緯度": 33.015753, "経度": 130.705386, "url": "https://www.iryou.teikyouseido.mhlw.go.jp/znk-web/juminkanja/S2430/initialize?prefCd=43&kikanCd=243541025&kikanKbn=2", "url2": "https://www.shoyokai.com/", "内容": "まえはら泌尿器科クリニック【2:診療所】【診療科目:腎臓内科_泌尿器科】熊本県山鹿市中９７５ー３" }, "geometry": { "type": "Point", "coordinates": [ 130.705386, 33.015753 ] } },
{ "type": "Feature", "properties": { "ID": 432243541041, "正式名称": "武内医院", "機関区分": 2, "都道府県コード": 43, "市区町村コード": 208, "所在地": "熊本県山鹿市鹿本町来民６９３", "緯度": 33.001442, "経度": 130.741072, "url": "https://www.iryou.teikyouseido.mhlw.go.jp/znk-web/juminkanja/S2430/initialize?prefCd=43&kikanCd=243541041&kikanKbn=2", "url2": "https://www.takeuchiclinic.or.jp/", "内容": "武内医院【2:診療所】【診療科目:内科_脳神経内科_呼吸器内科_循環器内科_消化器内科_腎臓内科_神経内科_外科_形成外科_小児科_皮膚科_美容皮膚科_泌尿器科_腎臓・泌尿器科_アレルギー科_リウマチ科_リハビリテーション科】熊本県山鹿市鹿本町来民６９３" }, "geometry": { "type": "Point", "coordinates": [ 130.741072, 33.001442 ] } },
{ "type": "Feature", "properties": { "ID": 432243541067, "正式名称": "大橋通クリニック", "機関区分": 2, "都道府県コード": 43, "市区町村コード": 208, "所在地": "熊本県山鹿市大橋通７０３", "緯度": 33.011756, "経度": 130.686032, "url": "https://www.iryou.teikyouseido.mhlw.go.jp/znk-web/juminkanja/S2430/initialize?prefCd=43&kikanCd=243541067&kikanKbn=2", "url2": null, "内容": "大橋通クリニック【2:診療所】【診療科目:内科_消化器内科_外科_肛門外科_整形外科_リハビリテーション科】熊本県山鹿市大橋通７０３" }, "geometry": { "type": "Point", "coordinates": [ 130.686032, 33.011756 ] } },
{ "type": "Feature", "properties": { "ID": 432243541070, "正式名称": "東内科小児科医院", "機関区分": 2, "都道府県コード": 43, "市区町村コード": 208, "所在地": "熊本県山鹿市方保田３１４５ー６", "緯度": 33.007646, "経度": 130.716876, "url": "https://www.iryou.teikyouseido.mhlw.go.jp/znk-web/juminkanja/S2430/initialize?prefCd=43&kikanCd=243541070&kikanKbn=2", "url2": null, "内容": "東内科小児科医院【2:診療所】【診療科目:内科_小児科_皮膚科_胃腸科】熊本県山鹿市方保田３１４５ー６" }, "geometry": { "type": "Point", "coordinates": [ 130.716876, 33.007646 ] } },
{ "type": "Feature", "properties": { "ID": 432243541096, "正式名称": "よねむら眼科クリニック", "機関区分": 2, "都道府県コード": 43, "市区町村コード": 105, "所在地": "熊本県熊本市北区植木町広住３９７ー１", "緯度": 32.900927, "経度": 130.69273, "url": "https://www.iryou.teikyouseido.mhlw.go.jp/znk-web/juminkanja/S2430/initialize?prefCd=43&kikanCd=243541096&kikanKbn=2", "url2": "http://www.myclinic.ne.jp/yonemura/pc", "内容": "よねむら眼科クリニック【2:診療所】【診療科目:眼科】熊本県熊本市北区植木町広住３９７ー１" }, "geometry": { "type": "Point", "coordinates": [ 130.69273, 32.900927 ] } },
{ "type": "Feature", "properties": { "ID": 432243541100, "正式名称": "藤原クリニック", "機関区分": 2, "都道府県コード": 43, "市区町村コード": 208, "所在地": "熊本県山鹿市南島３８７", "緯度": 32.991403, "経度": 130.695406, "url": "https://www.iryou.teikyouseido.mhlw.go.jp/znk-web/juminkanja/S2430/initialize?prefCd=43&kikanCd=243541100&kikanKbn=2", "url2": null, "内容": "藤原クリニック【2:診療所】【診療科目:内科_整形外科_リウマチ科_リハビリテーション科】熊本県山鹿市南島３８７" }, "geometry": { "type": "Point", "coordinates": [ 130.695406, 32.991403 ] } },
{ "type": "Feature", "properties": { "ID": 432243541139, "正式名称": "やまがクリニック", "機関区分": 2, "都道府県コード": 43, "市区町村コード": 208, "所在地": "熊本県山鹿市方保田３６４３ー１", "緯度": 33.005629, "経度": 130.717671, "url": "https://www.iryou.teikyouseido.mhlw.go.jp/znk-web/juminkanja/S2430/initialize?prefCd=43&kikanCd=243541139&kikanKbn=2", "url2": "http://www.yamagaclinic.com/", "内容": "やまがクリニック【2:診療所】【診療科目:耳鼻いんこう科_アレルギー科】熊本県山鹿市方保田３６４３ー１" }, "geometry": { "type": "Point", "coordinates": [ 130.717671, 33.005629 ] } },
{ "type": "Feature", "properties": { "ID": 432243541142, "正式名称": "坂本医院", "機関区分": 2, "都道府県コード": 43, "市区町村コード": 208, "所在地": "熊本県山鹿市平山５４４２ー１", "緯度": 33.050805, "経度": 130.660091, "url": "https://www.iryou.teikyouseido.mhlw.go.jp/znk-web/juminkanja/S2430/initialize?prefCd=43&kikanCd=243541142&kikanKbn=2", "url2": null, "内容": "坂本医院【2:診療所】【診療科目:内科_小児科】熊本県山鹿市平山５４４２ー１" }, "geometry": { "type": "Point", "coordinates": [ 130.660091, 33.050805 ] } },
{ "type": "Feature", "properties": { "ID": 432243541184, "正式名称": "吉里医院", "機関区分": 2, "都道府県コード": 43, "市区町村コード": 208, "所在地": "熊本県山鹿市古閑１０７５ー９", "緯度": 33.009354, "経度": 130.709438, "url": "https://www.iryou.teikyouseido.mhlw.go.jp/znk-web/juminkanja/S2430/initialize?prefCd=43&kikanCd=243541184&kikanKbn=2", "url2": null, "内容": "吉里医院【2:診療所】【診療科目:内科_糖尿病・代謝内科】熊本県山鹿市古閑１０７５ー９" }, "geometry": { "type": "Point", "coordinates": [ 130.709438, 33.009354 ] } },
{ "type": "Feature", "properties": { "ID": 432243541201, "正式名称": "佐藤泌尿器科クリニック", "機関区分": 2, "都道府県コード": 43, "市区町村コード": 208, "所在地": "熊本県山鹿市新町２０４", "緯度": 33.017575, "経度": 130.683407, "url": "https://www.iryou.teikyouseido.mhlw.go.jp/znk-web/juminkanja/S2430/initialize?prefCd=43&kikanCd=243541201&kikanKbn=2", "url2": null, "内容": "佐藤泌尿器科クリニック【2:診療所】【診療科目:内科_泌尿器科】熊本県山鹿市新町２０４" }, "geometry": { "type": "Point", "coordinates": [ 130.683407, 33.017575 ] } },
{ "type": "Feature", "properties": { "ID": 432243541230, "正式名称": "中村眼科", "機関区分": 2, "都道府県コード": 43, "市区町村コード": 208, "所在地": "熊本県山鹿市山鹿９９２－８", "緯度": 33.015602, "経度": 130.691253, "url": "https://www.iryou.teikyouseido.mhlw.go.jp/znk-web/juminkanja/S2430/initialize?prefCd=43&kikanCd=243541230&kikanKbn=2", "url2": "https://nakamura-eye-clinic.jp", "内容": "中村眼科【2:診療所】【診療科目:眼科】熊本県山鹿市山鹿９９２－８" }, "geometry": { "type": "Point", "coordinates": [ 130.691253, 33.015602 ] } },
{ "type": "Feature", "properties": { "ID": 432243550018, "正式名称": "赤星医院", "機関区分": 2, "都道府県コード": 43, "市区町村コード": 210, "所在地": "熊本県菊池市隈府７１９", "緯度": 32.976505, "経度": 130.801698, "url": "https://www.iryou.teikyouseido.mhlw.go.jp/znk-web/juminkanja/S2430/initialize?prefCd=43&kikanCd=243550018&kikanKbn=2", "url2": null, "内容": "赤星医院【2:診療所】【診療科目:内科_呼吸器内科_皮膚科】熊本県菊池市隈府７１９" }, "geometry": { "type": "Point", "coordinates": [ 130.801698, 32.976505 ] } },
{ "type": "Feature", "properties": { "ID": 432243550021, "正式名称": "岩根クリニック", "機関区分": 2, "都道府県コード": 43, "市区町村コード": 210, "所在地": "熊本県菊池市隈府１１０", "緯度": 32.98261, "経度": 130.807819, "url": "https://www.iryou.teikyouseido.mhlw.go.jp/znk-web/juminkanja/S2430/initialize?prefCd=43&kikanCd=243550021&kikanKbn=2", "url2": null, "内容": "岩根クリニック【2:診療所】【診療科目:外科_消化器科、胃腸科】熊本県菊池市隈府１１０" }, "geometry": { "type": "Point", "coordinates": [ 130.807819, 32.98261 ] } },
{ "type": "Feature", "properties": { "ID": 432243550092, "正式名称": "後藤整形外科医院", "機関区分": 2, "都道府県コード": 43, "市区町村コード": 210, "所在地": "熊本県菊池市隈府９２３", "緯度": 32.981983, "経度": 130.811533, "url": "https://www.iryou.teikyouseido.mhlw.go.jp/znk-web/juminkanja/S2430/initialize?prefCd=43&kikanCd=243550092&kikanKbn=2", "url2": "https://www.gotoh.or.jp", "内容": "後藤整形外科医院【2:診療所】【診療科目:整形外科_リハビリテーション科】熊本県菊池市隈府９２３" }, "geometry": { "type": "Point", "coordinates": [ 130.811533, 32.981983 ] } },
{ "type": "Feature", "properties": { "ID": 432243550122, "正式名称": "城間クリニック", "機関区分": 2, "都道府県コード": 43, "市区町村コード": 210, "所在地": "熊本県菊池市隈府９５２", "緯度": 32.984058, "経度": 130.813744, "url": "https://www.iryou.teikyouseido.mhlw.go.jp/znk-web/juminkanja/S2430/initialize?prefCd=43&kikanCd=243550122&kikanKbn=2", "url2": null, "内容": "城間クリニック【2:診療所】【診療科目:整形外科】熊本県菊池市隈府９５２" }, "geometry": { "type": "Point", "coordinates": [ 130.813744, 32.984058 ] } },
{ "type": "Feature", "properties": { "ID": 432243550193, "正式名称": "古荘医院", "機関区分": 2, "都道府県コード": 43, "市区町村コード": 210, "所在地": "熊本県菊池市隈府１６２", "緯度": 32.983342, "経度": 130.810183, "url": "https://www.iryou.teikyouseido.mhlw.go.jp/znk-web/juminkanja/S2430/initialize?prefCd=43&kikanCd=243550193&kikanKbn=2", "url2": null, "内容": "古荘医院【2:診療所】【診療科目:内科_小児科】熊本県菊池市隈府１６２" }, "geometry": { "type": "Point", "coordinates": [ 130.810183, 32.983342 ] } },
{ "type": "Feature", "properties": { "ID": 432243550278, "正式名称": "斎藤産婦人科医院", "機関区分": 2, "都道府県コード": 43, "市区町村コード": 210, "所在地": "熊本県菊池市片角２９４ー２", "緯度": 32.97715, "経度": 130.814358, "url": "https://www.iryou.teikyouseido.mhlw.go.jp/znk-web/juminkanja/S2430/initialize?prefCd=43&kikanCd=243550278&kikanKbn=2", "url2": "saitolcl.com", "内容": "斎藤産婦人科医院【2:診療所】【診療科目:産婦人科】熊本県菊池市片角２９４ー２" }, "geometry": { "type": "Point", "coordinates": [ 130.814358, 32.97715 ] } },
{ "type": "Feature", "properties": { "ID": 432243550308, "正式名称": "古田医院", "機関区分": 2, "都道府県コード": 43, "市区町村コード": 210, "所在地": "熊本県菊池市七城町甲佐町２９６", "緯度": 32.968834, "経度": 130.769474, "url": "https://www.iryou.teikyouseido.mhlw.go.jp/znk-web/juminkanja/S2430/initialize?prefCd=43&kikanCd=243550308&kikanKbn=2", "url2": null, "内容": "古田医院【2:診療所】【診療科目:内科_循環器内科】熊本県菊池市七城町甲佐町２９６" }, "geometry": { "type": "Point", "coordinates": [ 130.769474, 32.968834 ] } },
{ "type": "Feature", "properties": { "ID": 432243550395, "正式名称": "みやがわ内科・糖尿病内科", "機関区分": 2, "都道府県コード": 43, "市区町村コード": 216, "所在地": "熊本県合志市栄２４９７ー１０", "緯度": 32.9039, "経度": 130.770269, "url": "https://www.iryou.teikyouseido.mhlw.go.jp/znk-web/juminkanja/S2430/initialize?prefCd=43&kikanCd=243550395&kikanKbn=2", "url2": "https://www.miyagawa-hospital.net/", "内容": "みやがわ内科・糖尿病内科【2:診療所】【診療科目:内科_糖尿病内科_代謝内科_内分泌内科_脂質代謝内科_循環器内科】熊本県合志市栄２４９７ー１０" }, "geometry": { "type": "Point", "coordinates": [ 130.770269, 32.9039 ] } },
{ "type": "Feature", "properties": { "ID": 432243550412, "正式名称": "救護施設菊池園", "機関区分": 2, "都道府県コード": 43, "市区町村コード": 210, "所在地": "熊本県菊池市泗水町吉富１７ー１", "緯度": 32.937791, "経度": 130.795236, "url": "https://www.iryou.teikyouseido.mhlw.go.jp/znk-web/juminkanja/S2430/initialize?prefCd=43&kikanCd=243550412&kikanKbn=2", "url2": "http://www.kikutien.ecnet.jp/", "内容": "救護施設菊池園【2:診療所】【診療科目:内科】熊本県菊池市泗水町吉富１７ー１" }, "geometry": { "type": "Point", "coordinates": [ 130.795236, 32.937791 ] } },
{ "type": "Feature", "properties": { "ID": 432243550425, "正式名称": "清原医院", "機関区分": 2, "都道府県コード": 43, "市区町村コード": 210, "所在地": "熊本県菊池市泗水町福本７７５", "緯度": 32.92238, "経度": 130.77455, "url": "https://www.iryou.teikyouseido.mhlw.go.jp/znk-web/juminkanja/S2430/initialize?prefCd=43&kikanCd=243550425&kikanKbn=2", "url2": null, "内容": "清原医院【2:診療所】【診療科目:内科_小児科】熊本県菊池市泗水町福本７７５" }, "geometry": { "type": "Point", "coordinates": [ 130.77455, 32.92238 ] } },
{ "type": "Feature", "properties": { "ID": 432243550441, "正式名称": "医療法人社団佳翔会　郷胃腸科内科クリニック", "機関区分": 2, "都道府県コード": 43, "市区町村コード": 210, "所在地": "熊本県菊池市泗水町豊水３７３８ー１", "緯度": 32.920893, "経度": 130.772658, "url": "https://www.iryou.teikyouseido.mhlw.go.jp/znk-web/juminkanja/S2430/initialize?prefCd=43&kikanCd=243550441&kikanKbn=2", "url2": null, "内容": "医療法人社団佳翔会　郷胃腸科内科クリニック【2:診療所】【診療科目:内科_消化器内科_胃腸内科】熊本県菊池市泗水町豊水３７３８ー１" }, "geometry": { "type": "Point", "coordinates": [ 130.772658, 32.920893 ] } },
{ "type": "Feature", "properties": { "ID": 432243550467, "正式名称": "公立菊池養生園診療所", "機関区分": 2, "都道府県コード": 43, "市区町村コード": 210, "所在地": "熊本県菊池市泗水町吉富２１９３ー１", "緯度": 32.932198, "経度": 130.784451, "url": "https://www.iryou.teikyouseido.mhlw.go.jp/znk-web/juminkanja/S2430/initialize?prefCd=43&kikanCd=243550467&kikanKbn=2", "url2": "http://www.yojoen.or.jp", "内容": "公立菊池養生園診療所【2:診療所】【診療科目:内科_循環器内科_消化器内科_腎臓内科_小児科_精神科_心療内科】熊本県菊池市泗水町吉富２１９３ー１" }, "geometry": { "type": "Point", "coordinates": [ 130.784451, 32.932198 ] } },
{ "type": "Feature", "properties": { "ID": 432243550584, "正式名称": "森本整形外科医院", "機関区分": 2, "都道府県コード": 43, "市区町村コード": 216, "所在地": "熊本県合志市御代志１６６５ー１６６", "緯度": 32.887863, "経度": 130.745941, "url": "https://www.iryou.teikyouseido.mhlw.go.jp/znk-web/juminkanja/S2430/initialize?prefCd=43&kikanCd=243550584&kikanKbn=2", "url2": null, "内容": "森本整形外科医院【2:診療所】【診療科目:整形外科_形成外科_リウマチ科_リハビリテーション科】熊本県合志市御代志１６６５ー１６６" }, "geometry": { "type": "Point", "coordinates": [ 130.745941, 32.887863 ] } },
{ "type": "Feature", "properties": { "ID": 432243550627, "正式名称": "旭志石田医院", "機関区分": 2, "都道府県コード": 43, "市区町村コード": 210, "所在地": "熊本県菊池市旭志弁利８２ー１", "緯度": 32.956999, "経度": 130.862132, "url": "https://www.iryou.teikyouseido.mhlw.go.jp/znk-web/juminkanja/S2430/initialize?prefCd=43&kikanCd=243550627&kikanKbn=2", "url2": null, "内容": "旭志石田医院【2:診療所】【診療科目:内科_脳神経内科_循環器内科】熊本県菊池市旭志弁利８２ー１" }, "geometry": { "type": "Point", "coordinates": [ 130.862132, 32.956999 ] } },
{ "type": "Feature", "properties": { "ID": 432243550685, "正式名称": "平瀬内科医院", "機関区分": 2, "都道府県コード": 43, "市区町村コード": 216, "所在地": "熊本県合志市幾久富１９０９ー２２７", "緯度": 32.86397, "経度": 130.767787, "url": "https://www.iryou.teikyouseido.mhlw.go.jp/znk-web/juminkanja/S2430/initialize?prefCd=43&kikanCd=243550685&kikanKbn=2", "url2": "https://hirase.clinic/", "内容": "平瀬内科医院【2:診療所】【診療科目:内科】熊本県合志市幾久富１９０９ー２２７" }, "geometry": { "type": "Point", "coordinates": [ 130.767787, 32.86397 ] } },
{ "type": "Feature", "properties": { "ID": 432243550698, "正式名称": "みやの小児科", "機関区分": 2, "都道府県コード": 43, "市区町村コード": 216, "所在地": "熊本県合志市幾久富１８６６ー５１３", "緯度": 32.865828, "経度": 130.773871, "url": "https://www.iryou.teikyouseido.mhlw.go.jp/znk-web/juminkanja/S2430/initialize?prefCd=43&kikanCd=243550698&kikanKbn=2", "url2": "http://www.miyano-pd.jp/original3.htm/", "内容": "みやの小児科【2:診療所】【診療科目:内科_小児科】熊本県合志市幾久富１８６６ー５１３" }, "geometry": { "type": "Point", "coordinates": [ 130.773871, 32.865828 ] } },
{ "type": "Feature", "properties": { "ID": 432243550715, "正式名称": "温耳鼻咽喉科医院", "機関区分": 2, "都道府県コード": 43, "市区町村コード": 216, "所在地": "熊本県合志市幾久富１９０９ー５４７", "緯度": 32.863668, "経度": 130.773186, "url": "https://www.iryou.teikyouseido.mhlw.go.jp/znk-web/juminkanja/S2430/initialize?prefCd=43&kikanCd=243550715&kikanKbn=2", "url2": "https://on-entclinic.com/", "内容": "温耳鼻咽喉科医院【2:診療所】【診療科目:耳鼻いんこう科】熊本県合志市幾久富１９０９ー５４７" }, "geometry": { "type": "Point", "coordinates": [ 130.773186, 32.863668 ] } },
{ "type": "Feature", "properties": { "ID": 432243550731, "正式名称": "三隅内科医院", "機関区分": 2, "都道府県コード": 43, "市区町村コード": 216, "所在地": "熊本県合志市豊岡２０００ー５９６", "緯度": 32.867381, "経度": 130.76244, "url": "https://www.iryou.teikyouseido.mhlw.go.jp/znk-web/juminkanja/S2430/initialize?prefCd=43&kikanCd=243550731&kikanKbn=2", "url2": null, "内容": "三隅内科医院【2:診療所】【診療科目:内科_糖尿病・代謝内科】熊本県合志市豊岡２０００ー５９６" }, "geometry": { "type": "Point", "coordinates": [ 130.76244, 32.867381 ] } },
{ "type": "Feature", "properties": { "ID": 432243550744, "正式名称": "牧診療所", "機関区分": 2, "都道府県コード": 43, "市区町村コード": 210, "所在地": "熊本県菊池市深川４００", "緯度": 32.969603, "経度": 130.801673, "url": "https://www.iryou.teikyouseido.mhlw.go.jp/znk-web/juminkanja/S2430/initialize?prefCd=43&kikanCd=243550744&kikanKbn=2", "url2": null, "内容": "牧診療所【2:診療所】【診療科目:内科_消化器内科_内視鏡内科_精神科】熊本県菊池市深川４００" }, "geometry": { "type": "Point", "coordinates": [ 130.801673, 32.969603 ] } },
{ "type": "Feature", "properties": { "ID": 432243550757, "正式名称": "医療法人社団庄嶋会　庄嶋医院", "機関区分": 2, "都道府県コード": 43, "市区町村コード": 216, "所在地": "熊本県合志市合生４０９５ー１", "緯度": 32.906479, "経度": 130.764592, "url": "https://www.iryou.teikyouseido.mhlw.go.jp/znk-web/juminkanja/S2430/initialize?prefCd=43&kikanCd=243550757&kikanKbn=2", "url2": null, "内容": "医療法人社団庄嶋会　庄嶋医院【2:診療所】【診療科目:内科_呼吸器内科_循環器内科_消化器内科_外科_血管外科_肛門外科_麻酔科_循環器科　内科　胃腸科　肛門科　血管外科　外科】熊本県合志市合生４０９５ー１" }, "geometry": { "type": "Point", "coordinates": [ 130.764592, 32.906479 ] } },
{ "type": "Feature", "properties": { "ID": 432243550760, "正式名称": "友田皮ふ科医院", "機関区分": 2, "都道府県コード": 43, "市区町村コード": 216, "所在地": "熊本県合志市幾久富１９０９ー９６４", "緯度": 32.864201, "経度": 130.773161, "url": "https://www.iryou.teikyouseido.mhlw.go.jp/znk-web/juminkanja/S2430/initialize?prefCd=43&kikanCd=243550760&kikanKbn=2", "url2": null, "内容": "友田皮ふ科医院【2:診療所】【診療科目:皮膚科】熊本県合志市幾久富１９０９ー９６４" }, "geometry": { "type": "Point", "coordinates": [ 130.773161, 32.864201 ] } },
{ "type": "Feature", "properties": { "ID": 432243550773, "正式名称": "かつき皮膚科医院", "機関区分": 2, "都道府県コード": 43, "市区町村コード": 210, "所在地": "熊本県菊池市大琳寺字東善寺２３５", "緯度": 32.974544, "経度": 130.805773, "url": "https://www.iryou.teikyouseido.mhlw.go.jp/znk-web/juminkanja/S2430/initialize?prefCd=43&kikanCd=243550773&kikanKbn=2", "url2": null, "内容": "かつき皮膚科医院【2:診療所】【診療科目:皮膚科】熊本県菊池市大琳寺字東善寺２３５" }, "geometry": { "type": "Point", "coordinates": [ 130.805773, 32.974544 ] } },
{ "type": "Feature", "properties": { "ID": 432243550832, "正式名称": "米田産婦人科医院", "機関区分": 2, "都道府県コード": 43, "市区町村コード": 210, "所在地": "熊本県菊池市隈府４９７ー１", "緯度": 32.979447, "経度": 130.805417, "url": "https://www.iryou.teikyouseido.mhlw.go.jp/znk-web/juminkanja/S2430/initialize?prefCd=43&kikanCd=243550832&kikanKbn=2", "url2": null, "内容": "米田産婦人科医院【2:診療所】【診療科目:産婦人科_麻酔科】熊本県菊池市隈府４９７ー１" }, "geometry": { "type": "Point", "coordinates": [ 130.805417, 32.979447 ] } },
{ "type": "Feature", "properties": { "ID": 432243550861, "正式名称": "菊池こどもクリニック", "機関区分": 2, "都道府県コード": 43, "市区町村コード": 210, "所在地": "熊本県菊池市大琳寺２７６ー３", "緯度": 32.975971, "経度": 130.807973, "url": "https://www.iryou.teikyouseido.mhlw.go.jp/znk-web/juminkanja/S2430/initialize?prefCd=43&kikanCd=243550861&kikanKbn=2", "url2": "http://hwm8.wh.qit.ne.jp/kikuchi-kids/", "内容": "菊池こどもクリニック【2:診療所】【診療科目:小児科】熊本県菊池市大琳寺２７６ー３" }, "geometry": { "type": "Point", "coordinates": [ 130.807973, 32.975971 ] } },
{ "type": "Feature", "properties": { "ID": 432243550874, "正式名称": "いのうえ眼科", "機関区分": 2, "都道府県コード": 43, "市区町村コード": 216, "所在地": "熊本県合志市須屋６７２ー７", "緯度": 32.85619, "経度": 130.72787, "url": "https://www.iryou.teikyouseido.mhlw.go.jp/znk-web/juminkanja/S2430/initialize?prefCd=43&kikanCd=243550874&kikanKbn=2", "url2": null, "内容": "いのうえ眼科【2:診療所】【診療科目:眼科】熊本県合志市須屋６７２ー７" }, "geometry": { "type": "Point", "coordinates": [ 130.72787, 32.85619 ] } },
{ "type": "Feature", "properties": { "ID": 432243550887, "正式名称": "宮本内科医院", "機関区分": 2, "都道府県コード": 43, "市区町村コード": 403, "所在地": "熊本県菊池郡大津町室５３９ー１０", "緯度": 32.875859, "経度": 130.862143, "url": "https://www.iryou.teikyouseido.mhlw.go.jp/znk-web/juminkanja/S2430/initialize?prefCd=43&kikanCd=243550887&kikanKbn=2", "url2": "http://www.miyamotonaika.com", "内容": "宮本内科医院【2:診療所】【診療科目:内科_糖尿病・代謝内科_人工透析内科_精神科_放射線科_胃腸科、循環器科】熊本県菊池郡大津町室５３９ー１０" }, "geometry": { "type": "Point", "coordinates": [ 130.862143, 32.875859 ] } },
{ "type": "Feature", "properties": { "ID": 432243550890, "正式名称": "中野クリニック", "機関区分": 2, "都道府県コード": 43, "市区町村コード": 210, "所在地": "熊本県菊池市大琳寺２７５ー１", "緯度": 32.975533, "経度": 130.808556, "url": "https://www.iryou.teikyouseido.mhlw.go.jp/znk-web/juminkanja/S2430/initialize?prefCd=43&kikanCd=243550890&kikanKbn=2", "url2": "ykurokawa2023.com", "内容": "中野クリニック【2:診療所】【診療科目:内科_糖尿病内科_循環器内科_腎臓内科_人工透析内科_美容皮膚科_泌尿器科_腎臓・泌尿器科】熊本県菊池市大琳寺２７５ー１" }, "geometry": { "type": "Point", "coordinates": [ 130.808556, 32.975533 ] } },
{ "type": "Feature", "properties": { "ID": 432243550917, "正式名称": "仁誠会クリニック大津", "機関区分": 2, "都道府県コード": 43, "市区町村コード": 404, "所在地": "熊本県菊池郡菊陽町原水２９７３", "緯度": 32.876906, "経度": 130.852652, "url": "https://www.iryou.teikyouseido.mhlw.go.jp/znk-web/juminkanja/S2430/initialize?prefCd=43&kikanCd=243550917&kikanKbn=2", "url2": "http://www.jinseikai.or.jp", "内容": "仁誠会クリニック大津【2:診療所】【診療科目:内科_腎臓内科_人工透析内科_皮膚科】熊本県菊池郡菊陽町原水２９７３" }, "geometry": { "type": "Point", "coordinates": [ 130.852652, 32.876906 ] } },
{ "type": "Feature", "properties": { "ID": 432243550933, "正式名称": "菊陽中部クリニック", "機関区分": 2, "都道府県コード": 43, "市区町村コード": 404, "所在地": "熊本県菊池郡菊陽町津久礼８６８ー５", "緯度": 32.858862, "経度": 130.82344, "url": "https://www.iryou.teikyouseido.mhlw.go.jp/znk-web/juminkanja/S2430/initialize?prefCd=43&kikanCd=243550933&kikanKbn=2", "url2": "http://www.kikuyochubu.com", "内容": "菊陽中部クリニック【2:診療所】【診療科目:内科_血液内科_リウマチ科】熊本県菊池郡菊陽町津久礼８６８ー５" }, "geometry": { "type": "Point", "coordinates": [ 130.82344, 32.858862 ] } },
{ "type": "Feature", "properties": { "ID": 432243550959, "正式名称": "柴田整形外科", "機関区分": 2, "都道府県コード": 43, "市区町村コード": 216, "所在地": "熊本県合志市須屋１９７９ー３", "緯度": 32.862173, "経度": 130.731545, "url": "https://www.iryou.teikyouseido.mhlw.go.jp/znk-web/juminkanja/S2430/initialize?prefCd=43&kikanCd=243550959&kikanKbn=2", "url2": null, "内容": "柴田整形外科【2:診療所】【診療科目:整形外科_リハビリテーション科】熊本県合志市須屋１９７９ー３" }, "geometry": { "type": "Point", "coordinates": [ 130.731545, 32.862173 ] } },
{ "type": "Feature", "properties": { "ID": 432243550991, "正式名称": "緒方整形外科医院", "機関区分": 2, "都道府県コード": 43, "市区町村コード": 216, "所在地": "熊本県合志市幾久富１７５８ー６９０", "緯度": 32.870361, "経度": 130.779386, "url": "https://www.iryou.teikyouseido.mhlw.go.jp/znk-web/juminkanja/S2430/initialize?prefCd=43&kikanCd=243550991&kikanKbn=2", "url2": "http://www.ogataseikeigeka.com/", "内容": "緒方整形外科医院【2:診療所】【診療科目:整形外科_リウマチ科_リハビリテーション科】熊本県合志市幾久富１７５８ー６９０" }, "geometry": { "type": "Point", "coordinates": [ 130.779386, 32.870361 ] } },
{ "type": "Feature", "properties": { "ID": 432243551002, "正式名称": "池田クリニック", "機関区分": 2, "都道府県コード": 43, "市区町村コード": 216, "所在地": "熊本県合志市幾久富１８６６ー１３３２", "緯度": 32.865312, "経度": 130.774181, "url": "https://www.iryou.teikyouseido.mhlw.go.jp/znk-web/juminkanja/S2430/initialize?prefCd=43&kikanCd=243551002&kikanKbn=2", "url2": "http://www.ikedaclinic.com/", "内容": "池田クリニック【2:診療所】【診療科目:婦人科_泌尿器科】熊本県合志市幾久富１８６６ー１３３２" }, "geometry": { "type": "Point", "coordinates": [ 130.774181, 32.865312 ] } },
{ "type": "Feature", "properties": { "ID": 432243551015, "正式名称": "河野整形外科医院", "機関区分": 2, "都道府県コード": 43, "市区町村コード": 210, "所在地": "熊本県菊池市北宮３４０ー１", "緯度": 32.975289, "経度": 130.8085, "url": "https://www.iryou.teikyouseido.mhlw.go.jp/znk-web/juminkanja/S2430/initialize?prefCd=43&kikanCd=243551015&kikanKbn=2", "url2": null, "内容": "河野整形外科医院【2:診療所】【診療科目:整形外科】熊本県菊池市北宮３４０ー１" }, "geometry": { "type": "Point", "coordinates": [ 130.8085, 32.975289 ] } },
{ "type": "Feature", "properties": { "ID": 432243551028, "正式名称": "菊池眼科", "機関区分": 2, "都道府県コード": 43, "市区町村コード": 210, "所在地": "熊本県菊池市片角２５８ー１", "緯度": 32.975875, "経度": 130.813433, "url": "https://www.iryou.teikyouseido.mhlw.go.jp/znk-web/juminkanja/S2430/initialize?prefCd=43&kikanCd=243551028&kikanKbn=2", "url2": "https://kikuchiganka.com/", "内容": "菊池眼科【2:診療所】【診療科目:眼科】熊本県菊池市片角２５８ー１" }, "geometry": { "type": "Point", "coordinates": [ 130.813433, 32.975875 ] } },
{ "type": "Feature", "properties": { "ID": 432243551057, "正式名称": "松岡耳鼻咽喉科医院", "機関区分": 2, "都道府県コード": 43, "市区町村コード": 404, "所在地": "熊本県菊池郡菊陽町津久礼２４２２ー１５", "緯度": 32.862868, "経度": 130.80137, "url": "https://www.iryou.teikyouseido.mhlw.go.jp/znk-web/juminkanja/S2430/initialize?prefCd=43&kikanCd=243551057&kikanKbn=2", "url2": "https://www.matsuokajibika.com", "内容": "松岡耳鼻咽喉科医院【2:診療所】【診療科目:耳鼻いんこう科_アレルギー科】熊本県菊池郡菊陽町津久礼２４２２ー１５" }, "geometry": { "type": "Point", "coordinates": [ 130.80137, 32.862868 ] } },
{ "type": "Feature", "properties": { "ID": 432243551060, "正式名称": "医療法人社団秀薫会田中医院", "機関区分": 2, "都道府県コード": 43, "市区町村コード": 210, "所在地": "熊本県菊池市泗水町吉富３１６９", "緯度": 32.935689, "経度": 130.782534, "url": "https://www.iryou.teikyouseido.mhlw.go.jp/znk-web/juminkanja/S2430/initialize?prefCd=43&kikanCd=243551060&kikanKbn=2", "url2": null, "内容": "医療法人社団秀薫会田中医院【2:診療所】【診療科目:内科_胃腸内科_外科_胃腸科】熊本県菊池市泗水町吉富３１６９" }, "geometry": { "type": "Point", "coordinates": [ 130.782534, 32.935689 ] } },
{ "type": "Feature", "properties": { "ID": 432243551073, "正式名称": "安武眼科医院", "機関区分": 2, "都道府県コード": 43, "市区町村コード": 213, "所在地": "熊本県宇城市松橋町松橋５７０", "緯度": 32.651349, "経度": 130.67951, "url": "https://www.iryou.teikyouseido.mhlw.go.jp/znk-web/juminkanja/S2430/initialize?prefCd=43&kikanCd=243551073&kikanKbn=2", "url2": "http://www5.plala.or.jp/Yasutake_Eye/index.html", "内容": "安武眼科医院【2:診療所】【診療科目:眼科】熊本県宇城市松橋町松橋５７０" }, "geometry": { "type": "Point", "coordinates": [ 130.67951, 32.651349 ] } },
{ "type": "Feature", "properties": { "ID": 432243551099, "正式名称": "山岡胃腸科内科", "機関区分": 2, "都道府県コード": 43, "市区町村コード": 216, "所在地": "熊本県合志市幾久富１７５８ー１４５", "緯度": 32.867359, "経度": 130.78098, "url": "https://www.iryou.teikyouseido.mhlw.go.jp/znk-web/juminkanja/S2430/initialize?prefCd=43&kikanCd=243551099&kikanKbn=2", "url2": null, "内容": "山岡胃腸科内科【2:診療所】【診療科目:内科_消化器内科】熊本県合志市幾久富１７５８ー１４５" }, "geometry": { "type": "Point", "coordinates": [ 130.78098, 32.867359 ] } },
{ "type": "Feature", "properties": { "ID": 432243551103, "正式名称": "岸眼科", "機関区分": 2, "都道府県コード": 43, "市区町村コード": 210, "所在地": "熊本県菊池市泗水町豊水３３８８ー１", "緯度": 32.925723, "経度": 130.773135, "url": "https://www.iryou.teikyouseido.mhlw.go.jp/znk-web/juminkanja/S2430/initialize?prefCd=43&kikanCd=243551103&kikanKbn=2", "url2": "https://www.kishiganka.com", "内容": "岸眼科【2:診療所】【診療科目:眼科】熊本県菊池市泗水町豊水３３８８ー１" }, "geometry": { "type": "Point", "coordinates": [ 130.773135, 32.925723 ] } },
{ "type": "Feature", "properties": { "ID": 432243551145, "正式名称": "菊陽あきたクリニック", "機関区分": 2, "都道府県コード": 43, "市区町村コード": 404, "所在地": "熊本県菊池郡菊陽町原水１１５６ー１３", "緯度": 32.864509, "経度": 130.826576, "url": "https://www.iryou.teikyouseido.mhlw.go.jp/znk-web/juminkanja/S2430/initialize?prefCd=43&kikanCd=243551145&kikanKbn=2", "url2": null, "内容": "菊陽あきたクリニック【2:診療所】【診療科目:内科_呼吸器内科_消化器内科_外科】熊本県菊池郡菊陽町原水１１５６ー１３" }, "geometry": { "type": "Point", "coordinates": [ 130.826576, 32.864509 ] } },
{ "type": "Feature", "properties": { "ID": 432243551158, "正式名称": "しもむら整形外科医院", "機関区分": 2, "都道府県コード": 43, "市区町村コード": 404, "所在地": "熊本県菊池郡菊陽町津久礼２２３２ー１", "緯度": 32.858968, "経度": 130.794218, "url": "https://www.iryou.teikyouseido.mhlw.go.jp/znk-web/juminkanja/S2430/initialize?prefCd=43&kikanCd=243551158&kikanKbn=2", "url2": null, "内容": "しもむら整形外科医院【2:診療所】【診療科目:整形外科_リハビリテーション科】熊本県菊池郡菊陽町津久礼２２３２ー１" }, "geometry": { "type": "Point", "coordinates": [ 130.794218, 32.858968 ] } },
{ "type": "Feature", "properties": { "ID": 432243551187, "正式名称": "副島耳鼻咽喉科クリニック", "機関区分": 2, "都道府県コード": 43, "市区町村コード": 216, "所在地": "熊本県合志市須屋２５２６ー１", "緯度": 32.871747, "経度": 130.741905, "url": "https://www.iryou.teikyouseido.mhlw.go.jp/znk-web/juminkanja/S2430/initialize?prefCd=43&kikanCd=243551187&kikanKbn=2", "url2": null, "内容": "副島耳鼻咽喉科クリニック【2:診療所】【診療科目:耳鼻いんこう科_頭頸部・耳鼻いんこう科_アレルギー科】熊本県合志市須屋２５２６ー１" }, "geometry": { "type": "Point", "coordinates": [ 130.741905, 32.871747 ] } },
{ "type": "Feature", "properties": { "ID": 432243551217, "正式名称": "大森医院", "機関区分": 2, "都道府県コード": 43, "市区町村コード": 216, "所在地": "熊本県合志市竹迫１９８３ー２", "緯度": 32.892487, "経度": 130.798164, "url": "https://www.iryou.teikyouseido.mhlw.go.jp/znk-web/juminkanja/S2430/initialize?prefCd=43&kikanCd=243551217&kikanKbn=2", "url2": null, "内容": "大森医院【2:診療所】【診療科目:内科_麻酔科】熊本県合志市竹迫１９８３ー２" }, "geometry": { "type": "Point", "coordinates": [ 130.798164, 32.892487 ] } },
{ "type": "Feature", "properties": { "ID": 432243551220, "正式名称": "ひかりヶ丘眼科・内科医院", "機関区分": 2, "都道府県コード": 43, "市区町村コード": 216, "所在地": "熊本県合志市幾久富１９０９ー１３７９", "緯度": 32.863551, "経度": 130.773725, "url": "https://www.iryou.teikyouseido.mhlw.go.jp/znk-web/juminkanja/S2430/initialize?prefCd=43&kikanCd=243551220&kikanKbn=2", "url2": "http://hikarigaoka-ganka-naika-iin.com/", "内容": "ひかりヶ丘眼科・内科医院【2:診療所】【診療科目:内科_眼科】熊本県合志市幾久富１９０９ー１３７９" }, "geometry": { "type": "Point", "coordinates": [ 130.773725, 32.863551 ] } },
{ "type": "Feature", "properties": { "ID": 432243551233, "正式名称": "播磨医院", "機関区分": 2, "都道府県コード": 43, "市区町村コード": 216, "所在地": "熊本県合志市幾久富１８６６ー３４３", "緯度": 32.867203, "経度": 130.777539, "url": "https://www.iryou.teikyouseido.mhlw.go.jp/znk-web/juminkanja/S2430/initialize?prefCd=43&kikanCd=243551233&kikanKbn=2", "url2": "http://www.harima.clinic-hp.com/", "内容": "播磨医院【2:診療所】【診療科目:内科_呼吸器内科_循環器内科_消化器内科_外科_肛門外科_整形外科_形成外科_美容外科_眼科_皮膚科】熊本県合志市幾久富１８６６ー３４３" }, "geometry": { "type": "Point", "coordinates": [ 130.777539, 32.867203 ] } },
{ "type": "Feature", "properties": { "ID": 432243551262, "正式名称": "菊陽レディースクリニック", "機関区分": 2, "都道府県コード": 43, "市区町村コード": 404, "所在地": "熊本県菊池郡菊陽町新山２ー８ー２３", "緯度": 32.866021, "経度": 130.782138, "url": "https://www.iryou.teikyouseido.mhlw.go.jp/znk-web/juminkanja/S2430/initialize?prefCd=43&kikanCd=243551262&kikanKbn=2", "url2": "http://www.kikuyou-lc.com/", "内容": "菊陽レディースクリニック【2:診療所】【診療科目:小児科_産婦人科】熊本県菊池郡菊陽町新山２ー８ー２３" }, "geometry": { "type": "Point", "coordinates": [ 130.782138, 32.866021 ] } },
{ "type": "Feature", "properties": { "ID": 432243551275, "正式名称": "えうら耳鼻咽喉科クリニック", "機関区分": 2, "都道府県コード": 43, "市区町村コード": 403, "所在地": "熊本県菊池郡大津町室２１０ー６", "緯度": 32.876609, "経度": 130.863751, "url": "https://www.iryou.teikyouseido.mhlw.go.jp/znk-web/juminkanja/S2430/initialize?prefCd=43&kikanCd=243551275&kikanKbn=2", "url2": null, "内容": "えうら耳鼻咽喉科クリニック【2:診療所】【診療科目:耳鼻いんこう科_アレルギー科】熊本県菊池郡大津町室２１０ー６" }, "geometry": { "type": "Point", "coordinates": [ 130.863751, 32.876609 ] } },
{ "type": "Feature", "properties": { "ID": 432243551291, "正式名称": "杜の里　かねこクリニック", "機関区分": 2, "都道府県コード": 43, "市区町村コード": 210, "所在地": "熊本県菊池市藤田４０ー１", "緯度": 32.978234, "経度": 130.824626, "url": "https://www.iryou.teikyouseido.mhlw.go.jp/znk-web/juminkanja/S2430/initialize?prefCd=43&kikanCd=243551291&kikanKbn=2", "url2": null, "内容": "杜の里　かねこクリニック【2:診療所】【診療科目:内科_胃腸内科_外科】熊本県菊池市藤田４０ー１" }, "geometry": { "type": "Point", "coordinates": [ 130.824626, 32.978234 ] } },
{ "type": "Feature", "properties": { "ID": 432243551318, "正式名称": "たしろクリニック", "機関区分": 2, "都道府県コード": 43, "市区町村コード": 403, "所在地": "熊本県菊池郡大津町大津１２１２ー２７", "緯度": 32.876046, "経度": 130.870017, "url": "https://www.iryou.teikyouseido.mhlw.go.jp/znk-web/juminkanja/S2430/initialize?prefCd=43&kikanCd=243551318&kikanKbn=2", "url2": null, "内容": "たしろクリニック【2:診療所】【診療科目:内科_消化器内科_胃腸内科_大腸・肛門外科】熊本県菊池郡大津町大津１２１２ー２７" }, "geometry": { "type": "Point", "coordinates": [ 130.870017, 32.876046 ] } },
{ "type": "Feature", "properties": { "ID": 432243551321, "正式名称": "河野内科クリニック", "機関区分": 2, "都道府県コード": 43, "市区町村コード": 404, "所在地": "熊本県菊池郡菊陽町津久礼３０１１ー４", "緯度": 32.86542, "経度": 130.790076, "url": "https://www.iryou.teikyouseido.mhlw.go.jp/znk-web/juminkanja/S2430/initialize?prefCd=43&kikanCd=243551321&kikanKbn=2", "url2": "http://www.myclinic.ne.jp/kawanocl/pc", "内容": "河野内科クリニック【2:診療所】【診療科目:内科_呼吸器内科_循環器内科_消化器内科_小児科_アレルギー科】熊本県菊池郡菊陽町津久礼３０１１ー４" }, "geometry": { "type": "Point", "coordinates": [ 130.790076, 32.86542 ] } },
{ "type": "Feature", "properties": { "ID": 432243551334, "正式名称": "よしもと小児科", "機関区分": 2, "都道府県コード": 43, "市区町村コード": 404, "所在地": "熊本県菊池郡菊陽町原水１１５６ー２", "緯度": 32.864404, "経度": 130.826082, "url": "https://www.iryou.teikyouseido.mhlw.go.jp/znk-web/juminkanja/S2430/initialize?prefCd=43&kikanCd=243551334&kikanKbn=2", "url2": "http://yoshimoto-kids.com/", "内容": "よしもと小児科【2:診療所】【診療科目:小児科_アレルギー科】熊本県菊池郡菊陽町原水１１５６ー２" }, "geometry": { "type": "Point", "coordinates": [ 130.826082, 32.864404 ] } },
{ "type": "Feature", "properties": { "ID": 432243551347, "正式名称": "医療法人　堀田眼科", "機関区分": 2, "都道府県コード": 43, "市区町村コード": 404, "所在地": "熊本県菊池郡菊陽町久保田２８０２ー１", "緯度": 32.862643, "経度": 130.829582, "url": "https://www.iryou.teikyouseido.mhlw.go.jp/znk-web/juminkanja/S2430/initialize?prefCd=43&kikanCd=243551347&kikanKbn=2", "url2": null, "内容": "医療法人　堀田眼科【2:診療所】【診療科目:眼科】熊本県菊池郡菊陽町久保田２８０２ー１" }, "geometry": { "type": "Point", "coordinates": [ 130.829582, 32.862643 ] } },
{ "type": "Feature", "properties": { "ID": 432243551350, "正式名称": "むさし眼科クリニック", "機関区分": 2, "都道府県コード": 43, "市区町村コード": 216, "所在地": "熊本県合志市幾久富１９０９ー５４５", "緯度": 32.864187, "経度": 130.772696, "url": "https://www.iryou.teikyouseido.mhlw.go.jp/znk-web/juminkanja/S2430/initialize?prefCd=43&kikanCd=243551350&kikanKbn=2", "url2": null, "内容": "むさし眼科クリニック【2:診療所】【診療科目:眼科】熊本県合志市幾久富１９０９ー５４５" }, "geometry": { "type": "Point", "coordinates": [ 130.772696, 32.864187 ] } },
{ "type": "Feature", "properties": { "ID": 432243551363, "正式名称": "西山医院", "機関区分": 2, "都道府県コード": 43, "市区町村コード": 210, "所在地": "熊本県菊池市隈府１１５ー４", "緯度": 32.982274, "経度": 130.808808, "url": "https://www.iryou.teikyouseido.mhlw.go.jp/znk-web/juminkanja/S2430/initialize?prefCd=43&kikanCd=243551363&kikanKbn=2", "url2": "https://www.nishiyamaiin.com", "内容": "西山医院【2:診療所】【診療科目:内科_小児科_リハビリテーション科_循環器科】熊本県菊池市隈府１１５ー４" }, "geometry": { "type": "Point", "coordinates": [ 130.808808, 32.982274 ] } },
{ "type": "Feature", "properties": { "ID": 432243551392, "正式名称": "いしはら皮ふ科クリニック", "機関区分": 2, "都道府県コード": 43, "市区町村コード": 403, "所在地": "熊本県菊池郡大津町室２１５ー８", "緯度": 32.875812, "経度": 130.864511, "url": "https://www.iryou.teikyouseido.mhlw.go.jp/znk-web/juminkanja/S2430/initialize?prefCd=43&kikanCd=243551392&kikanKbn=2", "url2": null, "内容": "いしはら皮ふ科クリニック【2:診療所】【診療科目:形成外科_皮膚科_アレルギー科】熊本県菊池郡大津町室２１５ー８" }, "geometry": { "type": "Point", "coordinates": [ 130.864511, 32.875812 ] } },
{ "type": "Feature", "properties": { "ID": 432243551419, "正式名称": "たに耳鼻咽喉科アレルギー科", "機関区分": 2, "都道府県コード": 43, "市区町村コード": 404, "所在地": "熊本県菊池郡菊陽町光の森６ー１ー３", "緯度": 32.86321, "経度": 130.78327, "url": "https://www.iryou.teikyouseido.mhlw.go.jp/znk-web/juminkanja/S2430/initialize?prefCd=43&kikanCd=243551419&kikanKbn=2", "url2": "http://paa.jp/t/147301/", "内容": "たに耳鼻咽喉科アレルギー科【2:診療所】【診療科目:耳鼻いんこう科_アレルギー科】熊本県菊池郡菊陽町光の森６ー１ー３" }, "geometry": { "type": "Point", "coordinates": [ 130.78327, 32.86321 ] } },
{ "type": "Feature", "properties": { "ID": 432243551435, "正式名称": "菊池広域保健センター", "機関区分": 2, "都道府県コード": 43, "市区町村コード": 210, "所在地": "熊本県菊池市泗水町吉富２１９３ー１", "緯度": 32.932167, "経度": 130.784375, "url": "https://www.iryou.teikyouseido.mhlw.go.jp/znk-web/juminkanja/S2430/initialize?prefCd=43&kikanCd=243551435&kikanKbn=2", "url2": null, "内容": "菊池広域保健センター【2:診療所】【診療科目:内科_小児科_放射線科_消化器科、循環器科】熊本県菊池市泗水町吉富２１９３ー１" }, "geometry": { "type": "Point", "coordinates": [ 130.784375, 32.932167 ] } },
{ "type": "Feature", "properties": { "ID": 432243551451, "正式名称": "たぶち内科循環器科", "機関区分": 2, "都道府県コード": 43, "市区町村コード": 404, "所在地": "熊本県菊池郡菊陽町光の森３ー１７ー３", "緯度": 32.862609, "経度": 130.781791, "url": "https://www.iryou.teikyouseido.mhlw.go.jp/znk-web/juminkanja/S2430/initialize?prefCd=43&kikanCd=243551451&kikanKbn=2", "url2": "http://www.tabuchi.e-doctor.info", "内容": "たぶち内科循環器科【2:診療所】【診療科目:循環器内科】熊本県菊池郡菊陽町光の森３ー１７ー３" }, "geometry": { "type": "Point", "coordinates": [ 130.781791, 32.862609 ] } },
{ "type": "Feature", "properties": { "ID": 432243551464, "正式名称": "かとう整形外科　光の森", "機関区分": 2, "都道府県コード": 43, "市区町村コード": 404, "所在地": "熊本県菊池郡菊陽町光の森３ー１７ー４", "緯度": 32.862593, "経度": 130.782188, "url": "https://www.iryou.teikyouseido.mhlw.go.jp/znk-web/juminkanja/S2430/initialize?prefCd=43&kikanCd=243551464&kikanKbn=2", "url2": "http://shiinokakai.or.jp", "内容": "かとう整形外科　光の森【2:診療所】【診療科目:整形外科_リウマチ科_リハビリテーション科】熊本県菊池郡菊陽町光の森３ー１７ー４" }, "geometry": { "type": "Point", "coordinates": [ 130.782188, 32.862593 ] } },
{ "type": "Feature", "properties": { "ID": 432243551477, "正式名称": "医療法人　宮交会　宮本内科クリニック", "機関区分": 2, "都道府県コード": 43, "市区町村コード": 210, "所在地": "熊本県菊池市隈府２７７ー２", "緯度": 32.980982, "経度": 130.809397, "url": "https://www.iryou.teikyouseido.mhlw.go.jp/znk-web/juminkanja/S2430/initialize?prefCd=43&kikanCd=243551477&kikanKbn=2", "url2": "https://m-clinic06.com/", "内容": "医療法人　宮交会　宮本内科クリニック【2:診療所】【診療科目:内科_循環器内科_小児科】熊本県菊池市隈府２７７ー２" }, "geometry": { "type": "Point", "coordinates": [ 130.809397, 32.980982 ] } },
{ "type": "Feature", "properties": { "ID": 432243551480, "正式名称": "しばた内科クリニック", "機関区分": 2, "都道府県コード": 43, "市区町村コード": 403, "所在地": "熊本県菊池郡大津町室５５", "緯度": 32.879051, "経度": 130.862693, "url": "https://www.iryou.teikyouseido.mhlw.go.jp/znk-web/juminkanja/S2430/initialize?prefCd=43&kikanCd=243551480&kikanKbn=2", "url2": "http://www.shibata-naika-clinic.com", "内容": "しばた内科クリニック【2:診療所】【診療科目:内科_呼吸器内科_消化器内科_アレルギー科】熊本県菊池郡大津町室５５" }, "geometry": { "type": "Point", "coordinates": [ 130.862693, 32.879051 ] } },
{ "type": "Feature", "properties": { "ID": 432243551493, "正式名称": "まつもとこどもクリニック", "機関区分": 2, "都道府県コード": 43, "市区町村コード": 216, "所在地": "熊本県合志市須屋２６４ー４", "緯度": 32.856266, "経度": 130.74655, "url": "https://www.iryou.teikyouseido.mhlw.go.jp/znk-web/juminkanja/S2430/initialize?prefCd=43&kikanCd=243551493&kikanKbn=2", "url2": "http://www.matsumoto-kodomo-clinic.com/", "内容": "まつもとこどもクリニック【2:診療所】【診療科目:小児科_精神科_アレルギー科】熊本県合志市須屋２６４ー４" }, "geometry": { "type": "Point", "coordinates": [ 130.74655, 32.856266 ] } },
{ "type": "Feature", "properties": { "ID": 432243551507, "正式名称": "いはら形成外科クリニック", "機関区分": 2, "都道府県コード": 43, "市区町村コード": 404, "所在地": "熊本県菊池郡菊陽町光の森７ー１４ー７", "緯度": 32.861426, "経度": 130.785327, "url": "https://www.iryou.teikyouseido.mhlw.go.jp/znk-web/juminkanja/S2430/initialize?prefCd=43&kikanCd=243551507&kikanKbn=2", "url2": "http://www.ihara-cl.com/", "内容": "いはら形成外科クリニック【2:診療所】【診療科目:形成外科_美容外科】熊本県菊池郡菊陽町光の森７ー１４ー７" }, "geometry": { "type": "Point", "coordinates": [ 130.785327, 32.861426 ] } },
{ "type": "Feature", "properties": { "ID": 432243551510, "正式名称": "ちとせ眼科", "機関区分": 2, "都道府県コード": 43, "市区町村コード": 404, "所在地": "熊本県菊池郡菊陽町光の森７ー３ー７", "緯度": 32.861432, "経度": 130.784341, "url": "https://www.iryou.teikyouseido.mhlw.go.jp/znk-web/juminkanja/S2430/initialize?prefCd=43&kikanCd=243551510&kikanKbn=2", "url2": "http://www.chitose-eye-clinic.jp/", "内容": "ちとせ眼科【2:診療所】【診療科目:眼科】熊本県菊池郡菊陽町光の森７ー３ー７" }, "geometry": { "type": "Point", "coordinates": [ 130.784341, 32.861432 ] } },
{ "type": "Feature", "properties": { "ID": 432243551523, "正式名称": "光の森メンタルクリニック", "機関区分": 2, "都道府県コード": 43, "市区町村コード": 404, "所在地": "熊本県菊池郡菊陽町光の森７ー４１ー４", "緯度": 32.857619, "経度": 130.783196, "url": "https://www.iryou.teikyouseido.mhlw.go.jp/znk-web/juminkanja/S2430/initialize?prefCd=43&kikanCd=243551523&kikanKbn=2", "url2": "http://hikarinomori-mc.jp", "内容": "光の森メンタルクリニック【2:診療所】【診療科目:精神科_心療内科】熊本県菊池郡菊陽町光の森７ー４１ー４" }, "geometry": { "type": "Point", "coordinates": [ 130.783196, 32.857619 ] } },
{ "type": "Feature", "properties": { "ID": 432243551536, "正式名称": "まつもと耳鼻咽喉科医院", "機関区分": 2, "都道府県コード": 43, "市区町村コード": 210, "所在地": "熊本県菊池市亘１１ー１", "緯度": 32.979664, "経度": 130.816719, "url": "https://www.iryou.teikyouseido.mhlw.go.jp/znk-web/juminkanja/S2430/initialize?prefCd=43&kikanCd=243551536&kikanKbn=2", "url2": null, "内容": "まつもと耳鼻咽喉科医院【2:診療所】【診療科目:耳鼻いんこう科】熊本県菊池市亘１１ー１" }, "geometry": { "type": "Point", "coordinates": [ 130.816719, 32.979664 ] } },
{ "type": "Feature", "properties": { "ID": 432243551552, "正式名称": "仁誠会クリニック光の森", "機関区分": 2, "都道府県コード": 43, "市区町村コード": 404, "所在地": "熊本県菊池郡菊陽町光の森３ー１ー１", "緯度": 32.861265, "経度": 130.7775, "url": "https://www.iryou.teikyouseido.mhlw.go.jp/znk-web/juminkanja/S2430/initialize?prefCd=43&kikanCd=243551552&kikanKbn=2", "url2": "http://www.jinseikai.or.jp", "内容": "仁誠会クリニック光の森【2:診療所】【診療科目:腎臓内科_人工透析内科】熊本県菊池郡菊陽町光の森３ー１ー１" }, "geometry": { "type": "Point", "coordinates": [ 130.7775, 32.861265 ] } },
{ "type": "Feature", "properties": { "ID": 432243551565, "正式名称": "医療法人　いけざわこどもクリニック", "機関区分": 2, "都道府県コード": 43, "市区町村コード": 216, "所在地": "熊本県合志市野々島２４６１", "緯度": 32.893981, "経度": 130.732672, "url": "https://www.iryou.teikyouseido.mhlw.go.jp/znk-web/juminkanja/S2430/initialize?prefCd=43&kikanCd=243551565&kikanKbn=2", "url2": "http://www.ikezawa.org/index.html", "内容": "医療法人　いけざわこどもクリニック【2:診療所】【診療科目:小児科_アレルギー科】熊本県合志市野々島２４６１" }, "geometry": { "type": "Point", "coordinates": [ 130.732672, 32.893981 ] } },
{ "type": "Feature", "properties": { "ID": 432243551578, "正式名称": "ふくだ医院", "機関区分": 2, "都道府県コード": 43, "市区町村コード": 403, "所在地": "熊本県菊池郡大津町大津１２１０ー５", "緯度": 32.876641, "経度": 130.868953, "url": "https://www.iryou.teikyouseido.mhlw.go.jp/znk-web/juminkanja/S2430/initialize?prefCd=43&kikanCd=243551578&kikanKbn=2", "url2": "http://www.fukuda-clinic.jp/", "内容": "ふくだ医院【2:診療所】【診療科目:内科_耳鼻いんこう科_泌尿器科_アレルギー科】熊本県菊池郡大津町大津１２１０ー５" }, "geometry": { "type": "Point", "coordinates": [ 130.868953, 32.876641 ] } },
{ "type": "Feature", "properties": { "ID": 432243551581, "正式名称": "つくれクリニック", "機関区分": 2, "都道府県コード": 43, "市区町村コード": 404, "所在地": "熊本県菊池郡菊陽町津久礼２５２８ー５", "緯度": 32.861145, "経度": 130.806672, "url": "https://www.iryou.teikyouseido.mhlw.go.jp/znk-web/juminkanja/S2430/initialize?prefCd=43&kikanCd=243551581&kikanKbn=2", "url2": null, "内容": "つくれクリニック【2:診療所】【診療科目:内科_呼吸器内科_循環器内科_消化器内科_小児科_リハビリテーション科】熊本県菊池郡菊陽町津久礼２５２８ー５" }, "geometry": { "type": "Point", "coordinates": [ 130.806672, 32.861145 ] } },
{ "type": "Feature", "properties": { "ID": 432243551611, "正式名称": "岩上眼科", "機関区分": 2, "都道府県コード": 43, "市区町村コード": 403, "所在地": "熊本県菊池郡大津町大津１２１２ー２９", "緯度": 32.875968, "経度": 130.869734, "url": "https://www.iryou.teikyouseido.mhlw.go.jp/znk-web/juminkanja/S2430/initialize?prefCd=43&kikanCd=243551611&kikanKbn=2", "url2": "iwagamiganka.com", "内容": "岩上眼科【2:診療所】【診療科目:眼科】熊本県菊池郡大津町大津１２１２ー２９" }, "geometry": { "type": "Point", "coordinates": [ 130.869734, 32.875968 ] } },
{ "type": "Feature", "properties": { "ID": 432243551624, "正式名称": "ナカシマセブンクリニック", "機関区分": 2, "都道府県コード": 43, "市区町村コード": 216, "所在地": "熊本県合志市須屋１４１５ー５", "緯度": 32.856968, "経度": 130.740597, "url": "https://www.iryou.teikyouseido.mhlw.go.jp/znk-web/juminkanja/S2430/initialize?prefCd=43&kikanCd=243551624&kikanKbn=2", "url2": "http://nakashima7.com", "内容": "ナカシマセブンクリニック【2:診療所】【診療科目:内科_糖尿病・代謝内科_泌尿器科_アレルギー科_呼吸器科、消化器科】熊本県合志市須屋１４１５ー５" }, "geometry": { "type": "Point", "coordinates": [ 130.740597, 32.856968 ] } },
{ "type": "Feature", "properties": { "ID": 432243551679, "正式名称": "さくら眼科クリニック", "機関区分": 2, "都道府県コード": 43, "市区町村コード": 404, "所在地": "熊本県菊池郡菊陽町光の森７ー３３ー１", "緯度": 32.860301, "経度": 130.784305, "url": "https://www.iryou.teikyouseido.mhlw.go.jp/znk-web/juminkanja/S2430/initialize?prefCd=43&kikanCd=243551679&kikanKbn=2", "url2": "http://www.izumi.jp/hikarinomori/shop/post_43.html", "内容": "さくら眼科クリニック【2:診療所】【診療科目:眼科】熊本県菊池郡菊陽町光の森７ー３３ー１" }, "geometry": { "type": "Point", "coordinates": [ 130.784305, 32.860301 ] } },
{ "type": "Feature", "properties": { "ID": 432243551682, "正式名称": "大津じんないクリニック", "機関区分": 2, "都道府県コード": 43, "市区町村コード": 403, "所在地": "熊本県菊池郡大津町陣内１１６７ー５", "緯度": 32.863029, "経度": 130.873733, "url": "https://www.iryou.teikyouseido.mhlw.go.jp/znk-web/juminkanja/S2430/initialize?prefCd=43&kikanCd=243551682&kikanKbn=2", "url2": "http://tanakakai.com/mcc/", "内容": "大津じんないクリニック【2:診療所】【診療科目:内科_心療内科】熊本県菊池郡大津町陣内１１６７ー５" }, "geometry": { "type": "Point", "coordinates": [ 130.873733, 32.863029 ] } },
{ "type": "Feature", "properties": { "ID": 432243551695, "正式名称": "ちとせ循環器内科", "機関区分": 2, "都道府県コード": 43, "市区町村コード": 216, "所在地": "熊本県合志市幾久富１９０９ー５６９", "緯度": 32.862859, "経度": 130.768715, "url": "https://www.iryou.teikyouseido.mhlw.go.jp/znk-web/juminkanja/S2430/initialize?prefCd=43&kikanCd=243551695&kikanKbn=2", "url2": null, "内容": "ちとせ循環器内科【2:診療所】【診療科目:内科_循環器内科_リハビリテーション科】熊本県合志市幾久富１９０９ー５６９" }, "geometry": { "type": "Point", "coordinates": [ 130.768715, 32.862859 ] } },
{ "type": "Feature", "properties": { "ID": 432243551709, "正式名称": "きくち宮本泌尿器科", "機関区分": 2, "都道府県コード": 43, "市区町村コード": 210, "所在地": "熊本県菊池市隈府７７５", "緯度": 32.980647, "経度": 130.809605, "url": "https://www.iryou.teikyouseido.mhlw.go.jp/znk-web/juminkanja/S2430/initialize?prefCd=43&kikanCd=243551709&kikanKbn=2", "url2": "http://www.miyamoto-uro.com/", "内容": "きくち宮本泌尿器科【2:診療所】【診療科目:泌尿器科】熊本県菊池市隈府７７５" }, "geometry": { "type": "Point", "coordinates": [ 130.809605, 32.980647 ] } },
{ "type": "Feature", "properties": { "ID": 432243551712, "正式名称": "かたやま内科・漢方クリニック", "機関区分": 2, "都道府県コード": 43, "市区町村コード": 216, "所在地": "熊本県合志市御代志２０３７ー３", "緯度": 32.889101, "経度": 130.743833, "url": "https://www.iryou.teikyouseido.mhlw.go.jp/znk-web/juminkanja/S2430/initialize?prefCd=43&kikanCd=243551712&kikanKbn=2", "url2": "https://katayama-naika.jp", "内容": "かたやま内科・漢方クリニック【2:診療所】【診療科目:内科_糖尿病・代謝内科_漢方内科】熊本県合志市御代志２０３７ー３" }, "geometry": { "type": "Point", "coordinates": [ 130.743833, 32.889101 ] } },
{ "type": "Feature", "properties": { "ID": 432243551738, "正式名称": "平山内科クリニック", "機関区分": 2, "都道府県コード": 43, "市区町村コード": 216, "所在地": "熊本県合志市御代志４６８ー１", "緯度": 32.907483, "経度": 130.75696, "url": "https://www.iryou.teikyouseido.mhlw.go.jp/znk-web/juminkanja/S2430/initialize?prefCd=43&kikanCd=243551738&kikanKbn=2", "url2": null, "内容": "平山内科クリニック【2:診療所】【診療科目:内科_呼吸器内科_小児科_アレルギー科】熊本県合志市御代志４６８ー１" }, "geometry": { "type": "Point", "coordinates": [ 130.75696, 32.907483 ] } },
{ "type": "Feature", "properties": { "ID": 432243551767, "正式名称": "いけだ泌尿器科・内科", "機関区分": 2, "都道府県コード": 43, "市区町村コード": 404, "所在地": "熊本県菊池郡菊陽町原水１１６６ー１", "緯度": 32.864081, "経度": 130.824976, "url": "https://www.iryou.teikyouseido.mhlw.go.jp/znk-web/juminkanja/S2430/initialize?prefCd=43&kikanCd=243551767&kikanKbn=2", "url2": null, "内容": "いけだ泌尿器科・内科【2:診療所】【診療科目:内科_泌尿器科】熊本県菊池郡菊陽町原水１１６６ー１" }, "geometry": { "type": "Point", "coordinates": [ 130.824976, 32.864081 ] } },
{ "type": "Feature", "properties": { "ID": 432243551770, "正式名称": "なかふさ心療内科・光の森", "機関区分": 2, "都道府県コード": 43, "市区町村コード": 404, "所在地": "熊本県菊池郡菊陽町光の森７ー２５ー５", "緯度": 32.862901, "経度": 130.789227, "url": "https://www.iryou.teikyouseido.mhlw.go.jp/znk-web/juminkanja/S2430/initialize?prefCd=43&kikanCd=243551770&kikanKbn=2", "url2": null, "内容": "なかふさ心療内科・光の森【2:診療所】【診療科目:精神科_心療内科】熊本県菊池郡菊陽町光の森７ー２５ー５" }, "geometry": { "type": "Point", "coordinates": [ 130.789227, 32.862901 ] } },
{ "type": "Feature", "properties": { "ID": 432243551783, "正式名称": "Ｌｅｅこどもクリニック", "機関区分": 2, "都道府県コード": 43, "市区町村コード": 216, "所在地": "熊本県合志市豊岡２０００ー３３", "緯度": 32.869353, "経度": 130.761373, "url": "https://www.iryou.teikyouseido.mhlw.go.jp/znk-web/juminkanja/S2430/initialize?prefCd=43&kikanCd=243551783&kikanKbn=2", "url2": "https://www.leekc.jp/", "内容": "Ｌｅｅこどもクリニック【2:診療所】【診療科目:小児科_小児外科】熊本県合志市豊岡２０００ー３３" }, "geometry": { "type": "Point", "coordinates": [ 130.761373, 32.869353 ] } },
{ "type": "Feature", "properties": { "ID": 432243551796, "正式名称": "光進会クリニック", "機関区分": 2, "都道府県コード": 43, "市区町村コード": 403, "所在地": "熊本県菊池郡大津町大字室三郎松１７２４ー１", "緯度": 32.88868, "経度": 130.856165, "url": "https://www.iryou.teikyouseido.mhlw.go.jp/znk-web/juminkanja/S2430/initialize?prefCd=43&kikanCd=243551796&kikanKbn=2", "url2": "https://koshin-kai.jp/clinic/", "内容": "光進会クリニック【2:診療所】【診療科目:内科_糖尿病内科_代謝内科_内分泌内科】熊本県菊池郡大津町大字室三郎松１７２４ー１" }, "geometry": { "type": "Point", "coordinates": [ 130.856165, 32.88868 ] } },
{ "type": "Feature", "properties": { "ID": 432243551800, "正式名称": "和み内科診療所", "機関区分": 2, "都道府県コード": 43, "市区町村コード": 216, "所在地": "熊本県合志市栄２１２７ー２３３", "緯度": 32.905278, "経度": 130.766058, "url": "https://www.iryou.teikyouseido.mhlw.go.jp/znk-web/juminkanja/S2430/initialize?prefCd=43&kikanCd=243551800&kikanKbn=2", "url2": null, "内容": "和み内科診療所【2:診療所】【診療科目:内科_女性内科_ペインクリニック内科】熊本県合志市栄２１２７ー２３３" }, "geometry": { "type": "Point", "coordinates": [ 130.766058, 32.905278 ] } },
{ "type": "Feature", "properties": { "ID": 432243551826, "正式名称": "のざわ医院", "機関区分": 2, "都道府県コード": 43, "市区町村コード": 403, "所在地": "熊本県菊池郡大津町引水５７８ー２", "緯度": 32.87964, "経度": 130.88248, "url": "https://www.iryou.teikyouseido.mhlw.go.jp/znk-web/juminkanja/S2430/initialize?prefCd=43&kikanCd=243551826&kikanKbn=2", "url2": "www.nozawa-clin.com", "内容": "のざわ医院【2:診療所】【診療科目:内科_消化器内科_胃腸内科_外科】熊本県菊池郡大津町引水５７８ー２" }, "geometry": { "type": "Point", "coordinates": [ 130.88248, 32.87964 ] } },
{ "type": "Feature", "properties": { "ID": 432243551871, "正式名称": "上杉整形外科", "機関区分": 2, "都道府県コード": 43, "市区町村コード": 204, "所在地": "熊本県荒尾市荒尾７８９ー４", "緯度": 32.9858, "経度": 130.432206, "url": "https://www.iryou.teikyouseido.mhlw.go.jp/znk-web/juminkanja/S2430/initialize?prefCd=43&kikanCd=243551871&kikanKbn=2", "url2": "https://uesuigiseikei.clinic/", "内容": "上杉整形外科【2:診療所】【診療科目:整形外科_リウマチ科_リハビリテーション科】熊本県荒尾市荒尾７８９ー４" }, "geometry": { "type": "Point", "coordinates": [ 130.432206, 32.9858 ] } },
{ "type": "Feature", "properties": { "ID": 432243551901, "正式名称": "たがみクリニック", "機関区分": 2, "都道府県コード": 43, "市区町村コード": 210, "所在地": "熊本県菊池市西寺１４００ー１", "緯度": 32.969542, "経度": 130.798463, "url": "https://www.iryou.teikyouseido.mhlw.go.jp/znk-web/juminkanja/S2430/initialize?prefCd=43&kikanCd=243551901&kikanKbn=2", "url2": null, "内容": "たがみクリニック【2:診療所】【診療科目:内科_消化器内科_外科_乳腺・内分泌外科_肛門外科】熊本県菊池市西寺１４００ー１" }, "geometry": { "type": "Point", "coordinates": [ 130.798463, 32.969542 ] } },
{ "type": "Feature", "properties": { "ID": 432243551914, "正式名称": "わいふ桜座診療所", "機関区分": 2, "都道府県コード": 43, "市区町村コード": 210, "所在地": "熊本県菊池市隈府１１４ー３", "緯度": 32.983474, "経度": 130.812388, "url": "https://www.iryou.teikyouseido.mhlw.go.jp/znk-web/juminkanja/S2430/initialize?prefCd=43&kikanCd=243551914&kikanKbn=2", "url2": null, "内容": "わいふ桜座診療所【2:診療所】【診療科目:内科_外科_整形外科】熊本県菊池市隈府１１４ー３" }, "geometry": { "type": "Point", "coordinates": [ 130.812388, 32.983474 ] } },
{ "type": "Feature", "properties": { "ID": 432243551930, "正式名称": "合志渡邉内科クリニック", "機関区分": 2, "都道府県コード": 43, "市区町村コード": 216, "所在地": "熊本県合志市竹迫２２９１", "緯度": 32.880427, "経度": 130.785671, "url": "https://www.iryou.teikyouseido.mhlw.go.jp/znk-web/juminkanja/S2430/initialize?prefCd=43&kikanCd=243551930&kikanKbn=2", "url2": null, "内容": "合志渡邉内科クリニック【2:診療所】【診療科目:内科_脳神経内科_消化器内科_老年内科】熊本県合志市竹迫２２９１" }, "geometry": { "type": "Point", "coordinates": [ 130.785671, 32.880427 ] } },
{ "type": "Feature", "properties": { "ID": 432243551943, "正式名称": "岩本整形外科", "機関区分": 2, "都道府県コード": 43, "市区町村コード": 216, "所在地": "熊本県合志市豊岡２０００ー２４７４", "緯度": 32.869531, "経度": 130.761199, "url": "https://www.iryou.teikyouseido.mhlw.go.jp/znk-web/juminkanja/S2430/initialize?prefCd=43&kikanCd=243551943&kikanKbn=2", "url2": null, "内容": "岩本整形外科【2:診療所】【診療科目:整形外科_リウマチ科_リハビリテーション科】熊本県合志市豊岡２０００ー２４７４" }, "geometry": { "type": "Point", "coordinates": [ 130.761199, 32.869531 ] } },
{ "type": "Feature", "properties": { "ID": 432243551956, "正式名称": "入佐内科医院", "機関区分": 2, "都道府県コード": 43, "市区町村コード": 210, "所在地": "熊本県菊池市泗水町吉富３１８５ー４", "緯度": 32.937492, "経度": 130.782734, "url": "https://www.iryou.teikyouseido.mhlw.go.jp/znk-web/juminkanja/S2430/initialize?prefCd=43&kikanCd=243551956&kikanKbn=2", "url2": null, "内容": "入佐内科医院【2:診療所】【診療科目:内科】熊本県菊池市泗水町吉富３１８５ー４" }, "geometry": { "type": "Point", "coordinates": [ 130.782734, 32.937492 ] } },
{ "type": "Feature", "properties": { "ID": 432243551985, "正式名称": "はなぶさクリニック", "機関区分": 2, "都道府県コード": 43, "市区町村コード": 403, "所在地": "熊本県菊池郡大津町引水１９６ー１９", "緯度": 32.877898, "経度": 130.884178, "url": "https://www.iryou.teikyouseido.mhlw.go.jp/znk-web/juminkanja/S2430/initialize?prefCd=43&kikanCd=243551985&kikanKbn=2", "url2": "http://hanabusa-clinic.jp", "内容": "はなぶさクリニック【2:診療所】【診療科目:内科_脂質代謝内科_糖尿病・代謝内科_呼吸器内科_循環器内科_アレルギー科】熊本県菊池郡大津町引水１９６ー１９" }, "geometry": { "type": "Point", "coordinates": [ 130.884178, 32.877898 ] } },
{ "type": "Feature", "properties": { "ID": 432243552009, "正式名称": "くまもと免疫統合医療クリニック", "機関区分": 2, "都道府県コード": 43, "市区町村コード": 216, "所在地": "熊本県合志市竹迫字桜山２２４９ー２", "緯度": 32.8971, "経度": 130.814631, "url": "https://www.iryou.teikyouseido.mhlw.go.jp/znk-web/juminkanja/S2430/initialize?prefCd=43&kikanCd=243552009&kikanKbn=2", "url2": "https://kc-iimc.jp", "内容": "くまもと免疫統合医療クリニック【2:診療所】【診療科目:循環器内科_胃腸内科_腫瘍内科_外科_心臓血管外科_乳腺外科_婦人科】熊本県合志市竹迫字桜山２２４９ー２" }, "geometry": { "type": "Point", "coordinates": [ 130.814631, 32.8971 ] } },
{ "type": "Feature", "properties": { "ID": 432243552025, "正式名称": "医療法人岡本内科・呼吸器内科クリニック", "機関区分": 2, "都道府県コード": 43, "市区町村コード": 403, "所在地": "熊本県菊池郡大津町室２１３ー９", "緯度": 32.876676, "経度": 130.864855, "url": "https://www.iryou.teikyouseido.mhlw.go.jp/znk-web/juminkanja/S2430/initialize?prefCd=43&kikanCd=243552025&kikanKbn=2", "url2": "https://www.okamotonaika.com/", "内容": "医療法人岡本内科・呼吸器内科クリニック【2:診療所】【診療科目:内科_呼吸器内科_神経内科】熊本県菊池郡大津町室２１３ー９" }, "geometry": { "type": "Point", "coordinates": [ 130.864855, 32.876676 ] } },
{ "type": "Feature", "properties": { "ID": 432243552038, "正式名称": "そうま眼科", "機関区分": 2, "都道府県コード": 43, "市区町村コード": 404, "所在地": "熊本県菊池郡菊陽町原水２９０６ー５", "緯度": 32.878382, "経度": 130.832342, "url": "https://www.iryou.teikyouseido.mhlw.go.jp/znk-web/juminkanja/S2430/initialize?prefCd=43&kikanCd=243552038&kikanKbn=2", "url2": null, "内容": "そうま眼科【2:診療所】【診療科目:眼科】熊本県菊池郡菊陽町原水２９０６ー５" }, "geometry": { "type": "Point", "coordinates": [ 130.832342, 32.878382 ] } },
{ "type": "Feature", "properties": { "ID": 432243552041, "正式名称": "医療法人花悠会ハル内科皮フ科クリニック", "機関区分": 2, "都道府県コード": 43, "市区町村コード": 404, "所在地": "熊本県菊池郡菊陽町津久礼２３７７ー１", "緯度": 32.859668, "経度": 130.799189, "url": "https://www.iryou.teikyouseido.mhlw.go.jp/znk-web/juminkanja/S2430/initialize?prefCd=43&kikanCd=243552041&kikanKbn=2", "url2": null, "内容": "医療法人花悠会ハル内科皮フ科クリニック【2:診療所】【診療科目:内科_脂質代謝内科_糖尿病・代謝内科_腎臓内科_皮膚科】熊本県菊池郡菊陽町津久礼２３７７ー１" }, "geometry": { "type": "Point", "coordinates": [ 130.799189, 32.859668 ] } },
{ "type": "Feature", "properties": { "ID": 432243552054, "正式名称": "大津なかしま眼科", "機関区分": 2, "都道府県コード": 43, "市区町村コード": 403, "所在地": "熊本県菊池郡大津町引水７００ー１", "緯度": 32.880061, "経度": 130.88864, "url": "https://www.iryou.teikyouseido.mhlw.go.jp/znk-web/juminkanja/S2430/initialize?prefCd=43&kikanCd=243552054&kikanKbn=2", "url2": "https://ozunakashima.com", "内容": "大津なかしま眼科【2:診療所】【診療科目:眼科】熊本県菊池郡大津町引水７００ー１" }, "geometry": { "type": "Point", "coordinates": [ 130.88864, 32.880061 ] } },
{ "type": "Feature", "properties": { "ID": 432243552067, "正式名称": "永田眼科", "機関区分": 2, "都道府県コード": 43, "市区町村コード": 404, "所在地": "熊本県菊池郡菊陽町津久礼２４３４", "緯度": 32.856097, "経度": 130.799446, "url": "https://www.iryou.teikyouseido.mhlw.go.jp/znk-web/juminkanja/S2430/initialize?prefCd=43&kikanCd=243552067&kikanKbn=2", "url2": null, "内容": "永田眼科【2:診療所】【診療科目:眼科】熊本県菊池郡菊陽町津久礼２４３４" }, "geometry": { "type": "Point", "coordinates": [ 130.799446, 32.856097 ] } },
{ "type": "Feature", "properties": { "ID": 432243552070, "正式名称": "みずの内科・血圧心臓クリニック", "機関区分": 2, "都道府県コード": 43, "市区町村コード": 216, "所在地": "熊本県合志市豊岡２０００ー１０７", "緯度": 32.871991, "経度": 130.759904, "url": "https://www.iryou.teikyouseido.mhlw.go.jp/znk-web/juminkanja/S2430/initialize?prefCd=43&kikanCd=243552070&kikanKbn=2", "url2": null, "内容": "みずの内科・血圧心臓クリニック【2:診療所】【診療科目:内科_循環器内科】熊本県合志市豊岡２０００ー１０７" }, "geometry": { "type": "Point", "coordinates": [ 130.759904, 32.871991 ] } },
{ "type": "Feature", "properties": { "ID": 432243552083, "正式名称": "穂っぷ　こども在宅＆心身クリニック", "機関区分": 2, "都道府県コード": 43, "市区町村コード": 216, "所在地": "熊本県合志市合生３９６５－２", "緯度": 32.906426, "経度": 130.759289, "url": "https://www.iryou.teikyouseido.mhlw.go.jp/znk-web/juminkanja/S2430/initialize?prefCd=43&kikanCd=243552083&kikanKbn=2", "url2": "https://www.nextep-k.com/hop/", "内容": "穂っぷ　こども在宅＆心身クリニック【2:診療所】【診療科目:小児科】熊本県合志市合生３９６５－２" }, "geometry": { "type": "Point", "coordinates": [ 130.759289, 32.906426 ] } },
{ "type": "Feature", "properties": { "ID": 432243552096, "正式名称": "さかぐち消化器・内科クリニック", "機関区分": 2, "都道府県コード": 43, "市区町村コード": 404, "所在地": "熊本県菊池郡菊陽町津久礼２４１７ー２", "緯度": 35.010497, "経度": 135.761913, "url": "https://www.iryou.teikyouseido.mhlw.go.jp/znk-web/juminkanja/S2430/initialize?prefCd=43&kikanCd=243552096&kikanKbn=2", "url2": "https://sakaguchi-shoukaki.jp/", "内容": "さかぐち消化器・内科クリニック【2:診療所】【診療科目:内科_消化器内科】熊本県菊池郡菊陽町津久礼２４１７ー２" }, "geometry": { "type": "Point", "coordinates": [ 135.761913, 35.010497 ] } },
{ "type": "Feature", "properties": { "ID": 432243552100, "正式名称": "古賀医院", "機関区分": 2, "都道府県コード": 43, "市区町村コード": 210, "所在地": "熊本県菊池市泗水町吉富宝町１７２３", "緯度": 32.932544, "経度": 130.784257, "url": "https://www.iryou.teikyouseido.mhlw.go.jp/znk-web/juminkanja/S2430/initialize?prefCd=43&kikanCd=243552100&kikanKbn=2", "url2": null, "内容": "古賀医院【2:診療所】【診療科目:内科_糖尿病内科_消化器内科_小児科】熊本県菊池市泗水町吉富宝町１７２３" }, "geometry": { "type": "Point", "coordinates": [ 130.784257, 32.932544 ] } },
{ "type": "Feature", "properties": { "ID": 432243552126, "正式名称": "アトピアクリニック", "機関区分": 2, "都道府県コード": 43, "市区町村コード": 404, "所在地": "熊本県菊池郡菊陽町津久礼２４２２ー４カリーノ菊陽２階", "緯度": 35.648168, "経度": 139.693724, "url": "https://www.iryou.teikyouseido.mhlw.go.jp/znk-web/juminkanja/S2430/initialize?prefCd=43&kikanCd=243552126&kikanKbn=2", "url2": "http://atopia-clinic.jp/", "内容": "アトピアクリニック【2:診療所】【診療科目:皮膚科_アレルギー科】熊本県菊池郡菊陽町津久礼２４２２ー４カリーノ菊陽２階" }, "geometry": { "type": "Point", "coordinates": [ 139.693724, 35.648168 ] } },
{ "type": "Feature", "properties": { "ID": 432243552139, "正式名称": "うえの整形外科クリニック", "機関区分": 2, "都道府県コード": 43, "市区町村コード": 404, "所在地": "熊本県菊池郡菊陽町大字原水２３　うえの整形外科クリニック", "緯度": 32.874457, "経度": 130.84946, "url": "https://www.iryou.teikyouseido.mhlw.go.jp/znk-web/juminkanja/S2430/initialize?prefCd=43&kikanCd=243552139&kikanKbn=2", "url2": "https://ueno-seikei.com", "内容": "うえの整形外科クリニック【2:診療所】【診療科目:整形外科_リウマチ科_リハビリテーション科】熊本県菊池郡菊陽町大字原水２３　うえの整形外科クリニック" }, "geometry": { "type": "Point", "coordinates": [ 130.84946, 32.874457 ] } },
{ "type": "Feature", "properties": { "ID": 432243552142, "正式名称": "医療法人一穂会　ほしのマロニエこころのクリニック", "機関区分": 2, "都道府県コード": 43, "市区町村コード": 216, "所在地": "熊本県合志市須屋７０６－２ラポール柴田Ⅱ１０３号", "緯度": 32.858217, "経度": 130.728711, "url": "https://www.iryou.teikyouseido.mhlw.go.jp/znk-web/juminkanja/S2430/initialize?prefCd=43&kikanCd=243552142&kikanKbn=2", "url2": "hoshino-maronie.com", "内容": "医療法人一穂会　ほしのマロニエこころのクリニック【2:診療所】【診療科目:精神科】熊本県合志市須屋７０６－２ラポール柴田Ⅱ１０３号" }, "geometry": { "type": "Point", "coordinates": [ 130.728711, 32.858217 ] } },
{ "type": "Feature", "properties": { "ID": 432243552155, "正式名称": "くろかわクリニック", "機関区分": 2, "都道府県コード": 43, "市区町村コード": 404, "所在地": "熊本県菊池郡菊陽町原水２９１２－１", "緯度": 32.873312, "経度": 130.847883, "url": "https://www.iryou.teikyouseido.mhlw.go.jp/znk-web/juminkanja/S2430/initialize?prefCd=43&kikanCd=243552155&kikanKbn=2", "url2": "https://www.s-kurokawa.com", "内容": "くろかわクリニック【2:診療所】【診療科目:腎臓内科_婦人科_美容皮膚科_泌尿器科】熊本県菊池郡菊陽町原水２９１２－１" }, "geometry": { "type": "Point", "coordinates": [ 130.847883, 32.873312 ] } },
{ "type": "Feature", "properties": { "ID": 432243552197, "正式名称": "光の森こどもクリニック", "機関区分": 2, "都道府県コード": 43, "市区町村コード": 404, "所在地": "熊本県菊池郡菊陽町光の森５丁目２０－１０", "緯度": 32.863133, "経度": 130.782397, "url": "https://www.iryou.teikyouseido.mhlw.go.jp/znk-web/juminkanja/S2430/initialize?prefCd=43&kikanCd=243552197&kikanKbn=2", "url2": "hikarinomori-kodomo-clinic.com", "内容": "光の森こどもクリニック【2:診療所】【診療科目:小児科】熊本県菊池郡菊陽町光の森５丁目２０－１０" }, "geometry": { "type": "Point", "coordinates": [ 130.782397, 32.863133 ] } },
{ "type": "Feature", "properties": { "ID": 432243560125, "正式名称": "小野主生医院", "機関区分": 2, "都道府県コード": 43, "市区町村コード": 214, "所在地": "熊本県阿蘇市内牧２２７ー１２", "緯度": 32.974298, "経度": 131.039607, "url": "https://www.iryou.teikyouseido.mhlw.go.jp/znk-web/juminkanja/S2430/initialize?prefCd=43&kikanCd=243560125&kikanKbn=2", "url2": "http://www.onokimioiin-aso.com", "内容": "小野主生医院【2:診療所】【診療科目:内科_呼吸器内科_循環器内科_消化器内科_小児科_眼科】熊本県阿蘇市内牧２２７ー１２" }, "geometry": { "type": "Point", "coordinates": [ 131.039607, 32.974298 ] } },
{ "type": "Feature", "properties": { "ID": 432243560138, "正式名称": "市原胃腸科外科", "機関区分": 2, "都道府県コード": 43, "市区町村コード": 214, "所在地": "熊本県阿蘇市黒川１４８４", "緯度": 32.935903, "経度": 131.080712, "url": "https://www.iryou.teikyouseido.mhlw.go.jp/znk-web/juminkanja/S2430/initialize?prefCd=43&kikanCd=243560138&kikanKbn=2", "url2": "http://ichihara-cl.com/", "内容": "市原胃腸科外科【2:診療所】【診療科目:内科_消化器内科_外科_放射線科】熊本県阿蘇市黒川１４８４" }, "geometry": { "type": "Point", "coordinates": [ 131.080712, 32.935903 ] } },
{ "type": "Feature", "properties": { "ID": 432243560167, "正式名称": "問端医院", "機関区分": 2, "都道府県コード": 43, "市区町村コード": 214, "所在地": "熊本県阿蘇市内牧１１５", "緯度": 32.975, "経度": 131.043395, "url": "https://www.iryou.teikyouseido.mhlw.go.jp/znk-web/juminkanja/S2430/initialize?prefCd=43&kikanCd=243560167&kikanKbn=2", "url2": "https://toihata.com/", "内容": "問端医院【2:診療所】【診療科目:内科_呼吸器内科_循環器内科_消化器内科_神経内科_外科_消化器外科_アレルギー科】熊本県阿蘇市内牧１１５" }, "geometry": { "type": "Point", "coordinates": [ 131.043395, 32.975 ] } },
{ "type": "Feature", "properties": { "ID": 432243560372, "正式名称": "藤本医院", "機関区分": 2, "都道府県コード": 43, "市区町村コード": 433, "所在地": "熊本県阿蘇郡南阿蘇村中松２８３６", "緯度": 32.833885, "経度": 131.043323, "url": "https://www.iryou.teikyouseido.mhlw.go.jp/znk-web/juminkanja/S2430/initialize?prefCd=43&kikanCd=243560372&kikanKbn=2", "url2": null, "内容": "藤本医院【2:診療所】【診療科目:内科_小児科】熊本県阿蘇郡南阿蘇村中松２８３６" }, "geometry": { "type": "Point", "coordinates": [ 131.043323, 32.833885 ] } },
{ "type": "Feature", "properties": { "ID": 432243560398, "正式名称": "医療法人社団　清流会　渡邉内科", "機関区分": 2, "都道府県コード": 43, "市区町村コード": 433, "所在地": "熊本県阿蘇郡南阿蘇村河陰４６６７", "緯度": 32.832956, "経度": 131.013945, "url": "https://www.iryou.teikyouseido.mhlw.go.jp/znk-web/juminkanja/S2430/initialize?prefCd=43&kikanCd=243560398&kikanKbn=2", "url2": null, "内容": "医療法人社団　清流会　渡邉内科【2:診療所】【診療科目:内科_脳神経内科_呼吸器内科_循環器内科_消化器内科】熊本県阿蘇郡南阿蘇村河陰４６６７" }, "geometry": { "type": "Point", "coordinates": [ 131.013945, 32.832956 ] } },
{ "type": "Feature", "properties": { "ID": 432243560428, "正式名称": "上村医院", "機関区分": 2, "都道府県コード": 43, "市区町村コード": 433, "所在地": "熊本県阿蘇郡南阿蘇村下野４０１ー５", "緯度": 32.908055, "経度": 130.99308, "url": "https://www.iryou.teikyouseido.mhlw.go.jp/znk-web/juminkanja/S2430/initialize?prefCd=43&kikanCd=243560428&kikanKbn=2", "url2": null, "内容": "上村医院【2:診療所】【診療科目:内科_循環器内科_胃腸内科_外科_整形外科】熊本県阿蘇郡南阿蘇村下野４０１ー５" }, "geometry": { "type": "Point", "coordinates": [ 130.99308, 32.908055 ] } },
{ "type": "Feature", "properties": { "ID": 432243560545, "正式名称": "南郷谷リハビリテーションクリニック", "機関区分": 2, "都道府県コード": 43, "市区町村コード": 428, "所在地": "熊本県阿蘇郡高森町高森２１８６ー１", "緯度": 32.827487, "経度": 131.122816, "url": "https://www.iryou.teikyouseido.mhlw.go.jp/znk-web/juminkanja/S2430/initialize?prefCd=43&kikanCd=243560545&kikanKbn=2", "url2": "www.kumareha.jp/view_detail/topic_detail/139", "内容": "南郷谷リハビリテーションクリニック【2:診療所】【診療科目:内科_整形外科_リハビリテーション科】熊本県阿蘇郡高森町高森２１８６ー１" }, "geometry": { "type": "Point", "coordinates": [ 131.122816, 32.827487 ] } },
{ "type": "Feature", "properties": { "ID": 432243560558, "正式名称": "一の宮整形外科", "機関区分": 2, "都道府県コード": 43, "市区町村コード": 214, "所在地": "熊本県阿蘇市一の宮町宮地１８０１ー１", "緯度": 32.950345, "経度": 131.120914, "url": "https://www.iryou.teikyouseido.mhlw.go.jp/znk-web/juminkanja/S2430/initialize?prefCd=43&kikanCd=243560558&kikanKbn=2", "url2": null, "内容": "一の宮整形外科【2:診療所】【診療科目:整形外科_リハビリテーション科_麻酔科】熊本県阿蘇市一の宮町宮地１８０１ー１" }, "geometry": { "type": "Point", "coordinates": [ 131.120914, 32.950345 ] } },
{ "type": "Feature", "properties": { "ID": 432243560662, "正式名称": "産山村診療所", "機関区分": 2, "都道府県コード": 43, "市区町村コード": 425, "所在地": "熊本県阿蘇郡産山村山鹿４８９ー５", "緯度": 32.995296, "経度": 131.216317, "url": "https://www.iryou.teikyouseido.mhlw.go.jp/znk-web/juminkanja/S2430/initialize?prefCd=43&kikanCd=243560662&kikanKbn=2", "url2": "https://www.ubuyama-v.jp/soshikikarasagasu/juminka/seikatsukankyo/ubuyamaclinic/740.html", "内容": "産山村診療所【2:診療所】【診療科目:内科_外科_小児科_泌尿器科】熊本県阿蘇郡産山村山鹿４８９ー５" }, "geometry": { "type": "Point", "coordinates": [ 131.216317, 32.995296 ] } },
{ "type": "Feature", "properties": { "ID": 432243560688, "正式名称": "眼科古嶋医院", "機関区分": 2, "都道府県コード": 43, "市区町村コード": 214, "所在地": "熊本県阿蘇市黒川１５２２ー１", "緯度": 32.934224, "経度": 131.079828, "url": "https://www.iryou.teikyouseido.mhlw.go.jp/znk-web/juminkanja/S2430/initialize?prefCd=43&kikanCd=243560688&kikanKbn=2", "url2": null, "内容": "眼科古嶋医院【2:診療所】【診療科目:眼科】熊本県阿蘇市黒川１５２２ー１" }, "geometry": { "type": "Point", "coordinates": [ 131.079828, 32.934224 ] } },
{ "type": "Feature", "properties": { "ID": 432243560705, "正式名称": "脇胃腸科", "機関区分": 2, "都道府県コード": 43, "市区町村コード": 214, "所在地": "熊本県阿蘇市内牧１０４９", "緯度": 32.967169, "経度": 131.05418, "url": "https://www.iryou.teikyouseido.mhlw.go.jp/znk-web/juminkanja/S2430/initialize?prefCd=43&kikanCd=243560705&kikanKbn=2", "url2": null, "内容": "脇胃腸科【2:診療所】【診療科目:消化器内科_肛門外科】熊本県阿蘇市内牧１０４９" }, "geometry": { "type": "Point", "coordinates": [ 131.05418, 32.967169 ] } },
{ "type": "Feature", "properties": { "ID": 432243560734, "正式名称": "蓮田クリニック", "機関区分": 2, "都道府県コード": 43, "市区町村コード": 423, "所在地": "熊本県阿蘇郡南小国町赤馬場１９５６ー１７", "緯度": 33.094764, "経度": 131.072683, "url": "https://www.iryou.teikyouseido.mhlw.go.jp/znk-web/juminkanja/S2430/initialize?prefCd=43&kikanCd=243560734&kikanKbn=2", "url2": "http://www.hasuda-hospital.net/pc/", "内容": "蓮田クリニック【2:診療所】【診療科目:内科_外科_リハビリテーション科】熊本県阿蘇郡南小国町赤馬場１９５６ー１７" }, "geometry": { "type": "Point", "coordinates": [ 131.072683, 33.094764 ] } },
{ "type": "Feature", "properties": { "ID": 432243560792, "正式名称": "阿蘇ハートクリニック", "機関区分": 2, "都道府県コード": 43, "市区町村コード": 214, "所在地": "熊本県阿蘇市小里２４９ー２", "緯度": 32.978518, "経度": 131.039885, "url": "https://www.iryou.teikyouseido.mhlw.go.jp/znk-web/juminkanja/S2430/initialize?prefCd=43&kikanCd=243560792&kikanKbn=2", "url2": "www.sakanashi-heart.com", "内容": "阿蘇ハートクリニック【2:診療所】【診療科目:内科_心臓血管内科_リハビリテーション科_循環器科】熊本県阿蘇市小里２４９ー２" }, "geometry": { "type": "Point", "coordinates": [ 131.039885, 32.978518 ] } },
{ "type": "Feature", "properties": { "ID": 432243560822, "正式名称": "おぐに整形外科", "機関区分": 2, "都道府県コード": 43, "市区町村コード": 424, "所在地": "熊本県阿蘇郡小国町宮原１７７１ー１－１", "緯度": 33.122095, "経度": 131.06212, "url": "https://www.iryou.teikyouseido.mhlw.go.jp/znk-web/juminkanja/S2430/initialize?prefCd=43&kikanCd=243560822&kikanKbn=2", "url2": null, "内容": "おぐに整形外科【2:診療所】【診療科目:内科_神経内科_整形外科_小児科_皮膚科_心療内科_リウマチ科_リハビリテーション科】熊本県阿蘇郡小国町宮原１７７１ー１－１" }, "geometry": { "type": "Point", "coordinates": [ 131.06212, 33.122095 ] } },
{ "type": "Feature", "properties": { "ID": 432243561063, "正式名称": "阿蘇医療センター波野診療所", "機関区分": 2, "都道府県コード": 43, "市区町村コード": 214, "所在地": "熊本県阿蘇市波野波野２７０３", "緯度": 32.933364, "経度": 131.231251, "url": "https://www.iryou.teikyouseido.mhlw.go.jp/znk-web/juminkanja/S2430/initialize?prefCd=43&kikanCd=243561063&kikanKbn=2", "url2": "http://aso-mc.jp", "内容": "阿蘇医療センター波野診療所【2:診療所】【診療科目:内科_外科_整形外科_歯科】熊本県阿蘇市波野波野２７０３" }, "geometry": { "type": "Point", "coordinates": [ 131.231251, 32.933364 ] } },
{ "type": "Feature", "properties": { "ID": 432243561089, "正式名称": "救護施設真和館医務室", "機関区分": 2, "都道府県コード": 43, "市区町村コード": 432, "所在地": "熊本県阿蘇郡西原村鳥子３０７２", "緯度": 32.858007, "経度": 130.914344, "url": "https://www.iryou.teikyouseido.mhlw.go.jp/znk-web/juminkanja/S2430/initialize?prefCd=43&kikanCd=243561089&kikanKbn=2", "url2": null, "内容": "救護施設真和館医務室【2:診療所】【診療科目:内科】熊本県阿蘇郡西原村鳥子３０７２" }, "geometry": { "type": "Point", "coordinates": [ 130.914344, 32.858007 ] } },
{ "type": "Feature", "properties": { "ID": 432243561106, "正式名称": "たくもと小児科クリニック", "機関区分": 2, "都道府県コード": 43, "市区町村コード": 214, "所在地": "熊本県阿蘇市黒川１４９９ー４", "緯度": 32.935282, "経度": 131.080445, "url": "https://www.iryou.teikyouseido.mhlw.go.jp/znk-web/juminkanja/S2430/initialize?prefCd=43&kikanCd=243561106&kikanKbn=2", "url2": "http://paa.jp/t/135201/", "内容": "たくもと小児科クリニック【2:診療所】【診療科目:小児科】熊本県阿蘇市黒川１４９９ー４" }, "geometry": { "type": "Point", "coordinates": [ 131.080445, 32.935282 ] } },
{ "type": "Feature", "properties": { "ID": 432243561119, "正式名称": "寺﨑内科胃腸科クリニック", "機関区分": 2, "都道府県コード": 43, "市区町村コード": 433, "所在地": "熊本県阿蘇郡南阿蘇村白川２１１０ー１", "緯度": 32.823743, "経度": 131.095508, "url": "https://www.iryou.teikyouseido.mhlw.go.jp/znk-web/juminkanja/S2430/initialize?prefCd=43&kikanCd=243561119&kikanKbn=2", "url2": "https://www.terazaki-ichouka.com", "内容": "寺﨑内科胃腸科クリニック【2:診療所】【診療科目:内科_消化器内科_胃腸内科】熊本県阿蘇郡南阿蘇村白川２１１０ー１" }, "geometry": { "type": "Point", "coordinates": [ 131.095508, 32.823743 ] } },
{ "type": "Feature", "properties": { "ID": 432243561122, "正式名称": "松見内科クリニック", "機関区分": 2, "都道府県コード": 43, "市区町村コード": 214, "所在地": "熊本県阿蘇市一の宮町宮地４７３５ー６", "緯度": 32.937169, "経度": 131.120081, "url": "https://www.iryou.teikyouseido.mhlw.go.jp/znk-web/juminkanja/S2430/initialize?prefCd=43&kikanCd=243561122&kikanKbn=2", "url2": "http://matsumi.mdja.jp", "内容": "松見内科クリニック【2:診療所】【診療科目:内科_呼吸器内科_循環器内科_消化器内科_小児科_アレルギー科】熊本県阿蘇市一の宮町宮地４７３５ー６" }, "geometry": { "type": "Point", "coordinates": [ 131.120081, 32.937169 ] } },
{ "type": "Feature", "properties": { "ID": 432243561252, "正式名称": "医療法人社団清流会渡邉総合内科クリニック", "機関区分": 2, "都道府県コード": 43, "市区町村コード": 428, "所在地": "熊本県阿蘇郡高森町高森２０２２－３", "緯度": 32.81656, "経度": 131.126244, "url": "https://www.iryou.teikyouseido.mhlw.go.jp/znk-web/juminkanja/S2430/initialize?prefCd=43&kikanCd=243561252&kikanKbn=2", "url2": "https://r.goope.jp/watanabecl/", "内容": "医療法人社団清流会渡邉総合内科クリニック【2:診療所】【診療科目:内科_呼吸器内科_循環器内科_消化器内科_神経内科_リウマチ科】熊本県阿蘇郡高森町高森２０２２－３" }, "geometry": { "type": "Point", "coordinates": [ 131.126244, 32.81656 ] } },
{ "type": "Feature", "properties": { "ID": 432243561265, "正式名称": "おぐにサテライト診療所", "機関区分": 2, "都道府県コード": 43, "市区町村コード": 424, "所在地": "熊本県阿蘇郡小国町宮原４２５－１２", "緯度": 33.122364, "経度": 131.084983, "url": "https://www.iryou.teikyouseido.mhlw.go.jp/znk-web/juminkanja/S2430/initialize?prefCd=43&kikanCd=243561265&kikanKbn=2", "url2": "https://ogunihp.or.jp/", "内容": "おぐにサテライト診療所【2:診療所】【診療科目:内科】熊本県阿蘇郡小国町宮原４２５－１２" }, "geometry": { "type": "Point", "coordinates": [ 131.084983, 33.122364 ] } },
{ "type": "Feature", "properties": { "ID": 432243561278, "正式名称": "古閑医院", "機関区分": 2, "都道府県コード": 43, "市区町村コード": 214, "所在地": "熊本県阿蘇市一の宮町宮地１４４６ー１", "緯度": 32.938266, "経度": 131.12262, "url": "https://www.iryou.teikyouseido.mhlw.go.jp/znk-web/juminkanja/S2430/initialize?prefCd=43&kikanCd=243561278&kikanKbn=2", "url2": null, "内容": "古閑医院【2:診療所】【診療科目:内科_消化器内科_小児科】熊本県阿蘇市一の宮町宮地１４４６ー１" }, "geometry": { "type": "Point", "coordinates": [ 131.12262, 32.938266 ] } },
{ "type": "Feature", "properties": { "ID": 432243561308, "正式名称": "俵山クリニック", "機関区分": 2, "都道府県コード": 43, "市区町村コード": 432, "所在地": "熊本県阿蘇郡西原村小森２８２２ー３", "緯度": 32.840528, "経度": 130.918667, "url": "https://www.iryou.teikyouseido.mhlw.go.jp/znk-web/juminkanja/S2430/initialize?prefCd=43&kikanCd=243561308&kikanKbn=2", "url2": null, "内容": "俵山クリニック【2:診療所】【診療科目:内科_消化器内科】熊本県阿蘇郡西原村小森２８２２ー３" }, "geometry": { "type": "Point", "coordinates": [ 130.918667, 32.840528 ] } },
{ "type": "Feature", "properties": { "ID": 432243561340, "正式名称": "良見内科医院", "機関区分": 2, "都道府県コード": 43, "市区町村コード": 428, "所在地": "熊本県阿蘇郡高森町高森１６１３ー５", "緯度": 36.391737, "経度": 138.265868, "url": "https://www.iryou.teikyouseido.mhlw.go.jp/znk-web/juminkanja/S2430/initialize?prefCd=43&kikanCd=243561340&kikanKbn=2", "url2": null, "内容": "良見内科医院【2:診療所】【診療科目:内科】熊本県阿蘇郡高森町高森１６１３ー５" }, "geometry": { "type": "Point", "coordinates": [ 138.265868, 36.391737 ] } },
{ "type": "Feature", "properties": { "ID": 432243561353, "正式名称": "いしだクリニック", "機関区分": 2, "都道府県コード": 43, "市区町村コード": 432, "所在地": "熊本県阿蘇郡西原村小森３２０９－２", "緯度": 32.836784, "経度": 130.901994, "url": "https://www.iryou.teikyouseido.mhlw.go.jp/znk-web/juminkanja/S2430/initialize?prefCd=43&kikanCd=243561353&kikanKbn=2", "url2": "https://www.ishida-clinic.org", "内容": "いしだクリニック【2:診療所】【診療科目:内科_消化器内科】熊本県阿蘇郡西原村小森３２０９－２" }, "geometry": { "type": "Point", "coordinates": [ 130.901994, 32.836784 ] } },
{ "type": "Feature", "properties": { "ID": 432243570027, "正式名称": "古閑整形外科胃腸科医院", "機関区分": 2, "都道府県コード": 43, "市区町村コード": 441, "所在地": "熊本県上益城郡御船町上野１５３６", "緯度": 32.734612, "経度": 130.855248, "url": "https://www.iryou.teikyouseido.mhlw.go.jp/znk-web/juminkanja/S2430/initialize?prefCd=43&kikanCd=243570027&kikanKbn=2", "url2": null, "内容": "古閑整形外科胃腸科医院【2:診療所】【診療科目:内科_消化器内科_外科_整形外科】熊本県上益城郡御船町上野１５３６" }, "geometry": { "type": "Point", "coordinates": [ 130.855248, 32.734612 ] } },
{ "type": "Feature", "properties": { "ID": 432243570115, "正式名称": "藤岡医院", "機関区分": 2, "都道府県コード": 43, "市区町村コード": 441, "所在地": "熊本県上益城郡御船町御船１０６１", "緯度": 32.711096, "経度": 130.800855, "url": "https://www.iryou.teikyouseido.mhlw.go.jp/znk-web/juminkanja/S2430/initialize?prefCd=43&kikanCd=243570115&kikanKbn=2", "url2": "https://www.fujiokakai.org/", "内容": "藤岡医院【2:診療所】【診療科目:内科_消化器内科_小児科】熊本県上益城郡御船町御船１０６１" }, "geometry": { "type": "Point", "coordinates": [ 130.800855, 32.711096 ] } },
{ "type": "Feature", "properties": { "ID": 432243570128, "正式名称": "榊田泌尿器科外科医院", "機関区分": 2, "都道府県コード": 43, "市区町村コード": 441, "所在地": "熊本県上益城郡御船町御船９０３", "緯度": 32.710388, "経度": 130.798317, "url": "https://www.iryou.teikyouseido.mhlw.go.jp/znk-web/juminkanja/S2430/initialize?prefCd=43&kikanCd=243570128&kikanKbn=2", "url2": "http://sakakidaurology.org/", "内容": "榊田泌尿器科外科医院【2:診療所】【診療科目:内科_外科_泌尿器科】熊本県上益城郡御船町御船９０３" }, "geometry": { "type": "Point", "coordinates": [ 130.798317, 32.710388 ] } },
{ "type": "Feature", "properties": { "ID": 432243570216, "正式名称": "椎崎胃腸科外科医院", "機関区分": 2, "都道府県コード": 43, "市区町村コード": 443, "所在地": "熊本県上益城郡益城町惣領１４２１ー１", "緯度": 32.784672, "経度": 130.802497, "url": "https://www.iryou.teikyouseido.mhlw.go.jp/znk-web/juminkanja/S2430/initialize?prefCd=43&kikanCd=243570216&kikanKbn=2", "url2": null, "内容": "椎崎胃腸科外科医院【2:診療所】【診療科目:胃腸外科】熊本県上益城郡益城町惣領１４２１ー１" }, "geometry": { "type": "Point", "coordinates": [ 130.802497, 32.784672 ] } },
{ "type": "Feature", "properties": { "ID": 432243570232, "正式名称": "ふくだ整形外科", "機関区分": 2, "都道府県コード": 43, "市区町村コード": 443, "所在地": "熊本県上益城郡益城町馬水８０５", "緯度": 32.786894, "経度": 130.808119, "url": "https://www.iryou.teikyouseido.mhlw.go.jp/znk-web/juminkanja/S2430/initialize?prefCd=43&kikanCd=243570232&kikanKbn=2", "url2": "https://seikei-fukuda.jp/", "内容": "ふくだ整形外科【2:診療所】【診療科目:整形外科_リウマチ科_リハビリテーション科】熊本県上益城郡益城町馬水８０５" }, "geometry": { "type": "Point", "coordinates": [ 130.808119, 32.786894 ] } },
{ "type": "Feature", "properties": { "ID": 432243570258, "正式名称": "市原産婦人科医院", "機関区分": 2, "都道府県コード": 43, "市区町村コード": 443, "所在地": "熊本県上益城郡益城町惣領１４８７", "緯度": 32.78392, "経度": 130.801469, "url": "https://www.iryou.teikyouseido.mhlw.go.jp/znk-web/juminkanja/S2430/initialize?prefCd=43&kikanCd=243570258&kikanKbn=2", "url2": "ichihara-mashiki.com", "内容": "市原産婦人科医院【2:診療所】【診療科目:産婦人科】熊本県上益城郡益城町惣領１４８７" }, "geometry": { "type": "Point", "coordinates": [ 130.801469, 32.78392 ] } },
{ "type": "Feature", "properties": { "ID": 432243570290, "正式名称": "小屋迫医院", "機関区分": 2, "都道府県コード": 43, "市区町村コード": 444, "所在地": "熊本県上益城郡甲佐町岩下９６ー１", "緯度": 32.652572, "経度": 130.809202, "url": "https://www.iryou.teikyouseido.mhlw.go.jp/znk-web/juminkanja/S2430/initialize?prefCd=43&kikanCd=243570290&kikanKbn=2", "url2": "https://byoinnavi.jp/clinic/102355", "内容": "小屋迫医院【2:診療所】【診療科目:内科_小児科】熊本県上益城郡甲佐町岩下９６ー１" }, "geometry": { "type": "Point", "coordinates": [ 130.809202, 32.652572 ] } },
{ "type": "Feature", "properties": { "ID": 432243570346, "正式名称": "野田医院", "機関区分": 2, "都道府県コード": 43, "市区町村コード": 447, "所在地": "熊本県上益城郡山都町浜町２６７", "緯度": 32.683347, "経度": 130.983928, "url": "https://www.iryou.teikyouseido.mhlw.go.jp/znk-web/juminkanja/S2430/initialize?prefCd=43&kikanCd=243570346&kikanKbn=2", "url2": "https://www.nodaiin-medical.com", "内容": "野田医院【2:診療所】【診療科目:内科_消化器内科_小児科】熊本県上益城郡山都町浜町２６７" }, "geometry": { "type": "Point", "coordinates": [ 130.983928, 32.683347 ] } },
{ "type": "Feature", "properties": { "ID": 432243570405, "正式名称": "井無田へき地診療所", "機関区分": 2, "都道府県コード": 43, "市区町村コード": 447, "所在地": "熊本県上益城郡山都町井無田１２９４ー３", "緯度": 32.731036, "経度": 131.099502, "url": "https://www.iryou.teikyouseido.mhlw.go.jp/znk-web/juminkanja/S2430/initialize?prefCd=43&kikanCd=243570405&kikanKbn=2", "url2": "http://www.soyo-hospital.jp", "内容": "井無田へき地診療所【2:診療所】【診療科目:内科_外科_精神科_心療内科】熊本県上益城郡山都町井無田１２９４ー３" }, "geometry": { "type": "Point", "coordinates": [ 131.099502, 32.731036 ] } },
{ "type": "Feature", "properties": { "ID": 432243570434, "正式名称": "山地外科胃腸科医院", "機関区分": 2, "都道府県コード": 43, "市区町村コード": 442, "所在地": "熊本県上益城郡嘉島町上島２４９１", "緯度": 32.73606, "経度": 130.752174, "url": "https://www.iryou.teikyouseido.mhlw.go.jp/znk-web/juminkanja/S2430/initialize?prefCd=43&kikanCd=243570434&kikanKbn=2", "url2": "https://yamaji-clinic.com", "内容": "山地外科胃腸科医院【2:診療所】【診療科目:内科_循環器内科_胃腸内科_外科】熊本県上益城郡嘉島町上島２４９１" }, "geometry": { "type": "Point", "coordinates": [ 130.752174, 32.73606 ] } },
{ "type": "Feature", "properties": { "ID": 432243570447, "正式名称": "たかぞえ内科循環器内科クリニック", "機関区分": 2, "都道府県コード": 43, "市区町村コード": 441, "所在地": "熊本県上益城郡御船町御船９４８", "緯度": 32.712669, "経度": 130.799006, "url": "https://www.iryou.teikyouseido.mhlw.go.jp/znk-web/juminkanja/S2430/initialize?prefCd=43&kikanCd=243570447&kikanKbn=2", "url2": null, "内容": "たかぞえ内科循環器内科クリニック【2:診療所】【診療科目:内科_循環器内科_乳腺内科、甲状腺内科_小児科_リハビリテーション科_循環器科】熊本県上益城郡御船町御船９４８" }, "geometry": { "type": "Point", "coordinates": [ 130.799006, 32.712669 ] } },
{ "type": "Feature", "properties": { "ID": 432243570463, "正式名称": "嘉島クリニック", "機関区分": 2, "都道府県コード": 43, "市区町村コード": 442, "所在地": "熊本県上益城郡嘉島町鯰２６３９", "緯度": 32.743672, "経度": 130.738345, "url": "https://www.iryou.teikyouseido.mhlw.go.jp/znk-web/juminkanja/S2430/initialize?prefCd=43&kikanCd=243570463&kikanKbn=2", "url2": "http://www.shimada-hp.jp/", "内容": "嘉島クリニック【2:診療所】【診療科目:内科_人工透析内科】熊本県上益城郡嘉島町鯰２６３９" }, "geometry": { "type": "Point", "coordinates": [ 130.738345, 32.743672 ] } },
{ "type": "Feature", "properties": { "ID": 432243570492, "正式名称": "医療法人社団安貴会大久保耳鼻咽喉科医院", "機関区分": 2, "都道府県コード": 43, "市区町村コード": 441, "所在地": "熊本県上益城郡御船町辺田見４１０ー１", "緯度": 32.70932, "経度": 130.801474, "url": "https://www.iryou.teikyouseido.mhlw.go.jp/znk-web/juminkanja/S2430/initialize?prefCd=43&kikanCd=243570492&kikanKbn=2", "url2": null, "内容": "医療法人社団安貴会大久保耳鼻咽喉科医院【2:診療所】【診療科目:気管食道・耳鼻いんこう科_アレルギー科】熊本県上益城郡御船町辺田見４１０ー１" }, "geometry": { "type": "Point", "coordinates": [ 130.801474, 32.70932 ] } },
{ "type": "Feature", "properties": { "ID": 432243570506, "正式名称": "益城整形外科", "機関区分": 2, "都道府県コード": 43, "市区町村コード": 443, "所在地": "熊本県上益城郡益城町安永８０５ー４", "緯度": 32.786975, "経度": 130.809035, "url": "https://www.iryou.teikyouseido.mhlw.go.jp/znk-web/juminkanja/S2430/initialize?prefCd=43&kikanCd=243570506&kikanKbn=2", "url2": null, "内容": "益城整形外科【2:診療所】【診療科目:整形外科】熊本県上益城郡益城町安永８０５ー４" }, "geometry": { "type": "Point", "coordinates": [ 130.809035, 32.786975 ] } },
{ "type": "Feature", "properties": { "ID": 432243570522, "正式名称": "みふね眼科", "機関区分": 2, "都道府県コード": 43, "市区町村コード": 441, "所在地": "熊本県上益城郡御船町辺田見４１０ー１", "緯度": 32.708999, "経度": 130.801586, "url": "https://www.iryou.teikyouseido.mhlw.go.jp/znk-web/juminkanja/S2430/initialize?prefCd=43&kikanCd=243570522&kikanKbn=2", "url2": "http://mifuneganka.jp", "内容": "みふね眼科【2:診療所】【診療科目:眼科】熊本県上益城郡御船町辺田見４１０ー１" }, "geometry": { "type": "Point", "coordinates": [ 130.801586, 32.708999 ] } },
{ "type": "Feature", "properties": { "ID": 432243570535, "正式名称": "香田整形外科・内科", "機関区分": 2, "都道府県コード": 43, "市区町村コード": 442, "所在地": "熊本県上益城郡嘉島町北甘木２０１８", "緯度": 32.749475, "経度": 130.772475, "url": "https://www.iryou.teikyouseido.mhlw.go.jp/znk-web/juminkanja/S2430/initialize?prefCd=43&kikanCd=243570535&kikanKbn=2", "url2": "https://koda-clinic.com/about.html", "内容": "香田整形外科・内科【2:診療所】【診療科目:内科_整形外科_リウマチ科_リハビリテーション科_麻酔科】熊本県上益城郡嘉島町北甘木２０１８" }, "geometry": { "type": "Point", "coordinates": [ 130.772475, 32.749475 ] } },
{ "type": "Feature", "properties": { "ID": 432243570551, "正式名称": "高本脳神経外科医院", "機関区分": 2, "都道府県コード": 43, "市区町村コード": 443, "所在地": "熊本県上益城郡益城町惣領１３１６", "緯度": 32.783036, "経度": 130.801133, "url": "https://www.iryou.teikyouseido.mhlw.go.jp/znk-web/juminkanja/S2430/initialize?prefCd=43&kikanCd=243570551&kikanKbn=2", "url2": null, "内容": "高本脳神経外科医院【2:診療所】【診療科目:内科_脳神経外科】熊本県上益城郡益城町惣領１３１６" }, "geometry": { "type": "Point", "coordinates": [ 130.801133, 32.783036 ] } },
{ "type": "Feature", "properties": { "ID": 432243570577, "正式名称": "清水眼科", "機関区分": 2, "都道府県コード": 43, "市区町村コード": 443, "所在地": "熊本県上益城郡益城町惣領１４２９ー５", "緯度": 32.785097, "経度": 130.802511, "url": "https://www.iryou.teikyouseido.mhlw.go.jp/znk-web/juminkanja/S2430/initialize?prefCd=43&kikanCd=243570577&kikanKbn=2", "url2": null, "内容": "清水眼科【2:診療所】【診療科目:眼科】熊本県上益城郡益城町惣領１４２９ー５" }, "geometry": { "type": "Point", "coordinates": [ 130.802511, 32.785097 ] } },
{ "type": "Feature", "properties": { "ID": 432243570580, "正式名称": "砥川クリニック", "機関区分": 2, "都道府県コード": 43, "市区町村コード": 443, "所在地": "熊本県上益城郡益城町砥川１７２６", "緯度": 32.762202, "経度": 130.815105, "url": "https://www.iryou.teikyouseido.mhlw.go.jp/znk-web/juminkanja/S2430/initialize?prefCd=43&kikanCd=243570580&kikanKbn=2", "url2": null, "内容": "砥川クリニック【2:診療所】【診療科目:内科_胃腸内科_外科_肛門外科】熊本県上益城郡益城町砥川１７２６" }, "geometry": { "type": "Point", "coordinates": [ 130.815105, 32.762202 ] } },
{ "type": "Feature", "properties": { "ID": 432243570593, "正式名称": "おがた整形外科", "機関区分": 2, "都道府県コード": 43, "市区町村コード": 443, "所在地": "熊本県上益城郡益城町福富８０２ー２", "緯度": 32.781495, "経度": 130.796614, "url": "https://www.iryou.teikyouseido.mhlw.go.jp/znk-web/juminkanja/S2430/initialize?prefCd=43&kikanCd=243570593&kikanKbn=2", "url2": null, "内容": "おがた整形外科【2:診療所】【診療科目:内科_ペインクリニック内科_ペインクリニック外科_整形外科_形成外科_リウマチ科_リハビリテーション科_麻酔科】熊本県上益城郡益城町福富８０２ー２" }, "geometry": { "type": "Point", "coordinates": [ 130.796614, 32.781495 ] } },
{ "type": "Feature", "properties": { "ID": 432243570623, "正式名称": "桃崎整形外科", "機関区分": 2, "都道府県コード": 43, "市区町村コード": 444, "所在地": "熊本県上益城郡甲佐町緑町２７５ー２０", "緯度": 32.646505, "経度": 130.808991, "url": "https://www.iryou.teikyouseido.mhlw.go.jp/znk-web/juminkanja/S2430/initialize?prefCd=43&kikanCd=243570623&kikanKbn=2", "url2": null, "内容": "桃崎整形外科【2:診療所】【診療科目:整形外科_リウマチ科_リハビリテーション科】熊本県上益城郡甲佐町緑町２７５ー２０" }, "geometry": { "type": "Point", "coordinates": [ 130.808991, 32.646505 ] } },
{ "type": "Feature", "properties": { "ID": 432243570636, "正式名称": "たなか内科眼科", "機関区分": 2, "都道府県コード": 43, "市区町村コード": 442, "所在地": "熊本県上益城郡嘉島町鯰１８９８ー３", "緯度": 32.749644, "経度": 130.739191, "url": "https://www.iryou.teikyouseido.mhlw.go.jp/znk-web/juminkanja/S2430/initialize?prefCd=43&kikanCd=243570636&kikanKbn=2", "url2": "https://tng-cl.com", "内容": "たなか内科眼科【2:診療所】【診療科目:内科_呼吸器内科_アレルギー疾患内科_眼科_視能訓練、眼鏡・コンタクトレンズ合わせ】熊本県上益城郡嘉島町鯰１８９８ー３" }, "geometry": { "type": "Point", "coordinates": [ 130.739191, 32.749644 ] } },
{ "type": "Feature", "properties": { "ID": 432243570652, "正式名称": "高田整形外科クリニック", "機関区分": 2, "都道府県コード": 43, "市区町村コード": 447, "所在地": "熊本県上益城郡山都町城平８４２", "緯度": 32.686608, "経度": 130.992771, "url": "https://www.iryou.teikyouseido.mhlw.go.jp/znk-web/juminkanja/S2430/initialize?prefCd=43&kikanCd=243570652&kikanKbn=2", "url2": null, "内容": "高田整形外科クリニック【2:診療所】【診療科目:整形外科_リウマチ科_リハビリテーション科】熊本県上益城郡山都町城平８４２" }, "geometry": { "type": "Point", "coordinates": [ 130.992771, 32.686608 ] } },
{ "type": "Feature", "properties": { "ID": 432243570678, "正式名称": "益城なかぞのクリニック", "機関区分": 2, "都道府県コード": 43, "市区町村コード": 443, "所在地": "熊本県上益城郡益城町宮園７３２ー９", "緯度": 32.794363, "経度": 130.816148, "url": "https://www.iryou.teikyouseido.mhlw.go.jp/znk-web/juminkanja/S2430/initialize?prefCd=43&kikanCd=243570678&kikanKbn=2", "url2": "https://www.mashikinakazono.com", "内容": "益城なかぞのクリニック【2:診療所】【診療科目:内科_呼吸器内科_循環器内科_消化器内科】熊本県上益城郡益城町宮園７３２ー９" }, "geometry": { "type": "Point", "coordinates": [ 130.816148, 32.794363 ] } },
{ "type": "Feature", "properties": { "ID": 432243570681, "正式名称": "さかた耳鼻咽喉科", "機関区分": 2, "都道府県コード": 43, "市区町村コード": 442, "所在地": "熊本県上益城郡嘉島町鯰１８３４ー１", "緯度": 32.747424, "経度": 130.738457, "url": "https://www.iryou.teikyouseido.mhlw.go.jp/znk-web/juminkanja/S2430/initialize?prefCd=43&kikanCd=243570681&kikanKbn=2", "url2": "http://www.sakata-jibika.com/pc/", "内容": "さかた耳鼻咽喉科【2:診療所】【診療科目:気管食道外科_耳鼻いんこう科_アレルギー科】熊本県上益城郡嘉島町鯰１８３４ー１" }, "geometry": { "type": "Point", "coordinates": [ 130.738457, 32.747424 ] } },
{ "type": "Feature", "properties": { "ID": 432243570708, "正式名称": "山口医院", "機関区分": 2, "都道府県コード": 43, "市区町村コード": 447, "所在地": "熊本県上益城郡山都町菅尾４９８", "緯度": 32.708453, "経度": 131.137733, "url": "https://www.iryou.teikyouseido.mhlw.go.jp/znk-web/juminkanja/S2430/initialize?prefCd=43&kikanCd=243570708&kikanKbn=2", "url2": "http://soyo.jp/prof.html", "内容": "山口医院【2:診療所】【診療科目:内科_小児科_婦人科_皮膚科】熊本県上益城郡山都町菅尾４９８" }, "geometry": { "type": "Point", "coordinates": [ 131.137733, 32.708453 ] } },
{ "type": "Feature", "properties": { "ID": 432243570711, "正式名称": "北部へき地診療所", "機関区分": 2, "都道府県コード": 43, "市区町村コード": 447, "所在地": "熊本県上益城郡山都町東竹原２８５ー１", "緯度": 32.791009, "経度": 131.176846, "url": "https://www.iryou.teikyouseido.mhlw.go.jp/znk-web/juminkanja/S2430/initialize?prefCd=43&kikanCd=243570711&kikanKbn=2", "url2": "http://www.soyo-hospital.jp/", "内容": "北部へき地診療所【2:診療所】【診療科目:内科_外科_精神科_心療内科】熊本県上益城郡山都町東竹原２８５ー１" }, "geometry": { "type": "Point", "coordinates": [ 131.176846, 32.791009 ] } },
{ "type": "Feature", "properties": { "ID": 432243570740, "正式名称": "甲佐眼科クリニック", "機関区分": 2, "都道府県コード": 43, "市区町村コード": 444, "所在地": "熊本県上益城郡甲佐町岩下６８ー１３", "緯度": 32.653395, "経度": 130.80995, "url": "https://www.iryou.teikyouseido.mhlw.go.jp/znk-web/juminkanja/S2430/initialize?prefCd=43&kikanCd=243570740&kikanKbn=2", "url2": "https://www.kosa-ganka.com/", "内容": "甲佐眼科クリニック【2:診療所】【診療科目:眼科】熊本県上益城郡甲佐町岩下６８ー１３" }, "geometry": { "type": "Point", "coordinates": [ 130.80995, 32.653395 ] } },
{ "type": "Feature", "properties": { "ID": 432243570753, "正式名称": "しばた眼科", "機関区分": 2, "都道府県コード": 43, "市区町村コード": 442, "所在地": "熊本県上益城郡嘉島町大字上島字長池２２３２イオンモール熊本１階", "緯度": 32.73746, "経度": 130.745474, "url": "https://www.iryou.teikyouseido.mhlw.go.jp/znk-web/juminkanja/S2430/initialize?prefCd=43&kikanCd=243570753&kikanKbn=2", "url2": "http://www.shibataganka.com/", "内容": "しばた眼科【2:診療所】【診療科目:眼科】熊本県上益城郡嘉島町大字上島字長池２２３２イオンモール熊本１階" }, "geometry": { "type": "Point", "coordinates": [ 130.745474, 32.73746 ] } },
{ "type": "Feature", "properties": { "ID": 432243570779, "正式名称": "からしま小児科", "機関区分": 2, "都道府県コード": 43, "市区町村コード": 442, "所在地": "熊本県上益城郡嘉島町上島９６１", "緯度": 32.740787, "経度": 130.75599, "url": "https://www.iryou.teikyouseido.mhlw.go.jp/znk-web/juminkanja/S2430/initialize?prefCd=43&kikanCd=243570779&kikanKbn=2", "url2": "http://karashima-c.jp/ja/", "内容": "からしま小児科【2:診療所】【診療科目:小児科】熊本県上益城郡嘉島町上島９６１" }, "geometry": { "type": "Point", "coordinates": [ 130.75599, 32.740787 ] } },
{ "type": "Feature", "properties": { "ID": 432243570838, "正式名称": "特別養護老人ホーム風ノ木", "機関区分": 2, "都道府県コード": 43, "市区町村コード": 447, "所在地": "熊本県上益城郡山都町千滝２１１", "緯度": 32.680922, "経度": 130.983724, "url": "https://www.iryou.teikyouseido.mhlw.go.jp/znk-web/juminkanja/S2430/initialize?prefCd=43&kikanCd=243570838&kikanKbn=2", "url2": null, "内容": "特別養護老人ホーム風ノ木【2:診療所】【診療科目:内科】熊本県上益城郡山都町千滝２１１" }, "geometry": { "type": "Point", "coordinates": [ 130.983724, 32.680922 ] } },
{ "type": "Feature", "properties": { "ID": 432243570854, "正式名称": "はがこどもクリニック", "機関区分": 2, "都道府県コード": 43, "市区町村コード": 443, "所在地": "熊本県上益城郡益城町宮園４０８ー１", "緯度": 32.788205, "経度": 130.818137, "url": "https://www.iryou.teikyouseido.mhlw.go.jp/znk-web/juminkanja/S2430/initialize?prefCd=43&kikanCd=243570854&kikanKbn=2", "url2": "http:/www.hagakodomo.com/", "内容": "はがこどもクリニック【2:診療所】【診療科目:内科_感染症内科_アレルギー疾患内科_小児科_小児眼科_小児耳鼻いんこう科_小児皮膚科_小児泌尿器科_小児アレルギー科_歯科_アレルギー科】熊本県上益城郡益城町宮園４０８ー１" }, "geometry": { "type": "Point", "coordinates": [ 130.818137, 32.788205 ] } },
{ "type": "Feature", "properties": { "ID": 432243570867, "正式名称": "小糸整形外科", "機関区分": 2, "都道府県コード": 43, "市区町村コード": 441, "所在地": "熊本県上益城郡御船町木倉１１８２", "緯度": 32.718601, "経度": 130.804344, "url": "https://www.iryou.teikyouseido.mhlw.go.jp/znk-web/juminkanja/S2430/initialize?prefCd=43&kikanCd=243570867&kikanKbn=2", "url2": null, "内容": "小糸整形外科【2:診療所】【診療科目:整形外科_リウマチ科_リハビリテーション科】熊本県上益城郡御船町木倉１１８２" }, "geometry": { "type": "Point", "coordinates": [ 130.804344, 32.718601 ] } },
{ "type": "Feature", "properties": { "ID": 432243570896, "正式名称": "田上皮ふ科クリニック", "機関区分": 2, "都道府県コード": 43, "市区町村コード": 441, "所在地": "熊本県上益城郡御船町辺田見３４ー１", "緯度": 32.714502, "経度": 130.803872, "url": "https://www.iryou.teikyouseido.mhlw.go.jp/znk-web/juminkanja/S2430/initialize?prefCd=43&kikanCd=243570896&kikanKbn=2", "url2": "https://tanoue-dema.com/", "内容": "田上皮ふ科クリニック【2:診療所】【診療科目:形成外科_皮膚科_アレルギー科】熊本県上益城郡御船町辺田見３４ー１" }, "geometry": { "type": "Point", "coordinates": [ 130.803872, 32.714502 ] } },
{ "type": "Feature", "properties": { "ID": 432243570900, "正式名称": "大串内科", "機関区分": 2, "都道府県コード": 43, "市区町村コード": 442, "所在地": "熊本県上益城郡嘉島町鯰２７７８", "緯度": 32.745389, "経度": 130.740582, "url": "https://www.iryou.teikyouseido.mhlw.go.jp/znk-web/juminkanja/S2430/initialize?prefCd=43&kikanCd=243570900&kikanKbn=2", "url2": null, "内容": "大串内科【2:診療所】【診療科目:内科_小児科】熊本県上益城郡嘉島町鯰２７７８" }, "geometry": { "type": "Point", "coordinates": [ 130.740582, 32.745389 ] } },
{ "type": "Feature", "properties": { "ID": 432243570913, "正式名称": "かいがクリニック", "機関区分": 2, "都道府県コード": 43, "市区町村コード": 443, "所在地": "熊本県上益城郡益城町木山３５８ー１", "緯度": 32.788086, "経度": 130.817837, "url": "https://www.iryou.teikyouseido.mhlw.go.jp/znk-web/juminkanja/S2430/initialize?prefCd=43&kikanCd=243570913&kikanKbn=2", "url2": null, "内容": "かいがクリニック【2:診療所】【診療科目:内科_小児科_循環器科】熊本県上益城郡益城町木山３５８ー１" }, "geometry": { "type": "Point", "coordinates": [ 130.817837, 32.788086 ] } },
{ "type": "Feature", "properties": { "ID": 432243570926, "正式名称": "ましきクリニック", "機関区分": 2, "都道府県コード": 43, "市区町村コード": 443, "所在地": "熊本県上益城郡益城町惣領１５１７ー１", "緯度": 32.782885, "経度": 130.799088, "url": "https://www.iryou.teikyouseido.mhlw.go.jp/znk-web/juminkanja/S2430/initialize?prefCd=43&kikanCd=243570926&kikanKbn=2", "url2": "http://www.mashiki-clinic.com/", "内容": "ましきクリニック【2:診療所】【診療科目:小児科_耳鼻いんこう科_アレルギー科】熊本県上益城郡益城町惣領１５１７ー１" }, "geometry": { "type": "Point", "coordinates": [ 130.799088, 32.782885 ] } },
{ "type": "Feature", "properties": { "ID": 432243570939, "正式名称": "緑川へき地診療所", "機関区分": 2, "都道府県コード": 43, "市区町村コード": 447, "所在地": "熊本県上益城郡山都町緑川２０１５", "緯度": 32.640117, "経度": 131.07236, "url": "https://www.iryou.teikyouseido.mhlw.go.jp/znk-web/juminkanja/S2430/initialize?prefCd=43&kikanCd=243570939&kikanKbn=2", "url2": "http://www.soyo-hospital.jp", "内容": "緑川へき地診療所【2:診療所】【診療科目:内科_外科】熊本県上益城郡山都町緑川２０１５" }, "geometry": { "type": "Point", "coordinates": [ 131.07236, 32.640117 ] } },
{ "type": "Feature", "properties": { "ID": 432243570984, "正式名称": "ましき在宅診療所", "機関区分": 2, "都道府県コード": 43, "市区町村コード": 443, "所在地": "熊本県上益城郡益城町宮園６９４ー６", "緯度": 32.792186, "経度": 130.814965, "url": "https://www.iryou.teikyouseido.mhlw.go.jp/znk-web/juminkanja/S2430/initialize?prefCd=43&kikanCd=243570984&kikanKbn=2", "url2": null, "内容": "ましき在宅診療所【2:診療所】【診療科目:内科】熊本県上益城郡益城町宮園６９４ー６" }, "geometry": { "type": "Point", "coordinates": [ 130.814965, 32.792186 ] } },
{ "type": "Feature", "properties": { "ID": 432243570997, "正式名称": "ひろやすクリニック", "機関区分": 2, "都道府県コード": 43, "市区町村コード": 443, "所在地": "熊本県上益城郡益城町惣領１５３０", "緯度": 32.78381, "経度": 130.798219, "url": "https://www.iryou.teikyouseido.mhlw.go.jp/znk-web/juminkanja/S2430/initialize?prefCd=43&kikanCd=243570997&kikanKbn=2", "url2": "www.mashiki.jp", "内容": "ひろやすクリニック【2:診療所】【診療科目:内科_糖尿病内科_呼吸器内科_循環器内科_消化器内科_肝臓内科】熊本県上益城郡益城町惣領１５３０" }, "geometry": { "type": "Point", "coordinates": [ 130.798219, 32.78381 ] } },
{ "type": "Feature", "properties": { "ID": 432243571008, "正式名称": "医療法人社団　泰泉会", "機関区分": 2, "都道府県コード": 43, "市区町村コード": 441, "所在地": "熊本県上益城郡御船町御船９３５", "緯度": 32.711949, "経度": 130.798458, "url": "https://www.iryou.teikyouseido.mhlw.go.jp/znk-web/juminkanja/S2430/initialize?prefCd=43&kikanCd=243571008&kikanKbn=2", "url2": "https://www.muta-n-2020.com/", "内容": "医療法人社団　泰泉会【2:診療所】【診療科目:内科_消化器内科】熊本県上益城郡御船町御船９３５" }, "geometry": { "type": "Point", "coordinates": [ 130.798458, 32.711949 ] } },
{ "type": "Feature", "properties": { "ID": 432243571040, "正式名称": "のざき消化器ＩＢＤクリニック", "機関区分": 2, "都道府県コード": 43, "市区町村コード": 443, "所在地": "熊本県上益城郡益城町広崎１５７２ー１", "緯度": 32.784184, "経度": 130.788055, "url": "https://www.iryou.teikyouseido.mhlw.go.jp/znk-web/juminkanja/S2430/initialize?prefCd=43&kikanCd=243571040&kikanKbn=2", "url2": null, "内容": "のざき消化器ＩＢＤクリニック【2:診療所】【診療科目:内科_消化器内科_胃腸内科_内視鏡内科_肛門内科_肛門外科】熊本県上益城郡益城町広崎１５７２ー１" }, "geometry": { "type": "Point", "coordinates": [ 130.788055, 32.784184 ] } },
{ "type": "Feature", "properties": { "ID": 432243571053, "正式名称": "整形外科桜木クリニック", "機関区分": 2, "都道府県コード": 43, "市区町村コード": 443, "所在地": "熊本県上益城郡益城町広崎１０３７ー１", "緯度": 41.769863, "経度": 123.393744, "url": "https://www.iryou.teikyouseido.mhlw.go.jp/znk-web/juminkanja/S2430/initialize?prefCd=43&kikanCd=243571053&kikanKbn=2", "url2": null, "内容": "整形外科桜木クリニック【2:診療所】【診療科目:整形外科_リハビリテーション科】熊本県上益城郡益城町広崎１０３７ー１" }, "geometry": { "type": "Point", "coordinates": [ 123.393744, 41.769863 ] } },
{ "type": "Feature", "properties": { "ID": 432243571066, "正式名称": "のぐち皮ふ科", "機関区分": 2, "都道府県コード": 43, "市区町村コード": 442, "所在地": "熊本県上益城郡嘉島町上島９６４ー１", "緯度": 32.740664, "経度": 130.755569, "url": "https://www.iryou.teikyouseido.mhlw.go.jp/znk-web/juminkanja/S2430/initialize?prefCd=43&kikanCd=243571066&kikanKbn=2", "url2": "https://nogcli.jp/", "内容": "のぐち皮ふ科【2:診療所】【診療科目:形成外科_皮膚科】熊本県上益城郡嘉島町上島９６４ー１" }, "geometry": { "type": "Point", "coordinates": [ 130.755569, 32.740664 ] } },
{ "type": "Feature", "properties": { "ID": 432243571095, "正式名称": "あおい皮ふ科", "機関区分": 2, "都道府県コード": 43, "市区町村コード": 443, "所在地": "熊本県上益城郡益城町広崎１０３８－１", "緯度": 32.785717, "経度": 130.781494, "url": "https://www.iryou.teikyouseido.mhlw.go.jp/znk-web/juminkanja/S2430/initialize?prefCd=43&kikanCd=243571095&kikanKbn=2", "url2": "https://aoi-skin.jp/", "内容": "あおい皮ふ科【2:診療所】【診療科目:アレルギー疾患内科_形成外科_皮膚科】熊本県上益城郡益城町広崎１０３８－１" }, "geometry": { "type": "Point", "coordinates": [ 130.781494, 32.785717 ] } },
{ "type": "Feature", "properties": { "ID": 432243571112, "正式名称": "嘉島さいとう内科クリニック", "機関区分": 2, "都道府県コード": 43, "市区町村コード": 442, "所在地": "熊本県上益城郡嘉島町上島２２９９－１", "緯度": 32.738286, "経度": 130.740856, "url": "https://www.iryou.teikyouseido.mhlw.go.jp/znk-web/juminkanja/S2430/initialize?prefCd=43&kikanCd=243571112&kikanKbn=2", "url2": null, "内容": "嘉島さいとう内科クリニック【2:診療所】【診療科目:内科_循環器内科_消化器内科_胃腸内科_内視鏡内科】熊本県上益城郡嘉島町上島２２９９－１" }, "geometry": { "type": "Point", "coordinates": [ 130.740856, 32.738286 ] } },
{ "type": "Feature", "properties": { "ID": 432243571125, "正式名称": "かずゆき目のクリニック", "機関区分": 2, "都道府県コード": 43, "市区町村コード": 442, "所在地": "熊本県上益城郡嘉島町北甘木２２５７番１", "緯度": 32.745699, "経度": 130.771301, "url": "https://www.iryou.teikyouseido.mhlw.go.jp/znk-web/juminkanja/S2430/initialize?prefCd=43&kikanCd=243571125&kikanKbn=2", "url2": "https://kazuyuki-eye-clinic.jp/", "内容": "かずゆき目のクリニック【2:診療所】【診療科目:眼科】熊本県上益城郡嘉島町北甘木２２５７番１" }, "geometry": { "type": "Point", "coordinates": [ 130.771301, 32.745699 ] } },
{ "type": "Feature", "properties": { "ID": 432243571154, "正式名称": "佐々木メンタルクリニック", "機関区分": 2, "都道府県コード": 43, "市区町村コード": 442, "所在地": "熊本県上益城郡嘉島町北甘木２２５７番８", "緯度": 32.745833, "経度": 130.771867, "url": "https://www.iryou.teikyouseido.mhlw.go.jp/znk-web/juminkanja/S2430/initialize?prefCd=43&kikanCd=243571154&kikanKbn=2", "url2": "https://www.sasaki-mental.jp/", "内容": "佐々木メンタルクリニック【2:診療所】【診療科目:精神科】熊本県上益城郡嘉島町北甘木２２５７番８" }, "geometry": { "type": "Point", "coordinates": [ 130.771867, 32.745833 ] } },
{ "type": "Feature", "properties": { "ID": 432243580033, "正式名称": "和漢堂松田医院", "機関区分": 2, "都道府県コード": 43, "市区町村コード": 104, "所在地": "熊本県熊本市南区城南町藤山３６０ー２", "緯度": 32.685917, "経度": 130.75067, "url": "https://www.iryou.teikyouseido.mhlw.go.jp/znk-web/juminkanja/S2430/initialize?prefCd=43&kikanCd=243580033&kikanKbn=2", "url2": "http://www.matsudaclinic.com/pc/index.html", "内容": "和漢堂松田医院【2:診療所】【診療科目:内科_呼吸器内科_消化器内科_漢方内科_小児科_心療内科_アレルギー科_麻酔科】熊本県熊本市南区城南町藤山３６０ー２" }, "geometry": { "type": "Point", "coordinates": [ 130.75067, 32.685917 ] } },
{ "type": "Feature", "properties": { "ID": 432243580134, "正式名称": "坂崎皮ふ科", "機関区分": 2, "都道府県コード": 43, "市区町村コード": 213, "所在地": "熊本県宇城市松橋町松橋８５２", "緯度": 32.651873, "経度": 130.678001, "url": "https://www.iryou.teikyouseido.mhlw.go.jp/znk-web/juminkanja/S2430/initialize?prefCd=43&kikanCd=243580134&kikanKbn=2", "url2": null, "内容": "坂崎皮ふ科【2:診療所】【診療科目:皮膚科_アレルギー科】熊本県宇城市松橋町松橋８５２" }, "geometry": { "type": "Point", "coordinates": [ 130.678001, 32.651873 ] } },
{ "type": "Feature", "properties": { "ID": 432243580206, "正式名称": "くどう日日医院", "機関区分": 2, "都道府県コード": 43, "市区町村コード": 213, "所在地": "熊本県宇城市松橋町松橋９３６", "緯度": 32.652908, "経度": 130.67616, "url": "https://www.iryou.teikyouseido.mhlw.go.jp/znk-web/juminkanja/S2430/initialize?prefCd=43&kikanCd=243580206&kikanKbn=2", "url2": null, "内容": "くどう日日医院【2:診療所】【診療科目:内科】熊本県宇城市松橋町松橋９３６" }, "geometry": { "type": "Point", "coordinates": [ 130.67616, 32.652908 ] } },
{ "type": "Feature", "properties": { "ID": 432243580222, "正式名称": "本田医院", "機関区分": 2, "都道府県コード": 43, "市区町村コード": 213, "所在地": "熊本県宇城市松橋町南豊崎５８５", "緯度": 32.624068, "経度": 130.678161, "url": "https://www.iryou.teikyouseido.mhlw.go.jp/znk-web/juminkanja/S2430/initialize?prefCd=43&kikanCd=243580222&kikanKbn=2", "url2": null, "内容": "本田医院【2:診療所】【診療科目:内科_小児科_耳鼻いんこう科】熊本県宇城市松橋町南豊崎５８５" }, "geometry": { "type": "Point", "coordinates": [ 130.678161, 32.624068 ] } },
{ "type": "Feature", "properties": { "ID": 432243580248, "正式名称": "医療法人社団仁水会　清水整形外科医院", "機関区分": 2, "都道府県コード": 43, "市区町村コード": 213, "所在地": "熊本県宇城市松橋町久具３２３ー１", "緯度": 32.64943, "経度": 130.686388, "url": "https://www.iryou.teikyouseido.mhlw.go.jp/znk-web/juminkanja/S2430/initialize?prefCd=43&kikanCd=243580248&kikanKbn=2", "url2": "https://www.jinuikai-hp.jp/", "内容": "医療法人社団仁水会　清水整形外科医院【2:診療所】【診療科目:整形外科_リウマチ科_リハビリテーション科】熊本県宇城市松橋町久具３２３ー１" }, "geometry": { "type": "Point", "coordinates": [ 130.686388, 32.64943 ] } },
{ "type": "Feature", "properties": { "ID": 432243580336, "正式名称": "土屋医院", "機関区分": 2, "都道府県コード": 43, "市区町村コード": 213, "所在地": "熊本県宇城市小川町江頭１２１", "緯度": 32.591226, "経度": 130.704324, "url": "https://www.iryou.teikyouseido.mhlw.go.jp/znk-web/juminkanja/S2430/initialize?prefCd=43&kikanCd=243580336&kikanKbn=2", "url2": null, "内容": "土屋医院【2:診療所】【診療科目:内科_整形外科_リウマチ科】熊本県宇城市小川町江頭１２１" }, "geometry": { "type": "Point", "coordinates": [ 130.704324, 32.591226 ] } },
{ "type": "Feature", "properties": { "ID": 432243580437, "正式名称": "大隈整形外科医院", "機関区分": 2, "都道府県コード": 43, "市区町村コード": 104, "所在地": "熊本県熊本市南区城南町千町２０５２ー２", "緯度": 32.72943, "経度": 130.737425, "url": "https://www.iryou.teikyouseido.mhlw.go.jp/znk-web/juminkanja/S2430/initialize?prefCd=43&kikanCd=243580437&kikanKbn=2", "url2": null, "内容": "大隈整形外科医院【2:診療所】【診療科目:整形外科_リウマチ科_リハビリテーション科】熊本県熊本市南区城南町千町２０５２ー２" }, "geometry": { "type": "Point", "coordinates": [ 130.737425, 32.72943 ] } },
{ "type": "Feature", "properties": { "ID": 432243580453, "正式名称": "江藤外科胃腸科医院", "機関区分": 2, "都道府県コード": 43, "市区町村コード": 213, "所在地": "熊本県宇城市小川町河江７７ー１", "緯度": 32.594933, "経度": 130.703056, "url": "https://www.iryou.teikyouseido.mhlw.go.jp/znk-web/juminkanja/S2430/initialize?prefCd=43&kikanCd=243580453&kikanKbn=2", "url2": "https://www.etoiin.com", "内容": "江藤外科胃腸科医院【2:診療所】【診療科目:内科_外科_整形外科_リハビリテーション科_麻酔科_こう門科】熊本県宇城市小川町河江７７ー１" }, "geometry": { "type": "Point", "coordinates": [ 130.703056, 32.594933 ] } },
{ "type": "Feature", "properties": { "ID": 432243580482, "正式名称": "泉胃腸科外科医院", "機関区分": 2, "都道府県コード": 43, "市区町村コード": 213, "所在地": "熊本県宇城市松橋町松橋１９４１", "緯度": 32.655905, "経度": 130.686221, "url": "https://www.iryou.teikyouseido.mhlw.go.jp/znk-web/juminkanja/S2430/initialize?prefCd=43&kikanCd=243580482&kikanKbn=2", "url2": "http://www.izumiiin.com/", "内容": "泉胃腸科外科医院【2:診療所】【診療科目:内科_呼吸器内科_胃腸内科_外科_胃腸外科_肛門外科_整形外科_リハビリテーション科】熊本県宇城市松橋町松橋１９４１" }, "geometry": { "type": "Point", "coordinates": [ 130.686221, 32.655905 ] } },
{ "type": "Feature", "properties": { "ID": 432243580495, "正式名称": "宗像医院", "機関区分": 2, "都道府県コード": 43, "市区町村コード": 104, "所在地": "熊本県熊本市南区城南町阿高３２５ー１", "緯度": 32.699224, "経度": 130.72703, "url": "https://www.iryou.teikyouseido.mhlw.go.jp/znk-web/juminkanja/S2430/initialize?prefCd=43&kikanCd=243580495&kikanKbn=2", "url2": "htto://www.anpex.com/munakata/", "内容": "宗像医院【2:診療所】【診療科目:内科_外科_整形外科_リハビリテーション科_胃腸科】熊本県熊本市南区城南町阿高３２５ー１" }, "geometry": { "type": "Point", "coordinates": [ 130.72703, 32.699224 ] } },
{ "type": "Feature", "properties": { "ID": 432243580538, "正式名称": "狩場医院", "機関区分": 2, "都道府県コード": 43, "市区町村コード": 213, "所在地": "熊本県宇城市豊野町糸石３８９７", "緯度": 32.641288, "経度": 130.748017, "url": "https://www.iryou.teikyouseido.mhlw.go.jp/znk-web/juminkanja/S2430/initialize?prefCd=43&kikanCd=243580538&kikanKbn=2", "url2": null, "内容": "狩場医院【2:診療所】【診療科目:内科_外科_小児科_泌尿器科】熊本県宇城市豊野町糸石３８９７" }, "geometry": { "type": "Point", "coordinates": [ 130.748017, 32.641288 ] } },
{ "type": "Feature", "properties": { "ID": 432243580554, "正式名称": "まつえクリニック", "機関区分": 2, "都道府県コード": 43, "市区町村コード": 213, "所在地": "熊本県宇城市松橋町久具７００", "緯度": 32.651894, "経度": 130.697709, "url": "https://www.iryou.teikyouseido.mhlw.go.jp/znk-web/juminkanja/S2430/initialize?prefCd=43&kikanCd=243580554&kikanKbn=2", "url2": null, "内容": "まつえクリニック【2:診療所】【診療科目:内科_呼吸器内科_循環器内科_胃腸内科_外科_皮膚科】熊本県宇城市松橋町久具７００" }, "geometry": { "type": "Point", "coordinates": [ 130.697709, 32.651894 ] } },
{ "type": "Feature", "properties": { "ID": 432243580567, "正式名称": "みすみ胃腸科外科", "機関区分": 2, "都道府県コード": 43, "市区町村コード": 104, "所在地": "熊本県熊本市南区富合町杉島９２１ー１", "緯度": 32.728104, "経度": 130.679412, "url": "https://www.iryou.teikyouseido.mhlw.go.jp/znk-web/juminkanja/S2430/initialize?prefCd=43&kikanCd=243580567&kikanKbn=2", "url2": null, "内容": "みすみ胃腸科外科【2:診療所】【診療科目:内科_消化器内科_外科】熊本県熊本市南区富合町杉島９２１ー１" }, "geometry": { "type": "Point", "coordinates": [ 130.679412, 32.728104 ] } },
{ "type": "Feature", "properties": { "ID": 432243580583, "正式名称": "石井クリニック", "機関区分": 2, "都道府県コード": 43, "市区町村コード": 348, "所在地": "熊本県下益城郡美里町萱野１４２０", "緯度": 32.631621, "経度": 130.808178, "url": "https://www.iryou.teikyouseido.mhlw.go.jp/znk-web/juminkanja/S2430/initialize?prefCd=43&kikanCd=243580583&kikanKbn=2", "url2": null, "内容": "石井クリニック【2:診療所】【診療科目:内科_胃腸内科_外科_胃腸外科_大腸・肛門外科_小児外科_皮膚泌尿器科】熊本県下益城郡美里町萱野１４２０" }, "geometry": { "type": "Point", "coordinates": [ 130.808178, 32.631621 ] } },
{ "type": "Feature", "properties": { "ID": 432243590078, "正式名称": "七川医院", "機関区分": 2, "都道府県コード": 43, "市区町村コード": 211, "所在地": "熊本県宇土市浦田町１４０", "緯度": 32.686726, "経度": 130.657432, "url": "https://www.iryou.teikyouseido.mhlw.go.jp/znk-web/juminkanja/S2430/initialize?prefCd=43&kikanCd=243590078&kikanKbn=2", "url2": null, "内容": "七川医院【2:診療所】【診療科目:内科_外科_胃腸科】熊本県宇土市浦田町１４０" }, "geometry": { "type": "Point", "coordinates": [ 130.657432, 32.686726 ] } },
{ "type": "Feature", "properties": { "ID": 432243590081, "正式名称": "福田医院", "機関区分": 2, "都道府県コード": 43, "市区町村コード": 211, "所在地": "熊本県宇土市本町３ー６４", "緯度": 32.684616, "経度": 130.659635, "url": "https://www.iryou.teikyouseido.mhlw.go.jp/znk-web/juminkanja/S2430/initialize?prefCd=43&kikanCd=243590081&kikanKbn=2", "url2": null, "内容": "福田医院【2:診療所】【診療科目:内科_外科_小児科】熊本県宇土市本町３ー６４" }, "geometry": { "type": "Point", "coordinates": [ 130.659635, 32.684616 ] } },
{ "type": "Feature", "properties": { "ID": 432243590137, "正式名称": "医療法人まるほん　本多医院", "機関区分": 2, "都道府県コード": 43, "市区町村コード": 211, "所在地": "熊本県宇土市浦田町３１３", "緯度": 32.686132, "経度": 130.657558, "url": "https://www.iryou.teikyouseido.mhlw.go.jp/znk-web/juminkanja/S2430/initialize?prefCd=43&kikanCd=243590137&kikanKbn=2", "url2": "https://www.xn--79jf3b7a2808a.com/", "内容": "医療法人まるほん　本多医院【2:診療所】【診療科目:内科_呼吸器内科_泌尿器科_リウマチ科】熊本県宇土市浦田町３１３" }, "geometry": { "type": "Point", "coordinates": [ 130.657558, 32.686132 ] } },
{ "type": "Feature", "properties": { "ID": 432243590212, "正式名称": "池田胃腸科内科", "機関区分": 2, "都道府県コード": 43, "市区町村コード": 213, "所在地": "熊本県宇城市三角町波多１５９ー１", "緯度": 32.610774, "経度": 130.471674, "url": "https://www.iryou.teikyouseido.mhlw.go.jp/znk-web/juminkanja/S2430/initialize?prefCd=43&kikanCd=243590212&kikanKbn=2", "url2": null, "内容": "池田胃腸科内科【2:診療所】【診療科目:内科_胃腸内科】熊本県宇城市三角町波多１５９ー１" }, "geometry": { "type": "Point", "coordinates": [ 130.471674, 32.610774 ] } },
{ "type": "Feature", "properties": { "ID": 432243590384, "正式名称": "上天草市立　湯島へき地診療所", "機関区分": 2, "都道府県コード": 43, "市区町村コード": 212, "所在地": "熊本県上天草市大矢野町湯島６５５", "緯度": 32.600415, "経度": 130.33485, "url": "https://www.iryou.teikyouseido.mhlw.go.jp/znk-web/juminkanja/S2430/initialize?prefCd=43&kikanCd=243590384&kikanKbn=2", "url2": null, "内容": "上天草市立　湯島へき地診療所【2:診療所】【診療科目:内科_外科_整形外科_小児科_精神科_歯科】熊本県上天草市大矢野町湯島６５５" }, "geometry": { "type": "Point", "coordinates": [ 130.33485, 32.600415 ] } },
{ "type": "Feature", "properties": { "ID": 432243590414, "正式名称": "中村医院", "機関区分": 2, "都道府県コード": 43, "市区町村コード": 212, "所在地": "熊本県上天草市大矢野町登立１４１５８", "緯度": 32.59213, "経度": 130.438598, "url": "https://www.iryou.teikyouseido.mhlw.go.jp/znk-web/juminkanja/S2430/initialize?prefCd=43&kikanCd=243590414&kikanKbn=2", "url2": null, "内容": "中村医院【2:診療所】【診療科目:内科_循環器内科_小児科】熊本県上天草市大矢野町登立１４１５８" }, "geometry": { "type": "Point", "coordinates": [ 130.438598, 32.59213 ] } },
{ "type": "Feature", "properties": { "ID": 432243590427, "正式名称": "中村医院", "機関区分": 2, "都道府県コード": 43, "市区町村コード": 212, "所在地": "熊本県上天草市大矢野町上３９１ー１", "緯度": 32.585058, "経度": 130.419186, "url": "https://www.iryou.teikyouseido.mhlw.go.jp/znk-web/juminkanja/S2430/initialize?prefCd=43&kikanCd=243590427&kikanKbn=2", "url2": "https://nakamuraiin.localinfo.jp/", "内容": "中村医院【2:診療所】【診療科目:内科_形成外科_皮膚科】熊本県上天草市大矢野町上３９１ー１" }, "geometry": { "type": "Point", "coordinates": [ 130.419186, 32.585058 ] } },
{ "type": "Feature", "properties": { "ID": 432243590430, "正式名称": "宮崎外科胃腸科医院", "機関区分": 2, "都道府県コード": 43, "市区町村コード": 212, "所在地": "熊本県上天草市大矢野町上１５１９", "緯度": 32.586425, "経度": 130.430371, "url": "https://www.iryou.teikyouseido.mhlw.go.jp/znk-web/juminkanja/S2430/initialize?prefCd=43&kikanCd=243590430&kikanKbn=2", "url2": "http://www.miyazaki-gekaichoka-iin.com", "内容": "宮崎外科胃腸科医院【2:診療所】【診療科目:胃腸内科_外科_リハビリテーション科】熊本県上天草市大矢野町上１５１９" }, "geometry": { "type": "Point", "coordinates": [ 130.430371, 32.586425 ] } },
{ "type": "Feature", "properties": { "ID": 432243590485, "正式名称": "もろが整形外科医院", "機関区分": 2, "都道府県コード": 43, "市区町村コード": 211, "所在地": "熊本県宇土市旭町１４４ー１", "緯度": 32.687374, "経度": 130.664418, "url": "https://www.iryou.teikyouseido.mhlw.go.jp/znk-web/juminkanja/S2430/initialize?prefCd=43&kikanCd=243590485&kikanKbn=2", "url2": null, "内容": "もろが整形外科医院【2:診療所】【診療科目:整形外科_リウマチ科_リハビリテーション科】熊本県宇土市旭町１４４ー１" }, "geometry": { "type": "Point", "coordinates": [ 130.664418, 32.687374 ] } },
{ "type": "Feature", "properties": { "ID": 432243590515, "正式名称": "上野小児科医院", "機関区分": 2, "都道府県コード": 43, "市区町村コード": 211, "所在地": "熊本県宇土市城之浦町１９６", "緯度": 32.689455, "経度": 130.665157, "url": "https://www.iryou.teikyouseido.mhlw.go.jp/znk-web/juminkanja/S2430/initialize?prefCd=43&kikanCd=243590515&kikanKbn=2", "url2": null, "内容": "上野小児科医院【2:診療所】【診療科目:小児科】熊本県宇土市城之浦町１９６" }, "geometry": { "type": "Point", "coordinates": [ 130.665157, 32.689455 ] } },
{ "type": "Feature", "properties": { "ID": 432243590557, "正式名称": "佐藤医院", "機関区分": 2, "都道府県コード": 43, "市区町村コード": 213, "所在地": "熊本県宇城市三角町戸馳１６８０", "緯度": 32.599537, "経度": 130.502136, "url": "https://www.iryou.teikyouseido.mhlw.go.jp/znk-web/juminkanja/S2430/initialize?prefCd=43&kikanCd=243590557&kikanKbn=2", "url2": null, "内容": "佐藤医院【2:診療所】【診療科目:内科】熊本県宇城市三角町戸馳１６８０" }, "geometry": { "type": "Point", "coordinates": [ 130.502136, 32.599537 ] } },
{ "type": "Feature", "properties": { "ID": 432243590573, "正式名称": "勝目眼科医院", "機関区分": 2, "都道府県コード": 43, "市区町村コード": 213, "所在地": "熊本県宇城市三角町三角浦３４８ー６", "緯度": 32.609985, "経度": 130.469386, "url": "https://www.iryou.teikyouseido.mhlw.go.jp/znk-web/juminkanja/S2430/initialize?prefCd=43&kikanCd=243590573&kikanKbn=2", "url2": null, "内容": "勝目眼科医院【2:診療所】【診療科目:眼科】熊本県宇城市三角町三角浦３４８ー６" }, "geometry": { "type": "Point", "coordinates": [ 130.469386, 32.609985 ] } },
{ "type": "Feature", "properties": { "ID": 432243590586, "正式名称": "毛利医院", "機関区分": 2, "都道府県コード": 43, "市区町村コード": 212, "所在地": "熊本県上天草市大矢野町登立９１４５ー４", "緯度": 32.590521, "経度": 130.432708, "url": "https://www.iryou.teikyouseido.mhlw.go.jp/znk-web/juminkanja/S2430/initialize?prefCd=43&kikanCd=243590586&kikanKbn=2", "url2": null, "内容": "毛利医院【2:診療所】【診療科目:内科_呼吸器内科_循環器内科_消化器内科_リハビリテーション科】熊本県上天草市大矢野町登立９１４５ー４" }, "geometry": { "type": "Point", "coordinates": [ 130.432708, 32.590521 ] } },
{ "type": "Feature", "properties": { "ID": 432243590599, "正式名称": "かなもり地域ケアクリニック", "機関区分": 2, "都道府県コード": 43, "市区町村コード": 211, "所在地": "熊本県宇土市築籠町１３９－４", "緯度": 32.688365, "経度": 130.66422, "url": "https://www.iryou.teikyouseido.mhlw.go.jp/znk-web/juminkanja/S2430/initialize?prefCd=43&kikanCd=243590599&kikanKbn=2", "url2": "http://www.kanamori.or.jp", "内容": "かなもり地域ケアクリニック【2:診療所】【診療科目:内科_循環器内科_消化器内科_外科_リハビリテーション科】熊本県宇土市築籠町１３９－４" }, "geometry": { "type": "Point", "coordinates": [ 130.66422, 32.688365 ] } },
{ "type": "Feature", "properties": { "ID": 432243590661, "正式名称": "尾崎医院", "機関区分": 2, "都道府県コード": 43, "市区町村コード": 211, "所在地": "熊本県宇土市本町１ー８", "緯度": 32.682891, "経度": 130.658519, "url": "https://www.iryou.teikyouseido.mhlw.go.jp/znk-web/juminkanja/S2430/initialize?prefCd=43&kikanCd=243590661&kikanKbn=2", "url2": "https://www.ozakiiin.com/", "内容": "尾崎医院【2:診療所】【診療科目:内科_呼吸器内科_循環器内科_消化器内科_麻酔科】熊本県宇土市本町１ー８" }, "geometry": { "type": "Point", "coordinates": [ 130.658519, 32.682891 ] } },
{ "type": "Feature", "properties": { "ID": 432243590687, "正式名称": "島田小児科医院", "機関区分": 2, "都道府県コード": 43, "市区町村コード": 212, "所在地": "熊本県上天草市大矢野町登立１９１", "緯度": 32.594019, "経度": 130.438806, "url": "https://www.iryou.teikyouseido.mhlw.go.jp/znk-web/juminkanja/S2430/initialize?prefCd=43&kikanCd=243590687&kikanKbn=2", "url2": "http://shimada-children-clinic.net", "内容": "島田小児科医院【2:診療所】【診療科目:内科_小児科】熊本県上天草市大矢野町登立１９１" }, "geometry": { "type": "Point", "coordinates": [ 130.438806, 32.594019 ] } },
{ "type": "Feature", "properties": { "ID": 432243590690, "正式名称": "宇土中央クリニック", "機関区分": 2, "都道府県コード": 43, "市区町村コード": 211, "所在地": "熊本県宇土市浦田町１３６ー１", "緯度": 32.686238, "経度": 130.657788, "url": "https://www.iryou.teikyouseido.mhlw.go.jp/znk-web/juminkanja/S2430/initialize?prefCd=43&kikanCd=243590690&kikanKbn=2", "url2": "https://utochuo-clinic.jp/", "内容": "宇土中央クリニック【2:診療所】【診療科目:内科_循環器内科_腎臓内科】熊本県宇土市浦田町１３６ー１" }, "geometry": { "type": "Point", "coordinates": [ 130.657788, 32.686238 ] } },
{ "type": "Feature", "properties": { "ID": 432243590717, "正式名称": "小篠内科医院", "機関区分": 2, "都道府県コード": 43, "市区町村コード": 213, "所在地": "熊本県宇城市不知火町長崎１８３", "緯度": 32.645258, "経度": 130.655987, "url": "https://www.iryou.teikyouseido.mhlw.go.jp/znk-web/juminkanja/S2430/initialize?prefCd=43&kikanCd=243590717&kikanKbn=2", "url2": null, "内容": "小篠内科医院【2:診療所】【診療科目:内科_呼吸器内科_循環器内科_胃腸内科_神経内科】熊本県宇城市不知火町長崎１８３" }, "geometry": { "type": "Point", "coordinates": [ 130.655987, 32.645258 ] } },
{ "type": "Feature", "properties": { "ID": 432243590720, "正式名称": "田山産科婦人科医院", "機関区分": 2, "都道府県コード": 43, "市区町村コード": 211, "所在地": "熊本県宇土市入地町１６１ー２", "緯度": 32.67878, "経度": 130.660916, "url": "https://www.iryou.teikyouseido.mhlw.go.jp/znk-web/juminkanja/S2430/initialize?prefCd=43&kikanCd=243590720&kikanKbn=2", "url2": "http://www.tayama-cl.com", "内容": "田山産科婦人科医院【2:診療所】【診療科目:産婦人科_産科_婦人科】熊本県宇土市入地町１６１ー２" }, "geometry": { "type": "Point", "coordinates": [ 130.660916, 32.67878 ] } },
{ "type": "Feature", "properties": { "ID": 432243590775, "正式名称": "三角クリニック", "機関区分": 2, "都道府県コード": 43, "市区町村コード": 213, "所在地": "熊本県宇城市三角町三角浦１１５９ー１２４", "緯度": 32.609902, "経度": 130.47213, "url": "https://www.iryou.teikyouseido.mhlw.go.jp/znk-web/juminkanja/S2430/initialize?prefCd=43&kikanCd=243590775&kikanKbn=2", "url2": null, "内容": "三角クリニック【2:診療所】【診療科目:内科_外科_胃腸科】熊本県宇城市三角町三角浦１１５９ー１２４" }, "geometry": { "type": "Point", "coordinates": [ 130.47213, 32.609902 ] } },
{ "type": "Feature", "properties": { "ID": 432243590805, "正式名称": "皮ふ科耳鼻咽喉科草場医院", "機関区分": 2, "都道府県コード": 43, "市区町村コード": 211, "所在地": "熊本県宇土市松原町３５ー８", "緯度": 32.693196, "経度": 130.665808, "url": "https://www.iryou.teikyouseido.mhlw.go.jp/znk-web/juminkanja/S2430/initialize?prefCd=43&kikanCd=243590805&kikanKbn=2", "url2": null, "内容": "皮ふ科耳鼻咽喉科草場医院【2:診療所】【診療科目:耳鼻いんこう科_皮膚科】熊本県宇土市松原町３５ー８" }, "geometry": { "type": "Point", "coordinates": [ 130.665808, 32.693196 ] } },
{ "type": "Feature", "properties": { "ID": 432243590821, "正式名称": "近藤クリニック", "機関区分": 2, "都道府県コード": 43, "市区町村コード": 211, "所在地": "熊本県宇土市松山町４４００ー２", "緯度": 32.666073, "経度": 130.670643, "url": "https://www.iryou.teikyouseido.mhlw.go.jp/znk-web/juminkanja/S2430/initialize?prefCd=43&kikanCd=243590821&kikanKbn=2", "url2": null, "内容": "近藤クリニック【2:診療所】【診療科目:内科_気管食道内科_胃腸内科_外科_肛門外科_リハビリテーション科_放射線科_麻酔科_胃腸科、こう門科、気管食道科】熊本県宇土市松山町４４００ー２" }, "geometry": { "type": "Point", "coordinates": [ 130.670643, 32.666073 ] } },
{ "type": "Feature", "properties": { "ID": 432243590847, "正式名称": "むらかみ眼科クリニック", "機関区分": 2, "都道府県コード": 43, "市区町村コード": 211, "所在地": "熊本県宇土市南段原町１１ー６", "緯度": 32.682516, "経度": 130.664433, "url": "https://www.iryou.teikyouseido.mhlw.go.jp/znk-web/juminkanja/S2430/initialize?prefCd=43&kikanCd=243590847&kikanKbn=2", "url2": "http://www.murakami-ganka.com/", "内容": "むらかみ眼科クリニック【2:診療所】【診療科目:眼科】熊本県宇土市南段原町１１ー６" }, "geometry": { "type": "Point", "coordinates": [ 130.664433, 32.682516 ] } },
{ "type": "Feature", "properties": { "ID": 432243590850, "正式名称": "きむら医院", "機関区分": 2, "都道府県コード": 43, "市区町村コード": 213, "所在地": "熊本県宇城市不知火町御領７０８ー１０", "緯度": 32.652019, "経度": 130.670552, "url": "https://www.iryou.teikyouseido.mhlw.go.jp/znk-web/juminkanja/S2430/initialize?prefCd=43&kikanCd=243590850&kikanKbn=2", "url2": null, "内容": "きむら医院【2:診療所】【診療科目:内科_外科】熊本県宇城市不知火町御領７０８ー１０" }, "geometry": { "type": "Point", "coordinates": [ 130.670552, 32.652019 ] } },
{ "type": "Feature", "properties": { "ID": 432243590863, "正式名称": "福本眼科", "機関区分": 2, "都道府県コード": 43, "市区町村コード": 212, "所在地": "熊本県上天草市大矢野町上１２８３ー３", "緯度": 32.584197, "経度": 130.428188, "url": "https://www.iryou.teikyouseido.mhlw.go.jp/znk-web/juminkanja/S2430/initialize?prefCd=43&kikanCd=243590863&kikanKbn=2", "url2": null, "内容": "福本眼科【2:診療所】【診療科目:眼科】熊本県上天草市大矢野町上１２８３ー３" }, "geometry": { "type": "Point", "coordinates": [ 130.428188, 32.584197 ] } },
{ "type": "Feature", "properties": { "ID": 432243600014, "正式名称": "荒木医院", "機関区分": 2, "都道府県コード": 43, "市区町村コード": 202, "所在地": "熊本県八代市豊原下町３３２５ー１", "緯度": 32.49017, "経度": 130.621443, "url": "https://www.iryou.teikyouseido.mhlw.go.jp/znk-web/juminkanja/S2430/initialize?prefCd=43&kikanCd=243600014&kikanKbn=2", "url2": "https://sites.google.com/view/kokorononaikadesu", "内容": "荒木医院【2:診療所】【診療科目:内科_精神科_心療内科】熊本県八代市豊原下町３３２５ー１" }, "geometry": { "type": "Point", "coordinates": [ 130.621443, 32.49017 ] } },
{ "type": "Feature", "properties": { "ID": 432243600027, "正式名称": "ありの内科呼吸器科", "機関区分": 2, "都道府県コード": 43, "市区町村コード": 202, "所在地": "熊本県八代市萩原町１ー７ー２８", "緯度": 32.502571, "経度": 130.622922, "url": "https://www.iryou.teikyouseido.mhlw.go.jp/znk-web/juminkanja/S2430/initialize?prefCd=43&kikanCd=243600027&kikanKbn=2", "url2": null, "内容": "ありの内科呼吸器科【2:診療所】【診療科目:内科_呼吸器内科】熊本県八代市萩原町１ー７ー２８" }, "geometry": { "type": "Point", "coordinates": [ 130.622922, 32.502571 ] } },
{ "type": "Feature", "properties": { "ID": 432243600043, "正式名称": "市村皮膚科医院", "機関区分": 2, "都道府県コード": 43, "市区町村コード": 202, "所在地": "熊本県八代市黄金町２０ー９", "緯度": 32.503665, "経度": 130.606699, "url": "https://www.iryou.teikyouseido.mhlw.go.jp/znk-web/juminkanja/S2430/initialize?prefCd=43&kikanCd=243600043&kikanKbn=2", "url2": "https://ichimura-dermclinic.com", "内容": "市村皮膚科医院【2:診療所】【診療科目:皮膚科】熊本県八代市黄金町２０ー９" }, "geometry": { "type": "Point", "coordinates": [ 130.606699, 32.503665 ] } },
{ "type": "Feature", "properties": { "ID": 432243600072, "正式名称": "上野耳鼻咽喉科医院", "機関区分": 2, "都道府県コード": 43, "市区町村コード": 202, "所在地": "熊本県八代市本町２ー３ー４９", "緯度": 32.505104, "経度": 130.600668, "url": "https://www.iryou.teikyouseido.mhlw.go.jp/znk-web/juminkanja/S2430/initialize?prefCd=43&kikanCd=243600072&kikanKbn=2", "url2": null, "内容": "上野耳鼻咽喉科医院【2:診療所】【診療科目:気管食道内科_耳鼻いんこう科】熊本県八代市本町２ー３ー４９" }, "geometry": { "type": "Point", "coordinates": [ 130.600668, 32.505104 ] } },
{ "type": "Feature", "properties": { "ID": 432243600115, "正式名称": "大平眼科医院", "機関区分": 2, "都道府県コード": 43, "市区町村コード": 202, "所在地": "熊本県八代市通町５ー２８", "緯度": 32.506926, "経度": 130.605493, "url": "https://www.iryou.teikyouseido.mhlw.go.jp/znk-web/juminkanja/S2430/initialize?prefCd=43&kikanCd=243600115&kikanKbn=2", "url2": null, "内容": "大平眼科医院【2:診療所】【診療科目:眼科】熊本県八代市通町５ー２８" }, "geometry": { "type": "Point", "coordinates": [ 130.605493, 32.506926 ] } },
{ "type": "Feature", "properties": { "ID": 432243600173, "正式名称": "杉屋内科医院", "機関区分": 2, "都道府県コード": 43, "市区町村コード": 202, "所在地": "熊本県八代市通町５ー１３", "緯度": 32.506787, "経度": 130.606451, "url": "https://www.iryou.teikyouseido.mhlw.go.jp/znk-web/juminkanja/S2430/initialize?prefCd=43&kikanCd=243600173&kikanKbn=2", "url2": null, "内容": "杉屋内科医院【2:診療所】【診療科目:内科_消化器内科_外科】熊本県八代市通町５ー１３" }, "geometry": { "type": "Point", "coordinates": [ 130.606451, 32.506787 ] } },
{ "type": "Feature", "properties": { "ID": 432243600186, "正式名称": "桑原医院", "機関区分": 2, "都道府県コード": 43, "市区町村コード": 202, "所在地": "熊本県八代市敷川内町１２０２", "緯度": 32.452628, "経度": 130.593686, "url": "https://www.iryou.teikyouseido.mhlw.go.jp/znk-web/juminkanja/S2430/initialize?prefCd=43&kikanCd=243600186&kikanKbn=2", "url2": null, "内容": "桑原医院【2:診療所】【診療科目:内科】熊本県八代市敷川内町１２０２" }, "geometry": { "type": "Point", "coordinates": [ 130.593686, 32.452628 ] } },
{ "type": "Feature", "properties": { "ID": 432243600232, "正式名称": "後藤整形外科医院", "機関区分": 2, "都道府県コード": 43, "市区町村コード": 202, "所在地": "熊本県八代市本町４ー５ー２４", "緯度": 32.505373, "経度": 130.594802, "url": "https://www.iryou.teikyouseido.mhlw.go.jp/znk-web/juminkanja/S2430/initialize?prefCd=43&kikanCd=243600232&kikanKbn=2", "url2": null, "内容": "後藤整形外科医院【2:診療所】【診療科目:整形外科】熊本県八代市本町４ー５ー２４" }, "geometry": { "type": "Point", "coordinates": [ 130.594802, 32.505373 ] } },
{ "type": "Feature", "properties": { "ID": 432243600245, "正式名称": "相良中村クリニック", "機関区分": 2, "都道府県コード": 43, "市区町村コード": 202, "所在地": "熊本県八代市大手町２ー８ー２０", "緯度": 32.508774, "経度": 130.610159, "url": "https://www.iryou.teikyouseido.mhlw.go.jp/znk-web/juminkanja/S2430/initialize?prefCd=43&kikanCd=243600245&kikanKbn=2", "url2": null, "内容": "相良中村クリニック【2:診療所】【診療科目:皮膚科】熊本県八代市大手町２ー８ー２０" }, "geometry": { "type": "Point", "coordinates": [ 130.610159, 32.508774 ] } },
{ "type": "Feature", "properties": { "ID": 432243600346, "正式名称": "たかの呼吸器科内科クリニック", "機関区分": 2, "都道府県コード": 43, "市区町村コード": 202, "所在地": "熊本県八代市松崎町１４７", "緯度": 32.513772, "経度": 130.595741, "url": "https://www.iryou.teikyouseido.mhlw.go.jp/znk-web/juminkanja/S2430/initialize?prefCd=43&kikanCd=243600346&kikanKbn=2", "url2": null, "内容": "たかの呼吸器科内科クリニック【2:診療所】【診療科目:内科_呼吸器内科】熊本県八代市松崎町１４７" }, "geometry": { "type": "Point", "coordinates": [ 130.595741, 32.513772 ] } },
{ "type": "Feature", "properties": { "ID": 432243600362, "正式名称": "医療法人社団　田中泌尿器科外科医院", "機関区分": 2, "都道府県コード": 43, "市区町村コード": 202, "所在地": "熊本県八代市錦町８ー５", "緯度": 32.501694, "経度": 130.611298, "url": "https://www.iryou.teikyouseido.mhlw.go.jp/znk-web/juminkanja/S2430/initialize?prefCd=43&kikanCd=243600362&kikanKbn=2", "url2": "https://www.tanaka-uro.com/", "内容": "医療法人社団　田中泌尿器科外科医院【2:診療所】【診療科目:外科_小児泌尿器科_泌尿器科】熊本県八代市錦町８ー５" }, "geometry": { "type": "Point", "coordinates": [ 130.611298, 32.501694 ] } },
{ "type": "Feature", "properties": { "ID": 432243600405, "正式名称": "西医院", "機関区分": 2, "都道府県コード": 43, "市区町村コード": 202, "所在地": "熊本県八代市郡築四番町４６", "緯度": 32.527974, "経度": 130.569929, "url": "https://www.iryou.teikyouseido.mhlw.go.jp/znk-web/juminkanja/S2430/initialize?prefCd=43&kikanCd=243600405&kikanKbn=2", "url2": null, "内容": "西医院【2:診療所】【診療科目:内科_放射線科】熊本県八代市郡築四番町４６" }, "geometry": { "type": "Point", "coordinates": [ 130.569929, 32.527974 ] } },
{ "type": "Feature", "properties": { "ID": 432243600463, "正式名称": "久野内科医院", "機関区分": 2, "都道府県コード": 43, "市区町村コード": 202, "所在地": "熊本県八代市本町１ー７ー４０", "緯度": 32.506315, "経度": 130.60366, "url": "https://www.iryou.teikyouseido.mhlw.go.jp/znk-web/juminkanja/S2430/initialize?prefCd=43&kikanCd=243600463&kikanKbn=2", "url2": "hisanonaika.jp", "内容": "久野内科医院【2:診療所】【診療科目:内科_呼吸器内科_循環器内科_消化器内科】熊本県八代市本町１ー７ー４０" }, "geometry": { "type": "Point", "coordinates": [ 130.60366, 32.506315 ] } },
{ "type": "Feature", "properties": { "ID": 432243600519, "正式名称": "福田クリニック・産婦人科内科", "機関区分": 2, "都道府県コード": 43, "市区町村コード": 202, "所在地": "熊本県八代市日奈久中西町４１８", "緯度": 32.432363, "経度": 130.572475, "url": "https://www.iryou.teikyouseido.mhlw.go.jp/znk-web/juminkanja/S2430/initialize?prefCd=43&kikanCd=243600519&kikanKbn=2", "url2": null, "内容": "福田クリニック・産婦人科内科【2:診療所】【診療科目:内科_産婦人科】熊本県八代市日奈久中西町４１８" }, "geometry": { "type": "Point", "coordinates": [ 130.572475, 32.432363 ] } },
{ "type": "Feature", "properties": { "ID": 432243600535, "正式名称": "堀内眼科医院", "機関区分": 2, "都道府県コード": 43, "市区町村コード": 202, "所在地": "熊本県八代市塩屋町４ー４", "緯度": 32.507703, "経度": 130.594576, "url": "https://www.iryou.teikyouseido.mhlw.go.jp/znk-web/juminkanja/S2430/initialize?prefCd=43&kikanCd=243600535&kikanKbn=2", "url2": "http://www.horiuchiganka.com/", "内容": "堀内眼科医院【2:診療所】【診療科目:眼科】熊本県八代市塩屋町４ー４" }, "geometry": { "type": "Point", "coordinates": [ 130.594576, 32.507703 ] } },
{ "type": "Feature", "properties": { "ID": 432243600623, "正式名称": "後藤胃腸科肛門科クリニック", "機関区分": 2, "都道府県コード": 43, "市区町村コード": 202, "所在地": "熊本県八代市迎町２ー１５ー１４", "緯度": 32.497879, "経度": 130.598588, "url": "https://www.iryou.teikyouseido.mhlw.go.jp/znk-web/juminkanja/S2430/initialize?prefCd=43&kikanCd=243600623&kikanKbn=2", "url2": null, "内容": "後藤胃腸科肛門科クリニック【2:診療所】【診療科目:内科_外科_胃腸科、こう門科】熊本県八代市迎町２ー１５ー１４" }, "geometry": { "type": "Point", "coordinates": [ 130.598588, 32.497879 ] } },
{ "type": "Feature", "properties": { "ID": 432243600649, "正式名称": "うらべ・むらたクリニック", "機関区分": 2, "都道府県コード": 43, "市区町村コード": 202, "所在地": "熊本県八代市横手本町２ー１", "緯度": 32.511393, "経度": 130.613495, "url": "https://www.iryou.teikyouseido.mhlw.go.jp/znk-web/juminkanja/S2430/initialize?prefCd=43&kikanCd=243600649&kikanKbn=2", "url2": "http://www.e-kensa.jp/", "内容": "うらべ・むらたクリニック【2:診療所】【診療科目:内科_腎臓内科_外科_乳腺外科_泌尿器科】熊本県八代市横手本町２ー１" }, "geometry": { "type": "Point", "coordinates": [ 130.613495, 32.511393 ] } },
{ "type": "Feature", "properties": { "ID": 432243600812, "正式名称": "医療法人社団　腎愛会　大手町クリニック", "機関区分": 2, "都道府県コード": 43, "市区町村コード": 202, "所在地": "熊本県八代市大手町１ー７ー１８", "緯度": 32.507621, "経度": 130.613629, "url": "https://www.iryou.teikyouseido.mhlw.go.jp/znk-web/juminkanja/S2430/initialize?prefCd=43&kikanCd=243600812&kikanKbn=2", "url2": null, "内容": "医療法人社団　腎愛会　大手町クリニック【2:診療所】【診療科目:内科_人工透析内科】熊本県八代市大手町１ー７ー１８" }, "geometry": { "type": "Point", "coordinates": [ 130.613629, 32.507621 ] } },
{ "type": "Feature", "properties": { "ID": 432243600825, "正式名称": "右田クリニック", "機関区分": 2, "都道府県コード": 43, "市区町村コード": 202, "所在地": "熊本県八代市若草町２ー１０", "緯度": 32.503122, "経度": 130.617387, "url": "https://www.iryou.teikyouseido.mhlw.go.jp/znk-web/juminkanja/S2430/initialize?prefCd=43&kikanCd=243600825&kikanKbn=2", "url2": "http://www.migita-cl.or.jp", "内容": "右田クリニック【2:診療所】【診療科目:腎臓内科_泌尿器科】熊本県八代市若草町２ー１０" }, "geometry": { "type": "Point", "coordinates": [ 130.617387, 32.503122 ] } },
{ "type": "Feature", "properties": { "ID": 432243600854, "正式名称": "橋本医院", "機関区分": 2, "都道府県コード": 43, "市区町村コード": 202, "所在地": "熊本県八代市植柳上町９３１", "緯度": 32.489069, "経度": 130.601586, "url": "https://www.iryou.teikyouseido.mhlw.go.jp/znk-web/juminkanja/S2430/initialize?prefCd=43&kikanCd=243600854&kikanKbn=2", "url2": "http://www.hashimoto-sanfujinka.com/", "内容": "橋本医院【2:診療所】【診療科目:内科_外科_小児科_婦人科】熊本県八代市植柳上町９３１" }, "geometry": { "type": "Point", "coordinates": [ 130.601586, 32.489069 ] } },
{ "type": "Feature", "properties": { "ID": 432243600883, "正式名称": "福満内科医院", "機関区分": 2, "都道府県コード": 43, "市区町村コード": 202, "所在地": "熊本県八代市松江町２８８", "緯度": 32.513228, "経度": 130.601799, "url": "https://www.iryou.teikyouseido.mhlw.go.jp/znk-web/juminkanja/S2430/initialize?prefCd=43&kikanCd=243600883&kikanKbn=2", "url2": "http://www.fukumitsu-clinic.jp/", "内容": "福満内科医院【2:診療所】【診療科目:内科_消化器科、胃腸科、循環器科】熊本県八代市松江町２８８" }, "geometry": { "type": "Point", "coordinates": [ 130.601799, 32.513228 ] } },
{ "type": "Feature", "properties": { "ID": 432243600896, "正式名称": "泉内科医院", "機関区分": 2, "都道府県コード": 43, "市区町村コード": 202, "所在地": "熊本県八代市海士江町３４９０ー１", "緯度": 32.521686, "経度": 130.621884, "url": "https://www.iryou.teikyouseido.mhlw.go.jp/znk-web/juminkanja/S2430/initialize?prefCd=43&kikanCd=243600896&kikanKbn=2", "url2": null, "内容": "泉内科医院【2:診療所】【診療科目:内科_呼吸器内科_循環器内科_消化器内科_神経内科】熊本県八代市海士江町３４９０ー１" }, "geometry": { "type": "Point", "coordinates": [ 130.621884, 32.521686 ] } },
{ "type": "Feature", "properties": { "ID": 432243600939, "正式名称": "医療法人社団　八代愛育会　八代レディースクリニック", "機関区分": 2, "都道府県コード": 43, "市区町村コード": 202, "所在地": "熊本県八代市大手町１ー７ー２２", "緯度": 32.508199, "経度": 130.613759, "url": "https://www.iryou.teikyouseido.mhlw.go.jp/znk-web/juminkanja/S2430/initialize?prefCd=43&kikanCd=243600939&kikanKbn=2", "url2": "http://www.kuwahara-sanfujinka.com/", "内容": "医療法人社団　八代愛育会　八代レディースクリニック【2:診療所】【診療科目:産婦人科_麻酔科】熊本県八代市大手町１ー７ー２２" }, "geometry": { "type": "Point", "coordinates": [ 130.613759, 32.508199 ] } },
{ "type": "Feature", "properties": { "ID": 432243600942, "正式名称": "久原外科胃腸科医院", "機関区分": 2, "都道府県コード": 43, "市区町村コード": 202, "所在地": "熊本県八代市植柳上町６５２１", "緯度": 32.490886, "経度": 130.601108, "url": "https://www.iryou.teikyouseido.mhlw.go.jp/znk-web/juminkanja/S2430/initialize?prefCd=43&kikanCd=243600942&kikanKbn=2", "url2": null, "内容": "久原外科胃腸科医院【2:診療所】【診療科目:外科_消化器外科_乳腺・内分泌外科_肛門外科_整形外科_放射線科】熊本県八代市植柳上町６５２１" }, "geometry": { "type": "Point", "coordinates": [ 130.601108, 32.490886 ] } },
{ "type": "Feature", "properties": { "ID": 432243600955, "正式名称": "長谷川整形外科医院", "機関区分": 2, "都道府県コード": 43, "市区町村コード": 202, "所在地": "熊本県八代市海士江町２９１３", "緯度": 32.524764, "経度": 130.620683, "url": "https://www.iryou.teikyouseido.mhlw.go.jp/znk-web/juminkanja/S2430/initialize?prefCd=43&kikanCd=243600955&kikanKbn=2", "url2": null, "内容": "長谷川整形外科医院【2:診療所】【診療科目:整形外科】熊本県八代市海士江町２９１３" }, "geometry": { "type": "Point", "coordinates": [ 130.620683, 32.524764 ] } },
{ "type": "Feature", "properties": { "ID": 432243601008, "正式名称": "丸田医院", "機関区分": 2, "都道府県コード": 43, "市区町村コード": 202, "所在地": "熊本県八代市千丁町吉王丸１５９８ー３", "緯度": 32.534453, "経度": 130.646075, "url": "https://www.iryou.teikyouseido.mhlw.go.jp/znk-web/juminkanja/S2430/initialize?prefCd=43&kikanCd=243601008&kikanKbn=2", "url2": null, "内容": "丸田医院【2:診療所】【診療科目:内科_消化器内科】熊本県八代市千丁町吉王丸１５９８ー３" }, "geometry": { "type": "Point", "coordinates": [ 130.646075, 32.534453 ] } },
{ "type": "Feature", "properties": { "ID": 432243601011, "正式名称": "宮城循環器内科", "機関区分": 2, "都道府県コード": 43, "市区町村コード": 202, "所在地": "熊本県八代市千丁町古閑出６１６", "緯度": 32.5396, "経度": 130.634804, "url": "https://www.iryou.teikyouseido.mhlw.go.jp/znk-web/juminkanja/S2430/initialize?prefCd=43&kikanCd=243601011&kikanKbn=2", "url2": "https://www.miyagi-junkankinaika.com", "内容": "宮城循環器内科【2:診療所】【診療科目:内科_循環器内科_小児科】熊本県八代市千丁町古閑出６１６" }, "geometry": { "type": "Point", "coordinates": [ 130.634804, 32.5396 ] } },
{ "type": "Feature", "properties": { "ID": 432243601112, "正式名称": "前田内科・循環器内科医院", "機関区分": 2, "都道府県コード": 43, "市区町村コード": 202, "所在地": "熊本県八代市鏡町下有佐１７８", "緯度": 32.562144, "経度": 130.671263, "url": "https://www.iryou.teikyouseido.mhlw.go.jp/znk-web/juminkanja/S2430/initialize?prefCd=43&kikanCd=243601112&kikanKbn=2", "url2": "https://www.maeda-arisa178-yatushiro.jp", "内容": "前田内科・循環器内科医院【2:診療所】【診療科目:内科_糖尿病内科_循環器内科_消化器内科】熊本県八代市鏡町下有佐１７８" }, "geometry": { "type": "Point", "coordinates": [ 130.671263, 32.562144 ] } },
{ "type": "Feature", "properties": { "ID": 432243601125, "正式名称": "松村眼科医院", "機関区分": 2, "都道府県コード": 43, "市区町村コード": 202, "所在地": "熊本県八代市鏡町鏡２１０", "緯度": 32.569462, "経度": 130.656652, "url": "https://www.iryou.teikyouseido.mhlw.go.jp/znk-web/juminkanja/S2430/initialize?prefCd=43&kikanCd=243601125&kikanKbn=2", "url2": "http://www.matsumura-ec.jp/", "内容": "松村眼科医院【2:診療所】【診療科目:眼科】熊本県八代市鏡町鏡２１０" }, "geometry": { "type": "Point", "coordinates": [ 130.656652, 32.569462 ] } },
{ "type": "Feature", "properties": { "ID": 432243601138, "正式名称": "松本医院", "機関区分": 2, "都道府県コード": 43, "市区町村コード": 202, "所在地": "熊本県八代市鏡町両出１５０３ー１", "緯度": 32.560485, "経度": 130.634462, "url": "https://www.iryou.teikyouseido.mhlw.go.jp/znk-web/juminkanja/S2430/initialize?prefCd=43&kikanCd=243601138&kikanKbn=2", "url2": "http://www.myclinic.ne.jp/matsumoto_cl/", "内容": "松本医院【2:診療所】【診療科目:内科_小児科_放射線科】熊本県八代市鏡町両出１５０３ー１" }, "geometry": { "type": "Point", "coordinates": [ 130.634462, 32.560485 ] } },
{ "type": "Feature", "properties": { "ID": 432243601196, "正式名称": "尾田内科医院", "機関区分": 2, "都道府県コード": 43, "市区町村コード": 202, "所在地": "熊本県八代市鏡町鏡村１１２５ー１", "緯度": 32.571557, "経度": 130.660532, "url": "https://www.iryou.teikyouseido.mhlw.go.jp/znk-web/juminkanja/S2430/initialize?prefCd=43&kikanCd=243601196&kikanKbn=2", "url2": null, "内容": "尾田内科医院【2:診療所】【診療科目:内科_呼吸器内科_循環器内科_消化器内科_胃腸内科】熊本県八代市鏡町鏡村１１２５ー１" }, "geometry": { "type": "Point", "coordinates": [ 130.660532, 32.571557 ] } },
{ "type": "Feature", "properties": { "ID": 432243601226, "正式名称": "和田内科医院", "機関区分": 2, "都道府県コード": 43, "市区町村コード": 468, "所在地": "熊本県八代郡氷川町鹿島７６９ー１", "緯度": 32.582686, "経度": 130.664867, "url": "https://www.iryou.teikyouseido.mhlw.go.jp/znk-web/juminkanja/S2430/initialize?prefCd=43&kikanCd=243601226&kikanKbn=2", "url2": null, "内容": "和田内科医院【2:診療所】【診療科目:内科_内科】熊本県八代郡氷川町鹿島７６９ー１" }, "geometry": { "type": "Point", "coordinates": [ 130.664867, 32.582686 ] } },
{ "type": "Feature", "properties": { "ID": 432243601255, "正式名称": "緒方内科医院", "機関区分": 2, "都道府県コード": 43, "市区町村コード": 468, "所在地": "熊本県八代郡氷川町宮原６９４ー１", "緯度": 32.553295, "経度": 130.680529, "url": "https://www.iryou.teikyouseido.mhlw.go.jp/znk-web/juminkanja/S2430/initialize?prefCd=43&kikanCd=243601255&kikanKbn=2", "url2": null, "内容": "緒方内科医院【2:診療所】【診療科目:内科_腎臓内科】熊本県八代郡氷川町宮原６９４ー１" }, "geometry": { "type": "Point", "coordinates": [ 130.680529, 32.553295 ] } },
{ "type": "Feature", "properties": { "ID": 432243601301, "正式名称": "井上医院", "機関区分": 2, "都道府県コード": 43, "市区町村コード": 202, "所在地": "熊本県八代市東陽町南１１２７ー１", "緯度": 32.544928, "経度": 130.716652, "url": "https://www.iryou.teikyouseido.mhlw.go.jp/znk-web/juminkanja/S2430/initialize?prefCd=43&kikanCd=243601301&kikanKbn=2", "url2": "http://inoue-hospital.jp/", "内容": "井上医院【2:診療所】【診療科目:内科_外科_皮膚科_リウマチ科】熊本県八代市東陽町南１１２７ー１" }, "geometry": { "type": "Point", "coordinates": [ 130.716652, 32.544928 ] } },
{ "type": "Feature", "properties": { "ID": 432243601330, "正式名称": "八代市立下岳診療所", "機関区分": 2, "都道府県コード": 43, "市区町村コード": 202, "所在地": "熊本県八代市泉町下岳１５６２ー１", "緯度": 32.568632, "経度": 130.774763, "url": "https://www.iryou.teikyouseido.mhlw.go.jp/znk-web/juminkanja/S2430/initialize?prefCd=43&kikanCd=243601330&kikanKbn=2", "url2": null, "内容": "八代市立下岳診療所【2:診療所】【診療科目:内科_外科_小児科】熊本県八代市泉町下岳１５６２ー１" }, "geometry": { "type": "Point", "coordinates": [ 130.774763, 32.568632 ] } },
{ "type": "Feature", "properties": { "ID": 432243601343, "正式名称": "松岡内科クリニック", "機関区分": 2, "都道府県コード": 43, "市区町村コード": 202, "所在地": "熊本県八代市通町７ー１４", "緯度": 32.508632, "経度": 130.605426, "url": "https://www.iryou.teikyouseido.mhlw.go.jp/znk-web/juminkanja/S2430/initialize?prefCd=43&kikanCd=243601343&kikanKbn=2", "url2": "http://www.shitenkai.com/", "内容": "松岡内科クリニック【2:診療所】【診療科目:内科_循環器内科】熊本県八代市通町７ー１４" }, "geometry": { "type": "Point", "coordinates": [ 130.605426, 32.508632 ] } },
{ "type": "Feature", "properties": { "ID": 432243601369, "正式名称": "小沢内科医院", "機関区分": 2, "都道府県コード": 43, "市区町村コード": 202, "所在地": "熊本県八代市田中北町４ー１２", "緯度": 32.522525, "経度": 130.604565, "url": "https://www.iryou.teikyouseido.mhlw.go.jp/znk-web/juminkanja/S2430/initialize?prefCd=43&kikanCd=243601369&kikanKbn=2", "url2": null, "内容": "小沢内科医院【2:診療所】【診療科目:内科_麻酔科】熊本県八代市田中北町４ー１２" }, "geometry": { "type": "Point", "coordinates": [ 130.604565, 32.522525 ] } },
{ "type": "Feature", "properties": { "ID": 432243601372, "正式名称": "ふくろ町クリニック", "機関区分": 2, "都道府県コード": 43, "市区町村コード": 202, "所在地": "熊本県八代市袋町１ー８", "緯度": 32.506115, "経度": 130.607643, "url": "https://www.iryou.teikyouseido.mhlw.go.jp/znk-web/juminkanja/S2430/initialize?prefCd=43&kikanCd=243601372&kikanKbn=2", "url2": null, "内容": "ふくろ町クリニック【2:診療所】【診療科目:内科_糖尿病・代謝内科】熊本県八代市袋町１ー８" }, "geometry": { "type": "Point", "coordinates": [ 130.607643, 32.506115 ] } },
{ "type": "Feature", "properties": { "ID": 432243601428, "正式名称": "救護施設千草寮", "機関区分": 2, "都道府県コード": 43, "市区町村コード": 202, "所在地": "熊本県八代市千丁町太牟田２６１８", "緯度": 32.54373, "経度": 130.638704, "url": "https://www.iryou.teikyouseido.mhlw.go.jp/znk-web/juminkanja/S2430/initialize?prefCd=43&kikanCd=243601428&kikanKbn=2", "url2": null, "内容": "救護施設千草寮【2:診療所】【診療科目:循環器内科】熊本県八代市千丁町太牟田２６１８" }, "geometry": { "type": "Point", "coordinates": [ 130.638704, 32.54373 ] } },
{ "type": "Feature", "properties": { "ID": 432243601444, "正式名称": "持永消化器内科内視鏡内科医院", "機関区分": 2, "都道府県コード": 43, "市区町村コード": 202, "所在地": "熊本県八代市平山新町４４７２ー３", "緯度": 32.479137, "経度": 130.608333, "url": "https://www.iryou.teikyouseido.mhlw.go.jp/znk-web/juminkanja/S2430/initialize?prefCd=43&kikanCd=243601444&kikanKbn=2", "url2": "https://mochinaga-iin.com", "内容": "持永消化器内科内視鏡内科医院【2:診療所】【診療科目:内科_消化器内科_胃腸内科_内視鏡内科_大腸・肛門外科_リハビリテーション科_放射線科】熊本県八代市平山新町４４７２ー３" }, "geometry": { "type": "Point", "coordinates": [ 130.608333, 32.479137 ] } },
{ "type": "Feature", "properties": { "ID": 432243601457, "正式名称": "前田医院", "機関区分": 2, "都道府県コード": 43, "市区町村コード": 202, "所在地": "熊本県八代市長田町２９５０", "緯度": 32.509641, "経度": 130.629489, "url": "https://www.iryou.teikyouseido.mhlw.go.jp/znk-web/juminkanja/S2430/initialize?prefCd=43&kikanCd=243601457&kikanKbn=2", "url2": null, "内容": "前田医院【2:診療所】【診療科目:内科_胃腸内科_内視鏡内科_外科_リハビリテーション科_放射線科】熊本県八代市長田町２９５０" }, "geometry": { "type": "Point", "coordinates": [ 130.629489, 32.509641 ] } },
{ "type": "Feature", "properties": { "ID": 432243601532, "正式名称": "医療法人社団保真会保田医院", "機関区分": 2, "都道府県コード": 43, "市区町村コード": 202, "所在地": "熊本県八代市鏡町鏡２３", "緯度": 32.568271, "経度": 130.658327, "url": "https://www.iryou.teikyouseido.mhlw.go.jp/znk-web/juminkanja/S2430/initialize?prefCd=43&kikanCd=243601532&kikanKbn=2", "url2": null, "内容": "医療法人社団保真会保田医院【2:診療所】【診療科目:内科_小児科】熊本県八代市鏡町鏡２３" }, "geometry": { "type": "Point", "coordinates": [ 130.658327, 32.568271 ] } },
{ "type": "Feature", "properties": { "ID": 432243601545, "正式名称": "久原内科消化器科クリニック", "機関区分": 2, "都道府県コード": 43, "市区町村コード": 202, "所在地": "熊本県八代市植柳元町５５４０ー１", "緯度": 32.489579, "経度": 130.598903, "url": "https://www.iryou.teikyouseido.mhlw.go.jp/znk-web/juminkanja/S2430/initialize?prefCd=43&kikanCd=243601545&kikanKbn=2", "url2": null, "内容": "久原内科消化器科クリニック【2:診療所】【診療科目:内科_消化器科】熊本県八代市植柳元町５５４０ー１" }, "geometry": { "type": "Point", "coordinates": [ 130.598903, 32.489579 ] } },
{ "type": "Feature", "properties": { "ID": 432243601587, "正式名称": "くわはら小児科", "機関区分": 2, "都道府県コード": 43, "市区町村コード": 202, "所在地": "熊本県八代市植柳上町５６９０ー１", "緯度": 32.488892, "経度": 130.601183, "url": "https://www.iryou.teikyouseido.mhlw.go.jp/znk-web/juminkanja/S2430/initialize?prefCd=43&kikanCd=243601587&kikanKbn=2", "url2": null, "内容": "くわはら小児科【2:診療所】【診療科目:内科_小児科】熊本県八代市植柳上町５６９０ー１" }, "geometry": { "type": "Point", "coordinates": [ 130.601183, 32.488892 ] } },
{ "type": "Feature", "properties": { "ID": 432243601590, "正式名称": "中村内科医院", "機関区分": 2, "都道府県コード": 43, "市区町村コード": 202, "所在地": "熊本県八代市花園町１０ー１", "緯度": 32.503888, "経度": 130.611945, "url": "https://www.iryou.teikyouseido.mhlw.go.jp/znk-web/juminkanja/S2430/initialize?prefCd=43&kikanCd=243601590&kikanKbn=2", "url2": null, "内容": "中村内科医院【2:診療所】【診療科目:内科_呼吸器内科_循環器内科_消化器内科】熊本県八代市花園町１０ー１" }, "geometry": { "type": "Point", "coordinates": [ 130.611945, 32.503888 ] } },
{ "type": "Feature", "properties": { "ID": 432243601620, "正式名称": "八代中央クリニック", "機関区分": 2, "都道府県コード": 43, "市区町村コード": 202, "所在地": "熊本県八代市永碇町１３６１", "緯度": 32.521344, "経度": 130.597374, "url": "https://www.iryou.teikyouseido.mhlw.go.jp/znk-web/juminkanja/S2430/initialize?prefCd=43&kikanCd=243601620&kikanKbn=2", "url2": "http://nttbj.itp.ne.jp/0965328008/", "内容": "八代中央クリニック【2:診療所】【診療科目:内科】熊本県八代市永碇町１３６１" }, "geometry": { "type": "Point", "coordinates": [ 130.597374, 32.521344 ] } },
{ "type": "Feature", "properties": { "ID": 432243601659, "正式名称": "保元内科クリニック", "機関区分": 2, "都道府県コード": 43, "市区町村コード": 202, "所在地": "熊本県八代市永碇町１３２３ー３", "緯度": 32.521839, "経度": 130.595944, "url": "https://www.iryou.teikyouseido.mhlw.go.jp/znk-web/juminkanja/S2430/initialize?prefCd=43&kikanCd=243601659&kikanKbn=2", "url2": null, "内容": "保元内科クリニック【2:診療所】【診療科目:内科_人工透析内科】熊本県八代市永碇町１３２３ー３" }, "geometry": { "type": "Point", "coordinates": [ 130.595944, 32.521839 ] } },
{ "type": "Feature", "properties": { "ID": 432243601688, "正式名称": "上村整形外科医院", "機関区分": 2, "都道府県コード": 43, "市区町村コード": 468, "所在地": "熊本県八代郡氷川町大野８８３", "緯度": 32.578446, "経度": 130.69436, "url": "https://www.iryou.teikyouseido.mhlw.go.jp/znk-web/juminkanja/S2430/initialize?prefCd=43&kikanCd=243601688&kikanKbn=2", "url2": null, "内容": "上村整形外科医院【2:診療所】【診療科目:内科_整形外科_リハビリテーション科】熊本県八代郡氷川町大野８８３" }, "geometry": { "type": "Point", "coordinates": [ 130.69436, 32.578446 ] } },
{ "type": "Feature", "properties": { "ID": 432243601705, "正式名称": "岡崎皮ふ科医院", "機関区分": 2, "都道府県コード": 43, "市区町村コード": 202, "所在地": "熊本県八代市永碇町１２４５ー１", "緯度": 32.52408, "経度": 130.597444, "url": "https://www.iryou.teikyouseido.mhlw.go.jp/znk-web/juminkanja/S2430/initialize?prefCd=43&kikanCd=243601705&kikanKbn=2", "url2": null, "内容": "岡崎皮ふ科医院【2:診療所】【診療科目:皮膚科】熊本県八代市永碇町１２４５ー１" }, "geometry": { "type": "Point", "coordinates": [ 130.597444, 32.52408 ] } },
{ "type": "Feature", "properties": { "ID": 432243601747, "正式名称": "鶴田胃腸科内科", "機関区分": 2, "都道府県コード": 43, "市区町村コード": 202, "所在地": "熊本県八代市日置町３１４ー４", "緯度": 32.511888, "経度": 130.616117, "url": "https://www.iryou.teikyouseido.mhlw.go.jp/znk-web/juminkanja/S2430/initialize?prefCd=43&kikanCd=243601747&kikanKbn=2", "url2": "http://www.tsuruta.or.jp", "内容": "鶴田胃腸科内科【2:診療所】【診療科目:内科_胃腸科】熊本県八代市日置町３１４ー４" }, "geometry": { "type": "Point", "coordinates": [ 130.616117, 32.511888 ] } },
{ "type": "Feature", "properties": { "ID": 432243601750, "正式名称": "田渕内科クリニック", "機関区分": 2, "都道府県コード": 43, "市区町村コード": 202, "所在地": "熊本県八代市高下西町２２７１ー１", "緯度": 32.482964, "経度": 130.605325, "url": "https://www.iryou.teikyouseido.mhlw.go.jp/znk-web/juminkanja/S2430/initialize?prefCd=43&kikanCd=243601750&kikanKbn=2", "url2": "http://www.citydo.com/prf/kumamoto/guide/sg/530001195.html", "内容": "田渕内科クリニック【2:診療所】【診療科目:内科_放射線診断科】熊本県八代市高下西町２２７１ー１" }, "geometry": { "type": "Point", "coordinates": [ 130.605325, 32.482964 ] } },
{ "type": "Feature", "properties": { "ID": 432243601776, "正式名称": "磧本胃腸科外科医院", "機関区分": 2, "都道府県コード": 43, "市区町村コード": 202, "所在地": "熊本県八代市松江町１６８ー１", "緯度": 32.511995, "経度": 130.602571, "url": "https://www.iryou.teikyouseido.mhlw.go.jp/znk-web/juminkanja/S2430/initialize?prefCd=43&kikanCd=243601776&kikanKbn=2", "url2": null, "内容": "磧本胃腸科外科医院【2:診療所】【診療科目:内科_外科_胃腸科、こう門科】熊本県八代市松江町１６８ー１" }, "geometry": { "type": "Point", "coordinates": [ 130.602571, 32.511995 ] } },
{ "type": "Feature", "properties": { "ID": 432243601792, "正式名称": "しおさき内科胃腸科クリニック", "機関区分": 2, "都道府県コード": 43, "市区町村コード": 202, "所在地": "熊本県八代市日奈久塩南町甲２１ー１３", "緯度": 32.43523, "経度": 130.579857, "url": "https://www.iryou.teikyouseido.mhlw.go.jp/znk-web/juminkanja/S2430/initialize?prefCd=43&kikanCd=243601792&kikanKbn=2", "url2": null, "内容": "しおさき内科胃腸科クリニック【2:診療所】【診療科目:内科_胃腸科】熊本県八代市日奈久塩南町甲２１ー１３" }, "geometry": { "type": "Point", "coordinates": [ 130.579857, 32.43523 ] } },
{ "type": "Feature", "properties": { "ID": 432243601806, "正式名称": "大平小児科医院", "機関区分": 2, "都道府県コード": 43, "市区町村コード": 202, "所在地": "熊本県八代市迎町１ー７ー２３", "緯度": 32.498983, "経度": 130.603205, "url": "https://www.iryou.teikyouseido.mhlw.go.jp/znk-web/juminkanja/S2430/initialize?prefCd=43&kikanCd=243601806&kikanKbn=2", "url2": null, "内容": "大平小児科医院【2:診療所】【診療科目:小児科】熊本県八代市迎町１ー７ー２３" }, "geometry": { "type": "Point", "coordinates": [ 130.603205, 32.498983 ] } },
{ "type": "Feature", "properties": { "ID": 432243601848, "正式名称": "伊達整形外科医院", "機関区分": 2, "都道府県コード": 43, "市区町村コード": 202, "所在地": "熊本県八代市日奈久塩北町４３０３", "緯度": 32.438401, "経度": 130.580621, "url": "https://www.iryou.teikyouseido.mhlw.go.jp/znk-web/juminkanja/S2430/initialize?prefCd=43&kikanCd=243601848&kikanKbn=2", "url2": null, "内容": "伊達整形外科医院【2:診療所】【診療科目:整形外科_リウマチ科_リハビリテーション科】熊本県八代市日奈久塩北町４３０３" }, "geometry": { "type": "Point", "coordinates": [ 130.580621, 32.438401 ] } },
{ "type": "Feature", "properties": { "ID": 432243601851, "正式名称": "きはら眼科", "機関区分": 2, "都道府県コード": 43, "市区町村コード": 202, "所在地": "熊本県八代市萩原町２ー６ー３２", "緯度": 32.504452, "経度": 130.617892, "url": "https://www.iryou.teikyouseido.mhlw.go.jp/znk-web/juminkanja/S2430/initialize?prefCd=43&kikanCd=243601851&kikanKbn=2", "url2": null, "内容": "きはら眼科【2:診療所】【診療科目:眼科】熊本県八代市萩原町２ー６ー３２" }, "geometry": { "type": "Point", "coordinates": [ 130.617892, 32.504452 ] } },
{ "type": "Feature", "properties": { "ID": 432243601877, "正式名称": "日置町クリニック", "機関区分": 2, "都道府県コード": 43, "市区町村コード": 202, "所在地": "熊本県八代市日置町１５０", "緯度": 32.513354, "経度": 130.622181, "url": "https://www.iryou.teikyouseido.mhlw.go.jp/znk-web/juminkanja/S2430/initialize?prefCd=43&kikanCd=243601877&kikanKbn=2", "url2": "http://www.kouankai.jp", "内容": "日置町クリニック【2:診療所】【診療科目:内科_腎臓内科_人工透析内科】熊本県八代市日置町１５０" }, "geometry": { "type": "Point", "coordinates": [ 130.622181, 32.513354 ] } },
{ "type": "Feature", "properties": { "ID": 432243601880, "正式名称": "和田小児科医院", "機関区分": 2, "都道府県コード": 43, "市区町村コード": 202, "所在地": "熊本県八代市大手町２ー５ー２３", "緯度": 32.508421, "経度": 130.611065, "url": "https://www.iryou.teikyouseido.mhlw.go.jp/znk-web/juminkanja/S2430/initialize?prefCd=43&kikanCd=243601880&kikanKbn=2", "url2": "htt://www.wada.-ped.com/", "内容": "和田小児科医院【2:診療所】【診療科目:小児科】熊本県八代市大手町２ー５ー２３" }, "geometry": { "type": "Point", "coordinates": [ 130.611065, 32.508421 ] } },
{ "type": "Feature", "properties": { "ID": 432243601893, "正式名称": "鏡クリニック", "機関区分": 2, "都道府県コード": 43, "市区町村コード": 202, "所在地": "熊本県八代市鏡町下有佐４４９", "緯度": 32.564427, "経度": 130.666802, "url": "https://www.iryou.teikyouseido.mhlw.go.jp/znk-web/juminkanja/S2430/initialize?prefCd=43&kikanCd=243601893&kikanKbn=2", "url2": "http://www.kagamicl.com", "内容": "鏡クリニック【2:診療所】【診療科目:内科】熊本県八代市鏡町下有佐４４９" }, "geometry": { "type": "Point", "coordinates": [ 130.666802, 32.564427 ] } },
{ "type": "Feature", "properties": { "ID": 432243601910, "正式名称": "医療法人セント・ソフィア　片岡レディスクリニック", "機関区分": 2, "都道府県コード": 43, "市区町村コード": 202, "所在地": "熊本県八代市本町３ー３ー３５", "緯度": 32.505298, "経度": 130.597194, "url": "https://www.iryou.teikyouseido.mhlw.go.jp/znk-web/juminkanja/S2430/initialize?prefCd=43&kikanCd=243601910&kikanKbn=2", "url2": "https://www.kataoka-lc.com", "内容": "医療法人セント・ソフィア　片岡レディスクリニック【2:診療所】【診療科目:産婦人科_産婦人科（生殖医療）】熊本県八代市本町３ー３ー３５" }, "geometry": { "type": "Point", "coordinates": [ 130.597194, 32.505298 ] } },
{ "type": "Feature", "properties": { "ID": 432243602005, "正式名称": "高野整形外科", "機関区分": 2, "都道府県コード": 43, "市区町村コード": 202, "所在地": "熊本県八代市本町１ー８ー６", "緯度": 32.506229, "経度": 130.603027, "url": "https://www.iryou.teikyouseido.mhlw.go.jp/znk-web/juminkanja/S2430/initialize?prefCd=43&kikanCd=243602005&kikanKbn=2", "url2": null, "内容": "高野整形外科【2:診療所】【診療科目:整形外科_リウマチ科_リハビリテーション科】熊本県八代市本町１ー８ー６" }, "geometry": { "type": "Point", "coordinates": [ 130.603027, 32.506229 ] } },
{ "type": "Feature", "properties": { "ID": 432243602018, "正式名称": "よかと整形外科リウマチクリニック", "機関区分": 2, "都道府県コード": 43, "市区町村コード": 202, "所在地": "熊本県八代市鏡町鏡村２１０ー３", "緯度": 32.563188, "経度": 130.657488, "url": "https://www.iryou.teikyouseido.mhlw.go.jp/znk-web/juminkanja/S2430/initialize?prefCd=43&kikanCd=243602018&kikanKbn=2", "url2": null, "内容": "よかと整形外科リウマチクリニック【2:診療所】【診療科目:内科_整形外科_リウマチ科_リハビリテーション科】熊本県八代市鏡町鏡村２１０ー３" }, "geometry": { "type": "Point", "coordinates": [ 130.657488, 32.563188 ] } },
{ "type": "Feature", "properties": { "ID": 432243602021, "正式名称": "横田診療所", "機関区分": 2, "都道府県コード": 43, "市区町村コード": 202, "所在地": "熊本県八代市泉町柿迫３１８８ー２", "緯度": 32.546614, "経度": 130.80926, "url": "https://www.iryou.teikyouseido.mhlw.go.jp/znk-web/juminkanja/S2430/initialize?prefCd=43&kikanCd=243602021&kikanKbn=2", "url2": null, "内容": "横田診療所【2:診療所】【診療科目:内科_外科】熊本県八代市泉町柿迫３１８８ー２" }, "geometry": { "type": "Point", "coordinates": [ 130.80926, 32.546614 ] } },
{ "type": "Feature", "properties": { "ID": 432243602034, "正式名称": "浜田呼吸器科内科クリニック", "機関区分": 2, "都道府県コード": 43, "市区町村コード": 202, "所在地": "熊本県八代市大村町１１１３ー５", "緯度": 32.512729, "経度": 130.615231, "url": "https://www.iryou.teikyouseido.mhlw.go.jp/znk-web/juminkanja/S2430/initialize?prefCd=43&kikanCd=243602034&kikanKbn=2", "url2": "hamadaclinic-kumamoto.com", "内容": "浜田呼吸器科内科クリニック【2:診療所】【診療科目:内科_呼吸器内科_アレルギー科_リウマチ科_放射線科_呼吸器科、消化器科、胃腸科、循環器科】熊本県八代市大村町１１１３ー５" }, "geometry": { "type": "Point", "coordinates": [ 130.615231, 32.512729 ] } },
{ "type": "Feature", "properties": { "ID": 432243602047, "正式名称": "荒木皮ふ科医院", "機関区分": 2, "都道府県コード": 43, "市区町村コード": 202, "所在地": "熊本県八代市鏡町鏡村１１０８ー１", "緯度": 32.572001, "経度": 130.660205, "url": "https://www.iryou.teikyouseido.mhlw.go.jp/znk-web/juminkanja/S2430/initialize?prefCd=43&kikanCd=243602047&kikanKbn=2", "url2": null, "内容": "荒木皮ふ科医院【2:診療所】【診療科目:皮膚科】熊本県八代市鏡町鏡村１１０８ー１" }, "geometry": { "type": "Point", "coordinates": [ 130.660205, 32.572001 ] } },
{ "type": "Feature", "properties": { "ID": 432243602063, "正式名称": "岡村医院", "機関区分": 2, "都道府県コード": 43, "市区町村コード": 202, "所在地": "熊本県八代市横手新町１４ー４", "緯度": 32.51805, "経度": 130.600215, "url": "https://www.iryou.teikyouseido.mhlw.go.jp/znk-web/juminkanja/S2430/initialize?prefCd=43&kikanCd=243602063&kikanKbn=2", "url2": null, "内容": "岡村医院【2:診療所】【診療科目:内科_外科】熊本県八代市横手新町１４ー４" }, "geometry": { "type": "Point", "coordinates": [ 130.600215, 32.51805 ] } },
{ "type": "Feature", "properties": { "ID": 432243602076, "正式名称": "田渕整形外科医院", "機関区分": 2, "都道府県コード": 43, "市区町村コード": 202, "所在地": "熊本県八代市高下西町２２６８", "緯度": 32.482659, "経度": 130.604841, "url": "https://www.iryou.teikyouseido.mhlw.go.jp/znk-web/juminkanja/S2430/initialize?prefCd=43&kikanCd=243602076&kikanKbn=2", "url2": null, "内容": "田渕整形外科医院【2:診療所】【診療科目:整形外科_リウマチ科】熊本県八代市高下西町２２６８" }, "geometry": { "type": "Point", "coordinates": [ 130.604841, 32.482659 ] } },
{ "type": "Feature", "properties": { "ID": 432243602092, "正式名称": "八代市立椎原診療所", "機関区分": 2, "都道府県コード": 43, "市区町村コード": 202, "所在地": "熊本県八代市泉町椎原３ー１６", "緯度": 32.489273, "経度": 130.903636, "url": "https://www.iryou.teikyouseido.mhlw.go.jp/znk-web/juminkanja/S2430/initialize?prefCd=43&kikanCd=243602092&kikanKbn=2", "url2": null, "内容": "八代市立椎原診療所【2:診療所】【診療科目:内科_外科_整形外科_小児科】熊本県八代市泉町椎原３ー１６" }, "geometry": { "type": "Point", "coordinates": [ 130.903636, 32.489273 ] } },
{ "type": "Feature", "properties": { "ID": 432243602119, "正式名称": "有田大津眼科", "機関区分": 2, "都道府県コード": 43, "市区町村コード": 202, "所在地": "熊本県八代市永碇町１３０５", "緯度": 32.522655, "経度": 130.595788, "url": "https://www.iryou.teikyouseido.mhlw.go.jp/znk-web/juminkanja/S2430/initialize?prefCd=43&kikanCd=243602119&kikanKbn=2", "url2": null, "内容": "有田大津眼科【2:診療所】【診療科目:眼科】熊本県八代市永碇町１３０５" }, "geometry": { "type": "Point", "coordinates": [ 130.595788, 32.522655 ] } },
{ "type": "Feature", "properties": { "ID": 432243602122, "正式名称": "太田こどもクリニック", "機関区分": 2, "都道府県コード": 43, "市区町村コード": 202, "所在地": "熊本県八代市古閑浜町３２９５ー８", "緯度": 32.539369, "経度": 130.604494, "url": "https://www.iryou.teikyouseido.mhlw.go.jp/znk-web/juminkanja/S2430/initialize?prefCd=43&kikanCd=243602122&kikanKbn=2", "url2": null, "内容": "太田こどもクリニック【2:診療所】【診療科目:小児科】熊本県八代市古閑浜町３２９５ー８" }, "geometry": { "type": "Point", "coordinates": [ 130.604494, 32.539369 ] } },
{ "type": "Feature", "properties": { "ID": 432243602135, "正式名称": "本町眼科", "機関区分": 2, "都道府県コード": 43, "市区町村コード": 202, "所在地": "熊本県八代市建馬町３ー１", "緯度": 32.506017, "経度": 130.585106, "url": "https://www.iryou.teikyouseido.mhlw.go.jp/znk-web/juminkanja/S2430/initialize?prefCd=43&kikanCd=243602135&kikanKbn=2", "url2": "https://honmachiganka.jp/", "内容": "本町眼科【2:診療所】【診療科目:眼科】熊本県八代市建馬町３ー１" }, "geometry": { "type": "Point", "coordinates": [ 130.585106, 32.506017 ] } },
{ "type": "Feature", "properties": { "ID": 432243602148, "正式名称": "みやもと泌尿器科クリニック", "機関区分": 2, "都道府県コード": 43, "市区町村コード": 202, "所在地": "熊本県八代市永碇町１２６３", "緯度": 32.523189, "経度": 130.596918, "url": "https://www.iryou.teikyouseido.mhlw.go.jp/znk-web/juminkanja/S2430/initialize?prefCd=43&kikanCd=243602148&kikanKbn=2", "url2": null, "内容": "みやもと泌尿器科クリニック【2:診療所】【診療科目:泌尿器科】熊本県八代市永碇町１２６３" }, "geometry": { "type": "Point", "coordinates": [ 130.596918, 32.523189 ] } },
{ "type": "Feature", "properties": { "ID": 432243602177, "正式名称": "高田胃腸内科・内科", "機関区分": 2, "都道府県コード": 43, "市区町村コード": 202, "所在地": "熊本県八代市大村町３５０", "緯度": 32.514076, "経度": 130.620617, "url": "https://www.iryou.teikyouseido.mhlw.go.jp/znk-web/juminkanja/S2430/initialize?prefCd=43&kikanCd=243602177&kikanKbn=2", "url2": null, "内容": "高田胃腸内科・内科【2:診療所】【診療科目:内科_消化器内科】熊本県八代市大村町３５０" }, "geometry": { "type": "Point", "coordinates": [ 130.620617, 32.514076 ] } },
{ "type": "Feature", "properties": { "ID": 432243602180, "正式名称": "福田外科・整形外科クリニック", "機関区分": 2, "都道府県コード": 43, "市区町村コード": 202, "所在地": "熊本県八代市鏡町内田６９７ー１１", "緯度": 32.559591, "経度": 130.648206, "url": "https://www.iryou.teikyouseido.mhlw.go.jp/znk-web/juminkanja/S2430/initialize?prefCd=43&kikanCd=243602180&kikanKbn=2", "url2": null, "内容": "福田外科・整形外科クリニック【2:診療所】【診療科目:内科_外科_脳神経外科_整形外科_皮膚科_リハビリテーション科】熊本県八代市鏡町内田６９７ー１１" }, "geometry": { "type": "Point", "coordinates": [ 130.648206, 32.559591 ] } },
{ "type": "Feature", "properties": { "ID": 432243602193, "正式名称": "ふくとみクリニック", "機関区分": 2, "都道府県コード": 43, "市区町村コード": 202, "所在地": "熊本県八代市花園町６ー１", "緯度": 32.503385, "経度": 130.615009, "url": "https://www.iryou.teikyouseido.mhlw.go.jp/znk-web/juminkanja/S2430/initialize?prefCd=43&kikanCd=243602193&kikanKbn=2", "url2": "http://www.fucl.iinaa.net/", "内容": "ふくとみクリニック【2:診療所】【診療科目:内科】熊本県八代市花園町６ー１" }, "geometry": { "type": "Point", "coordinates": [ 130.615009, 32.503385 ] } },
{ "type": "Feature", "properties": { "ID": 432243602207, "正式名称": "放射線科・内科まきたクリニック", "機関区分": 2, "都道府県コード": 43, "市区町村コード": 202, "所在地": "熊本県八代市竹原町１４３９ー２", "緯度": 32.519104, "経度": 130.625097, "url": "https://www.iryou.teikyouseido.mhlw.go.jp/znk-web/juminkanja/S2430/initialize?prefCd=43&kikanCd=243602207&kikanKbn=2", "url2": "http://www.rad-makita.jp", "内容": "放射線科・内科まきたクリニック【2:診療所】【診療科目:内科_消化器内科_放射線科】熊本県八代市竹原町１４３９ー２" }, "geometry": { "type": "Point", "coordinates": [ 130.625097, 32.519104 ] } },
{ "type": "Feature", "properties": { "ID": 432243602210, "正式名称": "春野医院", "機関区分": 2, "都道府県コード": 43, "市区町村コード": 202, "所在地": "熊本県八代市北の丸町３ー３７", "緯度": 32.509567, "経度": 130.595083, "url": "https://www.iryou.teikyouseido.mhlw.go.jp/znk-web/juminkanja/S2430/initialize?prefCd=43&kikanCd=243602210&kikanKbn=2", "url2": "http://haruno-jibika.jimdo.com/", "内容": "春野医院【2:診療所】【診療科目:耳鼻いんこう科_アレルギー科】熊本県八代市北の丸町３ー３７" }, "geometry": { "type": "Point", "coordinates": [ 130.595083, 32.509567 ] } },
{ "type": "Feature", "properties": { "ID": 432243602249, "正式名称": "ひかわ医院", "機関区分": 2, "都道府県コード": 43, "市区町村コード": 468, "所在地": "熊本県八代郡氷川町島地４１９ー３", "緯度": 32.583172, "経度": 130.673207, "url": "https://www.iryou.teikyouseido.mhlw.go.jp/znk-web/juminkanja/S2430/initialize?prefCd=43&kikanCd=243602249&kikanKbn=2", "url2": "http://hikawaiin,com", "内容": "ひかわ医院【2:診療所】【診療科目:内科_循環器内科】熊本県八代郡氷川町島地４１９ー３" }, "geometry": { "type": "Point", "coordinates": [ 130.673207, 32.583172 ] } },
{ "type": "Feature", "properties": { "ID": 432243602252, "正式名称": "増田内科・胃腸内科", "機関区分": 2, "都道府県コード": 43, "市区町村コード": 202, "所在地": "熊本県八代市永碇町１２８３ー３", "緯度": 32.523021, "経度": 130.59639, "url": "https://www.iryou.teikyouseido.mhlw.go.jp/znk-web/juminkanja/S2430/initialize?prefCd=43&kikanCd=243602252&kikanKbn=2", "url2": "http://nttbj.itp.ne.jp/0965628100/", "内容": "増田内科・胃腸内科【2:診療所】【診療科目:内科_脂質代謝内科_糖尿病・代謝内科_呼吸器内科_循環器内科_消化器内科_胃腸内科_内視鏡内科】熊本県八代市永碇町１２８３ー３" }, "geometry": { "type": "Point", "coordinates": [ 130.59639, 32.523021 ] } },
{ "type": "Feature", "properties": { "ID": 432243602265, "正式名称": "旭中央通りクリニック", "機関区分": 2, "都道府県コード": 43, "市区町村コード": 202, "所在地": "熊本県八代市花園町１８ー１", "緯度": 32.504204, "経度": 130.608221, "url": "https://www.iryou.teikyouseido.mhlw.go.jp/znk-web/juminkanja/S2430/initialize?prefCd=43&kikanCd=243602265&kikanKbn=2", "url2": "https://www.asahichuodori.com/", "内容": "旭中央通りクリニック【2:診療所】【診療科目:内科_糖尿病・代謝内科_精神科_心療内科】熊本県八代市花園町１８ー１" }, "geometry": { "type": "Point", "coordinates": [ 130.608221, 32.504204 ] } },
{ "type": "Feature", "properties": { "ID": 432243602337, "正式名称": "せきがみ内科・糖尿病内科", "機関区分": 2, "都道府県コード": 43, "市区町村コード": 202, "所在地": "熊本県八代市上日置町字八坪４４４７ー１", "緯度": 32.516916, "経度": 130.637782, "url": "https://www.iryou.teikyouseido.mhlw.go.jp/znk-web/juminkanja/S2430/initialize?prefCd=43&kikanCd=243602337&kikanKbn=2", "url2": "http://sekigaminaika.com/", "内容": "せきがみ内科・糖尿病内科【2:診療所】【診療科目:内科_内分泌内科_糖尿病・代謝内科_循環器内科】熊本県八代市上日置町字八坪４４４７ー１" }, "geometry": { "type": "Point", "coordinates": [ 130.637782, 32.516916 ] } },
{ "type": "Feature", "properties": { "ID": 432243602366, "正式名称": "織田胃腸外科", "機関区分": 2, "都道府県コード": 43, "市区町村コード": 202, "所在地": "熊本県八代市横手新町２ー１７", "緯度": 32.517881, "経度": 130.611173, "url": "https://www.iryou.teikyouseido.mhlw.go.jp/znk-web/juminkanja/S2430/initialize?prefCd=43&kikanCd=243602366&kikanKbn=2", "url2": null, "内容": "織田胃腸外科【2:診療所】【診療科目:内科_外科_胃腸外科】熊本県八代市横手新町２ー１７" }, "geometry": { "type": "Point", "coordinates": [ 130.611173, 32.517881 ] } },
{ "type": "Feature", "properties": { "ID": 432243602382, "正式名称": "ひらきクリニック", "機関区分": 2, "都道府県コード": 43, "市区町村コード": 202, "所在地": "熊本県八代市新地町６ー２６", "緯度": 32.508911, "経度": 130.589841, "url": "https://www.iryou.teikyouseido.mhlw.go.jp/znk-web/juminkanja/S2430/initialize?prefCd=43&kikanCd=243602382&kikanKbn=2", "url2": null, "内容": "ひらきクリニック【2:診療所】【診療科目:内科_糖尿病内科_外科_脳神経外科_リハビリテーション科】熊本県八代市新地町６ー２６" }, "geometry": { "type": "Point", "coordinates": [ 130.589841, 32.508911 ] } },
{ "type": "Feature", "properties": { "ID": 432243602412, "正式名称": "うえの内科・胃腸内科", "機関区分": 2, "都道府県コード": 43, "市区町村コード": 202, "所在地": "熊本県八代市本町２ー２ー９", "緯度": 32.503665, "経度": 130.60126, "url": "https://www.iryou.teikyouseido.mhlw.go.jp/znk-web/juminkanja/S2430/initialize?prefCd=43&kikanCd=243602412&kikanKbn=2", "url2": null, "内容": "うえの内科・胃腸内科【2:診療所】【診療科目:内科_消化器内科】熊本県八代市本町２ー２ー９" }, "geometry": { "type": "Point", "coordinates": [ 130.60126, 32.503665 ] } },
{ "type": "Feature", "properties": { "ID": 432243602438, "正式名称": "八代ハートクリニック", "機関区分": 2, "都道府県コード": 43, "市区町村コード": 202, "所在地": "熊本県八代市錦町１０ー１", "緯度": 32.503434, "経度": 130.609368, "url": "https://www.iryou.teikyouseido.mhlw.go.jp/znk-web/juminkanja/S2430/initialize?prefCd=43&kikanCd=243602438&kikanKbn=2", "url2": null, "内容": "八代ハートクリニック【2:診療所】【診療科目:内科_循環器内科_リハビリテーション科_放射線科】熊本県八代市錦町１０ー１" }, "geometry": { "type": "Point", "coordinates": [ 130.609368, 32.503434 ] } },
{ "type": "Feature", "properties": { "ID": 432243602441, "正式名称": "本田クリニック", "機関区分": 2, "都道府県コード": 43, "市区町村コード": 202, "所在地": "熊本県八代市西松江城町５ー３５", "緯度": 32.506526, "経度": 130.596791, "url": "https://www.iryou.teikyouseido.mhlw.go.jp/znk-web/juminkanja/S2430/initialize?prefCd=43&kikanCd=243602441&kikanKbn=2", "url2": "http://honda-cl.com/", "内容": "本田クリニック【2:診療所】【診療科目:内科_糖尿病・代謝内科_呼吸器内科_循環器内科_消化器内科_アレルギー科】熊本県八代市西松江城町５ー３５" }, "geometry": { "type": "Point", "coordinates": [ 130.596791, 32.506526 ] } },
{ "type": "Feature", "properties": { "ID": 432243602454, "正式名称": "わたなべ内科クリニック", "機関区分": 2, "都道府県コード": 43, "市区町村コード": 202, "所在地": "熊本県八代市永碇町１０７３ー５", "緯度": 32.522483, "経度": 130.588844, "url": "https://www.iryou.teikyouseido.mhlw.go.jp/znk-web/juminkanja/S2430/initialize?prefCd=43&kikanCd=243602454&kikanKbn=2", "url2": "http://watanabenaika.clinic", "内容": "わたなべ内科クリニック【2:診療所】【診療科目:内科_糖尿病・代謝内科_代謝・内分泌内科】熊本県八代市永碇町１０７３ー５" }, "geometry": { "type": "Point", "coordinates": [ 130.588844, 32.522483 ] } },
{ "type": "Feature", "properties": { "ID": 432243602467, "正式名称": "もちながこどもクリニック", "機関区分": 2, "都道府県コード": 43, "市区町村コード": 202, "所在地": "熊本県八代市田中西町１ー１ー５", "緯度": 32.523355, "経度": 130.59956, "url": "https://www.iryou.teikyouseido.mhlw.go.jp/znk-web/juminkanja/S2430/initialize?prefCd=43&kikanCd=243602467&kikanKbn=2", "url2": "https://mochinagaclinic.org/", "内容": "もちながこどもクリニック【2:診療所】【診療科目:小児科_アレルギー科】熊本県八代市田中西町１ー１ー５" }, "geometry": { "type": "Point", "coordinates": [ 130.59956, 32.523355 ] } },
{ "type": "Feature", "properties": { "ID": 432243602470, "正式名称": "いでアレルギー・呼吸器クリニック", "機関区分": 2, "都道府県コード": 43, "市区町村コード": 202, "所在地": "熊本県八代市松江町４８５ー１", "緯度": 32.517647, "経度": 130.597594, "url": "https://www.iryou.teikyouseido.mhlw.go.jp/znk-web/juminkanja/S2430/initialize?prefCd=43&kikanCd=243602470&kikanKbn=2", "url2": "https://ide-cli.com", "内容": "いでアレルギー・呼吸器クリニック【2:診療所】【診療科目:呼吸器内科_アレルギー科_小児アレルギー科】熊本県八代市松江町４８５ー１" }, "geometry": { "type": "Point", "coordinates": [ 130.597594, 32.517647 ] } },
{ "type": "Feature", "properties": { "ID": 432243602483, "正式名称": "こだま小児科クリニック", "機関区分": 2, "都道府県コード": 43, "市区町村コード": 202, "所在地": "熊本県八代市長田町３１８４ー１", "緯度": 32.51008, "経度": 130.629033, "url": "https://www.iryou.teikyouseido.mhlw.go.jp/znk-web/juminkanja/S2430/initialize?prefCd=43&kikanCd=243602483&kikanKbn=2", "url2": null, "内容": "こだま小児科クリニック【2:診療所】【診療科目:小児科】熊本県八代市長田町３１８４ー１" }, "geometry": { "type": "Point", "coordinates": [ 130.629033, 32.51008 ] } },
{ "type": "Feature", "properties": { "ID": 432243602496, "正式名称": "くはら循環器内科・くはら皮フ科", "機関区分": 2, "都道府県コード": 43, "市区町村コード": 202, "所在地": "熊本県八代市古閑中町１２１０", "緯度": 32.527425, "経度": 130.606626, "url": "https://www.iryou.teikyouseido.mhlw.go.jp/znk-web/juminkanja/S2430/initialize?prefCd=43&kikanCd=243602496&kikanKbn=2", "url2": "kuhara-naikacl.com", "内容": "くはら循環器内科・くはら皮フ科【2:診療所】【診療科目:内科_循環器内科_小児皮膚科_皮膚科_美容皮膚科】熊本県八代市古閑中町１２１０" }, "geometry": { "type": "Point", "coordinates": [ 130.606626, 32.527425 ] } },
{ "type": "Feature", "properties": { "ID": 432243602500, "正式名称": "あらき整形外科医院", "機関区分": 2, "都道府県コード": 43, "市区町村コード": 202, "所在地": "熊本県八代市萩原町１ー８ー４０", "緯度": 32.502308, "経度": 130.618767, "url": "https://www.iryou.teikyouseido.mhlw.go.jp/znk-web/juminkanja/S2430/initialize?prefCd=43&kikanCd=243602500&kikanKbn=2", "url2": "https://araki-cl.jp", "内容": "あらき整形外科医院【2:診療所】【診療科目:内科_整形外科_皮膚科_リウマチ科_リハビリテーション科】熊本県八代市萩原町１ー８ー４０" }, "geometry": { "type": "Point", "coordinates": [ 130.618767, 32.502308 ] } },
{ "type": "Feature", "properties": { "ID": 432243602539, "正式名称": "独立行政法人地域医療機能推進機構熊本総合病院附属クリニック", "機関区分": 2, "都道府県コード": 43, "市区町村コード": 202, "所在地": "熊本県八代市妙見町１４５", "緯度": 32.497632, "経度": 130.639841, "url": "https://www.iryou.teikyouseido.mhlw.go.jp/znk-web/juminkanja/S2430/initialize?prefCd=43&kikanCd=243602539&kikanKbn=2", "url2": "https://kumamoto.jcho.go.jp/newera/section/clinic/", "内容": "独立行政法人地域医療機能推進機構熊本総合病院附属クリニック【2:診療所】【診療科目:内科_呼吸器内科_循環器内科_消化器内科_胃腸内科_外科_整形外科】熊本県八代市妙見町１４５" }, "geometry": { "type": "Point", "coordinates": [ 130.639841, 32.497632 ] } },
{ "type": "Feature", "properties": { "ID": 432243602555, "正式名称": "ごとう脳神経外科・痛みのクリニック", "機関区分": 2, "都道府県コード": 43, "市区町村コード": 202, "所在地": "熊本県八代市松江城町６ー３１", "緯度": 32.506296, "経度": 130.598944, "url": "https://www.iryou.teikyouseido.mhlw.go.jp/znk-web/juminkanja/S2430/initialize?prefCd=43&kikanCd=243602555&kikanKbn=2", "url2": null, "内容": "ごとう脳神経外科・痛みのクリニック【2:診療所】【診療科目:内科_脳神経外科_麻酔科】熊本県八代市松江城町６ー３１" }, "geometry": { "type": "Point", "coordinates": [ 130.598944, 32.506296 ] } },
{ "type": "Feature", "properties": { "ID": 432243602584, "正式名称": "大塚内科クリニック", "機関区分": 2, "都道府県コード": 43, "市区町村コード": 202, "所在地": "熊本県八代市日奈久東町２６３", "緯度": 32.433301, "経度": 130.575404, "url": "https://www.iryou.teikyouseido.mhlw.go.jp/znk-web/juminkanja/S2430/initialize?prefCd=43&kikanCd=243602584&kikanKbn=2", "url2": null, "内容": "大塚内科クリニック【2:診療所】【診療科目:内科_糖尿病・代謝内科_呼吸器内科_循環器内科_消化器内科_アレルギー科】熊本県八代市日奈久東町２６３" }, "geometry": { "type": "Point", "coordinates": [ 130.575404, 32.433301 ] } },
{ "type": "Feature", "properties": { "ID": 432243602614, "正式名称": "黒田耳鼻咽喉科医院", "機関区分": 2, "都道府県コード": 43, "市区町村コード": 202, "所在地": "熊本県八代市鏡町下村１５１３ー１", "緯度": 32.554794, "経度": 130.644302, "url": "https://www.iryou.teikyouseido.mhlw.go.jp/znk-web/juminkanja/S2430/initialize?prefCd=43&kikanCd=243602614&kikanKbn=2", "url2": "http://www.kuroda33.com", "内容": "黒田耳鼻咽喉科医院【2:診療所】【診療科目:耳鼻いんこう科】熊本県八代市鏡町下村１５１３ー１" }, "geometry": { "type": "Point", "coordinates": [ 130.644302, 32.554794 ] } },
{ "type": "Feature", "properties": { "ID": 432243602669, "正式名称": "高橋医院", "機関区分": 2, "都道府県コード": 43, "市区町村コード": 202, "所在地": "熊本県八代市弥生町１２ー１", "緯度": 32.436032, "経度": 130.65722, "url": "https://www.iryou.teikyouseido.mhlw.go.jp/znk-web/juminkanja/S2430/initialize?prefCd=43&kikanCd=243602669&kikanKbn=2", "url2": null, "内容": "高橋医院【2:診療所】【診療科目:内科_呼吸器内科_消化器内科_神経内科】熊本県八代市弥生町１２ー１" }, "geometry": { "type": "Point", "coordinates": [ 130.65722, 32.436032 ] } },
{ "type": "Feature", "properties": { "ID": 432243602672, "正式名称": "峯苫医院", "機関区分": 2, "都道府県コード": 43, "市区町村コード": 202, "所在地": "熊本県八代市渡町１７１７番地", "緯度": 32.492356, "経度": 130.623423, "url": "https://www.iryou.teikyouseido.mhlw.go.jp/znk-web/juminkanja/S2430/initialize?prefCd=43&kikanCd=243602672&kikanKbn=2", "url2": "https://minetoma-hos.jp", "内容": "峯苫医院【2:診療所】【診療科目:内科_循環器内科_消化器内科_外科_整形外科_美容皮膚科_リハビリテーション科】熊本県八代市渡町１７１７番地" }, "geometry": { "type": "Point", "coordinates": [ 130.623423, 32.492356 ] } },
{ "type": "Feature", "properties": { "ID": 432243602715, "正式名称": "はやしクリニック", "機関区分": 2, "都道府県コード": 43, "市区町村コード": 505, "所在地": "熊本県球磨郡多良木町黒肥地１５９６－１", "緯度": 32.2745, "経度": 130.939428, "url": "https://www.iryou.teikyouseido.mhlw.go.jp/znk-web/juminkanja/S2430/initialize?prefCd=43&kikanCd=243602715&kikanKbn=2", "url2": null, "内容": "はやしクリニック【2:診療所】【診療科目:内科_小児科】熊本県球磨郡多良木町黒肥地１５９６－１" }, "geometry": { "type": "Point", "coordinates": [ 130.939428, 32.2745 ] } },
{ "type": "Feature", "properties": { "ID": 432243610088, "正式名称": "国保水俣市立総合医療センター附属久木野診療所", "機関区分": 2, "都道府県コード": 43, "市区町村コード": 205, "所在地": "熊本県水俣市久木野８３３", "緯度": 32.171451, "経度": 130.529146, "url": "https://www.iryou.teikyouseido.mhlw.go.jp/znk-web/juminkanja/S2430/initialize?prefCd=43&kikanCd=243610088&kikanKbn=2", "url2": null, "内容": "国保水俣市立総合医療センター附属久木野診療所【2:診療所】【診療科目:内科_外科】熊本県水俣市久木野８３３" }, "geometry": { "type": "Point", "coordinates": [ 130.529146, 32.171451 ] } },
{ "type": "Feature", "properties": { "ID": 432243610189, "正式名称": "山田クリニック", "機関区分": 2, "都道府県コード": 43, "市区町村コード": 205, "所在地": "熊本県水俣市旭町２ー２ー５", "緯度": 32.208994, "経度": 130.401929, "url": "https://www.iryou.teikyouseido.mhlw.go.jp/znk-web/juminkanja/S2430/initialize?prefCd=43&kikanCd=243610189&kikanKbn=2", "url2": null, "内容": "山田クリニック【2:診療所】【診療科目:内科_呼吸器内科_循環器内科_消化器内科_神経内科_外科_小児科_心療内科_リハビリテーション科】熊本県水俣市旭町２ー２ー５" }, "geometry": { "type": "Point", "coordinates": [ 130.401929, 32.208994 ] } },
{ "type": "Feature", "properties": { "ID": 432243610264, "正式名称": "深水医院", "機関区分": 2, "都道府県コード": 43, "市区町村コード": 205, "所在地": "熊本県水俣市大園町１ー４ー５", "緯度": 32.209047, "経度": 130.40249, "url": "https://www.iryou.teikyouseido.mhlw.go.jp/znk-web/juminkanja/S2430/initialize?prefCd=43&kikanCd=243610264&kikanKbn=2", "url2": null, "内容": "深水医院【2:診療所】【診療科目:内科_循環器内科_消化器内科_外科_小児科_麻酔科】熊本県水俣市大園町１ー４ー５" }, "geometry": { "type": "Point", "coordinates": [ 130.40249, 32.209047 ] } },
{ "type": "Feature", "properties": { "ID": 432243610365, "正式名称": "百崎内科医院", "機関区分": 2, "都道府県コード": 43, "市区町村コード": 482, "所在地": "熊本県葦北郡芦北町田浦８０６", "緯度": 32.36448, "経度": 130.511268, "url": "https://www.iryou.teikyouseido.mhlw.go.jp/znk-web/juminkanja/S2430/initialize?prefCd=43&kikanCd=243610365&kikanKbn=2", "url2": null, "内容": "百崎内科医院【2:診療所】【診療科目:内科_小児科】熊本県葦北郡芦北町田浦８０６" }, "geometry": { "type": "Point", "coordinates": [ 130.511268, 32.36448 ] } },
{ "type": "Feature", "properties": { "ID": 432243610411, "正式名称": "医療法人三松會　松本医院", "機関区分": 2, "都道府県コード": 43, "市区町村コード": 482, "所在地": "熊本県葦北郡芦北町花岡１６６６ー４", "緯度": 32.30421, "経度": 130.496244, "url": "https://www.iryou.teikyouseido.mhlw.go.jp/znk-web/juminkanja/S2430/initialize?prefCd=43&kikanCd=243610411&kikanKbn=2", "url2": "https://www.sanshokai.jp", "内容": "医療法人三松會　松本医院【2:診療所】【診療科目:内科_消化器内科】熊本県葦北郡芦北町花岡１６６６ー４" }, "geometry": { "type": "Point", "coordinates": [ 130.496244, 32.30421 ] } },
{ "type": "Feature", "properties": { "ID": 432243610466, "正式名称": "竹本医院", "機関区分": 2, "都道府県コード": 43, "市区町村コード": 482, "所在地": "熊本県葦北郡芦北町湯浦２１８ー３", "緯度": 32.273652, "経度": 130.500284, "url": "https://www.iryou.teikyouseido.mhlw.go.jp/znk-web/juminkanja/S2430/initialize?prefCd=43&kikanCd=243610466&kikanKbn=2", "url2": null, "内容": "竹本医院【2:診療所】【診療科目:内科_神経内科】熊本県葦北郡芦北町湯浦２１８ー３" }, "geometry": { "type": "Point", "coordinates": [ 130.500284, 32.273652 ] } },
{ "type": "Feature", "properties": { "ID": 432243610538, "正式名称": "六車医院", "機関区分": 2, "都道府県コード": 43, "市区町村コード": 484, "所在地": "熊本県葦北郡津奈木町岩城６", "緯度": 32.232408, "経度": 130.454859, "url": "https://www.iryou.teikyouseido.mhlw.go.jp/znk-web/juminkanja/S2430/initialize?prefCd=43&kikanCd=243610538&kikanKbn=2", "url2": null, "内容": "六車医院【2:診療所】【診療科目:内科】熊本県葦北郡津奈木町岩城６" }, "geometry": { "type": "Point", "coordinates": [ 130.454859, 32.232408 ] } },
{ "type": "Feature", "properties": { "ID": 432243610541, "正式名称": "芦北クリニック", "機関区分": 2, "都道府県コード": 43, "市区町村コード": 482, "所在地": "熊本県葦北郡芦北町湯浦字生田４１７－１", "緯度": 32.269531, "経度": 130.503395, "url": "https://www.iryou.teikyouseido.mhlw.go.jp/znk-web/juminkanja/S2430/initialize?prefCd=43&kikanCd=243610541&kikanKbn=2", "url2": null, "内容": "芦北クリニック【2:診療所】【診療科目:内科_呼吸器内科_循環器内科_消化器内科】熊本県葦北郡芦北町湯浦字生田４１７－１" }, "geometry": { "type": "Point", "coordinates": [ 130.503395, 32.269531 ] } },
{ "type": "Feature", "properties": { "ID": 432243610570, "正式名称": "芦北整形外科医院", "機関区分": 2, "都道府県コード": 43, "市区町村コード": 482, "所在地": "熊本県葦北郡芦北町芦北２６１０－８", "緯度": 32.296264, "経度": 130.493529, "url": "https://www.iryou.teikyouseido.mhlw.go.jp/znk-web/juminkanja/S2430/initialize?prefCd=43&kikanCd=243610570&kikanKbn=2", "url2": null, "内容": "芦北整形外科医院【2:診療所】【診療科目:内科_消化器内科_外科_整形外科_リハビリテーション科_麻酔科】熊本県葦北郡芦北町芦北２６１０－８" }, "geometry": { "type": "Point", "coordinates": [ 130.493529, 32.296264 ] } },
{ "type": "Feature", "properties": { "ID": 432243610596, "正式名称": "篠原医院", "機関区分": 2, "都道府県コード": 43, "市区町村コード": 482, "所在地": "熊本県葦北郡芦北町佐敷３７０ー１", "緯度": 32.306102, "経度": 130.503296, "url": "https://www.iryou.teikyouseido.mhlw.go.jp/znk-web/juminkanja/S2430/initialize?prefCd=43&kikanCd=243610596&kikanKbn=2", "url2": null, "内容": "篠原医院【2:診療所】【診療科目:内科_小児科_皮膚科_リハビリテーション科】熊本県葦北郡芦北町佐敷３７０ー１" }, "geometry": { "type": "Point", "coordinates": [ 130.503296, 32.306102 ] } },
{ "type": "Feature", "properties": { "ID": 432243610600, "正式名称": "神経内科リハビリテーション協立クリニック", "機関区分": 2, "都道府県コード": 43, "市区町村コード": 205, "所在地": "熊本県水俣市桜井町２ー２ー２８", "緯度": 32.205527, "経度": 130.396083, "url": "https://www.iryou.teikyouseido.mhlw.go.jp/znk-web/juminkanja/S2430/initialize?prefCd=43&kikanCd=243610600&kikanKbn=2", "url2": "http://www.kyouritsu-cl.com/", "内容": "神経内科リハビリテーション協立クリニック【2:診療所】【診療科目:内科_神経内科_精神科_心療内科_リハビリテーション科】熊本県水俣市桜井町２ー２ー２８" }, "geometry": { "type": "Point", "coordinates": [ 130.396083, 32.205527 ] } },
{ "type": "Feature", "properties": { "ID": 432243610668, "正式名称": "てらさきクリニック", "機関区分": 2, "都道府県コード": 43, "市区町村コード": 205, "所在地": "熊本県水俣市浜町１ー２ー３０", "緯度": 32.210469, "経度": 130.402907, "url": "https://www.iryou.teikyouseido.mhlw.go.jp/znk-web/juminkanja/S2430/initialize?prefCd=43&kikanCd=243610668&kikanKbn=2", "url2": "http://www.terasaki.or.jp", "内容": "てらさきクリニック【2:診療所】【診療科目:泌尿器科】熊本県水俣市浜町１ー２ー３０" }, "geometry": { "type": "Point", "coordinates": [ 130.402907, 32.210469 ] } },
{ "type": "Feature", "properties": { "ID": 432243610671, "正式名称": "市川内科クリニック", "機関区分": 2, "都道府県コード": 43, "市区町村コード": 205, "所在地": "熊本県水俣市南福寺３ー１", "緯度": 32.205825, "経度": 130.410236, "url": "https://www.iryou.teikyouseido.mhlw.go.jp/znk-web/juminkanja/S2430/initialize?prefCd=43&kikanCd=243610671&kikanKbn=2", "url2": null, "内容": "市川内科クリニック【2:診療所】【診療科目:内科_呼吸器内科_消化器内科_神経内科_小児科】熊本県水俣市南福寺３ー１" }, "geometry": { "type": "Point", "coordinates": [ 130.410236, 32.205825 ] } },
{ "type": "Feature", "properties": { "ID": 432243610684, "正式名称": "尾田胃腸科", "機関区分": 2, "都道府県コード": 43, "市区町村コード": 205, "所在地": "熊本県水俣市平町１ー１ー１", "緯度": 32.207302, "経度": 130.402235, "url": "https://www.iryou.teikyouseido.mhlw.go.jp/znk-web/juminkanja/S2430/initialize?prefCd=43&kikanCd=243610684&kikanKbn=2", "url2": null, "内容": "尾田胃腸科【2:診療所】【診療科目:内科_消化器内科_胃腸内科_内視鏡内科_ペインクリニック内科_外科_消化器外科】熊本県水俣市平町１ー１ー１" }, "geometry": { "type": "Point", "coordinates": [ 130.402235, 32.207302 ] } },
{ "type": "Feature", "properties": { "ID": 432243610714, "正式名称": "井上医院", "機関区分": 2, "都道府県コード": 43, "市区町村コード": 482, "所在地": "熊本県葦北郡芦北町佐敷１６７番地", "緯度": 32.302002, "経度": 130.505696, "url": "https://www.iryou.teikyouseido.mhlw.go.jp/znk-web/juminkanja/S2430/initialize?prefCd=43&kikanCd=243610714&kikanKbn=2", "url2": "http://koshokai-inoue-hp.com/", "内容": "井上医院【2:診療所】【診療科目:内科_胃腸内科_外科_脳神経外科_小児科】熊本県葦北郡芦北町佐敷１６７番地" }, "geometry": { "type": "Point", "coordinates": [ 130.505696, 32.302002 ] } },
{ "type": "Feature", "properties": { "ID": 432243610727, "正式名称": "緒方眼科医院", "機関区分": 2, "都道府県コード": 43, "市区町村コード": 205, "所在地": "熊本県水俣市栄町２ー１ー１６", "緯度": 32.211421, "経度": 130.396244, "url": "https://www.iryou.teikyouseido.mhlw.go.jp/znk-web/juminkanja/S2430/initialize?prefCd=43&kikanCd=243610727&kikanKbn=2", "url2": null, "内容": "緒方眼科医院【2:診療所】【診療科目:眼科】熊本県水俣市栄町２ー１ー１６" }, "geometry": { "type": "Point", "coordinates": [ 130.396244, 32.211421 ] } },
{ "type": "Feature", "properties": { "ID": 432243610730, "正式名称": "渕上クリニック", "機関区分": 2, "都道府県コード": 43, "市区町村コード": 205, "所在地": "熊本県水俣市塩浜町２ー４７", "緯度": 32.212632, "経度": 130.395657, "url": "https://www.iryou.teikyouseido.mhlw.go.jp/znk-web/juminkanja/S2430/initialize?prefCd=43&kikanCd=243610730&kikanKbn=2", "url2": null, "内容": "渕上クリニック【2:診療所】【診療科目:内科_整形外科_リハビリテーション科】熊本県水俣市塩浜町２ー４７" }, "geometry": { "type": "Point", "coordinates": [ 130.395657, 32.212632 ] } },
{ "type": "Feature", "properties": { "ID": 432243610743, "正式名称": "たなか耳鼻科・眼科クリニック", "機関区分": 2, "都道府県コード": 43, "市区町村コード": 205, "所在地": "熊本県水俣市桜井町２－１－８", "緯度": 32.204503, "経度": 130.394358, "url": "https://www.iryou.teikyouseido.mhlw.go.jp/znk-web/juminkanja/S2430/initialize?prefCd=43&kikanCd=243610743&kikanKbn=2", "url2": "http://www.tanakaclinic.net/", "内容": "たなか耳鼻科・眼科クリニック【2:診療所】【診療科目:眼科_頭頸部・耳鼻いんこう科】熊本県水俣市桜井町２－１－８" }, "geometry": { "type": "Point", "coordinates": [ 130.394358, 32.204503 ] } },
{ "type": "Feature", "properties": { "ID": 432243610756, "正式名称": "大石皮ふ科クリニック", "機関区分": 2, "都道府県コード": 43, "市区町村コード": 205, "所在地": "熊本県水俣市天神町２ー１ー８", "緯度": 32.210922, "経度": 130.405256, "url": "https://www.iryou.teikyouseido.mhlw.go.jp/znk-web/juminkanja/S2430/initialize?prefCd=43&kikanCd=243610756&kikanKbn=2", "url2": null, "内容": "大石皮ふ科クリニック【2:診療所】【診療科目:形成外科_皮膚科_アレルギー科】熊本県水俣市天神町２ー１ー８" }, "geometry": { "type": "Point", "coordinates": [ 130.405256, 32.210922 ] } },
{ "type": "Feature", "properties": { "ID": 432243610785, "正式名称": "七浦てらさきクリニック", "機関区分": 2, "都道府県コード": 43, "市区町村コード": 482, "所在地": "熊本県葦北郡芦北町芦北２０９０", "緯度": 32.296994, "経度": 130.49312, "url": "https://www.iryou.teikyouseido.mhlw.go.jp/znk-web/juminkanja/S2430/initialize?prefCd=43&kikanCd=243610785&kikanKbn=2", "url2": "http://www.terasaki.or.jp", "内容": "七浦てらさきクリニック【2:診療所】【診療科目:泌尿器科】熊本県葦北郡芦北町芦北２０９０" }, "geometry": { "type": "Point", "coordinates": [ 130.49312, 32.296994 ] } },
{ "type": "Feature", "properties": { "ID": 432243610798, "正式名称": "くまもと中医クリニック", "機関区分": 2, "都道府県コード": 43, "市区町村コード": 482, "所在地": "熊本県葦北郡芦北町芦北西割南２３３１ー２", "緯度": 32.291245, "経度": 130.493934, "url": "https://www.iryou.teikyouseido.mhlw.go.jp/znk-web/juminkanja/S2430/initialize?prefCd=43&kikanCd=243610798&kikanKbn=2", "url2": "https://kampo-clinic.jp", "内容": "くまもと中医クリニック【2:診療所】【診療科目:内科】熊本県葦北郡芦北町芦北西割南２３３１ー２" }, "geometry": { "type": "Point", "coordinates": [ 130.493934, 32.291245 ] } },
{ "type": "Feature", "properties": { "ID": 432243610815, "正式名称": "天神耳鼻咽喉科", "機関区分": 2, "都道府県コード": 43, "市区町村コード": 205, "所在地": "熊本県水俣市天神町１ー４ー１０", "緯度": 32.210811, "経度": 130.40622, "url": "https://www.iryou.teikyouseido.mhlw.go.jp/znk-web/juminkanja/S2430/initialize?prefCd=43&kikanCd=243610815&kikanKbn=2", "url2": null, "内容": "天神耳鼻咽喉科【2:診療所】【診療科目:耳鼻いんこう科】熊本県水俣市天神町１ー４ー１０" }, "geometry": { "type": "Point", "coordinates": [ 130.40622, 32.210811 ] } },
{ "type": "Feature", "properties": { "ID": 432243610828, "正式名称": "佐藤クリニック", "機関区分": 2, "都道府県コード": 43, "市区町村コード": 205, "所在地": "熊本県水俣市桜井町１ー２ー８", "緯度": 32.20595, "経度": 130.397232, "url": "https://www.iryou.teikyouseido.mhlw.go.jp/znk-web/juminkanja/S2430/initialize?prefCd=43&kikanCd=243610828&kikanKbn=2", "url2": "http://www.sato-c.net/", "内容": "佐藤クリニック【2:診療所】【診療科目:内科_脳神経内科_心臓内科_神経内科_心療内科】熊本県水俣市桜井町１ー２ー８" }, "geometry": { "type": "Point", "coordinates": [ 130.397232, 32.20595 ] } },
{ "type": "Feature", "properties": { "ID": 432243610831, "正式名称": "医療法人ブレス　本田レディースクリニック", "機関区分": 2, "都道府県コード": 43, "市区町村コード": 205, "所在地": "熊本県水俣市浜町３ー６ー２１", "緯度": 32.212638, "経度": 130.401276, "url": "https://www.iryou.teikyouseido.mhlw.go.jp/znk-web/juminkanja/S2430/initialize?prefCd=43&kikanCd=243610831&kikanKbn=2", "url2": "http://www.mediqube.com/honda-lc/usr/pc/index.php", "内容": "医療法人ブレス　本田レディースクリニック【2:診療所】【診療科目:産婦人科】熊本県水俣市浜町３ー６ー２１" }, "geometry": { "type": "Point", "coordinates": [ 130.401276, 32.212638 ] } },
{ "type": "Feature", "properties": { "ID": 432243610886, "正式名称": "芦北とりかい眼科", "機関区分": 2, "都道府県コード": 43, "市区町村コード": 482, "所在地": "熊本県葦北郡芦北町芦北２４１３ー１", "緯度": 32.29689, "経度": 130.495377, "url": "https://www.iryou.teikyouseido.mhlw.go.jp/znk-web/juminkanja/S2430/initialize?prefCd=43&kikanCd=243610886&kikanKbn=2", "url2": "http://www.torikai-ganka.com/", "内容": "芦北とりかい眼科【2:診療所】【診療科目:眼科】熊本県葦北郡芦北町芦北２４１３ー１" }, "geometry": { "type": "Point", "coordinates": [ 130.495377, 32.29689 ] } },
{ "type": "Feature", "properties": { "ID": 432243610899, "正式名称": "宮島医院", "機関区分": 2, "都道府県コード": 43, "市区町村コード": 482, "所在地": "熊本県葦北郡芦北町佐敷３４８ー１", "緯度": 32.305096, "経度": 130.5031, "url": "https://www.iryou.teikyouseido.mhlw.go.jp/znk-web/juminkanja/S2430/initialize?prefCd=43&kikanCd=243610899&kikanKbn=2", "url2": "http://www.miyajima-iin.or.jp/", "内容": "宮島医院【2:診療所】【診療科目:内科_消化器内科_リハビリテーション科】熊本県葦北郡芦北町佐敷３４８ー１" }, "geometry": { "type": "Point", "coordinates": [ 130.5031, 32.305096 ] } },
{ "type": "Feature", "properties": { "ID": 432243610961, "正式名称": "まなべクリニック", "機関区分": 2, "都道府県コード": 43, "市区町村コード": 205, "所在地": "熊本県水俣市古賀町２ー５ー３６", "緯度": 32.21228, "経度": 130.397971, "url": "https://www.iryou.teikyouseido.mhlw.go.jp/znk-web/juminkanja/S2430/initialize?prefCd=43&kikanCd=243610961&kikanKbn=2", "url2": "http://manabeciinic.jp", "内容": "まなべクリニック【2:診療所】【診療科目:内科_泌尿器科】熊本県水俣市古賀町２ー５ー３６" }, "geometry": { "type": "Point", "coordinates": [ 130.397971, 32.21228 ] } },
{ "type": "Feature", "properties": { "ID": 432243620010, "正式名称": "医療法人つばめ河野産婦人科医院", "機関区分": 2, "都道府県コード": 43, "市区町村コード": 203, "所在地": "熊本県人吉市上薩摩瀬町１４０８ー１", "緯度": 32.212265, "経度": 130.743178, "url": "https://www.iryou.teikyouseido.mhlw.go.jp/znk-web/juminkanja/S2430/initialize?prefCd=43&kikanCd=243620010&kikanKbn=2", "url2": null, "内容": "医療法人つばめ河野産婦人科医院【2:診療所】【診療科目:産婦人科】熊本県人吉市上薩摩瀬町１４０８ー１" }, "geometry": { "type": "Point", "coordinates": [ 130.743178, 32.212265 ] } },
{ "type": "Feature", "properties": { "ID": 432243620023, "正式名称": "伊津野医院", "機関区分": 2, "都道府県コード": 43, "市区町村コード": 203, "所在地": "熊本県人吉市鶴田町９ー２", "緯度": 32.219517, "経度": 130.760879, "url": "https://www.iryou.teikyouseido.mhlw.go.jp/znk-web/juminkanja/S2430/initialize?prefCd=43&kikanCd=243620023&kikanKbn=2", "url2": null, "内容": "伊津野医院【2:診療所】【診療科目:内科_消化器内科】熊本県人吉市鶴田町９ー２" }, "geometry": { "type": "Point", "coordinates": [ 130.760879, 32.219517 ] } },
{ "type": "Feature", "properties": { "ID": 432243620179, "正式名称": "増田クリニック小児科", "機関区分": 2, "都道府県コード": 43, "市区町村コード": 203, "所在地": "熊本県人吉市五日町４４", "緯度": 32.214521, "経度": 130.762711, "url": "https://www.iryou.teikyouseido.mhlw.go.jp/znk-web/juminkanja/S2430/initialize?prefCd=43&kikanCd=243620179&kikanKbn=2", "url2": "http://www.masuda-syounika.jp/", "内容": "増田クリニック小児科【2:診療所】【診療科目:小児科】熊本県人吉市五日町４４" }, "geometry": { "type": "Point", "coordinates": [ 130.762711, 32.214521 ] } },
{ "type": "Feature", "properties": { "ID": 432243620209, "正式名称": "三浦整形外科医院", "機関区分": 2, "都道府県コード": 43, "市区町村コード": 203, "所在地": "熊本県人吉市七日町９０", "緯度": 32.215252, "経度": 130.766423, "url": "https://www.iryou.teikyouseido.mhlw.go.jp/znk-web/juminkanja/S2430/initialize?prefCd=43&kikanCd=243620209&kikanKbn=2", "url2": null, "内容": "三浦整形外科医院【2:診療所】【診療科目:整形外科】熊本県人吉市七日町９０" }, "geometry": { "type": "Point", "coordinates": [ 130.766423, 32.215252 ] } },
{ "type": "Feature", "properties": { "ID": 432243620267, "正式名称": "掛井眼科医院", "機関区分": 2, "都道府県コード": 43, "市区町村コード": 203, "所在地": "熊本県人吉市駒井田町１８９", "緯度": 32.215784, "経度": 130.756169, "url": "https://www.iryou.teikyouseido.mhlw.go.jp/znk-web/juminkanja/S2430/initialize?prefCd=43&kikanCd=243620267&kikanKbn=2", "url2": "http://www.kakeieye.com/", "内容": "掛井眼科医院【2:診療所】【診療科目:眼科】熊本県人吉市駒井田町１８９" }, "geometry": { "type": "Point", "coordinates": [ 130.756169, 32.215784 ] } },
{ "type": "Feature", "properties": { "ID": 432243620300, "正式名称": "豊永耳鼻咽喉科医院", "機関区分": 2, "都道府県コード": 43, "市区町村コード": 203, "所在地": "熊本県人吉市南泉田町１２０", "緯度": 32.216473, "経度": 130.764382, "url": "https://www.iryou.teikyouseido.mhlw.go.jp/znk-web/juminkanja/S2430/initialize?prefCd=43&kikanCd=243620300&kikanKbn=2", "url2": "http://toyonaga-clinic.skr.jp", "内容": "豊永耳鼻咽喉科医院【2:診療所】【診療科目:気管食道外科_小児耳鼻いんこう科_耳鼻いんこう科】熊本県人吉市南泉田町１２０" }, "geometry": { "type": "Point", "coordinates": [ 130.764382, 32.216473 ] } },
{ "type": "Feature", "properties": { "ID": 432243620339, "正式名称": "あいこう皮ふ科クリニック", "機関区分": 2, "都道府県コード": 43, "市区町村コード": 203, "所在地": "熊本県人吉市駒井田町１９５１", "緯度": 32.218187, "経度": 130.759688, "url": "https://www.iryou.teikyouseido.mhlw.go.jp/znk-web/juminkanja/S2430/initialize?prefCd=43&kikanCd=243620339&kikanKbn=2", "url2": "http://www.aikouiin.com", "内容": "あいこう皮ふ科クリニック【2:診療所】【診療科目:皮膚科_アレルギー科】熊本県人吉市駒井田町１９５１" }, "geometry": { "type": "Point", "coordinates": [ 130.759688, 32.218187 ] } },
{ "type": "Feature", "properties": { "ID": 432243620342, "正式名称": "光永医院", "機関区分": 2, "都道府県コード": 43, "市区町村コード": 203, "所在地": "熊本県人吉市瓦屋町１８６０ー７", "緯度": 32.225125, "経度": 130.76104, "url": "https://www.iryou.teikyouseido.mhlw.go.jp/znk-web/juminkanja/S2430/initialize?prefCd=43&kikanCd=243620342&kikanKbn=2", "url2": null, "内容": "光永医院【2:診療所】【診療科目:内科_呼吸器内科_消化器内科】熊本県人吉市瓦屋町１８６０ー７" }, "geometry": { "type": "Point", "coordinates": [ 130.76104, 32.225125 ] } },
{ "type": "Feature", "properties": { "ID": 432243620355, "正式名称": "平井整形外科リハビリテーションクリニック", "機関区分": 2, "都道府県コード": 43, "市区町村コード": 203, "所在地": "熊本県人吉市下城本町１４２２ー１", "緯度": 32.213328, "経度": 130.742542, "url": "https://www.iryou.teikyouseido.mhlw.go.jp/znk-web/juminkanja/S2430/initialize?prefCd=43&kikanCd=243620355&kikanKbn=2", "url2": "http://hiraior.com/", "内容": "平井整形外科リハビリテーションクリニック【2:診療所】【診療科目:内科_ペインクリニック外科_整形外科_リウマチ科_リハビリテーション科】熊本県人吉市下城本町１４２２ー１" }, "geometry": { "type": "Point", "coordinates": [ 130.742542, 32.213328 ] } },
{ "type": "Feature", "properties": { "ID": 432243620371, "正式名称": "田中医院", "機関区分": 2, "都道府県コード": 43, "市区町村コード": 203, "所在地": "熊本県人吉市瓦屋町１４４０ー１", "緯度": 32.227613, "経度": 130.747261, "url": "https://www.iryou.teikyouseido.mhlw.go.jp/znk-web/juminkanja/S2430/initialize?prefCd=43&kikanCd=243620371&kikanKbn=2", "url2": null, "内容": "田中医院【2:診療所】【診療科目:内科】熊本県人吉市瓦屋町１４４０ー１" }, "geometry": { "type": "Point", "coordinates": [ 130.747261, 32.227613 ] } },
{ "type": "Feature", "properties": { "ID": 432243620414, "正式名称": "田中医院", "機関区分": 2, "都道府県コード": 43, "市区町村コード": 501, "所在地": "熊本県球磨郡錦町木上西１４３ー１", "緯度": 32.225533, "経度": 130.84052, "url": "https://www.iryou.teikyouseido.mhlw.go.jp/znk-web/juminkanja/S2430/initialize?prefCd=43&kikanCd=243620414&kikanKbn=2", "url2": null, "内容": "田中医院【2:診療所】【診療科目:内科】熊本県球磨郡錦町木上西１４３ー１" }, "geometry": { "type": "Point", "coordinates": [ 130.84052, 32.225533 ] } },
{ "type": "Feature", "properties": { "ID": 432243620443, "正式名称": "犬童内科胃腸科医院", "機関区分": 2, "都道府県コード": 43, "市区町村コード": 514, "所在地": "熊本県球磨郡あさぎり町上北１６９ー２", "緯度": 32.233141, "経度": 130.891675, "url": "https://www.iryou.teikyouseido.mhlw.go.jp/znk-web/juminkanja/S2430/initialize?prefCd=43&kikanCd=243620443&kikanKbn=2", "url2": null, "内容": "犬童内科胃腸科医院【2:診療所】【診療科目:内科_消化器内科】熊本県球磨郡あさぎり町上北１６９ー２" }, "geometry": { "type": "Point", "coordinates": [ 130.891675, 32.233141 ] } },
{ "type": "Feature", "properties": { "ID": 432243620515, "正式名称": "横山医院", "機関区分": 2, "都道府県コード": 43, "市区町村コード": 505, "所在地": "熊本県球磨郡多良木町黒肥地１５９６", "緯度": 32.274499, "経度": 130.939428, "url": "https://www.iryou.teikyouseido.mhlw.go.jp/znk-web/juminkanja/S2430/initialize?prefCd=43&kikanCd=243620515&kikanKbn=2", "url2": null, "内容": "横山医院【2:診療所】【診療科目:内科_小児科】熊本県球磨郡多良木町黒肥地１５９６" }, "geometry": { "type": "Point", "coordinates": [ 130.939428, 32.274499 ] } },
{ "type": "Feature", "properties": { "ID": 432243620560, "正式名称": "渡辺医院", "機関区分": 2, "都道府県コード": 43, "市区町村コード": 505, "所在地": "熊本県球磨郡多良木町多良木２６５ー１", "緯度": 32.265856, "経度": 130.942666, "url": "https://www.iryou.teikyouseido.mhlw.go.jp/znk-web/juminkanja/S2430/initialize?prefCd=43&kikanCd=243620560&kikanKbn=2", "url2": "https://watanabeclinic-taragi.com", "内容": "渡辺医院【2:診療所】【診療科目:内科_胃腸内科_外科】熊本県球磨郡多良木町多良木２６５ー１" }, "geometry": { "type": "Point", "coordinates": [ 130.942666, 32.265856 ] } },
{ "type": "Feature", "properties": { "ID": 432243620573, "正式名称": "宮原医院", "機関区分": 2, "都道府県コード": 43, "市区町村コード": 505, "所在地": "熊本県球磨郡多良木町多良木２６０", "緯度": 32.26632, "経度": 130.943305, "url": "https://www.iryou.teikyouseido.mhlw.go.jp/znk-web/juminkanja/S2430/initialize?prefCd=43&kikanCd=243620573&kikanKbn=2", "url2": null, "内容": "宮原医院【2:診療所】【診療科目:内科_整形外科_リウマチ科_リハビリテーション科】熊本県球磨郡多良木町多良木２６０" }, "geometry": { "type": "Point", "coordinates": [ 130.943305, 32.26632 ] } },
{ "type": "Feature", "properties": { "ID": 432243620661, "正式名称": "権頭医院", "機関区分": 2, "都道府県コード": 43, "市区町村コード": 510, "所在地": "熊本県球磨郡相良村四浦東２８１５", "緯度": 32.306761, "経度": 130.847889, "url": "https://www.iryou.teikyouseido.mhlw.go.jp/znk-web/juminkanja/S2430/initialize?prefCd=43&kikanCd=243620661&kikanKbn=2", "url2": null, "内容": "権頭医院【2:診療所】【診療科目:内科_外科_小児科】熊本県球磨郡相良村四浦東２８１５" }, "geometry": { "type": "Point", "coordinates": [ 130.847889, 32.306761 ] } },
{ "type": "Feature", "properties": { "ID": 432243620674, "正式名称": "緒方医院", "機関区分": 2, "都道府県コード": 43, "市区町村コード": 510, "所在地": "熊本県球磨郡相良村川辺１７６４", "緯度": 32.256535, "経度": 130.81644, "url": "https://www.iryou.teikyouseido.mhlw.go.jp/znk-web/juminkanja/S2430/initialize?prefCd=43&kikanCd=243620674&kikanKbn=2", "url2": null, "内容": "緒方医院【2:診療所】【診療科目:内科_消化器内科】熊本県球磨郡相良村川辺１７６４" }, "geometry": { "type": "Point", "coordinates": [ 130.81644, 32.256535 ] } },
{ "type": "Feature", "properties": { "ID": 432243620746, "正式名称": "浜田医院", "機関区分": 2, "都道府県コード": 43, "市区町村コード": 203, "所在地": "熊本県人吉市瓦屋町１１２１ー６", "緯度": 32.220903, "経度": 130.75743, "url": "https://www.iryou.teikyouseido.mhlw.go.jp/znk-web/juminkanja/S2430/initialize?prefCd=43&kikanCd=243620746&kikanKbn=2", "url2": "http://hamada-iin.com/hamada/medical.html", "内容": "浜田医院【2:診療所】【診療科目:内科_小児科_心療内科】熊本県人吉市瓦屋町１１２１ー６" }, "geometry": { "type": "Point", "coordinates": [ 130.75743, 32.220903 ] } },
{ "type": "Feature", "properties": { "ID": 432243620821, "正式名称": "小川整形外科医院", "機関区分": 2, "都道府県コード": 43, "市区町村コード": 501, "所在地": "熊本県球磨郡錦町西９４９ー１", "緯度": 32.196135, "経度": 130.816528, "url": "https://www.iryou.teikyouseido.mhlw.go.jp/znk-web/juminkanja/S2430/initialize?prefCd=43&kikanCd=243620821&kikanKbn=2", "url2": null, "内容": "小川整形外科医院【2:診療所】【診療科目:整形外科】熊本県球磨郡錦町西９４９ー１" }, "geometry": { "type": "Point", "coordinates": [ 130.816528, 32.196135 ] } },
{ "type": "Feature", "properties": { "ID": 432243620863, "正式名称": "医療法人みなみ眼科", "機関区分": 2, "都道府県コード": 43, "市区町村コード": 203, "所在地": "熊本県人吉市下城本町１３９４ー１", "緯度": 32.21262, "経度": 130.745256, "url": "https://www.iryou.teikyouseido.mhlw.go.jp/znk-web/juminkanja/S2430/initialize?prefCd=43&kikanCd=243620863&kikanKbn=2", "url2": "http://minami-eyeclinic.jp/", "内容": "医療法人みなみ眼科【2:診療所】【診療科目:眼科】熊本県人吉市下城本町１３９４ー１" }, "geometry": { "type": "Point", "coordinates": [ 130.745256, 32.21262 ] } },
{ "type": "Feature", "properties": { "ID": 432243620906, "正式名称": "有島耳鼻咽喉科医院", "機関区分": 2, "都道府県コード": 43, "市区町村コード": 203, "所在地": "熊本県人吉市西間上町２３８７ー１", "緯度": 32.19622, "経度": 130.764238, "url": "https://www.iryou.teikyouseido.mhlw.go.jp/znk-web/juminkanja/S2430/initialize?prefCd=43&kikanCd=243620906&kikanKbn=2", "url2": null, "内容": "有島耳鼻咽喉科医院【2:診療所】【診療科目:耳鼻いんこう科_気管食道・耳鼻いんこう科_アレルギー科】熊本県人吉市西間上町２３８７ー１" }, "geometry": { "type": "Point", "coordinates": [ 130.764238, 32.19622 ] } },
{ "type": "Feature", "properties": { "ID": 432243620935, "正式名称": "ふかみ耳鼻咽喉科", "機関区分": 2, "都道府県コード": 43, "市区町村コード": 203, "所在地": "熊本県人吉市宝来町１６ー１０", "緯度": 32.209929, "経度": 130.746106, "url": "https://www.iryou.teikyouseido.mhlw.go.jp/znk-web/juminkanja/S2430/initialize?prefCd=43&kikanCd=243620935&kikanKbn=2", "url2": "http://www.ne.jp/asahi/fukami/3387clinic", "内容": "ふかみ耳鼻咽喉科【2:診療所】【診療科目:気管食道・耳鼻いんこう科_アレルギー科】熊本県人吉市宝来町１６ー１０" }, "geometry": { "type": "Point", "coordinates": [ 130.746106, 32.209929 ] } },
{ "type": "Feature", "properties": { "ID": 432243620951, "正式名称": "吉村皮ふ科医院", "機関区分": 2, "都道府県コード": 43, "市区町村コード": 203, "所在地": "熊本県人吉市鬼木町７４５ー１", "緯度": 32.225077, "経度": 130.764462, "url": "https://www.iryou.teikyouseido.mhlw.go.jp/znk-web/juminkanja/S2430/initialize?prefCd=43&kikanCd=243620951&kikanKbn=2", "url2": null, "内容": "吉村皮ふ科医院【2:診療所】【診療科目:形成外科_皮膚科_アレルギー科】熊本県人吉市鬼木町７４５ー１" }, "geometry": { "type": "Point", "coordinates": [ 130.764462, 32.225077 ] } },
{ "type": "Feature", "properties": { "ID": 432243620980, "正式名称": "人吉皮膚科医院", "機関区分": 2, "都道府県コード": 43, "市区町村コード": 203, "所在地": "熊本県人吉市西間上町２３８６ー８", "緯度": 32.196834, "経度": 130.764321, "url": "https://www.iryou.teikyouseido.mhlw.go.jp/znk-web/juminkanja/S2430/initialize?prefCd=43&kikanCd=243620980&kikanKbn=2", "url2": null, "内容": "人吉皮膚科医院【2:診療所】【診療科目:皮膚科_アレルギー科】熊本県人吉市西間上町２３８６ー８" }, "geometry": { "type": "Point", "coordinates": [ 130.764321, 32.196834 ] } },
{ "type": "Feature", "properties": { "ID": 432243620993, "正式名称": "そのだ医院", "機関区分": 2, "都道府県コード": 43, "市区町村コード": 506, "所在地": "熊本県球磨郡湯前町下里９５３ー１", "緯度": 32.282936, "経度": 130.974574, "url": "https://www.iryou.teikyouseido.mhlw.go.jp/znk-web/juminkanja/S2430/initialize?prefCd=43&kikanCd=243620993&kikanKbn=2", "url2": "http://www.clinic-sonoda.com/", "内容": "そのだ医院【2:診療所】【診療科目:内科_外科_整形外科】熊本県球磨郡湯前町下里９５３ー１" }, "geometry": { "type": "Point", "coordinates": [ 130.974574, 32.282936 ] } },
{ "type": "Feature", "properties": { "ID": 432243621004, "正式名称": "岡医院", "機関区分": 2, "都道府県コード": 43, "市区町村コード": 203, "所在地": "熊本県人吉市南町１９", "緯度": 32.205802, "経度": 130.763091, "url": "https://www.iryou.teikyouseido.mhlw.go.jp/znk-web/juminkanja/S2430/initialize?prefCd=43&kikanCd=243621004&kikanKbn=2", "url2": null, "内容": "岡医院【2:診療所】【診療科目:内科_小児科】熊本県人吉市南町１９" }, "geometry": { "type": "Point", "coordinates": [ 130.763091, 32.205802 ] } },
{ "type": "Feature", "properties": { "ID": 432243621017, "正式名称": "古屋敷診療所", "機関区分": 2, "都道府県コード": 43, "市区町村コード": 507, "所在地": "熊本県球磨郡水上村江代１６５８ー１", "緯度": 32.379093, "経度": 131.022507, "url": "https://www.iryou.teikyouseido.mhlw.go.jp/znk-web/juminkanja/S2430/initialize?prefCd=43&kikanCd=243621017&kikanKbn=2", "url2": null, "内容": "古屋敷診療所【2:診療所】【診療科目:内科_外科】熊本県球磨郡水上村江代１６５８ー１" }, "geometry": { "type": "Point", "coordinates": [ 131.022507, 32.379093 ] } },
{ "type": "Feature", "properties": { "ID": 432243621046, "正式名称": "高田内科医院", "機関区分": 2, "都道府県コード": 43, "市区町村コード": 501, "所在地": "熊本県球磨郡錦町一武１５７６", "緯度": 32.199472, "経度": 130.842818, "url": "https://www.iryou.teikyouseido.mhlw.go.jp/znk-web/juminkanja/S2430/initialize?prefCd=43&kikanCd=243621046&kikanKbn=2", "url2": null, "内容": "高田内科医院【2:診療所】【診療科目:内科_胃腸内科_小児科】熊本県球磨郡錦町一武１５７６" }, "geometry": { "type": "Point", "coordinates": [ 130.842818, 32.199472 ] } },
{ "type": "Feature", "properties": { "ID": 432243621088, "正式名称": "こんどう整形外科医院", "機関区分": 2, "都道府県コード": 43, "市区町村コード": 514, "所在地": "熊本県球磨郡あさぎり町免田東２７９１", "緯度": 32.241027, "経度": 130.906584, "url": "https://www.iryou.teikyouseido.mhlw.go.jp/znk-web/juminkanja/S2430/initialize?prefCd=43&kikanCd=243621088&kikanKbn=2", "url2": null, "内容": "こんどう整形外科医院【2:診療所】【診療科目:内科_整形外科_形成外科_リウマチ科_リハビリテーション科_放射線科】熊本県球磨郡あさぎり町免田東２７９１" }, "geometry": { "type": "Point", "coordinates": [ 130.906584, 32.241027 ] } },
{ "type": "Feature", "properties": { "ID": 432243621105, "正式名称": "やまむら小児科・内科", "機関区分": 2, "都道府県コード": 43, "市区町村コード": 514, "所在地": "熊本県球磨郡あさぎり町免田東１４９７ー６４", "緯度": 32.234772, "経度": 130.89308, "url": "https://www.iryou.teikyouseido.mhlw.go.jp/znk-web/juminkanja/S2430/initialize?prefCd=43&kikanCd=243621105&kikanKbn=2", "url2": null, "内容": "やまむら小児科・内科【2:診療所】【診療科目:内科_小児科】熊本県球磨郡あさぎり町免田東１４９７ー６４" }, "geometry": { "type": "Point", "coordinates": [ 130.89308, 32.234772 ] } },
{ "type": "Feature", "properties": { "ID": 432243621150, "正式名称": "あいだ診療所", "機関区分": 2, "都道府県コード": 43, "市区町村コード": 203, "所在地": "熊本県人吉市下漆田町１５３８ー４", "緯度": 32.190777, "経度": 130.793424, "url": "https://www.iryou.teikyouseido.mhlw.go.jp/znk-web/juminkanja/S2430/initialize?prefCd=43&kikanCd=243621150&kikanKbn=2", "url2": null, "内容": "あいだ診療所【2:診療所】【診療科目:内科_外科_心療内科】熊本県人吉市下漆田町１５３８ー４" }, "geometry": { "type": "Point", "coordinates": [ 130.793424, 32.190777 ] } },
{ "type": "Feature", "properties": { "ID": 432243621163, "正式名称": "たかはし小児科内科医院", "機関区分": 2, "都道府県コード": 43, "市区町村コード": 203, "所在地": "熊本県人吉市相良町８ー１", "緯度": 32.208682, "経度": 130.742484, "url": "https://www.iryou.teikyouseido.mhlw.go.jp/znk-web/juminkanja/S2430/initialize?prefCd=43&kikanCd=243621163&kikanKbn=2", "url2": "http://takahashiclinic.webmedipr.jp", "内容": "たかはし小児科内科医院【2:診療所】【診療科目:内科_小児科】熊本県人吉市相良町８ー１" }, "geometry": { "type": "Point", "coordinates": [ 130.742484, 32.208682 ] } },
{ "type": "Feature", "properties": { "ID": 432243621189, "正式名称": "しらおく内科クリニック", "機関区分": 2, "都道府県コード": 43, "市区町村コード": 203, "所在地": "熊本県人吉市中青井町２９５ー８", "緯度": 32.214948, "経度": 130.755799, "url": "https://www.iryou.teikyouseido.mhlw.go.jp/znk-web/juminkanja/S2430/initialize?prefCd=43&kikanCd=243621189&kikanKbn=2", "url2": null, "内容": "しらおく内科クリニック【2:診療所】【診療科目:内科_胃腸内科】熊本県人吉市中青井町２９５ー８" }, "geometry": { "type": "Point", "coordinates": [ 130.755799, 32.214948 ] } },
{ "type": "Feature", "properties": { "ID": 432243621192, "正式名称": "増田耳鼻咽喉科クリニック", "機関区分": 2, "都道府県コード": 43, "市区町村コード": 514, "所在地": "熊本県球磨郡あさぎり町免田東１４４０ー１１", "緯度": 32.237216, "経度": 130.895527, "url": "https://www.iryou.teikyouseido.mhlw.go.jp/znk-web/juminkanja/S2430/initialize?prefCd=43&kikanCd=243621192&kikanKbn=2", "url2": null, "内容": "増田耳鼻咽喉科クリニック【2:診療所】【診療科目:内科_耳鼻いんこう科】熊本県球磨郡あさぎり町免田東１４４０ー１１" }, "geometry": { "type": "Point", "coordinates": [ 130.895527, 32.237216 ] } },
{ "type": "Feature", "properties": { "ID": 432243621206, "正式名称": "仁田畑クリニック", "機関区分": 2, "都道府県コード": 43, "市区町村コード": 505, "所在地": "熊本県球磨郡多良木町多良木８９５ー６", "緯度": 32.262353, "経度": 130.938067, "url": "https://www.iryou.teikyouseido.mhlw.go.jp/znk-web/juminkanja/S2430/initialize?prefCd=43&kikanCd=243621206&kikanKbn=2", "url2": null, "内容": "仁田畑クリニック【2:診療所】【診療科目:内科_消化器内科_胃腸内科_内視鏡内科_外科_整形外科_小児科_皮膚科_麻酔科】熊本県球磨郡多良木町多良木８９５ー６" }, "geometry": { "type": "Point", "coordinates": [ 130.938067, 32.262353 ] } },
{ "type": "Feature", "properties": { "ID": 432243621222, "正式名称": "堤病院附属九日町診療所", "機関区分": 2, "都道府県コード": 43, "市区町村コード": 203, "所在地": "熊本県人吉市九日町１００", "緯度": 32.214401, "経度": 130.761382, "url": "https://www.iryou.teikyouseido.mhlw.go.jp/znk-web/juminkanja/S2430/initialize?prefCd=43&kikanCd=243621222&kikanKbn=2", "url2": "http://www.tsutsumi-hospital.jp", "内容": "堤病院附属九日町診療所【2:診療所】【診療科目:内科_小児科_リハビリテーション科_放射線科_循環器科】熊本県人吉市九日町１００" }, "geometry": { "type": "Point", "coordinates": [ 130.761382, 32.214401 ] } },
{ "type": "Feature", "properties": { "ID": 432243621248, "正式名称": "みのだ内科循環器科", "機関区分": 2, "都道府県コード": 43, "市区町村コード": 203, "所在地": "熊本県人吉市西間上町２５６９ー２", "緯度": 32.202091, "経度": 130.760735, "url": "https://www.iryou.teikyouseido.mhlw.go.jp/znk-web/juminkanja/S2430/initialize?prefCd=43&kikanCd=243621248&kikanKbn=2", "url2": null, "内容": "みのだ内科循環器科【2:診療所】【診療科目:内科_循環器内科】熊本県人吉市西間上町２５６９ー２" }, "geometry": { "type": "Point", "coordinates": [ 130.760735, 32.202091 ] } },
{ "type": "Feature", "properties": { "ID": 432243621251, "正式名称": "仁誠会クリニック人吉", "機関区分": 2, "都道府県コード": 43, "市区町村コード": 203, "所在地": "熊本県人吉市西間上町２５６３ー７", "緯度": 32.201522, "経度": 130.761302, "url": "https://www.iryou.teikyouseido.mhlw.go.jp/znk-web/juminkanja/S2430/initialize?prefCd=43&kikanCd=243621251&kikanKbn=2", "url2": null, "内容": "仁誠会クリニック人吉【2:診療所】【診療科目:泌尿器科】熊本県人吉市西間上町２５６３ー７" }, "geometry": { "type": "Point", "coordinates": [ 130.761302, 32.201522 ] } },
{ "type": "Feature", "properties": { "ID": 432243621264, "正式名称": "犬童耳鼻咽喉科", "機関区分": 2, "都道府県コード": 43, "市区町村コード": 505, "所在地": "熊本県球磨郡多良木町多良木２８３４", "緯度": 32.257003, "経度": 130.929579, "url": "https://www.iryou.teikyouseido.mhlw.go.jp/znk-web/juminkanja/S2430/initialize?prefCd=43&kikanCd=243621264&kikanKbn=2", "url2": "https://indou-cl.com/", "内容": "犬童耳鼻咽喉科【2:診療所】【診療科目:耳鼻いんこう科_頭頸部・耳鼻いんこう科】熊本県球磨郡多良木町多良木２８３４" }, "geometry": { "type": "Point", "coordinates": [ 130.929579, 32.257003 ] } },
{ "type": "Feature", "properties": { "ID": 432243621280, "正式名称": "酒瀬川内科", "機関区分": 2, "都道府県コード": 43, "市区町村コード": 501, "所在地": "熊本県球磨郡錦町西１４ー８", "緯度": 32.175767, "経度": 130.824594, "url": "https://www.iryou.teikyouseido.mhlw.go.jp/znk-web/juminkanja/S2430/initialize?prefCd=43&kikanCd=243621280&kikanKbn=2", "url2": "https://sakasegawanaika.jp", "内容": "酒瀬川内科【2:診療所】【診療科目:内科_呼吸器内科_循環器内科_小児科】熊本県球磨郡錦町西１４ー８" }, "geometry": { "type": "Point", "coordinates": [ 130.824594, 32.175767 ] } },
{ "type": "Feature", "properties": { "ID": 432243621293, "正式名称": "五木村診療所", "機関区分": 2, "都道府県コード": 43, "市区町村コード": 511, "所在地": "熊本県球磨郡五木村甲２６７２ー１１", "緯度": 32.398478, "経度": 130.827627, "url": "https://www.iryou.teikyouseido.mhlw.go.jp/znk-web/juminkanja/S2430/initialize?prefCd=43&kikanCd=243621293&kikanKbn=2", "url2": null, "内容": "五木村診療所【2:診療所】【診療科目:内科_歯科】熊本県球磨郡五木村甲２６７２ー１１" }, "geometry": { "type": "Point", "coordinates": [ 130.827627, 32.398478 ] } },
{ "type": "Feature", "properties": { "ID": 432243621307, "正式名称": "たけだ眼科クリニック", "機関区分": 2, "都道府県コード": 43, "市区町村コード": 203, "所在地": "熊本県人吉市南泉田町３９", "緯度": 32.217345, "経度": 130.764101, "url": "https://www.iryou.teikyouseido.mhlw.go.jp/znk-web/juminkanja/S2430/initialize?prefCd=43&kikanCd=243621307&kikanKbn=2", "url2": null, "内容": "たけだ眼科クリニック【2:診療所】【診療科目:眼科】熊本県人吉市南泉田町３９" }, "geometry": { "type": "Point", "coordinates": [ 130.764101, 32.217345 ] } },
{ "type": "Feature", "properties": { "ID": 432243621310, "正式名称": "外山内科", "機関区分": 2, "都道府県コード": 43, "市区町村コード": 203, "所在地": "熊本県人吉市二日町２２", "緯度": 32.215229, "経度": 130.763393, "url": "https://www.iryou.teikyouseido.mhlw.go.jp/znk-web/juminkanja/S2430/initialize?prefCd=43&kikanCd=243621310&kikanKbn=2", "url2": "http://www.h-aisei.or.jp/honkan/toyamanaika.html", "内容": "外山内科【2:診療所】【診療科目:内科_呼吸器内科_循環器内科_消化器内科_人工透析内科_小児科_放射線科】熊本県人吉市二日町２２" }, "geometry": { "type": "Point", "coordinates": [ 130.763393, 32.215229 ] } },
{ "type": "Feature", "properties": { "ID": 432243621336, "正式名称": "ほづみ皮膚科医院", "機関区分": 2, "都道府県コード": 43, "市区町村コード": 501, "所在地": "熊本県球磨郡錦町西１０６５ー３", "緯度": 32.196251, "経度": 130.819316, "url": "https://www.iryou.teikyouseido.mhlw.go.jp/znk-web/juminkanja/S2430/initialize?prefCd=43&kikanCd=243621336&kikanKbn=2", "url2": "hozumihifuka.sakura.ne.jp", "内容": "ほづみ皮膚科医院【2:診療所】【診療科目:形成外科_皮膚科_アレルギー科】熊本県球磨郡錦町西１０６５ー３" }, "geometry": { "type": "Point", "coordinates": [ 130.819316, 32.196251 ] } },
{ "type": "Feature", "properties": { "ID": 432243621349, "正式名称": "とやまクリニック胃腸科肛門科", "機関区分": 2, "都道府県コード": 43, "市区町村コード": 203, "所在地": "熊本県人吉市宝来町１２ー９", "緯度": 32.210187, "経度": 130.748672, "url": "https://www.iryou.teikyouseido.mhlw.go.jp/znk-web/juminkanja/S2430/initialize?prefCd=43&kikanCd=243621349&kikanKbn=2", "url2": "https://toyama-clinic.net/", "内容": "とやまクリニック胃腸科肛門科【2:診療所】【診療科目:内科_胃腸内科_外科_肛門外科】熊本県人吉市宝来町１２ー９" }, "geometry": { "type": "Point", "coordinates": [ 130.748672, 32.210187 ] } },
{ "type": "Feature", "properties": { "ID": 432243621365, "正式名称": "小林脳神経外科", "機関区分": 2, "都道府県コード": 43, "市区町村コード": 203, "所在地": "熊本県人吉市宝来町１２８５ー５", "緯度": 32.211013, "経度": 130.746623, "url": "https://www.iryou.teikyouseido.mhlw.go.jp/znk-web/juminkanja/S2430/initialize?prefCd=43&kikanCd=243621365&kikanKbn=2", "url2": null, "内容": "小林脳神経外科【2:診療所】【診療科目:内科_神経内科_脳神経外科_歯科_矯正歯科_歯科口腔外科_小児歯科】熊本県人吉市宝来町１２８５ー５" }, "geometry": { "type": "Point", "coordinates": [ 130.746623, 32.211013 ] } },
{ "type": "Feature", "properties": { "ID": 432243621378, "正式名称": "願成寺ごんどう医院", "機関区分": 2, "都道府県コード": 43, "市区町村コード": 203, "所在地": "熊本県人吉市願成寺町４４１ー２", "緯度": 32.220262, "経度": 130.771656, "url": "https://www.iryou.teikyouseido.mhlw.go.jp/znk-web/juminkanja/S2430/initialize?prefCd=43&kikanCd=243621378&kikanKbn=2", "url2": null, "内容": "願成寺ごんどう医院【2:診療所】【診療科目:内科_小児科】熊本県人吉市願成寺町４４１ー２" }, "geometry": { "type": "Point", "coordinates": [ 130.771656, 32.220262 ] } },
{ "type": "Feature", "properties": { "ID": 432243621381, "正式名称": "岩井クリニック", "機関区分": 2, "都道府県コード": 43, "市区町村コード": 514, "所在地": "熊本県球磨郡あさぎり町深田東４４５ー１", "緯度": 32.247967, "経度": 130.87342, "url": "https://www.iryou.teikyouseido.mhlw.go.jp/znk-web/juminkanja/S2430/initialize?prefCd=43&kikanCd=243621381&kikanKbn=2", "url2": null, "内容": "岩井クリニック【2:診療所】【診療科目:内科_胃腸内科_外科_肛門外科】熊本県球磨郡あさぎり町深田東４４５ー１" }, "geometry": { "type": "Point", "coordinates": [ 130.87342, 32.247967 ] } },
{ "type": "Feature", "properties": { "ID": 432243621394, "正式名称": "脳神経外科小林クリニック", "機関区分": 2, "都道府県コード": 43, "市区町村コード": 501, "所在地": "熊本県球磨郡錦町西３６０４ー１０６", "緯度": 32.197552, "経度": 130.830665, "url": "https://www.iryou.teikyouseido.mhlw.go.jp/znk-web/juminkanja/S2430/initialize?prefCd=43&kikanCd=243621394&kikanKbn=2", "url2": null, "内容": "脳神経外科小林クリニック【2:診療所】【診療科目:内科_神経内科_脳神経外科_リハビリテーション科】熊本県球磨郡錦町西３６０４ー１０６" }, "geometry": { "type": "Point", "coordinates": [ 130.830665, 32.197552 ] } },
{ "type": "Feature", "properties": { "ID": 432243621411, "正式名称": "たかの眼科", "機関区分": 2, "都道府県コード": 43, "市区町村コード": 514, "所在地": "熊本県球磨郡あさぎり町上北１９３ー１", "緯度": 32.22654, "経度": 130.898902, "url": "https://www.iryou.teikyouseido.mhlw.go.jp/znk-web/juminkanja/S2430/initialize?prefCd=43&kikanCd=243621411&kikanKbn=2", "url2": "https://takano-eye-clinic.com", "内容": "たかの眼科【2:診療所】【診療科目:眼科】熊本県球磨郡あさぎり町上北１９３ー１" }, "geometry": { "type": "Point", "coordinates": [ 130.898902, 32.22654 ] } },
{ "type": "Feature", "properties": { "ID": 432243621440, "正式名称": "ひとよし内科", "機関区分": 2, "都道府県コード": 43, "市区町村コード": 203, "所在地": "熊本県人吉市七地町２８ー１", "緯度": 32.20883, "経度": 130.774164, "url": "https://www.iryou.teikyouseido.mhlw.go.jp/znk-web/juminkanja/S2430/initialize?prefCd=43&kikanCd=243621440&kikanKbn=2", "url2": "http://www.oyakuen-g.or.jp/ksk/hitoyoshi.html", "内容": "ひとよし内科【2:診療所】【診療科目:内科_呼吸器内科_循環器内科_胃腸内科_リハビリテーション科_放射線科】熊本県人吉市七地町２８ー１" }, "geometry": { "type": "Point", "coordinates": [ 130.774164, 32.20883 ] } },
{ "type": "Feature", "properties": { "ID": 432243621466, "正式名称": "古城クリニック", "機関区分": 2, "都道府県コード": 43, "市区町村コード": 507, "所在地": "熊本県球磨郡水上村大字岩野字石原２６７５ー１", "緯度": 32.296726, "経度": 130.987265, "url": "https://www.iryou.teikyouseido.mhlw.go.jp/znk-web/juminkanja/S2430/initialize?prefCd=43&kikanCd=243621466&kikanKbn=2", "url2": "http://www.oyakuen-g.or.jp", "内容": "古城クリニック【2:診療所】【診療科目:内科_呼吸器内科_消化器内科_泌尿器科】熊本県球磨郡水上村大字岩野字石原２６７５ー１" }, "geometry": { "type": "Point", "coordinates": [ 130.987265, 32.296726 ] } },
{ "type": "Feature", "properties": { "ID": 432243621479, "正式名称": "上球磨クリニック", "機関区分": 2, "都道府県コード": 43, "市区町村コード": 505, "所在地": "熊本県球磨郡多良木町多良木２９０５ー１", "緯度": 32.256254, "経度": 130.931801, "url": "https://www.iryou.teikyouseido.mhlw.go.jp/znk-web/juminkanja/S2430/initialize?prefCd=43&kikanCd=243621479&kikanKbn=2", "url2": null, "内容": "上球磨クリニック【2:診療所】【診療科目:内科_消化器内科】熊本県球磨郡多良木町多良木２９０５ー１" }, "geometry": { "type": "Point", "coordinates": [ 130.931801, 32.256254 ] } },
{ "type": "Feature", "properties": { "ID": 432243621495, "正式名称": "槻木診療所", "機関区分": 2, "都道府県コード": 43, "市区町村コード": 505, "所在地": "熊本県球磨郡多良木町槻木字本園７０２ー１３", "緯度": 32.202933, "経度": 131.025406, "url": "https://www.iryou.teikyouseido.mhlw.go.jp/znk-web/juminkanja/S2430/initialize?prefCd=43&kikanCd=243621495&kikanKbn=2", "url2": null, "内容": "槻木診療所【2:診療所】【診療科目:内科】熊本県球磨郡多良木町槻木字本園７０２ー１３" }, "geometry": { "type": "Point", "coordinates": [ 131.025406, 32.202933 ] } },
{ "type": "Feature", "properties": { "ID": 432243621613, "正式名称": "愛甲産婦人科医院", "機関区分": 2, "都道府県コード": 43, "市区町村コード": 203, "所在地": "熊本県人吉市蟹作町１１０８番地８", "緯度": 32.197238, "経度": 130.779418, "url": "https://www.iryou.teikyouseido.mhlw.go.jp/znk-web/juminkanja/S2430/initialize?prefCd=43&kikanCd=243621613&kikanKbn=2", "url2": "http://www.aikouiin.com", "内容": "愛甲産婦人科医院【2:診療所】【診療科目:産婦人科】熊本県人吉市蟹作町１１０８番地８" }, "geometry": { "type": "Point", "coordinates": [ 130.779418, 32.197238 ] } },
{ "type": "Feature", "properties": { "ID": 432243621639, "正式名称": "ひとよし西村醫院", "機関区分": 2, "都道府県コード": 43, "市区町村コード": 203, "所在地": "熊本県人吉市東間上町２８１１－１", "緯度": 32.200769, "経度": 130.766322, "url": "https://www.iryou.teikyouseido.mhlw.go.jp/znk-web/juminkanja/S2430/initialize?prefCd=43&kikanCd=243621639&kikanKbn=2", "url2": null, "内容": "ひとよし西村醫院【2:診療所】【診療科目:内科_消化器内科_外科_乳腺外科_麻酔科】熊本県人吉市東間上町２８１１－１" }, "geometry": { "type": "Point", "coordinates": [ 130.766322, 32.200769 ] } },
{ "type": "Feature", "properties": { "ID": 432243630185, "正式名称": "福本医院", "機関区分": 2, "都道府県コード": 43, "市区町村コード": 215, "所在地": "熊本県天草市楠浦町２５９", "緯度": 32.422621, "経度": 130.207641, "url": "https://www.iryou.teikyouseido.mhlw.go.jp/znk-web/juminkanja/S2430/initialize?prefCd=43&kikanCd=243630185&kikanKbn=2", "url2": null, "内容": "福本医院【2:診療所】【診療科目:内科】熊本県天草市楠浦町２５９" }, "geometry": { "type": "Point", "coordinates": [ 130.207641, 32.422621 ] } },
{ "type": "Feature", "properties": { "ID": 432243630329, "正式名称": "さかいクリニック", "機関区分": 2, "都道府県コード": 43, "市区町村コード": 215, "所在地": "熊本県天草市港町１６ー１１", "緯度": 32.455369, "経度": 130.195853, "url": "https://www.iryou.teikyouseido.mhlw.go.jp/znk-web/juminkanja/S2430/initialize?prefCd=43&kikanCd=243630329&kikanKbn=2", "url2": "http://reijinkai.com", "内容": "さかいクリニック【2:診療所】【診療科目:内科_外科_リハビリテーション科】熊本県天草市港町１６ー１１" }, "geometry": { "type": "Point", "coordinates": [ 130.195853, 32.455369 ] } },
{ "type": "Feature", "properties": { "ID": 432243630446, "正式名称": "教良木診療所", "機関区分": 2, "都道府県コード": 43, "市区町村コード": 212, "所在地": "熊本県上天草市松島町教良木２９４８ー１", "緯度": 32.465848, "経度": 130.372636, "url": "https://www.iryou.teikyouseido.mhlw.go.jp/znk-web/juminkanja/S2430/initialize?prefCd=43&kikanCd=243630446&kikanKbn=2", "url2": null, "内容": "教良木診療所【2:診療所】【診療科目:内科_循環器内科_外科_整形外科_小児科】熊本県上天草市松島町教良木２９４８ー１" }, "geometry": { "type": "Point", "coordinates": [ 130.372636, 32.465848 ] } },
{ "type": "Feature", "properties": { "ID": 432243630521, "正式名称": "姫戸医院", "機関区分": 2, "都道府県コード": 43, "市区町村コード": 212, "所在地": "熊本県上天草市姫戸町姫浦２５４４ー６", "緯度": 32.440398, "経度": 130.408549, "url": "https://www.iryou.teikyouseido.mhlw.go.jp/znk-web/juminkanja/S2430/initialize?prefCd=43&kikanCd=243630521&kikanKbn=2", "url2": null, "内容": "姫戸医院【2:診療所】【診療科目:内科_循環器内科】熊本県上天草市姫戸町姫浦２５４４ー６" }, "geometry": { "type": "Point", "coordinates": [ 130.408549, 32.440398 ] } },
{ "type": "Feature", "properties": { "ID": 432243630635, "正式名称": "本原内科小児科医院", "機関区分": 2, "都道府県コード": 43, "市区町村コード": 215, "所在地": "熊本県天草市栖本町湯船原７３５ー１", "緯度": 32.416423, "経度": 130.273253, "url": "https://www.iryou.teikyouseido.mhlw.go.jp/znk-web/juminkanja/S2430/initialize?prefCd=43&kikanCd=243630635&kikanKbn=2", "url2": null, "内容": "本原内科小児科医院【2:診療所】【診療科目:内科_小児科】熊本県天草市栖本町湯船原７３５ー１" }, "geometry": { "type": "Point", "coordinates": [ 130.273253, 32.416423 ] } },
{ "type": "Feature", "properties": { "ID": 432243630677, "正式名称": "市丸医院", "機関区分": 2, "都道府県コード": 43, "市区町村コード": 215, "所在地": "熊本県天草市五和町城河原３ー４５７", "緯度": 32.503435, "経度": 130.148892, "url": "https://www.iryou.teikyouseido.mhlw.go.jp/znk-web/juminkanja/S2430/initialize?prefCd=43&kikanCd=243630677&kikanKbn=2", "url2": null, "内容": "市丸医院【2:診療所】【診療科目:内科_胃腸科】熊本県天草市五和町城河原３ー４５７" }, "geometry": { "type": "Point", "coordinates": [ 130.148892, 32.503435 ] } },
{ "type": "Feature", "properties": { "ID": 432243630723, "正式名称": "長野内科小児科医院", "機関区分": 2, "都道府県コード": 43, "市区町村コード": 215, "所在地": "熊本県天草市五和町御領６４５４", "緯度": 32.513269, "経度": 130.189608, "url": "https://www.iryou.teikyouseido.mhlw.go.jp/znk-web/juminkanja/S2430/initialize?prefCd=43&kikanCd=243630723&kikanKbn=2", "url2": null, "内容": "長野内科小児科医院【2:診療所】【診療科目:内科_小児科】熊本県天草市五和町御領６４５４" }, "geometry": { "type": "Point", "coordinates": [ 130.189608, 32.513269 ] } },
{ "type": "Feature", "properties": { "ID": 432243630794, "正式名称": "猪口医院", "機関区分": 2, "都道府県コード": 43, "市区町村コード": 531, "所在地": "熊本県天草郡苓北町坂瀬川７４８", "緯度": 32.529419, "経度": 130.093501, "url": "https://www.iryou.teikyouseido.mhlw.go.jp/znk-web/juminkanja/S2430/initialize?prefCd=43&kikanCd=243630794&kikanKbn=2", "url2": "inokuchi-amakusa,com", "内容": "猪口医院【2:診療所】【診療科目:内科_小児科】熊本県天草郡苓北町坂瀬川７４８" }, "geometry": { "type": "Point", "coordinates": [ 130.093501, 32.529419 ] } },
{ "type": "Feature", "properties": { "ID": 432243630912, "正式名称": "宮崎内科胃腸科医院", "機関区分": 2, "都道府県コード": 43, "市区町村コード": 215, "所在地": "熊本県天草市亀場町亀川２５４", "緯度": 32.443583, "経度": 130.200369, "url": "https://www.iryou.teikyouseido.mhlw.go.jp/znk-web/juminkanja/S2430/initialize?prefCd=43&kikanCd=243630912&kikanKbn=2", "url2": null, "内容": "宮崎内科胃腸科医院【2:診療所】【診療科目:内科_胃腸内科_小児科_胃腸科、循環器科】熊本県天草市亀場町亀川２５４" }, "geometry": { "type": "Point", "coordinates": [ 130.200369, 32.443583 ] } },
{ "type": "Feature", "properties": { "ID": 432243630925, "正式名称": "島子ごとう医院", "機関区分": 2, "都道府県コード": 43, "市区町村コード": 215, "所在地": "熊本県天草市有明町大島子１９９０ー１", "緯度": 32.477066, "経度": 130.260632, "url": "https://www.iryou.teikyouseido.mhlw.go.jp/znk-web/juminkanja/S2430/initialize?prefCd=43&kikanCd=243630925&kikanKbn=2", "url2": "shimago-goto-clinic.jp", "内容": "島子ごとう医院【2:診療所】【診療科目:内科_消化器内科_胃腸内科_肝臓内科_内視鏡内科_外科_麻酔科】熊本県天草市有明町大島子１９９０ー１" }, "geometry": { "type": "Point", "coordinates": [ 130.260632, 32.477066 ] } },
{ "type": "Feature", "properties": { "ID": 432243630970, "正式名称": "医療法人本原会　産科婦人科本原クリニック", "機関区分": 2, "都道府県コード": 43, "市区町村コード": 215, "所在地": "熊本県天草市古川町１０ー２５", "緯度": 32.454104, "経度": 130.18573, "url": "https://www.iryou.teikyouseido.mhlw.go.jp/znk-web/juminkanja/S2430/initialize?prefCd=43&kikanCd=243630970&kikanKbn=2", "url2": "http://websp01.com/motoharakai/", "内容": "医療法人本原会　産科婦人科本原クリニック【2:診療所】【診療科目:産婦人科】熊本県天草市古川町１０ー２５" }, "geometry": { "type": "Point", "coordinates": [ 130.18573, 32.454104 ] } },
{ "type": "Feature", "properties": { "ID": 432243630983, "正式名称": "村上医院", "機関区分": 2, "都道府県コード": 43, "市区町村コード": 212, "所在地": "熊本県上天草市姫戸町姫浦２５２８ー６", "緯度": 32.439595, "経度": 130.408729, "url": "https://www.iryou.teikyouseido.mhlw.go.jp/znk-web/juminkanja/S2430/initialize?prefCd=43&kikanCd=243630983&kikanKbn=2", "url2": null, "内容": "村上医院【2:診療所】【診療科目:内科_リハビリテーション科】熊本県上天草市姫戸町姫浦２５２８ー６" }, "geometry": { "type": "Point", "coordinates": [ 130.408729, 32.439595 ] } },
{ "type": "Feature", "properties": { "ID": 432243631049, "正式名称": "くらたけ小松医院", "機関区分": 2, "都道府県コード": 43, "市区町村コード": 215, "所在地": "熊本県天草市倉岳町宮田１１３３ー６", "緯度": 32.398484, "経度": 130.306241, "url": "https://www.iryou.teikyouseido.mhlw.go.jp/znk-web/juminkanja/S2430/initialize?prefCd=43&kikanCd=243631049&kikanKbn=2", "url2": null, "内容": "くらたけ小松医院【2:診療所】【診療科目:内科_呼吸器内科_整形外科】熊本県天草市倉岳町宮田１１３３ー６" }, "geometry": { "type": "Point", "coordinates": [ 130.306241, 32.398484 ] } },
{ "type": "Feature", "properties": { "ID": 432243631052, "正式名称": "木山・中村クリニック", "機関区分": 2, "都道府県コード": 43, "市区町村コード": 215, "所在地": "熊本県天草市小松原町１６ー１３", "緯度": 32.46046, "経度": 130.190027, "url": "https://www.iryou.teikyouseido.mhlw.go.jp/znk-web/juminkanja/S2430/initialize?prefCd=43&kikanCd=243631052&kikanKbn=2", "url2": null, "内容": "木山・中村クリニック【2:診療所】【診療科目:内科_糖尿病・代謝内科_循環器内科_腎臓内科】熊本県天草市小松原町１６ー１３" }, "geometry": { "type": "Point", "coordinates": [ 130.190027, 32.46046 ] } },
{ "type": "Feature", "properties": { "ID": 432243631108, "正式名称": "開内科医院", "機関区分": 2, "都道府県コード": 43, "市区町村コード": 215, "所在地": "熊本県天草市下浦町２０９０ー１", "緯度": 32.424434, "経度": 130.222288, "url": "https://www.iryou.teikyouseido.mhlw.go.jp/znk-web/juminkanja/S2430/initialize?prefCd=43&kikanCd=243631108&kikanKbn=2", "url2": null, "内容": "開内科医院【2:診療所】【診療科目:内科】熊本県天草市下浦町２０９０ー１" }, "geometry": { "type": "Point", "coordinates": [ 130.222288, 32.424434 ] } },
{ "type": "Feature", "properties": { "ID": 432243631111, "正式名称": "荘田医院", "機関区分": 2, "都道府県コード": 43, "市区町村コード": 215, "所在地": "熊本県天草市南町１ー２７", "緯度": 32.453513, "経度": 130.191958, "url": "https://www.iryou.teikyouseido.mhlw.go.jp/znk-web/juminkanja/S2430/initialize?prefCd=43&kikanCd=243631111&kikanKbn=2", "url2": "https://www.sodaiin.org/", "内容": "荘田医院【2:診療所】【診療科目:内科_呼吸器内科】熊本県天草市南町１ー２７" }, "geometry": { "type": "Point", "coordinates": [ 130.191958, 32.453513 ] } },
{ "type": "Feature", "properties": { "ID": 432243631124, "正式名称": "国民健康保険天草市立御所浦北診療所", "機関区分": 2, "都道府県コード": 43, "市区町村コード": 215, "所在地": "熊本県天草市御所浦町横浦７５０ー１３", "緯度": 32.368146, "経度": 130.348534, "url": "https://www.iryou.teikyouseido.mhlw.go.jp/znk-web/juminkanja/S2430/initialize?prefCd=43&kikanCd=243631124&kikanKbn=2", "url2": "http://www.city.amakusa.kumamoto.jp/", "内容": "国民健康保険天草市立御所浦北診療所【2:診療所】【診療科目:内科_精神科】熊本県天草市御所浦町横浦７５０ー１３" }, "geometry": { "type": "Point", "coordinates": [ 130.348534, 32.368146 ] } },
{ "type": "Feature", "properties": { "ID": 432243631137, "正式名称": "東整形外科", "機関区分": 2, "都道府県コード": 43, "市区町村コード": 215, "所在地": "熊本県天草市南新町３ー２１", "緯度": 32.454157, "経度": 130.193033, "url": "https://www.iryou.teikyouseido.mhlw.go.jp/znk-web/juminkanja/S2430/initialize?prefCd=43&kikanCd=243631137&kikanKbn=2", "url2": null, "内容": "東整形外科【2:診療所】【診療科目:整形外科_リハビリテーション科】熊本県天草市南新町３ー２１" }, "geometry": { "type": "Point", "coordinates": [ 130.193033, 32.454157 ] } },
{ "type": "Feature", "properties": { "ID": 432243631195, "正式名称": "おおどうクリニック", "機関区分": 2, "都道府県コード": 43, "市区町村コード": 215, "所在地": "熊本県天草市亀場町亀川１７３１ー１", "緯度": 32.441728, "経度": 130.195717, "url": "https://www.iryou.teikyouseido.mhlw.go.jp/znk-web/juminkanja/S2430/initialize?prefCd=43&kikanCd=243631195&kikanKbn=2", "url2": "http://www.odo.or.jp/", "内容": "おおどうクリニック【2:診療所】【診療科目:内科_循環器内科】熊本県天草市亀場町亀川１７３１ー１" }, "geometry": { "type": "Point", "coordinates": [ 130.195717, 32.441728 ] } },
{ "type": "Feature", "properties": { "ID": 432243631296, "正式名称": "うらた眼科", "機関区分": 2, "都道府県コード": 43, "市区町村コード": 215, "所在地": "熊本県天草市亀場町亀川１１０", "緯度": 32.441583, "経度": 130.203763, "url": "https://www.iryou.teikyouseido.mhlw.go.jp/znk-web/juminkanja/S2430/initialize?prefCd=43&kikanCd=243631296&kikanKbn=2", "url2": "http://urata-eyeclinic.com/", "内容": "うらた眼科【2:診療所】【診療科目:眼科】熊本県天草市亀場町亀川１１０" }, "geometry": { "type": "Point", "coordinates": [ 130.203763, 32.441583 ] } },
{ "type": "Feature", "properties": { "ID": 432243631300, "正式名称": "毛利内科", "機関区分": 2, "都道府県コード": 43, "市区町村コード": 215, "所在地": "熊本県天草市本町下河内８４３ー１", "緯度": 32.47271, "経度": 130.167264, "url": "https://www.iryou.teikyouseido.mhlw.go.jp/znk-web/juminkanja/S2430/initialize?prefCd=43&kikanCd=243631300&kikanKbn=2", "url2": null, "内容": "毛利内科【2:診療所】【診療科目:内科】熊本県天草市本町下河内８４３ー１" }, "geometry": { "type": "Point", "coordinates": [ 130.167264, 32.47271 ] } },
{ "type": "Feature", "properties": { "ID": 432243631339, "正式名称": "稲村医院", "機関区分": 2, "都道府県コード": 43, "市区町村コード": 215, "所在地": "熊本県天草市本渡町本渡８４８ー６", "緯度": 32.459921, "経度": 130.175578, "url": "https://www.iryou.teikyouseido.mhlw.go.jp/znk-web/juminkanja/S2430/initialize?prefCd=43&kikanCd=243631339&kikanKbn=2", "url2": null, "内容": "稲村医院【2:診療所】【診療科目:内科_神経内科_精神科】熊本県天草市本渡町本渡８４８ー６" }, "geometry": { "type": "Point", "coordinates": [ 130.175578, 32.459921 ] } },
{ "type": "Feature", "properties": { "ID": 432243640029, "正式名称": "佐藤クリニック", "機関区分": 2, "都道府県コード": 43, "市区町村コード": 215, "所在地": "熊本県天草市牛深町３４６０ー１０２", "緯度": 32.198326, "経度": 130.026857, "url": "https://www.iryou.teikyouseido.mhlw.go.jp/znk-web/juminkanja/S2430/initialize?prefCd=43&kikanCd=243640029&kikanKbn=2", "url2": null, "内容": "佐藤クリニック【2:診療所】【診療科目:内科_外科_整形外科】熊本県天草市牛深町３４６０ー１０２" }, "geometry": { "type": "Point", "coordinates": [ 130.026857, 32.198326 ] } },
{ "type": "Feature", "properties": { "ID": 432243640061, "正式名称": "松本医院", "機関区分": 2, "都道府県コード": 43, "市区町村コード": 215, "所在地": "熊本県天草市牛深町２５２５", "緯度": 32.194999, "経度": 130.023598, "url": "https://www.iryou.teikyouseido.mhlw.go.jp/znk-web/juminkanja/S2430/initialize?prefCd=43&kikanCd=243640061&kikanKbn=2", "url2": "http://www.matsumotonaikaganka.jp/", "内容": "松本医院【2:診療所】【診療科目:眼科】熊本県天草市牛深町２５２５" }, "geometry": { "type": "Point", "coordinates": [ 130.023598, 32.194999 ] } },
{ "type": "Feature", "properties": { "ID": 432243640218, "正式名称": "生田医院", "機関区分": 2, "都道府県コード": 43, "市区町村コード": 215, "所在地": "熊本県天草市河浦町宮野河内４７ー５", "緯度": 32.291305, "経度": 130.135232, "url": "https://www.iryou.teikyouseido.mhlw.go.jp/znk-web/juminkanja/S2430/initialize?prefCd=43&kikanCd=243640218&kikanKbn=2", "url2": null, "内容": "生田医院【2:診療所】【診療科目:内科_消化器内科_小児科_リハビリテーション科】熊本県天草市河浦町宮野河内４７ー５" }, "geometry": { "type": "Point", "coordinates": [ 130.135232, 32.291305 ] } },
{ "type": "Feature", "properties": { "ID": 432243640221, "正式名称": "松本内科・眼科", "機関区分": 2, "都道府県コード": 43, "市区町村コード": 215, "所在地": "熊本県天草市久玉町５７１６ー６", "緯度": 32.213665, "経度": 130.027873, "url": "https://www.iryou.teikyouseido.mhlw.go.jp/znk-web/juminkanja/S2430/initialize?prefCd=43&kikanCd=243640221&kikanKbn=2", "url2": "http://www.matsumotonaikaganka.jp/", "内容": "松本内科・眼科【2:診療所】【診療科目:内科_循環器内科_神経内科_眼科_リハビリテーション科】熊本県天草市久玉町５７１６ー６" }, "geometry": { "type": "Point", "coordinates": [ 130.027873, 32.213665 ] } },
{ "type": "Feature", "properties": { "ID": 432243640263, "正式名称": "松本医院", "機関区分": 2, "都道府県コード": 43, "市区町村コード": 215, "所在地": "熊本県天草市河浦町河浦３１１０ー１２", "緯度": 32.338804, "経度": 130.079282, "url": "https://www.iryou.teikyouseido.mhlw.go.jp/znk-web/juminkanja/S2430/initialize?prefCd=43&kikanCd=243640263&kikanKbn=2", "url2": "https://matsumotoiin.webnet.jp/", "内容": "松本医院【2:診療所】【診療科目:内科_小児科】熊本県天草市河浦町河浦３１１０ー１２" }, "geometry": { "type": "Point", "coordinates": [ 130.079282, 32.338804 ] } },
{ "type": "Feature", "properties": { "ID": 432243650019, "正式名称": "ふじさわクリニック", "機関区分": 2, "都道府県コード": 43, "市区町村コード": 204, "所在地": "熊本県荒尾市四ツ山町３ー６ー３", "緯度": 33.004262, "経度": 130.430779, "url": "https://www.iryou.teikyouseido.mhlw.go.jp/znk-web/juminkanja/S2430/initialize?prefCd=43&kikanCd=243650019&kikanKbn=2", "url2": null, "内容": "ふじさわクリニック【2:診療所】【診療科目:内科_脳神経外科_放射線科】熊本県荒尾市四ツ山町３ー６ー３" }, "geometry": { "type": "Point", "coordinates": [ 130.430779, 33.004262 ] } },
{ "type": "Feature", "properties": { "ID": 432243650022, "正式名称": "小田整形外科", "機関区分": 2, "都道府県コード": 43, "市区町村コード": 206, "所在地": "熊本県玉名市天水町小天７１９８", "緯度": 32.865221, "経度": 130.592739, "url": "https://www.iryou.teikyouseido.mhlw.go.jp/znk-web/juminkanja/S2430/initialize?prefCd=43&kikanCd=243650022&kikanKbn=2", "url2": null, "内容": "小田整形外科【2:診療所】【診療科目:整形外科_リウマチ科_リハビリテーション科】熊本県玉名市天水町小天７１９８" }, "geometry": { "type": "Point", "coordinates": [ 130.592739, 32.865221 ] } },
{ "type": "Feature", "properties": { "ID": 432243650035, "正式名称": "永田皮膚科医院", "機関区分": 2, "都道府県コード": 43, "市区町村コード": 206, "所在地": "熊本県玉名市中１０２７ー６", "緯度": 32.926254, "経度": 130.548144, "url": "https://www.iryou.teikyouseido.mhlw.go.jp/znk-web/juminkanja/S2430/initialize?prefCd=43&kikanCd=243650035&kikanKbn=2", "url2": "https://www.nagatahihuka.com/", "内容": "永田皮膚科医院【2:診療所】【診療科目:形成外科_皮膚科_アレルギー科】熊本県玉名市中１０２７ー６" }, "geometry": { "type": "Point", "coordinates": [ 130.548144, 32.926254 ] } },
{ "type": "Feature", "properties": { "ID": 432243650048, "正式名称": "医療法人慧仁会　西山クリニック", "機関区分": 2, "都道府県コード": 43, "市区町村コード": 368, "所在地": "熊本県玉名郡長洲町清源寺２７９４ー１", "緯度": 32.918748, "経度": 130.474035, "url": "https://www.iryou.teikyouseido.mhlw.go.jp/znk-web/juminkanja/S2430/initialize?prefCd=43&kikanCd=243650048&kikanKbn=2", "url2": null, "内容": "医療法人慧仁会　西山クリニック【2:診療所】【診療科目:内科_呼吸器内科_消化器内科_アレルギー科_リハビリテーション科】熊本県玉名郡長洲町清源寺２７９４ー１" }, "geometry": { "type": "Point", "coordinates": [ 130.474035, 32.918748 ] } },
{ "type": "Feature", "properties": { "ID": 432243650093, "正式名称": "ふれあいクリニック", "機関区分": 2, "都道府県コード": 43, "市区町村コード": 204, "所在地": "熊本県荒尾市川登１７６１ー２４", "緯度": 32.970215, "経度": 130.467728, "url": "https://www.iryou.teikyouseido.mhlw.go.jp/znk-web/juminkanja/S2430/initialize?prefCd=43&kikanCd=243650093&kikanKbn=2", "url2": null, "内容": "ふれあいクリニック【2:診療所】【診療科目:内科_循環器内科_消化器内科_リハビリテーション科】熊本県荒尾市川登１７６１ー２４" }, "geometry": { "type": "Point", "coordinates": [ 130.467728, 32.970215 ] } },
{ "type": "Feature", "properties": { "ID": 432243650152, "正式名称": "産科婦人科まつおレディースクリニック", "機関区分": 2, "都道府県コード": 43, "市区町村コード": 204, "所在地": "熊本県荒尾市荒尾４１６０ー２５７", "緯度": 32.983898, "経度": 130.46932, "url": "https://www.iryou.teikyouseido.mhlw.go.jp/znk-web/juminkanja/S2430/initialize?prefCd=43&kikanCd=243650152&kikanKbn=2", "url2": "http://www.matsuo-lc.com", "内容": "産科婦人科まつおレディースクリニック【2:診療所】【診療科目:産婦人科】熊本県荒尾市荒尾４１６０ー２５７" }, "geometry": { "type": "Point", "coordinates": [ 130.46932, 32.983898 ] } },
{ "type": "Feature", "properties": { "ID": 432243650165, "正式名称": "こどもクリニック友枝", "機関区分": 2, "都道府県コード": 43, "市区町村コード": 204, "所在地": "熊本県荒尾市荒尾４１６０ー２５６", "緯度": 32.984156, "経度": 130.469425, "url": "https://www.iryou.teikyouseido.mhlw.go.jp/znk-web/juminkanja/S2430/initialize?prefCd=43&kikanCd=243650165&kikanKbn=2", "url2": "https://www.tomoeda.or.jp", "内容": "こどもクリニック友枝【2:診療所】【診療科目:小児科_児童精神科_漢方小児科】熊本県荒尾市荒尾４１６０ー２５６" }, "geometry": { "type": "Point", "coordinates": [ 130.469425, 32.984156 ] } },
{ "type": "Feature", "properties": { "ID": 432243650194, "正式名称": "緑ヶ丘クリニック", "機関区分": 2, "都道府県コード": 43, "市区町村コード": 204, "所在地": "熊本県荒尾市緑ヶ丘２ー４ー３", "緯度": 32.985048, "経度": 130.471956, "url": "https://www.iryou.teikyouseido.mhlw.go.jp/znk-web/juminkanja/S2430/initialize?prefCd=43&kikanCd=243650194&kikanKbn=2", "url2": "http://gyokuwakai.or.jp/", "内容": "緑ヶ丘クリニック【2:診療所】【診療科目:腎臓内科_人工透析内科】熊本県荒尾市緑ヶ丘２ー４ー３" }, "geometry": { "type": "Point", "coordinates": [ 130.471956, 32.985048 ] } },
{ "type": "Feature", "properties": { "ID": 432243650208, "正式名称": "あだち内科胃腸科クリニック", "機関区分": 2, "都道府県コード": 43, "市区町村コード": 204, "所在地": "熊本県荒尾市本井手１５５８ー９５", "緯度": 32.985825, "経度": 130.472206, "url": "https://www.iryou.teikyouseido.mhlw.go.jp/znk-web/juminkanja/S2430/initialize?prefCd=43&kikanCd=243650208&kikanKbn=2", "url2": null, "内容": "あだち内科胃腸科クリニック【2:診療所】【診療科目:内科_消化器内科_胃腸内科】熊本県荒尾市本井手１５５８ー９５" }, "geometry": { "type": "Point", "coordinates": [ 130.472206, 32.985825 ] } },
{ "type": "Feature", "properties": { "ID": 432243650211, "正式名称": "坂田内科医院", "機関区分": 2, "都道府県コード": 43, "市区町村コード": 206, "所在地": "熊本県玉名市岱明町高道１１９６ー１", "緯度": 32.908477, "経度": 130.512939, "url": "https://www.iryou.teikyouseido.mhlw.go.jp/znk-web/juminkanja/S2430/initialize?prefCd=43&kikanCd=243650211&kikanKbn=2", "url2": null, "内容": "坂田内科医院【2:診療所】【診療科目:内科_呼吸器内科】熊本県玉名市岱明町高道１１９６ー１" }, "geometry": { "type": "Point", "coordinates": [ 130.512939, 32.908477 ] } },
{ "type": "Feature", "properties": { "ID": 432243650224, "正式名称": "医療法人志崇会さかた耳鼻咽喉科クリニック", "機関区分": 2, "都道府県コード": 43, "市区町村コード": 204, "所在地": "熊本県荒尾市緑ヶ丘２ー４ー１", "緯度": 32.984992, "経度": 130.471045, "url": "https://www.iryou.teikyouseido.mhlw.go.jp/znk-web/juminkanja/S2430/initialize?prefCd=43&kikanCd=243650224&kikanKbn=2", "url2": "http://paa.jp/t/147401/", "内容": "医療法人志崇会さかた耳鼻咽喉科クリニック【2:診療所】【診療科目:耳鼻いんこう科】熊本県荒尾市緑ヶ丘２ー４ー１" }, "geometry": { "type": "Point", "coordinates": [ 130.471045, 32.984992 ] } },
{ "type": "Feature", "properties": { "ID": 432243650240, "正式名称": "田辺クリニック", "機関区分": 2, "都道府県コード": 43, "市区町村コード": 367, "所在地": "熊本県玉名郡南関町上坂下３４８０", "緯度": 33.016689, "経度": 130.558809, "url": "https://www.iryou.teikyouseido.mhlw.go.jp/znk-web/juminkanja/S2430/initialize?prefCd=43&kikanCd=243650240&kikanKbn=2", "url2": "http://tanabeclinic.byoinnavi.jp", "内容": "田辺クリニック【2:診療所】【診療科目:内科_呼吸器内科_循環器内科_消化器内科】熊本県玉名郡南関町上坂下３４８０" }, "geometry": { "type": "Point", "coordinates": [ 130.558809, 33.016689 ] } },
{ "type": "Feature", "properties": { "ID": 432243650266, "正式名称": "田宮泌尿器科クリニック", "機関区分": 2, "都道府県コード": 43, "市区町村コード": 204, "所在地": "熊本県荒尾市荒尾４１６０ー２７１", "緯度": 32.983356, "経度": 130.468417, "url": "https://www.iryou.teikyouseido.mhlw.go.jp/znk-web/juminkanja/S2430/initialize?prefCd=43&kikanCd=243650266&kikanKbn=2", "url2": null, "内容": "田宮泌尿器科クリニック【2:診療所】【診療科目:泌尿器科】熊本県荒尾市荒尾４１６０ー２７１" }, "geometry": { "type": "Point", "coordinates": [ 130.468417, 32.983356 ] } },
{ "type": "Feature", "properties": { "ID": 432243650279, "正式名称": "木下皮ふ科クリニック", "機関区分": 2, "都道府県コード": 43, "市区町村コード": 206, "所在地": "熊本県玉名市築地１９５ー３", "緯度": 32.932509, "経度": 130.531483, "url": "https://www.iryou.teikyouseido.mhlw.go.jp/znk-web/juminkanja/S2430/initialize?prefCd=43&kikanCd=243650279&kikanKbn=2", "url2": "https://www.kinoshita-hihuka-tamana.com/", "内容": "木下皮ふ科クリニック【2:診療所】【診療科目:形成外科_皮膚科】熊本県玉名市築地１９５ー３" }, "geometry": { "type": "Point", "coordinates": [ 130.531483, 32.932509 ] } },
{ "type": "Feature", "properties": { "ID": 432243650295, "正式名称": "酒井医院", "機関区分": 2, "都道府県コード": 43, "市区町村コード": 206, "所在地": "熊本県玉名市松木１３ー２", "緯度": 32.924396, "経度": 130.555257, "url": "https://www.iryou.teikyouseido.mhlw.go.jp/znk-web/juminkanja/S2430/initialize?prefCd=43&kikanCd=243650295&kikanKbn=2", "url2": null, "内容": "酒井医院【2:診療所】【診療科目:内科_外科_リハビリテーション科_麻酔科_胃腸科、こう門科】熊本県玉名市松木１３ー２" }, "geometry": { "type": "Point", "coordinates": [ 130.555257, 32.924396 ] } },
{ "type": "Feature", "properties": { "ID": 432243650309, "正式名称": "玉名脳神経外科医院", "機関区分": 2, "都道府県コード": 43, "市区町村コード": 206, "所在地": "熊本県玉名市岩崎１１ー１", "緯度": 32.931687, "経度": 130.562051, "url": "https://www.iryou.teikyouseido.mhlw.go.jp/znk-web/juminkanja/S2430/initialize?prefCd=43&kikanCd=243650309&kikanKbn=2", "url2": null, "内容": "玉名脳神経外科医院【2:診療所】【診療科目:内科_外科_脳神経外科_整形外科】熊本県玉名市岩崎１１ー１" }, "geometry": { "type": "Point", "coordinates": [ 130.562051, 32.931687 ] } },
{ "type": "Feature", "properties": { "ID": 432243650312, "正式名称": "佐藤眼科・内科", "機関区分": 2, "都道府県コード": 43, "市区町村コード": 204, "所在地": "熊本県荒尾市荒尾４１６０ー２７０", "緯度": 32.983506, "経度": 130.468176, "url": "https://www.iryou.teikyouseido.mhlw.go.jp/znk-web/juminkanja/S2430/initialize?prefCd=43&kikanCd=243650312&kikanKbn=2", "url2": "http://www.satou-ganka.com/", "内容": "佐藤眼科・内科【2:診療所】【診療科目:内科_眼科】熊本県荒尾市荒尾４１６０ー２７０" }, "geometry": { "type": "Point", "coordinates": [ 130.468176, 32.983506 ] } },
{ "type": "Feature", "properties": { "ID": 432243650325, "正式名称": "玉名泌尿器科クリニック", "機関区分": 2, "都道府県コード": 43, "市区町村コード": 206, "所在地": "熊本県玉名市岩崎４６８ー１", "緯度": 32.93439, "経度": 130.559348, "url": "https://www.iryou.teikyouseido.mhlw.go.jp/znk-web/juminkanja/S2430/initialize?prefCd=43&kikanCd=243650325&kikanKbn=2", "url2": "http://www.tamana-uro.com/", "内容": "玉名泌尿器科クリニック【2:診療所】【診療科目:人工透析内科_泌尿器科】熊本県玉名市岩崎４６８ー１" }, "geometry": { "type": "Point", "coordinates": [ 130.559348, 32.93439 ] } },
{ "type": "Feature", "properties": { "ID": 432243650383, "正式名称": "山田クリニック", "機関区分": 2, "都道府県コード": 43, "市区町村コード": 204, "所在地": "熊本県荒尾市東屋形２ー１４ー９", "緯度": 32.983611, "経度": 130.453118, "url": "https://www.iryou.teikyouseido.mhlw.go.jp/znk-web/juminkanja/S2430/initialize?prefCd=43&kikanCd=243650383&kikanKbn=2", "url2": "http://yamada-clinic.or.jp/", "内容": "山田クリニック【2:診療所】【診療科目:内科_呼吸器内科_循環器内科_消化器内科_アレルギー疾患内科_アレルギー科_リウマチ科_リハビリテーション科_放射線科】熊本県荒尾市東屋形２ー１４ー９" }, "geometry": { "type": "Point", "coordinates": [ 130.453118, 32.983611 ] } },
{ "type": "Feature", "properties": { "ID": 432243650413, "正式名称": "荒尾脳神経外科医院", "機関区分": 2, "都道府県コード": 43, "市区町村コード": 204, "所在地": "熊本県荒尾市川登１９２１", "緯度": 32.979245, "経度": 130.469673, "url": "https://www.iryou.teikyouseido.mhlw.go.jp/znk-web/juminkanja/S2430/initialize?prefCd=43&kikanCd=243650413&kikanKbn=2", "url2": "http://www.araonougeka.net/", "内容": "荒尾脳神経外科医院【2:診療所】【診療科目:糖尿病・代謝内科_脳神経外科】熊本県荒尾市川登１９２１" }, "geometry": { "type": "Point", "coordinates": [ 130.469673, 32.979245 ] } },
{ "type": "Feature", "properties": { "ID": 432243650426, "正式名称": "和水クリニック", "機関区分": 2, "都道府県コード": 43, "市区町村コード": 369, "所在地": "熊本県玉名郡和水町原口７２９ー１", "緯度": 32.986427, "経度": 130.609481, "url": "https://www.iryou.teikyouseido.mhlw.go.jp/znk-web/juminkanja/S2430/initialize?prefCd=43&kikanCd=243650426&kikanKbn=2", "url2": "https://www.nagomi-cl.net", "内容": "和水クリニック【2:診療所】【診療科目:内科】熊本県玉名郡和水町原口７２９ー１" }, "geometry": { "type": "Point", "coordinates": [ 130.609481, 32.986427 ] } },
{ "type": "Feature", "properties": { "ID": 432243650471, "正式名称": "みどり皮ふ科クリニック", "機関区分": 2, "都道府県コード": 43, "市区町村コード": 204, "所在地": "熊本県荒尾市荒尾４１６０ー２７３", "緯度": 32.983117, "経度": 130.468925, "url": "https://www.iryou.teikyouseido.mhlw.go.jp/znk-web/juminkanja/S2430/initialize?prefCd=43&kikanCd=243650471&kikanKbn=2", "url2": null, "内容": "みどり皮ふ科クリニック【2:診療所】【診療科目:皮膚科】熊本県荒尾市荒尾４１６０ー２７３" }, "geometry": { "type": "Point", "coordinates": [ 130.468925, 32.983117 ] } },
{ "type": "Feature", "properties": { "ID": 432243650484, "正式名称": "鹿井内科", "機関区分": 2, "都道府県コード": 43, "市区町村コード": 206, "所在地": "熊本県玉名市高瀬２３３ー１", "緯度": 32.928704, "経度": 130.564106, "url": "https://www.iryou.teikyouseido.mhlw.go.jp/znk-web/juminkanja/S2430/initialize?prefCd=43&kikanCd=243650484&kikanKbn=2", "url2": "https://shikai-naika.com", "内容": "鹿井内科【2:診療所】【診療科目:内科_呼吸器内科_消化器内科】熊本県玉名市高瀬２３３ー１" }, "geometry": { "type": "Point", "coordinates": [ 130.564106, 32.928704 ] } },
{ "type": "Feature", "properties": { "ID": 432243650543, "正式名称": "くどう小児科クリニック", "機関区分": 2, "都道府県コード": 43, "市区町村コード": 204, "所在地": "熊本県荒尾市東屋形４ー２ー１", "緯度": 32.982325, "経度": 130.453452, "url": "https://www.iryou.teikyouseido.mhlw.go.jp/znk-web/juminkanja/S2430/initialize?prefCd=43&kikanCd=243650543&kikanKbn=2", "url2": "http://www.kudo-clinic.jp/", "内容": "くどう小児科クリニック【2:診療所】【診療科目:小児科_アレルギー科】熊本県荒尾市東屋形４ー２ー１" }, "geometry": { "type": "Point", "coordinates": [ 130.453452, 32.982325 ] } },
{ "type": "Feature", "properties": { "ID": 432243650556, "正式名称": "いまおかクリニック", "機関区分": 2, "都道府県コード": 43, "市区町村コード": 368, "所在地": "熊本県玉名郡長洲町宮野１４６８ー１", "緯度": 32.931529, "経度": 130.490827, "url": "https://www.iryou.teikyouseido.mhlw.go.jp/znk-web/juminkanja/S2430/initialize?prefCd=43&kikanCd=243650556&kikanKbn=2", "url2": null, "内容": "いまおかクリニック【2:診療所】【診療科目:内科_消化器内科_胃腸内科_外科】熊本県玉名郡長洲町宮野１４６８ー１" }, "geometry": { "type": "Point", "coordinates": [ 130.490827, 32.931529 ] } },
{ "type": "Feature", "properties": { "ID": 432243650569, "正式名称": "吉田整形外科クリニック", "機関区分": 2, "都道府県コード": 43, "市区町村コード": 204, "所在地": "熊本県荒尾市牛水６７０ー６", "緯度": 32.952945, "経度": 130.43635, "url": "https://www.iryou.teikyouseido.mhlw.go.jp/znk-web/juminkanja/S2430/initialize?prefCd=43&kikanCd=243650569&kikanKbn=2", "url2": "http://www.yoshida-seikeigeka.info/", "内容": "吉田整形外科クリニック【2:診療所】【診療科目:整形外科_リハビリテーション科】熊本県荒尾市牛水６７０ー６" }, "geometry": { "type": "Point", "coordinates": [ 130.43635, 32.952945 ] } },
{ "type": "Feature", "properties": { "ID": 432243650598, "正式名称": "ひがし成人・循環器内科クリニック", "機関区分": 2, "都道府県コード": 43, "市区町村コード": 206, "所在地": "熊本県玉名市岩崎６６５ー１ー１", "緯度": 32.931159, "経度": 130.55234, "url": "https://www.iryou.teikyouseido.mhlw.go.jp/znk-web/juminkanja/S2430/initialize?prefCd=43&kikanCd=243650598&kikanKbn=2", "url2": "http://www.higashi-clinic.com/", "内容": "ひがし成人・循環器内科クリニック【2:診療所】【診療科目:内科_糖尿病・代謝内科_循環器内科】熊本県玉名市岩崎６６５ー１ー１" }, "geometry": { "type": "Point", "coordinates": [ 130.55234, 32.931159 ] } },
{ "type": "Feature", "properties": { "ID": 432243650631, "正式名称": "泌尿器科内科むらかみクリニック", "機関区分": 2, "都道府県コード": 43, "市区町村コード": 206, "所在地": "熊本県玉名市繁根木４０ー２", "緯度": 32.928737, "経度": 130.556246, "url": "https://www.iryou.teikyouseido.mhlw.go.jp/znk-web/juminkanja/S2430/initialize?prefCd=43&kikanCd=243650631&kikanKbn=2", "url2": "http://www.murakami-cl.net", "内容": "泌尿器科内科むらかみクリニック【2:診療所】【診療科目:内科_泌尿器科】熊本県玉名市繁根木４０ー２" }, "geometry": { "type": "Point", "coordinates": [ 130.556246, 32.928737 ] } },
{ "type": "Feature", "properties": { "ID": 432243650660, "正式名称": "ひらやま医院", "機関区分": 2, "都道府県コード": 43, "市区町村コード": 204, "所在地": "熊本県荒尾市増永２７３７ー３", "緯度": 32.97772, "経度": 130.460015, "url": "https://www.iryou.teikyouseido.mhlw.go.jp/znk-web/juminkanja/S2430/initialize?prefCd=43&kikanCd=243650660&kikanKbn=2", "url2": null, "内容": "ひらやま医院【2:診療所】【診療科目:内科_放射線科_放射線診断科】熊本県荒尾市増永２７３７ー３" }, "geometry": { "type": "Point", "coordinates": [ 130.460015, 32.97772 ] } },
{ "type": "Feature", "properties": { "ID": 432243650686, "正式名称": "四ツ山クリニック", "機関区分": 2, "都道府県コード": 43, "市区町村コード": 204, "所在地": "熊本県荒尾市四ツ山町３ー１ー４", "緯度": 33.003622, "経度": 130.430792, "url": "https://www.iryou.teikyouseido.mhlw.go.jp/znk-web/juminkanja/S2430/initialize?prefCd=43&kikanCd=243650686&kikanKbn=2", "url2": null, "内容": "四ツ山クリニック【2:診療所】【診療科目:内科_外科】熊本県荒尾市四ツ山町３ー１ー４" }, "geometry": { "type": "Point", "coordinates": [ 130.430792, 33.003622 ] } },
{ "type": "Feature", "properties": { "ID": 432243650699, "正式名称": "やざわ整形外科クリニック", "機関区分": 2, "都道府県コード": 43, "市区町村コード": 206, "所在地": "熊本県玉名市松木２７ー１", "緯度": 32.923521, "経度": 130.553838, "url": "https://www.iryou.teikyouseido.mhlw.go.jp/znk-web/juminkanja/S2430/initialize?prefCd=43&kikanCd=243650699&kikanKbn=2", "url2": null, "内容": "やざわ整形外科クリニック【2:診療所】【診療科目:整形外科_リハビリテーション科】熊本県玉名市松木２７ー１" }, "geometry": { "type": "Point", "coordinates": [ 130.553838, 32.923521 ] } },
{ "type": "Feature", "properties": { "ID": 432243650716, "正式名称": "大野内科クリニック", "機関区分": 2, "都道府県コード": 43, "市区町村コード": 206, "所在地": "熊本県玉名市伊倉南方９８７の５", "緯度": 32.902653, "経度": 130.570984, "url": "https://www.iryou.teikyouseido.mhlw.go.jp/znk-web/juminkanja/S2430/initialize?prefCd=43&kikanCd=243650716&kikanKbn=2", "url2": "https://www.oono-naika.com", "内容": "大野内科クリニック【2:診療所】【診療科目:内科_消化器内科_胃腸内科】熊本県玉名市伊倉南方９８７の５" }, "geometry": { "type": "Point", "coordinates": [ 130.570984, 32.902653 ] } },
{ "type": "Feature", "properties": { "ID": 432243650758, "正式名称": "おやまだ耳鼻咽喉科クリニック", "機関区分": 2, "都道府県コード": 43, "市区町村コード": 206, "所在地": "熊本県玉名市築地３３３ー１", "緯度": 32.930582, "経度": 130.526991, "url": "https://www.iryou.teikyouseido.mhlw.go.jp/znk-web/juminkanja/S2430/initialize?prefCd=43&kikanCd=243650758&kikanKbn=2", "url2": null, "内容": "おやまだ耳鼻咽喉科クリニック【2:診療所】【診療科目:小児耳鼻いんこう科_耳鼻いんこう科_アレルギー科】熊本県玉名市築地３３３ー１" }, "geometry": { "type": "Point", "coordinates": [ 130.526991, 32.930582 ] } },
{ "type": "Feature", "properties": { "ID": 432243650761, "正式名称": "もみの木こどもクリニック", "機関区分": 2, "都道府県コード": 43, "市区町村コード": 206, "所在地": "熊本県玉名市築地５ー１", "緯度": 32.93365, "経度": 130.533882, "url": "https://www.iryou.teikyouseido.mhlw.go.jp/znk-web/juminkanja/S2430/initialize?prefCd=43&kikanCd=243650761&kikanKbn=2", "url2": "https://mominoki-clinic.com", "内容": "もみの木こどもクリニック【2:診療所】【診療科目:小児科_アレルギー科】熊本県玉名市築地５ー１" }, "geometry": { "type": "Point", "coordinates": [ 130.533882, 32.93365 ] } },
{ "type": "Feature", "properties": { "ID": 432243650774, "正式名称": "山村皮膚科医院", "機関区分": 2, "都道府県コード": 43, "市区町村コード": 204, "所在地": "熊本県荒尾市大島１０１－６", "緯度": 32.994599, "経度": 130.432692, "url": "https://www.iryou.teikyouseido.mhlw.go.jp/znk-web/juminkanja/S2430/initialize?prefCd=43&kikanCd=243650774&kikanKbn=2", "url2": "http://yamamura-hifuka.com/", "内容": "山村皮膚科医院【2:診療所】【診療科目:形成外科_皮膚科】熊本県荒尾市大島１０１－６" }, "geometry": { "type": "Point", "coordinates": [ 130.432692, 32.994599 ] } },
{ "type": "Feature", "properties": { "ID": 432243660025, "正式名称": "ダイヤモンドシティクリニック", "機関区分": 2, "都道府県コード": 43, "市区町村コード": 213, "所在地": "熊本県宇城市小川町河江１ー１", "緯度": 32.597045, "経度": 130.702946, "url": "https://www.iryou.teikyouseido.mhlw.go.jp/znk-web/juminkanja/S2430/initialize?prefCd=43&kikanCd=243660025&kikanKbn=2", "url2": "https://www.dc-clinic-2.com", "内容": "ダイヤモンドシティクリニック【2:診療所】【診療科目:内科_形成外科_小児科_皮膚科_アレルギー科】熊本県宇城市小川町河江１ー１" }, "geometry": { "type": "Point", "coordinates": [ 130.702946, 32.597045 ] } },
{ "type": "Feature", "properties": { "ID": 432243660041, "正式名称": "まつばせレディースクリニック", "機関区分": 2, "都道府県コード": 43, "市区町村コード": 213, "所在地": "熊本県宇城市松橋町松橋６８９ー１", "緯度": 32.655138, "経度": 130.681921, "url": "https://www.iryou.teikyouseido.mhlw.go.jp/znk-web/juminkanja/S2430/initialize?prefCd=43&kikanCd=243660041&kikanKbn=2", "url2": "http://www.matsubase.or.jp", "内容": "まつばせレディースクリニック【2:診療所】【診療科目:小児科_産婦人科】熊本県宇城市松橋町松橋６８９ー１" }, "geometry": { "type": "Point", "coordinates": [ 130.681921, 32.655138 ] } },
{ "type": "Feature", "properties": { "ID": 432243660070, "正式名称": "やまもと泌尿器科クリニック", "機関区分": 2, "都道府県コード": 43, "市区町村コード": 211, "所在地": "熊本県宇土市南段原町７９ー４", "緯度": 32.680261, "経度": 130.660685, "url": "https://www.iryou.teikyouseido.mhlw.go.jp/znk-web/juminkanja/S2430/initialize?prefCd=43&kikanCd=243660070&kikanKbn=2", "url2": "www.yamamoto-uro.com", "内容": "やまもと泌尿器科クリニック【2:診療所】【診療科目:泌尿器科】熊本県宇土市南段原町７９ー４" }, "geometry": { "type": "Point", "coordinates": [ 130.660685, 32.680261 ] } },
{ "type": "Feature", "properties": { "ID": 432243660096, "正式名称": "みずたみ医院", "機関区分": 2, "都道府県コード": 43, "市区町村コード": 213, "所在地": "熊本県宇城市松橋町竹崎１１１５ー３２", "緯度": 32.628235, "経度": 130.70996, "url": "https://www.iryou.teikyouseido.mhlw.go.jp/znk-web/juminkanja/S2430/initialize?prefCd=43&kikanCd=243660096&kikanKbn=2", "url2": null, "内容": "みずたみ医院【2:診療所】【診療科目:内科_外科_リハビリテーション科_胃腸科、こう門科】熊本県宇城市松橋町竹崎１１１５ー３２" }, "geometry": { "type": "Point", "coordinates": [ 130.70996, 32.628235 ] } },
{ "type": "Feature", "properties": { "ID": 432243660100, "正式名称": "まつばせ児嶋クリニック", "機関区分": 2, "都道府県コード": 43, "市区町村コード": 213, "所在地": "熊本県宇城市松橋町きらら２ー５ー４", "緯度": 32.646525, "経度": 130.682074, "url": "https://www.iryou.teikyouseido.mhlw.go.jp/znk-web/juminkanja/S2430/initialize?prefCd=43&kikanCd=243660100&kikanKbn=2", "url2": null, "内容": "まつばせ児嶋クリニック【2:診療所】【診療科目:内科_脳神経内科_呼吸器内科_循環器内科_消化器内科_小児科_アレルギー科】熊本県宇城市松橋町きらら２ー５ー４" }, "geometry": { "type": "Point", "coordinates": [ 130.682074, 32.646525 ] } },
{ "type": "Feature", "properties": { "ID": 432243660139, "正式名称": "吉野整形外科", "機関区分": 2, "都道府県コード": 43, "市区町村コード": 211, "所在地": "熊本県宇土市高柳町２０６ー６", "緯度": 32.690504, "経度": 130.651127, "url": "https://www.iryou.teikyouseido.mhlw.go.jp/znk-web/juminkanja/S2430/initialize?prefCd=43&kikanCd=243660139&kikanKbn=2", "url2": null, "内容": "吉野整形外科【2:診療所】【診療科目:内科_整形外科_心療内科_リウマチ科_リハビリテーション科】熊本県宇土市高柳町２０６ー６" }, "geometry": { "type": "Point", "coordinates": [ 130.651127, 32.690504 ] } },
{ "type": "Feature", "properties": { "ID": 432243660142, "正式名称": "廣岡クリニック皮膚科", "機関区分": 2, "都道府県コード": 43, "市区町村コード": 213, "所在地": "熊本県宇城市小川町北新田６１ー３", "緯度": 32.599144, "経度": 130.701955, "url": "https://www.iryou.teikyouseido.mhlw.go.jp/znk-web/juminkanja/S2430/initialize?prefCd=43&kikanCd=243660142&kikanKbn=2", "url2": null, "内容": "廣岡クリニック皮膚科【2:診療所】【診療科目:皮膚科】熊本県宇城市小川町北新田６１ー３" }, "geometry": { "type": "Point", "coordinates": [ 130.701955, 32.599144 ] } },
{ "type": "Feature", "properties": { "ID": 432243660155, "正式名称": "うしじま小児科クリニック", "機関区分": 2, "都道府県コード": 43, "市区町村コード": 104, "所在地": "熊本県熊本市南区城南町下宮地５０６", "緯度": 32.704499, "経度": 130.732088, "url": "https://www.iryou.teikyouseido.mhlw.go.jp/znk-web/juminkanja/S2430/initialize?prefCd=43&kikanCd=243660155&kikanKbn=2", "url2": null, "内容": "うしじま小児科クリニック【2:診療所】【診療科目:内科_小児科_アレルギー科】熊本県熊本市南区城南町下宮地５０６" }, "geometry": { "type": "Point", "coordinates": [ 130.732088, 32.704499 ] } },
{ "type": "Feature", "properties": { "ID": 432243660171, "正式名称": "松田内科循環器科クリニック", "機関区分": 2, "都道府県コード": 43, "市区町村コード": 211, "所在地": "熊本県宇土市三拾町１４４ー２", "緯度": 32.693837, "経度": 130.667762, "url": "https://www.iryou.teikyouseido.mhlw.go.jp/znk-web/juminkanja/S2430/initialize?prefCd=43&kikanCd=243660171&kikanKbn=2", "url2": null, "内容": "松田内科循環器科クリニック【2:診療所】【診療科目:内科_循環器内科】熊本県宇土市三拾町１４４ー２" }, "geometry": { "type": "Point", "coordinates": [ 130.667762, 32.693837 ] } },
{ "type": "Feature", "properties": { "ID": 432243660184, "正式名称": "うちの小児科小児外科", "機関区分": 2, "都道府県コード": 43, "市区町村コード": 213, "所在地": "熊本県宇城市松橋町松橋１９４７ー１", "緯度": 32.656505, "経度": 130.686615, "url": "https://www.iryou.teikyouseido.mhlw.go.jp/znk-web/juminkanja/S2430/initialize?prefCd=43&kikanCd=243660184&kikanKbn=2", "url2": "http://www.uchino-shonika-shonigeka.com", "内容": "うちの小児科小児外科【2:診療所】【診療科目:内科_小児科_小児外科_アレルギー科】熊本県宇城市松橋町松橋１９４７ー１" }, "geometry": { "type": "Point", "coordinates": [ 130.686615, 32.656505 ] } },
{ "type": "Feature", "properties": { "ID": 432243660197, "正式名称": "たのうえ胃腸科クリニック", "機関区分": 2, "都道府県コード": 43, "市区町村コード": 348, "所在地": "熊本県下益城郡美里町馬場７５７ー１", "緯度": 32.643211, "経度": 130.790148, "url": "https://www.iryou.teikyouseido.mhlw.go.jp/znk-web/juminkanja/S2430/initialize?prefCd=43&kikanCd=243660197&kikanKbn=2", "url2": null, "内容": "たのうえ胃腸科クリニック【2:診療所】【診療科目:内科_消化器内科_胃腸内科_内視鏡内科】熊本県下益城郡美里町馬場７５７ー１" }, "geometry": { "type": "Point", "coordinates": [ 130.790148, 32.643211 ] } },
{ "type": "Feature", "properties": { "ID": 432243660227, "正式名称": "たまのい内科クリニック", "機関区分": 2, "都道府県コード": 43, "市区町村コード": 104, "所在地": "熊本県熊本市南区城南町阿高１５７", "緯度": 32.700177, "経度": 130.729818, "url": "https://www.iryou.teikyouseido.mhlw.go.jp/znk-web/juminkanja/S2430/initialize?prefCd=43&kikanCd=243660227&kikanKbn=2", "url2": "http://tamanoi-cl-1.byoinnavi.jp/pc/index.html", "内容": "たまのい内科クリニック【2:診療所】【診療科目:内科_糖尿病内科_呼吸器内科_アレルギー疾患内科_生活習慣病科_アレルギー科】熊本県熊本市南区城南町阿高１５７" }, "geometry": { "type": "Point", "coordinates": [ 130.729818, 32.700177 ] } },
{ "type": "Feature", "properties": { "ID": 432243660230, "正式名称": "しまだこどもクリニック", "機関区分": 2, "都道府県コード": 43, "市区町村コード": 213, "所在地": "熊本県宇城市松橋町きらら３ー２ー１９", "緯度": 32.646178, "経度": 130.682199, "url": "https://www.iryou.teikyouseido.mhlw.go.jp/znk-web/juminkanja/S2430/initialize?prefCd=43&kikanCd=243660230&kikanKbn=2", "url2": null, "内容": "しまだこどもクリニック【2:診療所】【診療科目:内科_小児科_アレルギー科】熊本県宇城市松橋町きらら３ー２ー１９" }, "geometry": { "type": "Point", "coordinates": [ 130.682199, 32.646178 ] } },
{ "type": "Feature", "properties": { "ID": 432243660256, "正式名称": "高浜眼科医院", "機関区分": 2, "都道府県コード": 43, "市区町村コード": 211, "所在地": "熊本県宇土市城之浦町６５", "緯度": 32.689637, "経度": 130.665849, "url": "https://www.iryou.teikyouseido.mhlw.go.jp/znk-web/juminkanja/S2430/initialize?prefCd=43&kikanCd=243660256&kikanKbn=2", "url2": null, "内容": "高浜眼科医院【2:診療所】【診療科目:眼科】熊本県宇土市城之浦町６５" }, "geometry": { "type": "Point", "coordinates": [ 130.665849, 32.689637 ] } },
{ "type": "Feature", "properties": { "ID": 432243660269, "正式名称": "県南髙木クリニック", "機関区分": 2, "都道府県コード": 43, "市区町村コード": 213, "所在地": "熊本県宇城市松橋町松橋８１５ー６", "緯度": 32.654016, "経度": 130.678332, "url": "https://www.iryou.teikyouseido.mhlw.go.jp/znk-web/juminkanja/S2430/initialize?prefCd=43&kikanCd=243660269&kikanKbn=2", "url2": "http://kennan-takaki.com/", "内容": "県南髙木クリニック【2:診療所】【診療科目:大腸・肛門外科】熊本県宇城市松橋町松橋８１５ー６" }, "geometry": { "type": "Point", "coordinates": [ 130.678332, 32.654016 ] } },
{ "type": "Feature", "properties": { "ID": 432243660298, "正式名称": "幡手耳鼻咽喉科クリニック", "機関区分": 2, "都道府県コード": 43, "市区町村コード": 211, "所在地": "熊本県宇土市南段原町２６ー１", "緯度": 32.68153, "経度": 130.663032, "url": "https://www.iryou.teikyouseido.mhlw.go.jp/znk-web/juminkanja/S2430/initialize?prefCd=43&kikanCd=243660298&kikanKbn=2", "url2": "http://1187hatate.com", "内容": "幡手耳鼻咽喉科クリニック【2:診療所】【診療科目:耳鼻いんこう科】熊本県宇土市南段原町２６ー１" }, "geometry": { "type": "Point", "coordinates": [ 130.663032, 32.68153 ] } },
{ "type": "Feature", "properties": { "ID": 432243660315, "正式名称": "たかはしクリニック", "機関区分": 2, "都道府県コード": 43, "市区町村コード": 213, "所在地": "熊本県宇城市小川町川尻２７２ー１", "緯度": 32.599521, "経度": 130.692937, "url": "https://www.iryou.teikyouseido.mhlw.go.jp/znk-web/juminkanja/S2430/initialize?prefCd=43&kikanCd=243660315&kikanKbn=2", "url2": null, "内容": "たかはしクリニック【2:診療所】【診療科目:内科_呼吸器内科】熊本県宇城市小川町川尻２７２ー１" }, "geometry": { "type": "Point", "coordinates": [ 130.692937, 32.599521 ] } },
{ "type": "Feature", "properties": { "ID": 432243660328, "正式名称": "小川中央クリニック", "機関区分": 2, "都道府県コード": 43, "市区町村コード": 213, "所在地": "熊本県宇城市小川町江頭３９３ー１", "緯度": 32.598299, "経度": 130.700603, "url": "https://www.iryou.teikyouseido.mhlw.go.jp/znk-web/juminkanja/S2430/initialize?prefCd=43&kikanCd=243660328&kikanKbn=2", "url2": null, "内容": "小川中央クリニック【2:診療所】【診療科目:内科_感染症内科_血液内科_糖尿病・代謝内科_呼吸器内科_循環器内科_消化器内科_胃腸内科_疼痛緩和内科_ペインクリニック内科_緩和ケア内科_外科_リハビリテーション科_病理診断科_臨床検査科】熊本県宇城市小川町江頭３９３ー１" }, "geometry": { "type": "Point", "coordinates": [ 130.700603, 32.598299 ] } },
{ "type": "Feature", "properties": { "ID": 432243660344, "正式名称": "坂口医院", "機関区分": 2, "都道府県コード": 43, "市区町村コード": 213, "所在地": "熊本県宇城市松橋町松橋４７３", "緯度": 32.650502, "経度": 130.678138, "url": "https://www.iryou.teikyouseido.mhlw.go.jp/znk-web/juminkanja/S2430/initialize?prefCd=43&kikanCd=243660344&kikanKbn=2", "url2": "http://www.sakaguchiiin.com/", "内容": "坂口医院【2:診療所】【診療科目:内科_胃腸内科_小児科】熊本県宇城市松橋町松橋４７３" }, "geometry": { "type": "Point", "coordinates": [ 130.678138, 32.650502 ] } },
{ "type": "Feature", "properties": { "ID": 432243660360, "正式名称": "じょうどいクリニック", "機関区分": 2, "都道府県コード": 43, "市区町村コード": 213, "所在地": "熊本県宇城市松橋町南豊崎５９６ー３", "緯度": 32.623766, "経度": 130.678622, "url": "https://www.iryou.teikyouseido.mhlw.go.jp/znk-web/juminkanja/S2430/initialize?prefCd=43&kikanCd=243660360&kikanKbn=2", "url2": null, "内容": "じょうどいクリニック【2:診療所】【診療科目:内科_消化器内科_外科_小児科】熊本県宇城市松橋町南豊崎５９６ー３" }, "geometry": { "type": "Point", "coordinates": [ 130.678622, 32.623766 ] } },
{ "type": "Feature", "properties": { "ID": 432243660399, "正式名称": "みどりかわクリニック", "機関区分": 2, "都道府県コード": 43, "市区町村コード": 211, "所在地": "熊本県宇土市野鶴町３４０ー１", "緯度": 32.695507, "経度": 130.625886, "url": "https://www.iryou.teikyouseido.mhlw.go.jp/znk-web/juminkanja/S2430/initialize?prefCd=43&kikanCd=243660399&kikanKbn=2", "url2": "http://www.odakai.com/m-clinic/", "内容": "みどりかわクリニック【2:診療所】【診療科目:内科_小児科】熊本県宇土市野鶴町３４０ー１" }, "geometry": { "type": "Point", "coordinates": [ 130.625886, 32.695507 ] } },
{ "type": "Feature", "properties": { "ID": 432243660461, "正式名称": "中村医院", "機関区分": 2, "都道府県コード": 43, "市区町村コード": 213, "所在地": "熊本県宇城市松橋町砂川１７２９ー２", "緯度": 32.60915, "経度": 130.676243, "url": "https://www.iryou.teikyouseido.mhlw.go.jp/znk-web/juminkanja/S2430/initialize?prefCd=43&kikanCd=243660461&kikanKbn=2", "url2": "www.uki-nakamura-clinic.jp", "内容": "中村医院【2:診療所】【診療科目:内科_循環器内科】熊本県宇城市松橋町砂川１７２９ー２" }, "geometry": { "type": "Point", "coordinates": [ 130.676243, 32.60915 ] } },
{ "type": "Feature", "properties": { "ID": 432243660504, "正式名称": "うきクリニック", "機関区分": 2, "都道府県コード": 43, "市区町村コード": 213, "所在地": "熊本県宇城市松橋町きらら１ー７ー８", "緯度": 32.645236, "経度": 130.678258, "url": "https://www.iryou.teikyouseido.mhlw.go.jp/znk-web/juminkanja/S2430/initialize?prefCd=43&kikanCd=243660504&kikanKbn=2", "url2": "http://www.uki-clinic.com", "内容": "うきクリニック【2:診療所】【診療科目:内科_消化器内科_腎臓内科_人工透析内科_泌尿器科】熊本県宇城市松橋町きらら１ー７ー８" }, "geometry": { "type": "Point", "coordinates": [ 130.678258, 32.645236 ] } },
{ "type": "Feature", "properties": { "ID": 432243660546, "正式名称": "美里リハビリテーションクリニック", "機関区分": 2, "都道府県コード": 43, "市区町村コード": 348, "所在地": "熊本県下益城郡美里町洞岳１３０８", "緯度": 32.635615, "経度": 130.922504, "url": "https://www.iryou.teikyouseido.mhlw.go.jp/znk-web/juminkanja/S2430/initialize?prefCd=43&kikanCd=243660546&kikanKbn=2", "url2": "http://www.reimeikai.jp/tomochi/", "内容": "美里リハビリテーションクリニック【2:診療所】【診療科目:内科_糖尿病内科_呼吸器内科_循環器内科_外科_整形外科_歯科_リハビリテーション科】熊本県下益城郡美里町洞岳１３０８" }, "geometry": { "type": "Point", "coordinates": [ 130.922504, 32.635615 ] } },
{ "type": "Feature", "properties": { "ID": 432243660562, "正式名称": "篠﨑内科クリニック", "機関区分": 2, "都道府県コード": 43, "市区町村コード": 213, "所在地": "熊本県宇城市松橋町曲野字南田２２７５番地１", "緯度": 32.662435, "経度": 130.695298, "url": "https://www.iryou.teikyouseido.mhlw.go.jp/znk-web/juminkanja/S2430/initialize?prefCd=43&kikanCd=243660562&kikanKbn=2", "url2": null, "内容": "篠﨑内科クリニック【2:診療所】【診療科目:内科_糖尿病・代謝内科_呼吸器内科_消化器内科】熊本県宇城市松橋町曲野字南田２２７５番地１" }, "geometry": { "type": "Point", "coordinates": [ 130.695298, 32.662435 ] } },
{ "type": "Feature", "properties": { "ID": 432243660618, "正式名称": "宇城総合クリニック", "機関区分": 2, "都道府県コード": 43, "市区町村コード": 213, "所在地": "熊本県宇城市松橋町豊福５０５", "緯度": 32.633192, "経度": 130.700765, "url": "https://www.iryou.teikyouseido.mhlw.go.jp/znk-web/juminkanja/S2430/initialize?prefCd=43&kikanCd=243660618&kikanKbn=2", "url2": "http://reimeikai.jp/uki-sougou-clinic/", "内容": "宇城総合クリニック【2:診療所】【診療科目:代謝内科_循環器内科_外科_消化器外科_放射線科】熊本県宇城市松橋町豊福５０５" }, "geometry": { "type": "Point", "coordinates": [ 130.700765, 32.633192 ] } },
{ "type": "Feature", "properties": { "ID": 432243670073, "正式名称": "鬼塚クリニック", "機関区分": 2, "都道府県コード": 43, "市区町村コード": 215, "所在地": "熊本県天草市亀場町食場９８４ー１", "緯度": 32.434506, "経度": 130.190909, "url": "https://www.iryou.teikyouseido.mhlw.go.jp/znk-web/juminkanja/S2430/initialize?prefCd=43&kikanCd=243670073&kikanKbn=2", "url2": null, "内容": "鬼塚クリニック【2:診療所】【診療科目:心臓内科_産科_婦人科】熊本県天草市亀場町食場９８４ー１" }, "geometry": { "type": "Point", "coordinates": [ 130.190909, 32.434506 ] } },
{ "type": "Feature", "properties": { "ID": 432243670103, "正式名称": "やまうち医院", "機関区分": 2, "都道府県コード": 43, "市区町村コード": 212, "所在地": "熊本県上天草市松島町阿村５０７２ー１２", "緯度": 32.519488, "経度": 130.434621, "url": "https://www.iryou.teikyouseido.mhlw.go.jp/znk-web/juminkanja/S2430/initialize?prefCd=43&kikanCd=243670103&kikanKbn=2", "url2": null, "内容": "やまうち医院【2:診療所】【診療科目:内科_小児科_アレルギー科_リハビリテーション科】熊本県上天草市松島町阿村５０７２ー１２" }, "geometry": { "type": "Point", "coordinates": [ 130.434621, 32.519488 ] } },
{ "type": "Feature", "properties": { "ID": 432243670116, "正式名称": "竹中医院", "機関区分": 2, "都道府県コード": 43, "市区町村コード": 212, "所在地": "熊本県上天草市姫戸町二間戸２２７９ー２", "緯度": 32.431864, "経度": 130.398906, "url": "https://www.iryou.teikyouseido.mhlw.go.jp/znk-web/juminkanja/S2430/initialize?prefCd=43&kikanCd=243670116&kikanKbn=2", "url2": null, "内容": "竹中医院【2:診療所】【診療科目:内科_消化器内科】熊本県上天草市姫戸町二間戸２２７９ー２" }, "geometry": { "type": "Point", "coordinates": [ 130.398906, 32.431864 ] } },
{ "type": "Feature", "properties": { "ID": 432243670132, "正式名称": "春田医院", "機関区分": 2, "都道府県コード": 43, "市区町村コード": 212, "所在地": "熊本県上天草市松島町阿村８０８ー６", "緯度": 32.518208, "経度": 130.448145, "url": "https://www.iryou.teikyouseido.mhlw.go.jp/znk-web/juminkanja/S2430/initialize?prefCd=43&kikanCd=243670132&kikanKbn=2", "url2": null, "内容": "春田医院【2:診療所】【診療科目:内科_外科_小児科】熊本県上天草市松島町阿村８０８ー６" }, "geometry": { "type": "Point", "coordinates": [ 130.448145, 32.518208 ] } },
{ "type": "Feature", "properties": { "ID": 432243670158, "正式名称": "石松ファミリークリニック", "機関区分": 2, "都道府県コード": 43, "市区町村コード": 215, "所在地": "熊本県天草市久玉町１４１１ー１３３", "緯度": 32.216568, "経度": 130.032946, "url": "https://www.iryou.teikyouseido.mhlw.go.jp/znk-web/juminkanja/S2430/initialize?prefCd=43&kikanCd=243670158&kikanKbn=2", "url2": "https://nakamuraclinic-1hp.peraichi.com/", "内容": "石松ファミリークリニック【2:診療所】【診療科目:内科_循環器内科_整形外科_リハビリテーション科】熊本県天草市久玉町１４１１ー１３３" }, "geometry": { "type": "Point", "coordinates": [ 130.032946, 32.216568 ] } },
{ "type": "Feature", "properties": { "ID": 432243670204, "正式名称": "大矢野クリニック", "機関区分": 2, "都道府県コード": 43, "市区町村コード": 212, "所在地": "熊本県上天草市大矢野町上２３５３ー２", "緯度": 32.591522, "経度": 130.430613, "url": "https://www.iryou.teikyouseido.mhlw.go.jp/znk-web/juminkanja/S2430/initialize?prefCd=43&kikanCd=243670204&kikanKbn=2", "url2": "http://www.eijukai-amakusa.com/", "内容": "大矢野クリニック【2:診療所】【診療科目:内科_泌尿器科】熊本県上天草市大矢野町上２３５３ー２" }, "geometry": { "type": "Point", "coordinates": [ 130.430613, 32.591522 ] } },
{ "type": "Feature", "properties": { "ID": 432243670220, "正式名称": "野田医院", "機関区分": 2, "都道府県コード": 43, "市区町村コード": 215, "所在地": "熊本県天草市河浦町河浦", "緯度": 32.327447, "経度": 130.074896, "url": "https://www.iryou.teikyouseido.mhlw.go.jp/znk-web/juminkanja/S2430/initialize?prefCd=43&kikanCd=243670220&kikanKbn=2", "url2": null, "内容": "野田医院【2:診療所】【診療科目:内科_神経科】熊本県天草市河浦町河浦" }, "geometry": { "type": "Point", "coordinates": [ 130.074896, 32.327447 ] } },
{ "type": "Feature", "properties": { "ID": 432243670233, "正式名称": "医療法人　誠啓会　やました医院", "機関区分": 2, "都道府県コード": 43, "市区町村コード": 215, "所在地": "熊本県天草市北原町２ー１", "緯度": 32.464529, "経度": 130.18808, "url": "https://www.iryou.teikyouseido.mhlw.go.jp/znk-web/juminkanja/S2430/initialize?prefCd=43&kikanCd=243670233&kikanKbn=2", "url2": null, "内容": "医療法人　誠啓会　やました医院【2:診療所】【診療科目:内科_循環器内科】熊本県天草市北原町２ー１" }, "geometry": { "type": "Point", "coordinates": [ 130.18808, 32.464529 ] } },
{ "type": "Feature", "properties": { "ID": 432243670275, "正式名称": "天草ふれあいクリニック", "機関区分": 2, "都道府県コード": 43, "市区町村コード": 215, "所在地": "熊本県天草市丸尾町１６ー３４", "緯度": 32.472095, "経度": 130.185902, "url": "https://www.iryou.teikyouseido.mhlw.go.jp/znk-web/juminkanja/S2430/initialize?prefCd=43&kikanCd=243670275&kikanKbn=2", "url2": "amafure.jp", "内容": "天草ふれあいクリニック【2:診療所】【診療科目:内科_精神科】熊本県天草市丸尾町１６ー３４" }, "geometry": { "type": "Point", "coordinates": [ 130.185902, 32.472095 ] } },
{ "type": "Feature", "properties": { "ID": 432243670291, "正式名称": "かわはら眼科クリニック", "機関区分": 2, "都道府県コード": 43, "市区町村コード": 215, "所在地": "熊本県天草市八幡町７ー２６", "緯度": 32.466748, "経度": 130.188524, "url": "https://www.iryou.teikyouseido.mhlw.go.jp/znk-web/juminkanja/S2430/initialize?prefCd=43&kikanCd=243670291&kikanKbn=2", "url2": "http://www.acn-tv.ne.jp/~marine/", "内容": "かわはら眼科クリニック【2:診療所】【診療科目:眼科】熊本県天草市八幡町７ー２６" }, "geometry": { "type": "Point", "coordinates": [ 130.188524, 32.466748 ] } },
{ "type": "Feature", "properties": { "ID": 432243670334, "正式名称": "大岩クリニック", "機関区分": 2, "都道府県コード": 43, "市区町村コード": 215, "所在地": "熊本県天草市御所浦町御所浦３１００ー６", "緯度": 32.349525, "経度": 130.345735, "url": "https://www.iryou.teikyouseido.mhlw.go.jp/znk-web/juminkanja/S2430/initialize?prefCd=43&kikanCd=243670334&kikanKbn=2", "url2": null, "内容": "大岩クリニック【2:診療所】【診療科目:内科_外科_小児科_リハビリテーション科】熊本県天草市御所浦町御所浦３１００ー６" }, "geometry": { "type": "Point", "coordinates": [ 130.345735, 32.349525 ] } },
{ "type": "Feature", "properties": { "ID": 432243670347, "正式名称": "うしぶか皮膚科・形成外科クリニック", "機関区分": 2, "都道府県コード": 43, "市区町村コード": 215, "所在地": "熊本県天草市牛深町１４９８ー２５", "緯度": 32.203166, "経度": 130.030809, "url": "https://www.iryou.teikyouseido.mhlw.go.jp/znk-web/juminkanja/S2430/initialize?prefCd=43&kikanCd=243670347&kikanKbn=2", "url2": null, "内容": "うしぶか皮膚科・形成外科クリニック【2:診療所】【診療科目:形成外科_皮膚科_アレルギー科】熊本県天草市牛深町１４９８ー２５" }, "geometry": { "type": "Point", "coordinates": [ 130.030809, 32.203166 ] } },
{ "type": "Feature", "properties": { "ID": 432243670363, "正式名称": "おくむら皮ふ科", "機関区分": 2, "都道府県コード": 43, "市区町村コード": 215, "所在地": "熊本県天草市南新町４ー１３", "緯度": 32.45283, "経度": 130.194197, "url": "https://www.iryou.teikyouseido.mhlw.go.jp/znk-web/juminkanja/S2430/initialize?prefCd=43&kikanCd=243670363&kikanKbn=2", "url2": null, "内容": "おくむら皮ふ科【2:診療所】【診療科目:皮膚科】熊本県天草市南新町４ー１３" }, "geometry": { "type": "Point", "coordinates": [ 130.194197, 32.45283 ] } },
{ "type": "Feature", "properties": { "ID": 432243670376, "正式名称": "大塚泌尿器科クリニック", "機関区分": 2, "都道府県コード": 43, "市区町村コード": 215, "所在地": "熊本県天草市東浜町１４ー１５", "緯度": 32.458179, "経度": 130.191208, "url": "https://www.iryou.teikyouseido.mhlw.go.jp/znk-web/juminkanja/S2430/initialize?prefCd=43&kikanCd=243670376&kikanKbn=2", "url2": "http://www.otsukakai.com", "内容": "大塚泌尿器科クリニック【2:診療所】【診療科目:泌尿器科_麻酔科】熊本県天草市東浜町１４ー１５" }, "geometry": { "type": "Point", "coordinates": [ 130.191208, 32.458179 ] } },
{ "type": "Feature", "properties": { "ID": 432243670389, "正式名称": "とりや耳鼻科", "機関区分": 2, "都道府県コード": 43, "市区町村コード": 215, "所在地": "熊本県天草市南新町７ー１５パサージュみなみ２Ｆ", "緯度": 32.453924, "経度": 130.194938, "url": "https://www.iryou.teikyouseido.mhlw.go.jp/znk-web/juminkanja/S2430/initialize?prefCd=43&kikanCd=243670389&kikanKbn=2", "url2": null, "内容": "とりや耳鼻科【2:診療所】【診療科目:耳鼻いんこう科】熊本県天草市南新町７ー１５パサージュみなみ２Ｆ" }, "geometry": { "type": "Point", "coordinates": [ 130.194938, 32.453924 ] } },
{ "type": "Feature", "properties": { "ID": 432243670419, "正式名称": "楽洋クリニック", "機関区分": 2, "都道府県コード": 43, "市区町村コード": 215, "所在地": "熊本県天草市五和町二江４４８８ー５", "緯度": 32.545657, "経度": 130.120734, "url": "https://www.iryou.teikyouseido.mhlw.go.jp/znk-web/juminkanja/S2430/initialize?prefCd=43&kikanCd=243670419&kikanKbn=2", "url2": null, "内容": "楽洋クリニック【2:診療所】【診療科目:内科_皮膚科_泌尿器科】熊本県天草市五和町二江４４８８ー５" }, "geometry": { "type": "Point", "coordinates": [ 130.120734, 32.545657 ] } },
{ "type": "Feature", "properties": { "ID": 432243670464, "正式名称": "本渡クリニック", "機関区分": 2, "都道府県コード": 43, "市区町村コード": 215, "所在地": "熊本県天草市亀場町亀川２５４", "緯度": 32.440564, "経度": 130.194964, "url": "https://www.iryou.teikyouseido.mhlw.go.jp/znk-web/juminkanja/S2430/initialize?prefCd=43&kikanCd=243670464&kikanKbn=2", "url2": null, "内容": "本渡クリニック【2:診療所】【診療科目:形成外科_皮膚科】熊本県天草市亀場町亀川２５４" }, "geometry": { "type": "Point", "coordinates": [ 130.194964, 32.440564 ] } },
{ "type": "Feature", "properties": { "ID": 432243670507, "正式名称": "中山内科・循環器内科クリニック", "機関区分": 2, "都道府県コード": 43, "市区町村コード": 215, "所在地": "熊本県天草市太田町８ー８", "緯度": 32.45086, "経度": 130.197202, "url": "https://www.iryou.teikyouseido.mhlw.go.jp/znk-web/juminkanja/S2430/initialize?prefCd=43&kikanCd=243670507&kikanKbn=2", "url2": null, "内容": "中山内科・循環器内科クリニック【2:診療所】【診療科目:内科_循環器内科】熊本県天草市太田町８ー８" }, "geometry": { "type": "Point", "coordinates": [ 130.197202, 32.45086 ] } },
{ "type": "Feature", "properties": { "ID": 432243670523, "正式名称": "吉田クリニック", "機関区分": 2, "都道府県コード": 43, "市区町村コード": 212, "所在地": "熊本県上天草市大矢野町中８３０８－１", "緯度": 32.557123, "経度": 130.439638, "url": "https://www.iryou.teikyouseido.mhlw.go.jp/znk-web/juminkanja/S2430/initialize?prefCd=43&kikanCd=243670523&kikanKbn=2", "url2": null, "内容": "吉田クリニック【2:診療所】【診療科目:内科_呼吸器内科_循環器内科_消化器内科_神経内科】熊本県上天草市大矢野町中８３０８－１" }, "geometry": { "type": "Point", "coordinates": [ 130.439638, 32.557123 ] } },
{ "type": "Feature", "properties": { "ID": 432243670536, "正式名称": "永芳医院", "機関区分": 2, "都道府県コード": 43, "市区町村コード": 215, "所在地": "熊本県天草市栄町１２ー３１", "緯度": 32.454691, "経度": 130.191313, "url": "https://www.iryou.teikyouseido.mhlw.go.jp/znk-web/juminkanja/S2430/initialize?prefCd=43&kikanCd=243670536&kikanKbn=2", "url2": null, "内容": "永芳医院【2:診療所】【診療科目:内科_小児科_泌尿器科】熊本県天草市栄町１２ー３１" }, "geometry": { "type": "Point", "coordinates": [ 130.191313, 32.454691 ] } },
{ "type": "Feature", "properties": { "ID": 432243670552, "正式名称": "十万山クリニック", "機関区分": 2, "都道府県コード": 43, "市区町村コード": 215, "所在地": "熊本県天草市本渡町広瀬５ー２１", "緯度": 32.46537, "経度": 130.200296, "url": "https://www.iryou.teikyouseido.mhlw.go.jp/znk-web/juminkanja/S2430/initialize?prefCd=43&kikanCd=243670552&kikanKbn=2", "url2": "http://www.jyumanyama.com", "内容": "十万山クリニック【2:診療所】【診療科目:内科_小児科】熊本県天草市本渡町広瀬５ー２１" }, "geometry": { "type": "Point", "coordinates": [ 130.200296, 32.46537 ] } },
{ "type": "Feature", "properties": { "ID": 432243670565, "正式名称": "中村こども・内科クリニック", "機関区分": 2, "都道府県コード": 43, "市区町村コード": 215, "所在地": "熊本県天草市五和町二江１４７７ー５７", "緯度": 32.54284, "経度": 130.13525, "url": "https://www.iryou.teikyouseido.mhlw.go.jp/znk-web/juminkanja/S2430/initialize?prefCd=43&kikanCd=243670565&kikanKbn=2", "url2": "http://www.nkodomo.com/", "内容": "中村こども・内科クリニック【2:診療所】【診療科目:内科_小児科】熊本県天草市五和町二江１４７７ー５７" }, "geometry": { "type": "Point", "coordinates": [ 130.13525, 32.54284 ] } },
{ "type": "Feature", "properties": { "ID": 432243670594, "正式名称": "葦原医院", "機関区分": 2, "都道府県コード": 43, "市区町村コード": 215, "所在地": "熊本県天草市今釜町８ー１３", "緯度": 32.46182, "経度": 130.193932, "url": "https://www.iryou.teikyouseido.mhlw.go.jp/znk-web/juminkanja/S2430/initialize?prefCd=43&kikanCd=243670594&kikanKbn=2", "url2": "http://www.ashiharaiin.jp", "内容": "葦原医院【2:診療所】【診療科目:内科_消化器内科_肝臓内科】熊本県天草市今釜町８ー１３" }, "geometry": { "type": "Point", "coordinates": [ 130.193932, 32.46182 ] } },
{ "type": "Feature", "properties": { "ID": 432243670624, "正式名称": "やの眼科", "機関区分": 2, "都道府県コード": 43, "市区町村コード": 215, "所在地": "熊本県天草市亀場町食場７４０番地", "緯度": 32.446554, "経度": 130.186079, "url": "https://www.iryou.teikyouseido.mhlw.go.jp/znk-web/juminkanja/S2430/initialize?prefCd=43&kikanCd=243670624&kikanKbn=2", "url2": null, "内容": "やの眼科【2:診療所】【診療科目:眼科】熊本県天草市亀場町食場７４０番地" }, "geometry": { "type": "Point", "coordinates": [ 130.186079, 32.446554 ] } },
{ "type": "Feature", "properties": { "ID": 432243670637, "正式名称": "こくまい耳鼻咽喉科・アレルギー科クリニック", "機関区分": 2, "都道府県コード": 43, "市区町村コード": 215, "所在地": "熊本県天草市中村町５ー２５", "緯度": 32.468412, "経度": 130.188274, "url": "https://www.iryou.teikyouseido.mhlw.go.jp/znk-web/juminkanja/S2430/initialize?prefCd=43&kikanCd=243670637&kikanKbn=2", "url2": "http://www.kokumai-clinic.com/", "内容": "こくまい耳鼻咽喉科・アレルギー科クリニック【2:診療所】【診療科目:耳鼻いんこう科_アレルギー科】熊本県天草市中村町５ー２５" }, "geometry": { "type": "Point", "coordinates": [ 130.188274, 32.468412 ] } },
{ "type": "Feature", "properties": { "ID": 432243670679, "正式名称": "苓北クリニック", "機関区分": 2, "都道府県コード": 43, "市区町村コード": 531, "所在地": "熊本県天草郡苓北町富岡３２７３ー２", "緯度": 32.517731, "経度": 130.036238, "url": "https://www.iryou.teikyouseido.mhlw.go.jp/znk-web/juminkanja/S2430/initialize?prefCd=43&kikanCd=243670679&kikanKbn=2", "url2": "http://reihokuclinic.com", "内容": "苓北クリニック【2:診療所】【診療科目:内科_外科_整形外科_心療内科_リハビリテーション科】熊本県天草郡苓北町富岡３２７３ー２" }, "geometry": { "type": "Point", "coordinates": [ 130.036238, 32.517731 ] } },
{ "type": "Feature", "properties": { "ID": 432243670695, "正式名称": "上天草内科呼吸器科クリニック", "機関区分": 2, "都道府県コード": 43, "市区町村コード": 212, "所在地": "熊本県上天草市大矢野町登立９６１６ー８", "緯度": 32.586469, "経度": 130.431182, "url": "https://www.iryou.teikyouseido.mhlw.go.jp/znk-web/juminkanja/S2430/initialize?prefCd=43&kikanCd=243670695&kikanKbn=2", "url2": "https://www.kamiamacl.com/", "内容": "上天草内科呼吸器科クリニック【2:診療所】【診療科目:内科_呼吸器内科】熊本県上天草市大矢野町登立９６１６ー８" }, "geometry": { "type": "Point", "coordinates": [ 130.431182, 32.586469 ] } },
{ "type": "Feature", "properties": { "ID": 432243670741, "正式名称": "三宅皮ふ科クリニック", "機関区分": 2, "都道府県コード": 43, "市区町村コード": 215, "所在地": "熊本県天草市八幡町７ー１８", "緯度": 32.466887, "経度": 130.188549, "url": "https://www.iryou.teikyouseido.mhlw.go.jp/znk-web/juminkanja/S2430/initialize?prefCd=43&kikanCd=243670741&kikanKbn=2", "url2": null, "内容": "三宅皮ふ科クリニック【2:診療所】【診療科目:皮膚科】熊本県天草市八幡町７ー１８" }, "geometry": { "type": "Point", "coordinates": [ 130.188549, 32.466887 ] } },
{ "type": "Feature", "properties": { "ID": 432243670767, "正式名称": "わせだ直子レディースクリニック", "機関区分": 2, "都道府県コード": 43, "市区町村コード": 215, "所在地": "熊本県天草市港町１６ー３１", "緯度": 32.455482, "経度": 130.195099, "url": "https://www.iryou.teikyouseido.mhlw.go.jp/znk-web/juminkanja/S2430/initialize?prefCd=43&kikanCd=243670767&kikanKbn=2", "url2": null, "内容": "わせだ直子レディースクリニック【2:診療所】【診療科目:産婦人科】熊本県天草市港町１６ー３１" }, "geometry": { "type": "Point", "coordinates": [ 130.195099, 32.455482 ] } },
{ "type": "Feature", "properties": { "ID": 432243670770, "正式名称": "在宅とつながるクリニック天草", "機関区分": 2, "都道府県コード": 43, "市区町村コード": 215, "所在地": "熊本県天草市宮地岳町１７３４ー２", "緯度": 32.381879, "経度": 130.128744, "url": "https://www.iryou.teikyouseido.mhlw.go.jp/znk-web/juminkanja/S2430/initialize?prefCd=43&kikanCd=243670770&kikanKbn=2", "url2": "https://kaerukai.com", "内容": "在宅とつながるクリニック天草【2:診療所】【診療科目:内科_心療内科】熊本県天草市宮地岳町１７３４ー２" }, "geometry": { "type": "Point", "coordinates": [ 130.128744, 32.381879 ] } },
{ "type": "Feature", "properties": { "ID": 432243670796, "正式名称": "尾上医院", "機関区分": 2, "都道府県コード": 43, "市区町村コード": 215, "所在地": "熊本県天草市大浜町８ー１０", "緯度": 32.458524, "経度": 130.190051, "url": "https://www.iryou.teikyouseido.mhlw.go.jp/znk-web/juminkanja/S2430/initialize?prefCd=43&kikanCd=243670796&kikanKbn=2", "url2": "onoueiin/jp", "内容": "尾上医院【2:診療所】【診療科目:内科_消化器内科】熊本県天草市大浜町８ー１０" }, "geometry": { "type": "Point", "coordinates": [ 130.190051, 32.458524 ] } },
{ "type": "Feature", "properties": { "ID": 432243670813, "正式名称": "小松医院", "機関区分": 2, "都道府県コード": 43, "市区町村コード": 215, "所在地": "熊本県天草市牛深町１４９８番地２７", "緯度": 32.206877, "経度": 130.028417, "url": "https://www.iryou.teikyouseido.mhlw.go.jp/znk-web/juminkanja/S2430/initialize?prefCd=43&kikanCd=243670813&kikanKbn=2", "url2": null, "内容": "小松医院【2:診療所】【診療科目:内科_呼吸器内科_循環器内科_消化器内科_リハビリテーション科】熊本県天草市牛深町１４９８番地２７" }, "geometry": { "type": "Point", "coordinates": [ 130.028417, 32.206877 ] } },
{ "type": "Feature", "properties": { "ID": 432243670842, "正式名称": "天草総合内科・内視鏡クリニック", "機関区分": 2, "都道府県コード": 43, "市区町村コード": 215, "所在地": "熊本県天草市亀場町亀川１６８０", "緯度": 32.444511, "経度": 130.199941, "url": "https://www.iryou.teikyouseido.mhlw.go.jp/znk-web/juminkanja/S2430/initialize?prefCd=43&kikanCd=243670842&kikanKbn=2", "url2": null, "内容": "天草総合内科・内視鏡クリニック【2:診療所】【診療科目:内科_消化器内科_胃腸内科】熊本県天草市亀場町亀川１６８０" }, "geometry": { "type": "Point", "coordinates": [ 130.199941, 32.444511 ] } },
{ "type": "Feature", "properties": { "ID": 432243670884, "正式名称": "まえかわ整形外科", "機関区分": 2, "都道府県コード": 43, "市区町村コード": 215, "所在地": "熊本県天草市東町７ー４３", "緯度": 32.451675, "経度": 130.20125, "url": "https://www.iryou.teikyouseido.mhlw.go.jp/znk-web/juminkanja/S2430/initialize?prefCd=43&kikanCd=243670884&kikanKbn=2", "url2": null, "内容": "まえかわ整形外科【2:診療所】【診療科目:整形外科_リハビリテーション科】熊本県天草市東町７ー４３" }, "geometry": { "type": "Point", "coordinates": [ 130.20125, 32.451675 ] } },
{ "type": "Feature", "properties": { "ID": 432243670897, "正式名称": "国民健康保険天草市立御所浦診療所", "機関区分": 2, "都道府県コード": 43, "市区町村コード": 215, "所在地": "熊本県天草市御所浦町御所浦２０８１ー１３", "緯度": 32.351064, "経度": 130.356279, "url": "https://www.iryou.teikyouseido.mhlw.go.jp/znk-web/juminkanja/S2430/initialize?prefCd=43&kikanCd=243670897&kikanKbn=2", "url2": "http://www.city.amakusa.kumamoto.jp/amakusahp/gosyoura/index.html", "内容": "国民健康保険天草市立御所浦診療所【2:診療所】【診療科目:内科_整形外科_眼科_精神科_歯科】熊本県天草市御所浦町御所浦２０８１ー１３" }, "geometry": { "type": "Point", "coordinates": [ 130.356279, 32.351064 ] } },
{ "type": "Feature", "properties": { "ID": 432243670930, "正式名称": "あまくさ乳腺クリニック", "機関区分": 2, "都道府県コード": 43, "市区町村コード": 215, "所在地": "熊本県天草市八幡町１６番２０号", "緯度": 32.467065, "経度": 130.18933, "url": "https://www.iryou.teikyouseido.mhlw.go.jp/znk-web/juminkanja/S2430/initialize?prefCd=43&kikanCd=243670930&kikanKbn=2", "url2": "https://amakusa-bc.com/", "内容": "あまくさ乳腺クリニック【2:診療所】【診療科目:内科_乳腺外科】熊本県天草市八幡町１６番２０号" }, "geometry": { "type": "Point", "coordinates": [ 130.18933, 32.467065 ] } },
{ "type": "Feature", "properties": { "ID": 432243670998, "正式名称": "天草まつもとクリニック", "機関区分": 2, "都道府県コード": 43, "市区町村コード": 215, "所在地": "熊本県天草市南新町７－１", "緯度": 32.454292, "経度": 130.194685, "url": "https://www.iryou.teikyouseido.mhlw.go.jp/znk-web/juminkanja/S2430/initialize?prefCd=43&kikanCd=243670998&kikanKbn=2", "url2": null, "内容": "天草まつもとクリニック【2:診療所】【診療科目:内科_糖尿病内科_緩和ケア内科_眼科】熊本県天草市南新町７－１" }, "geometry": { "type": "Point", "coordinates": [ 130.194685, 32.454292 ] } }
]
}
