{
"type": "FeatureCollection",
"name": "geo_43_3",
"crs": { "type": "name", "properties": { "name": "urn:ogc:def:crs:OGC:1.3:CRS84" } },
"features": [
{ "type": "Feature", "properties": { "ID": 433343310060, "正式名称": "宇都宮歯科医院", "機関区分": 3, "都道府県コード": 43, "市区町村コード": 102, "所在地": "熊本県熊本市東区保田窪本町１６ー３３", "緯度": 32.810236, "経度": 130.747917, "url": "https://www.iryou.teikyouseido.mhlw.go.jp/znk-web/juminkanja/S2430/initialize?prefCd=43&kikanCd=343310060&kikanKbn=3", "url2": null, "内容": "宇都宮歯科医院【3:歯科】熊本県熊本市東区保田窪本町１６ー３３" }, "geometry": { "type": "Point", "coordinates": [ 130.747917, 32.810236 ] } },
{ "type": "Feature", "properties": { "ID": 433343310129, "正式名称": "川﨑歯科医院", "機関区分": 3, "都道府県コード": 43, "市区町村コード": 101, "所在地": "熊本県熊本市中央区安政町２ー２６", "緯度": 32.801698, "経度": 130.710433, "url": "https://www.iryou.teikyouseido.mhlw.go.jp/znk-web/juminkanja/S2430/initialize?prefCd=43&kikanCd=343310129&kikanKbn=3", "url2": "http://www.kawasaki-do.com/", "内容": "川﨑歯科医院【3:歯科】熊本県熊本市中央区安政町２ー２６" }, "geometry": { "type": "Point", "coordinates": [ 130.710433, 32.801698 ] } },
{ "type": "Feature", "properties": { "ID": 433343310174, "正式名称": "坂梨歯科医院", "機関区分": 3, "都道府県コード": 43, "市区町村コード": 101, "所在地": "熊本県熊本市中央区新屋敷２ー１７ー１９", "緯度": 32.807217, "経度": 130.722837, "url": "https://www.iryou.teikyouseido.mhlw.go.jp/znk-web/juminkanja/S2430/initialize?prefCd=43&kikanCd=343310174&kikanKbn=3", "url2": null, "内容": "坂梨歯科医院【3:歯科】熊本県熊本市中央区新屋敷２ー１７ー１９" }, "geometry": { "type": "Point", "coordinates": [ 130.722837, 32.807217 ] } },
{ "type": "Feature", "properties": { "ID": 433343310305, "正式名称": "田上歯科医院", "機関区分": 3, "都道府県コード": 43, "市区町村コード": 102, "所在地": "熊本県熊本市東区錦ケ丘１８ー６", "緯度": 32.788649, "経度": 130.755256, "url": "https://www.iryou.teikyouseido.mhlw.go.jp/znk-web/juminkanja/S2430/initialize?prefCd=43&kikanCd=343310305&kikanKbn=3", "url2": "http://www.tanoue-delions.com", "内容": "田上歯科医院【3:歯科】熊本県熊本市東区錦ケ丘１８ー６" }, "geometry": { "type": "Point", "coordinates": [ 130.755256, 32.788649 ] } },
{ "type": "Feature", "properties": { "ID": 433343310363, "正式名称": "出口歯科医院", "機関区分": 3, "都道府県コード": 43, "市区町村コード": 101, "所在地": "熊本県熊本市中央区神水１ー６ー３野田ビル３Ｆ", "緯度": 32.787677, "経度": 130.741948, "url": "https://www.iryou.teikyouseido.mhlw.go.jp/znk-web/juminkanja/S2430/initialize?prefCd=43&kikanCd=343310363&kikanKbn=3", "url2": null, "内容": "出口歯科医院【3:歯科】熊本県熊本市中央区神水１ー６ー３野田ビル３Ｆ" }, "geometry": { "type": "Point", "coordinates": [ 130.741948, 32.787677 ] } },
{ "type": "Feature", "properties": { "ID": 433343310389, "正式名称": "西野歯科医院", "機関区分": 3, "都道府県コード": 43, "市区町村コード": 101, "所在地": "熊本県熊本市中央区子飼本町６ー２６", "緯度": 32.81288, "経度": 130.721479, "url": "https://www.iryou.teikyouseido.mhlw.go.jp/znk-web/juminkanja/S2430/initialize?prefCd=43&kikanCd=343310389&kikanKbn=3", "url2": null, "内容": "西野歯科医院【3:歯科】熊本県熊本市中央区子飼本町６ー２６" }, "geometry": { "type": "Point", "coordinates": [ 130.721479, 32.81288 ] } },
{ "type": "Feature", "properties": { "ID": 433343310435, "正式名称": "堀川歯科診療所", "機関区分": 3, "都道府県コード": 43, "市区町村コード": 102, "所在地": "熊本県熊本市東区三郎１丁目１０番２３号", "緯度": 32.797346, "経度": 130.757642, "url": "https://www.iryou.teikyouseido.mhlw.go.jp/znk-web/juminkanja/S2430/initialize?prefCd=43&kikanCd=343310435&kikanKbn=3", "url2": "http://www.horikawa-shika.com", "内容": "堀川歯科診療所【3:歯科】熊本県熊本市東区三郎１丁目１０番２３号" }, "geometry": { "type": "Point", "coordinates": [ 130.757642, 32.797346 ] } },
{ "type": "Feature", "properties": { "ID": 433343310507, "正式名称": "山室歯科医院", "機関区分": 3, "都道府県コード": 43, "市区町村コード": 101, "所在地": "熊本県熊本市中央区帯山３ー３６ー８", "緯度": 32.798074, "経度": 130.747714, "url": "https://www.iryou.teikyouseido.mhlw.go.jp/znk-web/juminkanja/S2430/initialize?prefCd=43&kikanCd=343310507&kikanKbn=3", "url2": null, "内容": "山室歯科医院【3:歯科】熊本県熊本市中央区帯山３ー３６ー８" }, "geometry": { "type": "Point", "coordinates": [ 130.747714, 32.798074 ] } },
{ "type": "Feature", "properties": { "ID": 433343310549, "正式名称": "岡田歯科医院", "機関区分": 3, "都道府県コード": 43, "市区町村コード": 101, "所在地": "熊本県熊本市中央区本荘５ー１０ー２８", "緯度": 32.792368, "経度": 130.704292, "url": "https://www.iryou.teikyouseido.mhlw.go.jp/znk-web/juminkanja/S2430/initialize?prefCd=43&kikanCd=343310549&kikanKbn=3", "url2": null, "内容": "岡田歯科医院【3:歯科】熊本県熊本市中央区本荘５ー１０ー２８" }, "geometry": { "type": "Point", "coordinates": [ 130.704292, 32.792368 ] } },
{ "type": "Feature", "properties": { "ID": 433343310608, "正式名称": "千場歯科医院", "機関区分": 3, "都道府県コード": 43, "市区町村コード": 101, "所在地": "熊本県熊本市中央区安政町４ー１９", "緯度": 32.801023, "経度": 130.71281, "url": "https://www.iryou.teikyouseido.mhlw.go.jp/znk-web/juminkanja/S2430/initialize?prefCd=43&kikanCd=343310608&kikanKbn=3", "url2": null, "内容": "千場歯科医院【3:歯科】熊本県熊本市中央区安政町４ー１９" }, "geometry": { "type": "Point", "coordinates": [ 130.71281, 32.801023 ] } },
{ "type": "Feature", "properties": { "ID": 433343310640, "正式名称": "牧野歯科医院", "機関区分": 3, "都道府県コード": 43, "市区町村コード": 101, "所在地": "熊本県熊本市中央区水道町４ー２７", "緯度": 32.804592, "経度": 130.713402, "url": "https://www.iryou.teikyouseido.mhlw.go.jp/znk-web/juminkanja/S2430/initialize?prefCd=43&kikanCd=343310640&kikanKbn=3", "url2": null, "内容": "牧野歯科医院【3:歯科】熊本県熊本市中央区水道町４ー２７" }, "geometry": { "type": "Point", "coordinates": [ 130.713402, 32.804592 ] } },
{ "type": "Feature", "properties": { "ID": 433343310653, "正式名称": "河野歯科医院", "機関区分": 3, "都道府県コード": 43, "市区町村コード": 104, "所在地": "熊本県熊本市南区川尻６ー７ー１０", "緯度": 32.731528, "経度": 130.681287, "url": "https://www.iryou.teikyouseido.mhlw.go.jp/znk-web/juminkanja/S2430/initialize?prefCd=43&kikanCd=343310653&kikanKbn=3", "url2": null, "内容": "河野歯科医院【3:歯科】熊本県熊本市南区川尻６ー７ー１０" }, "geometry": { "type": "Point", "coordinates": [ 130.681287, 32.731528 ] } },
{ "type": "Feature", "properties": { "ID": 433343310666, "正式名称": "一般社団法人熊本県歯科医師会口腔保健センター", "機関区分": 3, "都道府県コード": 43, "市区町村コード": 101, "所在地": "熊本県熊本市中央区坪井２ー３ー６", "緯度": 32.809475, "経度": 130.714088, "url": "https://www.iryou.teikyouseido.mhlw.go.jp/znk-web/juminkanja/S2430/initialize?prefCd=43&kikanCd=343310666&kikanKbn=3", "url2": "http://www.kuma8020.com/center/", "内容": "一般社団法人熊本県歯科医師会口腔保健センター【3:歯科】熊本県熊本市中央区坪井２ー３ー６" }, "geometry": { "type": "Point", "coordinates": [ 130.714088, 32.809475 ] } },
{ "type": "Feature", "properties": { "ID": 433343310712, "正式名称": "渡辺歯科医院", "機関区分": 3, "都道府県コード": 43, "市区町村コード": 101, "所在地": "熊本県熊本市中央区帯山４ー２ー８１", "緯度": 32.800259, "経度": 130.747472, "url": "https://www.iryou.teikyouseido.mhlw.go.jp/znk-web/juminkanja/S2430/initialize?prefCd=43&kikanCd=343310712&kikanKbn=3", "url2": "http://nabeshikain.cihp2.jp", "内容": "渡辺歯科医院【3:歯科】熊本県熊本市中央区帯山４ー２ー８１" }, "geometry": { "type": "Point", "coordinates": [ 130.747472, 32.800259 ] } },
{ "type": "Feature", "properties": { "ID": 433343310741, "正式名称": "子飼歯科医院", "機関区分": 3, "都道府県コード": 43, "市区町村コード": 101, "所在地": "熊本県熊本市中央区西子飼町４ー１７", "緯度": 32.811508, "経度": 130.718443, "url": "https://www.iryou.teikyouseido.mhlw.go.jp/znk-web/juminkanja/S2430/initialize?prefCd=43&kikanCd=343310741&kikanKbn=3", "url2": "http://www.kokaisika.com", "内容": "子飼歯科医院【3:歯科】熊本県熊本市中央区西子飼町４ー１７" }, "geometry": { "type": "Point", "coordinates": [ 130.718443, 32.811508 ] } },
{ "type": "Feature", "properties": { "ID": 433343310767, "正式名称": "古賀歯科医院", "機関区分": 3, "都道府県コード": 43, "市区町村コード": 101, "所在地": "熊本県熊本市中央区出水１ー７ー５２", "緯度": 32.78731, "経度": 130.734184, "url": "https://www.iryou.teikyouseido.mhlw.go.jp/znk-web/juminkanja/S2430/initialize?prefCd=43&kikanCd=343310767&kikanKbn=3", "url2": null, "内容": "古賀歯科医院【3:歯科】熊本県熊本市中央区出水１ー７ー５２" }, "geometry": { "type": "Point", "coordinates": [ 130.734184, 32.78731 ] } },
{ "type": "Feature", "properties": { "ID": 433343310800, "正式名称": "ごとう歯科医院", "機関区分": 3, "都道府県コード": 43, "市区町村コード": 105, "所在地": "熊本県熊本市北区龍田４ー３０ー３８", "緯度": 32.843492, "経度": 130.754327, "url": "https://www.iryou.teikyouseido.mhlw.go.jp/znk-web/juminkanja/S2430/initialize?prefCd=43&kikanCd=343310800&kikanKbn=3", "url2": null, "内容": "ごとう歯科医院【3:歯科】熊本県熊本市北区龍田４ー３０ー３８" }, "geometry": { "type": "Point", "coordinates": [ 130.754327, 32.843492 ] } },
{ "type": "Feature", "properties": { "ID": 433343310884, "正式名称": "吉井歯科医院", "機関区分": 3, "都道府県コード": 43, "市区町村コード": 101, "所在地": "熊本県熊本市中央区城東町５ー５９", "緯度": 32.805767, "経度": 130.71041, "url": "https://www.iryou.teikyouseido.mhlw.go.jp/znk-web/juminkanja/S2430/initialize?prefCd=43&kikanCd=343310884&kikanKbn=3", "url2": "yoshiidental.com", "内容": "吉井歯科医院【3:歯科】熊本県熊本市中央区城東町５ー５９" }, "geometry": { "type": "Point", "coordinates": [ 130.71041, 32.805767 ] } },
{ "type": "Feature", "properties": { "ID": 433343310901, "正式名称": "木庭歯科医院", "機関区分": 3, "都道府県コード": 43, "市区町村コード": 101, "所在地": "熊本県熊本市中央区大江５ー１４ー１３", "緯度": 32.797237, "経度": 130.724509, "url": "https://www.iryou.teikyouseido.mhlw.go.jp/znk-web/juminkanja/S2430/initialize?prefCd=43&kikanCd=343310901&kikanKbn=3", "url2": null, "内容": "木庭歯科医院【3:歯科】熊本県熊本市中央区大江５ー１４ー１３" }, "geometry": { "type": "Point", "coordinates": [ 130.724509, 32.797237 ] } },
{ "type": "Feature", "properties": { "ID": 433343310914, "正式名称": "松原歯科医院", "機関区分": 3, "都道府県コード": 43, "市区町村コード": 102, "所在地": "熊本県熊本市東区長嶺南４ー１１ー１１４", "緯度": 32.807256, "経度": 130.772465, "url": "https://www.iryou.teikyouseido.mhlw.go.jp/znk-web/juminkanja/S2430/initialize?prefCd=43&kikanCd=343310914&kikanKbn=3", "url2": "http://www.matsubara-dental.com/pc/", "内容": "松原歯科医院【3:歯科】熊本県熊本市東区長嶺南４ー１１ー１１４" }, "geometry": { "type": "Point", "coordinates": [ 130.772465, 32.807256 ] } },
{ "type": "Feature", "properties": { "ID": 433343310956, "正式名称": "青木歯科医院", "機関区分": 3, "都道府県コード": 43, "市区町村コード": 101, "所在地": "熊本県熊本市中央区坪井３ー８ー３７", "緯度": 32.810739, "経度": 130.715188, "url": "https://www.iryou.teikyouseido.mhlw.go.jp/znk-web/juminkanja/S2430/initialize?prefCd=43&kikanCd=343310956&kikanKbn=3", "url2": null, "内容": "青木歯科医院【3:歯科】熊本県熊本市中央区坪井３ー８ー３７" }, "geometry": { "type": "Point", "coordinates": [ 130.715188, 32.810739 ] } },
{ "type": "Feature", "properties": { "ID": 433343310998, "正式名称": "合沢歯科医院", "機関区分": 3, "都道府県コード": 43, "市区町村コード": 102, "所在地": "熊本県熊本市東区尾ノ上４ー１１ー３３", "緯度": 32.798474, "経度": 130.762683, "url": "https://www.iryou.teikyouseido.mhlw.go.jp/znk-web/juminkanja/S2430/initialize?prefCd=43&kikanCd=343310998&kikanKbn=3", "url2": null, "内容": "合沢歯科医院【3:歯科】熊本県熊本市東区尾ノ上４ー１１ー３３" }, "geometry": { "type": "Point", "coordinates": [ 130.762683, 32.798474 ] } },
{ "type": "Feature", "properties": { "ID": 433343311025, "正式名称": "岡本歯科医院", "機関区分": 3, "都道府県コード": 43, "市区町村コード": 101, "所在地": "熊本県熊本市中央区神水２ー１６ー５", "緯度": 32.789166, "経度": 130.746842, "url": "https://www.iryou.teikyouseido.mhlw.go.jp/znk-web/juminkanja/S2430/initialize?prefCd=43&kikanCd=343311025&kikanKbn=3", "url2": null, "内容": "岡本歯科医院【3:歯科】熊本県熊本市中央区神水２ー１６ー５" }, "geometry": { "type": "Point", "coordinates": [ 130.746842, 32.789166 ] } },
{ "type": "Feature", "properties": { "ID": 433343311038, "正式名称": "添島歯科クリニック", "機関区分": 3, "都道府県コード": 43, "市区町村コード": 102, "所在地": "熊本県熊本市東区京塚本町７ー７", "緯度": 32.796504, "経度": 130.750036, "url": "https://www.iryou.teikyouseido.mhlw.go.jp/znk-web/juminkanja/S2430/initialize?prefCd=43&kikanCd=343311038&kikanKbn=3", "url2": "http://www.soejima-dc.jp/", "内容": "添島歯科クリニック【3:歯科】熊本県熊本市東区京塚本町７ー７" }, "geometry": { "type": "Point", "coordinates": [ 130.750036, 32.796504 ] } },
{ "type": "Feature", "properties": { "ID": 433343311041, "正式名称": "坂本歯科医院", "機関区分": 3, "都道府県コード": 43, "市区町村コード": 101, "所在地": "熊本県熊本市中央区九品寺１ー７ー２１", "緯度": 32.79869, "経度": 130.716229, "url": "https://www.iryou.teikyouseido.mhlw.go.jp/znk-web/juminkanja/S2430/initialize?prefCd=43&kikanCd=343311041&kikanKbn=3", "url2": null, "内容": "坂本歯科医院【3:歯科】熊本県熊本市中央区九品寺１ー７ー２１" }, "geometry": { "type": "Point", "coordinates": [ 130.716229, 32.79869 ] } },
{ "type": "Feature", "properties": { "ID": 433343311067, "正式名称": "徳永歯科医院", "機関区分": 3, "都道府県コード": 43, "市区町村コード": 102, "所在地": "熊本県熊本市東区健軍１ー４ー１１", "緯度": 32.784725, "経度": 130.747714, "url": "https://www.iryou.teikyouseido.mhlw.go.jp/znk-web/juminkanja/S2430/initialize?prefCd=43&kikanCd=343311067&kikanKbn=3", "url2": "http://tokunaga-shika.net", "内容": "徳永歯科医院【3:歯科】熊本県熊本市東区健軍１ー４ー１１" }, "geometry": { "type": "Point", "coordinates": [ 130.747714, 32.784725 ] } },
{ "type": "Feature", "properties": { "ID": 433343311096, "正式名称": "浜坂歯科医院", "機関区分": 3, "都道府県コード": 43, "市区町村コード": 101, "所在地": "熊本県熊本市中央区水道町８ー４", "緯度": 32.802989, "経度": 130.713579, "url": "https://www.iryou.teikyouseido.mhlw.go.jp/znk-web/juminkanja/S2430/initialize?prefCd=43&kikanCd=343311096&kikanKbn=3", "url2": "http://www.fine-smile.com", "内容": "浜坂歯科医院【3:歯科】熊本県熊本市中央区水道町８ー４" }, "geometry": { "type": "Point", "coordinates": [ 130.713579, 32.802989 ] } },
{ "type": "Feature", "properties": { "ID": 433343311113, "正式名称": "斉藤歯科医院", "機関区分": 3, "都道府県コード": 43, "市区町村コード": 101, "所在地": "熊本県熊本市中央区中央街４ー２４", "緯度": 32.800445, "経度": 130.709941, "url": "https://www.iryou.teikyouseido.mhlw.go.jp/znk-web/juminkanja/S2430/initialize?prefCd=43&kikanCd=343311113&kikanKbn=3", "url2": null, "内容": "斉藤歯科医院【3:歯科】熊本県熊本市中央区中央街４ー２４" }, "geometry": { "type": "Point", "coordinates": [ 130.709941, 32.800445 ] } },
{ "type": "Feature", "properties": { "ID": 433343311168, "正式名称": "堤歯科医院", "機関区分": 3, "都道府県コード": 43, "市区町村コード": 101, "所在地": "熊本県熊本市中央区坪井３ー９ー１７", "緯度": 32.812664, "経度": 130.714166, "url": "https://www.iryou.teikyouseido.mhlw.go.jp/znk-web/juminkanja/S2430/initialize?prefCd=43&kikanCd=343311168&kikanKbn=3", "url2": null, "内容": "堤歯科医院【3:歯科】熊本県熊本市中央区坪井３ー９ー１７" }, "geometry": { "type": "Point", "coordinates": [ 130.714166, 32.812664 ] } },
{ "type": "Feature", "properties": { "ID": 433343311201, "正式名称": "西川歯科医院", "機関区分": 3, "都道府県コード": 43, "市区町村コード": 101, "所在地": "熊本県熊本市中央区出水４ー２５ー２５", "緯度": 32.779108, "経度": 130.733357, "url": "https://www.iryou.teikyouseido.mhlw.go.jp/znk-web/juminkanja/S2430/initialize?prefCd=43&kikanCd=343311201&kikanKbn=3", "url2": "http://www.nishikawa-dc.com", "内容": "西川歯科医院【3:歯科】熊本県熊本市中央区出水４ー２５ー２５" }, "geometry": { "type": "Point", "coordinates": [ 130.733357, 32.779108 ] } },
{ "type": "Feature", "properties": { "ID": 433343311214, "正式名称": "久保田歯科医院", "機関区分": 3, "都道府県コード": 43, "市区町村コード": 104, "所在地": "熊本県熊本市南区八幡１１ー８ー１", "緯度": 32.739564, "経度": 130.683803, "url": "https://www.iryou.teikyouseido.mhlw.go.jp/znk-web/juminkanja/S2430/initialize?prefCd=43&kikanCd=343311214&kikanKbn=3", "url2": null, "内容": "久保田歯科医院【3:歯科】熊本県熊本市南区八幡１１ー８ー１" }, "geometry": { "type": "Point", "coordinates": [ 130.683803, 32.739564 ] } },
{ "type": "Feature", "properties": { "ID": 433343311243, "正式名称": "分山歯科医院", "機関区分": 3, "都道府県コード": 43, "市区町村コード": 101, "所在地": "熊本県熊本市中央区本山４ー４ー５", "緯度": 32.788629, "経度": 130.700762, "url": "https://www.iryou.teikyouseido.mhlw.go.jp/znk-web/juminkanja/S2430/initialize?prefCd=43&kikanCd=343311243&kikanKbn=3", "url2": "http://nttbj.itp.ne.jp/0963262113", "内容": "分山歯科医院【3:歯科】熊本県熊本市中央区本山４ー４ー５" }, "geometry": { "type": "Point", "coordinates": [ 130.700762, 32.788629 ] } },
{ "type": "Feature", "properties": { "ID": 433343311269, "正式名称": "蔵田歯科医院", "機関区分": 3, "都道府県コード": 43, "市区町村コード": 101, "所在地": "熊本県熊本市中央区本荘町７２０ー１", "緯度": 32.78504, "経度": 130.701897, "url": "https://www.iryou.teikyouseido.mhlw.go.jp/znk-web/juminkanja/S2430/initialize?prefCd=43&kikanCd=343311269&kikanKbn=3", "url2": null, "内容": "蔵田歯科医院【3:歯科】熊本県熊本市中央区本荘町７２０ー１" }, "geometry": { "type": "Point", "coordinates": [ 130.701897, 32.78504 ] } },
{ "type": "Feature", "properties": { "ID": 433343311272, "正式名称": "出口歯科こども歯科クリニック", "機関区分": 3, "都道府県コード": 43, "市区町村コード": 104, "所在地": "熊本県熊本市南区田井島２ー２ー３６", "緯度": 32.764124, "経度": 130.719439, "url": "https://www.iryou.teikyouseido.mhlw.go.jp/znk-web/juminkanja/S2430/initialize?prefCd=43&kikanCd=343311272&kikanKbn=3", "url2": "http://www.deguchi-dc.jp", "内容": "出口歯科こども歯科クリニック【3:歯科】熊本県熊本市南区田井島２ー２ー３６" }, "geometry": { "type": "Point", "coordinates": [ 130.719439, 32.764124 ] } },
{ "type": "Feature", "properties": { "ID": 433343311285, "正式名称": "山村歯科医院", "機関区分": 3, "都道府県コード": 43, "市区町村コード": 102, "所在地": "熊本県熊本市東区御領１ー８ー３５", "緯度": 32.819793, "経度": 130.76388, "url": "https://www.iryou.teikyouseido.mhlw.go.jp/znk-web/juminkanja/S2430/initialize?prefCd=43&kikanCd=343311285&kikanKbn=3", "url2": null, "内容": "山村歯科医院【3:歯科】熊本県熊本市東区御領１ー８ー３５" }, "geometry": { "type": "Point", "coordinates": [ 130.76388, 32.819793 ] } },
{ "type": "Feature", "properties": { "ID": 433343311302, "正式名称": "森尾歯科医院", "機関区分": 3, "都道府県コード": 43, "市区町村コード": 102, "所在地": "熊本県熊本市東区花立２ー３ー５", "緯度": 32.779081, "経度": 130.77449, "url": "https://www.iryou.teikyouseido.mhlw.go.jp/znk-web/juminkanja/S2430/initialize?prefCd=43&kikanCd=343311302&kikanKbn=3", "url2": null, "内容": "森尾歯科医院【3:歯科】熊本県熊本市東区花立２ー３ー５" }, "geometry": { "type": "Point", "coordinates": [ 130.77449, 32.779081 ] } },
{ "type": "Feature", "properties": { "ID": 433343311331, "正式名称": "藤波歯科医院", "機関区分": 3, "都道府県コード": 43, "市区町村コード": 101, "所在地": "熊本県熊本市中央区大江５ー９ー４", "緯度": 32.796437, "経度": 130.723732, "url": "https://www.iryou.teikyouseido.mhlw.go.jp/znk-web/juminkanja/S2430/initialize?prefCd=43&kikanCd=343311331&kikanKbn=3", "url2": null, "内容": "藤波歯科医院【3:歯科】熊本県熊本市中央区大江５ー９ー４" }, "geometry": { "type": "Point", "coordinates": [ 130.723732, 32.796437 ] } },
{ "type": "Feature", "properties": { "ID": 433343311344, "正式名称": "沢木歯科医院", "機関区分": 3, "都道府県コード": 43, "市区町村コード": 102, "所在地": "熊本県熊本市東区東野１ー９ー８", "緯度": 32.777436, "経度": 130.769518, "url": "https://www.iryou.teikyouseido.mhlw.go.jp/znk-web/juminkanja/S2430/initialize?prefCd=43&kikanCd=343311344&kikanKbn=3", "url2": "https://www.sawakishikaiin.com/", "内容": "沢木歯科医院【3:歯科】熊本県熊本市東区東野１ー９ー８" }, "geometry": { "type": "Point", "coordinates": [ 130.769518, 32.777436 ] } },
{ "type": "Feature", "properties": { "ID": 433343311357, "正式名称": "斉藤歯科野口診療所", "機関区分": 3, "都道府県コード": 43, "市区町村コード": 104, "所在地": "熊本県熊本市南区野口２ー２ー３", "緯度": 32.767576, "経度": 130.674241, "url": "https://www.iryou.teikyouseido.mhlw.go.jp/znk-web/juminkanja/S2430/initialize?prefCd=43&kikanCd=343311357&kikanKbn=3", "url2": null, "内容": "斉藤歯科野口診療所【3:歯科】熊本県熊本市南区野口２ー２ー３" }, "geometry": { "type": "Point", "coordinates": [ 130.674241, 32.767576 ] } },
{ "type": "Feature", "properties": { "ID": 433343311386, "正式名称": "下山歯科医院", "機関区分": 3, "都道府県コード": 43, "市区町村コード": 104, "所在地": "熊本県熊本市南区出仲間８ー１ー１３", "緯度": 32.768518, "経度": 130.718674, "url": "https://www.iryou.teikyouseido.mhlw.go.jp/znk-web/juminkanja/S2430/initialize?prefCd=43&kikanCd=343311386&kikanKbn=3", "url2": null, "内容": "下山歯科医院【3:歯科】熊本県熊本市南区出仲間８ー１ー１３" }, "geometry": { "type": "Point", "coordinates": [ 130.718674, 32.768518 ] } },
{ "type": "Feature", "properties": { "ID": 433343311416, "正式名称": "にしな歯科", "機関区分": 3, "都道府県コード": 43, "市区町村コード": 101, "所在地": "熊本県熊本市中央区世安３ー１ー２２", "緯度": 32.78268, "経度": 130.697254, "url": "https://www.iryou.teikyouseido.mhlw.go.jp/znk-web/juminkanja/S2430/initialize?prefCd=43&kikanCd=343311416&kikanKbn=3", "url2": "nishina-dc.com", "内容": "にしな歯科【3:歯科】熊本県熊本市中央区世安３ー１ー２２" }, "geometry": { "type": "Point", "coordinates": [ 130.697254, 32.78268 ] } },
{ "type": "Feature", "properties": { "ID": 433343311432, "正式名称": "栁本歯科医院", "機関区分": 3, "都道府県コード": 43, "市区町村コード": 102, "所在地": "熊本県熊本市東区花立５ー７ー４６", "緯度": 32.788141, "経度": 130.771154, "url": "https://www.iryou.teikyouseido.mhlw.go.jp/znk-web/juminkanja/S2430/initialize?prefCd=43&kikanCd=343311432&kikanKbn=3", "url2": null, "内容": "栁本歯科医院【3:歯科】熊本県熊本市東区花立５ー７ー４６" }, "geometry": { "type": "Point", "coordinates": [ 130.771154, 32.788141 ] } },
{ "type": "Feature", "properties": { "ID": 433343311445, "正式名称": "医療法人コスメティックデンティストリーにいむら歯科", "機関区分": 3, "都道府県コード": 43, "市区町村コード": 102, "所在地": "熊本県熊本市東区東本町１ー１１０", "緯度": 32.780153, "経度": 130.761586, "url": "https://www.iryou.teikyouseido.mhlw.go.jp/znk-web/juminkanja/S2430/initialize?prefCd=43&kikanCd=343311445&kikanKbn=3", "url2": "http://www.niimurashika.com/", "内容": "医療法人コスメティックデンティストリーにいむら歯科【3:歯科】熊本県熊本市東区東本町１ー１１０" }, "geometry": { "type": "Point", "coordinates": [ 130.761586, 32.780153 ] } },
{ "type": "Feature", "properties": { "ID": 433343311520, "正式名称": "浜坂歯科医院", "機関区分": 3, "都道府県コード": 43, "市区町村コード": 101, "所在地": "熊本県熊本市中央区大江３ー１ー４３", "緯度": 32.805573, "経度": 130.72497, "url": "https://www.iryou.teikyouseido.mhlw.go.jp/znk-web/juminkanja/S2430/initialize?prefCd=43&kikanCd=343311520&kikanKbn=3", "url2": "http://www.w2.to/8020", "内容": "浜坂歯科医院【3:歯科】熊本県熊本市中央区大江３ー１ー４３" }, "geometry": { "type": "Point", "coordinates": [ 130.72497, 32.805573 ] } },
{ "type": "Feature", "properties": { "ID": 433343311559, "正式名称": "尾ノ上歯科クリニック", "機関区分": 3, "都道府県コード": 43, "市区町村コード": 102, "所在地": "熊本県熊本市東区尾ノ上２ー５ー１２", "緯度": 35.646617, "経度": 139.705043, "url": "https://www.iryou.teikyouseido.mhlw.go.jp/znk-web/juminkanja/S2430/initialize?prefCd=43&kikanCd=343311559&kikanKbn=3", "url2": "https://www.onoue-dental.com/", "内容": "尾ノ上歯科クリニック【3:歯科】熊本県熊本市東区尾ノ上２ー５ー１２" }, "geometry": { "type": "Point", "coordinates": [ 139.705043, 35.646617 ] } },
{ "type": "Feature", "properties": { "ID": 433343311692, "正式名称": "ありよし歯科医院", "機関区分": 3, "都道府県コード": 43, "市区町村コード": 101, "所在地": "熊本県熊本市中央区帯山７ー１７ー４５", "緯度": 32.808945, "経度": 130.757719, "url": "https://www.iryou.teikyouseido.mhlw.go.jp/znk-web/juminkanja/S2430/initialize?prefCd=43&kikanCd=343311692&kikanKbn=3", "url2": "http://ariyosi.com/", "内容": "ありよし歯科医院【3:歯科】熊本県熊本市中央区帯山７ー１７ー４５" }, "geometry": { "type": "Point", "coordinates": [ 130.757719, 32.808945 ] } },
{ "type": "Feature", "properties": { "ID": 433343311722, "正式名称": "江畑歯科医院", "機関区分": 3, "都道府県コード": 43, "市区町村コード": 104, "所在地": "熊本県熊本市南区近見２ー２０ー８", "緯度": 32.764028, "経度": 130.686919, "url": "https://www.iryou.teikyouseido.mhlw.go.jp/znk-web/juminkanja/S2430/initialize?prefCd=43&kikanCd=343311722&kikanKbn=3", "url2": null, "内容": "江畑歯科医院【3:歯科】熊本県熊本市南区近見２ー２０ー８" }, "geometry": { "type": "Point", "coordinates": [ 130.686919, 32.764028 ] } },
{ "type": "Feature", "properties": { "ID": 433343311735, "正式名称": "タニモトマサノリ歯科・矯正歯科", "機関区分": 3, "都道府県コード": 43, "市区町村コード": 101, "所在地": "熊本県熊本市中央区帯山４ー２９ー１", "緯度": 32.802384, "経度": 130.750686, "url": "https://www.iryou.teikyouseido.mhlw.go.jp/znk-web/juminkanja/S2430/initialize?prefCd=43&kikanCd=343311735&kikanKbn=3", "url2": "http://m-tanimoto-dental.com", "内容": "タニモトマサノリ歯科・矯正歯科【3:歯科】熊本県熊本市中央区帯山４ー２９ー１" }, "geometry": { "type": "Point", "coordinates": [ 130.750686, 32.802384 ] } },
{ "type": "Feature", "properties": { "ID": 433343311780, "正式名称": "中山歯科クリニック", "機関区分": 3, "都道府県コード": 43, "市区町村コード": 101, "所在地": "熊本県熊本市中央区九品寺２ー１ー２４熊本九品寺ビル２Ｆ", "緯度": 32.799263, "経度": 130.717588, "url": "https://www.iryou.teikyouseido.mhlw.go.jp/znk-web/juminkanja/S2430/initialize?prefCd=43&kikanCd=343311780&kikanKbn=3", "url2": null, "内容": "中山歯科クリニック【3:歯科】熊本県熊本市中央区九品寺２ー１ー２４熊本九品寺ビル２Ｆ" }, "geometry": { "type": "Point", "coordinates": [ 130.717588, 32.799263 ] } },
{ "type": "Feature", "properties": { "ID": 433343311810, "正式名称": "東歯科医院", "機関区分": 3, "都道府県コード": 43, "市区町村コード": 101, "所在地": "熊本県熊本市中央区北千反畑町１ー１　ー２Ｆ、３Ｆ", "緯度": 32.808772, "経度": 130.715112, "url": "https://www.iryou.teikyouseido.mhlw.go.jp/znk-web/juminkanja/S2430/initialize?prefCd=43&kikanCd=343311810&kikanKbn=3", "url2": "http://www.higashi-shika.com", "内容": "東歯科医院【3:歯科】熊本県熊本市中央区北千反畑町１ー１　ー２Ｆ、３Ｆ" }, "geometry": { "type": "Point", "coordinates": [ 130.715112, 32.808772 ] } },
{ "type": "Feature", "properties": { "ID": 433343311865, "正式名称": "上通り緒方歯科医院", "機関区分": 3, "都道府県コード": 43, "市区町村コード": 101, "所在地": "熊本県熊本市中央区上通町４ー１８　井上ビル４Ｆ", "緯度": 32.804145, "経度": 130.710552, "url": "https://www.iryou.teikyouseido.mhlw.go.jp/znk-web/juminkanja/S2430/initialize?prefCd=43&kikanCd=343311865&kikanKbn=3", "url2": "https://kamitori-ogata.com", "内容": "上通り緒方歯科医院【3:歯科】熊本県熊本市中央区上通町４ー１８　井上ビル４Ｆ" }, "geometry": { "type": "Point", "coordinates": [ 130.710552, 32.804145 ] } },
{ "type": "Feature", "properties": { "ID": 433343311881, "正式名称": "分山矯正歯科クリニック", "機関区分": 3, "都道府県コード": 43, "市区町村コード": 101, "所在地": "熊本県熊本市中央区花畑町１ー７ＭＹ熊本ビル２Ｆ", "緯度": 32.802795, "経度": 130.706455, "url": "https://www.iryou.teikyouseido.mhlw.go.jp/znk-web/juminkanja/S2430/initialize?prefCd=43&kikanCd=343311881&kikanKbn=3", "url2": "https://www.wakeyama-kyousei.com", "内容": "分山矯正歯科クリニック【3:歯科】熊本県熊本市中央区花畑町１ー７ＭＹ熊本ビル２Ｆ" }, "geometry": { "type": "Point", "coordinates": [ 130.706455, 32.802795 ] } },
{ "type": "Feature", "properties": { "ID": 433343311953, "正式名称": "フクダ歯科", "機関区分": 3, "都道府県コード": 43, "市区町村コード": 102, "所在地": "熊本県熊本市東区湖東１－１２－１９", "緯度": 32.780017, "経度": 130.746512, "url": "https://www.iryou.teikyouseido.mhlw.go.jp/znk-web/juminkanja/S2430/initialize?prefCd=43&kikanCd=343311953&kikanKbn=3", "url2": null, "内容": "フクダ歯科【3:歯科】熊本県熊本市東区湖東１－１２－１９" }, "geometry": { "type": "Point", "coordinates": [ 130.746512, 32.780017 ] } },
{ "type": "Feature", "properties": { "ID": 433343311966, "正式名称": "渡辺歯科医院", "機関区分": 3, "都道府県コード": 43, "市区町村コード": 102, "所在地": "熊本県熊本市東区若葉１ー３６ー１８", "緯度": 32.77725, "経度": 130.761436, "url": "https://www.iryou.teikyouseido.mhlw.go.jp/znk-web/juminkanja/S2430/initialize?prefCd=43&kikanCd=343311966&kikanKbn=3", "url2": "http://www.wat-dent.com/", "内容": "渡辺歯科医院【3:歯科】熊本県熊本市東区若葉１ー３６ー１８" }, "geometry": { "type": "Point", "coordinates": [ 130.761436, 32.77725 ] } },
{ "type": "Feature", "properties": { "ID": 433343311979, "正式名称": "冨永歯科医院", "機関区分": 3, "都道府県コード": 43, "市区町村コード": 101, "所在地": "熊本県熊本市中央区神水１ー２ー７", "緯度": 32.787455, "経度": 130.738839, "url": "https://www.iryou.teikyouseido.mhlw.go.jp/znk-web/juminkanja/S2430/initialize?prefCd=43&kikanCd=343311979&kikanKbn=3", "url2": "http://www.tominaga-dent.com/", "内容": "冨永歯科医院【3:歯科】熊本県熊本市中央区神水１ー２ー７" }, "geometry": { "type": "Point", "coordinates": [ 130.738839, 32.787455 ] } },
{ "type": "Feature", "properties": { "ID": 433343312022, "正式名称": "寺本歯科医院", "機関区分": 3, "都道府県コード": 43, "市区町村コード": 102, "所在地": "熊本県熊本市東区戸島西１ー１６ー１５", "緯度": 32.811451, "経度": 130.783806, "url": "https://www.iryou.teikyouseido.mhlw.go.jp/znk-web/juminkanja/S2430/initialize?prefCd=43&kikanCd=343312022&kikanKbn=3", "url2": "http://ttdent.info", "内容": "寺本歯科医院【3:歯科】熊本県熊本市東区戸島西１ー１６ー１５" }, "geometry": { "type": "Point", "coordinates": [ 130.783806, 32.811451 ] } },
{ "type": "Feature", "properties": { "ID": 433343312035, "正式名称": "津野田歯科医院", "機関区分": 3, "都道府県コード": 43, "市区町村コード": 101, "所在地": "熊本県熊本市中央区水前寺６ー４１ー２２", "緯度": 32.790271, "経度": 130.743714, "url": "https://www.iryou.teikyouseido.mhlw.go.jp/znk-web/juminkanja/S2430/initialize?prefCd=43&kikanCd=343312035&kikanKbn=3", "url2": "http://tsunoda-dental.jp/", "内容": "津野田歯科医院【3:歯科】熊本県熊本市中央区水前寺６ー４１ー２２" }, "geometry": { "type": "Point", "coordinates": [ 130.743714, 32.790271 ] } },
{ "type": "Feature", "properties": { "ID": 433343312051, "正式名称": "とよだ歯科医院", "機関区分": 3, "都道府県コード": 43, "市区町村コード": 102, "所在地": "熊本県熊本市東区花立３ー８ー３", "緯度": 32.781661, "経度": 130.77156, "url": "https://www.iryou.teikyouseido.mhlw.go.jp/znk-web/juminkanja/S2430/initialize?prefCd=43&kikanCd=343312051&kikanKbn=3", "url2": "http://toyoda-dental-clinic.com", "内容": "とよだ歯科医院【3:歯科】熊本県熊本市東区花立３ー８ー３" }, "geometry": { "type": "Point", "coordinates": [ 130.77156, 32.781661 ] } },
{ "type": "Feature", "properties": { "ID": 433343312064, "正式名称": "ホワイト歯科健軍", "機関区分": 3, "都道府県コード": 43, "市区町村コード": 102, "所在地": "熊本県熊本市東区若葉１ー１ー１", "緯度": 32.778431, "経度": 130.759827, "url": "https://www.iryou.teikyouseido.mhlw.go.jp/znk-web/juminkanja/S2430/initialize?prefCd=43&kikanCd=343312064&kikanKbn=3", "url2": "http://www.k-denta.jp/", "内容": "ホワイト歯科健軍【3:歯科】熊本県熊本市東区若葉１ー１ー１" }, "geometry": { "type": "Point", "coordinates": [ 130.759827, 32.778431 ] } },
{ "type": "Feature", "properties": { "ID": 433343312077, "正式名称": "片山歯科クリニック", "機関区分": 3, "都道府県コード": 43, "市区町村コード": 102, "所在地": "熊本県熊本市東区沼山津３ー３ー８", "緯度": 32.77837, "経度": 130.781954, "url": "https://www.iryou.teikyouseido.mhlw.go.jp/znk-web/juminkanja/S2430/initialize?prefCd=43&kikanCd=343312077&kikanKbn=3", "url2": "http://www.katayama-d.com", "内容": "片山歯科クリニック【3:歯科】熊本県熊本市東区沼山津３ー３ー８" }, "geometry": { "type": "Point", "coordinates": [ 130.781954, 32.77837 ] } },
{ "type": "Feature", "properties": { "ID": 433343312080, "正式名称": "大川歯科医院", "機関区分": 3, "都道府県コード": 43, "市区町村コード": 101, "所在地": "熊本県熊本市中央区帯山１ー１７ー１４", "緯度": 32.799937, "経度": 130.739584, "url": "https://www.iryou.teikyouseido.mhlw.go.jp/znk-web/juminkanja/S2430/initialize?prefCd=43&kikanCd=343312080&kikanKbn=3", "url2": null, "内容": "大川歯科医院【3:歯科】熊本県熊本市中央区帯山１ー１７ー１４" }, "geometry": { "type": "Point", "coordinates": [ 130.739584, 32.799937 ] } },
{ "type": "Feature", "properties": { "ID": 433343312107, "正式名称": "コスモ歯科クリニック", "機関区分": 3, "都道府県コード": 43, "市区町村コード": 101, "所在地": "熊本県熊本市中央区水前寺１ー１ー２６", "緯度": 32.793927, "経度": 130.727057, "url": "https://www.iryou.teikyouseido.mhlw.go.jp/znk-web/juminkanja/S2430/initialize?prefCd=43&kikanCd=343312107&kikanKbn=3", "url2": null, "内容": "コスモ歯科クリニック【3:歯科】熊本県熊本市中央区水前寺１ー１ー２６" }, "geometry": { "type": "Point", "coordinates": [ 130.727057, 32.793927 ] } },
{ "type": "Feature", "properties": { "ID": 433343312123, "正式名称": "柿原歯科医院", "機関区分": 3, "都道府県コード": 43, "市区町村コード": 101, "所在地": "熊本県熊本市中央区琴平２ー２ー４", "緯度": 32.785508, "経度": 130.7091, "url": "https://www.iryou.teikyouseido.mhlw.go.jp/znk-web/juminkanja/S2430/initialize?prefCd=43&kikanCd=343312123&kikanKbn=3", "url2": null, "内容": "柿原歯科医院【3:歯科】熊本県熊本市中央区琴平２ー２ー４" }, "geometry": { "type": "Point", "coordinates": [ 130.7091, 32.785508 ] } },
{ "type": "Feature", "properties": { "ID": 433343312149, "正式名称": "西濱歯科医院", "機関区分": 3, "都道府県コード": 43, "市区町村コード": 101, "所在地": "熊本県熊本市中央区水前寺公園８ー１", "緯度": 32.792393, "経度": 130.735347, "url": "https://www.iryou.teikyouseido.mhlw.go.jp/znk-web/juminkanja/S2430/initialize?prefCd=43&kikanCd=343312149&kikanKbn=3", "url2": null, "内容": "西濱歯科医院【3:歯科】熊本県熊本市中央区水前寺公園８ー１" }, "geometry": { "type": "Point", "coordinates": [ 130.735347, 32.792393 ] } },
{ "type": "Feature", "properties": { "ID": 433343312165, "正式名称": "ちかみ歯科クリニック", "機関区分": 3, "都道府県コード": 43, "市区町村コード": 104, "所在地": "熊本県熊本市南区近見８ー１ー１", "緯度": 32.761926, "経度": 130.692708, "url": "https://www.iryou.teikyouseido.mhlw.go.jp/znk-web/juminkanja/S2430/initialize?prefCd=43&kikanCd=343312165&kikanKbn=3", "url2": null, "内容": "ちかみ歯科クリニック【3:歯科】熊本県熊本市南区近見８ー１ー１" }, "geometry": { "type": "Point", "coordinates": [ 130.692708, 32.761926 ] } },
{ "type": "Feature", "properties": { "ID": 433343312211, "正式名称": "東野歯科医院", "機関区分": 3, "都道府県コード": 43, "市区町村コード": 102, "所在地": "熊本県熊本市東区東野１ー１５ー１８", "緯度": 32.775353, "経度": 130.769416, "url": "https://www.iryou.teikyouseido.mhlw.go.jp/znk-web/juminkanja/S2430/initialize?prefCd=43&kikanCd=343312211&kikanKbn=3", "url2": null, "内容": "東野歯科医院【3:歯科】熊本県熊本市東区東野１ー１５ー１８" }, "geometry": { "type": "Point", "coordinates": [ 130.769416, 32.775353 ] } },
{ "type": "Feature", "properties": { "ID": 433343312266, "正式名称": "中原歯科クリニック", "機関区分": 3, "都道府県コード": 43, "市区町村コード": 101, "所在地": "熊本県熊本市中央区本荘６ー４ー４", "緯度": 32.792855, "経度": 130.709482, "url": "https://www.iryou.teikyouseido.mhlw.go.jp/znk-web/juminkanja/S2430/initialize?prefCd=43&kikanCd=343312266&kikanKbn=3", "url2": "http://www.ndc.or.jp", "内容": "中原歯科クリニック【3:歯科】熊本県熊本市中央区本荘６ー４ー４" }, "geometry": { "type": "Point", "coordinates": [ 130.709482, 32.792855 ] } },
{ "type": "Feature", "properties": { "ID": 433343312295, "正式名称": "徳丸歯科医院", "機関区分": 3, "都道府県コード": 43, "市区町村コード": 104, "所在地": "熊本県熊本市南区鳶町２ー８ー１", "緯度": 32.758673, "経度": 130.675651, "url": "https://www.iryou.teikyouseido.mhlw.go.jp/znk-web/juminkanja/S2430/initialize?prefCd=43&kikanCd=343312295&kikanKbn=3", "url2": null, "内容": "徳丸歯科医院【3:歯科】熊本県熊本市南区鳶町２ー８ー１" }, "geometry": { "type": "Point", "coordinates": [ 130.675651, 32.758673 ] } },
{ "type": "Feature", "properties": { "ID": 433343312341, "正式名称": "平成歯科クリニック", "機関区分": 3, "都道府県コード": 43, "市区町村コード": 104, "所在地": "熊本県熊本市南区江越１ー２ー１", "緯度": 32.775778, "経度": 130.703659, "url": "https://www.iryou.teikyouseido.mhlw.go.jp/znk-web/juminkanja/S2430/initialize?prefCd=43&kikanCd=343312341&kikanKbn=3", "url2": "https://www.heiseidc.com/", "内容": "平成歯科クリニック【3:歯科】熊本県熊本市南区江越１ー２ー１" }, "geometry": { "type": "Point", "coordinates": [ 130.703659, 32.775778 ] } },
{ "type": "Feature", "properties": { "ID": 433343312354, "正式名称": "北歯科医院", "機関区分": 3, "都道府県コード": 43, "市区町村コード": 104, "所在地": "熊本県熊本市南区江越２ー２０ー２８", "緯度": 32.772931, "経度": 130.699229, "url": "https://www.iryou.teikyouseido.mhlw.go.jp/znk-web/juminkanja/S2430/initialize?prefCd=43&kikanCd=343312354&kikanKbn=3", "url2": null, "内容": "北歯科医院【3:歯科】熊本県熊本市南区江越２ー２０ー２８" }, "geometry": { "type": "Point", "coordinates": [ 130.699229, 32.772931 ] } },
{ "type": "Feature", "properties": { "ID": 433343312370, "正式名称": "清村歯科医院", "機関区分": 3, "都道府県コード": 43, "市区町村コード": 101, "所在地": "熊本県熊本市中央区九品寺６ー１ー１０", "緯度": 32.789791, "経度": 130.718074, "url": "https://www.iryou.teikyouseido.mhlw.go.jp/znk-web/juminkanja/S2430/initialize?prefCd=43&kikanCd=343312370&kikanKbn=3", "url2": "http://blog.livedoor.jp/kiyomura_shikaiin/", "内容": "清村歯科医院【3:歯科】熊本県熊本市中央区九品寺６ー１ー１０" }, "geometry": { "type": "Point", "coordinates": [ 130.718074, 32.789791 ] } },
{ "type": "Feature", "properties": { "ID": 433343312396, "正式名称": "井芹歯科医院", "機関区分": 3, "都道府県コード": 43, "市区町村コード": 102, "所在地": "熊本県熊本市東区秋津町秋田３４４５ー３", "緯度": 32.761866, "経度": 130.768458, "url": "https://www.iryou.teikyouseido.mhlw.go.jp/znk-web/juminkanja/S2430/initialize?prefCd=43&kikanCd=343312396&kikanKbn=3", "url2": null, "内容": "井芹歯科医院【3:歯科】熊本県熊本市東区秋津町秋田３４４５ー３" }, "geometry": { "type": "Point", "coordinates": [ 130.768458, 32.761866 ] } },
{ "type": "Feature", "properties": { "ID": 433343312413, "正式名称": "やまべ矯正歯科クリニック", "機関区分": 3, "都道府県コード": 43, "市区町村コード": 101, "所在地": "熊本県熊本市中央区上通町４ー１８第３井上ビル３Ｆ", "緯度": 32.804063, "経度": 130.710244, "url": "https://www.iryou.teikyouseido.mhlw.go.jp/znk-web/juminkanja/S2430/initialize?prefCd=43&kikanCd=343312413&kikanKbn=3", "url2": "http://yamabe-kyousei.com", "内容": "やまべ矯正歯科クリニック【3:歯科】熊本県熊本市中央区上通町４ー１８第３井上ビル３Ｆ" }, "geometry": { "type": "Point", "coordinates": [ 130.710244, 32.804063 ] } },
{ "type": "Feature", "properties": { "ID": 433343312426, "正式名称": "むこうだ歯科医院", "機関区分": 3, "都道府県コード": 43, "市区町村コード": 102, "所在地": "熊本県熊本市東区新生２ー９ー２", "緯度": 32.778123, "経度": 130.757586, "url": "https://www.iryou.teikyouseido.mhlw.go.jp/znk-web/juminkanja/S2430/initialize?prefCd=43&kikanCd=343312426&kikanKbn=3", "url2": "http://mukouda-dc.com", "内容": "むこうだ歯科医院【3:歯科】熊本県熊本市東区新生２ー９ー２" }, "geometry": { "type": "Point", "coordinates": [ 130.757586, 32.778123 ] } },
{ "type": "Feature", "properties": { "ID": 433343312471, "正式名称": "井口歯科医院", "機関区分": 3, "都道府県コード": 43, "市区町村コード": 102, "所在地": "熊本県熊本市東区若葉３ー１７ー７", "緯度": 32.77419, "経度": 130.764938, "url": "https://www.iryou.teikyouseido.mhlw.go.jp/znk-web/juminkanja/S2430/initialize?prefCd=43&kikanCd=343312471&kikanKbn=3", "url2": null, "内容": "井口歯科医院【3:歯科】熊本県熊本市東区若葉３ー１７ー７" }, "geometry": { "type": "Point", "coordinates": [ 130.764938, 32.77419 ] } },
{ "type": "Feature", "properties": { "ID": 433343312484, "正式名称": "木村歯科クリニック", "機関区分": 3, "都道府県コード": 43, "市区町村コード": 101, "所在地": "熊本県熊本市中央区水前寺１ー５ー４下村ビル２階", "緯度": 32.796442, "経度": 130.730299, "url": "https://www.iryou.teikyouseido.mhlw.go.jp/znk-web/juminkanja/S2430/initialize?prefCd=43&kikanCd=343312484&kikanKbn=3", "url2": "http://www.kdc-suizenji.jp/", "内容": "木村歯科クリニック【3:歯科】熊本県熊本市中央区水前寺１ー５ー４下村ビル２階" }, "geometry": { "type": "Point", "coordinates": [ 130.730299, 32.796442 ] } },
{ "type": "Feature", "properties": { "ID": 433343312501, "正式名称": "奥村歯科医院", "機関区分": 3, "都道府県コード": 43, "市区町村コード": 101, "所在地": "熊本県熊本市中央区上林町１ー１９", "緯度": 32.807381, "経度": 130.711532, "url": "https://www.iryou.teikyouseido.mhlw.go.jp/znk-web/juminkanja/S2430/initialize?prefCd=43&kikanCd=343312501&kikanKbn=3", "url2": "okumura-dental.jp", "内容": "奥村歯科医院【3:歯科】熊本県熊本市中央区上林町１ー１９" }, "geometry": { "type": "Point", "coordinates": [ 130.711532, 32.807381 ] } },
{ "type": "Feature", "properties": { "ID": 433343312527, "正式名称": "栃原歯科医院", "機関区分": 3, "都道府県コード": 43, "市区町村コード": 101, "所在地": "熊本県熊本市中央区下通１ー１０ー２８栃原ビル５階", "緯度": 32.800314, "経度": 130.708358, "url": "https://www.iryou.teikyouseido.mhlw.go.jp/znk-web/juminkanja/S2430/initialize?prefCd=43&kikanCd=343312527&kikanKbn=3", "url2": "http//tochihara.sakura.ne.jp", "内容": "栃原歯科医院【3:歯科】熊本県熊本市中央区下通１ー１０ー２８栃原ビル５階" }, "geometry": { "type": "Point", "coordinates": [ 130.708358, 32.800314 ] } },
{ "type": "Feature", "properties": { "ID": 433343312530, "正式名称": "城南歯科医院", "機関区分": 3, "都道府県コード": 43, "市区町村コード": 104, "所在地": "熊本県熊本市南区近見７ー１２ー３９", "緯度": 32.754832, "経度": 130.692758, "url": "https://www.iryou.teikyouseido.mhlw.go.jp/znk-web/juminkanja/S2430/initialize?prefCd=43&kikanCd=343312530&kikanKbn=3", "url2": "http://www.jyonan-shika.com/", "内容": "城南歯科医院【3:歯科】熊本県熊本市南区近見７ー１２ー３９" }, "geometry": { "type": "Point", "coordinates": [ 130.692758, 32.754832 ] } },
{ "type": "Feature", "properties": { "ID": 433343312543, "正式名称": "渡辺歯科クリニック", "機関区分": 3, "都道府県コード": 43, "市区町村コード": 102, "所在地": "熊本県熊本市東区花立３ー３ー２６", "緯度": 32.780742, "経度": 130.773246, "url": "https://www.iryou.teikyouseido.mhlw.go.jp/znk-web/juminkanja/S2430/initialize?prefCd=43&kikanCd=343312543&kikanKbn=3", "url2": null, "内容": "渡辺歯科クリニック【3:歯科】熊本県熊本市東区花立３ー３ー２６" }, "geometry": { "type": "Point", "coordinates": [ 130.773246, 32.780742 ] } },
{ "type": "Feature", "properties": { "ID": 433343312569, "正式名称": "ささはら歯科医院", "機関区分": 3, "都道府県コード": 43, "市区町村コード": 104, "所在地": "熊本県熊本市南区奥古閑町５９４ー２", "緯度": 32.72875, "経度": 130.63158, "url": "https://www.iryou.teikyouseido.mhlw.go.jp/znk-web/juminkanja/S2430/initialize?prefCd=43&kikanCd=343312569&kikanKbn=3", "url2": null, "内容": "ささはら歯科医院【3:歯科】熊本県熊本市南区奥古閑町５９４ー２" }, "geometry": { "type": "Point", "coordinates": [ 130.63158, 32.72875 ] } },
{ "type": "Feature", "properties": { "ID": 433343312572, "正式名称": "牛島歯科医院", "機関区分": 3, "都道府県コード": 43, "市区町村コード": 102, "所在地": "熊本県熊本市東区健軍４ー１４ー１０", "緯度": 32.781172, "経度": 130.752575, "url": "https://www.iryou.teikyouseido.mhlw.go.jp/znk-web/juminkanja/S2430/initialize?prefCd=43&kikanCd=343312572&kikanKbn=3", "url2": "https://www.ushijimashika.com", "内容": "牛島歯科医院【3:歯科】熊本県熊本市東区健軍４ー１４ー１０" }, "geometry": { "type": "Point", "coordinates": [ 130.752575, 32.781172 ] } },
{ "type": "Feature", "properties": { "ID": 433343312598, "正式名称": "角岡歯科医院　熊本診療所", "機関区分": 3, "都道府県コード": 43, "市区町村コード": 104, "所在地": "熊本県熊本市南区馬渡２ー１７ー１", "緯度": 32.771495, "経度": 130.704792, "url": "https://www.iryou.teikyouseido.mhlw.go.jp/znk-web/juminkanja/S2430/initialize?prefCd=43&kikanCd=343312598&kikanKbn=3", "url2": "http://www.kadooka.com/", "内容": "角岡歯科医院　熊本診療所【3:歯科】熊本県熊本市南区馬渡２ー１７ー１" }, "geometry": { "type": "Point", "coordinates": [ 130.704792, 32.771495 ] } },
{ "type": "Feature", "properties": { "ID": 433343312615, "正式名称": "山口歯科医院", "機関区分": 3, "都道府県コード": 43, "市区町村コード": 102, "所在地": "熊本県熊本市東区桜木１ー１２ー３０", "緯度": 32.778028, "経度": 130.778737, "url": "https://www.iryou.teikyouseido.mhlw.go.jp/znk-web/juminkanja/S2430/initialize?prefCd=43&kikanCd=343312615&kikanKbn=3", "url2": null, "内容": "山口歯科医院【3:歯科】熊本県熊本市東区桜木１ー１２ー３０" }, "geometry": { "type": "Point", "coordinates": [ 130.778737, 32.778028 ] } },
{ "type": "Feature", "properties": { "ID": 433343312628, "正式名称": "岩本歯科医院", "機関区分": 3, "都道府県コード": 43, "市区町村コード": 101, "所在地": "熊本県熊本市中央区十禅寺２ー３ー４０", "緯度": 32.777622, "経度": 130.694479, "url": "https://www.iryou.teikyouseido.mhlw.go.jp/znk-web/juminkanja/S2430/initialize?prefCd=43&kikanCd=343312628&kikanKbn=3", "url2": null, "内容": "岩本歯科医院【3:歯科】熊本県熊本市中央区十禅寺２ー３ー４０" }, "geometry": { "type": "Point", "coordinates": [ 130.694479, 32.777622 ] } },
{ "type": "Feature", "properties": { "ID": 433343312657, "正式名称": "かとう歯科医院", "機関区分": 3, "都道府県コード": 43, "市区町村コード": 102, "所在地": "熊本県熊本市東区榎町２ー１１", "緯度": 32.791302, "経度": 130.770424, "url": "https://www.iryou.teikyouseido.mhlw.go.jp/znk-web/juminkanja/S2430/initialize?prefCd=43&kikanCd=343312657&kikanKbn=3", "url2": null, "内容": "かとう歯科医院【3:歯科】熊本県熊本市東区榎町２ー１１" }, "geometry": { "type": "Point", "coordinates": [ 130.770424, 32.791302 ] } },
{ "type": "Feature", "properties": { "ID": 433343312686, "正式名称": "平田歯科", "機関区分": 3, "都道府県コード": 43, "市区町村コード": 102, "所在地": "熊本県熊本市東区佐土原１ー１ー３", "緯度": 32.789258, "経度": 130.769977, "url": "https://www.iryou.teikyouseido.mhlw.go.jp/znk-web/juminkanja/S2430/initialize?prefCd=43&kikanCd=343312686&kikanKbn=3", "url2": "http://www.hirata-d.com", "内容": "平田歯科【3:歯科】熊本県熊本市東区佐土原１ー１ー３" }, "geometry": { "type": "Point", "coordinates": [ 130.769977, 32.789258 ] } },
{ "type": "Feature", "properties": { "ID": 433343312699, "正式名称": "やまさき歯科医院", "機関区分": 3, "都道府県コード": 43, "市区町村コード": 101, "所在地": "熊本県熊本市中央区南熊本４－７－１９", "緯度": 32.788218, "経度": 130.710522, "url": "https://www.iryou.teikyouseido.mhlw.go.jp/znk-web/juminkanja/S2430/initialize?prefCd=43&kikanCd=343312699&kikanKbn=3", "url2": "http://www.ha-yama.com/", "内容": "やまさき歯科医院【3:歯科】熊本県熊本市中央区南熊本４－７－１９" }, "geometry": { "type": "Point", "coordinates": [ 130.710522, 32.788218 ] } },
{ "type": "Feature", "properties": { "ID": 433343312729, "正式名称": "前田歯科・矯正歯科", "機関区分": 3, "都道府県コード": 43, "市区町村コード": 101, "所在地": "熊本県熊本市中央区帯山９ー４ー６", "緯度": 32.805776, "経度": 130.762022, "url": "https://www.iryou.teikyouseido.mhlw.go.jp/znk-web/juminkanja/S2430/initialize?prefCd=43&kikanCd=343312729&kikanKbn=3", "url2": "http://maedashika.jp/", "内容": "前田歯科・矯正歯科【3:歯科】熊本県熊本市中央区帯山９ー４ー６" }, "geometry": { "type": "Point", "coordinates": [ 130.762022, 32.805776 ] } },
{ "type": "Feature", "properties": { "ID": 433343312732, "正式名称": "エンジェル歯科", "機関区分": 3, "都道府県コード": 43, "市区町村コード": 101, "所在地": "熊本県熊本市中央区手取本町２ー９ステップ１ビル２Ｆ", "緯度": 32.803387, "経度": 130.70906, "url": "https://www.iryou.teikyouseido.mhlw.go.jp/znk-web/juminkanja/S2430/initialize?prefCd=43&kikanCd=343312732&kikanKbn=3", "url2": null, "内容": "エンジェル歯科【3:歯科】熊本県熊本市中央区手取本町２ー９ステップ１ビル２Ｆ" }, "geometry": { "type": "Point", "coordinates": [ 130.70906, 32.803387 ] } },
{ "type": "Feature", "properties": { "ID": 433343312758, "正式名称": "かなもと歯科医院", "機関区分": 3, "都道府県コード": 43, "市区町村コード": 101, "所在地": "熊本県熊本市中央区新大江２ー９ー１", "緯度": 32.801137, "経度": 130.730451, "url": "https://www.iryou.teikyouseido.mhlw.go.jp/znk-web/juminkanja/S2430/initialize?prefCd=43&kikanCd=343312758&kikanKbn=3", "url2": null, "内容": "かなもと歯科医院【3:歯科】熊本県熊本市中央区新大江２ー９ー１" }, "geometry": { "type": "Point", "coordinates": [ 130.730451, 32.801137 ] } },
{ "type": "Feature", "properties": { "ID": 433343312774, "正式名称": "新屋敷津田歯科医院", "機関区分": 3, "都道府県コード": 43, "市区町村コード": 101, "所在地": "熊本県熊本市中央区新屋敷１ー２１ー１０", "緯度": 32.803331, "経度": 130.720048, "url": "https://www.iryou.teikyouseido.mhlw.go.jp/znk-web/juminkanja/S2430/initialize?prefCd=43&kikanCd=343312774&kikanKbn=3", "url2": "http://www.tsuda-dental.com/", "内容": "新屋敷津田歯科医院【3:歯科】熊本県熊本市中央区新屋敷１ー２１ー１０" }, "geometry": { "type": "Point", "coordinates": [ 130.720048, 32.803331 ] } },
{ "type": "Feature", "properties": { "ID": 433343312790, "正式名称": "よしざき歯科医院", "機関区分": 3, "都道府県コード": 43, "市区町村コード": 101, "所在地": "熊本県熊本市中央区大江２ー１５ー２玉城ビル１Ｆ", "緯度": 32.804928, "経度": 130.73292, "url": "https://www.iryou.teikyouseido.mhlw.go.jp/znk-web/juminkanja/S2430/initialize?prefCd=43&kikanCd=343312790&kikanKbn=3", "url2": null, "内容": "よしざき歯科医院【3:歯科】熊本県熊本市中央区大江２ー１５ー２玉城ビル１Ｆ" }, "geometry": { "type": "Point", "coordinates": [ 130.73292, 32.804928 ] } },
{ "type": "Feature", "properties": { "ID": 433343312817, "正式名称": "あかさき小児歯科クリニック", "機関区分": 3, "都道府県コード": 43, "市区町村コード": 102, "所在地": "熊本県熊本市東区月出１ー７ー４６ロイヤルコーポ１Ｆ", "緯度": 32.801701, "経度": 130.766008, "url": "https://www.iryou.teikyouseido.mhlw.go.jp/znk-web/juminkanja/S2430/initialize?prefCd=43&kikanCd=343312817&kikanKbn=3", "url2": "http://akasaki.cihp.jp/", "内容": "あかさき小児歯科クリニック【3:歯科】熊本県熊本市東区月出１ー７ー４６ロイヤルコーポ１Ｆ" }, "geometry": { "type": "Point", "coordinates": [ 130.766008, 32.801701 ] } },
{ "type": "Feature", "properties": { "ID": 433343312833, "正式名称": "鳥谷歯科医院", "機関区分": 3, "都道府県コード": 43, "市区町村コード": 101, "所在地": "熊本県熊本市中央区九品寺５ー７ー１２", "緯度": 32.790855, "経度": 130.715847, "url": "https://www.iryou.teikyouseido.mhlw.go.jp/znk-web/juminkanja/S2430/initialize?prefCd=43&kikanCd=343312833&kikanKbn=3", "url2": null, "内容": "鳥谷歯科医院【3:歯科】熊本県熊本市中央区九品寺５ー７ー１２" }, "geometry": { "type": "Point", "coordinates": [ 130.715847, 32.790855 ] } },
{ "type": "Feature", "properties": { "ID": 433343312859, "正式名称": "小野歯科医院", "機関区分": 3, "都道府県コード": 43, "市区町村コード": 102, "所在地": "熊本県熊本市東区御領４ー３ー１６", "緯度": 32.823734, "経度": 130.771724, "url": "https://www.iryou.teikyouseido.mhlw.go.jp/znk-web/juminkanja/S2430/initialize?prefCd=43&kikanCd=343312859&kikanKbn=3", "url2": "http://www.onodent.jp", "内容": "小野歯科医院【3:歯科】熊本県熊本市東区御領４ー３ー１６" }, "geometry": { "type": "Point", "coordinates": [ 130.771724, 32.823734 ] } },
{ "type": "Feature", "properties": { "ID": 433343312862, "正式名称": "かなもと歯科医院", "機関区分": 3, "都道府県コード": 43, "市区町村コード": 104, "所在地": "熊本県熊本市南区白藤４ー３ー１５", "緯度": 32.752021, "経度": 130.674776, "url": "https://www.iryou.teikyouseido.mhlw.go.jp/znk-web/juminkanja/S2430/initialize?prefCd=43&kikanCd=343312862&kikanKbn=3", "url2": null, "内容": "かなもと歯科医院【3:歯科】熊本県熊本市南区白藤４ー３ー１５" }, "geometry": { "type": "Point", "coordinates": [ 130.674776, 32.752021 ] } },
{ "type": "Feature", "properties": { "ID": 433343312891, "正式名称": "にしきがおか歯科医院", "機関区分": 3, "都道府県コード": 43, "市区町村コード": 102, "所在地": "熊本県熊本市東区錦ケ丘１３ー２１", "緯度": 32.790794, "経度": 130.75578, "url": "https://www.iryou.teikyouseido.mhlw.go.jp/znk-web/juminkanja/S2430/initialize?prefCd=43&kikanCd=343312891&kikanKbn=3", "url2": null, "内容": "にしきがおか歯科医院【3:歯科】熊本県熊本市東区錦ケ丘１３ー２１" }, "geometry": { "type": "Point", "coordinates": [ 130.75578, 32.790794 ] } },
{ "type": "Feature", "properties": { "ID": 433343312934, "正式名称": "なるかわ歯科医院", "機関区分": 3, "都道府県コード": 43, "市区町村コード": 101, "所在地": "熊本県熊本市中央区国府３ー２８ー２６", "緯度": 32.786713, "経度": 130.71903, "url": "https://www.iryou.teikyouseido.mhlw.go.jp/znk-web/juminkanja/S2430/initialize?prefCd=43&kikanCd=343312934&kikanKbn=3", "url2": "http://www.nanakawasika.com/", "内容": "なるかわ歯科医院【3:歯科】熊本県熊本市中央区国府３ー２８ー２６" }, "geometry": { "type": "Point", "coordinates": [ 130.71903, 32.786713 ] } },
{ "type": "Feature", "properties": { "ID": 433343312947, "正式名称": "インプラントセンター・九州歯科診療所", "機関区分": 3, "都道府県コード": 43, "市区町村コード": 101, "所在地": "熊本県熊本市中央区中央街３ー８大同生命ビル１Ｆ", "緯度": 32.800311, "経度": 130.712575, "url": "https://www.iryou.teikyouseido.mhlw.go.jp/znk-web/juminkanja/S2430/initialize?prefCd=43&kikanCd=343312947&kikanKbn=3", "url2": "http://www.implantcenter-kyushu.com/", "内容": "インプラントセンター・九州歯科診療所【3:歯科】熊本県熊本市中央区中央街３ー８大同生命ビル１Ｆ" }, "geometry": { "type": "Point", "coordinates": [ 130.712575, 32.800311 ] } },
{ "type": "Feature", "properties": { "ID": 433343312950, "正式名称": "小楠歯科医院", "機関区分": 3, "都道府県コード": 43, "市区町村コード": 102, "所在地": "熊本県熊本市東区沼山津４ー１ー２２", "緯度": 32.779192, "経度": 130.784929, "url": "https://www.iryou.teikyouseido.mhlw.go.jp/znk-web/juminkanja/S2430/initialize?prefCd=43&kikanCd=343312950&kikanKbn=3", "url2": null, "内容": "小楠歯科医院【3:歯科】熊本県熊本市東区沼山津４ー１ー２２" }, "geometry": { "type": "Point", "coordinates": [ 130.784929, 32.779192 ] } },
{ "type": "Feature", "properties": { "ID": 433343312976, "正式名称": "クレア歯科医院", "機関区分": 3, "都道府県コード": 43, "市区町村コード": 102, "所在地": "熊本県熊本市東区長嶺東３ー１ー２５ヴェル・ファーレ長嶺Ⅱ　１Ｆ", "緯度": 32.816617, "経度": 130.775479, "url": "https://www.iryou.teikyouseido.mhlw.go.jp/znk-web/juminkanja/S2430/initialize?prefCd=43&kikanCd=343312976&kikanKbn=3", "url2": "https://crea.kdg.or.jp/", "内容": "クレア歯科医院【3:歯科】熊本県熊本市東区長嶺東３ー１ー２５ヴェル・ファーレ長嶺Ⅱ　１Ｆ" }, "geometry": { "type": "Point", "coordinates": [ 130.775479, 32.816617 ] } },
{ "type": "Feature", "properties": { "ID": 433343312989, "正式名称": "医療法人社団あゆみ会　中原デンタルクリニック", "機関区分": 3, "都道府県コード": 43, "市区町村コード": 101, "所在地": "熊本県熊本市中央区本荘６ー４ー３", "緯度": 32.792529, "経度": 130.709636, "url": "https://www.iryou.teikyouseido.mhlw.go.jp/znk-web/juminkanja/S2430/initialize?prefCd=43&kikanCd=343312989&kikanKbn=3", "url2": "http://www.ndc.or.jp", "内容": "医療法人社団あゆみ会　中原デンタルクリニック【3:歯科】熊本県熊本市中央区本荘６ー４ー３" }, "geometry": { "type": "Point", "coordinates": [ 130.709636, 32.792529 ] } },
{ "type": "Feature", "properties": { "ID": 433343312992, "正式名称": "いのうえデンタルクリニック", "機関区分": 3, "都道府県コード": 43, "市区町村コード": 102, "所在地": "熊本県熊本市東区新南部４ー１ー２０", "緯度": 32.817252, "経度": 130.748689, "url": "https://www.iryou.teikyouseido.mhlw.go.jp/znk-web/juminkanja/S2430/initialize?prefCd=43&kikanCd=343312992&kikanKbn=3", "url2": "http://www.inoden8020.com", "内容": "いのうえデンタルクリニック【3:歯科】熊本県熊本市東区新南部４ー１ー２０" }, "geometry": { "type": "Point", "coordinates": [ 130.748689, 32.817252 ] } },
{ "type": "Feature", "properties": { "ID": 433343313003, "正式名称": "飯田歯科医院", "機関区分": 3, "都道府県コード": 43, "市区町村コード": 102, "所在地": "熊本県熊本市東区長嶺東１ー１ー２５", "緯度": 32.813825, "経度": 130.769663, "url": "https://www.iryou.teikyouseido.mhlw.go.jp/znk-web/juminkanja/S2430/initialize?prefCd=43&kikanCd=343313003&kikanKbn=3", "url2": "http://www.iida-dental.com/", "内容": "飯田歯科医院【3:歯科】熊本県熊本市東区長嶺東１ー１ー２５" }, "geometry": { "type": "Point", "coordinates": [ 130.769663, 32.813825 ] } },
{ "type": "Feature", "properties": { "ID": 433343313045, "正式名称": "松田歯科クリニック", "機関区分": 3, "都道府県コード": 43, "市区町村コード": 104, "所在地": "熊本県熊本市南区南高江７ー９ー２", "緯度": 32.744641, "経度": 130.68881, "url": "https://www.iryou.teikyouseido.mhlw.go.jp/znk-web/juminkanja/S2430/initialize?prefCd=43&kikanCd=343313045&kikanKbn=3", "url2": "http://matsuda-dental.info/", "内容": "松田歯科クリニック【3:歯科】熊本県熊本市南区南高江７ー９ー２" }, "geometry": { "type": "Point", "coordinates": [ 130.68881, 32.744641 ] } },
{ "type": "Feature", "properties": { "ID": 433343320047, "正式名称": "西田歯科医院", "機関区分": 3, "都道府県コード": 43, "市区町村コード": 105, "所在地": "熊本県熊本市北区清水新地６ー７ー１４", "緯度": 32.852085, "経度": 130.740828, "url": "https://www.iryou.teikyouseido.mhlw.go.jp/znk-web/juminkanja/S2430/initialize?prefCd=43&kikanCd=343320047&kikanKbn=3", "url2": null, "内容": "西田歯科医院【3:歯科】熊本県熊本市北区清水新地６ー７ー１４" }, "geometry": { "type": "Point", "coordinates": [ 130.740828, 32.852085 ] } },
{ "type": "Feature", "properties": { "ID": 433343320151, "正式名称": "栗原歯科医院", "機関区分": 3, "都道府県コード": 43, "市区町村コード": 101, "所在地": "熊本県熊本市中央区新町４ー４ー１", "緯度": 32.799811, "経度": 130.695988, "url": "https://www.iryou.teikyouseido.mhlw.go.jp/znk-web/juminkanja/S2430/initialize?prefCd=43&kikanCd=343320151&kikanKbn=3", "url2": "http://www.kuriharashika.com/", "内容": "栗原歯科医院【3:歯科】熊本県熊本市中央区新町４ー４ー１" }, "geometry": { "type": "Point", "coordinates": [ 130.695988, 32.799811 ] } },
{ "type": "Feature", "properties": { "ID": 433343320223, "正式名称": "中根歯科医院", "機関区分": 3, "都道府県コード": 43, "市区町村コード": 101, "所在地": "熊本県熊本市中央区京町１ー２ー３０", "緯度": 32.81103, "経度": 130.704705, "url": "https://www.iryou.teikyouseido.mhlw.go.jp/znk-web/juminkanja/S2430/initialize?prefCd=43&kikanCd=343320223&kikanKbn=3", "url2": "https://www.nakanedental.net", "内容": "中根歯科医院【3:歯科】熊本県熊本市中央区京町１ー２ー３０" }, "geometry": { "type": "Point", "coordinates": [ 130.704705, 32.81103 ] } },
{ "type": "Feature", "properties": { "ID": 433343320236, "正式名称": "ながた歯科医院", "機関区分": 3, "都道府県コード": 43, "市区町村コード": 101, "所在地": "熊本県熊本市中央区鍛冶屋町１９", "緯度": 32.796548, "経度": 130.699964, "url": "https://www.iryou.teikyouseido.mhlw.go.jp/znk-web/juminkanja/S2430/initialize?prefCd=43&kikanCd=343320236&kikanKbn=3", "url2": "https://r.goope.jp/nagatadc", "内容": "ながた歯科医院【3:歯科】熊本県熊本市中央区鍛冶屋町１９" }, "geometry": { "type": "Point", "coordinates": [ 130.699964, 32.796548 ] } },
{ "type": "Feature", "properties": { "ID": 433343320281, "正式名称": "前田歯科医院", "機関区分": 3, "都道府県コード": 43, "市区町村コード": 103, "所在地": "熊本県熊本市西区春日６ー５ー２３", "緯度": 32.78519, "経度": 130.685166, "url": "https://www.iryou.teikyouseido.mhlw.go.jp/znk-web/juminkanja/S2430/initialize?prefCd=43&kikanCd=343320281&kikanKbn=3", "url2": "https://www.big-advance.site/s/156/1877", "内容": "前田歯科医院【3:歯科】熊本県熊本市西区春日６ー５ー２３" }, "geometry": { "type": "Point", "coordinates": [ 130.685166, 32.78519 ] } },
{ "type": "Feature", "properties": { "ID": 433343320294, "正式名称": "片山歯科医院", "機関区分": 3, "都道府県コード": 43, "市区町村コード": 103, "所在地": "熊本県熊本市西区島崎２丁目１１番地１５号", "緯度": 32.809491, "経度": 130.690476, "url": "https://www.iryou.teikyouseido.mhlw.go.jp/znk-web/juminkanja/S2430/initialize?prefCd=43&kikanCd=343320294&kikanKbn=3", "url2": "http://good-teeth.net/katayamadc/", "内容": "片山歯科医院【3:歯科】熊本県熊本市西区島崎２丁目１１番地１５号" }, "geometry": { "type": "Point", "coordinates": [ 130.690476, 32.809491 ] } },
{ "type": "Feature", "properties": { "ID": 433343320412, "正式名称": "田島歯科診療所", "機関区分": 3, "都道府県コード": 43, "市区町村コード": 105, "所在地": "熊本県熊本市北区龍田９ー６ー３５", "緯度": 32.845586, "経度": 130.763071, "url": "https://www.iryou.teikyouseido.mhlw.go.jp/znk-web/juminkanja/S2430/initialize?prefCd=43&kikanCd=343320412&kikanKbn=3", "url2": null, "内容": "田島歯科診療所【3:歯科】熊本県熊本市北区龍田９ー６ー３５" }, "geometry": { "type": "Point", "coordinates": [ 130.763071, 32.845586 ] } },
{ "type": "Feature", "properties": { "ID": 433343320425, "正式名称": "やけいし歯科", "機関区分": 3, "都道府県コード": 43, "市区町村コード": 105, "所在地": "熊本県熊本市北区龍田１ー１５ー８", "緯度": 32.83149, "経度": 130.756696, "url": "https://www.iryou.teikyouseido.mhlw.go.jp/znk-web/juminkanja/S2430/initialize?prefCd=43&kikanCd=343320425&kikanKbn=3", "url2": null, "内容": "やけいし歯科【3:歯科】熊本県熊本市北区龍田１ー１５ー８" }, "geometry": { "type": "Point", "coordinates": [ 130.756696, 32.83149 ] } },
{ "type": "Feature", "properties": { "ID": 433343320454, "正式名称": "友枝総合歯科矯正歯科", "機関区分": 3, "都道府県コード": 43, "市区町村コード": 105, "所在地": "熊本県熊本市北区武蔵ケ丘５ー１ー１６", "緯度": 32.853146, "経度": 130.769287, "url": "https://www.iryou.teikyouseido.mhlw.go.jp/znk-web/juminkanja/S2430/initialize?prefCd=43&kikanCd=343320454&kikanKbn=3", "url2": "https://tdc-kumamoto.com", "内容": "友枝総合歯科矯正歯科【3:歯科】熊本県熊本市北区武蔵ケ丘５ー１ー１６" }, "geometry": { "type": "Point", "coordinates": [ 130.769287, 32.853146 ] } },
{ "type": "Feature", "properties": { "ID": 433343320555, "正式名称": "上田歯科医院", "機関区分": 3, "都道府県コード": 43, "市区町村コード": 101, "所在地": "熊本県熊本市中央区練兵町１５　２Ｆ", "緯度": 32.798102, "経度": 130.702892, "url": "https://www.iryou.teikyouseido.mhlw.go.jp/znk-web/juminkanja/S2430/initialize?prefCd=43&kikanCd=343320555&kikanKbn=3", "url2": "http://www.uedashikaiin.com/", "内容": "上田歯科医院【3:歯科】熊本県熊本市中央区練兵町１５　２Ｆ" }, "geometry": { "type": "Point", "coordinates": [ 130.702892, 32.798102 ] } },
{ "type": "Feature", "properties": { "ID": 433343320571, "正式名称": "関歯科医院", "機関区分": 3, "都道府県コード": 43, "市区町村コード": 103, "所在地": "熊本県熊本市西区二本木３ー３ー２９", "緯度": 32.784079, "経度": 130.691004, "url": "https://www.iryou.teikyouseido.mhlw.go.jp/znk-web/juminkanja/S2430/initialize?prefCd=43&kikanCd=343320571&kikanKbn=3", "url2": "http://www.seki-shika.com", "内容": "関歯科医院【3:歯科】熊本県熊本市西区二本木３ー３ー２９" }, "geometry": { "type": "Point", "coordinates": [ 130.691004, 32.784079 ] } },
{ "type": "Feature", "properties": { "ID": 433343320584, "正式名称": "三隅歯科医院", "機関区分": 3, "都道府県コード": 43, "市区町村コード": 101, "所在地": "熊本県熊本市中央区新町１ー１０ー３１", "緯度": 32.80145, "経度": 130.697114, "url": "https://www.iryou.teikyouseido.mhlw.go.jp/znk-web/juminkanja/S2430/initialize?prefCd=43&kikanCd=343320584&kikanKbn=3", "url2": null, "内容": "三隅歯科医院【3:歯科】熊本県熊本市中央区新町１ー１０ー３１" }, "geometry": { "type": "Point", "coordinates": [ 130.697114, 32.80145 ] } },
{ "type": "Feature", "properties": { "ID": 433343320597, "正式名称": "谷川歯科医院", "機関区分": 3, "都道府県コード": 43, "市区町村コード": 103, "所在地": "熊本県熊本市西区蓮台寺４ー１０ー９７", "緯度": 32.777419, "経度": 130.68185, "url": "https://www.iryou.teikyouseido.mhlw.go.jp/znk-web/juminkanja/S2430/initialize?prefCd=43&kikanCd=343320597&kikanKbn=3", "url2": "https://www.tanigawashika.com/access/", "内容": "谷川歯科医院【3:歯科】熊本県熊本市西区蓮台寺４ー１０ー９７" }, "geometry": { "type": "Point", "coordinates": [ 130.68185, 32.777419 ] } },
{ "type": "Feature", "properties": { "ID": 433343320630, "正式名称": "中川歯科医院", "機関区分": 3, "都道府県コード": 43, "市区町村コード": 101, "所在地": "熊本県熊本市中央区魚屋町１ー２６", "緯度": 32.795709, "経度": 130.699117, "url": "https://www.iryou.teikyouseido.mhlw.go.jp/znk-web/juminkanja/S2430/initialize?prefCd=43&kikanCd=343320630&kikanKbn=3", "url2": null, "内容": "中川歯科医院【3:歯科】熊本県熊本市中央区魚屋町１ー２６" }, "geometry": { "type": "Point", "coordinates": [ 130.699117, 32.795709 ] } },
{ "type": "Feature", "properties": { "ID": 433343320685, "正式名称": "稲葉歯科医院", "機関区分": 3, "都道府県コード": 43, "市区町村コード": 103, "所在地": "熊本県熊本市西区花園１ー２０ー５３", "緯度": 32.814834, "経度": 130.696439, "url": "https://www.iryou.teikyouseido.mhlw.go.jp/znk-web/juminkanja/S2430/initialize?prefCd=43&kikanCd=343320685&kikanKbn=3", "url2": "https://www.dental883.com/", "内容": "稲葉歯科医院【3:歯科】熊本県熊本市西区花園１ー２０ー５３" }, "geometry": { "type": "Point", "coordinates": [ 130.696439, 32.814834 ] } },
{ "type": "Feature", "properties": { "ID": 433343320702, "正式名称": "大塚歯科医院", "機関区分": 3, "都道府県コード": 43, "市区町村コード": 103, "所在地": "熊本県熊本市西区田崎３ー１ー１８", "緯度": 32.780582, "経度": 130.683699, "url": "https://www.iryou.teikyouseido.mhlw.go.jp/znk-web/juminkanja/S2430/initialize?prefCd=43&kikanCd=343320702&kikanKbn=3", "url2": "http://ohtsuka-d.com/", "内容": "大塚歯科医院【3:歯科】熊本県熊本市西区田崎３ー１ー１８" }, "geometry": { "type": "Point", "coordinates": [ 130.683699, 32.780582 ] } },
{ "type": "Feature", "properties": { "ID": 433343320829, "正式名称": "医療法人社団　田ノ上歯科医院", "機関区分": 3, "都道府県コード": 43, "市区町村コード": 105, "所在地": "熊本県熊本市北区池田３丁目１番５０号", "緯度": 32.833903, "経度": 130.708846, "url": "https://www.iryou.teikyouseido.mhlw.go.jp/znk-web/juminkanja/S2430/initialize?prefCd=43&kikanCd=343320829&kikanKbn=3", "url2": null, "内容": "医療法人社団　田ノ上歯科医院【3:歯科】熊本県熊本市北区池田３丁目１番５０号" }, "geometry": { "type": "Point", "coordinates": [ 130.708846, 32.833903 ] } },
{ "type": "Feature", "properties": { "ID": 433343320858, "正式名称": "たなか歯科医院", "機関区分": 3, "都道府県コード": 43, "市区町村コード": 105, "所在地": "熊本県熊本市北区龍田８ー２０ー６１", "緯度": 32.841317, "経度": 130.762482, "url": "https://www.iryou.teikyouseido.mhlw.go.jp/znk-web/juminkanja/S2430/initialize?prefCd=43&kikanCd=343320858&kikanKbn=3", "url2": "http://www.smail-design-office.com/", "内容": "たなか歯科医院【3:歯科】熊本県熊本市北区龍田８ー２０ー６１" }, "geometry": { "type": "Point", "coordinates": [ 130.762482, 32.841317 ] } },
{ "type": "Feature", "properties": { "ID": 433343320874, "正式名称": "真方歯科医院", "機関区分": 3, "都道府県コード": 43, "市区町村コード": 105, "所在地": "熊本県熊本市北区龍田弓削１ー１４ー７３", "緯度": 32.844144, "経度": 130.767371, "url": "https://www.iryou.teikyouseido.mhlw.go.jp/znk-web/juminkanja/S2430/initialize?prefCd=43&kikanCd=343320874&kikanKbn=3", "url2": null, "内容": "真方歯科医院【3:歯科】熊本県熊本市北区龍田弓削１ー１４ー７３" }, "geometry": { "type": "Point", "coordinates": [ 130.767371, 32.844144 ] } },
{ "type": "Feature", "properties": { "ID": 433343320890, "正式名称": "古川歯科医院", "機関区分": 3, "都道府県コード": 43, "市区町村コード": 103, "所在地": "熊本県熊本市西区田崎町４７４ー２大同ビル２０３", "緯度": 32.782957, "経度": 130.677039, "url": "https://www.iryou.teikyouseido.mhlw.go.jp/znk-web/juminkanja/S2430/initialize?prefCd=43&kikanCd=343320890&kikanKbn=3", "url2": null, "内容": "古川歯科医院【3:歯科】熊本県熊本市西区田崎町４７４ー２大同ビル２０３" }, "geometry": { "type": "Point", "coordinates": [ 130.677039, 32.782957 ] } },
{ "type": "Feature", "properties": { "ID": 433343320917, "正式名称": "おにつか歯科医院", "機関区分": 3, "都道府県コード": 43, "市区町村コード": 103, "所在地": "熊本県熊本市西区横手３丁目１１－２０　馬原ビル１階", "緯度": 32.800526, "経度": 130.686667, "url": "https://www.iryou.teikyouseido.mhlw.go.jp/znk-web/juminkanja/S2430/initialize?prefCd=43&kikanCd=343320917&kikanKbn=3", "url2": null, "内容": "おにつか歯科医院【3:歯科】熊本県熊本市西区横手３丁目１１－２０　馬原ビル１階" }, "geometry": { "type": "Point", "coordinates": [ 130.686667, 32.800526 ] } },
{ "type": "Feature", "properties": { "ID": 433343320962, "正式名称": "杉村歯科医院", "機関区分": 3, "都道府県コード": 43, "市区町村コード": 103, "所在地": "熊本県熊本市西区花園５ー３０ー１５", "緯度": 32.819548, "経度": 130.691698, "url": "https://www.iryou.teikyouseido.mhlw.go.jp/znk-web/juminkanja/S2430/initialize?prefCd=43&kikanCd=343320962&kikanKbn=3", "url2": null, "内容": "杉村歯科医院【3:歯科】熊本県熊本市西区花園５ー３０ー１５" }, "geometry": { "type": "Point", "coordinates": [ 130.691698, 32.819548 ] } },
{ "type": "Feature", "properties": { "ID": 433343320975, "正式名称": "菊川歯科", "機関区分": 3, "都道府県コード": 43, "市区町村コード": 105, "所在地": "熊本県熊本市北区楠４ー３ー１８", "緯度": 32.849508, "経度": 130.758781, "url": "https://www.iryou.teikyouseido.mhlw.go.jp/znk-web/juminkanja/S2430/initialize?prefCd=43&kikanCd=343320975&kikanKbn=3", "url2": "http://www.kikukawa-dent.jp", "内容": "菊川歯科【3:歯科】熊本県熊本市北区楠４ー３ー１８" }, "geometry": { "type": "Point", "coordinates": [ 130.758781, 32.849508 ] } },
{ "type": "Feature", "properties": { "ID": 433343320988, "正式名称": "大村歯科医院", "機関区分": 3, "都道府県コード": 43, "市区町村コード": 105, "所在地": "熊本県熊本市北区清水亀井町２２ー１４", "緯度": 32.836964, "経度": 130.72164, "url": "https://www.iryou.teikyouseido.mhlw.go.jp/znk-web/juminkanja/S2430/initialize?prefCd=43&kikanCd=343320988&kikanKbn=3", "url2": "http://simizukamei-dent-oomura,com/", "内容": "大村歯科医院【3:歯科】熊本県熊本市北区清水亀井町２２ー１４" }, "geometry": { "type": "Point", "coordinates": [ 130.72164, 32.836964 ] } },
{ "type": "Feature", "properties": { "ID": 433343321015, "正式名称": "山脇歯科医院", "機関区分": 3, "都道府県コード": 43, "市区町村コード": 103, "所在地": "熊本県熊本市西区中原町６０３ー２", "緯度": 32.768605, "経度": 130.635945, "url": "https://www.iryou.teikyouseido.mhlw.go.jp/znk-web/juminkanja/S2430/initialize?prefCd=43&kikanCd=343321015&kikanKbn=3", "url2": null, "内容": "山脇歯科医院【3:歯科】熊本県熊本市西区中原町６０３ー２" }, "geometry": { "type": "Point", "coordinates": [ 130.635945, 32.768605 ] } },
{ "type": "Feature", "properties": { "ID": 433343321044, "正式名称": "添島歯科医院", "機関区分": 3, "都道府県コード": 43, "市区町村コード": 101, "所在地": "熊本県熊本市中央区桜町１ー２８ー２０５桜町センタービル", "緯度": 32.801554, "経度": 130.702592, "url": "https://www.iryou.teikyouseido.mhlw.go.jp/znk-web/juminkanja/S2430/initialize?prefCd=43&kikanCd=343321044&kikanKbn=3", "url2": "http://www.soejima-sika.com/", "内容": "添島歯科医院【3:歯科】熊本県熊本市中央区桜町１ー２８ー２０５桜町センタービル" }, "geometry": { "type": "Point", "coordinates": [ 130.702592, 32.801554 ] } },
{ "type": "Feature", "properties": { "ID": 433343321057, "正式名称": "こじま歯科医院", "機関区分": 3, "都道府県コード": 43, "市区町村コード": 105, "所在地": "熊本県熊本市北区武蔵ケ丘５ー１３ー１５", "緯度": 32.855041, "経度": 130.772123, "url": "https://www.iryou.teikyouseido.mhlw.go.jp/znk-web/juminkanja/S2430/initialize?prefCd=43&kikanCd=343321057&kikanKbn=3", "url2": "http://www.kojima-dc.jp/", "内容": "こじま歯科医院【3:歯科】熊本県熊本市北区武蔵ケ丘５ー１３ー１５" }, "geometry": { "type": "Point", "coordinates": [ 130.772123, 32.855041 ] } },
{ "type": "Feature", "properties": { "ID": 433343321060, "正式名称": "谷口歯科医院", "機関区分": 3, "都道府県コード": 43, "市区町村コード": 105, "所在地": "熊本県熊本市北区清水本町３０ー２", "緯度": 32.83387, "経度": 130.72557, "url": "https://www.iryou.teikyouseido.mhlw.go.jp/znk-web/juminkanja/S2430/initialize?prefCd=43&kikanCd=343321060&kikanKbn=3", "url2": "http://nttbj.itp.ne.jp/0963460801/in", "内容": "谷口歯科医院【3:歯科】熊本県熊本市北区清水本町３０ー２" }, "geometry": { "type": "Point", "coordinates": [ 130.72557, 32.83387 ] } },
{ "type": "Feature", "properties": { "ID": 433343321073, "正式名称": "山根歯科医院", "機関区分": 3, "都道府県コード": 43, "市区町村コード": 101, "所在地": "熊本県熊本市中央区細工町３ー３２", "緯度": 32.795001, "経度": 130.694779, "url": "https://www.iryou.teikyouseido.mhlw.go.jp/znk-web/juminkanja/S2430/initialize?prefCd=43&kikanCd=343321073&kikanKbn=3", "url2": "http://yamane-dental.jp/", "内容": "山根歯科医院【3:歯科】熊本県熊本市中央区細工町３ー３２" }, "geometry": { "type": "Point", "coordinates": [ 130.694779, 32.795001 ] } },
{ "type": "Feature", "properties": { "ID": 433343321086, "正式名称": "たんご歯科医院", "機関区分": 3, "都道府県コード": 43, "市区町村コード": 103, "所在地": "熊本県熊本市西区春日７ー１９ー１７", "緯度": 32.784915, "経度": 130.682247, "url": "https://www.iryou.teikyouseido.mhlw.go.jp/znk-web/juminkanja/S2430/initialize?prefCd=43&kikanCd=343321086&kikanKbn=3", "url2": null, "内容": "たんご歯科医院【3:歯科】熊本県熊本市西区春日７ー１９ー１７" }, "geometry": { "type": "Point", "coordinates": [ 130.682247, 32.784915 ] } },
{ "type": "Feature", "properties": { "ID": 433343321099, "正式名称": "永松歯科医院", "機関区分": 3, "都道府県コード": 43, "市区町村コード": 105, "所在地": "熊本県熊本市北区鹿子木町７５ー１", "緯度": 32.870486, "経度": 130.702774, "url": "https://www.iryou.teikyouseido.mhlw.go.jp/znk-web/juminkanja/S2430/initialize?prefCd=43&kikanCd=343321099&kikanKbn=3", "url2": null, "内容": "永松歯科医院【3:歯科】熊本県熊本市北区鹿子木町７５ー１" }, "geometry": { "type": "Point", "coordinates": [ 130.702774, 32.870486 ] } },
{ "type": "Feature", "properties": { "ID": 433343321116, "正式名称": "松岡歯科クリニック", "機関区分": 3, "都道府県コード": 43, "市区町村コード": 101, "所在地": "熊本県熊本市中央区島崎１ー９ー２２", "緯度": 32.807836, "経度": 130.692481, "url": "https://www.iryou.teikyouseido.mhlw.go.jp/znk-web/juminkanja/S2430/initialize?prefCd=43&kikanCd=343321116&kikanKbn=3", "url2": "http://mdc.s1007.xrea.com/home.html", "内容": "松岡歯科クリニック【3:歯科】熊本県熊本市中央区島崎１ー９ー２２" }, "geometry": { "type": "Point", "coordinates": [ 130.692481, 32.807836 ] } },
{ "type": "Feature", "properties": { "ID": 433343321129, "正式名称": "医療法人敬　歯科医院オレンジ", "機関区分": 3, "都道府県コード": 43, "市区町村コード": 103, "所在地": "熊本県熊本市西区城山下代３ー１ー３", "緯度": 32.776816, "経度": 130.655836, "url": "https://www.iryou.teikyouseido.mhlw.go.jp/znk-web/juminkanja/S2430/initialize?prefCd=43&kikanCd=343321129&kikanKbn=3", "url2": "https://dc-orange.jp", "内容": "医療法人敬　歯科医院オレンジ【3:歯科】熊本県熊本市西区城山下代３ー１ー３" }, "geometry": { "type": "Point", "coordinates": [ 130.655836, 32.776816 ] } },
{ "type": "Feature", "properties": { "ID": 433343321158, "正式名称": "奈良歯科医院", "機関区分": 3, "都道府県コード": 43, "市区町村コード": 103, "所在地": "熊本県熊本市西区上高橋２ー１３ー２９", "緯度": 32.786901, "経度": 130.655174, "url": "https://www.iryou.teikyouseido.mhlw.go.jp/znk-web/juminkanja/S2430/initialize?prefCd=43&kikanCd=343321158&kikanKbn=3", "url2": null, "内容": "奈良歯科医院【3:歯科】熊本県熊本市西区上高橋２ー１３ー２９" }, "geometry": { "type": "Point", "coordinates": [ 130.655174, 32.786901 ] } },
{ "type": "Feature", "properties": { "ID": 433343321190, "正式名称": "せい歯科医院", "機関区分": 3, "都道府県コード": 43, "市区町村コード": 105, "所在地": "熊本県熊本市北区麻生田３ー３ー６０麻生田郵便局ビル２階Ｂ号室", "緯度": 32.849335, "経度": 130.743639, "url": "https://www.iryou.teikyouseido.mhlw.go.jp/znk-web/juminkanja/S2430/initialize?prefCd=43&kikanCd=343321190&kikanKbn=3", "url2": null, "内容": "せい歯科医院【3:歯科】熊本県熊本市北区麻生田３ー３ー６０麻生田郵便局ビル２階Ｂ号室" }, "geometry": { "type": "Point", "coordinates": [ 130.743639, 32.849335 ] } },
{ "type": "Feature", "properties": { "ID": 433343321204, "正式名称": "新地ハロー歯科診療所", "機関区分": 3, "都道府県コード": 43, "市区町村コード": 105, "所在地": "熊本県熊本市北区清水新地６ー６ー７", "緯度": 32.851141, "経度": 130.739078, "url": "https://www.iryou.teikyouseido.mhlw.go.jp/znk-web/juminkanja/S2430/initialize?prefCd=43&kikanCd=343321204&kikanKbn=3", "url2": "http://www.hellodc.net/", "内容": "新地ハロー歯科診療所【3:歯科】熊本県熊本市北区清水新地６ー６ー７" }, "geometry": { "type": "Point", "coordinates": [ 130.739078, 32.851141 ] } },
{ "type": "Feature", "properties": { "ID": 433343321217, "正式名称": "むらた歯科医院", "機関区分": 3, "都道府県コード": 43, "市区町村コード": 105, "所在地": "熊本県熊本市北区飛田３ー１１ー１０", "緯度": 32.853743, "経度": 130.719634, "url": "https://www.iryou.teikyouseido.mhlw.go.jp/znk-web/juminkanja/S2430/initialize?prefCd=43&kikanCd=343321217&kikanKbn=3", "url2": null, "内容": "むらた歯科医院【3:歯科】熊本県熊本市北区飛田３ー１１ー１０" }, "geometry": { "type": "Point", "coordinates": [ 130.719634, 32.853743 ] } },
{ "type": "Feature", "properties": { "ID": 433343321220, "正式名称": "立本歯科医院", "機関区分": 3, "都道府県コード": 43, "市区町村コード": 103, "所在地": "熊本県熊本市西区島崎４－１－３３", "緯度": 32.810882, "経度": 130.685707, "url": "https://www.iryou.teikyouseido.mhlw.go.jp/znk-web/juminkanja/S2430/initialize?prefCd=43&kikanCd=343321220&kikanKbn=3", "url2": null, "内容": "立本歯科医院【3:歯科】熊本県熊本市西区島崎４－１－３３" }, "geometry": { "type": "Point", "coordinates": [ 130.685707, 32.810882 ] } },
{ "type": "Feature", "properties": { "ID": 433343321246, "正式名称": "ムサシ歯科クリニック", "機関区分": 3, "都道府県コード": 43, "市区町村コード": 105, "所在地": "熊本県熊本市北区武蔵ケ丘４ー１６ー２６", "緯度": 32.854438, "経度": 130.770259, "url": "https://www.iryou.teikyouseido.mhlw.go.jp/znk-web/juminkanja/S2430/initialize?prefCd=43&kikanCd=343321246&kikanKbn=3", "url2": null, "内容": "ムサシ歯科クリニック【3:歯科】熊本県熊本市北区武蔵ケ丘４ー１６ー２６" }, "geometry": { "type": "Point", "coordinates": [ 130.770259, 32.854438 ] } },
{ "type": "Feature", "properties": { "ID": 433343321275, "正式名称": "うちだ歯科医院", "機関区分": 3, "都道府県コード": 43, "市区町村コード": 103, "所在地": "熊本県熊本市西区春日４ー８ー６クリスタルパレス春日１Ｆ", "緯度": 32.793373, "経度": 130.687746, "url": "https://www.iryou.teikyouseido.mhlw.go.jp/znk-web/juminkanja/S2430/initialize?prefCd=43&kikanCd=343321275&kikanKbn=3", "url2": null, "内容": "うちだ歯科医院【3:歯科】熊本県熊本市西区春日４ー８ー６クリスタルパレス春日１Ｆ" }, "geometry": { "type": "Point", "coordinates": [ 130.687746, 32.793373 ] } },
{ "type": "Feature", "properties": { "ID": 433343321291, "正式名称": "三笘歯科医院", "機関区分": 3, "都道府県コード": 43, "市区町村コード": 101, "所在地": "熊本県熊本市中央区京町本丁１０ー２４", "緯度": 32.81716, "経度": 130.706661, "url": "https://www.iryou.teikyouseido.mhlw.go.jp/znk-web/juminkanja/S2430/initialize?prefCd=43&kikanCd=343321291&kikanKbn=3", "url2": "http//www.mitoma-dental.com/", "内容": "三笘歯科医院【3:歯科】熊本県熊本市中央区京町本丁１０ー２４" }, "geometry": { "type": "Point", "coordinates": [ 130.706661, 32.81716 ] } },
{ "type": "Feature", "properties": { "ID": 433343321305, "正式名称": "くろき歯科医院", "機関区分": 3, "都道府県コード": 43, "市区町村コード": 105, "所在地": "熊本県熊本市北区山室２ー１７ー２３", "緯度": 32.845186, "経度": 130.715363, "url": "https://www.iryou.teikyouseido.mhlw.go.jp/znk-web/juminkanja/S2430/initialize?prefCd=43&kikanCd=343321305&kikanKbn=3", "url2": null, "内容": "くろき歯科医院【3:歯科】熊本県熊本市北区山室２ー１７ー２３" }, "geometry": { "type": "Point", "coordinates": [ 130.715363, 32.845186 ] } },
{ "type": "Feature", "properties": { "ID": 433343321321, "正式名称": "池上矯正歯科クリニック", "機関区分": 3, "都道府県コード": 43, "市区町村コード": 101, "所在地": "熊本県熊本市中央区辛島町６４", "緯度": 32.798843, "経度": 130.70164, "url": "https://www.iryou.teikyouseido.mhlw.go.jp/znk-web/juminkanja/S2430/initialize?prefCd=43&kikanCd=343321321&kikanKbn=3", "url2": "http://www.koc.or.jp", "内容": "池上矯正歯科クリニック【3:歯科】熊本県熊本市中央区辛島町６４" }, "geometry": { "type": "Point", "coordinates": [ 130.70164, 32.798843 ] } },
{ "type": "Feature", "properties": { "ID": 433343321334, "正式名称": "永野歯科医院", "機関区分": 3, "都道府県コード": 43, "市区町村コード": 105, "所在地": "熊本県熊本市北区清水本町３３ー２３", "緯度": 32.835331, "経度": 130.726001, "url": "https://www.iryou.teikyouseido.mhlw.go.jp/znk-web/juminkanja/S2430/initialize?prefCd=43&kikanCd=343321334&kikanKbn=3", "url2": null, "内容": "永野歯科医院【3:歯科】熊本県熊本市北区清水本町３３ー２３" }, "geometry": { "type": "Point", "coordinates": [ 130.726001, 32.835331 ] } },
{ "type": "Feature", "properties": { "ID": 433343321347, "正式名称": "サクラデンタルクリニック", "機関区分": 3, "都道府県コード": 43, "市区町村コード": 101, "所在地": "熊本県熊本市中央区桜町１ー２０　西嶋三井ビル　９０１号", "緯度": 32.801835, "経度": 130.703203, "url": "https://www.iryou.teikyouseido.mhlw.go.jp/znk-web/juminkanja/S2430/initialize?prefCd=43&kikanCd=343321347&kikanKbn=3", "url2": "http://www.teethmove.com", "内容": "サクラデンタルクリニック【3:歯科】熊本県熊本市中央区桜町１ー２０　西嶋三井ビル　９０１号" }, "geometry": { "type": "Point", "coordinates": [ 130.703203, 32.801835 ] } },
{ "type": "Feature", "properties": { "ID": 433343330011, "正式名称": "加勢川橋歯科医院", "機関区分": 3, "都道府県コード": 43, "市区町村コード": 104, "所在地": "熊本県熊本市南区川尻６ー５ー７", "緯度": 32.732914, "経度": 130.681379, "url": "https://www.iryou.teikyouseido.mhlw.go.jp/znk-web/juminkanja/S2430/initialize?prefCd=43&kikanCd=343330011&kikanKbn=3", "url2": null, "内容": "加勢川橋歯科医院【3:歯科】熊本県熊本市南区川尻６ー５ー７" }, "geometry": { "type": "Point", "coordinates": [ 130.681379, 32.732914 ] } },
{ "type": "Feature", "properties": { "ID": 433343330037, "正式名称": "たくま歯科クリニック", "機関区分": 3, "都道府県コード": 43, "市区町村コード": 102, "所在地": "熊本県熊本市東区御領１ー７ー４０", "緯度": 32.818727, "経度": 130.762013, "url": "https://www.iryou.teikyouseido.mhlw.go.jp/znk-web/juminkanja/S2430/initialize?prefCd=43&kikanCd=343330037&kikanKbn=3", "url2": null, "内容": "たくま歯科クリニック【3:歯科】熊本県熊本市東区御領１ー７ー４０" }, "geometry": { "type": "Point", "coordinates": [ 130.762013, 32.818727 ] } },
{ "type": "Feature", "properties": { "ID": 433343330066, "正式名称": "東部熊本歯科", "機関区分": 3, "都道府県コード": 43, "市区町村コード": 101, "所在地": "熊本県熊本市中央区帯山２ー１２ー２４", "緯度": 32.804967, "経度": 130.744353, "url": "https://www.iryou.teikyouseido.mhlw.go.jp/znk-web/juminkanja/S2430/initialize?prefCd=43&kikanCd=343330066&kikanKbn=3", "url2": null, "内容": "東部熊本歯科【3:歯科】熊本県熊本市中央区帯山２ー１２ー２４" }, "geometry": { "type": "Point", "coordinates": [ 130.744353, 32.804967 ] } },
{ "type": "Feature", "properties": { "ID": 433343330079, "正式名称": "いけしま歯科医院", "機関区分": 3, "都道府県コード": 43, "市区町村コード": 102, "所在地": "熊本県熊本市東区山ノ神２ー１３ー２９", "緯度": 32.799342, "経度": 130.780574, "url": "https://www.iryou.teikyouseido.mhlw.go.jp/znk-web/juminkanja/S2430/initialize?prefCd=43&kikanCd=343330079&kikanKbn=3", "url2": null, "内容": "いけしま歯科医院【3:歯科】熊本県熊本市東区山ノ神２ー１３ー２９" }, "geometry": { "type": "Point", "coordinates": [ 130.780574, 32.799342 ] } },
{ "type": "Feature", "properties": { "ID": 433343330082, "正式名称": "西口歯科医院", "機関区分": 3, "都道府県コード": 43, "市区町村コード": 102, "所在地": "熊本県熊本市東区保田窪３丁目１７－１０", "緯度": 32.811139, "経度": 130.750153, "url": "https://www.iryou.teikyouseido.mhlw.go.jp/znk-web/juminkanja/S2430/initialize?prefCd=43&kikanCd=343330082&kikanKbn=3", "url2": null, "内容": "西口歯科医院【3:歯科】熊本県熊本市東区保田窪３丁目１７－１０" }, "geometry": { "type": "Point", "coordinates": [ 130.750153, 32.811139 ] } },
{ "type": "Feature", "properties": { "ID": 433343330095, "正式名称": "井野歯科クリニック", "機関区分": 3, "都道府県コード": 43, "市区町村コード": 101, "所在地": "熊本県熊本市中央区出水６丁目２０－１", "緯度": 32.781808, "経度": 130.720566, "url": "https://www.iryou.teikyouseido.mhlw.go.jp/znk-web/juminkanja/S2430/initialize?prefCd=43&kikanCd=343330095&kikanKbn=3", "url2": null, "内容": "井野歯科クリニック【3:歯科】熊本県熊本市中央区出水６丁目２０－１" }, "geometry": { "type": "Point", "coordinates": [ 130.720566, 32.781808 ] } },
{ "type": "Feature", "properties": { "ID": 433343330109, "正式名称": "碩台歯科診療所", "機関区分": 3, "都道府県コード": 43, "市区町村コード": 101, "所在地": "熊本県熊本市中央区南千反畑町１０ー５", "緯度": 32.807786, "経度": 130.71509, "url": "https://www.iryou.teikyouseido.mhlw.go.jp/znk-web/juminkanja/S2430/initialize?prefCd=43&kikanCd=343330109&kikanKbn=3", "url2": null, "内容": "碩台歯科診療所【3:歯科】熊本県熊本市中央区南千反畑町１０ー５" }, "geometry": { "type": "Point", "coordinates": [ 130.71509, 32.807786 ] } },
{ "type": "Feature", "properties": { "ID": 433343330112, "正式名称": "にしもり歯科医院", "機関区分": 3, "都道府県コード": 43, "市区町村コード": 101, "所在地": "熊本県熊本市中央区渡鹿２ー１０ー５", "緯度": 32.805192, "経度": 130.737456, "url": "https://www.iryou.teikyouseido.mhlw.go.jp/znk-web/juminkanja/S2430/initialize?prefCd=43&kikanCd=343330112&kikanKbn=3", "url2": null, "内容": "にしもり歯科医院【3:歯科】熊本県熊本市中央区渡鹿２ー１０ー５" }, "geometry": { "type": "Point", "coordinates": [ 130.737456, 32.805192 ] } },
{ "type": "Feature", "properties": { "ID": 433343330167, "正式名称": "竹下歯科医院", "機関区分": 3, "都道府県コード": 43, "市区町村コード": 105, "所在地": "熊本県熊本市北区四方寄町１４５８ー５", "緯度": 32.86572, "経度": 130.707146, "url": "https://www.iryou.teikyouseido.mhlw.go.jp/znk-web/juminkanja/S2430/initialize?prefCd=43&kikanCd=343330167&kikanKbn=3", "url2": null, "内容": "竹下歯科医院【3:歯科】熊本県熊本市北区四方寄町１４５８ー５" }, "geometry": { "type": "Point", "coordinates": [ 130.707146, 32.86572 ] } },
{ "type": "Feature", "properties": { "ID": 433343330196, "正式名称": "きょうごく矯正歯科・小児歯科クリニック", "機関区分": 3, "都道府県コード": 43, "市区町村コード": 104, "所在地": "熊本県熊本市南区出仲間１ー３ー１ー１０６", "緯度": 32.77305, "経度": 130.711331, "url": "https://www.iryou.teikyouseido.mhlw.go.jp/znk-web/juminkanja/S2430/initialize?prefCd=43&kikanCd=343330196&kikanKbn=3", "url2": "http://www.kyougoku.net", "内容": "きょうごく矯正歯科・小児歯科クリニック【3:歯科】熊本県熊本市南区出仲間１ー３ー１ー１０６" }, "geometry": { "type": "Point", "coordinates": [ 130.711331, 32.77305 ] } },
{ "type": "Feature", "properties": { "ID": 433343330200, "正式名称": "椿歯科クリニック", "機関区分": 3, "都道府県コード": 43, "市区町村コード": 101, "所在地": "熊本県熊本市中央区水前寺３ー１５ー２０", "緯度": 32.796696, "経度": 130.734567, "url": "https://www.iryou.teikyouseido.mhlw.go.jp/znk-web/juminkanja/S2430/initialize?prefCd=43&kikanCd=343330200&kikanKbn=3", "url2": "http://www.tsubaki-dc.net", "内容": "椿歯科クリニック【3:歯科】熊本県熊本市中央区水前寺３ー１５ー２０" }, "geometry": { "type": "Point", "coordinates": [ 130.734567, 32.796696 ] } },
{ "type": "Feature", "properties": { "ID": 433343330213, "正式名称": "金澤歯科クリニック", "機関区分": 3, "都道府県コード": 43, "市区町村コード": 104, "所在地": "熊本県熊本市南区南高江２ー１３ー３５", "緯度": 32.748355, "経度": 130.683939, "url": "https://www.iryou.teikyouseido.mhlw.go.jp/znk-web/juminkanja/S2430/initialize?prefCd=43&kikanCd=343330213&kikanKbn=3", "url2": null, "内容": "金澤歯科クリニック【3:歯科】熊本県熊本市南区南高江２ー１３ー３５" }, "geometry": { "type": "Point", "coordinates": [ 130.683939, 32.748355 ] } },
{ "type": "Feature", "properties": { "ID": 433343330239, "正式名称": "増村歯科医院", "機関区分": 3, "都道府県コード": 43, "市区町村コード": 102, "所在地": "熊本県熊本市東区長嶺南４ー６ー１２", "緯度": 32.811348, "経度": 130.775351, "url": "https://www.iryou.teikyouseido.mhlw.go.jp/znk-web/juminkanja/S2430/initialize?prefCd=43&kikanCd=343330239&kikanKbn=3", "url2": "https://masumuradc.jp", "内容": "増村歯科医院【3:歯科】熊本県熊本市東区長嶺南４ー６ー１２" }, "geometry": { "type": "Point", "coordinates": [ 130.775351, 32.811348 ] } },
{ "type": "Feature", "properties": { "ID": 433343330242, "正式名称": "上通高木歯科医院", "機関区分": 3, "都道府県コード": 43, "市区町村コード": 101, "所在地": "熊本県熊本市中央区上通町７ー２いづみビル２Ｆ", "緯度": 32.804645, "経度": 130.711148, "url": "https://www.iryou.teikyouseido.mhlw.go.jp/znk-web/juminkanja/S2430/initialize?prefCd=43&kikanCd=343330242&kikanKbn=3", "url2": "http://www.kt-dental.com/", "内容": "上通高木歯科医院【3:歯科】熊本県熊本市中央区上通町７ー２いづみビル２Ｆ" }, "geometry": { "type": "Point", "coordinates": [ 130.711148, 32.804645 ] } },
{ "type": "Feature", "properties": { "ID": 433343330255, "正式名称": "うちこが歯科医院", "機関区分": 3, "都道府県コード": 43, "市区町村コード": 103, "所在地": "熊本県熊本市西区島崎２丁目１５－２２　宮崎ビル２Ｆ", "緯度": 32.809605, "経度": 130.689476, "url": "https://www.iryou.teikyouseido.mhlw.go.jp/znk-web/juminkanja/S2430/initialize?prefCd=43&kikanCd=343330255&kikanKbn=3", "url2": "http://www.uchikoga-dental.jp/", "内容": "うちこが歯科医院【3:歯科】熊本県熊本市西区島崎２丁目１５－２２　宮崎ビル２Ｆ" }, "geometry": { "type": "Point", "coordinates": [ 130.689476, 32.809605 ] } },
{ "type": "Feature", "properties": { "ID": 433343330268, "正式名称": "まちのはいしゃさん", "機関区分": 3, "都道府県コード": 43, "市区町村コード": 104, "所在地": "熊本県熊本市南区島町４ー４ー２６", "緯度": 32.763534, "経度": 130.68092, "url": "https://www.iryou.teikyouseido.mhlw.go.jp/znk-web/juminkanja/S2430/initialize?prefCd=43&kikanCd=343330268&kikanKbn=3", "url2": "machi-hai.com", "内容": "まちのはいしゃさん【3:歯科】熊本県熊本市南区島町４ー４ー２６" }, "geometry": { "type": "Point", "coordinates": [ 130.68092, 32.763534 ] } },
{ "type": "Feature", "properties": { "ID": 433343330271, "正式名称": "井手歯科医院", "機関区分": 3, "都道府県コード": 43, "市区町村コード": 102, "所在地": "熊本県熊本市東区花立５ー１２ー３５", "緯度": 32.786366, "経度": 130.774274, "url": "https://www.iryou.teikyouseido.mhlw.go.jp/znk-web/juminkanja/S2430/initialize?prefCd=43&kikanCd=343330271&kikanKbn=3", "url2": "http://www.idesika-iin.com", "内容": "井手歯科医院【3:歯科】熊本県熊本市東区花立５ー１２ー３５" }, "geometry": { "type": "Point", "coordinates": [ 130.774274, 32.786366 ] } },
{ "type": "Feature", "properties": { "ID": 433343330284, "正式名称": "おおつか歯科医院", "機関区分": 3, "都道府県コード": 43, "市区町村コード": 105, "所在地": "熊本県熊本市北区麻生田２ー１ー１", "緯度": 32.847763, "経度": 130.742203, "url": "https://www.iryou.teikyouseido.mhlw.go.jp/znk-web/juminkanja/S2430/initialize?prefCd=43&kikanCd=343330284&kikanKbn=3", "url2": "http://www.ohtsuka-dc.jp/", "内容": "おおつか歯科医院【3:歯科】熊本県熊本市北区麻生田２ー１ー１" }, "geometry": { "type": "Point", "coordinates": [ 130.742203, 32.847763 ] } },
{ "type": "Feature", "properties": { "ID": 433343330297, "正式名称": "長嶺まえだ歯科クリニック", "機関区分": 3, "都道府県コード": 43, "市区町村コード": 102, "所在地": "熊本県熊本市東区戸島西３ー１ー３７", "緯度": 32.813017, "経度": 130.78042, "url": "https://www.iryou.teikyouseido.mhlw.go.jp/znk-web/juminkanja/S2430/initialize?prefCd=43&kikanCd=343330297&kikanKbn=3", "url2": null, "内容": "長嶺まえだ歯科クリニック【3:歯科】熊本県熊本市東区戸島西３ー１ー３７" }, "geometry": { "type": "Point", "coordinates": [ 130.78042, 32.813017 ] } },
{ "type": "Feature", "properties": { "ID": 433343330301, "正式名称": "橋本歯科", "機関区分": 3, "都道府県コード": 43, "市区町村コード": 105, "所在地": "熊本県熊本市北区麻生田５ー１７ー２３", "緯度": 32.851994, "経度": 130.748166, "url": "https://www.iryou.teikyouseido.mhlw.go.jp/znk-web/juminkanja/S2430/initialize?prefCd=43&kikanCd=343330301&kikanKbn=3", "url2": null, "内容": "橋本歯科【3:歯科】熊本県熊本市北区麻生田５ー１７ー２３" }, "geometry": { "type": "Point", "coordinates": [ 130.748166, 32.851994 ] } },
{ "type": "Feature", "properties": { "ID": 433343330314, "正式名称": "わかば矯正歯科クリニック", "機関区分": 3, "都道府県コード": 43, "市区町村コード": 101, "所在地": "熊本県熊本市中央区安政町２ー２６川﨑歯科ビル２階", "緯度": 32.801698, "経度": 130.710433, "url": "https://www.iryou.teikyouseido.mhlw.go.jp/znk-web/juminkanja/S2430/initialize?prefCd=43&kikanCd=343330314&kikanKbn=3", "url2": "http://www.wakabakyousei.com", "内容": "わかば矯正歯科クリニック【3:歯科】熊本県熊本市中央区安政町２ー２６川﨑歯科ビル２階" }, "geometry": { "type": "Point", "coordinates": [ 130.710433, 32.801698 ] } },
{ "type": "Feature", "properties": { "ID": 433343330343, "正式名称": "おにき矯正歯科クリニック", "機関区分": 3, "都道府県コード": 43, "市区町村コード": 104, "所在地": "熊本県熊本市南区御幸笛田１ー９ー３８", "緯度": 32.762357, "経度": 130.713814, "url": "https://www.iryou.teikyouseido.mhlw.go.jp/znk-web/juminkanja/S2430/initialize?prefCd=43&kikanCd=343330343&kikanKbn=3", "url2": "http://oniki.jp", "内容": "おにき矯正歯科クリニック【3:歯科】熊本県熊本市南区御幸笛田１ー９ー３８" }, "geometry": { "type": "Point", "coordinates": [ 130.713814, 32.762357 ] } },
{ "type": "Feature", "properties": { "ID": 433343330369, "正式名称": "ウエノ歯科", "機関区分": 3, "都道府県コード": 43, "市区町村コード": 101, "所在地": "熊本県熊本市中央区大江４ー８ー１０", "緯度": 32.801562, "経度": 130.72127, "url": "https://www.iryou.teikyouseido.mhlw.go.jp/znk-web/juminkanja/S2430/initialize?prefCd=43&kikanCd=343330369&kikanKbn=3", "url2": "http://www.dr-ueno.com/", "内容": "ウエノ歯科【3:歯科】熊本県熊本市中央区大江４ー８ー１０" }, "geometry": { "type": "Point", "coordinates": [ 130.72127, 32.801562 ] } },
{ "type": "Feature", "properties": { "ID": 433343330402, "正式名称": "熊本パール総合歯科・矯正歯科・こども歯科クリニック健軍院", "機関区分": 3, "都道府県コード": 43, "市区町村コード": 102, "所在地": "熊本県熊本市東区健軍３ー２４ー２２", "緯度": 32.779167, "経度": 130.759186, "url": "https://www.iryou.teikyouseido.mhlw.go.jp/znk-web/juminkanja/S2430/initialize?prefCd=43&kikanCd=343330402&kikanKbn=3", "url2": "http://www.par-dc.jp", "内容": "熊本パール総合歯科・矯正歯科・こども歯科クリニック健軍院【3:歯科】熊本県熊本市東区健軍３ー２４ー２２" }, "geometry": { "type": "Point", "coordinates": [ 130.759186, 32.779167 ] } },
{ "type": "Feature", "properties": { "ID": 433343330428, "正式名称": "手取本町おがたデンタルオフィス", "機関区分": 3, "都道府県コード": 43, "市区町村コード": 101, "所在地": "熊本県熊本市中央区手取本町８ー３テトリアくまもとビル３Ｆ", "緯度": 32.802174, "経度": 130.712321, "url": "https://www.iryou.teikyouseido.mhlw.go.jp/znk-web/juminkanja/S2430/initialize?prefCd=43&kikanCd=343330428&kikanKbn=3", "url2": null, "内容": "手取本町おがたデンタルオフィス【3:歯科】熊本県熊本市中央区手取本町８ー３テトリアくまもとビル３Ｆ" }, "geometry": { "type": "Point", "coordinates": [ 130.712321, 32.802174 ] } },
{ "type": "Feature", "properties": { "ID": 433343330444, "正式名称": "アイ歯科・矯正歯科クリニック", "機関区分": 3, "都道府県コード": 43, "市区町村コード": 101, "所在地": "熊本県熊本市中央区帯山１ー４４ー１", "緯度": 32.798682, "経度": 130.744675, "url": "https://www.iryou.teikyouseido.mhlw.go.jp/znk-web/juminkanja/S2430/initialize?prefCd=43&kikanCd=343330444&kikanKbn=3", "url2": "http://www.ai-dc.info/", "内容": "アイ歯科・矯正歯科クリニック【3:歯科】熊本県熊本市中央区帯山１ー４４ー１" }, "geometry": { "type": "Point", "coordinates": [ 130.744675, 32.798682 ] } },
{ "type": "Feature", "properties": { "ID": 433343330457, "正式名称": "さいとう歯科医院", "機関区分": 3, "都道府県コード": 43, "市区町村コード": 101, "所在地": "熊本県熊本市中央区国府３ー２１ー８３", "緯度": 32.787066, "経度": 130.721535, "url": "https://www.iryou.teikyouseido.mhlw.go.jp/znk-web/juminkanja/S2430/initialize?prefCd=43&kikanCd=343330457&kikanKbn=3", "url2": "http://www.saitoushikaiin.jp/", "内容": "さいとう歯科医院【3:歯科】熊本県熊本市中央区国府３ー２１ー８３" }, "geometry": { "type": "Point", "coordinates": [ 130.721535, 32.787066 ] } },
{ "type": "Feature", "properties": { "ID": 433343330460, "正式名称": "ニシ歯科クリニック", "機関区分": 3, "都道府県コード": 43, "市区町村コード": 101, "所在地": "熊本県熊本市中央区坪井２ー２ー１８", "緯度": 32.809906, "経度": 130.713068, "url": "https://www.iryou.teikyouseido.mhlw.go.jp/znk-web/juminkanja/S2430/initialize?prefCd=43&kikanCd=343330460&kikanKbn=3", "url2": null, "内容": "ニシ歯科クリニック【3:歯科】熊本県熊本市中央区坪井２ー２ー１８" }, "geometry": { "type": "Point", "coordinates": [ 130.713068, 32.809906 ] } },
{ "type": "Feature", "properties": { "ID": 433343330473, "正式名称": "下石歯科医院京町診療所", "機関区分": 3, "都道府県コード": 43, "市区町村コード": 101, "所在地": "熊本県熊本市中央区京町２ー７ー４３", "緯度": 32.81488, "経度": 130.705166, "url": "https://www.iryou.teikyouseido.mhlw.go.jp/znk-web/juminkanja/S2430/initialize?prefCd=43&kikanCd=343330473&kikanKbn=3", "url2": "http://shimoishi-dc.net", "内容": "下石歯科医院京町診療所【3:歯科】熊本県熊本市中央区京町２ー７ー４３" }, "geometry": { "type": "Point", "coordinates": [ 130.705166, 32.81488 ] } },
{ "type": "Feature", "properties": { "ID": 433343330486, "正式名称": "ミネ歯科クリニック", "機関区分": 3, "都道府県コード": 43, "市区町村コード": 101, "所在地": "熊本県熊本市中央区水前寺１ー４ー１ＪＲ水前寺駅１Ｆ", "緯度": 32.796935, "経度": 130.730184, "url": "https://www.iryou.teikyouseido.mhlw.go.jp/znk-web/juminkanja/S2430/initialize?prefCd=43&kikanCd=343330486&kikanKbn=3", "url2": "http://mine.dentdb.com", "内容": "ミネ歯科クリニック【3:歯科】熊本県熊本市中央区水前寺１ー４ー１ＪＲ水前寺駅１Ｆ" }, "geometry": { "type": "Point", "coordinates": [ 130.730184, 32.796935 ] } },
{ "type": "Feature", "properties": { "ID": 433343330499, "正式名称": "としのり歯科", "機関区分": 3, "都道府県コード": 43, "市区町村コード": 105, "所在地": "熊本県熊本市北区龍田１ー３ー４", "緯度": 32.830118, "経度": 130.755406, "url": "https://www.iryou.teikyouseido.mhlw.go.jp/znk-web/juminkanja/S2430/initialize?prefCd=43&kikanCd=343330499&kikanKbn=3", "url2": "http://www.toshinorishika.com", "内容": "としのり歯科【3:歯科】熊本県熊本市北区龍田１ー３ー４" }, "geometry": { "type": "Point", "coordinates": [ 130.755406, 32.830118 ] } },
{ "type": "Feature", "properties": { "ID": 433343330516, "正式名称": "医療法人社団　優和会　ゆみこ歯科クリニック", "機関区分": 3, "都道府県コード": 43, "市区町村コード": 103, "所在地": "熊本県熊本市西区小島４ー４ー１６", "緯度": 32.778241, "経度": 130.641904, "url": "https://www.iryou.teikyouseido.mhlw.go.jp/znk-web/juminkanja/S2430/initialize?prefCd=43&kikanCd=343330516&kikanKbn=3", "url2": "http://www.yumikodental.jp/", "内容": "医療法人社団　優和会　ゆみこ歯科クリニック【3:歯科】熊本県熊本市西区小島４ー４ー１６" }, "geometry": { "type": "Point", "coordinates": [ 130.641904, 32.778241 ] } },
{ "type": "Feature", "properties": { "ID": 433343330529, "正式名称": "慶歯科医院", "機関区分": 3, "都道府県コード": 43, "市区町村コード": 103, "所在地": "熊本県熊本市西区城山大塘１ー９ー２５", "緯度": 32.781863, "経度": 130.657043, "url": "https://www.iryou.teikyouseido.mhlw.go.jp/znk-web/juminkanja/S2430/initialize?prefCd=43&kikanCd=343330529&kikanKbn=3", "url2": "http://www.keishika.com", "内容": "慶歯科医院【3:歯科】熊本県熊本市西区城山大塘１ー９ー２５" }, "geometry": { "type": "Point", "coordinates": [ 130.657043, 32.781863 ] } },
{ "type": "Feature", "properties": { "ID": 433343330545, "正式名称": "エクセル歯科医院", "機関区分": 3, "都道府県コード": 43, "市区町村コード": 104, "所在地": "熊本県熊本市南区田迎３ー２ー１", "緯度": 32.778253, "経度": 130.710778, "url": "https://www.iryou.teikyouseido.mhlw.go.jp/znk-web/juminkanja/S2430/initialize?prefCd=43&kikanCd=343330545&kikanKbn=3", "url2": "http://www.excel-shika.com", "内容": "エクセル歯科医院【3:歯科】熊本県熊本市南区田迎３ー２ー１" }, "geometry": { "type": "Point", "coordinates": [ 130.710778, 32.778253 ] } },
{ "type": "Feature", "properties": { "ID": 433343330558, "正式名称": "ふなつデンタルクリニック", "機関区分": 3, "都道府県コード": 43, "市区町村コード": 104, "所在地": "熊本県熊本市南区荒尾１丁目１５－２２", "緯度": 32.764, "経度": 130.671601, "url": "https://www.iryou.teikyouseido.mhlw.go.jp/znk-web/juminkanja/S2430/initialize?prefCd=43&kikanCd=343330558&kikanKbn=3", "url2": "http://www.272dental.com", "内容": "ふなつデンタルクリニック【3:歯科】熊本県熊本市南区荒尾１丁目１５－２２" }, "geometry": { "type": "Point", "coordinates": [ 130.671601, 32.764 ] } },
{ "type": "Feature", "properties": { "ID": 433343330574, "正式名称": "たかはし歯科クリニック", "機関区分": 3, "都道府県コード": 43, "市区町村コード": 102, "所在地": "熊本県熊本市東区下江津２ー５ー８４", "緯度": 32.77029, "経度": 130.736676, "url": "https://www.iryou.teikyouseido.mhlw.go.jp/znk-web/juminkanja/S2430/initialize?prefCd=43&kikanCd=343330574&kikanKbn=3", "url2": null, "内容": "たかはし歯科クリニック【3:歯科】熊本県熊本市東区下江津２ー５ー８４" }, "geometry": { "type": "Point", "coordinates": [ 130.736676, 32.77029 ] } },
{ "type": "Feature", "properties": { "ID": 433343330590, "正式名称": "イーグル歯科クリニック", "機関区分": 3, "都道府県コード": 43, "市区町村コード": 102, "所在地": "熊本県熊本市東区東町３ー２ー１８サンロードマンション１Ｆ", "緯度": 32.786225, "経度": 130.767083, "url": "https://www.iryou.teikyouseido.mhlw.go.jp/znk-web/juminkanja/S2430/initialize?prefCd=43&kikanCd=343330590&kikanKbn=3", "url2": "www.eagle-dc.com", "内容": "イーグル歯科クリニック【3:歯科】熊本県熊本市東区東町３ー２ー１８サンロードマンション１Ｆ" }, "geometry": { "type": "Point", "coordinates": [ 130.767083, 32.786225 ] } },
{ "type": "Feature", "properties": { "ID": 433343330604, "正式名称": "一瀬歯科医院", "機関区分": 3, "都道府県コード": 43, "市区町村コード": 101, "所在地": "熊本県熊本市中央区九品寺３ー１５ー５", "緯度": 32.796218, "経度": 130.716788, "url": "https://www.iryou.teikyouseido.mhlw.go.jp/znk-web/juminkanja/S2430/initialize?prefCd=43&kikanCd=343330604&kikanKbn=3", "url2": "http://www.ichinose-dc.com/", "内容": "一瀬歯科医院【3:歯科】熊本県熊本市中央区九品寺３ー１５ー５" }, "geometry": { "type": "Point", "coordinates": [ 130.716788, 32.796218 ] } },
{ "type": "Feature", "properties": { "ID": 433343330617, "正式名称": "ピュアデンタルクリニック新大江歯科診療所", "機関区分": 3, "都道府県コード": 43, "市区町村コード": 101, "所在地": "熊本県熊本市中央区新大江２ー１１ー９", "緯度": 32.799476, "経度": 130.732195, "url": "https://www.iryou.teikyouseido.mhlw.go.jp/znk-web/juminkanja/S2430/initialize?prefCd=43&kikanCd=343330617&kikanKbn=3", "url2": "http://www.pure-dental.jp/", "内容": "ピュアデンタルクリニック新大江歯科診療所【3:歯科】熊本県熊本市中央区新大江２ー１１ー９" }, "geometry": { "type": "Point", "coordinates": [ 130.732195, 32.799476 ] } },
{ "type": "Feature", "properties": { "ID": 433343330633, "正式名称": "こが歯科クリニック", "機関区分": 3, "都道府県コード": 43, "市区町村コード": 101, "所在地": "熊本県熊本市中央区黒髪３ー６ー１７", "緯度": 32.822513, "経度": 130.722373, "url": "https://www.iryou.teikyouseido.mhlw.go.jp/znk-web/juminkanja/S2430/initialize?prefCd=43&kikanCd=343330633&kikanKbn=3", "url2": "http://www.koga21.com/", "内容": "こが歯科クリニック【3:歯科】熊本県熊本市中央区黒髪３ー６ー１７" }, "geometry": { "type": "Point", "coordinates": [ 130.722373, 32.822513 ] } },
{ "type": "Feature", "properties": { "ID": 433343330646, "正式名称": "秋山歯科クリニック", "機関区分": 3, "都道府県コード": 43, "市区町村コード": 101, "所在地": "熊本県熊本市中央区下通１ー７ー２７ー２Ｆ", "緯度": 32.801084, "経度": 130.707472, "url": "https://www.iryou.teikyouseido.mhlw.go.jp/znk-web/juminkanja/S2430/initialize?prefCd=43&kikanCd=343330646&kikanKbn=3", "url2": "http://akiyama.dentdb.com/", "内容": "秋山歯科クリニック【3:歯科】熊本県熊本市中央区下通１ー７ー２７ー２Ｆ" }, "geometry": { "type": "Point", "coordinates": [ 130.707472, 32.801084 ] } },
{ "type": "Feature", "properties": { "ID": 433343330662, "正式名称": "八反田歯科クリニック", "機関区分": 3, "都道府県コード": 43, "市区町村コード": 102, "所在地": "熊本県熊本市東区八反田２ー１２ー５", "緯度": 32.816672, "経度": 130.76075, "url": "https://www.iryou.teikyouseido.mhlw.go.jp/znk-web/juminkanja/S2430/initialize?prefCd=43&kikanCd=343330662&kikanKbn=3", "url2": "http://www18.ocn.ne.jp/~hattanda/", "内容": "八反田歯科クリニック【3:歯科】熊本県熊本市東区八反田２ー１２ー５" }, "geometry": { "type": "Point", "coordinates": [ 130.76075, 32.816672 ] } },
{ "type": "Feature", "properties": { "ID": 433343330675, "正式名称": "サン・ホワイトデンタルケアクリニック", "機関区分": 3, "都道府県コード": 43, "市区町村コード": 101, "所在地": "熊本県熊本市中央区新市街１ー１１サンホワイトビル３Ｆ", "緯度": 32.79972, "経度": 130.705764, "url": "https://www.iryou.teikyouseido.mhlw.go.jp/znk-web/juminkanja/S2430/initialize?prefCd=43&kikanCd=343330675&kikanKbn=3", "url2": "http://sun-white.cihp2.jp", "内容": "サン・ホワイトデンタルケアクリニック【3:歯科】熊本県熊本市中央区新市街１ー１１サンホワイトビル３Ｆ" }, "geometry": { "type": "Point", "coordinates": [ 130.705764, 32.79972 ] } },
{ "type": "Feature", "properties": { "ID": 433343330688, "正式名称": "医療法人ひじい歯科医院", "機関区分": 3, "都道府県コード": 43, "市区町村コード": 102, "所在地": "熊本県熊本市東区戸島西１ー２７ー２１", "緯度": 32.812351, "経度": 130.785848, "url": "https://www.iryou.teikyouseido.mhlw.go.jp/znk-web/juminkanja/S2430/initialize?prefCd=43&kikanCd=343330688&kikanKbn=3", "url2": "www.hijiishika.net", "内容": "医療法人ひじい歯科医院【3:歯科】熊本県熊本市東区戸島西１ー２７ー２１" }, "geometry": { "type": "Point", "coordinates": [ 130.785848, 32.812351 ] } },
{ "type": "Feature", "properties": { "ID": 433343330691, "正式名称": "松永歯科医院", "機関区分": 3, "都道府県コード": 43, "市区町村コード": 101, "所在地": "熊本県熊本市中央区水前寺１ー１８ー２０", "緯度": 32.792591, "経度": 130.728748, "url": "https://www.iryou.teikyouseido.mhlw.go.jp/znk-web/juminkanja/S2430/initialize?prefCd=43&kikanCd=343330691&kikanKbn=3", "url2": "http://www.mdc-0648.jp", "内容": "松永歯科医院【3:歯科】熊本県熊本市中央区水前寺１ー１８ー２０" }, "geometry": { "type": "Point", "coordinates": [ 130.728748, 32.792591 ] } },
{ "type": "Feature", "properties": { "ID": 433343330721, "正式名称": "新屋敷山下歯科・矯正歯科", "機関区分": 3, "都道府県コード": 43, "市区町村コード": 101, "所在地": "熊本県熊本市中央区新屋敷３ー９ー４山崎ビル５階", "緯度": 32.804295, "経度": 130.721034, "url": "https://www.iryou.teikyouseido.mhlw.go.jp/znk-web/juminkanja/S2430/initialize?prefCd=43&kikanCd=343330721&kikanKbn=3", "url2": "http://heartful-ysk.com/index.htm", "内容": "新屋敷山下歯科・矯正歯科【3:歯科】熊本県熊本市中央区新屋敷３ー９ー４山崎ビル５階" }, "geometry": { "type": "Point", "coordinates": [ 130.721034, 32.804295 ] } },
{ "type": "Feature", "properties": { "ID": 433343330747, "正式名称": "上原歯科医院", "機関区分": 3, "都道府県コード": 43, "市区町村コード": 101, "所在地": "熊本県熊本市中央区出水３ー４ー７", "緯度": 32.786555, "経度": 130.731645, "url": "https://www.iryou.teikyouseido.mhlw.go.jp/znk-web/juminkanja/S2430/initialize?prefCd=43&kikanCd=343330747&kikanKbn=3", "url2": null, "内容": "上原歯科医院【3:歯科】熊本県熊本市中央区出水３ー４ー７" }, "geometry": { "type": "Point", "coordinates": [ 130.731645, 32.786555 ] } },
{ "type": "Feature", "properties": { "ID": 433343330763, "正式名称": "帯山西歯科医院", "機関区分": 3, "都道府県コード": 43, "市区町村コード": 101, "所在地": "熊本県熊本市中央区帯山１ー３４ー４４", "緯度": 32.802354, "経度": 130.743409, "url": "https://www.iryou.teikyouseido.mhlw.go.jp/znk-web/juminkanja/S2430/initialize?prefCd=43&kikanCd=343330763&kikanKbn=3", "url2": "https://itp.ne.jp/into/43747571/017687/570", "内容": "帯山西歯科医院【3:歯科】熊本県熊本市中央区帯山１ー３４ー４４" }, "geometry": { "type": "Point", "coordinates": [ 130.743409, 32.802354 ] } },
{ "type": "Feature", "properties": { "ID": 433343330776, "正式名称": "せき歯科クリニック", "機関区分": 3, "都道府県コード": 43, "市区町村コード": 102, "所在地": "熊本県熊本市東区桜木３ー２２ー１９", "緯度": 32.783478, "経度": 130.78109, "url": "https://www.iryou.teikyouseido.mhlw.go.jp/znk-web/juminkanja/S2430/initialize?prefCd=43&kikanCd=343330776&kikanKbn=3", "url2": "https://www.seki-dc.jp/pc/", "内容": "せき歯科クリニック【3:歯科】熊本県熊本市東区桜木３ー２２ー１９" }, "geometry": { "type": "Point", "coordinates": [ 130.78109, 32.783478 ] } },
{ "type": "Feature", "properties": { "ID": 433343330789, "正式名称": "五島歯科医院", "機関区分": 3, "都道府県コード": 43, "市区町村コード": 101, "所在地": "熊本県熊本市中央区練兵町８８ー８", "緯度": 32.797714, "経度": 130.70162, "url": "https://www.iryou.teikyouseido.mhlw.go.jp/znk-web/juminkanja/S2430/initialize?prefCd=43&kikanCd=343330789&kikanKbn=3", "url2": null, "内容": "五島歯科医院【3:歯科】熊本県熊本市中央区練兵町８８ー８" }, "geometry": { "type": "Point", "coordinates": [ 130.70162, 32.797714 ] } },
{ "type": "Feature", "properties": { "ID": 433343330792, "正式名称": "めんで歯科クリニック", "機関区分": 3, "都道府県コード": 43, "市区町村コード": 101, "所在地": "熊本県熊本市中央区水前寺公園１６ー３６", "緯度": 32.789188, "経度": 130.738606, "url": "https://www.iryou.teikyouseido.mhlw.go.jp/znk-web/juminkanja/S2430/initialize?prefCd=43&kikanCd=343330792&kikanKbn=3", "url2": "http://nttbj.itp.ne.jp/0963861555/index.html", "内容": "めんで歯科クリニック【3:歯科】熊本県熊本市中央区水前寺公園１６ー３６" }, "geometry": { "type": "Point", "coordinates": [ 130.738606, 32.789188 ] } },
{ "type": "Feature", "properties": { "ID": 433343330806, "正式名称": "梶原歯科医院", "機関区分": 3, "都道府県コード": 43, "市区町村コード": 102, "所在地": "熊本県熊本市東区戸島３ー４ー２６", "緯度": 32.82093, "経度": 130.791153, "url": "https://www.iryou.teikyouseido.mhlw.go.jp/znk-web/juminkanja/S2430/initialize?prefCd=43&kikanCd=343330806&kikanKbn=3", "url2": "https://kajiharadental.com", "内容": "梶原歯科医院【3:歯科】熊本県熊本市東区戸島３ー４ー２６" }, "geometry": { "type": "Point", "coordinates": [ 130.791153, 32.82093 ] } },
{ "type": "Feature", "properties": { "ID": 433343330819, "正式名称": "つづき歯科医院", "機関区分": 3, "都道府県コード": 43, "市区町村コード": 101, "所在地": "熊本県熊本市中央区出水１ー１ー１０プレジデント水前寺１Ｆ", "緯度": 32.790332, "経度": 130.731077, "url": "https://www.iryou.teikyouseido.mhlw.go.jp/znk-web/juminkanja/S2430/initialize?prefCd=43&kikanCd=343330819&kikanKbn=3", "url2": "http://tsuzuki-dc.com/", "内容": "つづき歯科医院【3:歯科】熊本県熊本市中央区出水１ー１ー１０プレジデント水前寺１Ｆ" }, "geometry": { "type": "Point", "coordinates": [ 130.731077, 32.790332 ] } },
{ "type": "Feature", "properties": { "ID": 433343330822, "正式名称": "本田デンタルケア", "機関区分": 3, "都道府県コード": 43, "市区町村コード": 102, "所在地": "熊本県熊本市東区東京塚町１－２１", "緯度": 32.795776, "経度": 130.752544, "url": "https://www.iryou.teikyouseido.mhlw.go.jp/znk-web/juminkanja/S2430/initialize?prefCd=43&kikanCd=343330822&kikanKbn=3", "url2": "https://honda-dentalcare.com/", "内容": "本田デンタルケア【3:歯科】熊本県熊本市東区東京塚町１－２１" }, "geometry": { "type": "Point", "coordinates": [ 130.752544, 32.795776 ] } },
{ "type": "Feature", "properties": { "ID": 433343330835, "正式名称": "永田歯科クリニック", "機関区分": 3, "都道府県コード": 43, "市区町村コード": 101, "所在地": "熊本県熊本市中央区帯山４ー５７ー５", "緯度": 32.806831, "経度": 130.750714, "url": "https://www.iryou.teikyouseido.mhlw.go.jp/znk-web/juminkanja/S2430/initialize?prefCd=43&kikanCd=343330835&kikanKbn=3", "url2": "http://www.nagatashika.net", "内容": "永田歯科クリニック【3:歯科】熊本県熊本市中央区帯山４ー５７ー５" }, "geometry": { "type": "Point", "coordinates": [ 130.750714, 32.806831 ] } },
{ "type": "Feature", "properties": { "ID": 433343330848, "正式名称": "谷脇歯科医院", "機関区分": 3, "都道府県コード": 43, "市区町村コード": 101, "所在地": "熊本県熊本市中央区九品寺３ー１７ー２３", "緯度": 32.792995, "経度": 130.717269, "url": "https://www.iryou.teikyouseido.mhlw.go.jp/znk-web/juminkanja/S2430/initialize?prefCd=43&kikanCd=343330848&kikanKbn=3", "url2": null, "内容": "谷脇歯科医院【3:歯科】熊本県熊本市中央区九品寺３ー１７ー２３" }, "geometry": { "type": "Point", "coordinates": [ 130.717269, 32.792995 ] } },
{ "type": "Feature", "properties": { "ID": 433343330851, "正式名称": "ＴＭデンタルクリニック", "機関区分": 3, "都道府県コード": 43, "市区町村コード": 102, "所在地": "熊本県熊本市東区西原１ー２２ー５２光多制服西原ビル１Ｆ", "緯度": 32.814616, "経度": 130.754906, "url": "https://www.iryou.teikyouseido.mhlw.go.jp/znk-web/juminkanja/S2430/initialize?prefCd=43&kikanCd=343330851&kikanKbn=3", "url2": null, "内容": "ＴＭデンタルクリニック【3:歯科】熊本県熊本市東区西原１ー２２ー５２光多制服西原ビル１Ｆ" }, "geometry": { "type": "Point", "coordinates": [ 130.754906, 32.814616 ] } },
{ "type": "Feature", "properties": { "ID": 433343330864, "正式名称": "ホワイト歯科戸島", "機関区分": 3, "都道府県コード": 43, "市区町村コード": 102, "所在地": "熊本県熊本市東区戸島西１ー２９ー６", "緯度": 32.812764, "経度": 130.786742, "url": "https://www.iryou.teikyouseido.mhlw.go.jp/znk-web/juminkanja/S2430/initialize?prefCd=43&kikanCd=343330864&kikanKbn=3", "url2": "http://www.k-denta.jp/", "内容": "ホワイト歯科戸島【3:歯科】熊本県熊本市東区戸島西１ー２９ー６" }, "geometry": { "type": "Point", "coordinates": [ 130.786742, 32.812764 ] } },
{ "type": "Feature", "properties": { "ID": 433343330880, "正式名称": "まちだ歯科クリニック", "機関区分": 3, "都道府県コード": 43, "市区町村コード": 103, "所在地": "熊本県熊本市西区野中２ー１３ー１３", "緯度": 32.77618, "経度": 130.676636, "url": "https://www.iryou.teikyouseido.mhlw.go.jp/znk-web/juminkanja/S2430/initialize?prefCd=43&kikanCd=343330880&kikanKbn=3", "url2": "http://www.machidadental.jp/", "内容": "まちだ歯科クリニック【3:歯科】熊本県熊本市西区野中２ー１３ー１３" }, "geometry": { "type": "Point", "coordinates": [ 130.676636, 32.77618 ] } },
{ "type": "Feature", "properties": { "ID": 433343330893, "正式名称": "田中歯科医院", "機関区分": 3, "都道府県コード": 43, "市区町村コード": 102, "所在地": "熊本県熊本市東区沼山津３ー１０ー４３", "緯度": 32.775828, "経度": 130.783463, "url": "https://www.iryou.teikyouseido.mhlw.go.jp/znk-web/juminkanja/S2430/initialize?prefCd=43&kikanCd=343330893&kikanKbn=3", "url2": null, "内容": "田中歯科医院【3:歯科】熊本県熊本市東区沼山津３ー１０ー４３" }, "geometry": { "type": "Point", "coordinates": [ 130.783463, 32.775828 ] } },
{ "type": "Feature", "properties": { "ID": 433343330907, "正式名称": "島田歯科矯正クリニック", "機関区分": 3, "都道府県コード": 43, "市区町村コード": 102, "所在地": "熊本県熊本市東区渡鹿８丁目１４－５６", "緯度": 32.81285, "経度": 130.742795, "url": "https://www.iryou.teikyouseido.mhlw.go.jp/znk-web/juminkanja/S2430/initialize?prefCd=43&kikanCd=343330907&kikanKbn=3", "url2": null, "内容": "島田歯科矯正クリニック【3:歯科】熊本県熊本市東区渡鹿８丁目１４－５６" }, "geometry": { "type": "Point", "coordinates": [ 130.742795, 32.81285 ] } },
{ "type": "Feature", "properties": { "ID": 433343330910, "正式名称": "なかがわ歯科", "機関区分": 3, "都道府県コード": 43, "市区町村コード": 103, "所在地": "熊本県熊本市西区二本木５ー２ー１", "緯度": 32.781291, "経度": 130.688463, "url": "https://www.iryou.teikyouseido.mhlw.go.jp/znk-web/juminkanja/S2430/initialize?prefCd=43&kikanCd=343330910&kikanKbn=3", "url2": null, "内容": "なかがわ歯科【3:歯科】熊本県熊本市西区二本木５ー２ー１" }, "geometry": { "type": "Point", "coordinates": [ 130.688463, 32.781291 ] } },
{ "type": "Feature", "properties": { "ID": 433343330923, "正式名称": "城山椿歯科クリニック", "機関区分": 3, "都道府県コード": 43, "市区町村コード": 103, "所在地": "熊本県熊本市西区上代４ー１１ー１０", "緯度": 32.77656, "経度": 130.671451, "url": "https://www.iryou.teikyouseido.mhlw.go.jp/znk-web/juminkanja/S2430/initialize?prefCd=43&kikanCd=343330923&kikanKbn=3", "url2": "http://www.johzantsubaki.com/", "内容": "城山椿歯科クリニック【3:歯科】熊本県熊本市西区上代４ー１１ー１０" }, "geometry": { "type": "Point", "coordinates": [ 130.671451, 32.77656 ] } },
{ "type": "Feature", "properties": { "ID": 433343330936, "正式名称": "新外レッツ歯科", "機関区分": 3, "都道府県コード": 43, "市区町村コード": 102, "所在地": "熊本県熊本市東区新外２ー２ー１８", "緯度": 32.800438, "経度": 130.767344, "url": "https://www.iryou.teikyouseido.mhlw.go.jp/znk-web/juminkanja/S2430/initialize?prefCd=43&kikanCd=343330936&kikanKbn=3", "url2": "http://www.lets-shika.com", "内容": "新外レッツ歯科【3:歯科】熊本県熊本市東区新外２ー２ー１８" }, "geometry": { "type": "Point", "coordinates": [ 130.767344, 32.800438 ] } },
{ "type": "Feature", "properties": { "ID": 433343330949, "正式名称": "石浦歯科クリニック", "機関区分": 3, "都道府県コード": 43, "市区町村コード": 104, "所在地": "熊本県熊本市南区南高江１ー１９ー３０", "緯度": 32.754182, "経度": 130.682253, "url": "https://www.iryou.teikyouseido.mhlw.go.jp/znk-web/juminkanja/S2430/initialize?prefCd=43&kikanCd=343330949&kikanKbn=3", "url2": null, "内容": "石浦歯科クリニック【3:歯科】熊本県熊本市南区南高江１ー１９ー３０" }, "geometry": { "type": "Point", "coordinates": [ 130.682253, 32.754182 ] } },
{ "type": "Feature", "properties": { "ID": 433343331034, "正式名称": "いりさ歯科医院", "機関区分": 3, "都道府県コード": 43, "市区町村コード": 105, "所在地": "熊本県熊本市北区八景水谷１ー２４ー２４", "緯度": 32.849649, "経度": 130.725215, "url": "https://www.iryou.teikyouseido.mhlw.go.jp/znk-web/juminkanja/S2430/initialize?prefCd=43&kikanCd=343331034&kikanKbn=3", "url2": "http://www.irisa-dc.com", "内容": "いりさ歯科医院【3:歯科】熊本県熊本市北区八景水谷１ー２４ー２４" }, "geometry": { "type": "Point", "coordinates": [ 130.725215, 32.849649 ] } },
{ "type": "Feature", "properties": { "ID": 433343331047, "正式名称": "さいき歯科クリニック", "機関区分": 3, "都道府県コード": 43, "市区町村コード": 104, "所在地": "熊本県熊本市南区合志１ー３ー１９", "緯度": 32.753046, "経度": 130.682098, "url": "https://www.iryou.teikyouseido.mhlw.go.jp/znk-web/juminkanja/S2430/initialize?prefCd=43&kikanCd=343331047&kikanKbn=3", "url2": null, "内容": "さいき歯科クリニック【3:歯科】熊本県熊本市南区合志１ー３ー１９" }, "geometry": { "type": "Point", "coordinates": [ 130.682098, 32.753046 ] } },
{ "type": "Feature", "properties": { "ID": 433343331063, "正式名称": "こうの矯正歯科クリニック", "機関区分": 3, "都道府県コード": 43, "市区町村コード": 101, "所在地": "熊本県熊本市中央区上通町２ー３０ニューキクチビル２階３ー４号", "緯度": 32.80297, "経度": 130.711516, "url": "https://www.iryou.teikyouseido.mhlw.go.jp/znk-web/juminkanja/S2430/initialize?prefCd=43&kikanCd=343331063&kikanKbn=3", "url2": "http://kouno-kyousei.com", "内容": "こうの矯正歯科クリニック【3:歯科】熊本県熊本市中央区上通町２ー３０ニューキクチビル２階３ー４号" }, "geometry": { "type": "Point", "coordinates": [ 130.711516, 32.80297 ] } },
{ "type": "Feature", "properties": { "ID": 433343331092, "正式名称": "かっぱ歯科", "機関区分": 3, "都道府県コード": 43, "市区町村コード": 105, "所在地": "熊本県熊本市北区鹿子木町１６２ー２", "緯度": 32.873227, "経度": 130.701855, "url": "https://www.iryou.teikyouseido.mhlw.go.jp/znk-web/juminkanja/S2430/initialize?prefCd=43&kikanCd=343331092&kikanKbn=3", "url2": null, "内容": "かっぱ歯科【3:歯科】熊本県熊本市北区鹿子木町１６２ー２" }, "geometry": { "type": "Point", "coordinates": [ 130.701855, 32.873227 ] } },
{ "type": "Feature", "properties": { "ID": 433343331106, "正式名称": "歯科ホワイトピアノ", "機関区分": 3, "都道府県コード": 43, "市区町村コード": 105, "所在地": "熊本県熊本市北区麻生田２ー４ー２０", "緯度": 32.84888, "経度": 130.744303, "url": "https://www.iryou.teikyouseido.mhlw.go.jp/znk-web/juminkanja/S2430/initialize?prefCd=43&kikanCd=343331106&kikanKbn=3", "url2": "http://whitepianodental.com", "内容": "歯科ホワイトピアノ【3:歯科】熊本県熊本市北区麻生田２ー４ー２０" }, "geometry": { "type": "Point", "coordinates": [ 130.744303, 32.84888 ] } },
{ "type": "Feature", "properties": { "ID": 433343331119, "正式名称": "シンデンタルクリニック水前寺", "機関区分": 3, "都道府県コード": 43, "市区町村コード": 101, "所在地": "熊本県熊本市中央区水前寺６ー１０ー３０", "緯度": 32.792879, "経度": 130.742086, "url": "https://www.iryou.teikyouseido.mhlw.go.jp/znk-web/juminkanja/S2430/initialize?prefCd=43&kikanCd=343331119&kikanKbn=3", "url2": "http://www.shin-dc.com/", "内容": "シンデンタルクリニック水前寺【3:歯科】熊本県熊本市中央区水前寺６ー１０ー３０" }, "geometry": { "type": "Point", "coordinates": [ 130.742086, 32.792879 ] } },
{ "type": "Feature", "properties": { "ID": 433343331122, "正式名称": "翼ハロー歯科・内科診療所", "機関区分": 3, "都道府県コード": 43, "市区町村コード": 102, "所在地": "熊本県熊本市東区画図町重富５２９ー１", "緯度": 32.765301, "経度": 130.728421, "url": "https://www.iryou.teikyouseido.mhlw.go.jp/znk-web/juminkanja/S2430/initialize?prefCd=43&kikanCd=343331122&kikanKbn=3", "url2": "http://www.hellodc.net/", "内容": "翼ハロー歯科・内科診療所【3:歯科】熊本県熊本市東区画図町重富５２９ー１" }, "geometry": { "type": "Point", "coordinates": [ 130.728421, 32.765301 ] } },
{ "type": "Feature", "properties": { "ID": 433343331135, "正式名称": "杉野歯科医院", "機関区分": 3, "都道府県コード": 43, "市区町村コード": 105, "所在地": "熊本県熊本市北区八景水谷１ー３１ー１７", "緯度": 32.850277, "経度": 130.724926, "url": "https://www.iryou.teikyouseido.mhlw.go.jp/znk-web/juminkanja/S2430/initialize?prefCd=43&kikanCd=343331135&kikanKbn=3", "url2": null, "内容": "杉野歯科医院【3:歯科】熊本県熊本市北区八景水谷１ー３１ー１７" }, "geometry": { "type": "Point", "coordinates": [ 130.724926, 32.850277 ] } },
{ "type": "Feature", "properties": { "ID": 433343331148, "正式名称": "暁こども歯科クリニック", "機関区分": 3, "都道府県コード": 43, "市区町村コード": 102, "所在地": "熊本県熊本市東区長嶺東５ー３０ー１３", "緯度": 32.826382, "経度": 130.781206, "url": "https://www.iryou.teikyouseido.mhlw.go.jp/znk-web/juminkanja/S2430/initialize?prefCd=43&kikanCd=343331148&kikanKbn=3", "url2": "http://www.akatsuki-dc.com", "内容": "暁こども歯科クリニック【3:歯科】熊本県熊本市東区長嶺東５ー３０ー１３" }, "geometry": { "type": "Point", "coordinates": [ 130.781206, 32.826382 ] } },
{ "type": "Feature", "properties": { "ID": 433343331151, "正式名称": "クリスタルデンタルクリニック", "機関区分": 3, "都道府県コード": 43, "市区町村コード": 101, "所在地": "熊本県熊本市中央区萩原町１７ー２１ＳＴビル１Ｆ", "緯度": 32.777739, "経度": 130.707564, "url": "https://www.iryou.teikyouseido.mhlw.go.jp/znk-web/juminkanja/S2430/initialize?prefCd=43&kikanCd=343331151&kikanKbn=3", "url2": "http://www.crystal-dc.jp/", "内容": "クリスタルデンタルクリニック【3:歯科】熊本県熊本市中央区萩原町１７ー２１ＳＴビル１Ｆ" }, "geometry": { "type": "Point", "coordinates": [ 130.707564, 32.777739 ] } },
{ "type": "Feature", "properties": { "ID": 433343331164, "正式名称": "ほりかわ歯科医院", "機関区分": 3, "都道府県コード": 43, "市区町村コード": 101, "所在地": "熊本県熊本市中央区水前寺公園２ー３７", "緯度": 32.791259, "経度": 130.731071, "url": "https://www.iryou.teikyouseido.mhlw.go.jp/znk-web/juminkanja/S2430/initialize?prefCd=43&kikanCd=343331164&kikanKbn=3", "url2": null, "内容": "ほりかわ歯科医院【3:歯科】熊本県熊本市中央区水前寺公園２ー３７" }, "geometry": { "type": "Point", "coordinates": [ 130.731071, 32.791259 ] } },
{ "type": "Feature", "properties": { "ID": 433343331177, "正式名称": "椿歯科クリニック", "機関区分": 3, "都道府県コード": 43, "市区町村コード": 105, "所在地": "熊本県熊本市北区楠２ー１３ー４０", "緯度": 32.846608, "経度": 130.760271, "url": "https://www.iryou.teikyouseido.mhlw.go.jp/znk-web/juminkanja/S2430/initialize?prefCd=43&kikanCd=343331177&kikanKbn=3", "url2": null, "内容": "椿歯科クリニック【3:歯科】熊本県熊本市北区楠２ー１３ー４０" }, "geometry": { "type": "Point", "coordinates": [ 130.760271, 32.846608 ] } },
{ "type": "Feature", "properties": { "ID": 433343331207, "正式名称": "リコデンタルクリニック", "機関区分": 3, "都道府県コード": 43, "市区町村コード": 101, "所在地": "熊本県熊本市中央区水前寺５ー２８ー３", "緯度": 32.797001, "経度": 130.742881, "url": "https://www.iryou.teikyouseido.mhlw.go.jp/znk-web/juminkanja/S2430/initialize?prefCd=43&kikanCd=343331207&kikanKbn=3", "url2": "http://riko-dental-office.com/", "内容": "リコデンタルクリニック【3:歯科】熊本県熊本市中央区水前寺５ー２８ー３" }, "geometry": { "type": "Point", "coordinates": [ 130.742881, 32.797001 ] } },
{ "type": "Feature", "properties": { "ID": 433343331223, "正式名称": "ピース歯科クリニック神水", "機関区分": 3, "都道府県コード": 43, "市区町村コード": 101, "所在地": "熊本県熊本市中央区神水２ー２ー３", "緯度": 32.787219, "経度": 130.747036, "url": "https://www.iryou.teikyouseido.mhlw.go.jp/znk-web/juminkanja/S2430/initialize?prefCd=43&kikanCd=343331223&kikanKbn=3", "url2": "http://www.peace-shika.com", "内容": "ピース歯科クリニック神水【3:歯科】熊本県熊本市中央区神水２ー２ー３" }, "geometry": { "type": "Point", "coordinates": [ 130.747036, 32.787219 ] } },
{ "type": "Feature", "properties": { "ID": 433343331249, "正式名称": "九品寺おとなこども歯科", "機関区分": 3, "都道府県コード": 43, "市区町村コード": 101, "所在地": "熊本県熊本市中央区大江５ー３ー２ライズ大江１Ｆ", "緯度": 35.580907, "経度": 139.74081, "url": "https://www.iryou.teikyouseido.mhlw.go.jp/znk-web/juminkanja/S2430/initialize?prefCd=43&kikanCd=343331249&kikanKbn=3", "url2": null, "内容": "九品寺おとなこども歯科【3:歯科】熊本県熊本市中央区大江５ー３ー２ライズ大江１Ｆ" }, "geometry": { "type": "Point", "coordinates": [ 139.74081, 35.580907 ] } },
{ "type": "Feature", "properties": { "ID": 433343331252, "正式名称": "フロンティア歯科医院", "機関区分": 3, "都道府県コード": 43, "市区町村コード": 101, "所在地": "熊本県熊本市中央区島崎１ー２９ー１５", "緯度": 32.803833, "経度": 130.690355, "url": "https://www.iryou.teikyouseido.mhlw.go.jp/znk-web/juminkanja/S2430/initialize?prefCd=43&kikanCd=343331252&kikanKbn=3", "url2": null, "内容": "フロンティア歯科医院【3:歯科】熊本県熊本市中央区島崎１ー２９ー１５" }, "geometry": { "type": "Point", "coordinates": [ 130.690355, 32.803833 ] } },
{ "type": "Feature", "properties": { "ID": 433343331265, "正式名称": "三隅歯科クリニック", "機関区分": 3, "都道府県コード": 43, "市区町村コード": 102, "所在地": "熊本県熊本市東区長嶺南４ー１１ー１４３", "緯度": 32.808212, "経度": 130.771793, "url": "https://www.iryou.teikyouseido.mhlw.go.jp/znk-web/juminkanja/S2430/initialize?prefCd=43&kikanCd=343331265&kikanKbn=3", "url2": "http://misumi-dc.com", "内容": "三隅歯科クリニック【3:歯科】熊本県熊本市東区長嶺南４ー１１ー１４３" }, "geometry": { "type": "Point", "coordinates": [ 130.771793, 32.808212 ] } },
{ "type": "Feature", "properties": { "ID": 433343331278, "正式名称": "川口歯科医院", "機関区分": 3, "都道府県コード": 43, "市区町村コード": 102, "所在地": "熊本県熊本市東区長嶺南１ー２ー１８", "緯度": 32.810267, "経度": 130.763224, "url": "https://www.iryou.teikyouseido.mhlw.go.jp/znk-web/juminkanja/S2430/initialize?prefCd=43&kikanCd=343331278&kikanKbn=3", "url2": "www.kumamoto-shika.com", "内容": "川口歯科医院【3:歯科】熊本県熊本市東区長嶺南１ー２ー１８" }, "geometry": { "type": "Point", "coordinates": [ 130.763224, 32.810267 ] } },
{ "type": "Feature", "properties": { "ID": 433343331281, "正式名称": "サンフラワーデンタルクリニック", "機関区分": 3, "都道府県コード": 43, "市区町村コード": 101, "所在地": "熊本県熊本市中央区上通町７ー８ピカイチビル２階", "緯度": 32.805003, "経度": 130.711321, "url": "https://www.iryou.teikyouseido.mhlw.go.jp/znk-web/juminkanja/S2430/initialize?prefCd=43&kikanCd=343331281&kikanKbn=3", "url2": "https://www.sunflower-dental.jp", "内容": "サンフラワーデンタルクリニック【3:歯科】熊本県熊本市中央区上通町７ー８ピカイチビル２階" }, "geometry": { "type": "Point", "coordinates": [ 130.711321, 32.805003 ] } },
{ "type": "Feature", "properties": { "ID": 433343331294, "正式名称": "緒方歯科医院", "機関区分": 3, "都道府県コード": 43, "市区町村コード": 104, "所在地": "熊本県熊本市南区南高江６ー４ー３", "緯度": 32.750813, "経度": 130.687047, "url": "https://www.iryou.teikyouseido.mhlw.go.jp/znk-web/juminkanja/S2430/initialize?prefCd=43&kikanCd=343331294&kikanKbn=3", "url2": "http://www.ogata-shika.net/", "内容": "緒方歯科医院【3:歯科】熊本県熊本市南区南高江６ー４ー３" }, "geometry": { "type": "Point", "coordinates": [ 130.687047, 32.750813 ] } },
{ "type": "Feature", "properties": { "ID": 433343331324, "正式名称": "立花歯科医院", "機関区分": 3, "都道府県コード": 43, "市区町村コード": 102, "所在地": "熊本県熊本市東区新外４ー７ー３", "緯度": 32.800907, "経度": 130.770013, "url": "https://www.iryou.teikyouseido.mhlw.go.jp/znk-web/juminkanja/S2430/initialize?prefCd=43&kikanCd=343331324&kikanKbn=3", "url2": "http://tachibana-shika.com/", "内容": "立花歯科医院【3:歯科】熊本県熊本市東区新外４ー７ー３" }, "geometry": { "type": "Point", "coordinates": [ 130.770013, 32.800907 ] } },
{ "type": "Feature", "properties": { "ID": 433343331337, "正式名称": "光琳寺通り歯科", "機関区分": 3, "都道府県コード": 43, "市区町村コード": 101, "所在地": "熊本県熊本市中央区下通１ー１１ー８甲斐ビル３Ｆ", "緯度": 32.800289, "経度": 130.707333, "url": "https://www.iryou.teikyouseido.mhlw.go.jp/znk-web/juminkanja/S2430/initialize?prefCd=43&kikanCd=343331337&kikanKbn=3", "url2": "http://www.korinji.com", "内容": "光琳寺通り歯科【3:歯科】熊本県熊本市中央区下通１ー１１ー８甲斐ビル３Ｆ" }, "geometry": { "type": "Point", "coordinates": [ 130.707333, 32.800289 ] } },
{ "type": "Feature", "properties": { "ID": 433343331353, "正式名称": "矢毛石歯科医院", "機関区分": 3, "都道府県コード": 43, "市区町村コード": 101, "所在地": "熊本県熊本市中央区水前寺３ー３６ー３　オネストビル１０１", "緯度": 32.800243, "経度": 130.734328, "url": "https://www.iryou.teikyouseido.mhlw.go.jp/znk-web/juminkanja/S2430/initialize?prefCd=43&kikanCd=343331353&kikanKbn=3", "url2": null, "内容": "矢毛石歯科医院【3:歯科】熊本県熊本市中央区水前寺３ー３６ー３　オネストビル１０１" }, "geometry": { "type": "Point", "coordinates": [ 130.734328, 32.800243 ] } },
{ "type": "Feature", "properties": { "ID": 433343331379, "正式名称": "髙﨑歯科医院", "機関区分": 3, "都道府県コード": 43, "市区町村コード": 102, "所在地": "熊本県熊本市東区健軍２ー１３ー１５高崎ビル２Ｆ", "緯度": 32.782075, "経度": 130.751008, "url": "https://www.iryou.teikyouseido.mhlw.go.jp/znk-web/juminkanja/S2430/initialize?prefCd=43&kikanCd=343331379&kikanKbn=3", "url2": null, "内容": "髙﨑歯科医院【3:歯科】熊本県熊本市東区健軍２ー１３ー１５高崎ビル２Ｆ" }, "geometry": { "type": "Point", "coordinates": [ 130.751008, 32.782075 ] } },
{ "type": "Feature", "properties": { "ID": 433343331395, "正式名称": "もりした歯科", "機関区分": 3, "都道府県コード": 43, "市区町村コード": 103, "所在地": "熊本県熊本市西区河内町船津１９６１ー１１", "緯度": 32.833055, "経度": 130.586275, "url": "https://www.iryou.teikyouseido.mhlw.go.jp/znk-web/juminkanja/S2430/initialize?prefCd=43&kikanCd=343331395&kikanKbn=3", "url2": null, "内容": "もりした歯科【3:歯科】熊本県熊本市西区河内町船津１９６１ー１１" }, "geometry": { "type": "Point", "coordinates": [ 130.586275, 32.833055 ] } },
{ "type": "Feature", "properties": { "ID": 433343331409, "正式名称": "オリオンデンタルクリニック", "機関区分": 3, "都道府県コード": 43, "市区町村コード": 101, "所在地": "熊本県熊本市中央区九品寺５ー８ー７こざきビル２Ｆ", "緯度": 32.790149, "経度": 130.716313, "url": "https://www.iryou.teikyouseido.mhlw.go.jp/znk-web/juminkanja/S2430/initialize?prefCd=43&kikanCd=343331409&kikanKbn=3", "url2": "https://orion-dc.jp", "内容": "オリオンデンタルクリニック【3:歯科】熊本県熊本市中央区九品寺５ー８ー７こざきビル２Ｆ" }, "geometry": { "type": "Point", "coordinates": [ 130.716313, 32.790149 ] } },
{ "type": "Feature", "properties": { "ID": 433343331425, "正式名称": "ヒコデンタルクリニック", "機関区分": 3, "都道府県コード": 43, "市区町村コード": 102, "所在地": "熊本県熊本市東区下江津７ー７ー１", "緯度": 32.768418, "経度": 130.742662, "url": "https://www.iryou.teikyouseido.mhlw.go.jp/znk-web/juminkanja/S2430/initialize?prefCd=43&kikanCd=343331425&kikanKbn=3", "url2": "http://www.hiko-dc.com/", "内容": "ヒコデンタルクリニック【3:歯科】熊本県熊本市東区下江津７ー７ー１" }, "geometry": { "type": "Point", "coordinates": [ 130.742662, 32.768418 ] } },
{ "type": "Feature", "properties": { "ID": 433343331454, "正式名称": "大江歯科医院", "機関区分": 3, "都道府県コード": 43, "市区町村コード": 101, "所在地": "熊本県熊本市中央区大江１ー２０ー２０", "緯度": 32.807217, "経度": 130.724584, "url": "https://www.iryou.teikyouseido.mhlw.go.jp/znk-web/juminkanja/S2430/initialize?prefCd=43&kikanCd=343331454&kikanKbn=3", "url2": "https://www.dentalclinic.jp/OoeDC/OoeDC.html", "内容": "大江歯科医院【3:歯科】熊本県熊本市中央区大江１ー２０ー２０" }, "geometry": { "type": "Point", "coordinates": [ 130.724584, 32.807217 ] } },
{ "type": "Feature", "properties": { "ID": 433343331467, "正式名称": "ミレー歯科クリニック", "機関区分": 3, "都道府県コード": 43, "市区町村コード": 102, "所在地": "熊本県熊本市東区長嶺西１ー５ー１", "緯度": 32.811381, "経度": 130.76182, "url": "https://www.iryou.teikyouseido.mhlw.go.jp/znk-web/juminkanja/S2430/initialize?prefCd=43&kikanCd=343331467&kikanKbn=3", "url2": null, "内容": "ミレー歯科クリニック【3:歯科】熊本県熊本市東区長嶺西１ー５ー１" }, "geometry": { "type": "Point", "coordinates": [ 130.76182, 32.811381 ] } },
{ "type": "Feature", "properties": { "ID": 433343331656, "正式名称": "クララ歯科", "機関区分": 3, "都道府県コード": 43, "市区町村コード": 104, "所在地": "熊本県熊本市南区日吉２ー１ー７", "緯度": 32.759545, "経度": 130.688522, "url": "https://www.iryou.teikyouseido.mhlw.go.jp/znk-web/juminkanja/S2430/initialize?prefCd=43&kikanCd=343331656&kikanKbn=3", "url2": null, "内容": "クララ歯科【3:歯科】熊本県熊本市南区日吉２ー１ー７" }, "geometry": { "type": "Point", "coordinates": [ 130.688522, 32.759545 ] } },
{ "type": "Feature", "properties": { "ID": 433343331669, "正式名称": "ホワイト歯科西廻りバイパス", "機関区分": 3, "都道府県コード": 43, "市区町村コード": 103, "所在地": "熊本県熊本市西区上代１ー２１ー２", "緯度": 32.783135, "経度": 130.672987, "url": "https://www.iryou.teikyouseido.mhlw.go.jp/znk-web/juminkanja/S2430/initialize?prefCd=43&kikanCd=343331669&kikanKbn=3", "url2": "http://www.k-denta.jp/", "内容": "ホワイト歯科西廻りバイパス【3:歯科】熊本県熊本市西区上代１ー２１ー２" }, "geometry": { "type": "Point", "coordinates": [ 130.672987, 32.783135 ] } },
{ "type": "Feature", "properties": { "ID": 433343331672, "正式名称": "なないろデンタルクリニック", "機関区分": 3, "都道府県コード": 43, "市区町村コード": 102, "所在地": "熊本県熊本市東区月出２ー１ー３９オークヒル本田１Ｆ", "緯度": 32.802098, "経度": 130.759491, "url": "https://www.iryou.teikyouseido.mhlw.go.jp/znk-web/juminkanja/S2430/initialize?prefCd=43&kikanCd=343331672&kikanKbn=3", "url2": "https://akiyoshidc.com", "内容": "なないろデンタルクリニック【3:歯科】熊本県熊本市東区月出２ー１ー３９オークヒル本田１Ｆ" }, "geometry": { "type": "Point", "coordinates": [ 130.759491, 32.802098 ] } },
{ "type": "Feature", "properties": { "ID": 433343331685, "正式名称": "もりの歯科クリニック", "機関区分": 3, "都道府県コード": 43, "市区町村コード": 103, "所在地": "熊本県熊本市西区池田２ー１ー８２", "緯度": 32.826679, "経度": 130.708441, "url": "https://www.iryou.teikyouseido.mhlw.go.jp/znk-web/juminkanja/S2430/initialize?prefCd=43&kikanCd=343331685&kikanKbn=3", "url2": "http://www.morino-dental.com/", "内容": "もりの歯科クリニック【3:歯科】熊本県熊本市西区池田２ー１ー８２" }, "geometry": { "type": "Point", "coordinates": [ 130.708441, 32.826679 ] } },
{ "type": "Feature", "properties": { "ID": 433343331698, "正式名称": "ひまわり歯科", "機関区分": 3, "都道府県コード": 43, "市区町村コード": 105, "所在地": "熊本県熊本市北区武蔵ケ丘１ー１４ー１０", "緯度": 32.852538, "経度": 130.76744, "url": "https://www.iryou.teikyouseido.mhlw.go.jp/znk-web/juminkanja/S2430/initialize?prefCd=43&kikanCd=343331698&kikanKbn=3", "url2": "http://www.himawari-sikaiin.com/", "内容": "ひまわり歯科【3:歯科】熊本県熊本市北区武蔵ケ丘１ー１４ー１０" }, "geometry": { "type": "Point", "coordinates": [ 130.76744, 32.852538 ] } },
{ "type": "Feature", "properties": { "ID": 433343331715, "正式名称": "福井歯科医院", "機関区分": 3, "都道府県コード": 43, "市区町村コード": 102, "所在地": "熊本県熊本市東区健軍本町２９ー８", "緯度": 32.7868, "経度": 130.759927, "url": "https://www.iryou.teikyouseido.mhlw.go.jp/znk-web/juminkanja/S2430/initialize?prefCd=43&kikanCd=343331715&kikanKbn=3", "url2": "http://fukui-dent.com/", "内容": "福井歯科医院【3:歯科】熊本県熊本市東区健軍本町２９ー８" }, "geometry": { "type": "Point", "coordinates": [ 130.759927, 32.7868 ] } },
{ "type": "Feature", "properties": { "ID": 433343331728, "正式名称": "ＤＡＮ矯正歯科クリニック", "機関区分": 3, "都道府県コード": 43, "市区町村コード": 101, "所在地": "熊本県熊本市中央区上通町１ー１ＮＫ第一ビル５Ｆ", "緯度": 32.803573, "経度": 130.710141, "url": "https://www.iryou.teikyouseido.mhlw.go.jp/znk-web/juminkanja/S2430/initialize?prefCd=43&kikanCd=343331728&kikanKbn=3", "url2": "http://www.dan-kyosei.com", "内容": "ＤＡＮ矯正歯科クリニック【3:歯科】熊本県熊本市中央区上通町１ー１ＮＫ第一ビル５Ｆ" }, "geometry": { "type": "Point", "coordinates": [ 130.710141, 32.803573 ] } },
{ "type": "Feature", "properties": { "ID": 433343331731, "正式名称": "ヒロデンタルクリニック", "機関区分": 3, "都道府県コード": 43, "市区町村コード": 101, "所在地": "熊本県熊本市中央区新市街６ー６いけおビル２Ｆ", "緯度": 32.799316, "経度": 130.707361, "url": "https://www.iryou.teikyouseido.mhlw.go.jp/znk-web/juminkanja/S2430/initialize?prefCd=43&kikanCd=343331731&kikanKbn=3", "url2": "http://www.hirodent.jp/", "内容": "ヒロデンタルクリニック【3:歯科】熊本県熊本市中央区新市街６ー６いけおビル２Ｆ" }, "geometry": { "type": "Point", "coordinates": [ 130.707361, 32.799316 ] } },
{ "type": "Feature", "properties": { "ID": 433343331744, "正式名称": "うとデンタルクリニック", "機関区分": 3, "都道府県コード": 43, "市区町村コード": 101, "所在地": "熊本県熊本市中央区段山本町３ー７", "緯度": 32.807966, "経度": 130.696228, "url": "https://www.iryou.teikyouseido.mhlw.go.jp/znk-web/juminkanja/S2430/initialize?prefCd=43&kikanCd=343331744&kikanKbn=3", "url2": "http://uto-dental.com/", "内容": "うとデンタルクリニック【3:歯科】熊本県熊本市中央区段山本町３ー７" }, "geometry": { "type": "Point", "coordinates": [ 130.696228, 32.807966 ] } },
{ "type": "Feature", "properties": { "ID": 433343331757, "正式名称": "元島歯科クリニック", "機関区分": 3, "都道府県コード": 43, "市区町村コード": 102, "所在地": "熊本県熊本市東区尾ノ上１ー７ー２０", "緯度": 32.788351, "経度": 130.752047, "url": "https://www.iryou.teikyouseido.mhlw.go.jp/znk-web/juminkanja/S2430/initialize?prefCd=43&kikanCd=343331757&kikanKbn=3", "url2": "http://www.good-teeth.net/motoshimadc/", "内容": "元島歯科クリニック【3:歯科】熊本県熊本市東区尾ノ上１ー７ー２０" }, "geometry": { "type": "Point", "coordinates": [ 130.752047, 32.788351 ] } },
{ "type": "Feature", "properties": { "ID": 433343331760, "正式名称": "中嶋安田歯科医院", "機関区分": 3, "都道府県コード": 43, "市区町村コード": 105, "所在地": "熊本県熊本市北区高平３ー１１ー５８", "緯度": 32.836134, "経度": 130.71779, "url": "https://www.iryou.teikyouseido.mhlw.go.jp/znk-web/juminkanja/S2430/initialize?prefCd=43&kikanCd=343331760&kikanKbn=3", "url2": "http://nakashimayasuda.main.jp/", "内容": "中嶋安田歯科医院【3:歯科】熊本県熊本市北区高平３ー１１ー５８" }, "geometry": { "type": "Point", "coordinates": [ 130.71779, 32.836134 ] } },
{ "type": "Feature", "properties": { "ID": 433343331773, "正式名称": "やまだ歯科", "機関区分": 3, "都道府県コード": 43, "市区町村コード": 104, "所在地": "熊本県熊本市南区出仲間７ー１ー３６", "緯度": 32.771201, "経度": 130.715511, "url": "https://www.iryou.teikyouseido.mhlw.go.jp/znk-web/juminkanja/S2430/initialize?prefCd=43&kikanCd=343331773&kikanKbn=3", "url2": "https://www.yamadasika.net/", "内容": "やまだ歯科【3:歯科】熊本県熊本市南区出仲間７ー１ー３６" }, "geometry": { "type": "Point", "coordinates": [ 130.715511, 32.771201 ] } },
{ "type": "Feature", "properties": { "ID": 433343331786, "正式名称": "ふくだ歯科クリニック", "機関区分": 3, "都道府県コード": 43, "市区町村コード": 104, "所在地": "熊本県熊本市南区富合町南田尻９９９", "緯度": 32.696916, "経度": 130.672631, "url": "https://www.iryou.teikyouseido.mhlw.go.jp/znk-web/juminkanja/S2430/initialize?prefCd=43&kikanCd=343331786&kikanKbn=3", "url2": "http://www.fukuda-sc.com/index.html", "内容": "ふくだ歯科クリニック【3:歯科】熊本県熊本市南区富合町南田尻９９９" }, "geometry": { "type": "Point", "coordinates": [ 130.672631, 32.696916 ] } },
{ "type": "Feature", "properties": { "ID": 433343331799, "正式名称": "さくらのもり歯科医院", "機関区分": 3, "都道府県コード": 43, "市区町村コード": 102, "所在地": "熊本県熊本市東区小山２ー１３ー４５", "緯度": 32.826736, "経度": 130.788717, "url": "https://www.iryou.teikyouseido.mhlw.go.jp/znk-web/juminkanja/S2430/initialize?prefCd=43&kikanCd=343331799&kikanKbn=3", "url2": "http://sakuranomori-dc.com/", "内容": "さくらのもり歯科医院【3:歯科】熊本県熊本市東区小山２ー１３ー４５" }, "geometry": { "type": "Point", "coordinates": [ 130.788717, 32.826736 ] } },
{ "type": "Feature", "properties": { "ID": 433343331803, "正式名称": "河端歯科Ｎｏｒｉ－Ｄｅｎｔａｌ　ｏｆｆｉｃｅ", "機関区分": 3, "都道府県コード": 43, "市区町村コード": 102, "所在地": "熊本県熊本市東区尾ノ上２ー２７ー７", "緯度": 32.79394, "経度": 130.757622, "url": "https://www.iryou.teikyouseido.mhlw.go.jp/znk-web/juminkanja/S2430/initialize?prefCd=43&kikanCd=343331803&kikanKbn=3", "url2": "http://www.dental-nori.com/", "内容": "河端歯科Ｎｏｒｉ－Ｄｅｎｔａｌ　ｏｆｆｉｃｅ【3:歯科】熊本県熊本市東区尾ノ上２ー２７ー７" }, "geometry": { "type": "Point", "coordinates": [ 130.757622, 32.79394 ] } },
{ "type": "Feature", "properties": { "ID": 433343331816, "正式名称": "歯ならびの歯医者さん", "機関区分": 3, "都道府県コード": 43, "市区町村コード": 105, "所在地": "熊本県熊本市北区山室５ー６ー７", "緯度": 32.846291, "経度": 130.716965, "url": "https://www.iryou.teikyouseido.mhlw.go.jp/znk-web/juminkanja/S2430/initialize?prefCd=43&kikanCd=343331816&kikanKbn=3", "url2": "itp.ne.jp/info/431814617148461350/", "内容": "歯ならびの歯医者さん【3:歯科】熊本県熊本市北区山室５ー６ー７" }, "geometry": { "type": "Point", "coordinates": [ 130.716965, 32.846291 ] } },
{ "type": "Feature", "properties": { "ID": 433343331829, "正式名称": "くきた歯科クリニック", "機関区分": 3, "都道府県コード": 43, "市区町村コード": 102, "所在地": "熊本県熊本市東区湖東２丁目４１－６", "緯度": 32.779049, "経度": 130.747952, "url": "https://www.iryou.teikyouseido.mhlw.go.jp/znk-web/juminkanja/S2430/initialize?prefCd=43&kikanCd=343331829&kikanKbn=3", "url2": "http://www.kukita-dc.com/", "内容": "くきた歯科クリニック【3:歯科】熊本県熊本市東区湖東２丁目４１－６" }, "geometry": { "type": "Point", "coordinates": [ 130.747952, 32.779049 ] } },
{ "type": "Feature", "properties": { "ID": 433343331832, "正式名称": "おかざき歯科クリニック", "機関区分": 3, "都道府県コード": 43, "市区町村コード": 104, "所在地": "熊本県熊本市南区城南町東阿高２１ー２", "緯度": 32.697272, "経度": 130.727949, "url": "https://www.iryou.teikyouseido.mhlw.go.jp/znk-web/juminkanja/S2430/initialize?prefCd=43&kikanCd=343331832&kikanKbn=3", "url2": "http://www.jounan-okazaki-dc.com/", "内容": "おかざき歯科クリニック【3:歯科】熊本県熊本市南区城南町東阿高２１ー２" }, "geometry": { "type": "Point", "coordinates": [ 130.727949, 32.697272 ] } },
{ "type": "Feature", "properties": { "ID": 433343331845, "正式名称": "うえの歯科医院", "機関区分": 3, "都道府県コード": 43, "市区町村コード": 102, "所在地": "熊本県熊本市東区健軍本町５２－３ティエルハイム１Ｆ", "緯度": 32.78583, "経度": 130.759536, "url": "https://www.iryou.teikyouseido.mhlw.go.jp/znk-web/juminkanja/S2430/initialize?prefCd=43&kikanCd=343331845&kikanKbn=3", "url2": "http://uenoshikaiin.com", "内容": "うえの歯科医院【3:歯科】熊本県熊本市東区健軍本町５２－３ティエルハイム１Ｆ" }, "geometry": { "type": "Point", "coordinates": [ 130.759536, 32.78583 ] } },
{ "type": "Feature", "properties": { "ID": 433343331858, "正式名称": "かたやまデンタルクリニック", "機関区分": 3, "都道府県コード": 43, "市区町村コード": 104, "所在地": "熊本県熊本市南区良町４ー７ー４０", "緯度": 32.758616, "経度": 130.725944, "url": "https://www.iryou.teikyouseido.mhlw.go.jp/znk-web/juminkanja/S2430/initialize?prefCd=43&kikanCd=343331858&kikanKbn=3", "url2": "http://katayama-dental.com/", "内容": "かたやまデンタルクリニック【3:歯科】熊本県熊本市南区良町４ー７ー４０" }, "geometry": { "type": "Point", "coordinates": [ 130.725944, 32.758616 ] } },
{ "type": "Feature", "properties": { "ID": 433343331861, "正式名称": "たじり歯科クリニック", "機関区分": 3, "都道府県コード": 43, "市区町村コード": 103, "所在地": "熊本県熊本市西区出町４ー１９", "緯度": 32.823348, "経度": 130.70683, "url": "https://www.iryou.teikyouseido.mhlw.go.jp/znk-web/juminkanja/S2430/initialize?prefCd=43&kikanCd=343331861&kikanKbn=3", "url2": "http://tajiri-shika.com/", "内容": "たじり歯科クリニック【3:歯科】熊本県熊本市西区出町４ー１９" }, "geometry": { "type": "Point", "coordinates": [ 130.70683, 32.823348 ] } },
{ "type": "Feature", "properties": { "ID": 433343331887, "正式名称": "原田歯科医院", "機関区分": 3, "都道府県コード": 43, "市区町村コード": 101, "所在地": "熊本県熊本市中央区渡鹿７ー１１ー３８", "緯度": 32.809967, "経度": 130.737134, "url": "https://www.iryou.teikyouseido.mhlw.go.jp/znk-web/juminkanja/S2430/initialize?prefCd=43&kikanCd=343331887&kikanKbn=3", "url2": null, "内容": "原田歯科医院【3:歯科】熊本県熊本市中央区渡鹿７ー１１ー３８" }, "geometry": { "type": "Point", "coordinates": [ 130.737134, 32.809967 ] } },
{ "type": "Feature", "properties": { "ID": 433343331890, "正式名称": "森都心歯科クリニック", "機関区分": 3, "都道府県コード": 43, "市区町村コード": 103, "所在地": "熊本県熊本市西区春日１ー１４ー３熊本タワービル１Ｆ", "緯度": 32.790272, "経度": 130.691406, "url": "https://www.iryou.teikyouseido.mhlw.go.jp/znk-web/juminkanja/S2430/initialize?prefCd=43&kikanCd=343331890&kikanKbn=3", "url2": "www.shintoshin-dental.com", "内容": "森都心歯科クリニック【3:歯科】熊本県熊本市西区春日１ー１４ー３熊本タワービル１Ｆ" }, "geometry": { "type": "Point", "coordinates": [ 130.691406, 32.790272 ] } },
{ "type": "Feature", "properties": { "ID": 433343331904, "正式名称": "ゆう歯科クリニック", "機関区分": 3, "都道府県コード": 43, "市区町村コード": 101, "所在地": "熊本県熊本市中央区琴平本町１２ー９", "緯度": 32.786388, "経度": 130.706772, "url": "https://www.iryou.teikyouseido.mhlw.go.jp/znk-web/juminkanja/S2430/initialize?prefCd=43&kikanCd=343331904&kikanKbn=3", "url2": "http://www.you-dent.jp/", "内容": "ゆう歯科クリニック【3:歯科】熊本県熊本市中央区琴平本町１２ー９" }, "geometry": { "type": "Point", "coordinates": [ 130.706772, 32.786388 ] } },
{ "type": "Feature", "properties": { "ID": 433343331917, "正式名称": "小島デンタルクリニック", "機関区分": 3, "都道府県コード": 43, "市区町村コード": 102, "所在地": "熊本県熊本市東区水源１ー６ー５", "緯度": 32.77562, "経度": 130.753608, "url": "https://www.iryou.teikyouseido.mhlw.go.jp/znk-web/juminkanja/S2430/initialize?prefCd=43&kikanCd=343331917&kikanKbn=3", "url2": "http://kojimaryo-dental.com", "内容": "小島デンタルクリニック【3:歯科】熊本県熊本市東区水源１ー６ー５" }, "geometry": { "type": "Point", "coordinates": [ 130.753608, 32.77562 ] } },
{ "type": "Feature", "properties": { "ID": 433343331920, "正式名称": "細川歯科", "機関区分": 3, "都道府県コード": 43, "市区町村コード": 103, "所在地": "熊本県熊本市西区春日１ー１４ー２ー２０２", "緯度": 32.790598, "経度": 130.69156, "url": "https://www.iryou.teikyouseido.mhlw.go.jp/znk-web/juminkanja/S2430/initialize?prefCd=43&kikanCd=343331920&kikanKbn=3", "url2": "http://www.hosokawa-dc.com", "内容": "細川歯科【3:歯科】熊本県熊本市西区春日１ー１４ー２ー２０２" }, "geometry": { "type": "Point", "coordinates": [ 130.69156, 32.790598 ] } },
{ "type": "Feature", "properties": { "ID": 433343331933, "正式名称": "医療法人ひかり会　荒瀬歯科医院", "機関区分": 3, "都道府県コード": 43, "市区町村コード": 102, "所在地": "熊本県熊本市東区上南部２ー２ー２ゆめタウンサンピアン３Ｆ", "緯度": 32.82714, "経度": 130.763394, "url": "https://www.iryou.teikyouseido.mhlw.go.jp/znk-web/juminkanja/S2430/initialize?prefCd=43&kikanCd=343331933&kikanKbn=3", "url2": "www.araseshika.com", "内容": "医療法人ひかり会　荒瀬歯科医院【3:歯科】熊本県熊本市東区上南部２ー２ー２ゆめタウンサンピアン３Ｆ" }, "geometry": { "type": "Point", "coordinates": [ 130.763394, 32.82714 ] } },
{ "type": "Feature", "properties": { "ID": 433343331946, "正式名称": "臣歯科診療所", "機関区分": 3, "都道府県コード": 43, "市区町村コード": 101, "所在地": "熊本県熊本市中央区大江４ー１９ー２０", "緯度": 32.799976, "経度": 130.723454, "url": "https://www.iryou.teikyouseido.mhlw.go.jp/znk-web/juminkanja/S2430/initialize?prefCd=43&kikanCd=343331946&kikanKbn=3", "url2": "http://www.omishika.com", "内容": "臣歯科診療所【3:歯科】熊本県熊本市中央区大江４ー１９ー２０" }, "geometry": { "type": "Point", "coordinates": [ 130.723454, 32.799976 ] } },
{ "type": "Feature", "properties": { "ID": 433343331962, "正式名称": "けやき通り歯科　矯正歯科", "機関区分": 3, "都道府県コード": 43, "市区町村コード": 104, "所在地": "熊本県熊本市南区田迎２ー１８ー１２", "緯度": 32.776964, "経度": 130.715888, "url": "https://www.iryou.teikyouseido.mhlw.go.jp/znk-web/juminkanja/S2430/initialize?prefCd=43&kikanCd=343331962&kikanKbn=3", "url2": "http://www.keyaki.org/", "内容": "けやき通り歯科　矯正歯科【3:歯科】熊本県熊本市南区田迎２ー１８ー１２" }, "geometry": { "type": "Point", "coordinates": [ 130.715888, 32.776964 ] } },
{ "type": "Feature", "properties": { "ID": 433343331975, "正式名称": "くつな歯科クリニック", "機関区分": 3, "都道府県コード": 43, "市区町村コード": 104, "所在地": "熊本県熊本市南区城南町今吉野９８９", "緯度": 32.798353, "経度": 130.703844, "url": "https://www.iryou.teikyouseido.mhlw.go.jp/znk-web/juminkanja/S2430/initialize?prefCd=43&kikanCd=343331975&kikanKbn=3", "url2": null, "内容": "くつな歯科クリニック【3:歯科】熊本県熊本市南区城南町今吉野９８９" }, "geometry": { "type": "Point", "coordinates": [ 130.703844, 32.798353 ] } },
{ "type": "Feature", "properties": { "ID": 433343331988, "正式名称": "中川歯科", "機関区分": 3, "都道府県コード": 43, "市区町村コード": 102, "所在地": "熊本県熊本市東区長嶺東７ー１１ー７", "緯度": 32.827996, "経度": 130.779776, "url": "https://www.iryou.teikyouseido.mhlw.go.jp/znk-web/juminkanja/S2430/initialize?prefCd=43&kikanCd=343331988&kikanKbn=3", "url2": "http://nakagawa-shika.info/", "内容": "中川歯科【3:歯科】熊本県熊本市東区長嶺東７ー１１ー７" }, "geometry": { "type": "Point", "coordinates": [ 130.779776, 32.827996 ] } },
{ "type": "Feature", "properties": { "ID": 433343331991, "正式名称": "東町グラン歯科", "機関区分": 3, "都道府県コード": 43, "市区町村コード": 102, "所在地": "熊本県熊本市東区東町２ー１ー２", "緯度": 32.794057, "経度": 130.764724, "url": "https://www.iryou.teikyouseido.mhlw.go.jp/znk-web/juminkanja/S2430/initialize?prefCd=43&kikanCd=343331991&kikanKbn=3", "url2": "http://www.grand-dc.com/", "内容": "東町グラン歯科【3:歯科】熊本県熊本市東区東町２ー１ー２" }, "geometry": { "type": "Point", "coordinates": [ 130.764724, 32.794057 ] } },
{ "type": "Feature", "properties": { "ID": 433343332002, "正式名称": "みやざき歯科クリニック", "機関区分": 3, "都道府県コード": 43, "市区町村コード": 104, "所在地": "熊本県熊本市南区白藤３ー２ー１００", "緯度": 32.748866, "経度": 130.678134, "url": "https://www.iryou.teikyouseido.mhlw.go.jp/znk-web/juminkanja/S2430/initialize?prefCd=43&kikanCd=343332002&kikanKbn=3", "url2": "http://www.miyazakidental.jp/", "内容": "みやざき歯科クリニック【3:歯科】熊本県熊本市南区白藤３ー２ー１００" }, "geometry": { "type": "Point", "coordinates": [ 130.678134, 32.748866 ] } },
{ "type": "Feature", "properties": { "ID": 433343332015, "正式名称": "橋元歯科", "機関区分": 3, "都道府県コード": 43, "市区町村コード": 101, "所在地": "熊本県熊本市中央区帯山３ー１９ー９", "緯度": 32.800265, "経度": 130.753803, "url": "https://www.iryou.teikyouseido.mhlw.go.jp/znk-web/juminkanja/S2430/initialize?prefCd=43&kikanCd=343332015&kikanKbn=3", "url2": null, "内容": "橋元歯科【3:歯科】熊本県熊本市中央区帯山３ー１９ー９" }, "geometry": { "type": "Point", "coordinates": [ 130.753803, 32.800265 ] } },
{ "type": "Feature", "properties": { "ID": 433343332028, "正式名称": "おひさま歯科クリニック", "機関区分": 3, "都道府県コード": 43, "市区町村コード": 101, "所在地": "熊本県熊本市中央区帯山４ー３ー１８", "緯度": 32.799965, "経度": 130.749164, "url": "https://www.iryou.teikyouseido.mhlw.go.jp/znk-web/juminkanja/S2430/initialize?prefCd=43&kikanCd=343332028&kikanKbn=3", "url2": "https://ohisamashika.com/", "内容": "おひさま歯科クリニック【3:歯科】熊本県熊本市中央区帯山４ー３ー１８" }, "geometry": { "type": "Point", "coordinates": [ 130.749164, 32.799965 ] } },
{ "type": "Feature", "properties": { "ID": 433343332031, "正式名称": "小佐井歯科医院", "機関区分": 3, "都道府県コード": 43, "市区町村コード": 105, "所在地": "熊本県熊本市北区植木町植木３７５", "緯度": 32.932018, "経度": 130.684183, "url": "https://www.iryou.teikyouseido.mhlw.go.jp/znk-web/juminkanja/S2430/initialize?prefCd=43&kikanCd=343332031&kikanKbn=3", "url2": "http://www.kosai-sika.com/", "内容": "小佐井歯科医院【3:歯科】熊本県熊本市北区植木町植木３７５" }, "geometry": { "type": "Point", "coordinates": [ 130.684183, 32.932018 ] } },
{ "type": "Feature", "properties": { "ID": 433343332044, "正式名称": "ワタナベ歯科医院", "機関区分": 3, "都道府県コード": 43, "市区町村コード": 103, "所在地": "熊本県熊本市西区蓮台寺５ー３ー４５", "緯度": 32.774525, "経度": 130.681969, "url": "https://www.iryou.teikyouseido.mhlw.go.jp/znk-web/juminkanja/S2430/initialize?prefCd=43&kikanCd=343332044&kikanKbn=3", "url2": "http://w-shika.net", "内容": "ワタナベ歯科医院【3:歯科】熊本県熊本市西区蓮台寺５ー３ー４５" }, "geometry": { "type": "Point", "coordinates": [ 130.681969, 32.774525 ] } },
{ "type": "Feature", "properties": { "ID": 433343332057, "正式名称": "坂口歯科医院", "機関区分": 3, "都道府県コード": 43, "市区町村コード": 101, "所在地": "熊本県熊本市中央区国府１ー１ー１オーシャンズビル２Ｆ", "緯度": 32.793544, "経度": 130.726462, "url": "https://www.iryou.teikyouseido.mhlw.go.jp/znk-web/juminkanja/S2430/initialize?prefCd=43&kikanCd=343332057&kikanKbn=3", "url2": "http://sakaguchi-shika.com", "内容": "坂口歯科医院【3:歯科】熊本県熊本市中央区国府１ー１ー１オーシャンズビル２Ｆ" }, "geometry": { "type": "Point", "coordinates": [ 130.726462, 32.793544 ] } },
{ "type": "Feature", "properties": { "ID": 433343332060, "正式名称": "てらしま歯科医院", "機関区分": 3, "都道府県コード": 43, "市区町村コード": 104, "所在地": "熊本県熊本市南区田迎６ー２ー６", "緯度": 32.778003, "経度": 130.716638, "url": "https://www.iryou.teikyouseido.mhlw.go.jp/znk-web/juminkanja/S2430/initialize?prefCd=43&kikanCd=343332060&kikanKbn=3", "url2": "http://www.terashima-dc.com", "内容": "てらしま歯科医院【3:歯科】熊本県熊本市南区田迎６ー２ー６" }, "geometry": { "type": "Point", "coordinates": [ 130.716638, 32.778003 ] } },
{ "type": "Feature", "properties": { "ID": 433343332086, "正式名称": "伊藤歯科医院", "機関区分": 3, "都道府県コード": 43, "市区町村コード": 104, "所在地": "熊本県熊本市南区近見１ー１３ー５", "緯度": 32.767844, "経度": 130.689905, "url": "https://www.iryou.teikyouseido.mhlw.go.jp/znk-web/juminkanja/S2430/initialize?prefCd=43&kikanCd=343332086&kikanKbn=3", "url2": "http://www.dc-ito-kumamoto.com", "内容": "伊藤歯科医院【3:歯科】熊本県熊本市南区近見１ー１３ー５" }, "geometry": { "type": "Point", "coordinates": [ 130.689905, 32.767844 ] } },
{ "type": "Feature", "properties": { "ID": 433343332103, "正式名称": "くすのき子供歯科", "機関区分": 3, "都道府県コード": 43, "市区町村コード": 105, "所在地": "熊本県熊本市北区龍田８ー９ー８５", "緯度": 32.844825, "経度": 130.760394, "url": "https://www.iryou.teikyouseido.mhlw.go.jp/znk-web/juminkanja/S2430/initialize?prefCd=43&kikanCd=343332103&kikanKbn=3", "url2": "http://www.kodomosika.com/", "内容": "くすのき子供歯科【3:歯科】熊本県熊本市北区龍田８ー９ー８５" }, "geometry": { "type": "Point", "coordinates": [ 130.760394, 32.844825 ] } },
{ "type": "Feature", "properties": { "ID": 433343332129, "正式名称": "駕町ひろなか歯科", "機関区分": 3, "都道府県コード": 43, "市区町村コード": 101, "所在地": "熊本県熊本市中央区安政町２ー３４　ＨＩＬＬＳ　ＫＡＧＯＭＡＣＨＩビル２階", "緯度": 32.801776, "経度": 130.71061, "url": "https://www.iryou.teikyouseido.mhlw.go.jp/znk-web/juminkanja/S2430/initialize?prefCd=43&kikanCd=343332129&kikanKbn=3", "url2": "http://www.gem.hi-ho.ne.jp/bueno16", "内容": "駕町ひろなか歯科【3:歯科】熊本県熊本市中央区安政町２ー３４　ＨＩＬＬＳ　ＫＡＧＯＭＡＣＨＩビル２階" }, "geometry": { "type": "Point", "coordinates": [ 130.71061, 32.801776 ] } },
{ "type": "Feature", "properties": { "ID": 433343332132, "正式名称": "杉野歯科医院", "機関区分": 3, "都道府県コード": 43, "市区町村コード": 103, "所在地": "熊本県熊本市西区春日２ー１３ー３", "緯度": 32.78589, "経度": 130.686677, "url": "https://www.iryou.teikyouseido.mhlw.go.jp/znk-web/juminkanja/S2430/initialize?prefCd=43&kikanCd=343332132&kikanKbn=3", "url2": null, "内容": "杉野歯科医院【3:歯科】熊本県熊本市西区春日２ー１３ー３" }, "geometry": { "type": "Point", "coordinates": [ 130.686677, 32.78589 ] } },
{ "type": "Feature", "properties": { "ID": 433343332145, "正式名称": "大嶋歯科医院", "機関区分": 3, "都道府県コード": 43, "市区町村コード": 101, "所在地": "熊本県熊本市中央区坪井２ー５ー９", "緯度": 32.810905, "経度": 130.712271, "url": "https://www.iryou.teikyouseido.mhlw.go.jp/znk-web/juminkanja/S2430/initialize?prefCd=43&kikanCd=343332145&kikanKbn=3", "url2": "http://www.oshimashika.jp", "内容": "大嶋歯科医院【3:歯科】熊本県熊本市中央区坪井２ー５ー９" }, "geometry": { "type": "Point", "coordinates": [ 130.712271, 32.810905 ] } },
{ "type": "Feature", "properties": { "ID": 433343332158, "正式名称": "ゆうだい歯科医院", "機関区分": 3, "都道府県コード": 43, "市区町村コード": 102, "所在地": "熊本県熊本市東区花立５ー９ー２５　１Ｆ", "緯度": 32.788105, "経度": 130.773002, "url": "https://www.iryou.teikyouseido.mhlw.go.jp/znk-web/juminkanja/S2430/initialize?prefCd=43&kikanCd=343332158&kikanKbn=3", "url2": "http://www.yu-dai-dc.com/", "内容": "ゆうだい歯科医院【3:歯科】熊本県熊本市東区花立５ー９ー２５　１Ｆ" }, "geometry": { "type": "Point", "coordinates": [ 130.773002, 32.788105 ] } },
{ "type": "Feature", "properties": { "ID": 433343332161, "正式名称": "医療法人　長嶺南ファミリー歯科", "機関区分": 3, "都道府県コード": 43, "市区町村コード": 102, "所在地": "熊本県熊本市東区長嶺南８ー１ー３", "緯度": 32.817476, "経度": 130.779468, "url": "https://www.iryou.teikyouseido.mhlw.go.jp/znk-web/juminkanja/S2430/initialize?prefCd=43&kikanCd=343332161&kikanKbn=3", "url2": "nagamineminami-family-dc.com", "内容": "医療法人　長嶺南ファミリー歯科【3:歯科】熊本県熊本市東区長嶺南８ー１ー３" }, "geometry": { "type": "Point", "coordinates": [ 130.779468, 32.817476 ] } },
{ "type": "Feature", "properties": { "ID": 433343332174, "正式名称": "ひかる歯科ちえこども歯科", "機関区分": 3, "都道府県コード": 43, "市区町村コード": 101, "所在地": "熊本県熊本市中央区国府２ー１７ー４１", "緯度": 32.786966, "経度": 130.730198, "url": "https://www.iryou.teikyouseido.mhlw.go.jp/znk-web/juminkanja/S2430/initialize?prefCd=43&kikanCd=343332174&kikanKbn=3", "url2": "https://hikarushika.com", "内容": "ひかる歯科ちえこども歯科【3:歯科】熊本県熊本市中央区国府２ー１７ー４１" }, "geometry": { "type": "Point", "coordinates": [ 130.730198, 32.786966 ] } },
{ "type": "Feature", "properties": { "ID": 433343332204, "正式名称": "あらた歯科", "機関区分": 3, "都道府県コード": 43, "市区町村コード": 102, "所在地": "熊本県熊本市東区小峯２ー２ー１３４", "緯度": 32.802333, "経度": 130.776879, "url": "https://www.iryou.teikyouseido.mhlw.go.jp/znk-web/juminkanja/S2430/initialize?prefCd=43&kikanCd=343332204&kikanKbn=3", "url2": "www.aratashika.com", "内容": "あらた歯科【3:歯科】熊本県熊本市東区小峯２ー２ー１３４" }, "geometry": { "type": "Point", "coordinates": [ 130.776879, 32.802333 ] } },
{ "type": "Feature", "properties": { "ID": 433343332217, "正式名称": "さくらぎ歯科クリニック", "機関区分": 3, "都道府県コード": 43, "市区町村コード": 102, "所在地": "熊本県熊本市東区錦ケ丘５ー２５", "緯度": 32.789799, "経度": 130.754189, "url": "https://www.iryou.teikyouseido.mhlw.go.jp/znk-web/juminkanja/S2430/initialize?prefCd=43&kikanCd=343332217&kikanKbn=3", "url2": null, "内容": "さくらぎ歯科クリニック【3:歯科】熊本県熊本市東区錦ケ丘５ー２５" }, "geometry": { "type": "Point", "coordinates": [ 130.754189, 32.789799 ] } },
{ "type": "Feature", "properties": { "ID": 433343332233, "正式名称": "医療法人社団　渡辺会　渡辺歯科医院", "機関区分": 3, "都道府県コード": 43, "市区町村コード": 105, "所在地": "熊本県熊本市北区楠８ー９ー８", "緯度": 32.850538, "経度": 130.764085, "url": "https://www.iryou.teikyouseido.mhlw.go.jp/znk-web/juminkanja/S2430/initialize?prefCd=43&kikanCd=343332233&kikanKbn=3", "url2": "http://www.watanabe-kai.com", "内容": "医療法人社団　渡辺会　渡辺歯科医院【3:歯科】熊本県熊本市北区楠８ー９ー８" }, "geometry": { "type": "Point", "coordinates": [ 130.764085, 32.850538 ] } },
{ "type": "Feature", "properties": { "ID": 433343332259, "正式名称": "くろいわ歯科医院", "機関区分": 3, "都道府県コード": 43, "市区町村コード": 102, "所在地": "熊本県熊本市東区佐土原２ー７ー７０", "緯度": 32.793438, "経度": 130.781493, "url": "https://www.iryou.teikyouseido.mhlw.go.jp/znk-web/juminkanja/S2430/initialize?prefCd=43&kikanCd=343332259&kikanKbn=3", "url2": "http://www.kuroiwa-dc.com", "内容": "くろいわ歯科医院【3:歯科】熊本県熊本市東区佐土原２ー７ー７０" }, "geometry": { "type": "Point", "coordinates": [ 130.781493, 32.793438 ] } },
{ "type": "Feature", "properties": { "ID": 433343332262, "正式名称": "いろは歯科クリニック", "機関区分": 3, "都道府県コード": 43, "市区町村コード": 105, "所在地": "熊本県熊本市北区大窪２ー２ー２０", "緯度": 32.848863, "経度": 130.708585, "url": "https://www.iryou.teikyouseido.mhlw.go.jp/znk-web/juminkanja/S2430/initialize?prefCd=43&kikanCd=343332262&kikanKbn=3", "url2": "http://www.irohashika.com", "内容": "いろは歯科クリニック【3:歯科】熊本県熊本市北区大窪２ー２ー２０" }, "geometry": { "type": "Point", "coordinates": [ 130.708585, 32.848863 ] } },
{ "type": "Feature", "properties": { "ID": 433343332275, "正式名称": "名和歯科医院", "機関区分": 3, "都道府県コード": 43, "市区町村コード": 104, "所在地": "熊本県熊本市南区野口２ー１０ー１７", "緯度": 32.766209, "経度": 130.672204, "url": "https://www.iryou.teikyouseido.mhlw.go.jp/znk-web/juminkanja/S2430/initialize?prefCd=43&kikanCd=343332275&kikanKbn=3", "url2": "www.nawa-dc.com", "内容": "名和歯科医院【3:歯科】熊本県熊本市南区野口２ー１０ー１７" }, "geometry": { "type": "Point", "coordinates": [ 130.672204, 32.766209 ] } },
{ "type": "Feature", "properties": { "ID": 433343332288, "正式名称": "よつば歯科口腔クリニック", "機関区分": 3, "都道府県コード": 43, "市区町村コード": 102, "所在地": "熊本県熊本市東区石原１ー１ー１０５", "緯度": 32.83882, "経度": 130.777978, "url": "https://www.iryou.teikyouseido.mhlw.go.jp/znk-web/juminkanja/S2430/initialize?prefCd=43&kikanCd=343332288&kikanKbn=3", "url2": "https://yotsuba-dento.or.jp", "内容": "よつば歯科口腔クリニック【3:歯科】熊本県熊本市東区石原１ー１ー１０５" }, "geometry": { "type": "Point", "coordinates": [ 130.777978, 32.83882 ] } },
{ "type": "Feature", "properties": { "ID": 433343332291, "正式名称": "工藤歯科医院", "機関区分": 3, "都道府県コード": 43, "市区町村コード": 101, "所在地": "熊本県熊本市中央区薬園町６ー２１", "緯度": 32.812837, "経度": 130.717521, "url": "https://www.iryou.teikyouseido.mhlw.go.jp/znk-web/juminkanja/S2430/initialize?prefCd=43&kikanCd=343332291&kikanKbn=3", "url2": null, "内容": "工藤歯科医院【3:歯科】熊本県熊本市中央区薬園町６ー２１" }, "geometry": { "type": "Point", "coordinates": [ 130.717521, 32.812837 ] } },
{ "type": "Feature", "properties": { "ID": 433343332305, "正式名称": "林田歯科医院", "機関区分": 3, "都道府県コード": 43, "市区町村コード": 103, "所在地": "熊本県熊本市西区上熊本２ー１０ー２２", "緯度": 32.813037, "経度": 130.699675, "url": "https://www.iryou.teikyouseido.mhlw.go.jp/znk-web/juminkanja/S2430/initialize?prefCd=43&kikanCd=343332305&kikanKbn=3", "url2": null, "内容": "林田歯科医院【3:歯科】熊本県熊本市西区上熊本２ー１０ー２２" }, "geometry": { "type": "Point", "coordinates": [ 130.699675, 32.813037 ] } },
{ "type": "Feature", "properties": { "ID": 433343332318, "正式名称": "正清歯科医院", "機関区分": 3, "都道府県コード": 43, "市区町村コード": 105, "所在地": "熊本県熊本市北区高平３ー１３ー２６", "緯度": 32.838421, "経度": 130.71877, "url": "https://www.iryou.teikyouseido.mhlw.go.jp/znk-web/juminkanja/S2430/initialize?prefCd=43&kikanCd=343332318&kikanKbn=3", "url2": "http://www.masakiyo-dc,com", "内容": "正清歯科医院【3:歯科】熊本県熊本市北区高平３ー１３ー２６" }, "geometry": { "type": "Point", "coordinates": [ 130.71877, 32.838421 ] } },
{ "type": "Feature", "properties": { "ID": 433343332334, "正式名称": "ともみっこ歯科", "機関区分": 3, "都道府県コード": 43, "市区町村コード": 105, "所在地": "熊本県熊本市北区清水新地３ー５ー５４", "緯度": 32.849411, "経度": 130.738164, "url": "https://www.iryou.teikyouseido.mhlw.go.jp/znk-web/juminkanja/S2430/initialize?prefCd=43&kikanCd=343332334&kikanKbn=3", "url2": "http://www.tomomikko-dc.com/", "内容": "ともみっこ歯科【3:歯科】熊本県熊本市北区清水新地３ー５ー５４" }, "geometry": { "type": "Point", "coordinates": [ 130.738164, 32.849411 ] } },
{ "type": "Feature", "properties": { "ID": 433343332347, "正式名称": "いつき歯科医院", "機関区分": 3, "都道府県コード": 43, "市区町村コード": 102, "所在地": "熊本県熊本市東区花立２ー６ー１", "緯度": 32.781603, "経度": 130.774532, "url": "https://www.iryou.teikyouseido.mhlw.go.jp/znk-web/juminkanja/S2430/initialize?prefCd=43&kikanCd=343332347&kikanKbn=3", "url2": "http://itsuki-shika.com/", "内容": "いつき歯科医院【3:歯科】熊本県熊本市東区花立２ー６ー１" }, "geometry": { "type": "Point", "coordinates": [ 130.774532, 32.781603 ] } },
{ "type": "Feature", "properties": { "ID": 433343332363, "正式名称": "真意デンタルクリニック", "機関区分": 3, "都道府県コード": 43, "市区町村コード": 104, "所在地": "熊本県熊本市南区十禅寺２－８－４５", "緯度": 32.776641, "経度": 130.695916, "url": "https://www.iryou.teikyouseido.mhlw.go.jp/znk-web/juminkanja/S2430/initialize?prefCd=43&kikanCd=343332363&kikanKbn=3", "url2": "https://www.mai-dc.jp", "内容": "真意デンタルクリニック【3:歯科】熊本県熊本市南区十禅寺２－８－４５" }, "geometry": { "type": "Point", "coordinates": [ 130.695916, 32.776641 ] } },
{ "type": "Feature", "properties": { "ID": 433343332392, "正式名称": "ふじおか歯科", "機関区分": 3, "都道府県コード": 43, "市区町村コード": 102, "所在地": "熊本県熊本市東区戸島西１－５－８", "緯度": 32.808748, "経度": 130.781526, "url": "https://www.iryou.teikyouseido.mhlw.go.jp/znk-web/juminkanja/S2430/initialize?prefCd=43&kikanCd=343332392&kikanKbn=3", "url2": "https://fujiokadental-kumamoto.com", "内容": "ふじおか歯科【3:歯科】熊本県熊本市東区戸島西１－５－８" }, "geometry": { "type": "Point", "coordinates": [ 130.781526, 32.808748 ] } },
{ "type": "Feature", "properties": { "ID": 433343332422, "正式名称": "井川歯科医院", "機関区分": 3, "都道府県コード": 43, "市区町村コード": 101, "所在地": "熊本県熊本市中央区平成３丁目２３番地３０号サンリブシティくまなんライフ館１階", "緯度": 32.777715, "経度": 130.704641, "url": "https://www.iryou.teikyouseido.mhlw.go.jp/znk-web/juminkanja/S2430/initialize?prefCd=43&kikanCd=343332422&kikanKbn=3", "url2": "igawa-dental.com", "内容": "井川歯科医院【3:歯科】熊本県熊本市中央区平成３丁目２３番地３０号サンリブシティくまなんライフ館１階" }, "geometry": { "type": "Point", "coordinates": [ 130.704641, 32.777715 ] } },
{ "type": "Feature", "properties": { "ID": 433343332435, "正式名称": "林歯科医院", "機関区分": 3, "都道府県コード": 43, "市区町村コード": 101, "所在地": "熊本県熊本市中央区呉服町３ー３７", "緯度": 32.794137, "経度": 130.695979, "url": "https://www.iryou.teikyouseido.mhlw.go.jp/znk-web/juminkanja/S2430/initialize?prefCd=43&kikanCd=343332435&kikanKbn=3", "url2": "http://www.hayashi-dental-office.com/pc/", "内容": "林歯科医院【3:歯科】熊本県熊本市中央区呉服町３ー３７" }, "geometry": { "type": "Point", "coordinates": [ 130.695979, 32.794137 ] } },
{ "type": "Feature", "properties": { "ID": 433343332448, "正式名称": "はった歯科・小児歯科クリニック", "機関区分": 3, "都道府県コード": 43, "市区町村コード": 103, "所在地": "熊本県熊本市西区上熊本２ー１８ー１", "緯度": 32.818335, "経度": 130.69985, "url": "https://www.iryou.teikyouseido.mhlw.go.jp/znk-web/juminkanja/S2430/initialize?prefCd=43&kikanCd=343332448&kikanKbn=3", "url2": "hattadental.com", "内容": "はった歯科・小児歯科クリニック【3:歯科】熊本県熊本市西区上熊本２ー１８ー１" }, "geometry": { "type": "Point", "coordinates": [ 130.69985, 32.818335 ] } },
{ "type": "Feature", "properties": { "ID": 433343332451, "正式名称": "植木町歯科クリニック", "機関区分": 3, "都道府県コード": 43, "市区町村コード": 105, "所在地": "熊本県熊本市北区植木町鐙田１４６７－１", "緯度": 32.878835, "経度": 130.698455, "url": "https://www.iryou.teikyouseido.mhlw.go.jp/znk-web/juminkanja/S2430/initialize?prefCd=43&kikanCd=343332451&kikanKbn=3", "url2": "http://www.uekimachi-dc.com/", "内容": "植木町歯科クリニック【3:歯科】熊本県熊本市北区植木町鐙田１４６７－１" }, "geometry": { "type": "Point", "coordinates": [ 130.698455, 32.878835 ] } },
{ "type": "Feature", "properties": { "ID": 433343332464, "正式名称": "いとう歯科医院", "機関区分": 3, "都道府県コード": 43, "市区町村コード": 104, "所在地": "熊本県熊本市南区田井島１－２－１　ゆめタウンはません店３階", "緯度": 32.771662, "経度": 130.726463, "url": "https://www.iryou.teikyouseido.mhlw.go.jp/znk-web/juminkanja/S2430/initialize?prefCd=43&kikanCd=343332464&kikanKbn=3", "url2": "http://www.sysken.or.jp/itoh-dh/", "内容": "いとう歯科医院【3:歯科】熊本県熊本市南区田井島１－２－１　ゆめタウンはません店３階" }, "geometry": { "type": "Point", "coordinates": [ 130.726463, 32.771662 ] } },
{ "type": "Feature", "properties": { "ID": 433343332477, "正式名称": "医療法人遼麗会　佐藤歯科クリニック", "機関区分": 3, "都道府県コード": 43, "市区町村コード": 101, "所在地": "熊本県熊本市中央区上通り町７ー１０上通パレス草人木２Ｆ", "緯度": 32.805267, "経度": 130.711446, "url": "https://www.iryou.teikyouseido.mhlw.go.jp/znk-web/juminkanja/S2430/initialize?prefCd=43&kikanCd=343332477&kikanKbn=3", "url2": null, "内容": "医療法人遼麗会　佐藤歯科クリニック【3:歯科】熊本県熊本市中央区上通り町７ー１０上通パレス草人木２Ｆ" }, "geometry": { "type": "Point", "coordinates": [ 130.711446, 32.805267 ] } },
{ "type": "Feature", "properties": { "ID": 433343332480, "正式名称": "シャワー通りすがわら歯科医院", "機関区分": 3, "都道府県コード": 43, "市区町村コード": 101, "所在地": "熊本県熊本市中央区下通２ー５ー１９　２Ｆ", "緯度": 32.798179, "経度": 130.707472, "url": "https://www.iryou.teikyouseido.mhlw.go.jp/znk-web/juminkanja/S2430/initialize?prefCd=43&kikanCd=343332480&kikanKbn=3", "url2": null, "内容": "シャワー通りすがわら歯科医院【3:歯科】熊本県熊本市中央区下通２ー５ー１９　２Ｆ" }, "geometry": { "type": "Point", "coordinates": [ 130.707472, 32.798179 ] } },
{ "type": "Feature", "properties": { "ID": 433343332493, "正式名称": "まつだ矯正歯科", "機関区分": 3, "都道府県コード": 43, "市区町村コード": 103, "所在地": "熊本県熊本市西区田崎町３８０イオンタウン田崎２階", "緯度": 32.783754, "経度": 130.677886, "url": "https://www.iryou.teikyouseido.mhlw.go.jp/znk-web/juminkanja/S2430/initialize?prefCd=43&kikanCd=343332493&kikanKbn=3", "url2": "http://matsuda-kyousei.jp", "内容": "まつだ矯正歯科【3:歯科】熊本県熊本市西区田崎町３８０イオンタウン田崎２階" }, "geometry": { "type": "Point", "coordinates": [ 130.677886, 32.783754 ] } },
{ "type": "Feature", "properties": { "ID": 433343332507, "正式名称": "あじかわ歯科医院", "機関区分": 3, "都道府県コード": 43, "市区町村コード": 102, "所在地": "熊本県熊本市東区東野１丁目１ー８", "緯度": 32.777953, "経度": 130.772107, "url": "https://www.iryou.teikyouseido.mhlw.go.jp/znk-web/juminkanja/S2430/initialize?prefCd=43&kikanCd=343332507&kikanKbn=3", "url2": null, "内容": "あじかわ歯科医院【3:歯科】熊本県熊本市東区東野１丁目１ー８" }, "geometry": { "type": "Point", "coordinates": [ 130.772107, 32.777953 ] } },
{ "type": "Feature", "properties": { "ID": 433343332510, "正式名称": "やまだ歯科・こども歯科クリニック", "機関区分": 3, "都道府県コード": 43, "市区町村コード": 104, "所在地": "熊本県熊本市南区野口３－１９－８", "緯度": 32.765023, "経度": 130.67011, "url": "https://www.iryou.teikyouseido.mhlw.go.jp/znk-web/juminkanja/S2430/initialize?prefCd=43&kikanCd=343332510&kikanKbn=3", "url2": "yamada-kids.com", "内容": "やまだ歯科・こども歯科クリニック【3:歯科】熊本県熊本市南区野口３－１９－８" }, "geometry": { "type": "Point", "coordinates": [ 130.67011, 32.765023 ] } },
{ "type": "Feature", "properties": { "ID": 433343332523, "正式名称": "緒方歯科クリニック", "機関区分": 3, "都道府県コード": 43, "市区町村コード": 101, "所在地": "熊本県熊本市中央区水道町５ー２１コスギ水道町ビル１０１", "緯度": 32.801937, "経度": 130.713342, "url": "https://www.iryou.teikyouseido.mhlw.go.jp/znk-web/juminkanja/S2430/initialize?prefCd=43&kikanCd=343332523&kikanKbn=3", "url2": null, "内容": "緒方歯科クリニック【3:歯科】熊本県熊本市中央区水道町５ー２１コスギ水道町ビル１０１" }, "geometry": { "type": "Point", "coordinates": [ 130.713342, 32.801937 ] } },
{ "type": "Feature", "properties": { "ID": 433343332536, "正式名称": "ややまち歯科クリニック", "機関区分": 3, "都道府県コード": 43, "市区町村コード": 104, "所在地": "熊本県熊本市南区良町", "緯度": 32.760674, "経度": 130.722447, "url": "https://www.iryou.teikyouseido.mhlw.go.jp/znk-web/juminkanja/S2430/initialize?prefCd=43&kikanCd=343332536&kikanKbn=3", "url2": "http://www.yayamachi-dentalcl.com/", "内容": "ややまち歯科クリニック【3:歯科】熊本県熊本市南区良町" }, "geometry": { "type": "Point", "coordinates": [ 130.722447, 32.760674 ] } },
{ "type": "Feature", "properties": { "ID": 433343332549, "正式名称": "くらた歯科クリニック", "機関区分": 3, "都道府県コード": 43, "市区町村コード": 102, "所在地": "熊本県熊本市東区小山７ー４ー４６", "緯度": 32.827991, "経度": 130.804151, "url": "https://www.iryou.teikyouseido.mhlw.go.jp/znk-web/juminkanja/S2430/initialize?prefCd=43&kikanCd=343332549&kikanKbn=3", "url2": "http://www.ku-dc.com", "内容": "くらた歯科クリニック【3:歯科】熊本県熊本市東区小山７ー４ー４６" }, "geometry": { "type": "Point", "coordinates": [ 130.804151, 32.827991 ] } },
{ "type": "Feature", "properties": { "ID": 433343332552, "正式名称": "クリア総合歯科クリニック", "機関区分": 3, "都道府県コード": 43, "市区町村コード": 104, "所在地": "熊本県熊本市南区御幸西２ー３ー６５", "緯度": 32.75884, "経度": 130.706765, "url": "https://www.iryou.teikyouseido.mhlw.go.jp/znk-web/juminkanja/S2430/initialize?prefCd=43&kikanCd=343332552&kikanKbn=3", "url2": "http://www.clear-dc.com", "内容": "クリア総合歯科クリニック【3:歯科】熊本県熊本市南区御幸西２ー３ー６５" }, "geometry": { "type": "Point", "coordinates": [ 130.706765, 32.75884 ] } },
{ "type": "Feature", "properties": { "ID": 433343332565, "正式名称": "あらせ歯科・矯正歯科", "機関区分": 3, "都道府県コード": 43, "市区町村コード": 104, "所在地": "熊本県熊本市南区田井島２ー３ー３６", "緯度": 32.765693, "経度": 130.720269, "url": "https://www.iryou.teikyouseido.mhlw.go.jp/znk-web/juminkanja/S2430/initialize?prefCd=43&kikanCd=343332565&kikanKbn=3", "url2": "https://www,arase-dc.com", "内容": "あらせ歯科・矯正歯科【3:歯科】熊本県熊本市南区田井島２ー３ー３６" }, "geometry": { "type": "Point", "coordinates": [ 130.720269, 32.765693 ] } },
{ "type": "Feature", "properties": { "ID": 433343332578, "正式名称": "熊本パール総合歯科・矯正歯科・こども歯科クリニック大江院", "機関区分": 3, "都道府県コード": 43, "市区町村コード": 101, "所在地": "熊本県熊本市中央区大江１ー１１ー２０", "緯度": 32.807989, "経度": 130.725165, "url": "https://www.iryou.teikyouseido.mhlw.go.jp/znk-web/juminkanja/S2430/initialize?prefCd=43&kikanCd=343332578&kikanKbn=3", "url2": "https://www.par-dc.jp/", "内容": "熊本パール総合歯科・矯正歯科・こども歯科クリニック大江院【3:歯科】熊本県熊本市中央区大江１ー１１ー２０" }, "geometry": { "type": "Point", "coordinates": [ 130.725165, 32.807989 ] } },
{ "type": "Feature", "properties": { "ID": 433343332581, "正式名称": "フォーユー歯科クリニック", "機関区分": 3, "都道府県コード": 43, "市区町村コード": 101, "所在地": "熊本県熊本市中央区本荘２ー１ー１７", "緯度": 32.795551, "経度": 130.713548, "url": "https://www.iryou.teikyouseido.mhlw.go.jp/znk-web/juminkanja/S2430/initialize?prefCd=43&kikanCd=343332581&kikanKbn=3", "url2": "https://foryou-dc.jp", "内容": "フォーユー歯科クリニック【3:歯科】熊本県熊本市中央区本荘２ー１ー１７" }, "geometry": { "type": "Point", "coordinates": [ 130.713548, 32.795551 ] } },
{ "type": "Feature", "properties": { "ID": 433343332594, "正式名称": "瀬口医院　はな小児歯科", "機関区分": 3, "都道府県コード": 43, "市区町村コード": 104, "所在地": "熊本県熊本市南区白藤２ー２ー３８", "緯度": 32.751499, "経度": 130.682328, "url": "https://www.iryou.teikyouseido.mhlw.go.jp/znk-web/juminkanja/S2430/initialize?prefCd=43&kikanCd=343332594&kikanKbn=3", "url2": null, "内容": "瀬口医院　はな小児歯科【3:歯科】熊本県熊本市南区白藤２ー２ー３８" }, "geometry": { "type": "Point", "coordinates": [ 130.682328, 32.751499 ] } },
{ "type": "Feature", "properties": { "ID": 433343332608, "正式名称": "熊本駅前矯正歯科クリニック", "機関区分": 3, "都道府県コード": 43, "市区町村コード": 103, "所在地": "熊本県熊本市西区春日５ー２ー１", "緯度": 32.788821, "経度": 130.686149, "url": "https://www.iryou.teikyouseido.mhlw.go.jp/znk-web/juminkanja/S2430/initialize?prefCd=43&kikanCd=343332608&kikanKbn=3", "url2": "https://www.kumamoto-ekimae-kc.com", "内容": "熊本駅前矯正歯科クリニック【3:歯科】熊本県熊本市西区春日５ー２ー１" }, "geometry": { "type": "Point", "coordinates": [ 130.686149, 32.788821 ] } },
{ "type": "Feature", "properties": { "ID": 433343332611, "正式名称": "京町歯科クリニック", "機関区分": 3, "都道府県コード": 43, "市区町村コード": 101, "所在地": "熊本県熊本市中央区京町本丁１０ー１３", "緯度": 32.817016, "経度": 130.705844, "url": "https://www.iryou.teikyouseido.mhlw.go.jp/znk-web/juminkanja/S2430/initialize?prefCd=43&kikanCd=343332611&kikanKbn=3", "url2": "https://www.kyomachi-dc.com", "内容": "京町歯科クリニック【3:歯科】熊本県熊本市中央区京町本丁１０ー１３" }, "geometry": { "type": "Point", "coordinates": [ 130.705844, 32.817016 ] } },
{ "type": "Feature", "properties": { "ID": 433343332624, "正式名称": "斉藤歯科医院", "機関区分": 3, "都道府県コード": 43, "市区町村コード": 103, "所在地": "熊本県熊本市西区田崎２ー４ー１６", "緯度": 32.784343, "経度": 130.679528, "url": "https://www.iryou.teikyouseido.mhlw.go.jp/znk-web/juminkanja/S2430/initialize?prefCd=43&kikanCd=343332624&kikanKbn=3", "url2": null, "内容": "斉藤歯科医院【3:歯科】熊本県熊本市西区田崎２ー４ー１６" }, "geometry": { "type": "Point", "coordinates": [ 130.679528, 32.784343 ] } },
{ "type": "Feature", "properties": { "ID": 433343332637, "正式名称": "えがしら歯科クリニック", "機関区分": 3, "都道府県コード": 43, "市区町村コード": 105, "所在地": "熊本県熊本市北区武蔵ケ丘４ー１０ー１６", "緯度": 32.856954, "経度": 130.770282, "url": "https://www.iryou.teikyouseido.mhlw.go.jp/znk-web/juminkanja/S2430/initialize?prefCd=43&kikanCd=343332637&kikanKbn=3", "url2": "egashira-shika.jp", "内容": "えがしら歯科クリニック【3:歯科】熊本県熊本市北区武蔵ケ丘４ー１０ー１６" }, "geometry": { "type": "Point", "coordinates": [ 130.770282, 32.856954 ] } },
{ "type": "Feature", "properties": { "ID": 433343332640, "正式名称": "すけひろ歯科・ｋｉｄｓデンタルクリニック", "機関区分": 3, "都道府県コード": 43, "市区町村コード": 102, "所在地": "熊本県熊本市東区長嶺南１ー６ー５", "緯度": 32.811931, "経度": 130.770254, "url": "https://www.iryou.teikyouseido.mhlw.go.jp/znk-web/juminkanja/S2430/initialize?prefCd=43&kikanCd=343332640&kikanKbn=3", "url2": "https://www.sukehiro-de.com", "内容": "すけひろ歯科・ｋｉｄｓデンタルクリニック【3:歯科】熊本県熊本市東区長嶺南１ー６ー５" }, "geometry": { "type": "Point", "coordinates": [ 130.770254, 32.811931 ] } },
{ "type": "Feature", "properties": { "ID": 433343332653, "正式名称": "はさま歯科クリニック", "機関区分": 3, "都道府県コード": 43, "市区町村コード": 101, "所在地": "熊本県熊本市中央区本荘２ー３ー２７ー１Ｆ", "緯度": 32.794409, "経度": 130.711058, "url": "https://www.iryou.teikyouseido.mhlw.go.jp/znk-web/juminkanja/S2430/initialize?prefCd=43&kikanCd=343332653&kikanKbn=3", "url2": "https://www.hasama-dc.com/", "内容": "はさま歯科クリニック【3:歯科】熊本県熊本市中央区本荘２ー３ー２７ー１Ｆ" }, "geometry": { "type": "Point", "coordinates": [ 130.711058, 32.794409 ] } },
{ "type": "Feature", "properties": { "ID": 433343332666, "正式名称": "竹中歯科クリニック", "機関区分": 3, "都道府県コード": 43, "市区町村コード": 101, "所在地": "熊本県熊本市中央区大江３ー２ー６８", "緯度": 32.802984, "経度": 130.724411, "url": "https://www.iryou.teikyouseido.mhlw.go.jp/znk-web/juminkanja/S2430/initialize?prefCd=43&kikanCd=343332666&kikanKbn=3", "url2": "takenaka-dc.jp", "内容": "竹中歯科クリニック【3:歯科】熊本県熊本市中央区大江３ー２ー６８" }, "geometry": { "type": "Point", "coordinates": [ 130.724411, 32.802984 ] } },
{ "type": "Feature", "properties": { "ID": 433343332679, "正式名称": "まや歯科クリニック", "機関区分": 3, "都道府県コード": 43, "市区町村コード": 101, "所在地": "熊本県熊本市中央区南熊本３丁目１ー３", "緯度": 32.788409, "経度": 130.713697, "url": "https://www.iryou.teikyouseido.mhlw.go.jp/znk-web/juminkanja/S2430/initialize?prefCd=43&kikanCd=343332679&kikanKbn=3", "url2": "http://www.maya-dental.net/", "内容": "まや歯科クリニック【3:歯科】熊本県熊本市中央区南熊本３丁目１ー３" }, "geometry": { "type": "Point", "coordinates": [ 130.713697, 32.788409 ] } },
{ "type": "Feature", "properties": { "ID": 433343332682, "正式名称": "たかお歯科口腔機能クリニック", "機関区分": 3, "都道府県コード": 43, "市区町村コード": 104, "所在地": "熊本県熊本市南区城南町さんさん１ー５ー２", "緯度": 32.714269, "経度": 130.739003, "url": "https://www.iryou.teikyouseido.mhlw.go.jp/znk-web/juminkanja/S2430/initialize?prefCd=43&kikanCd=343332682&kikanKbn=3", "url2": null, "内容": "たかお歯科口腔機能クリニック【3:歯科】熊本県熊本市南区城南町さんさん１ー５ー２" }, "geometry": { "type": "Point", "coordinates": [ 130.739003, 32.714269 ] } },
{ "type": "Feature", "properties": { "ID": 433343332695, "正式名称": "熊本みどり矯正歯科クリニック", "機関区分": 3, "都道府県コード": 43, "市区町村コード": 103, "所在地": "熊本県熊本市西区春日２ー２ー２０", "緯度": 32.788401, "経度": 130.690248, "url": "https://www.iryou.teikyouseido.mhlw.go.jp/znk-web/juminkanja/S2430/initialize?prefCd=43&kikanCd=343332695&kikanKbn=3", "url2": null, "内容": "熊本みどり矯正歯科クリニック【3:歯科】熊本県熊本市西区春日２ー２ー２０" }, "geometry": { "type": "Point", "coordinates": [ 130.690248, 32.788401 ] } },
{ "type": "Feature", "properties": { "ID": 433343332709, "正式名称": "すまいる歯科クリニック", "機関区分": 3, "都道府県コード": 43, "市区町村コード": 101, "所在地": "熊本県熊本市中央区帯山３ー７ー３３", "緯度": 32.799484, "経度": 130.747065, "url": "https://www.iryou.teikyouseido.mhlw.go.jp/znk-web/juminkanja/S2430/initialize?prefCd=43&kikanCd=343332709&kikanKbn=3", "url2": "https://sdof.dental", "内容": "すまいる歯科クリニック【3:歯科】熊本県熊本市中央区帯山３ー７ー３３" }, "geometry": { "type": "Point", "coordinates": [ 130.747065, 32.799484 ] } },
{ "type": "Feature", "properties": { "ID": 433343332712, "正式名称": "きらら歯科クリニック", "機関区分": 3, "都道府県コード": 43, "市区町村コード": 103, "所在地": "熊本県熊本市西区春日５ー６ー５たなかスクエアビル１階１０２", "緯度": 32.790575, "経度": 130.686238, "url": "https://www.iryou.teikyouseido.mhlw.go.jp/znk-web/juminkanja/S2430/initialize?prefCd=43&kikanCd=343332712&kikanKbn=3", "url2": null, "内容": "きらら歯科クリニック【3:歯科】熊本県熊本市西区春日５ー６ー５たなかスクエアビル１階１０２" }, "geometry": { "type": "Point", "coordinates": [ 130.686238, 32.790575 ] } },
{ "type": "Feature", "properties": { "ID": 433343332725, "正式名称": "熊本パール総合歯科・矯正歯科・こども歯科クリニックＳＡＫＵＲＡ　ＭＡＣＨＩ　Ｋｕｍａｍｏｔｏ", "機関区分": 3, "都道府県コード": 43, "市区町村コード": 101, "所在地": "熊本県熊本市中央区桜町３ー１０ＳＡＫＵＲＡ　ＭＡＣＨＩ　Ｋｕｍａｍｏｔｏ２階　２１６区画", "緯度": 32.800527, "経度": 130.703635, "url": "https://www.iryou.teikyouseido.mhlw.go.jp/znk-web/juminkanja/S2430/initialize?prefCd=43&kikanCd=343332725&kikanKbn=3", "url2": "https://www.par-dc.jp", "内容": "熊本パール総合歯科・矯正歯科・こども歯科クリニックＳＡＫＵＲＡ　ＭＡＣＨＩ　Ｋｕｍａｍｏｔｏ【3:歯科】熊本県熊本市中央区桜町３ー１０ＳＡＫＵＲＡ　ＭＡＣＨＩ　Ｋｕｍａｍｏｔｏ２階　２１６区画" }, "geometry": { "type": "Point", "coordinates": [ 130.703635, 32.800527 ] } },
{ "type": "Feature", "properties": { "ID": 433343332738, "正式名称": "ステラデンタルクリニック", "機関区分": 3, "都道府県コード": 43, "市区町村コード": 101, "所在地": "熊本県熊本市中央区神水１ー２５ー１１北窪ビル１階", "緯度": 32.7877, "経度": 130.745147, "url": "https://www.iryou.teikyouseido.mhlw.go.jp/znk-web/juminkanja/S2430/initialize?prefCd=43&kikanCd=343332738&kikanKbn=3", "url2": "https://www.stella-dc.jp", "内容": "ステラデンタルクリニック【3:歯科】熊本県熊本市中央区神水１ー２５ー１１北窪ビル１階" }, "geometry": { "type": "Point", "coordinates": [ 130.745147, 32.7877 ] } },
{ "type": "Feature", "properties": { "ID": 433343332741, "正式名称": "たつたぐち歯科クリニック", "機関区分": 3, "都道府県コード": 43, "市区町村コード": 105, "所在地": "熊本県熊本市北区黒髪７丁目１０１番地３", "緯度": 32.820791, "経度": 130.74694, "url": "https://www.iryou.teikyouseido.mhlw.go.jp/znk-web/juminkanja/S2430/initialize?prefCd=43&kikanCd=343332741&kikanKbn=3", "url2": "https://www.tatsutaguchi-dc.com", "内容": "たつたぐち歯科クリニック【3:歯科】熊本県熊本市北区黒髪７丁目１０１番地３" }, "geometry": { "type": "Point", "coordinates": [ 130.74694, 32.820791 ] } },
{ "type": "Feature", "properties": { "ID": 433343332754, "正式名称": "Ｄａｈｌｉａ　Ａｅｓｔｈｅｔｉｃ　Ｄｅｎｔａｌ", "機関区分": 3, "都道府県コード": 43, "市区町村コード": 101, "所在地": "熊本県熊本市中央区南坪井町１ー２４エベレスト南坪井２階", "緯度": 32.807289, "経度": 130.71256, "url": "https://www.iryou.teikyouseido.mhlw.go.jp/znk-web/juminkanja/S2430/initialize?prefCd=43&kikanCd=343332754&kikanKbn=3", "url2": null, "内容": "Ｄａｈｌｉａ　Ａｅｓｔｈｅｔｉｃ　Ｄｅｎｔａｌ【3:歯科】熊本県熊本市中央区南坪井町１ー２４エベレスト南坪井２階" }, "geometry": { "type": "Point", "coordinates": [ 130.71256, 32.807289 ] } },
{ "type": "Feature", "properties": { "ID": 433343332767, "正式名称": "新地デンタルクリニック", "機関区分": 3, "都道府県コード": 43, "市区町村コード": 105, "所在地": "熊本県熊本市北区清水新地１ー５ー３６", "緯度": 32.85061, "経度": 130.732728, "url": "https://www.iryou.teikyouseido.mhlw.go.jp/znk-web/juminkanja/S2430/initialize?prefCd=43&kikanCd=343332767&kikanKbn=3", "url2": "https://www.shinchi-dental.com/", "内容": "新地デンタルクリニック【3:歯科】熊本県熊本市北区清水新地１ー５ー３６" }, "geometry": { "type": "Point", "coordinates": [ 130.732728, 32.85061 ] } },
{ "type": "Feature", "properties": { "ID": 433343332770, "正式名称": "プラスデンタルクリニック", "機関区分": 3, "都道府県コード": 43, "市区町村コード": 105, "所在地": "熊本県熊本市北区四方寄町１６５７ー６ー１Ｆ", "緯度": 32.861477, "経度": 130.709116, "url": "https://www.iryou.teikyouseido.mhlw.go.jp/znk-web/juminkanja/S2430/initialize?prefCd=43&kikanCd=343332770&kikanKbn=3", "url2": null, "内容": "プラスデンタルクリニック【3:歯科】熊本県熊本市北区四方寄町１６５７ー６ー１Ｆ" }, "geometry": { "type": "Point", "coordinates": [ 130.709116, 32.861477 ] } },
{ "type": "Feature", "properties": { "ID": 433343332783, "正式名称": "ルプレ歯科クリニック", "機関区分": 3, "都道府県コード": 43, "市区町村コード": 102, "所在地": "熊本県熊本市東区東京塚町１７－７７", "緯度": 32.796032, "経度": 130.753056, "url": "https://www.iryou.teikyouseido.mhlw.go.jp/znk-web/juminkanja/S2430/initialize?prefCd=43&kikanCd=343332783&kikanKbn=3", "url2": "https://www.lepre.dc.com", "内容": "ルプレ歯科クリニック【3:歯科】熊本県熊本市東区東京塚町１７－７７" }, "geometry": { "type": "Point", "coordinates": [ 130.753056, 32.796032 ] } },
{ "type": "Feature", "properties": { "ID": 433343332796, "正式名称": "いのくち歯科クリニック", "機関区分": 3, "都道府県コード": 43, "市区町村コード": 105, "所在地": "熊本県熊本市北区楠２ー１ー４８", "緯度": 32.844616, "経度": 130.759942, "url": "https://www.iryou.teikyouseido.mhlw.go.jp/znk-web/juminkanja/S2430/initialize?prefCd=43&kikanCd=343332796&kikanKbn=3", "url2": "https://www.inokuchi-dc.net", "内容": "いのくち歯科クリニック【3:歯科】熊本県熊本市北区楠２ー１ー４８" }, "geometry": { "type": "Point", "coordinates": [ 130.759942, 32.844616 ] } },
{ "type": "Feature", "properties": { "ID": 433343332800, "正式名称": "宇治歯科医院", "機関区分": 3, "都道府県コード": 43, "市区町村コード": 101, "所在地": "熊本県熊本市中央区大江６ー２５ー２６", "緯度": 32.795108, "経度": 130.725243, "url": "https://www.iryou.teikyouseido.mhlw.go.jp/znk-web/juminkanja/S2430/initialize?prefCd=43&kikanCd=343332800&kikanKbn=3", "url2": null, "内容": "宇治歯科医院【3:歯科】熊本県熊本市中央区大江６ー２５ー２６" }, "geometry": { "type": "Point", "coordinates": [ 130.725243, 32.795108 ] } },
{ "type": "Feature", "properties": { "ID": 433343332813, "正式名称": "みやつ歯科口腔クリニック", "機関区分": 3, "都道府県コード": 43, "市区町村コード": 101, "所在地": "熊本県熊本市中央区国府２ー６ー７５", "緯度": 32.787104, "経度": 130.726194, "url": "https://www.iryou.teikyouseido.mhlw.go.jp/znk-web/juminkanja/S2430/initialize?prefCd=43&kikanCd=343332813&kikanKbn=3", "url2": null, "内容": "みやつ歯科口腔クリニック【3:歯科】熊本県熊本市中央区国府２ー６ー７５" }, "geometry": { "type": "Point", "coordinates": [ 130.726194, 32.787104 ] } },
{ "type": "Feature", "properties": { "ID": 433343332839, "正式名称": "しもむら歯科", "機関区分": 3, "都道府県コード": 43, "市区町村コード": 104, "所在地": "熊本県熊本市南区荒尾１ー８ー６８", "緯度": 32.764451, "経度": 130.67364, "url": "https://www.iryou.teikyouseido.mhlw.go.jp/znk-web/juminkanja/S2430/initialize?prefCd=43&kikanCd=343332839&kikanKbn=3", "url2": "https://shimomuraｰshika.jp", "内容": "しもむら歯科【3:歯科】熊本県熊本市南区荒尾１ー８ー６８" }, "geometry": { "type": "Point", "coordinates": [ 130.67364, 32.764451 ] } },
{ "type": "Feature", "properties": { "ID": 433343332842, "正式名称": "さくら歯科", "機関区分": 3, "都道府県コード": 43, "市区町村コード": 102, "所在地": "熊本県熊本市東区桜木４ー１０ー２０", "緯度": 32.780354, "経度": 130.782418, "url": "https://www.iryou.teikyouseido.mhlw.go.jp/znk-web/juminkanja/S2430/initialize?prefCd=43&kikanCd=343332842&kikanKbn=3", "url2": null, "内容": "さくら歯科【3:歯科】熊本県熊本市東区桜木４ー１０ー２０" }, "geometry": { "type": "Point", "coordinates": [ 130.782418, 32.780354 ] } },
{ "type": "Feature", "properties": { "ID": 433343332855, "正式名称": "しんたに歯科クリニック", "機関区分": 3, "都道府県コード": 43, "市区町村コード": 105, "所在地": "熊本県熊本市北区飛田４ー４ー１１０", "緯度": 32.851716, "経度": 130.725109, "url": "https://www.iryou.teikyouseido.mhlw.go.jp/znk-web/juminkanja/S2430/initialize?prefCd=43&kikanCd=343332855&kikanKbn=3", "url2": "http://www.shintani-sika.jp/", "内容": "しんたに歯科クリニック【3:歯科】熊本県熊本市北区飛田４ー４ー１１０" }, "geometry": { "type": "Point", "coordinates": [ 130.725109, 32.851716 ] } },
{ "type": "Feature", "properties": { "ID": 433343332868, "正式名称": "岡本右近歯科医院", "機関区分": 3, "都道府県コード": 43, "市区町村コード": 101, "所在地": "熊本県熊本市中央区新屋敷３ー１６ー１８", "緯度": 32.808003, "経度": 130.737278, "url": "https://www.iryou.teikyouseido.mhlw.go.jp/znk-web/juminkanja/S2430/initialize?prefCd=43&kikanCd=343332868&kikanKbn=3", "url2": "https://www.dentalclinic.jp/", "内容": "岡本右近歯科医院【3:歯科】熊本県熊本市中央区新屋敷３ー１６ー１８" }, "geometry": { "type": "Point", "coordinates": [ 130.737278, 32.808003 ] } },
{ "type": "Feature", "properties": { "ID": 433343332871, "正式名称": "すこやか歯科クリニック", "機関区分": 3, "都道府県コード": 43, "市区町村コード": 101, "所在地": "熊本県熊本市中央区本山１ー６ー１９－１Ｆ", "緯度": 34.745131, "経度": 135.310084, "url": "https://www.iryou.teikyouseido.mhlw.go.jp/znk-web/juminkanja/S2430/initialize?prefCd=43&kikanCd=343332871&kikanKbn=3", "url2": "sukoyaka-dc.jp", "内容": "すこやか歯科クリニック【3:歯科】熊本県熊本市中央区本山１ー６ー１９－１Ｆ" }, "geometry": { "type": "Point", "coordinates": [ 135.310084, 34.745131 ] } },
{ "type": "Feature", "properties": { "ID": 433343332884, "正式名称": "並木坂歯科ひだか", "機関区分": 3, "都道府県コード": 43, "市区町村コード": 101, "所在地": "熊本県熊本市中央区南坪井町６ー７グランフェリーチェ並木坂１Ｆ", "緯度": 32.80846, "経度": 130.71252, "url": "https://www.iryou.teikyouseido.mhlw.go.jp/znk-web/juminkanja/S2430/initialize?prefCd=43&kikanCd=343332884&kikanKbn=3", "url2": "namikizaka-dc.com", "内容": "並木坂歯科ひだか【3:歯科】熊本県熊本市中央区南坪井町６ー７グランフェリーチェ並木坂１Ｆ" }, "geometry": { "type": "Point", "coordinates": [ 130.71252, 32.80846 ] } },
{ "type": "Feature", "properties": { "ID": 433343332897, "正式名称": "影下デンタルクリニック", "機関区分": 3, "都道府県コード": 43, "市区町村コード": 102, "所在地": "熊本県熊本市東区保田窪４－１３－９", "緯度": 32.810249, "経度": 130.759061, "url": "https://www.iryou.teikyouseido.mhlw.go.jp/znk-web/juminkanja/S2430/initialize?prefCd=43&kikanCd=343332897&kikanKbn=3", "url2": "https://kageshita-dc.com", "内容": "影下デンタルクリニック【3:歯科】熊本県熊本市東区保田窪４－１３－９" }, "geometry": { "type": "Point", "coordinates": [ 130.759061, 32.810249 ] } },
{ "type": "Feature", "properties": { "ID": 433343332901, "正式名称": "熊本パール総合歯科・矯正歯科クリニック　ＡＭＵＰＬＡＺＡ熊本院", "機関区分": 3, "都道府県コード": 43, "市区町村コード": 103, "所在地": "熊本県熊本市西区春日３ー１５ー２６アミュプラザくまもと５階５３１区画", "緯度": 32.7889, "経度": 130.688284, "url": "https://www.iryou.teikyouseido.mhlw.go.jp/znk-web/juminkanja/S2430/initialize?prefCd=43&kikanCd=343332901&kikanKbn=3", "url2": null, "内容": "熊本パール総合歯科・矯正歯科クリニック　ＡＭＵＰＬＡＺＡ熊本院【3:歯科】熊本県熊本市西区春日３ー１５ー２６アミュプラザくまもと５階５３１区画" }, "geometry": { "type": "Point", "coordinates": [ 130.688284, 32.7889 ] } },
{ "type": "Feature", "properties": { "ID": 433343332914, "正式名称": "熊本上通矯正歯科クリニック", "機関区分": 3, "都道府県コード": 43, "市区町村コード": 101, "所在地": "熊本県熊本市中央区上通町７ー２モアーズビル上通２Ｆ", "緯度": 32.804677, "経度": 130.711322, "url": "https://www.iryou.teikyouseido.mhlw.go.jp/znk-web/juminkanja/S2430/initialize?prefCd=43&kikanCd=343332914&kikanKbn=3", "url2": "https://toseido.com/clinic/kumamoto/", "内容": "熊本上通矯正歯科クリニック【3:歯科】熊本県熊本市中央区上通町７ー２モアーズビル上通２Ｆ" }, "geometry": { "type": "Point", "coordinates": [ 130.711322, 32.804677 ] } },
{ "type": "Feature", "properties": { "ID": 433343332930, "正式名称": "ノゾミ歯科医院", "機関区分": 3, "都道府県コード": 43, "市区町村コード": 101, "所在地": "熊本県熊本市中央区本荘４ー７ー２１ヴィラアスティア１Ｆ", "緯度": 32.795007, "経度": 130.708897, "url": "https://www.iryou.teikyouseido.mhlw.go.jp/znk-web/juminkanja/S2430/initialize?prefCd=43&kikanCd=343332930&kikanKbn=3", "url2": null, "内容": "ノゾミ歯科医院【3:歯科】熊本県熊本市中央区本荘４ー７ー２１ヴィラアスティア１Ｆ" }, "geometry": { "type": "Point", "coordinates": [ 130.708897, 32.795007 ] } },
{ "type": "Feature", "properties": { "ID": 433343332943, "正式名称": "うさぎだに歯科口腔クリニック", "機関区分": 3, "都道府県コード": 43, "市区町村コード": 105, "所在地": "熊本県熊本市北区兎谷１ー３ー１６ー３", "緯度": 37.531447, "経度": 140.432731, "url": "https://www.iryou.teikyouseido.mhlw.go.jp/znk-web/juminkanja/S2430/initialize?prefCd=43&kikanCd=343332943&kikanKbn=3", "url2": "https://www.usagidani-doc.jp", "内容": "うさぎだに歯科口腔クリニック【3:歯科】熊本県熊本市北区兎谷１ー３ー１６ー３" }, "geometry": { "type": "Point", "coordinates": [ 140.432731, 37.531447 ] } },
{ "type": "Feature", "properties": { "ID": 433343332956, "正式名称": "みずの歯科医院", "機関区分": 3, "都道府県コード": 43, "市区町村コード": 105, "所在地": "熊本県熊本市北区麻生田３ー１５ー１", "緯度": 32.84926, "経度": 130.74608, "url": "https://www.iryou.teikyouseido.mhlw.go.jp/znk-web/juminkanja/S2430/initialize?prefCd=43&kikanCd=343332956&kikanKbn=3", "url2": "https://dental-mizuno.com", "内容": "みずの歯科医院【3:歯科】熊本県熊本市北区麻生田３ー１５ー１" }, "geometry": { "type": "Point", "coordinates": [ 130.74608, 32.84926 ] } },
{ "type": "Feature", "properties": { "ID": 433343332969, "正式名称": "くるみ訪問歯科クリニック", "機関区分": 3, "都道府県コード": 43, "市区町村コード": 105, "所在地": "熊本県熊本市北区鶴羽田３ー１ー５０", "緯度": 36.425057, "経度": 140.529955, "url": "https://www.iryou.teikyouseido.mhlw.go.jp/znk-web/juminkanja/S2430/initialize?prefCd=43&kikanCd=343332969&kikanKbn=3", "url2": null, "内容": "くるみ訪問歯科クリニック【3:歯科】熊本県熊本市北区鶴羽田３ー１ー５０" }, "geometry": { "type": "Point", "coordinates": [ 140.529955, 36.425057 ] } },
{ "type": "Feature", "properties": { "ID": 433343332972, "正式名称": "Ｕデンタルオフィス", "機関区分": 3, "都道府県コード": 43, "市区町村コード": 102, "所在地": "熊本県熊本市東区月出１ー７ー２０", "緯度": 32.803868, "経度": 130.765471, "url": "https://www.iryou.teikyouseido.mhlw.go.jp/znk-web/juminkanja/S2430/initialize?prefCd=43&kikanCd=343332972&kikanKbn=3", "url2": "http://www.u-dentaloffice.jp", "内容": "Ｕデンタルオフィス【3:歯科】熊本県熊本市東区月出１ー７ー２０" }, "geometry": { "type": "Point", "coordinates": [ 130.765471, 32.803868 ] } },
{ "type": "Feature", "properties": { "ID": 433343332985, "正式名称": "並木坂デンタルクリニック", "機関区分": 3, "都道府県コード": 43, "市区町村コード": 101, "所在地": "熊本県熊本市中央区南坪井町５ー１９ー２Ｆ", "緯度": 32.807568, "経度": 130.712969, "url": "https://www.iryou.teikyouseido.mhlw.go.jp/znk-web/juminkanja/S2430/initialize?prefCd=43&kikanCd=343332985&kikanKbn=3", "url2": "namikizaka-dc.jp", "内容": "並木坂デンタルクリニック【3:歯科】熊本県熊本市中央区南坪井町５ー１９ー２Ｆ" }, "geometry": { "type": "Point", "coordinates": [ 130.712969, 32.807568 ] } },
{ "type": "Feature", "properties": { "ID": 433343332998, "正式名称": "西くまもと歯科医院", "機関区分": 3, "都道府県コード": 43, "市区町村コード": 104, "所在地": "熊本県熊本市南区近見２ー１ー６", "緯度": 35.01218, "経度": 135.757949, "url": "https://www.iryou.teikyouseido.mhlw.go.jp/znk-web/juminkanja/S2430/initialize?prefCd=43&kikanCd=343332998&kikanKbn=3", "url2": null, "内容": "西くまもと歯科医院【3:歯科】熊本県熊本市南区近見２ー１ー６" }, "geometry": { "type": "Point", "coordinates": [ 135.757949, 35.01218 ] } },
{ "type": "Feature", "properties": { "ID": 433343333009, "正式名称": "ブライトデンタルクリニック", "機関区分": 3, "都道府県コード": 43, "市区町村コード": 104, "所在地": "熊本県熊本市南区川尻４ー２ー１６", "緯度": 35.445852, "経度": 139.631537, "url": "https://www.iryou.teikyouseido.mhlw.go.jp/znk-web/juminkanja/S2430/initialize?prefCd=43&kikanCd=343333009&kikanKbn=3", "url2": "https://www.bdc320.jp", "内容": "ブライトデンタルクリニック【3:歯科】熊本県熊本市南区川尻４ー２ー１６" }, "geometry": { "type": "Point", "coordinates": [ 139.631537, 35.445852 ] } },
{ "type": "Feature", "properties": { "ID": 433343333012, "正式名称": "熊本東たけぐち矯正歯科", "機関区分": 3, "都道府県コード": 43, "市区町村コード": 102, "所在地": "熊本県熊本市東区小峯２ー７ー３０", "緯度": 35.657701, "経度": 139.533912, "url": "https://www.iryou.teikyouseido.mhlw.go.jp/znk-web/juminkanja/S2430/initialize?prefCd=43&kikanCd=343333012&kikanKbn=3", "url2": "https://www.kumamoto-kyousei.com", "内容": "熊本東たけぐち矯正歯科【3:歯科】熊本県熊本市東区小峯２ー７ー３０" }, "geometry": { "type": "Point", "coordinates": [ 139.533912, 35.657701 ] } },
{ "type": "Feature", "properties": { "ID": 433343333025, "正式名称": "せきかつひろ歯科口腔クリニック", "機関区分": 3, "都道府県コード": 43, "市区町村コード": 104, "所在地": "熊本県熊本市南区江越１ー１５ー１１", "緯度": 34.752894, "経度": 135.493107, "url": "https://www.iryou.teikyouseido.mhlw.go.jp/znk-web/juminkanja/S2430/initialize?prefCd=43&kikanCd=343333025&kikanKbn=3", "url2": "http://seki-oadc.jp", "内容": "せきかつひろ歯科口腔クリニック【3:歯科】熊本県熊本市南区江越１ー１５ー１１" }, "geometry": { "type": "Point", "coordinates": [ 135.493107, 34.752894 ] } },
{ "type": "Feature", "properties": { "ID": 433343333038, "正式名称": "熊本きずな歯科医院", "機関区分": 3, "都道府県コード": 43, "市区町村コード": 104, "所在地": "熊本県熊本市南区砂原町字堂ノ後４７０ー３", "緯度": 32.7635, "経度": 130.655173, "url": "https://www.iryou.teikyouseido.mhlw.go.jp/znk-web/juminkanja/S2430/initialize?prefCd=43&kikanCd=343333038&kikanKbn=3", "url2": null, "内容": "熊本きずな歯科医院【3:歯科】熊本県熊本市南区砂原町字堂ノ後４７０ー３" }, "geometry": { "type": "Point", "coordinates": [ 130.655173, 32.7635 ] } },
{ "type": "Feature", "properties": { "ID": 433343333054, "正式名称": "Ｒ＇ｓ　ｄｅｎｔａｌ　ｃｌｉｎｉｃ", "機関区分": 3, "都道府県コード": 43, "市区町村コード": 103, "所在地": "熊本県熊本市西区春日３ー２４ー１ＪＲ熊本春日北ビル２Ｆ", "緯度": 32.790068, "経度": 130.687897, "url": "https://www.iryou.teikyouseido.mhlw.go.jp/znk-web/juminkanja/S2430/initialize?prefCd=43&kikanCd=343333054&kikanKbn=3", "url2": "https://www.rs-dental.com/", "内容": "Ｒ＇ｓ　ｄｅｎｔａｌ　ｃｌｉｎｉｃ【3:歯科】熊本県熊本市西区春日３ー２４ー１ＪＲ熊本春日北ビル２Ｆ" }, "geometry": { "type": "Point", "coordinates": [ 130.687897, 32.790068 ] } },
{ "type": "Feature", "properties": { "ID": 433343333067, "正式名称": "熊本サニースマイル矯正歯科", "機関区分": 3, "都道府県コード": 43, "市区町村コード": 101, "所在地": "熊本県熊本市中央区安政町６ー２クオリア安政町４階", "緯度": 32.801181, "経度": 130.710629, "url": "https://www.iryou.teikyouseido.mhlw.go.jp/znk-web/juminkanja/S2430/initialize?prefCd=43&kikanCd=343333067&kikanKbn=3", "url2": null, "内容": "熊本サニースマイル矯正歯科【3:歯科】熊本県熊本市中央区安政町６ー２クオリア安政町４階" }, "geometry": { "type": "Point", "coordinates": [ 130.710629, 32.801181 ] } },
{ "type": "Feature", "properties": { "ID": 433343333070, "正式名称": "いずみ歯科", "機関区分": 3, "都道府県コード": 43, "市区町村コード": 101, "所在地": "熊本県熊本市中央区帯山５丁目３４番４８号", "緯度": 32.804106, "経度": 130.755123, "url": "https://www.iryou.teikyouseido.mhlw.go.jp/znk-web/juminkanja/S2430/initialize?prefCd=43&kikanCd=343333070&kikanKbn=3", "url2": "https://www.izumidc.jp/", "内容": "いずみ歯科【3:歯科】熊本県熊本市中央区帯山５丁目３４番４８号" }, "geometry": { "type": "Point", "coordinates": [ 130.755123, 32.804106 ] } },
{ "type": "Feature", "properties": { "ID": 433343333083, "正式名称": "新中須歯科医院", "機関区分": 3, "都道府県コード": 43, "市区町村コード": 103, "所在地": "熊本県熊本市西区横手３－１ー２２", "緯度": 32.801333, "経度": 130.690631, "url": "https://www.iryou.teikyouseido.mhlw.go.jp/znk-web/juminkanja/S2430/initialize?prefCd=43&kikanCd=343333083&kikanKbn=3", "url2": null, "内容": "新中須歯科医院【3:歯科】熊本県熊本市西区横手３－１ー２２" }, "geometry": { "type": "Point", "coordinates": [ 130.690631, 32.801333 ] } },
{ "type": "Feature", "properties": { "ID": 433343333100, "正式名称": "ＮＯＢＵ　Ｄｅｎｔａｌ　Ｃｌｉｎｉｃ", "機関区分": 3, "都道府県コード": 43, "市区町村コード": 102, "所在地": "熊本県熊本市東区湖東２丁目３７－９", "緯度": 32.777914, "経度": 130.748111, "url": "https://www.iryou.teikyouseido.mhlw.go.jp/znk-web/juminkanja/S2430/initialize?prefCd=43&kikanCd=343333100&kikanKbn=3", "url2": null, "内容": "ＮＯＢＵ　Ｄｅｎｔａｌ　Ｃｌｉｎｉｃ【3:歯科】熊本県熊本市東区湖東２丁目３７－９" }, "geometry": { "type": "Point", "coordinates": [ 130.748111, 32.777914 ] } },
{ "type": "Feature", "properties": { "ID": 433343333113, "正式名称": "フラワー歯科こども歯科クリニック", "機関区分": 3, "都道府県コード": 43, "市区町村コード": 103, "所在地": "熊本県熊本市西区春日７丁目２１−３", "緯度": 32.784709, "経度": 130.680338, "url": "https://www.iryou.teikyouseido.mhlw.go.jp/znk-web/juminkanja/S2430/initialize?prefCd=43&kikanCd=343333113&kikanKbn=3", "url2": "https://www.flower-dental.jp", "内容": "フラワー歯科こども歯科クリニック【3:歯科】熊本県熊本市西区春日７丁目２１−３" }, "geometry": { "type": "Point", "coordinates": [ 130.680338, 32.784709 ] } },
{ "type": "Feature", "properties": { "ID": 433343333142, "正式名称": "髙木歯科クリニック", "機関区分": 3, "都道府県コード": 43, "市区町村コード": 102, "所在地": "熊本県熊本市東区下南部３丁目３－３６", "緯度": 32.8212, "経度": 130.754217, "url": "https://www.iryou.teikyouseido.mhlw.go.jp/znk-web/juminkanja/S2430/initialize?prefCd=43&kikanCd=343333142&kikanKbn=3", "url2": null, "内容": "髙木歯科クリニック【3:歯科】熊本県熊本市東区下南部３丁目３－３６" }, "geometry": { "type": "Point", "coordinates": [ 130.754217, 32.8212 ] } },
{ "type": "Feature", "properties": { "ID": 433343510033, "正式名称": "赤城歯科医院", "機関区分": 3, "都道府県コード": 43, "市区町村コード": 104, "所在地": "熊本県熊本市南区並建町５３４", "緯度": 32.754756, "経度": 130.641359, "url": "https://www.iryou.teikyouseido.mhlw.go.jp/znk-web/juminkanja/S2430/initialize?prefCd=43&kikanCd=343510033&kikanKbn=3", "url2": null, "内容": "赤城歯科医院【3:歯科】熊本県熊本市南区並建町５３４" }, "geometry": { "type": "Point", "coordinates": [ 130.641359, 32.754756 ] } },
{ "type": "Feature", "properties": { "ID": 433343510075, "正式名称": "永田歯科医院", "機関区分": 3, "都道府県コード": 43, "市区町村コード": 403, "所在地": "熊本県菊池郡大津町室５３９ー１２", "緯度": 32.875693, "経度": 130.861776, "url": "https://www.iryou.teikyouseido.mhlw.go.jp/znk-web/juminkanja/S2430/initialize?prefCd=43&kikanCd=343510075&kikanKbn=3", "url2": "nagata.dental", "内容": "永田歯科医院【3:歯科】熊本県菊池郡大津町室５３９ー１２" }, "geometry": { "type": "Point", "coordinates": [ 130.861776, 32.875693 ] } },
{ "type": "Feature", "properties": { "ID": 433343510088, "正式名称": "緒方歯科医院", "機関区分": 3, "都道府県コード": 43, "市区町村コード": 404, "所在地": "熊本県菊池郡菊陽町津久礼２３８１ー３", "緯度": 32.859051, "経度": 130.799098, "url": "https://www.iryou.teikyouseido.mhlw.go.jp/znk-web/juminkanja/S2430/initialize?prefCd=43&kikanCd=343510088&kikanKbn=3", "url2": null, "内容": "緒方歯科医院【3:歯科】熊本県菊池郡菊陽町津久礼２３８１ー３" }, "geometry": { "type": "Point", "coordinates": [ 130.799098, 32.859051 ] } },
{ "type": "Feature", "properties": { "ID": 433343510091, "正式名称": "片山歯科医院", "機関区分": 3, "都道府県コード": 43, "市区町村コード": 403, "所在地": "熊本県菊池郡大津町大津１４８５ー１", "緯度": 32.880362, "経度": 130.877533, "url": "https://www.iryou.teikyouseido.mhlw.go.jp/znk-web/juminkanja/S2430/initialize?prefCd=43&kikanCd=343510091&kikanKbn=3", "url2": null, "内容": "片山歯科医院【3:歯科】熊本県菊池郡大津町大津１４８５ー１" }, "geometry": { "type": "Point", "coordinates": [ 130.877533, 32.880362 ] } },
{ "type": "Feature", "properties": { "ID": 433343510105, "正式名称": "医療法人社団　宏真会　尾上歯科医院", "機関区分": 3, "都道府県コード": 43, "市区町村コード": 104, "所在地": "熊本県熊本市南区八分字町３１１７ー１", "緯度": 32.754776, "経度": 130.658024, "url": "https://www.iryou.teikyouseido.mhlw.go.jp/znk-web/juminkanja/S2430/initialize?prefCd=43&kikanCd=343510105&kikanKbn=3", "url2": "http://tailup-dentalcclinic.com/", "内容": "医療法人社団　宏真会　尾上歯科医院【3:歯科】熊本県熊本市南区八分字町３１１７ー１" }, "geometry": { "type": "Point", "coordinates": [ 130.658024, 32.754776 ] } },
{ "type": "Feature", "properties": { "ID": 433343510163, "正式名称": "井上歯科医院", "機関区分": 3, "都道府県コード": 43, "市区町村コード": 105, "所在地": "熊本県熊本市北区鶴羽田町１０４４ー３", "緯度": 32.866717, "経度": 130.725512, "url": "https://www.iryou.teikyouseido.mhlw.go.jp/znk-web/juminkanja/S2430/initialize?prefCd=43&kikanCd=343510163&kikanKbn=3", "url2": "https://www.inoueshikaiin-kumamoto.com", "内容": "井上歯科医院【3:歯科】熊本県熊本市北区鶴羽田町１０４４ー３" }, "geometry": { "type": "Point", "coordinates": [ 130.725512, 32.866717 ] } },
{ "type": "Feature", "properties": { "ID": 433343510192, "正式名称": "山口歯科医院", "機関区分": 3, "都道府県コード": 43, "市区町村コード": 404, "所在地": "熊本県菊池郡菊陽町津久礼１７３ー１８", "緯度": 32.861701, "経度": 130.823938, "url": "https://www.iryou.teikyouseido.mhlw.go.jp/znk-web/juminkanja/S2430/initialize?prefCd=43&kikanCd=343510192&kikanKbn=3", "url2": "www.ymgch-dc.com", "内容": "山口歯科医院【3:歯科】熊本県菊池郡菊陽町津久礼１７３ー１８" }, "geometry": { "type": "Point", "coordinates": [ 130.823938, 32.861701 ] } },
{ "type": "Feature", "properties": { "ID": 433343510206, "正式名称": "鳥取歯科医院", "機関区分": 3, "都道府県コード": 43, "市区町村コード": 105, "所在地": "熊本県熊本市北区鶴羽田３ー１３ー５", "緯度": 32.858153, "経度": 130.729633, "url": "https://www.iryou.teikyouseido.mhlw.go.jp/znk-web/juminkanja/S2430/initialize?prefCd=43&kikanCd=343510206&kikanKbn=3", "url2": null, "内容": "鳥取歯科医院【3:歯科】熊本県熊本市北区鶴羽田３ー１３ー５" }, "geometry": { "type": "Point", "coordinates": [ 130.729633, 32.858153 ] } },
{ "type": "Feature", "properties": { "ID": 433343510277, "正式名称": "ひろた歯科医院", "機関区分": 3, "都道府県コード": 43, "市区町村コード": 103, "所在地": "熊本県熊本市西区河内町船津２１１１ー４", "緯度": 32.830935, "経度": 130.588087, "url": "https://www.iryou.teikyouseido.mhlw.go.jp/znk-web/juminkanja/S2430/initialize?prefCd=43&kikanCd=343510277&kikanKbn=3", "url2": null, "内容": "ひろた歯科医院【3:歯科】熊本県熊本市西区河内町船津２１１１ー４" }, "geometry": { "type": "Point", "coordinates": [ 130.588087, 32.830935 ] } },
{ "type": "Feature", "properties": { "ID": 433343510280, "正式名称": "かやの歯科医院", "機関区分": 3, "都道府県コード": 43, "市区町村コード": 104, "所在地": "熊本県熊本市南区砂原町５７０ー３", "緯度": 32.762359, "経度": 130.657264, "url": "https://www.iryou.teikyouseido.mhlw.go.jp/znk-web/juminkanja/S2430/initialize?prefCd=43&kikanCd=343510280&kikanKbn=3", "url2": null, "内容": "かやの歯科医院【3:歯科】熊本県熊本市南区砂原町５７０ー３" }, "geometry": { "type": "Point", "coordinates": [ 130.657264, 32.762359 ] } },
{ "type": "Feature", "properties": { "ID": 433343510293, "正式名称": "石川歯科医院", "機関区分": 3, "都道府県コード": 43, "市区町村コード": 404, "所在地": "熊本県菊池郡菊陽町原水９５８ー１", "緯度": 32.870206, "経度": 130.831265, "url": "https://www.iryou.teikyouseido.mhlw.go.jp/znk-web/juminkanja/S2430/initialize?prefCd=43&kikanCd=343510293&kikanKbn=3", "url2": "http://www.ishikawasika.com", "内容": "石川歯科医院【3:歯科】熊本県菊池郡菊陽町原水９５８ー１" }, "geometry": { "type": "Point", "coordinates": [ 130.831265, 32.870206 ] } },
{ "type": "Feature", "properties": { "ID": 433343510307, "正式名称": "よねむら歯科医院", "機関区分": 3, "都道府県コード": 43, "市区町村コード": 404, "所在地": "熊本県菊池郡菊陽町武蔵ヶ丘北３ー３ー１９", "緯度": 32.862376, "経度": 130.76747, "url": "https://www.iryou.teikyouseido.mhlw.go.jp/znk-web/juminkanja/S2430/initialize?prefCd=43&kikanCd=343510307&kikanKbn=3", "url2": null, "内容": "よねむら歯科医院【3:歯科】熊本県菊池郡菊陽町武蔵ヶ丘北３ー３ー１９" }, "geometry": { "type": "Point", "coordinates": [ 130.76747, 32.862376 ] } },
{ "type": "Feature", "properties": { "ID": 433343520010, "正式名称": "犬束歯科医院", "機関区分": 3, "都道府県コード": 43, "市区町村コード": 206, "所在地": "熊本県玉名市繁根木７５", "緯度": 32.928498, "経度": 130.558096, "url": "https://www.iryou.teikyouseido.mhlw.go.jp/znk-web/juminkanja/S2430/initialize?prefCd=43&kikanCd=343520010&kikanKbn=3", "url2": null, "内容": "犬束歯科医院【3:歯科】熊本県玉名市繁根木７５" }, "geometry": { "type": "Point", "coordinates": [ 130.558096, 32.928498 ] } },
{ "type": "Feature", "properties": { "ID": 433343520023, "正式名称": "城井歯科医院", "機関区分": 3, "都道府県コード": 43, "市区町村コード": 206, "所在地": "熊本県玉名市亀甲１４０ー５", "緯度": 32.92836, "経度": 130.554707, "url": "https://www.iryou.teikyouseido.mhlw.go.jp/znk-web/juminkanja/S2430/initialize?prefCd=43&kikanCd=343520023&kikanKbn=3", "url2": null, "内容": "城井歯科医院【3:歯科】熊本県玉名市亀甲１４０ー５" }, "geometry": { "type": "Point", "coordinates": [ 130.554707, 32.92836 ] } },
{ "type": "Feature", "properties": { "ID": 433343520081, "正式名称": "冨永歯科医院", "機関区分": 3, "都道府県コード": 43, "市区町村コード": 206, "所在地": "熊本県玉名市高瀬２８８", "緯度": 32.928693, "経度": 130.56224, "url": "https://www.iryou.teikyouseido.mhlw.go.jp/znk-web/juminkanja/S2430/initialize?prefCd=43&kikanCd=343520081&kikanKbn=3", "url2": null, "内容": "冨永歯科医院【3:歯科】熊本県玉名市高瀬２８８" }, "geometry": { "type": "Point", "coordinates": [ 130.56224, 32.928693 ] } },
{ "type": "Feature", "properties": { "ID": 433343520094, "正式名称": "福富歯科医院", "機関区分": 3, "都道府県コード": 43, "市区町村コード": 206, "所在地": "熊本県玉名市高瀬５３７", "緯度": 32.927165, "経度": 130.560976, "url": "https://www.iryou.teikyouseido.mhlw.go.jp/znk-web/juminkanja/S2430/initialize?prefCd=43&kikanCd=343520094&kikanKbn=3", "url2": null, "内容": "福富歯科医院【3:歯科】熊本県玉名市高瀬５３７" }, "geometry": { "type": "Point", "coordinates": [ 130.560976, 32.927165 ] } },
{ "type": "Feature", "properties": { "ID": 433343520108, "正式名称": "もり歯科医院", "機関区分": 3, "都道府県コード": 43, "市区町村コード": 206, "所在地": "熊本県玉名市中６４ー４", "緯度": 32.926698, "経度": 130.549907, "url": "https://www.iryou.teikyouseido.mhlw.go.jp/znk-web/juminkanja/S2430/initialize?prefCd=43&kikanCd=343520108&kikanKbn=3", "url2": null, "内容": "もり歯科医院【3:歯科】熊本県玉名市中６４ー４" }, "geometry": { "type": "Point", "coordinates": [ 130.549907, 32.926698 ] } },
{ "type": "Feature", "properties": { "ID": 433343520111, "正式名称": "森本歯科診療所", "機関区分": 3, "都道府県コード": 43, "市区町村コード": 206, "所在地": "熊本県玉名市中１５９９", "緯度": 32.927937, "経度": 130.545524, "url": "https://www.iryou.teikyouseido.mhlw.go.jp/znk-web/juminkanja/S2430/initialize?prefCd=43&kikanCd=343520111&kikanKbn=3", "url2": null, "内容": "森本歯科診療所【3:歯科】熊本県玉名市中１５９９" }, "geometry": { "type": "Point", "coordinates": [ 130.545524, 32.927937 ] } },
{ "type": "Feature", "properties": { "ID": 433343520137, "正式名称": "桐野歯科医院", "機関区分": 3, "都道府県コード": 43, "市区町村コード": 206, "所在地": "熊本県玉名市伊倉南方１００３ー１", "緯度": 32.900931, "経度": 130.57171, "url": "https://www.iryou.teikyouseido.mhlw.go.jp/znk-web/juminkanja/S2430/initialize?prefCd=43&kikanCd=343520137&kikanKbn=3", "url2": "http://kirinoshika.com/", "内容": "桐野歯科医院【3:歯科】熊本県玉名市伊倉南方１００３ー１" }, "geometry": { "type": "Point", "coordinates": [ 130.57171, 32.900931 ] } },
{ "type": "Feature", "properties": { "ID": 433343520140, "正式名称": "坂口歯科医院", "機関区分": 3, "都道府県コード": 43, "市区町村コード": 206, "所在地": "熊本県玉名市岱明町大野下１０８６", "緯度": 32.91378, "経度": 130.499628, "url": "https://www.iryou.teikyouseido.mhlw.go.jp/znk-web/juminkanja/S2430/initialize?prefCd=43&kikanCd=343520140&kikanKbn=3", "url2": null, "内容": "坂口歯科医院【3:歯科】熊本県玉名市岱明町大野下１０８６" }, "geometry": { "type": "Point", "coordinates": [ 130.499628, 32.91378 ] } },
{ "type": "Feature", "properties": { "ID": 433343520166, "正式名称": "増田歯科医院", "機関区分": 3, "都道府県コード": 43, "市区町村コード": 206, "所在地": "熊本県玉名市横島町横島３３３１", "緯度": 32.875811, "経度": 130.567994, "url": "https://www.iryou.teikyouseido.mhlw.go.jp/znk-web/juminkanja/S2430/initialize?prefCd=43&kikanCd=343520166&kikanKbn=3", "url2": null, "内容": "増田歯科医院【3:歯科】熊本県玉名市横島町横島３３３１" }, "geometry": { "type": "Point", "coordinates": [ 130.567994, 32.875811 ] } },
{ "type": "Feature", "properties": { "ID": 433343520212, "正式名称": "ふくだデンタルクリニック", "機関区分": 3, "都道府県コード": 43, "市区町村コード": 369, "所在地": "熊本県玉名郡和水町江田１４９ー５", "緯度": 32.973423, "経度": 130.603249, "url": "https://www.iryou.teikyouseido.mhlw.go.jp/znk-web/juminkanja/S2430/initialize?prefCd=43&kikanCd=343520212&kikanKbn=3", "url2": null, "内容": "ふくだデンタルクリニック【3:歯科】熊本県玉名郡和水町江田１４９ー５" }, "geometry": { "type": "Point", "coordinates": [ 130.603249, 32.973423 ] } },
{ "type": "Feature", "properties": { "ID": 433343520267, "正式名称": "田尻歯科医院", "機関区分": 3, "都道府県コード": 43, "市区町村コード": 367, "所在地": "熊本県玉名郡南関町関町１２１５ー１", "緯度": 33.059688, "経度": 130.539787, "url": "https://www.iryou.teikyouseido.mhlw.go.jp/znk-web/juminkanja/S2430/initialize?prefCd=43&kikanCd=343520267&kikanKbn=3", "url2": null, "内容": "田尻歯科医院【3:歯科】熊本県玉名郡南関町関町１２１５ー１" }, "geometry": { "type": "Point", "coordinates": [ 130.539787, 33.059688 ] } },
{ "type": "Feature", "properties": { "ID": 433343520270, "正式名称": "いなもり歯科クリニック", "機関区分": 3, "都道府県コード": 43, "市区町村コード": 206, "所在地": "熊本県玉名市立願寺１５１ー１", "緯度": 32.933995, "経度": 130.552115, "url": "https://www.iryou.teikyouseido.mhlw.go.jp/znk-web/juminkanja/S2430/initialize?prefCd=43&kikanCd=343520270&kikanKbn=3", "url2": "http://inamori-shika.com/", "内容": "いなもり歯科クリニック【3:歯科】熊本県玉名市立願寺１５１ー１" }, "geometry": { "type": "Point", "coordinates": [ 130.552115, 32.933995 ] } },
{ "type": "Feature", "properties": { "ID": 433343520283, "正式名称": "増田歯科医院", "機関区分": 3, "都道府県コード": 43, "市区町村コード": 206, "所在地": "熊本県玉名市滑石５５２", "緯度": 32.905492, "経度": 130.532191, "url": "https://www.iryou.teikyouseido.mhlw.go.jp/znk-web/juminkanja/S2430/initialize?prefCd=43&kikanCd=343520283&kikanKbn=3", "url2": "http://nttbj.itp.ne.jp", "内容": "増田歯科医院【3:歯科】熊本県玉名市滑石５５２" }, "geometry": { "type": "Point", "coordinates": [ 130.532191, 32.905492 ] } },
{ "type": "Feature", "properties": { "ID": 433343520296, "正式名称": "冨永歯科医院", "機関区分": 3, "都道府県コード": 43, "市区町村コード": 206, "所在地": "熊本県玉名市築地１３６ー４", "緯度": 32.930471, "経度": 130.531067, "url": "https://www.iryou.teikyouseido.mhlw.go.jp/znk-web/juminkanja/S2430/initialize?prefCd=43&kikanCd=343520296&kikanKbn=3", "url2": null, "内容": "冨永歯科医院【3:歯科】熊本県玉名市築地１３６ー４" }, "geometry": { "type": "Point", "coordinates": [ 130.531067, 32.930471 ] } },
{ "type": "Feature", "properties": { "ID": 433343520300, "正式名称": "春野歯科医院", "機関区分": 3, "都道府県コード": 43, "市区町村コード": 364, "所在地": "熊本県玉名郡玉東町木葉６５９ー３", "緯度": 32.91783, "経度": 130.625863, "url": "https://www.iryou.teikyouseido.mhlw.go.jp/znk-web/juminkanja/S2430/initialize?prefCd=43&kikanCd=343520300&kikanKbn=3", "url2": null, "内容": "春野歯科医院【3:歯科】熊本県玉名郡玉東町木葉６５９ー３" }, "geometry": { "type": "Point", "coordinates": [ 130.625863, 32.91783 ] } },
{ "type": "Feature", "properties": { "ID": 433343520342, "正式名称": "安田歯科医院", "機関区分": 3, "都道府県コード": 43, "市区町村コード": 364, "所在地": "熊本県玉名郡玉東町稲佐１５０ー１", "緯度": 32.919999, "経度": 130.60817, "url": "https://www.iryou.teikyouseido.mhlw.go.jp/znk-web/juminkanja/S2430/initialize?prefCd=43&kikanCd=343520342&kikanKbn=3", "url2": null, "内容": "安田歯科医院【3:歯科】熊本県玉名郡玉東町稲佐１５０ー１" }, "geometry": { "type": "Point", "coordinates": [ 130.60817, 32.919999 ] } },
{ "type": "Feature", "properties": { "ID": 433343520355, "正式名称": "横島歯科クリニック", "機関区分": 3, "都道府県コード": 43, "市区町村コード": 206, "所在地": "熊本県玉名市横島町横島３４７７ー３", "緯度": 32.876991, "経度": 130.560728, "url": "https://www.iryou.teikyouseido.mhlw.go.jp/znk-web/juminkanja/S2430/initialize?prefCd=43&kikanCd=343520355&kikanKbn=3", "url2": null, "内容": "横島歯科クリニック【3:歯科】熊本県玉名市横島町横島３４７７ー３" }, "geometry": { "type": "Point", "coordinates": [ 130.560728, 32.876991 ] } },
{ "type": "Feature", "properties": { "ID": 433343520397, "正式名称": "原歯科クリニック", "機関区分": 3, "都道府県コード": 43, "市区町村コード": 367, "所在地": "熊本県玉名郡南関町関下１５５０ー２", "緯度": 33.057071, "経度": 130.54239, "url": "https://www.iryou.teikyouseido.mhlw.go.jp/znk-web/juminkanja/S2430/initialize?prefCd=43&kikanCd=343520397&kikanKbn=3", "url2": null, "内容": "原歯科クリニック【3:歯科】熊本県玉名郡南関町関下１５５０ー２" }, "geometry": { "type": "Point", "coordinates": [ 130.54239, 33.057071 ] } },
{ "type": "Feature", "properties": { "ID": 433343520401, "正式名称": "さくら歯科医院", "機関区分": 3, "都道府県コード": 43, "市区町村コード": 206, "所在地": "熊本県玉名市岱明町西照寺２００ー１", "緯度": 32.935226, "経度": 130.504904, "url": "https://www.iryou.teikyouseido.mhlw.go.jp/znk-web/juminkanja/S2430/initialize?prefCd=43&kikanCd=343520401&kikanKbn=3", "url2": null, "内容": "さくら歯科医院【3:歯科】熊本県玉名市岱明町西照寺２００ー１" }, "geometry": { "type": "Point", "coordinates": [ 130.504904, 32.935226 ] } },
{ "type": "Feature", "properties": { "ID": 433343520414, "正式名称": "にしむら歯科医院", "機関区分": 3, "都道府県コード": 43, "市区町村コード": 206, "所在地": "熊本県玉名市大浜町５４３ー２", "緯度": 32.903027, "経度": 130.544515, "url": "https://www.iryou.teikyouseido.mhlw.go.jp/znk-web/juminkanja/S2430/initialize?prefCd=43&kikanCd=343520414&kikanKbn=3", "url2": null, "内容": "にしむら歯科医院【3:歯科】熊本県玉名市大浜町５４３ー２" }, "geometry": { "type": "Point", "coordinates": [ 130.544515, 32.903027 ] } },
{ "type": "Feature", "properties": { "ID": 433343520443, "正式名称": "さかい歯科医院", "機関区分": 3, "都道府県コード": 43, "市区町村コード": 206, "所在地": "熊本県玉名市築地４８７ー３", "緯度": 32.930359, "経度": 130.522328, "url": "https://www.iryou.teikyouseido.mhlw.go.jp/znk-web/juminkanja/S2430/initialize?prefCd=43&kikanCd=343520443&kikanKbn=3", "url2": null, "内容": "さかい歯科医院【3:歯科】熊本県玉名市築地４８７ー３" }, "geometry": { "type": "Point", "coordinates": [ 130.522328, 32.930359 ] } },
{ "type": "Feature", "properties": { "ID": 433343530055, "正式名称": "蔵本歯科医院", "機関区分": 3, "都道府県コード": 43, "市区町村コード": 204, "所在地": "熊本県荒尾市大正町１ー２ー２４", "緯度": 32.995343, "経度": 130.433619, "url": "https://www.iryou.teikyouseido.mhlw.go.jp/znk-web/juminkanja/S2430/initialize?prefCd=43&kikanCd=343530055&kikanKbn=3", "url2": null, "内容": "蔵本歯科医院【3:歯科】熊本県荒尾市大正町１ー２ー２４" }, "geometry": { "type": "Point", "coordinates": [ 130.433619, 32.995343 ] } },
{ "type": "Feature", "properties": { "ID": 433343530071, "正式名称": "薪歯科医院", "機関区分": 3, "都道府県コード": 43, "市区町村コード": 204, "所在地": "熊本県荒尾市大島町３ー５ー２７", "緯度": 32.997898, "経度": 130.430492, "url": "https://www.iryou.teikyouseido.mhlw.go.jp/znk-web/juminkanja/S2430/initialize?prefCd=43&kikanCd=343530071&kikanKbn=3", "url2": null, "内容": "薪歯科医院【3:歯科】熊本県荒尾市大島町３ー５ー２７" }, "geometry": { "type": "Point", "coordinates": [ 130.430492, 32.997898 ] } },
{ "type": "Feature", "properties": { "ID": 433343530101, "正式名称": "坂田歯科医院", "機関区分": 3, "都道府県コード": 43, "市区町村コード": 204, "所在地": "熊本県荒尾市荒尾２０００", "緯度": 32.974267, "経度": 130.440436, "url": "https://www.iryou.teikyouseido.mhlw.go.jp/znk-web/juminkanja/S2430/initialize?prefCd=43&kikanCd=343530101&kikanKbn=3", "url2": null, "内容": "坂田歯科医院【3:歯科】熊本県荒尾市荒尾２０００" }, "geometry": { "type": "Point", "coordinates": [ 130.440436, 32.974267 ] } },
{ "type": "Feature", "properties": { "ID": 433343530202, "正式名称": "おがた歯科医院", "機関区分": 3, "都道府県コード": 43, "市区町村コード": 204, "所在地": "熊本県荒尾市桜山町２ー１１ー２１", "緯度": 32.965827, "経度": 130.455312, "url": "https://www.iryou.teikyouseido.mhlw.go.jp/znk-web/juminkanja/S2430/initialize?prefCd=43&kikanCd=343530202&kikanKbn=3", "url2": "ogatadental.net", "内容": "おがた歯科医院【3:歯科】熊本県荒尾市桜山町２ー１１ー２１" }, "geometry": { "type": "Point", "coordinates": [ 130.455312, 32.965827 ] } },
{ "type": "Feature", "properties": { "ID": 433343530215, "正式名称": "山本歯科医院", "機関区分": 3, "都道府県コード": 43, "市区町村コード": 204, "所在地": "熊本県荒尾市宮内５１５", "緯度": 32.984142, "経度": 130.443472, "url": "https://www.iryou.teikyouseido.mhlw.go.jp/znk-web/juminkanja/S2430/initialize?prefCd=43&kikanCd=343530215&kikanKbn=3", "url2": null, "内容": "山本歯科医院【3:歯科】熊本県荒尾市宮内５１５" }, "geometry": { "type": "Point", "coordinates": [ 130.443472, 32.984142 ] } },
{ "type": "Feature", "properties": { "ID": 433343530244, "正式名称": "医療法人　社団　慎思会　なかむら歯科医院", "機関区分": 3, "都道府県コード": 43, "市区町村コード": 368, "所在地": "熊本県玉名郡長洲町腹赤１１ー４", "緯度": 32.919148, "経度": 130.474079, "url": "https://www.iryou.teikyouseido.mhlw.go.jp/znk-web/juminkanja/S2430/initialize?prefCd=43&kikanCd=343530244&kikanKbn=3", "url2": "http://www.sinsikainakamura.dr-clinic.jp", "内容": "医療法人　社団　慎思会　なかむら歯科医院【3:歯科】熊本県玉名郡長洲町腹赤１１ー４" }, "geometry": { "type": "Point", "coordinates": [ 130.474079, 32.919148 ] } },
{ "type": "Feature", "properties": { "ID": 433343530257, "正式名称": "田畑歯科医院", "機関区分": 3, "都道府県コード": 43, "市区町村コード": 204, "所在地": "熊本県荒尾市水野３００", "緯度": 32.961842, "経度": 130.448326, "url": "https://www.iryou.teikyouseido.mhlw.go.jp/znk-web/juminkanja/S2430/initialize?prefCd=43&kikanCd=343530257&kikanKbn=3", "url2": null, "内容": "田畑歯科医院【3:歯科】熊本県荒尾市水野３００" }, "geometry": { "type": "Point", "coordinates": [ 130.448326, 32.961842 ] } },
{ "type": "Feature", "properties": { "ID": 433343530299, "正式名称": "たかさき歯科医院", "機関区分": 3, "都道府県コード": 43, "市区町村コード": 368, "所在地": "熊本県玉名郡長洲町長洲４４２ー４", "緯度": 32.937655, "経度": 130.443736, "url": "https://www.iryou.teikyouseido.mhlw.go.jp/znk-web/juminkanja/S2430/initialize?prefCd=43&kikanCd=343530299&kikanKbn=3", "url2": null, "内容": "たかさき歯科医院【3:歯科】熊本県玉名郡長洲町長洲４４２ー４" }, "geometry": { "type": "Point", "coordinates": [ 130.443736, 32.937655 ] } },
{ "type": "Feature", "properties": { "ID": 433343530316, "正式名称": "ふじもと歯科医院", "機関区分": 3, "都道府県コード": 43, "市区町村コード": 204, "所在地": "熊本県荒尾市野原１２７７ー１", "緯度": 32.962617, "経度": 130.481112, "url": "https://www.iryou.teikyouseido.mhlw.go.jp/znk-web/juminkanja/S2430/initialize?prefCd=43&kikanCd=343530316&kikanKbn=3", "url2": "http://fujimoto-dental.jp/", "内容": "ふじもと歯科医院【3:歯科】熊本県荒尾市野原１２７７ー１" }, "geometry": { "type": "Point", "coordinates": [ 130.481112, 32.962617 ] } },
{ "type": "Feature", "properties": { "ID": 433343530361, "正式名称": "前田歯科医院", "機関区分": 3, "都道府県コード": 43, "市区町村コード": 368, "所在地": "熊本県玉名郡長洲町長洲１３７９ー１", "緯度": 32.932644, "経度": 130.445108, "url": "https://www.iryou.teikyouseido.mhlw.go.jp/znk-web/juminkanja/S2430/initialize?prefCd=43&kikanCd=343530361&kikanKbn=3", "url2": null, "内容": "前田歯科医院【3:歯科】熊本県玉名郡長洲町長洲１３７９ー１" }, "geometry": { "type": "Point", "coordinates": [ 130.445108, 32.932644 ] } },
{ "type": "Feature", "properties": { "ID": 433343540029, "正式名称": "田中歯科医院", "機関区分": 3, "都道府県コード": 43, "市区町村コード": 208, "所在地": "熊本県山鹿市山鹿１５０４ー１", "緯度": 33.016536, "経度": 130.689497, "url": "https://www.iryou.teikyouseido.mhlw.go.jp/znk-web/juminkanja/S2430/initialize?prefCd=43&kikanCd=343540029&kikanKbn=3", "url2": null, "内容": "田中歯科医院【3:歯科】熊本県山鹿市山鹿１５０４ー１" }, "geometry": { "type": "Point", "coordinates": [ 130.689497, 33.016536 ] } },
{ "type": "Feature", "properties": { "ID": 433343540045, "正式名称": "宮坂歯科診療所", "機関区分": 3, "都道府県コード": 43, "市区町村コード": 208, "所在地": "熊本県山鹿市山鹿３３２", "緯度": 33.014601, "経度": 130.692093, "url": "https://www.iryou.teikyouseido.mhlw.go.jp/znk-web/juminkanja/S2430/initialize?prefCd=43&kikanCd=343540045&kikanKbn=3", "url2": null, "内容": "宮坂歯科診療所【3:歯科】熊本県山鹿市山鹿３３２" }, "geometry": { "type": "Point", "coordinates": [ 130.692093, 33.014601 ] } },
{ "type": "Feature", "properties": { "ID": 433343540058, "正式名称": "医療法人　髙水間会　こうずま歯科医院", "機関区分": 3, "都道府県コード": 43, "市区町村コード": 208, "所在地": "熊本県山鹿市大橋通１００５", "緯度": 33.013148, "経度": 130.683632, "url": "https://www.iryou.teikyouseido.mhlw.go.jp/znk-web/juminkanja/S2430/initialize?prefCd=43&kikanCd=343540058&kikanKbn=3", "url2": "http://www.kouzuma-dc.com/", "内容": "医療法人　髙水間会　こうずま歯科医院【3:歯科】熊本県山鹿市大橋通１００５" }, "geometry": { "type": "Point", "coordinates": [ 130.683632, 33.013148 ] } },
{ "type": "Feature", "properties": { "ID": 433343540074, "正式名称": "原賀歯科医院", "機関区分": 3, "都道府県コード": 43, "市区町村コード": 208, "所在地": "熊本県山鹿市山鹿１温泉プラザ２Ｆ", "緯度": 33.014457, "経度": 130.689926, "url": "https://www.iryou.teikyouseido.mhlw.go.jp/znk-web/juminkanja/S2430/initialize?prefCd=43&kikanCd=343540074&kikanKbn=3", "url2": "http://www.haragashikaiin.com", "内容": "原賀歯科医院【3:歯科】熊本県山鹿市山鹿１温泉プラザ２Ｆ" }, "geometry": { "type": "Point", "coordinates": [ 130.689926, 33.014457 ] } },
{ "type": "Feature", "properties": { "ID": 433343540087, "正式名称": "小嶋歯科医院", "機関区分": 3, "都道府県コード": 43, "市区町村コード": 208, "所在地": "熊本県山鹿市中８２５", "緯度": 33.013139, "経度": 130.701521, "url": "https://www.iryou.teikyouseido.mhlw.go.jp/znk-web/juminkanja/S2430/initialize?prefCd=43&kikanCd=343540087&kikanKbn=3", "url2": "http://www.oshimashika.com", "内容": "小嶋歯科医院【3:歯科】熊本県山鹿市中８２５" }, "geometry": { "type": "Point", "coordinates": [ 130.701521, 33.013139 ] } },
{ "type": "Feature", "properties": { "ID": 433343540188, "正式名称": "医療法人功貴会　平井歯科医院", "機関区分": 3, "都道府県コード": 43, "市区町村コード": 208, "所在地": "熊本県山鹿市鹿本町来民６９８ー５", "緯度": 33.001802, "経度": 130.740383, "url": "https://www.iryou.teikyouseido.mhlw.go.jp/znk-web/juminkanja/S2430/initialize?prefCd=43&kikanCd=343540188&kikanKbn=3", "url2": "hirai-dc-kuma.com", "内容": "医療法人功貴会　平井歯科医院【3:歯科】熊本県山鹿市鹿本町来民６９８ー５" }, "geometry": { "type": "Point", "coordinates": [ 130.740383, 33.001802 ] } },
{ "type": "Feature", "properties": { "ID": 433343540205, "正式名称": "河上歯科医院", "機関区分": 3, "都道府県コード": 43, "市区町村コード": 105, "所在地": "熊本県熊本市北区植木町植木５２６", "緯度": 32.895997, "経度": 130.691156, "url": "https://www.iryou.teikyouseido.mhlw.go.jp/znk-web/juminkanja/S2430/initialize?prefCd=43&kikanCd=343540205&kikanKbn=3", "url2": null, "内容": "河上歯科医院【3:歯科】熊本県熊本市北区植木町植木５２６" }, "geometry": { "type": "Point", "coordinates": [ 130.691156, 32.895997 ] } },
{ "type": "Feature", "properties": { "ID": 433343540221, "正式名称": "牧歯科医院", "機関区分": 3, "都道府県コード": 43, "市区町村コード": 105, "所在地": "熊本県熊本市北区植木町植木５１３", "緯度": 32.895925, "経度": 130.692358, "url": "https://www.iryou.teikyouseido.mhlw.go.jp/znk-web/juminkanja/S2430/initialize?prefCd=43&kikanCd=343540221&kikanKbn=3", "url2": "http://www.makishikaiin.com/", "内容": "牧歯科医院【3:歯科】熊本県熊本市北区植木町植木５１３" }, "geometry": { "type": "Point", "coordinates": [ 130.692358, 32.895925 ] } },
{ "type": "Feature", "properties": { "ID": 433343540247, "正式名称": "工藤歯科医院", "機関区分": 3, "都道府県コード": 43, "市区町村コード": 105, "所在地": "熊本県熊本市北区植木町舞尾６８２", "緯度": 32.89768, "経度": 130.680337, "url": "https://www.iryou.teikyouseido.mhlw.go.jp/znk-web/juminkanja/S2430/initialize?prefCd=43&kikanCd=343540247&kikanKbn=3", "url2": "http://www.kudoushika.com/", "内容": "工藤歯科医院【3:歯科】熊本県熊本市北区植木町舞尾６８２" }, "geometry": { "type": "Point", "coordinates": [ 130.680337, 32.89768 ] } },
{ "type": "Feature", "properties": { "ID": 433343540250, "正式名称": "木庭歯科小児歯科医院", "機関区分": 3, "都道府県コード": 43, "市区町村コード": 208, "所在地": "熊本県山鹿市鹿本町来民２２１７ー１", "緯度": 33.000261, "経度": 130.729167, "url": "https://www.iryou.teikyouseido.mhlw.go.jp/znk-web/juminkanja/S2430/initialize?prefCd=43&kikanCd=343540250&kikanKbn=3", "url2": null, "内容": "木庭歯科小児歯科医院【3:歯科】熊本県山鹿市鹿本町来民２２１７ー１" }, "geometry": { "type": "Point", "coordinates": [ 130.729167, 33.000261 ] } },
{ "type": "Feature", "properties": { "ID": 433343540263, "正式名称": "中嶋歯科医院", "機関区分": 3, "都道府県コード": 43, "市区町村コード": 105, "所在地": "熊本県熊本市北区植木町舞尾６３２ー５", "緯度": 32.896383, "経度": 130.689475, "url": "https://www.iryou.teikyouseido.mhlw.go.jp/znk-web/juminkanja/S2430/initialize?prefCd=43&kikanCd=343540263&kikanKbn=3", "url2": null, "内容": "中嶋歯科医院【3:歯科】熊本県熊本市北区植木町舞尾６３２ー５" }, "geometry": { "type": "Point", "coordinates": [ 130.689475, 32.896383 ] } },
{ "type": "Feature", "properties": { "ID": 433343540289, "正式名称": "医療法人神鷹会　神山歯科医院", "機関区分": 3, "都道府県コード": 43, "市区町村コード": 208, "所在地": "熊本県山鹿市山鹿１７１９", "緯度": 33.012809, "経度": 130.68864, "url": "https://www.iryou.teikyouseido.mhlw.go.jp/znk-web/juminkanja/S2430/initialize?prefCd=43&kikanCd=343540289&kikanKbn=3", "url2": "http://www.kohyama-dental.com/", "内容": "医療法人神鷹会　神山歯科医院【3:歯科】熊本県山鹿市山鹿１７１９" }, "geometry": { "type": "Point", "coordinates": [ 130.68864, 33.012809 ] } },
{ "type": "Feature", "properties": { "ID": 433343540306, "正式名称": "森歯科・小児歯科医院", "機関区分": 3, "都道府県コード": 43, "市区町村コード": 208, "所在地": "熊本県山鹿市中央通７０８", "緯度": 33.015961, "経度": 130.68324, "url": "https://www.iryou.teikyouseido.mhlw.go.jp/znk-web/juminkanja/S2430/initialize?prefCd=43&kikanCd=343540306&kikanKbn=3", "url2": "http://www18.ocn.ne.jp/~moritomo", "内容": "森歯科・小児歯科医院【3:歯科】熊本県山鹿市中央通７０８" }, "geometry": { "type": "Point", "coordinates": [ 130.68324, 33.015961 ] } },
{ "type": "Feature", "properties": { "ID": 433343540351, "正式名称": "のがみ歯科医院", "機関区分": 3, "都道府県コード": 43, "市区町村コード": 208, "所在地": "熊本県山鹿市南島１１４３ー４", "緯度": 33.002823, "経度": 130.685693, "url": "https://www.iryou.teikyouseido.mhlw.go.jp/znk-web/juminkanja/S2430/initialize?prefCd=43&kikanCd=343540351&kikanKbn=3", "url2": null, "内容": "のがみ歯科医院【3:歯科】熊本県山鹿市南島１１４３ー４" }, "geometry": { "type": "Point", "coordinates": [ 130.685693, 33.002823 ] } },
{ "type": "Feature", "properties": { "ID": 433343540364, "正式名称": "河原歯科医院", "機関区分": 3, "都道府県コード": 43, "市区町村コード": 208, "所在地": "熊本県山鹿市鹿校通２ー２ー４　ランバービル１Ｆ", "緯度": 33.011896, "経度": 130.702866, "url": "https://www.iryou.teikyouseido.mhlw.go.jp/znk-web/juminkanja/S2430/initialize?prefCd=43&kikanCd=343540364&kikanKbn=3", "url2": null, "内容": "河原歯科医院【3:歯科】熊本県山鹿市鹿校通２ー２ー４　ランバービル１Ｆ" }, "geometry": { "type": "Point", "coordinates": [ 130.702866, 33.011896 ] } },
{ "type": "Feature", "properties": { "ID": 433343540380, "正式名称": "あさひ歯科クリニック", "機関区分": 3, "都道府県コード": 43, "市区町村コード": 105, "所在地": "熊本県熊本市北区植木町舞尾６２０", "緯度": 32.896986, "経度": 130.690544, "url": "https://www.iryou.teikyouseido.mhlw.go.jp/znk-web/juminkanja/S2430/initialize?prefCd=43&kikanCd=343540380&kikanKbn=3", "url2": null, "内容": "あさひ歯科クリニック【3:歯科】熊本県熊本市北区植木町舞尾６２０" }, "geometry": { "type": "Point", "coordinates": [ 130.690544, 32.896986 ] } },
{ "type": "Feature", "properties": { "ID": 433343540393, "正式名称": "そえだ歯科医院", "機関区分": 3, "都道府県コード": 43, "市区町村コード": 105, "所在地": "熊本県熊本市北区豊田１４１９ー１", "緯度": 32.942628, "経度": 130.708651, "url": "https://www.iryou.teikyouseido.mhlw.go.jp/znk-web/juminkanja/S2430/initialize?prefCd=43&kikanCd=343540393&kikanKbn=3", "url2": null, "内容": "そえだ歯科医院【3:歯科】熊本県熊本市北区豊田１４１９ー１" }, "geometry": { "type": "Point", "coordinates": [ 130.708651, 32.942628 ] } },
{ "type": "Feature", "properties": { "ID": 433343540407, "正式名称": "たけいち歯科医院", "機関区分": 3, "都道府県コード": 43, "市区町村コード": 208, "所在地": "熊本県山鹿市鹿本町高橋１２７０ー３", "緯度": 32.999653, "経度": 130.746363, "url": "https://www.iryou.teikyouseido.mhlw.go.jp/znk-web/juminkanja/S2430/initialize?prefCd=43&kikanCd=343540407&kikanKbn=3", "url2": null, "内容": "たけいち歯科医院【3:歯科】熊本県山鹿市鹿本町高橋１２７０ー３" }, "geometry": { "type": "Point", "coordinates": [ 130.746363, 32.999653 ] } },
{ "type": "Feature", "properties": { "ID": 433343540423, "正式名称": "清水歯科クリニック", "機関区分": 3, "都道府県コード": 43, "市区町村コード": 105, "所在地": "熊本県熊本市北区植木町広住４６９ー８", "緯度": 32.902502, "経度": 130.695363, "url": "https://www.iryou.teikyouseido.mhlw.go.jp/znk-web/juminkanja/S2430/initialize?prefCd=43&kikanCd=343540423&kikanKbn=3", "url2": "http://www.shimizu-dc.jp/", "内容": "清水歯科クリニック【3:歯科】熊本県熊本市北区植木町広住４６９ー８" }, "geometry": { "type": "Point", "coordinates": [ 130.695363, 32.902502 ] } },
{ "type": "Feature", "properties": { "ID": 433343540436, "正式名称": "あかほし歯科", "機関区分": 3, "都道府県コード": 43, "市区町村コード": 208, "所在地": "熊本県山鹿市方保田２８１５ー１", "緯度": 33.006513, "経度": 130.714757, "url": "https://www.iryou.teikyouseido.mhlw.go.jp/znk-web/juminkanja/S2430/initialize?prefCd=43&kikanCd=343540436&kikanKbn=3", "url2": null, "内容": "あかほし歯科【3:歯科】熊本県山鹿市方保田２８１５ー１" }, "geometry": { "type": "Point", "coordinates": [ 130.714757, 33.006513 ] } },
{ "type": "Feature", "properties": { "ID": 433343540449, "正式名称": "はら歯科医院", "機関区分": 3, "都道府県コード": 43, "市区町村コード": 208, "所在地": "熊本県山鹿市新町４０４ー６", "緯度": 33.018847, "経度": 130.683265, "url": "https://www.iryou.teikyouseido.mhlw.go.jp/znk-web/juminkanja/S2430/initialize?prefCd=43&kikanCd=343540449&kikanKbn=3", "url2": null, "内容": "はら歯科医院【3:歯科】熊本県山鹿市新町４０４ー６" }, "geometry": { "type": "Point", "coordinates": [ 130.683265, 33.018847 ] } },
{ "type": "Feature", "properties": { "ID": 433343540465, "正式名称": "木下歯科医院", "機関区分": 3, "都道府県コード": 43, "市区町村コード": 208, "所在地": "熊本県山鹿市菊鹿町下内田５９８ー１", "緯度": 33.026557, "経度": 130.762528, "url": "https://www.iryou.teikyouseido.mhlw.go.jp/znk-web/juminkanja/S2430/initialize?prefCd=43&kikanCd=343540465&kikanKbn=3", "url2": null, "内容": "木下歯科医院【3:歯科】熊本県山鹿市菊鹿町下内田５９８ー１" }, "geometry": { "type": "Point", "coordinates": [ 130.762528, 33.026557 ] } },
{ "type": "Feature", "properties": { "ID": 433343540494, "正式名称": "よつばデンタルクリニック", "機関区分": 3, "都道府県コード": 43, "市区町村コード": 105, "所在地": "熊本県熊本市北区植木１５７ー９", "緯度": 32.897894, "経度": 130.692506, "url": "https://www.iryou.teikyouseido.mhlw.go.jp/znk-web/juminkanja/S2430/initialize?prefCd=43&kikanCd=343540494&kikanKbn=3", "url2": "http://www.good-teeth.net/yotsubadc/", "内容": "よつばデンタルクリニック【3:歯科】熊本県熊本市北区植木１５７ー９" }, "geometry": { "type": "Point", "coordinates": [ 130.692506, 32.897894 ] } },
{ "type": "Feature", "properties": { "ID": 433343540511, "正式名称": "はしもと歯科クリニック", "機関区分": 3, "都道府県コード": 43, "市区町村コード": 208, "所在地": "熊本県山鹿市方保田３４９７ー５", "緯度": 33.00524, "経度": 130.719672, "url": "https://www.iryou.teikyouseido.mhlw.go.jp/znk-web/juminkanja/S2430/initialize?prefCd=43&kikanCd=343540511&kikanKbn=3", "url2": null, "内容": "はしもと歯科クリニック【3:歯科】熊本県山鹿市方保田３４９７ー５" }, "geometry": { "type": "Point", "coordinates": [ 130.719672, 33.00524 ] } },
{ "type": "Feature", "properties": { "ID": 433343540524, "正式名称": "小林歯科医院", "機関区分": 3, "都道府県コード": 43, "市区町村コード": 208, "所在地": "熊本県山鹿市鹿北町四丁１６３２ー１", "緯度": 33.106514, "経度": 130.694756, "url": "https://www.iryou.teikyouseido.mhlw.go.jp/znk-web/juminkanja/S2430/initialize?prefCd=43&kikanCd=343540524&kikanKbn=3", "url2": "hi-sha.net/k/kobayasi/", "内容": "小林歯科医院【3:歯科】熊本県山鹿市鹿北町四丁１６３２ー１" }, "geometry": { "type": "Point", "coordinates": [ 130.694756, 33.106514 ] } },
{ "type": "Feature", "properties": { "ID": 433343540537, "正式名称": "いさみ歯科きららクリニック", "機関区分": 3, "都道府県コード": 43, "市区町村コード": 105, "所在地": "熊本県熊本市北区植木町岩野２６６ー５", "緯度": 32.902391, "経度": 130.693197, "url": "https://www.iryou.teikyouseido.mhlw.go.jp/znk-web/juminkanja/S2430/initialize?prefCd=43&kikanCd=343540537&kikanKbn=3", "url2": "http://www.isamishika-kirara.com/", "内容": "いさみ歯科きららクリニック【3:歯科】熊本県熊本市北区植木町岩野２６６ー５" }, "geometry": { "type": "Point", "coordinates": [ 130.693197, 32.902391 ] } },
{ "type": "Feature", "properties": { "ID": 433343540540, "正式名称": "ふじもと歯科医院", "機関区分": 3, "都道府県コード": 43, "市区町村コード": 208, "所在地": "熊本県山鹿市鹿央町合里６７２ー１", "緯度": 32.97729, "経度": 130.679439, "url": "https://www.iryou.teikyouseido.mhlw.go.jp/znk-web/juminkanja/S2430/initialize?prefCd=43&kikanCd=343540540&kikanKbn=3", "url2": null, "内容": "ふじもと歯科医院【3:歯科】熊本県山鹿市鹿央町合里６７２ー１" }, "geometry": { "type": "Point", "coordinates": [ 130.679439, 32.97729 ] } },
{ "type": "Feature", "properties": { "ID": 433343540553, "正式名称": "大坂総合歯科", "機関区分": 3, "都道府県コード": 43, "市区町村コード": 208, "所在地": "熊本県山鹿市熊入町２６３ー１", "緯度": 33.028899, "経度": 130.682424, "url": "https://www.iryou.teikyouseido.mhlw.go.jp/znk-web/juminkanja/S2430/initialize?prefCd=43&kikanCd=343540553&kikanKbn=3", "url2": "http://www.osaka-sougou-shika.com/", "内容": "大坂総合歯科【3:歯科】熊本県山鹿市熊入町２６３ー１" }, "geometry": { "type": "Point", "coordinates": [ 130.682424, 33.028899 ] } },
{ "type": "Feature", "properties": { "ID": 433343540579, "正式名称": "豊デンタルクリニック", "機関区分": 3, "都道府県コード": 43, "市区町村コード": 208, "所在地": "熊本県山鹿市蒲生１５５３ー１", "緯度": 33.016643, "経度": 130.73658, "url": "https://www.iryou.teikyouseido.mhlw.go.jp/znk-web/juminkanja/S2430/initialize?prefCd=43&kikanCd=343540579&kikanKbn=3", "url2": null, "内容": "豊デンタルクリニック【3:歯科】熊本県山鹿市蒲生１５５３ー１" }, "geometry": { "type": "Point", "coordinates": [ 130.73658, 33.016643 ] } },
{ "type": "Feature", "properties": { "ID": 433343550022, "正式名称": "中川歯科医院", "機関区分": 3, "都道府県コード": 43, "市区町村コード": 210, "所在地": "熊本県菊池市隈府２３０", "緯度": 32.98368, "経度": 130.810695, "url": "https://www.iryou.teikyouseido.mhlw.go.jp/znk-web/juminkanja/S2430/initialize?prefCd=43&kikanCd=343550022&kikanKbn=3", "url2": null, "内容": "中川歯科医院【3:歯科】熊本県菊池市隈府２３０" }, "geometry": { "type": "Point", "coordinates": [ 130.810695, 32.98368 ] } },
{ "type": "Feature", "properties": { "ID": 433343550064, "正式名称": "工藤歯科医院", "機関区分": 3, "都道府県コード": 43, "市区町村コード": 210, "所在地": "熊本県菊池市隈府５６５", "緯度": 32.979383, "経度": 130.808028, "url": "https://www.iryou.teikyouseido.mhlw.go.jp/znk-web/juminkanja/S2430/initialize?prefCd=43&kikanCd=343550064&kikanKbn=3", "url2": null, "内容": "工藤歯科医院【3:歯科】熊本県菊池市隈府５６５" }, "geometry": { "type": "Point", "coordinates": [ 130.808028, 32.979383 ] } },
{ "type": "Feature", "properties": { "ID": 433343550080, "正式名称": "原賀歯科医院", "機関区分": 3, "都道府県コード": 43, "市区町村コード": 210, "所在地": "熊本県菊池市大琳寺２７４ー３", "緯度": 32.97543, "経度": 130.807717, "url": "https://www.iryou.teikyouseido.mhlw.go.jp/znk-web/juminkanja/S2430/initialize?prefCd=43&kikanCd=343550080&kikanKbn=3", "url2": "https://www.haraga-dental.com", "内容": "原賀歯科医院【3:歯科】熊本県菊池市大琳寺２７４ー３" }, "geometry": { "type": "Point", "coordinates": [ 130.807717, 32.97543 ] } },
{ "type": "Feature", "properties": { "ID": 433343550093, "正式名称": "三隅歯科医院", "機関区分": 3, "都道府県コード": 43, "市区町村コード": 216, "所在地": "熊本県合志市幾久富１９０９ー１８４", "緯度": 32.865804, "経度": 130.772356, "url": "https://www.iryou.teikyouseido.mhlw.go.jp/znk-web/juminkanja/S2430/initialize?prefCd=43&kikanCd=343550093&kikanKbn=3", "url2": null, "内容": "三隅歯科医院【3:歯科】熊本県合志市幾久富１９０９ー１８４" }, "geometry": { "type": "Point", "coordinates": [ 130.772356, 32.865804 ] } },
{ "type": "Feature", "properties": { "ID": 433343550110, "正式名称": "中山歯科医院", "機関区分": 3, "都道府県コード": 43, "市区町村コード": 210, "所在地": "熊本県菊池市泗水町豊水３５１４", "緯度": 32.923638, "経度": 130.773515, "url": "https://www.iryou.teikyouseido.mhlw.go.jp/znk-web/juminkanja/S2430/initialize?prefCd=43&kikanCd=343550110&kikanKbn=3", "url2": null, "内容": "中山歯科医院【3:歯科】熊本県菊池市泗水町豊水３５１４" }, "geometry": { "type": "Point", "coordinates": [ 130.773515, 32.923638 ] } },
{ "type": "Feature", "properties": { "ID": 433343550149, "正式名称": "永野歯科医院", "機関区分": 3, "都道府県コード": 43, "市区町村コード": 216, "所在地": "熊本県合志市須屋１８４０ー１３", "緯度": 32.864529, "経度": 130.735864, "url": "https://www.iryou.teikyouseido.mhlw.go.jp/znk-web/juminkanja/S2430/initialize?prefCd=43&kikanCd=343550149&kikanKbn=3", "url2": null, "内容": "永野歯科医院【3:歯科】熊本県合志市須屋１８４０ー１３" }, "geometry": { "type": "Point", "coordinates": [ 130.735864, 32.864529 ] } },
{ "type": "Feature", "properties": { "ID": 433343550152, "正式名称": "林歯科医院", "機関区分": 3, "都道府県コード": 43, "市区町村コード": 210, "所在地": "熊本県菊池市隈府１０８", "緯度": 32.982938, "経度": 130.807539, "url": "https://www.iryou.teikyouseido.mhlw.go.jp/znk-web/juminkanja/S2430/initialize?prefCd=43&kikanCd=343550152&kikanKbn=3", "url2": null, "内容": "林歯科医院【3:歯科】熊本県菊池市隈府１０８" }, "geometry": { "type": "Point", "coordinates": [ 130.807539, 32.982938 ] } },
{ "type": "Feature", "properties": { "ID": 433343550165, "正式名称": "原田歯科医院", "機関区分": 3, "都道府県コード": 43, "市区町村コード": 216, "所在地": "熊本県合志市御代志１６６１ー２０９", "緯度": 32.889632, "経度": 130.743891, "url": "https://www.iryou.teikyouseido.mhlw.go.jp/znk-web/juminkanja/S2430/initialize?prefCd=43&kikanCd=343550165&kikanKbn=3", "url2": null, "内容": "原田歯科医院【3:歯科】熊本県合志市御代志１６６１ー２０９" }, "geometry": { "type": "Point", "coordinates": [ 130.743891, 32.889632 ] } },
{ "type": "Feature", "properties": { "ID": 433343550178, "正式名称": "荒木歯科医院", "機関区分": 3, "都道府県コード": 43, "市区町村コード": 210, "所在地": "熊本県菊池市隈府８８２ー２", "緯度": 32.981222, "経度": 130.813666, "url": "https://www.iryou.teikyouseido.mhlw.go.jp/znk-web/juminkanja/S2430/initialize?prefCd=43&kikanCd=343550178&kikanKbn=3", "url2": null, "内容": "荒木歯科医院【3:歯科】熊本県菊池市隈府８８２ー２" }, "geometry": { "type": "Point", "coordinates": [ 130.813666, 32.981222 ] } },
{ "type": "Feature", "properties": { "ID": 433343550282, "正式名称": "中村歯科医院", "機関区分": 3, "都道府県コード": 43, "市区町村コード": 210, "所在地": "熊本県菊池市旭志小原３０５ー３", "緯度": 32.944906, "経度": 130.85648, "url": "https://www.iryou.teikyouseido.mhlw.go.jp/znk-web/juminkanja/S2430/initialize?prefCd=43&kikanCd=343550282&kikanKbn=3", "url2": null, "内容": "中村歯科医院【3:歯科】熊本県菊池市旭志小原３０５ー３" }, "geometry": { "type": "Point", "coordinates": [ 130.85648, 32.944906 ] } },
{ "type": "Feature", "properties": { "ID": 433343550295, "正式名称": "城歯科医院", "機関区分": 3, "都道府県コード": 43, "市区町村コード": 216, "所在地": "熊本県合志市竹迫１８７１ー１", "緯度": 32.891707, "経度": 130.80007, "url": "https://www.iryou.teikyouseido.mhlw.go.jp/znk-web/juminkanja/S2430/initialize?prefCd=43&kikanCd=343550295&kikanKbn=3", "url2": null, "内容": "城歯科医院【3:歯科】熊本県合志市竹迫１８７１ー１" }, "geometry": { "type": "Point", "coordinates": [ 130.80007, 32.891707 ] } },
{ "type": "Feature", "properties": { "ID": 433343550325, "正式名称": "たかはし歯科医院", "機関区分": 3, "都道府県コード": 43, "市区町村コード": 210, "所在地": "熊本県菊池市泗水町吉富２２７９ー５", "緯度": 32.934011, "経度": 130.781218, "url": "https://www.iryou.teikyouseido.mhlw.go.jp/znk-web/juminkanja/S2430/initialize?prefCd=43&kikanCd=343550325&kikanKbn=3", "url2": "http://www.takadental.com", "内容": "たかはし歯科医院【3:歯科】熊本県菊池市泗水町吉富２２７９ー５" }, "geometry": { "type": "Point", "coordinates": [ 130.781218, 32.934011 ] } },
{ "type": "Feature", "properties": { "ID": 433343550367, "正式名称": "竹田津歯科医院", "機関区分": 3, "都道府県コード": 43, "市区町村コード": 403, "所在地": "熊本県菊池郡大津町大津１２０８ー２", "緯度": 32.877059, "経度": 130.868042, "url": "https://www.iryou.teikyouseido.mhlw.go.jp/znk-web/juminkanja/S2430/initialize?prefCd=43&kikanCd=343550367&kikanKbn=3", "url2": null, "内容": "竹田津歯科医院【3:歯科】熊本県菊池郡大津町大津１２０８ー２" }, "geometry": { "type": "Point", "coordinates": [ 130.868042, 32.877059 ] } },
{ "type": "Feature", "properties": { "ID": 433343550370, "正式名称": "橋本歯科医院", "機関区分": 3, "都道府県コード": 43, "市区町村コード": 210, "所在地": "熊本県菊池市泗水町福本１８０", "緯度": 32.924879, "経度": 130.778346, "url": "https://www.iryou.teikyouseido.mhlw.go.jp/znk-web/juminkanja/S2430/initialize?prefCd=43&kikanCd=343550370&kikanKbn=3", "url2": null, "内容": "橋本歯科医院【3:歯科】熊本県菊池市泗水町福本１８０" }, "geometry": { "type": "Point", "coordinates": [ 130.778346, 32.924879 ] } },
{ "type": "Feature", "properties": { "ID": 433343550383, "正式名称": "もとだ歯科医院", "機関区分": 3, "都道府県コード": 43, "市区町村コード": 210, "所在地": "熊本県菊池市泗水町吉富２５１７", "緯度": 32.929798, "経度": 130.773299, "url": "https://www.iryou.teikyouseido.mhlw.go.jp/znk-web/juminkanja/S2430/initialize?prefCd=43&kikanCd=343550383&kikanKbn=3", "url2": "http://www.motoda-dental.com/", "内容": "もとだ歯科医院【3:歯科】熊本県菊池市泗水町吉富２５１７" }, "geometry": { "type": "Point", "coordinates": [ 130.773299, 32.929798 ] } },
{ "type": "Feature", "properties": { "ID": 433343550396, "正式名称": "南歯科医院", "機関区分": 3, "都道府県コード": 43, "市区町村コード": 404, "所在地": "熊本県菊池郡菊陽町津久礼１６２ー１１", "緯度": 32.863124, "経度": 130.819793, "url": "https://www.iryou.teikyouseido.mhlw.go.jp/znk-web/juminkanja/S2430/initialize?prefCd=43&kikanCd=343550396&kikanKbn=3", "url2": null, "内容": "南歯科医院【3:歯科】熊本県菊池郡菊陽町津久礼１６２ー１１" }, "geometry": { "type": "Point", "coordinates": [ 130.819793, 32.863124 ] } },
{ "type": "Feature", "properties": { "ID": 433343550400, "正式名称": "絵輝歯科", "機関区分": 3, "都道府県コード": 43, "市区町村コード": 404, "所在地": "熊本県菊池郡菊陽町原水１１５６ー１２", "緯度": 32.864515, "経度": 130.826818, "url": "https://www.iryou.teikyouseido.mhlw.go.jp/znk-web/juminkanja/S2430/initialize?prefCd=43&kikanCd=343550400&kikanKbn=3", "url2": null, "内容": "絵輝歯科【3:歯科】熊本県菊池郡菊陽町原水１１５６ー１２" }, "geometry": { "type": "Point", "coordinates": [ 130.826818, 32.864515 ] } },
{ "type": "Feature", "properties": { "ID": 433343550455, "正式名称": "高木歯科クリニック", "機関区分": 3, "都道府県コード": 43, "市区町村コード": 210, "所在地": "熊本県菊池市隈府１３２９ー１", "緯度": 32.985294, "経度": 130.811702, "url": "https://www.iryou.teikyouseido.mhlw.go.jp/znk-web/juminkanja/S2430/initialize?prefCd=43&kikanCd=343550455&kikanKbn=3", "url2": "http://www.mikku.co.jp/takaki/", "内容": "高木歯科クリニック【3:歯科】熊本県菊池市隈府１３２９ー１" }, "geometry": { "type": "Point", "coordinates": [ 130.811702, 32.985294 ] } },
{ "type": "Feature", "properties": { "ID": 433343550468, "正式名称": "北川歯科医院", "機関区分": 3, "都道府県コード": 43, "市区町村コード": 404, "所在地": "熊本県菊池郡菊陽町津久礼２１６３ー１", "緯度": 32.856094, "経度": 130.788674, "url": "https://www.iryou.teikyouseido.mhlw.go.jp/znk-web/juminkanja/S2430/initialize?prefCd=43&kikanCd=343550468&kikanKbn=3", "url2": "https://www.kitagawashikaiin.com/", "内容": "北川歯科医院【3:歯科】熊本県菊池郡菊陽町津久礼２１６３ー１" }, "geometry": { "type": "Point", "coordinates": [ 130.788674, 32.856094 ] } },
{ "type": "Feature", "properties": { "ID": 433343550471, "正式名称": "すずかけ台歯科医院", "機関区分": 3, "都道府県コード": 43, "市区町村コード": 216, "所在地": "熊本県合志市豊岡２５２７ー３３７", "緯度": 32.865674, "経度": 130.761852, "url": "https://www.iryou.teikyouseido.mhlw.go.jp/znk-web/juminkanja/S2430/initialize?prefCd=43&kikanCd=343550471&kikanKbn=3", "url2": null, "内容": "すずかけ台歯科医院【3:歯科】熊本県合志市豊岡２５２７ー３３７" }, "geometry": { "type": "Point", "coordinates": [ 130.761852, 32.865674 ] } },
{ "type": "Feature", "properties": { "ID": 433343550484, "正式名称": "林秀樹歯科医院", "機関区分": 3, "都道府県コード": 43, "市区町村コード": 210, "所在地": "熊本県菊池市隈府８４０ー５", "緯度": 32.976651, "経度": 130.812747, "url": "https://www.iryou.teikyouseido.mhlw.go.jp/znk-web/juminkanja/S2430/initialize?prefCd=43&kikanCd=343550484&kikanKbn=3", "url2": null, "内容": "林秀樹歯科医院【3:歯科】熊本県菊池市隈府８４０ー５" }, "geometry": { "type": "Point", "coordinates": [ 130.812747, 32.976651 ] } },
{ "type": "Feature", "properties": { "ID": 433343550501, "正式名称": "まつおか歯科", "機関区分": 3, "都道府県コード": 43, "市区町村コード": 404, "所在地": "熊本県菊池郡菊陽町津久礼２３５０ー１６", "緯度": 32.861673, "経度": 130.798429, "url": "https://www.iryou.teikyouseido.mhlw.go.jp/znk-web/juminkanja/S2430/initialize?prefCd=43&kikanCd=343550501&kikanKbn=3", "url2": null, "内容": "まつおか歯科【3:歯科】熊本県菊池郡菊陽町津久礼２３５０ー１６" }, "geometry": { "type": "Point", "coordinates": [ 130.798429, 32.861673 ] } },
{ "type": "Feature", "properties": { "ID": 433343550514, "正式名称": "あくね歯科医院", "機関区分": 3, "都道府県コード": 43, "市区町村コード": 216, "所在地": "熊本県合志市御代志８３６ー１８", "緯度": 32.898253, "経度": 130.759162, "url": "https://www.iryou.teikyouseido.mhlw.go.jp/znk-web/juminkanja/S2430/initialize?prefCd=43&kikanCd=343550514&kikanKbn=3", "url2": null, "内容": "あくね歯科医院【3:歯科】熊本県合志市御代志８３６ー１８" }, "geometry": { "type": "Point", "coordinates": [ 130.759162, 32.898253 ] } },
{ "type": "Feature", "properties": { "ID": 433343550527, "正式名称": "そのき歯科医院", "機関区分": 3, "都道府県コード": 43, "市区町村コード": 210, "所在地": "熊本県菊池市隈府６３２ー９", "緯度": 32.977294, "経度": 130.803151, "url": "https://www.iryou.teikyouseido.mhlw.go.jp/znk-web/juminkanja/S2430/initialize?prefCd=43&kikanCd=343550527&kikanKbn=3", "url2": "http://sonokidental.jp/", "内容": "そのき歯科医院【3:歯科】熊本県菊池市隈府６３２ー９" }, "geometry": { "type": "Point", "coordinates": [ 130.803151, 32.977294 ] } },
{ "type": "Feature", "properties": { "ID": 433343550569, "正式名称": "ちぢいわ歯科クリニック", "機関区分": 3, "都道府県コード": 43, "市区町村コード": 216, "所在地": "熊本県合志市須屋３６７３", "緯度": 32.870884, "経度": 130.750408, "url": "https://www.iryou.teikyouseido.mhlw.go.jp/znk-web/juminkanja/S2430/initialize?prefCd=43&kikanCd=343550569&kikanKbn=3", "url2": "http://chijiiwa.dentalmall.jp/", "内容": "ちぢいわ歯科クリニック【3:歯科】熊本県合志市須屋３６７３" }, "geometry": { "type": "Point", "coordinates": [ 130.750408, 32.870884 ] } },
{ "type": "Feature", "properties": { "ID": 433343550572, "正式名称": "髙田歯科クリニック", "機関区分": 3, "都道府県コード": 43, "市区町村コード": 404, "所在地": "熊本県菊池郡菊陽町向陽台２ー１７レンタルハウス金倉１Ｆ", "緯度": 32.857082, "経度": 130.74988, "url": "https://www.iryou.teikyouseido.mhlw.go.jp/znk-web/juminkanja/S2430/initialize?prefCd=43&kikanCd=343550572&kikanKbn=3", "url2": null, "内容": "髙田歯科クリニック【3:歯科】熊本県菊池郡菊陽町向陽台２ー１７レンタルハウス金倉１Ｆ" }, "geometry": { "type": "Point", "coordinates": [ 130.74988, 32.857082 ] } },
{ "type": "Feature", "properties": { "ID": 433343550585, "正式名称": "たなか歯科医院", "機関区分": 3, "都道府県コード": 43, "市区町村コード": 216, "所在地": "熊本県合志市幾久富１９０９ー６１８", "緯度": 32.864779, "経度": 130.773861, "url": "https://www.iryou.teikyouseido.mhlw.go.jp/znk-web/juminkanja/S2430/initialize?prefCd=43&kikanCd=343550585&kikanKbn=3", "url2": null, "内容": "たなか歯科医院【3:歯科】熊本県合志市幾久富１９０９ー６１８" }, "geometry": { "type": "Point", "coordinates": [ 130.773861, 32.864779 ] } },
{ "type": "Feature", "properties": { "ID": 433343550598, "正式名称": "もみじ歯科医院", "機関区分": 3, "都道府県コード": 43, "市区町村コード": 210, "所在地": "熊本県菊池市西寺１６５７ー１", "緯度": 32.971391, "経度": 130.798026, "url": "https://www.iryou.teikyouseido.mhlw.go.jp/znk-web/juminkanja/S2430/initialize?prefCd=43&kikanCd=343550598&kikanKbn=3", "url2": "http://www.momiji-shika.com/", "内容": "もみじ歯科医院【3:歯科】熊本県菊池市西寺１６５７ー１" }, "geometry": { "type": "Point", "coordinates": [ 130.798026, 32.971391 ] } },
{ "type": "Feature", "properties": { "ID": 433343550602, "正式名称": "こんどう歯科医院", "機関区分": 3, "都道府県コード": 43, "市区町村コード": 403, "所在地": "熊本県菊池郡大津町陣内１１５４ー４", "緯度": 32.865619, "経度": 130.872717, "url": "https://www.iryou.teikyouseido.mhlw.go.jp/znk-web/juminkanja/S2430/initialize?prefCd=43&kikanCd=343550602&kikanKbn=3", "url2": "http://www.kondou-dc.net/", "内容": "こんどう歯科医院【3:歯科】熊本県菊池郡大津町陣内１１５４ー４" }, "geometry": { "type": "Point", "coordinates": [ 130.872717, 32.865619 ] } },
{ "type": "Feature", "properties": { "ID": 433343550615, "正式名称": "わたなべ歯科医院", "機関区分": 3, "都道府県コード": 43, "市区町村コード": 216, "所在地": "熊本県合志市幾久富１６５６ー６１８", "緯度": 32.868831, "経度": 130.781369, "url": "https://www.iryou.teikyouseido.mhlw.go.jp/znk-web/juminkanja/S2430/initialize?prefCd=43&kikanCd=343550615&kikanKbn=3", "url2": "https://www.med-login.mhlw.go.jp/s/", "内容": "わたなべ歯科医院【3:歯科】熊本県合志市幾久富１６５６ー６１８" }, "geometry": { "type": "Point", "coordinates": [ 130.781369, 32.868831 ] } },
{ "type": "Feature", "properties": { "ID": 433343550628, "正式名称": "なかがわ歯科医院", "機関区分": 3, "都道府県コード": 43, "市区町村コード": 404, "所在地": "熊本県菊池郡菊陽町津久礼２３２３ー１", "緯度": 32.859057, "経度": 130.796482, "url": "https://www.iryou.teikyouseido.mhlw.go.jp/znk-web/juminkanja/S2430/initialize?prefCd=43&kikanCd=343550628&kikanKbn=3", "url2": "http://pc.fdoc.jp/hp/1000984.html", "内容": "なかがわ歯科医院【3:歯科】熊本県菊池郡菊陽町津久礼２３２３ー１" }, "geometry": { "type": "Point", "coordinates": [ 130.796482, 32.859057 ] } },
{ "type": "Feature", "properties": { "ID": 433343550631, "正式名称": "光の森歯科クリニック", "機関区分": 3, "都道府県コード": 43, "市区町村コード": 404, "所在地": "熊本県菊池郡菊陽町光の森２ー２９ー６", "緯度": 32.859542, "経度": 130.782519, "url": "https://www.iryou.teikyouseido.mhlw.go.jp/znk-web/juminkanja/S2430/initialize?prefCd=43&kikanCd=343550631&kikanKbn=3", "url2": "hikarinomori-dental.com", "内容": "光の森歯科クリニック【3:歯科】熊本県菊池郡菊陽町光の森２ー２９ー６" }, "geometry": { "type": "Point", "coordinates": [ 130.782519, 32.859542 ] } },
{ "type": "Feature", "properties": { "ID": 433343550644, "正式名称": "ハート歯科クリニック", "機関区分": 3, "都道府県コード": 43, "市区町村コード": 403, "所在地": "熊本県菊池郡大津町引水１１３ー９", "緯度": 32.875229, "経度": 130.876358, "url": "https://www.iryou.teikyouseido.mhlw.go.jp/znk-web/juminkanja/S2430/initialize?prefCd=43&kikanCd=343550644&kikanKbn=3", "url2": null, "内容": "ハート歯科クリニック【3:歯科】熊本県菊池郡大津町引水１１３ー９" }, "geometry": { "type": "Point", "coordinates": [ 130.876358, 32.875229 ] } },
{ "type": "Feature", "properties": { "ID": 433343550657, "正式名称": "今村歯科医院", "機関区分": 3, "都道府県コード": 43, "市区町村コード": 216, "所在地": "熊本県合志市須屋７１０ー１", "緯度": 32.860655, "経度": 130.730234, "url": "https://www.iryou.teikyouseido.mhlw.go.jp/znk-web/juminkanja/S2430/initialize?prefCd=43&kikanCd=343550657&kikanKbn=3", "url2": null, "内容": "今村歯科医院【3:歯科】熊本県合志市須屋７１０ー１" }, "geometry": { "type": "Point", "coordinates": [ 130.730234, 32.860655 ] } },
{ "type": "Feature", "properties": { "ID": 433343550699, "正式名称": "スマイルライン歯科クリニック", "機関区分": 3, "都道府県コード": 43, "市区町村コード": 404, "所在地": "熊本県菊池郡菊陽町光の森７ー３３ー１", "緯度": 32.860301, "経度": 130.784305, "url": "https://www.iryou.teikyouseido.mhlw.go.jp/znk-web/juminkanja/S2430/initialize?prefCd=43&kikanCd=343550699&kikanKbn=3", "url2": "https://smileline.kdg.or.jp/", "内容": "スマイルライン歯科クリニック【3:歯科】熊本県菊池郡菊陽町光の森７ー３３ー１" }, "geometry": { "type": "Point", "coordinates": [ 130.784305, 32.860301 ] } },
{ "type": "Feature", "properties": { "ID": 433343550703, "正式名称": "健光歯科", "機関区分": 3, "都道府県コード": 43, "市区町村コード": 404, "所在地": "熊本県菊池郡菊陽町光の森７ー３１ー５", "緯度": 32.860968, "経度": 130.787768, "url": "https://www.iryou.teikyouseido.mhlw.go.jp/znk-web/juminkanja/S2430/initialize?prefCd=43&kikanCd=343550703&kikanKbn=3", "url2": "http://websp01.com/kenko-d/", "内容": "健光歯科【3:歯科】熊本県菊池郡菊陽町光の森７ー３１ー５" }, "geometry": { "type": "Point", "coordinates": [ 130.787768, 32.860968 ] } },
{ "type": "Feature", "properties": { "ID": 433343550716, "正式名称": "Ｆ・デンタルクリニック", "機関区分": 3, "都道府県コード": 43, "市区町村コード": 404, "所在地": "熊本県菊池郡菊陽町光の森７ー７ー８", "緯度": 32.86274, "経度": 130.783897, "url": "https://www.iryou.teikyouseido.mhlw.go.jp/znk-web/juminkanja/S2430/initialize?prefCd=43&kikanCd=343550716&kikanKbn=3", "url2": "http://www8.ocn.ne.jp/^f.dental", "内容": "Ｆ・デンタルクリニック【3:歯科】熊本県菊池郡菊陽町光の森７ー７ー８" }, "geometry": { "type": "Point", "coordinates": [ 130.783897, 32.86274 ] } },
{ "type": "Feature", "properties": { "ID": 433343550729, "正式名称": "さかい歯科クリニック", "機関区分": 3, "都道府県コード": 43, "市区町村コード": 404, "所在地": "熊本県菊池郡菊陽町光の森２ー３ー９", "緯度": 32.858498, "経度": 130.779217, "url": "https://www.iryou.teikyouseido.mhlw.go.jp/znk-web/juminkanja/S2430/initialize?prefCd=43&kikanCd=343550729&kikanKbn=3", "url2": null, "内容": "さかい歯科クリニック【3:歯科】熊本県菊池郡菊陽町光の森２ー３ー９" }, "geometry": { "type": "Point", "coordinates": [ 130.779217, 32.858498 ] } },
{ "type": "Feature", "properties": { "ID": 433343550732, "正式名称": "つつみ歯科医院", "機関区分": 3, "都道府県コード": 43, "市区町村コード": 210, "所在地": "熊本県菊池市大琳寺２０３ー１", "緯度": 32.974686, "経度": 130.807639, "url": "https://www.iryou.teikyouseido.mhlw.go.jp/znk-web/juminkanja/S2430/initialize?prefCd=43&kikanCd=343550732&kikanKbn=3", "url2": null, "内容": "つつみ歯科医院【3:歯科】熊本県菊池市大琳寺２０３ー１" }, "geometry": { "type": "Point", "coordinates": [ 130.807639, 32.974686 ] } },
{ "type": "Feature", "properties": { "ID": 433343550745, "正式名称": "いちかわ歯科クリニック", "機関区分": 3, "都道府県コード": 43, "市区町村コード": 404, "所在地": "熊本県菊池郡菊陽町新山１ー２ー２０", "緯度": 32.865404, "経度": 130.789599, "url": "https://www.iryou.teikyouseido.mhlw.go.jp/znk-web/juminkanja/S2430/initialize?prefCd=43&kikanCd=343550745&kikanKbn=3", "url2": "http://ichi-dc.com/1.greetingss.html", "内容": "いちかわ歯科クリニック【3:歯科】熊本県菊池郡菊陽町新山１ー２ー２０" }, "geometry": { "type": "Point", "coordinates": [ 130.789599, 32.865404 ] } },
{ "type": "Feature", "properties": { "ID": 433343550758, "正式名称": "はなの歯科クリニック", "機関区分": 3, "都道府県コード": 43, "市区町村コード": 216, "所在地": "熊本県合志市須屋２６２ー５", "緯度": 32.856138, "経度": 130.746419, "url": "https://www.iryou.teikyouseido.mhlw.go.jp/znk-web/juminkanja/S2430/initialize?prefCd=43&kikanCd=343550758&kikanKbn=3", "url2": null, "内容": "はなの歯科クリニック【3:歯科】熊本県合志市須屋２６２ー５" }, "geometry": { "type": "Point", "coordinates": [ 130.746419, 32.856138 ] } },
{ "type": "Feature", "properties": { "ID": 433343550761, "正式名称": "たかやまデンタルクリニック", "機関区分": 3, "都道府県コード": 43, "市区町村コード": 403, "所在地": "熊本県菊池郡大津町室４００ー１", "緯度": 32.872785, "経度": 130.865712, "url": "https://www.iryou.teikyouseido.mhlw.go.jp/znk-web/juminkanja/S2430/initialize?prefCd=43&kikanCd=343550761&kikanKbn=3", "url2": "http://takayama-dental.net/", "内容": "たかやまデンタルクリニック【3:歯科】熊本県菊池郡大津町室４００ー１" }, "geometry": { "type": "Point", "coordinates": [ 130.865712, 32.872785 ] } },
{ "type": "Feature", "properties": { "ID": 433343550787, "正式名称": "クローバー歯科・こども歯科", "機関区分": 3, "都道府県コード": 43, "市区町村コード": 403, "所在地": "熊本県菊池郡大津町室９８２ー２", "緯度": 32.877431, "経度": 130.856813, "url": "https://www.iryou.teikyouseido.mhlw.go.jp/znk-web/juminkanja/S2430/initialize?prefCd=43&kikanCd=343550787&kikanKbn=3", "url2": "http://www.c-k-dc.com/", "内容": "クローバー歯科・こども歯科【3:歯科】熊本県菊池郡大津町室９８２ー２" }, "geometry": { "type": "Point", "coordinates": [ 130.856813, 32.877431 ] } },
{ "type": "Feature", "properties": { "ID": 433343550804, "正式名称": "ひろ歯科クリニック", "機関区分": 3, "都道府県コード": 43, "市区町村コード": 404, "所在地": "熊本県菊池郡菊陽町久保田２８０３ー１", "緯度": 32.863637, "経度": 130.82907, "url": "https://www.iryou.teikyouseido.mhlw.go.jp/znk-web/juminkanja/S2430/initialize?prefCd=43&kikanCd=343550804&kikanKbn=3", "url2": null, "内容": "ひろ歯科クリニック【3:歯科】熊本県菊池郡菊陽町久保田２８０３ー１" }, "geometry": { "type": "Point", "coordinates": [ 130.82907, 32.863637 ] } },
{ "type": "Feature", "properties": { "ID": 433343550817, "正式名称": "伊藤歯科医院", "機関区分": 3, "都道府県コード": 43, "市区町村コード": 216, "所在地": "熊本県合志市幾久富１９０９－１１９３", "緯度": 32.861916, "経度": 130.774702, "url": "https://www.iryou.teikyouseido.mhlw.go.jp/znk-web/juminkanja/S2430/initialize?prefCd=43&kikanCd=343550817&kikanKbn=3", "url2": "http://www.ito-sikaiin.com", "内容": "伊藤歯科医院【3:歯科】熊本県合志市幾久富１９０９－１１９３" }, "geometry": { "type": "Point", "coordinates": [ 130.774702, 32.861916 ] } },
{ "type": "Feature", "properties": { "ID": 433343550833, "正式名称": "サトウデンタルクリニック", "機関区分": 3, "都道府県コード": 43, "市区町村コード": 216, "所在地": "熊本県合志市豊岡２０００ー２１６２", "緯度": 32.876366, "経度": 130.763495, "url": "https://www.iryou.teikyouseido.mhlw.go.jp/znk-web/juminkanja/S2430/initialize?prefCd=43&kikanCd=343550833&kikanKbn=3", "url2": null, "内容": "サトウデンタルクリニック【3:歯科】熊本県合志市豊岡２０００ー２１６２" }, "geometry": { "type": "Point", "coordinates": [ 130.763495, 32.876366 ] } },
{ "type": "Feature", "properties": { "ID": 433343550875, "正式名称": "いとう歯科クリニック", "機関区分": 3, "都道府県コード": 43, "市区町村コード": 404, "所在地": "熊本県菊池郡菊陽町津久礼２４２２－１３", "緯度": 32.862676, "経度": 130.800773, "url": "https://www.iryou.teikyouseido.mhlw.go.jp/znk-web/juminkanja/S2430/initialize?prefCd=43&kikanCd=343550875&kikanKbn=3", "url2": null, "内容": "いとう歯科クリニック【3:歯科】熊本県菊池郡菊陽町津久礼２４２２－１３" }, "geometry": { "type": "Point", "coordinates": [ 130.800773, 32.862676 ] } },
{ "type": "Feature", "properties": { "ID": 433343550888, "正式名称": "ペエ歯科クリニック", "機関区分": 3, "都道府県コード": 43, "市区町村コード": 210, "所在地": "熊本県菊池市泗水町豊水字３２５０番地", "緯度": 32.92639, "経度": 130.77118, "url": "https://www.iryou.teikyouseido.mhlw.go.jp/znk-web/juminkanja/S2430/initialize?prefCd=43&kikanCd=343550888&kikanKbn=3", "url2": "pae-dc.com/minute/", "内容": "ペエ歯科クリニック【3:歯科】熊本県菊池市泗水町豊水字３２５０番地" }, "geometry": { "type": "Point", "coordinates": [ 130.77118, 32.92639 ] } },
{ "type": "Feature", "properties": { "ID": 433343550905, "正式名称": "みさきの歯科医院", "機関区分": 3, "都道府県コード": 43, "市区町村コード": 403, "所在地": "熊本県菊池郡大津町美咲野３ー１ー１", "緯度": 32.887192, "経度": 130.881858, "url": "https://www.iryou.teikyouseido.mhlw.go.jp/znk-web/juminkanja/S2430/initialize?prefCd=43&kikanCd=343550905&kikanKbn=3", "url2": "http://www.misakino-dc.com/", "内容": "みさきの歯科医院【3:歯科】熊本県菊池郡大津町美咲野３ー１ー１" }, "geometry": { "type": "Point", "coordinates": [ 130.881858, 32.887192 ] } },
{ "type": "Feature", "properties": { "ID": 433343550918, "正式名称": "にじの森歯科クリニック", "機関区分": 3, "都道府県コード": 43, "市区町村コード": 404, "所在地": "熊本県菊池郡菊陽町武蔵ヶ丘北２ー１５ー８ー４", "緯度": 32.860426, "経度": 130.759829, "url": "https://www.iryou.teikyouseido.mhlw.go.jp/znk-web/juminkanja/S2430/initialize?prefCd=43&kikanCd=343550918&kikanKbn=3", "url2": "https://nizinomori.com", "内容": "にじの森歯科クリニック【3:歯科】熊本県菊池郡菊陽町武蔵ヶ丘北２ー１５ー８ー４" }, "geometry": { "type": "Point", "coordinates": [ 130.759829, 32.860426 ] } },
{ "type": "Feature", "properties": { "ID": 433343550921, "正式名称": "みなみかわ歯科クリニック", "機関区分": 3, "都道府県コード": 43, "市区町村コード": 216, "所在地": "熊本県合志市須屋２５３３ー５", "緯度": 32.871361, "経度": 130.741516, "url": "https://www.iryou.teikyouseido.mhlw.go.jp/znk-web/juminkanja/S2430/initialize?prefCd=43&kikanCd=343550921&kikanKbn=3", "url2": "http://www.minamikawa-dental.jp", "内容": "みなみかわ歯科クリニック【3:歯科】熊本県合志市須屋２５３３ー５" }, "geometry": { "type": "Point", "coordinates": [ 130.741516, 32.871361 ] } },
{ "type": "Feature", "properties": { "ID": 433343550934, "正式名称": "みよし歯科クリニック", "機関区分": 3, "都道府県コード": 43, "市区町村コード": 216, "所在地": "熊本県合志市御代志１６７２ー１", "緯度": 32.885643, "経度": 130.749907, "url": "https://www.iryou.teikyouseido.mhlw.go.jp/znk-web/juminkanja/S2430/initialize?prefCd=43&kikanCd=343550934&kikanKbn=3", "url2": "http://www.miyoshi-dental-clinic.com", "内容": "みよし歯科クリニック【3:歯科】熊本県合志市御代志１６７２ー１" }, "geometry": { "type": "Point", "coordinates": [ 130.749907, 32.885643 ] } },
{ "type": "Feature", "properties": { "ID": 433343550947, "正式名称": "たけうち歯科医院", "機関区分": 3, "都道府県コード": 43, "市区町村コード": 216, "所在地": "熊本県合志市須屋字三ツ石１２８６ー１", "緯度": 32.882872, "経度": 130.722213, "url": "https://www.iryou.teikyouseido.mhlw.go.jp/znk-web/juminkanja/S2430/initialize?prefCd=43&kikanCd=343550947&kikanKbn=3", "url2": "http://www.take-dc.info/index.html", "内容": "たけうち歯科医院【3:歯科】熊本県合志市須屋字三ツ石１２８６ー１" }, "geometry": { "type": "Point", "coordinates": [ 130.722213, 32.882872 ] } },
{ "type": "Feature", "properties": { "ID": 433343550950, "正式名称": "Ｙ’ｓ歯科", "機関区分": 3, "都道府県コード": 43, "市区町村コード": 403, "所在地": "熊本県菊池郡大津町室２１０ー５", "緯度": 32.876609, "経度": 130.863751, "url": "https://www.iryou.teikyouseido.mhlw.go.jp/znk-web/juminkanja/S2430/initialize?prefCd=43&kikanCd=343550950&kikanKbn=3", "url2": "https://ys-shika.co.jp", "内容": "Ｙ’ｓ歯科【3:歯科】熊本県菊池郡大津町室２１０ー５" }, "geometry": { "type": "Point", "coordinates": [ 130.863751, 32.876609 ] } },
{ "type": "Feature", "properties": { "ID": 433343550963, "正式名称": "たけした歯科", "機関区分": 3, "都道府県コード": 43, "市区町村コード": 404, "所在地": "熊本県菊池郡菊陽町武蔵ヶ丘北１ー１０ー３９", "緯度": 32.860915, "経度": 130.766901, "url": "https://www.iryou.teikyouseido.mhlw.go.jp/znk-web/juminkanja/S2430/initialize?prefCd=43&kikanCd=343550963&kikanKbn=3", "url2": "https://www.xn--08jmwc4176ehbs.com/", "内容": "たけした歯科【3:歯科】熊本県菊池郡菊陽町武蔵ヶ丘北１ー１０ー３９" }, "geometry": { "type": "Point", "coordinates": [ 130.766901, 32.860915 ] } },
{ "type": "Feature", "properties": { "ID": 433343550976, "正式名称": "大川内歯科", "機関区分": 3, "都道府県コード": 43, "市区町村コード": 208, "所在地": "熊本県山鹿市菊鹿町下内田６２７ー３", "緯度": 33.0276, "経度": 130.762547, "url": "https://www.iryou.teikyouseido.mhlw.go.jp/znk-web/juminkanja/S2430/initialize?prefCd=43&kikanCd=343550976&kikanKbn=3", "url2": "https://www.okawauchi-dc.com", "内容": "大川内歯科【3:歯科】熊本県山鹿市菊鹿町下内田６２７ー３" }, "geometry": { "type": "Point", "coordinates": [ 130.762547, 33.0276 ] } },
{ "type": "Feature", "properties": { "ID": 433343550989, "正式名称": "菊南ハーモニー歯科クリニック", "機関区分": 3, "都道府県コード": 43, "市区町村コード": 216, "所在地": "熊本県合志市須屋１９２２ー４", "緯度": 32.863343, "経度": 130.733531, "url": "https://www.iryou.teikyouseido.mhlw.go.jp/znk-web/juminkanja/S2430/initialize?prefCd=43&kikanCd=343550989&kikanKbn=3", "url2": "http://www.harmony-shika.com/", "内容": "菊南ハーモニー歯科クリニック【3:歯科】熊本県合志市須屋１９２２ー４" }, "geometry": { "type": "Point", "coordinates": [ 130.733531, 32.863343 ] } },
{ "type": "Feature", "properties": { "ID": 433343551003, "正式名称": "菊陽うえき歯科クリニック", "機関区分": 3, "都道府県コード": 43, "市区町村コード": 404, "所在地": "熊本県菊池郡菊陽町津久礼２６９９－５", "緯度": 32.863034, "経度": 130.809825, "url": "https://www.iryou.teikyouseido.mhlw.go.jp/znk-web/juminkanja/S2430/initialize?prefCd=43&kikanCd=343551003&kikanKbn=3", "url2": "www.k-ueki-dc.com", "内容": "菊陽うえき歯科クリニック【3:歯科】熊本県菊池郡菊陽町津久礼２６９９－５" }, "geometry": { "type": "Point", "coordinates": [ 130.809825, 32.863034 ] } },
{ "type": "Feature", "properties": { "ID": 433343551016, "正式名称": "徳治会歯科医院合志", "機関区分": 3, "都道府県コード": 43, "市区町村コード": 216, "所在地": "熊本県合志市野々島４７８７ー１８", "緯度": 32.906342, "経度": 130.737845, "url": "https://www.iryou.teikyouseido.mhlw.go.jp/znk-web/juminkanja/S2430/initialize?prefCd=43&kikanCd=343551016&kikanKbn=3", "url2": "http://nagano-dental.jp/", "内容": "徳治会歯科医院合志【3:歯科】熊本県合志市野々島４７８７ー１８" }, "geometry": { "type": "Point", "coordinates": [ 130.737845, 32.906342 ] } },
{ "type": "Feature", "properties": { "ID": 433343551029, "正式名称": "わたなべ歯科", "機関区分": 3, "都道府県コード": 43, "市区町村コード": 403, "所在地": "熊本県菊池郡大津町室７０１―１", "緯度": 32.879523, "経度": 130.868103, "url": "https://www.iryou.teikyouseido.mhlw.go.jp/znk-web/juminkanja/S2430/initialize?prefCd=43&kikanCd=343551029&kikanKbn=3", "url2": "http://www.ozu-watanabeshika.info/", "内容": "わたなべ歯科【3:歯科】熊本県菊池郡大津町室７０１―１" }, "geometry": { "type": "Point", "coordinates": [ 130.868103, 32.879523 ] } },
{ "type": "Feature", "properties": { "ID": 433343551032, "正式名称": "ひかり矯正歯科", "機関区分": 3, "都道府県コード": 43, "市区町村コード": 404, "所在地": "熊本県菊池郡菊陽町光の森４ー３４８０ー３", "緯度": 34.697037, "経度": 137.649362, "url": "https://www.iryou.teikyouseido.mhlw.go.jp/znk-web/juminkanja/S2430/initialize?prefCd=43&kikanCd=343551032&kikanKbn=3", "url2": null, "内容": "ひかり矯正歯科【3:歯科】熊本県菊池郡菊陽町光の森４ー３４８０ー３" }, "geometry": { "type": "Point", "coordinates": [ 137.649362, 34.697037 ] } },
{ "type": "Feature", "properties": { "ID": 433343551045, "正式名称": "ほまれ歯科クリニック", "機関区分": 3, "都道府県コード": 43, "市区町村コード": 210, "所在地": "熊本県菊池市七城町砂田１５０１ー２", "緯度": 32.970178, "経度": 130.765113, "url": "https://www.iryou.teikyouseido.mhlw.go.jp/znk-web/juminkanja/S2430/initialize?prefCd=43&kikanCd=343551045&kikanKbn=3", "url2": "https//dental.c-concierge.jp/00000237981", "内容": "ほまれ歯科クリニック【3:歯科】熊本県菊池市七城町砂田１５０１ー２" }, "geometry": { "type": "Point", "coordinates": [ 130.765113, 32.970178 ] } },
{ "type": "Feature", "properties": { "ID": 433343551058, "正式名称": "医療法人　合志アンビー歯科矯正歯科", "機関区分": 3, "都道府県コード": 43, "市区町村コード": 216, "所在地": "熊本県合志市竹迫２２９０ー１", "緯度": 32.893743, "経度": 130.800048, "url": "https://www.iryou.teikyouseido.mhlw.go.jp/znk-web/juminkanja/S2430/initialize?prefCd=43&kikanCd=343551058&kikanKbn=3", "url2": "https://koushi-anby.jp/", "内容": "医療法人　合志アンビー歯科矯正歯科【3:歯科】熊本県合志市竹迫２２９０ー１" }, "geometry": { "type": "Point", "coordinates": [ 130.800048, 32.893743 ] } },
{ "type": "Feature", "properties": { "ID": 433343551074, "正式名称": "いさかり歯科口腔クリニック", "機関区分": 3, "都道府県コード": 43, "市区町村コード": 216, "所在地": "熊本県合志市豊岡２５０５ー９", "緯度": 32.874849, "経度": 130.777151, "url": "https://www.iryou.teikyouseido.mhlw.go.jp/znk-web/juminkanja/S2430/initialize?prefCd=43&kikanCd=343551074&kikanKbn=3", "url2": null, "内容": "いさかり歯科口腔クリニック【3:歯科】熊本県合志市豊岡２５０５ー９" }, "geometry": { "type": "Point", "coordinates": [ 130.777151, 32.874849 ] } },
{ "type": "Feature", "properties": { "ID": 433343551090, "正式名称": "野田歯科口腔クリニック", "機関区分": 3, "都道府県コード": 43, "市区町村コード": 403, "所在地": "熊本県菊池郡大津町美咲野１ー２２ー２２", "緯度": 32.888862, "経度": 130.880839, "url": "https://www.iryou.teikyouseido.mhlw.go.jp/znk-web/juminkanja/S2430/initialize?prefCd=43&kikanCd=343551090&kikanKbn=3", "url2": "noda-doc.com", "内容": "野田歯科口腔クリニック【3:歯科】熊本県菊池郡大津町美咲野１ー２２ー２２" }, "geometry": { "type": "Point", "coordinates": [ 130.880839, 32.888862 ] } },
{ "type": "Feature", "properties": { "ID": 433343551104, "正式名称": "ハハ歯科医院", "機関区分": 3, "都道府県コード": 43, "市区町村コード": 403, "所在地": "熊本県菊池郡大津町新２８４ー１２", "緯度": 32.870727, "経度": 130.871517, "url": "https://www.iryou.teikyouseido.mhlw.go.jp/znk-web/juminkanja/S2430/initialize?prefCd=43&kikanCd=343551104&kikanKbn=3", "url2": null, "内容": "ハハ歯科医院【3:歯科】熊本県菊池郡大津町新２８４ー１２" }, "geometry": { "type": "Point", "coordinates": [ 130.871517, 32.870727 ] } },
{ "type": "Feature", "properties": { "ID": 433343551117, "正式名称": "いろどり歯科こども歯科クリニック", "機関区分": 3, "都道府県コード": 43, "市区町村コード": 216, "所在地": "熊本県合志市野々島５４９０ー４", "緯度": 34.843508, "経度": 134.936761, "url": "https://www.iryou.teikyouseido.mhlw.go.jp/znk-web/juminkanja/S2430/initialize?prefCd=43&kikanCd=343551117&kikanKbn=3", "url2": "https://www.irodori-kids-dc.com", "内容": "いろどり歯科こども歯科クリニック【3:歯科】熊本県合志市野々島５４９０ー４" }, "geometry": { "type": "Point", "coordinates": [ 134.936761, 34.843508 ] } },
{ "type": "Feature", "properties": { "ID": 433343551120, "正式名称": "ながた歯科", "機関区分": 3, "都道府県コード": 43, "市区町村コード": 216, "所在地": "熊本県合志市豊岡２０１２ー７４", "緯度": 32.857168, "経度": 130.734561, "url": "https://www.iryou.teikyouseido.mhlw.go.jp/znk-web/juminkanja/S2430/initialize?prefCd=43&kikanCd=343551120&kikanKbn=3", "url2": null, "内容": "ながた歯科【3:歯科】熊本県合志市豊岡２０１２ー７４" }, "geometry": { "type": "Point", "coordinates": [ 130.734561, 32.857168 ] } },
{ "type": "Feature", "properties": { "ID": 433343551133, "正式名称": "きくち総合歯科医院", "機関区分": 3, "都道府県コード": 43, "市区町村コード": 210, "所在地": "熊本県菊池市隈府４３４", "緯度": 32.986919, "経度": 130.814209, "url": "https://www.iryou.teikyouseido.mhlw.go.jp/znk-web/juminkanja/S2430/initialize?prefCd=43&kikanCd=343551133&kikanKbn=3", "url2": "https://kikuchi.kdg.or.jp/", "内容": "きくち総合歯科医院【3:歯科】熊本県菊池市隈府４３４" }, "geometry": { "type": "Point", "coordinates": [ 130.814209, 32.986919 ] } },
{ "type": "Feature", "properties": { "ID": 433343551146, "正式名称": "りの歯科矯正歯科", "機関区分": 3, "都道府県コード": 43, "市区町村コード": 404, "所在地": "熊本県菊池郡菊陽町津久礼２９５０ー１４", "緯度": 32.862601, "経度": 130.798047, "url": "https://www.iryou.teikyouseido.mhlw.go.jp/znk-web/juminkanja/S2430/initialize?prefCd=43&kikanCd=343551146&kikanKbn=3", "url2": "lino-dc.com", "内容": "りの歯科矯正歯科【3:歯科】熊本県菊池郡菊陽町津久礼２９５０ー１４" }, "geometry": { "type": "Point", "coordinates": [ 130.798047, 32.862601 ] } },
{ "type": "Feature", "properties": { "ID": 433343551159, "正式名称": "熊本フェリス総合歯科クリニック", "機関区分": 3, "都道府県コード": 43, "市区町村コード": 404, "所在地": "熊本県菊池郡菊陽町津久礼２４２０ー１１", "緯度": 34.654063, "経度": 135.000361, "url": "https://www.iryou.teikyouseido.mhlw.go.jp/znk-web/juminkanja/S2430/initialize?prefCd=43&kikanCd=343551159&kikanKbn=3", "url2": "https://feriz-dc.com", "内容": "熊本フェリス総合歯科クリニック【3:歯科】熊本県菊池郡菊陽町津久礼２４２０ー１１" }, "geometry": { "type": "Point", "coordinates": [ 135.000361, 34.654063 ] } },
{ "type": "Feature", "properties": { "ID": 433343551162, "正式名称": "田中歯科医院", "機関区分": 3, "都道府県コード": 43, "市区町村コード": 404, "所在地": "熊本県菊池郡菊陽町原水２８４９ー１", "緯度": 32.87372, "経度": 130.845252, "url": "https://www.iryou.teikyouseido.mhlw.go.jp/znk-web/juminkanja/S2430/initialize?prefCd=43&kikanCd=343551162&kikanKbn=3", "url2": null, "内容": "田中歯科医院【3:歯科】熊本県菊池郡菊陽町原水２８４９ー１" }, "geometry": { "type": "Point", "coordinates": [ 130.845252, 32.87372 ] } },
{ "type": "Feature", "properties": { "ID": 433343551175, "正式名称": "まつだ歯科クリニック", "機関区分": 3, "都道府県コード": 43, "市区町村コード": 216, "所在地": "熊本県合志市須屋２９７２－１", "緯度": 32.864522, "経度": 130.746169, "url": "https://www.iryou.teikyouseido.mhlw.go.jp/znk-web/juminkanja/S2430/initialize?prefCd=43&kikanCd=343551175&kikanKbn=3", "url2": null, "内容": "まつだ歯科クリニック【3:歯科】熊本県合志市須屋２９７２－１" }, "geometry": { "type": "Point", "coordinates": [ 130.746169, 32.864522 ] } },
{ "type": "Feature", "properties": { "ID": 433343560012, "正式名称": "宇治歯科医院", "機関区分": 3, "都道府県コード": 43, "市区町村コード": 214, "所在地": "熊本県阿蘇市一の宮町宮地２４０５ー４", "緯度": 32.938035, "経度": 131.113256, "url": "https://www.iryou.teikyouseido.mhlw.go.jp/znk-web/juminkanja/S2430/initialize?prefCd=43&kikanCd=343560012&kikanKbn=3", "url2": null, "内容": "宇治歯科医院【3:歯科】熊本県阿蘇市一の宮町宮地２４０５ー４" }, "geometry": { "type": "Point", "coordinates": [ 131.113256, 32.938035 ] } },
{ "type": "Feature", "properties": { "ID": 433343560038, "正式名称": "安光歯科医院", "機関区分": 3, "都道府県コード": 43, "市区町村コード": 214, "所在地": "熊本県阿蘇市黒川１５６３ー１", "緯度": 32.936034, "経度": 131.079345, "url": "https://www.iryou.teikyouseido.mhlw.go.jp/znk-web/juminkanja/S2430/initialize?prefCd=43&kikanCd=343560038&kikanKbn=3", "url2": null, "内容": "安光歯科医院【3:歯科】熊本県阿蘇市黒川１５６３ー１" }, "geometry": { "type": "Point", "coordinates": [ 131.079345, 32.936034 ] } },
{ "type": "Feature", "properties": { "ID": 433343560067, "正式名称": "児玉歯科医院", "機関区分": 3, "都道府県コード": 43, "市区町村コード": 424, "所在地": "熊本県阿蘇郡小国町宮原１７０１", "緯度": 33.120126, "経度": 131.068072, "url": "https://www.iryou.teikyouseido.mhlw.go.jp/znk-web/juminkanja/S2430/initialize?prefCd=43&kikanCd=343560067&kikanKbn=3", "url2": null, "内容": "児玉歯科医院【3:歯科】熊本県阿蘇郡小国町宮原１７０１" }, "geometry": { "type": "Point", "coordinates": [ 131.068072, 33.120126 ] } },
{ "type": "Feature", "properties": { "ID": 433343560142, "正式名称": "医療法人市原会市原歯科クリニック", "機関区分": 3, "都道府県コード": 43, "市区町村コード": 214, "所在地": "熊本県阿蘇市三久保５４１ー５", "緯度": 32.968953, "経度": 131.035735, "url": "https://www.iryou.teikyouseido.mhlw.go.jp/znk-web/juminkanja/S2430/initialize?prefCd=43&kikanCd=343560142&kikanKbn=3", "url2": null, "内容": "医療法人市原会市原歯科クリニック【3:歯科】熊本県阿蘇市三久保５４１ー５" }, "geometry": { "type": "Point", "coordinates": [ 131.035735, 32.968953 ] } },
{ "type": "Feature", "properties": { "ID": 433343560168, "正式名称": "田上歯科医院", "機関区分": 3, "都道府県コード": 43, "市区町村コード": 433, "所在地": "熊本県阿蘇郡南阿蘇村吉田１４４２ー１", "緯度": 32.823898, "経度": 131.080345, "url": "https://www.iryou.teikyouseido.mhlw.go.jp/znk-web/juminkanja/S2430/initialize?prefCd=43&kikanCd=343560168&kikanKbn=3", "url2": null, "内容": "田上歯科医院【3:歯科】熊本県阿蘇郡南阿蘇村吉田１４４２ー１" }, "geometry": { "type": "Point", "coordinates": [ 131.080345, 32.823898 ] } },
{ "type": "Feature", "properties": { "ID": 433343560214, "正式名称": "武藤歯科医院", "機関区分": 3, "都道府県コード": 43, "市区町村コード": 214, "所在地": "熊本県阿蘇市内牧１０４９ー１１", "緯度": 32.966949, "経度": 131.054003, "url": "https://www.iryou.teikyouseido.mhlw.go.jp/znk-web/juminkanja/S2430/initialize?prefCd=43&kikanCd=343560214&kikanKbn=3", "url2": null, "内容": "武藤歯科医院【3:歯科】熊本県阿蘇市内牧１０４９ー１１" }, "geometry": { "type": "Point", "coordinates": [ 131.054003, 32.966949 ] } },
{ "type": "Feature", "properties": { "ID": 433343560230, "正式名称": "桑田歯科医院", "機関区分": 3, "都道府県コード": 43, "市区町村コード": 432, "所在地": "熊本県阿蘇郡西原村小森３６２９ー３", "緯度": 32.841264, "経度": 130.913859, "url": "https://www.iryou.teikyouseido.mhlw.go.jp/znk-web/juminkanja/S2430/initialize?prefCd=43&kikanCd=343560230&kikanKbn=3", "url2": null, "内容": "桑田歯科医院【3:歯科】熊本県阿蘇郡西原村小森３６２９ー３" }, "geometry": { "type": "Point", "coordinates": [ 130.913859, 32.841264 ] } },
{ "type": "Feature", "properties": { "ID": 433343560256, "正式名称": "佐藤歯科クリニック", "機関区分": 3, "都道府県コード": 43, "市区町村コード": 214, "所在地": "熊本県阿蘇市一の宮町宮地２１２ー１", "緯度": 32.952334, "経度": 131.11948, "url": "https://www.iryou.teikyouseido.mhlw.go.jp/znk-web/juminkanja/S2430/initialize?prefCd=43&kikanCd=343560256&kikanKbn=3", "url2": "http://www.esuesukai-sato-dental.com/", "内容": "佐藤歯科クリニック【3:歯科】熊本県阿蘇市一の宮町宮地２１２ー１" }, "geometry": { "type": "Point", "coordinates": [ 131.11948, 32.952334 ] } },
{ "type": "Feature", "properties": { "ID": 433343560298, "正式名称": "たかもり歯科医院", "機関区分": 3, "都道府県コード": 43, "市区町村コード": 214, "所在地": "熊本県阿蘇市一の宮町宮地１９６３ー５", "緯度": 32.945515, "経度": 131.117528, "url": "https://www.iryou.teikyouseido.mhlw.go.jp/znk-web/juminkanja/S2430/initialize?prefCd=43&kikanCd=343560298&kikanKbn=3", "url2": "takamori-dentalclinic.net", "内容": "たかもり歯科医院【3:歯科】熊本県阿蘇市一の宮町宮地１９６３ー５" }, "geometry": { "type": "Point", "coordinates": [ 131.117528, 32.945515 ] } },
{ "type": "Feature", "properties": { "ID": 433343560331, "正式名称": "あい歯科クリニック", "機関区分": 3, "都道府県コード": 43, "市区町村コード": 433, "所在地": "熊本県阿蘇郡南阿蘇村下野１５８ー４８", "緯度": 32.900668, "経度": 130.988562, "url": "https://www.iryou.teikyouseido.mhlw.go.jp/znk-web/juminkanja/S2430/initialize?prefCd=43&kikanCd=343560331&kikanKbn=3", "url2": null, "内容": "あい歯科クリニック【3:歯科】熊本県阿蘇郡南阿蘇村下野１５８ー４８" }, "geometry": { "type": "Point", "coordinates": [ 130.988562, 32.900668 ] } },
{ "type": "Feature", "properties": { "ID": 433343560360, "正式名称": "とらたに歯科", "機関区分": 3, "都道府県コード": 43, "市区町村コード": 424, "所在地": "熊本県阿蘇郡小国町宮原１７７４ー１", "緯度": 33.122801, "経度": 131.063289, "url": "https://www.iryou.teikyouseido.mhlw.go.jp/znk-web/juminkanja/S2430/initialize?prefCd=43&kikanCd=343560360&kikanKbn=3", "url2": null, "内容": "とらたに歯科【3:歯科】熊本県阿蘇郡小国町宮原１７７４ー１" }, "geometry": { "type": "Point", "coordinates": [ 131.063289, 33.122801 ] } },
{ "type": "Feature", "properties": { "ID": 433343560373, "正式名称": "そのだ歯科医院", "機関区分": 3, "都道府県コード": 43, "市区町村コード": 214, "所在地": "熊本県阿蘇市内牧１０７６ー１３", "緯度": 32.969568, "経度": 131.047231, "url": "https://www.iryou.teikyouseido.mhlw.go.jp/znk-web/juminkanja/S2430/initialize?prefCd=43&kikanCd=343560373&kikanKbn=3", "url2": null, "内容": "そのだ歯科医院【3:歯科】熊本県阿蘇市内牧１０７６ー１３" }, "geometry": { "type": "Point", "coordinates": [ 131.047231, 32.969568 ] } },
{ "type": "Feature", "properties": { "ID": 433343560399, "正式名称": "赤尾歯科クリニック", "機関区分": 3, "都道府県コード": 43, "市区町村コード": 432, "所在地": "熊本県阿蘇郡西原村小森３５９８ー１", "緯度": 32.838188, "経度": 130.888939, "url": "https://www.iryou.teikyouseido.mhlw.go.jp/znk-web/juminkanja/S2430/initialize?prefCd=43&kikanCd=343560399&kikanKbn=3", "url2": null, "内容": "赤尾歯科クリニック【3:歯科】熊本県阿蘇郡西原村小森３５９８ー１" }, "geometry": { "type": "Point", "coordinates": [ 130.888939, 32.838188 ] } },
{ "type": "Feature", "properties": { "ID": 433343560461, "正式名称": "みもり歯科医院", "機関区分": 3, "都道府県コード": 43, "市区町村コード": 428, "所在地": "熊本県阿蘇郡高森町高森１９７３ー３", "緯度": 32.824545, "経度": 131.122191, "url": "https://www.iryou.teikyouseido.mhlw.go.jp/znk-web/juminkanja/S2430/initialize?prefCd=43&kikanCd=343560461&kikanKbn=3", "url2": null, "内容": "みもり歯科医院【3:歯科】熊本県阿蘇郡高森町高森１９７３ー３" }, "geometry": { "type": "Point", "coordinates": [ 131.122191, 32.824545 ] } },
{ "type": "Feature", "properties": { "ID": 433343560474, "正式名称": "ピュアデンタルクリニック南阿蘇歯科診療所", "機関区分": 3, "都道府県コード": 43, "市区町村コード": 433, "所在地": "熊本県阿蘇郡南阿蘇村河陰３７９０−１", "緯度": 32.84237, "経度": 131.0033, "url": "https://www.iryou.teikyouseido.mhlw.go.jp/znk-web/juminkanja/S2430/initialize?prefCd=43&kikanCd=343560474&kikanKbn=3", "url2": "https://www.pure-minamiaso.jp/", "内容": "ピュアデンタルクリニック南阿蘇歯科診療所【3:歯科】熊本県阿蘇郡南阿蘇村河陰３７９０−１" }, "geometry": { "type": "Point", "coordinates": [ 131.0033, 32.84237 ] } },
{ "type": "Feature", "properties": { "ID": 433343560533, "正式名称": "片山歯科医院", "機関区分": 3, "都道府県コード": 43, "市区町村コード": 428, "所在地": "熊本県阿蘇郡高森町高森１９４３ー１", "緯度": 32.820718, "経度": 131.123288, "url": "https://www.iryou.teikyouseido.mhlw.go.jp/znk-web/juminkanja/S2430/initialize?prefCd=43&kikanCd=343560533&kikanKbn=3", "url2": "http://www.kayayama-dc.com/", "内容": "片山歯科医院【3:歯科】熊本県阿蘇郡高森町高森１９４３ー１" }, "geometry": { "type": "Point", "coordinates": [ 131.123288, 32.820718 ] } },
{ "type": "Feature", "properties": { "ID": 433343560546, "正式名称": "きよら歯科医院", "機関区分": 3, "都道府県コード": 43, "市区町村コード": 423, "所在地": "熊本県阿蘇郡南小国町赤馬場１４４ー１", "緯度": 33.098403, "経度": 131.071728, "url": "https://www.iryou.teikyouseido.mhlw.go.jp/znk-web/juminkanja/S2430/initialize?prefCd=43&kikanCd=343560546&kikanKbn=3", "url2": "http://kiyora-dc.com", "内容": "きよら歯科医院【3:歯科】熊本県阿蘇郡南小国町赤馬場１４４ー１" }, "geometry": { "type": "Point", "coordinates": [ 131.071728, 33.098403 ] } },
{ "type": "Feature", "properties": { "ID": 433343560559, "正式名称": "阿蘇きずな歯科医院", "機関区分": 3, "都道府県コード": 43, "市区町村コード": 214, "所在地": "熊本県阿蘇市一の宮町宮地３４７２ー１", "緯度": 32.94595, "経度": 131.116596, "url": "https://www.iryou.teikyouseido.mhlw.go.jp/znk-web/juminkanja/S2430/initialize?prefCd=43&kikanCd=343560559&kikanKbn=3", "url2": null, "内容": "阿蘇きずな歯科医院【3:歯科】熊本県阿蘇市一の宮町宮地３４７２ー１" }, "geometry": { "type": "Point", "coordinates": [ 131.116596, 32.94595 ] } },
{ "type": "Feature", "properties": { "ID": 433343560562, "正式名称": "脇デンタルクリニック", "機関区分": 3, "都道府県コード": 43, "市区町村コード": 214, "所在地": "熊本県阿蘇市内牧西中無田１６７１ー１６", "緯度": 35.085644, "経度": 137.190795, "url": "https://www.iryou.teikyouseido.mhlw.go.jp/znk-web/juminkanja/S2430/initialize?prefCd=43&kikanCd=343560562&kikanKbn=3", "url2": "https://www.waki-dc.com", "内容": "脇デンタルクリニック【3:歯科】熊本県阿蘇市内牧西中無田１６７１ー１６" }, "geometry": { "type": "Point", "coordinates": [ 137.190795, 35.085644 ] } },
{ "type": "Feature", "properties": { "ID": 433343570028, "正式名称": "かんべ歯科クリニック", "機関区分": 3, "都道府県コード": 43, "市区町村コード": 441, "所在地": "熊本県上益城郡御船町御船９３７ー２", "緯度": 32.712405, "経度": 130.798042, "url": "https://www.iryou.teikyouseido.mhlw.go.jp/znk-web/juminkanja/S2430/initialize?prefCd=43&kikanCd=343570028&kikanKbn=3", "url2": null, "内容": "かんべ歯科クリニック【3:歯科】熊本県上益城郡御船町御船９３７ー２" }, "geometry": { "type": "Point", "coordinates": [ 130.798042, 32.712405 ] } },
{ "type": "Feature", "properties": { "ID": 433343570086, "正式名称": "やけいし歯科", "機関区分": 3, "都道府県コード": 43, "市区町村コード": 443, "所在地": "熊本県上益城郡益城町福富７０４", "緯度": 32.780806, "経度": 130.794942, "url": "https://www.iryou.teikyouseido.mhlw.go.jp/znk-web/juminkanja/S2430/initialize?prefCd=43&kikanCd=343570086&kikanKbn=3", "url2": null, "内容": "やけいし歯科【3:歯科】熊本県上益城郡益城町福富７０４" }, "geometry": { "type": "Point", "coordinates": [ 130.794942, 32.780806 ] } },
{ "type": "Feature", "properties": { "ID": 433343570129, "正式名称": "豊田歯科医院", "機関区分": 3, "都道府県コード": 43, "市区町村コード": 447, "所在地": "熊本県上益城郡山都町城原１５９ー６ー３", "緯度": 32.685647, "経度": 130.99083, "url": "https://www.iryou.teikyouseido.mhlw.go.jp/znk-web/juminkanja/S2430/initialize?prefCd=43&kikanCd=343570129&kikanKbn=3", "url2": null, "内容": "豊田歯科医院【3:歯科】熊本県上益城郡山都町城原１５９ー６ー３" }, "geometry": { "type": "Point", "coordinates": [ 130.99083, 32.685647 ] } },
{ "type": "Feature", "properties": { "ID": 433343570187, "正式名称": "清村歯科医院", "機関区分": 3, "都道府県コード": 43, "市区町村コード": 444, "所在地": "熊本県上益城郡甲佐町横田２２４ー１", "緯度": 32.656618, "経度": 130.808957, "url": "https://www.iryou.teikyouseido.mhlw.go.jp/znk-web/juminkanja/S2430/initialize?prefCd=43&kikanCd=343570187&kikanKbn=3", "url2": null, "内容": "清村歯科医院【3:歯科】熊本県上益城郡甲佐町横田２２４ー１" }, "geometry": { "type": "Point", "coordinates": [ 130.808957, 32.656618 ] } },
{ "type": "Feature", "properties": { "ID": 433343570190, "正式名称": "入江歯科医院", "機関区分": 3, "都道府県コード": 43, "市区町村コード": 441, "所在地": "熊本県上益城郡御船町辺田見３６６ー１", "緯度": 32.710055, "経度": 130.801414, "url": "https://www.iryou.teikyouseido.mhlw.go.jp/znk-web/juminkanja/S2430/initialize?prefCd=43&kikanCd=343570190&kikanKbn=3", "url2": null, "内容": "入江歯科医院【3:歯科】熊本県上益城郡御船町辺田見３６６ー１" }, "geometry": { "type": "Point", "coordinates": [ 130.801414, 32.710055 ] } },
{ "type": "Feature", "properties": { "ID": 433343570217, "正式名称": "玉置歯科医院", "機関区分": 3, "都道府県コード": 43, "市区町村コード": 442, "所在地": "熊本県上益城郡嘉島町鯰２７１５ー１", "緯度": 32.743726, "経度": 130.741746, "url": "https://www.iryou.teikyouseido.mhlw.go.jp/znk-web/juminkanja/S2430/initialize?prefCd=43&kikanCd=343570217&kikanKbn=3", "url2": null, "内容": "玉置歯科医院【3:歯科】熊本県上益城郡嘉島町鯰２７１５ー１" }, "geometry": { "type": "Point", "coordinates": [ 130.741746, 32.743726 ] } },
{ "type": "Feature", "properties": { "ID": 433343570220, "正式名称": "浜町歯科医院", "機関区分": 3, "都道府県コード": 43, "市区町村コード": 447, "所在地": "熊本県上益城郡山都町浜町１０４", "緯度": 32.682695, "経度": 130.989542, "url": "https://www.iryou.teikyouseido.mhlw.go.jp/znk-web/juminkanja/S2430/initialize?prefCd=43&kikanCd=343570220&kikanKbn=3", "url2": "http://hamamachi.com/", "内容": "浜町歯科医院【3:歯科】熊本県上益城郡山都町浜町１０４" }, "geometry": { "type": "Point", "coordinates": [ 130.989542, 32.682695 ] } },
{ "type": "Feature", "properties": { "ID": 433343570259, "正式名称": "ひがし歯科医院", "機関区分": 3, "都道府県コード": 43, "市区町村コード": 442, "所在地": "熊本県上益城郡嘉島町下六嘉１８７８ー３", "緯度": 32.761218, "経度": 130.760642, "url": "https://www.iryou.teikyouseido.mhlw.go.jp/znk-web/juminkanja/S2430/initialize?prefCd=43&kikanCd=343570259&kikanKbn=3", "url2": "https://www.higashishika.com", "内容": "ひがし歯科医院【3:歯科】熊本県上益城郡嘉島町下六嘉１８７８ー３" }, "geometry": { "type": "Point", "coordinates": [ 130.760642, 32.761218 ] } },
{ "type": "Feature", "properties": { "ID": 433343570288, "正式名称": "いわた歯科医院", "機関区分": 3, "都道府県コード": 43, "市区町村コード": 443, "所在地": "熊本県上益城郡益城町惣領１４８５ー２", "緯度": 32.784811, "経度": 130.803111, "url": "https://www.iryou.teikyouseido.mhlw.go.jp/znk-web/juminkanja/S2430/initialize?prefCd=43&kikanCd=343570288&kikanKbn=3", "url2": "http://iwata.dentdb.com/", "内容": "いわた歯科医院【3:歯科】熊本県上益城郡益城町惣領１４８５ー２" }, "geometry": { "type": "Point", "coordinates": [ 130.803111, 32.784811 ] } },
{ "type": "Feature", "properties": { "ID": 433343570305, "正式名称": "さとう歯科クリニック", "機関区分": 3, "都道府県コード": 43, "市区町村コード": 444, "所在地": "熊本県上益城郡甲佐町大町４１５ー７", "緯度": 32.659576, "経度": 130.807474, "url": "https://www.iryou.teikyouseido.mhlw.go.jp/znk-web/juminkanja/S2430/initialize?prefCd=43&kikanCd=343570305&kikanKbn=3", "url2": null, "内容": "さとう歯科クリニック【3:歯科】熊本県上益城郡甲佐町大町４１５ー７" }, "geometry": { "type": "Point", "coordinates": [ 130.807474, 32.659576 ] } },
{ "type": "Feature", "properties": { "ID": 433343570334, "正式名称": "共愛歯科医院", "機関区分": 3, "都道府県コード": 43, "市区町村コード": 443, "所在地": "熊本県上益城郡益城町安永７２２ー４", "緯度": 32.788566, "経度": 130.813152, "url": "https://www.iryou.teikyouseido.mhlw.go.jp/znk-web/juminkanja/S2430/initialize?prefCd=43&kikanCd=343570334&kikanKbn=3", "url2": "http://www.kyoai-dental.com/", "内容": "共愛歯科医院【3:歯科】熊本県上益城郡益城町安永７２２ー４" }, "geometry": { "type": "Point", "coordinates": [ 130.813152, 32.788566 ] } },
{ "type": "Feature", "properties": { "ID": 433343570406, "正式名称": "ありむら歯科医院", "機関区分": 3, "都道府県コード": 43, "市区町村コード": 442, "所在地": "熊本県上益城郡嘉島町鯰１８３６ー２", "緯度": 32.747706, "経度": 130.739082, "url": "https://www.iryou.teikyouseido.mhlw.go.jp/znk-web/juminkanja/S2430/initialize?prefCd=43&kikanCd=343570406&kikanKbn=3", "url2": "http://arimurashika.web.fc2.com/", "内容": "ありむら歯科医院【3:歯科】熊本県上益城郡嘉島町鯰１８３６ー２" }, "geometry": { "type": "Point", "coordinates": [ 130.739082, 32.747706 ] } },
{ "type": "Feature", "properties": { "ID": 433343570422, "正式名称": "ファミリー歯科クリニック", "機関区分": 3, "都道府県コード": 43, "市区町村コード": 442, "所在地": "熊本県上益城郡嘉島町上島２２３２イオンモール熊本１Ｆ", "緯度": 32.73746, "経度": 130.745474, "url": "https://www.iryou.teikyouseido.mhlw.go.jp/znk-web/juminkanja/S2430/initialize?prefCd=43&kikanCd=343570422&kikanKbn=3", "url2": "http://www.familyshika.jp/index_pc.html", "内容": "ファミリー歯科クリニック【3:歯科】熊本県上益城郡嘉島町上島２２３２イオンモール熊本１Ｆ" }, "geometry": { "type": "Point", "coordinates": [ 130.745474, 32.73746 ] } },
{ "type": "Feature", "properties": { "ID": 433343570435, "正式名称": "せいわ歯科クリニック", "機関区分": 3, "都道府県コード": 43, "市区町村コード": 447, "所在地": "熊本県上益城郡山都町大平１８５", "緯度": 32.690501, "経度": 131.088947, "url": "https://www.iryou.teikyouseido.mhlw.go.jp/znk-web/juminkanja/S2430/initialize?prefCd=43&kikanCd=343570435&kikanKbn=3", "url2": null, "内容": "せいわ歯科クリニック【3:歯科】熊本県上益城郡山都町大平１８５" }, "geometry": { "type": "Point", "coordinates": [ 131.088947, 32.690501 ] } },
{ "type": "Feature", "properties": { "ID": 433343570464, "正式名称": "内野玲歯科", "機関区分": 3, "都道府県コード": 43, "市区町村コード": 443, "所在地": "熊本県上益城郡益城町宮園５３５？７", "緯度": 32.789033, "経度": 130.815262, "url": "https://www.iryou.teikyouseido.mhlw.go.jp/znk-web/juminkanja/S2430/initialize?prefCd=43&kikanCd=343570464&kikanKbn=3", "url2": "http://www.uchinorei-shika.com/", "内容": "内野玲歯科【3:歯科】熊本県上益城郡益城町宮園５３５？７" }, "geometry": { "type": "Point", "coordinates": [ 130.815262, 32.789033 ] } },
{ "type": "Feature", "properties": { "ID": 433343570493, "正式名称": "どうのうえ歯科クリニック", "機関区分": 3, "都道府県コード": 43, "市区町村コード": 447, "所在地": "熊本県上益城郡山都町浜町１８６ー５", "緯度": 32.684805, "経度": 130.985602, "url": "https://www.iryou.teikyouseido.mhlw.go.jp/znk-web/juminkanja/S2430/initialize?prefCd=43&kikanCd=343570493&kikanKbn=3", "url2": null, "内容": "どうのうえ歯科クリニック【3:歯科】熊本県上益城郡山都町浜町１８６ー５" }, "geometry": { "type": "Point", "coordinates": [ 130.985602, 32.684805 ] } },
{ "type": "Feature", "properties": { "ID": 433343570510, "正式名称": "りんご歯科なるせ", "機関区分": 3, "都道府県コード": 43, "市区町村コード": 444, "所在地": "熊本県上益城郡甲佐町岩下６５ー１", "緯度": 32.65303, "経度": 130.81046, "url": "https://www.iryou.teikyouseido.mhlw.go.jp/znk-web/juminkanja/S2430/initialize?prefCd=43&kikanCd=343570510&kikanKbn=3", "url2": null, "内容": "りんご歯科なるせ【3:歯科】熊本県上益城郡甲佐町岩下６５ー１" }, "geometry": { "type": "Point", "coordinates": [ 130.81046, 32.65303 ] } },
{ "type": "Feature", "properties": { "ID": 433343570523, "正式名称": "クドウ歯科医院", "機関区分": 3, "都道府県コード": 43, "市区町村コード": 442, "所在地": "熊本県上益城郡嘉島町鯰１８０８ー２", "緯度": 32.746511, "経度": 130.740794, "url": "https://www.iryou.teikyouseido.mhlw.go.jp/znk-web/juminkanja/S2430/initialize?prefCd=43&kikanCd=343570523&kikanKbn=3", "url2": "http://plus.deutamap.jp/hpplns/user/kudondc1157/", "内容": "クドウ歯科医院【3:歯科】熊本県上益城郡嘉島町鯰１８０８ー２" }, "geometry": { "type": "Point", "coordinates": [ 130.740794, 32.746511 ] } },
{ "type": "Feature", "properties": { "ID": 433343570536, "正式名称": "うえだＦＡＭＩＬＹ歯科", "機関区分": 3, "都道府県コード": 43, "市区町村コード": 441, "所在地": "熊本県上益城郡御船町木倉１３６９ー２", "緯度": 32.714669, "経度": 130.808241, "url": "https://www.iryou.teikyouseido.mhlw.go.jp/znk-web/juminkanja/S2430/initialize?prefCd=43&kikanCd=343570536&kikanKbn=3", "url2": null, "内容": "うえだＦＡＭＩＬＹ歯科【3:歯科】熊本県上益城郡御船町木倉１３６９ー２" }, "geometry": { "type": "Point", "coordinates": [ 130.808241, 32.714669 ] } },
{ "type": "Feature", "properties": { "ID": 433343570549, "正式名称": "医療法人　顕美会", "機関区分": 3, "都道府県コード": 43, "市区町村コード": 442, "所在地": "熊本県上益城郡嘉島町上島２１８７ー１１", "緯度": 32.741915, "経度": 130.746065, "url": "https://www.iryou.teikyouseido.mhlw.go.jp/znk-web/juminkanja/S2430/initialize?prefCd=43&kikanCd=343570549&kikanKbn=3", "url2": "http://www.ikko-dc.com", "内容": "医療法人　顕美会【3:歯科】熊本県上益城郡嘉島町上島２１８７ー１１" }, "geometry": { "type": "Point", "coordinates": [ 130.746065, 32.741915 ] } },
{ "type": "Feature", "properties": { "ID": 433343570552, "正式名称": "医療法人社団　野田歯科医院", "機関区分": 3, "都道府県コード": 43, "市区町村コード": 447, "所在地": "熊本県上益城郡山都町浜町５７ー１", "緯度": 32.684991, "経度": 130.987691, "url": "https://www.iryou.teikyouseido.mhlw.go.jp/znk-web/juminkanja/S2430/initialize?prefCd=43&kikanCd=343570552&kikanKbn=3", "url2": null, "内容": "医療法人社団　野田歯科医院【3:歯科】熊本県上益城郡山都町浜町５７ー１" }, "geometry": { "type": "Point", "coordinates": [ 130.987691, 32.684991 ] } },
{ "type": "Feature", "properties": { "ID": 433343570565, "正式名称": "みやもと歯科", "機関区分": 3, "都道府県コード": 43, "市区町村コード": 443, "所在地": "熊本県上益城郡益城町寺迫１０１２ー１", "緯度": 32.790228, "経度": 130.824659, "url": "https://www.iryou.teikyouseido.mhlw.go.jp/znk-web/juminkanja/S2430/initialize?prefCd=43&kikanCd=343570565&kikanKbn=3", "url2": "http://miyamotodc.com/", "内容": "みやもと歯科【3:歯科】熊本県上益城郡益城町寺迫１０１２ー１" }, "geometry": { "type": "Point", "coordinates": [ 130.824659, 32.790228 ] } },
{ "type": "Feature", "properties": { "ID": 433343570578, "正式名称": "おおた歯科クリニック", "機関区分": 3, "都道府県コード": 43, "市区町村コード": 441, "所在地": "熊本県上益城郡御船町木倉１６６番地１", "緯度": 32.710078, "経度": 130.803351, "url": "https://www.iryou.teikyouseido.mhlw.go.jp/znk-web/juminkanja/S2430/initialize?prefCd=43&kikanCd=343570578&kikanKbn=3", "url2": "otashika.com", "内容": "おおた歯科クリニック【3:歯科】熊本県上益城郡御船町木倉１６６番地１" }, "geometry": { "type": "Point", "coordinates": [ 130.803351, 32.710078 ] } },
{ "type": "Feature", "properties": { "ID": 433343570594, "正式名称": "寺﨑歯科クリニック", "機関区分": 3, "都道府県コード": 43, "市区町村コード": 443, "所在地": "熊本県上益城郡益城町惣領１６７３ー１", "緯度": 32.78472, "経度": 130.802458, "url": "https://www.iryou.teikyouseido.mhlw.go.jp/znk-web/juminkanja/S2430/initialize?prefCd=43&kikanCd=343570594&kikanKbn=3", "url2": "http://www.terasaki-dc.com/", "内容": "寺﨑歯科クリニック【3:歯科】熊本県上益城郡益城町惣領１６７３ー１" }, "geometry": { "type": "Point", "coordinates": [ 130.802458, 32.78472 ] } },
{ "type": "Feature", "properties": { "ID": 433343570608, "正式名称": "江藤歯科医院", "機関区分": 3, "都道府県コード": 43, "市区町村コード": 441, "所在地": "熊本県上益城郡御船町御船１０２９ー１", "緯度": 32.71351, "経度": 130.800928, "url": "https://www.iryou.teikyouseido.mhlw.go.jp/znk-web/juminkanja/S2430/initialize?prefCd=43&kikanCd=343570608&kikanKbn=3", "url2": "https://www.etoshika.com", "内容": "江藤歯科医院【3:歯科】熊本県上益城郡御船町御船１０２９ー１" }, "geometry": { "type": "Point", "coordinates": [ 130.800928, 32.71351 ] } },
{ "type": "Feature", "properties": { "ID": 433343570611, "正式名称": "ＪＵＮ歯科クリニック", "機関区分": 3, "都道府県コード": 43, "市区町村コード": 443, "所在地": "熊本県上益城郡益城町宮園７６４ー１０", "緯度": 32.782366, "経度": 130.79433, "url": "https://www.iryou.teikyouseido.mhlw.go.jp/znk-web/juminkanja/S2430/initialize?prefCd=43&kikanCd=343570611&kikanKbn=3", "url2": "https://www.jundental.jp", "内容": "ＪＵＮ歯科クリニック【3:歯科】熊本県上益城郡益城町宮園７６４ー１０" }, "geometry": { "type": "Point", "coordinates": [ 130.79433, 32.782366 ] } },
{ "type": "Feature", "properties": { "ID": 433343570666, "正式名称": "村上歯科医院", "機関区分": 3, "都道府県コード": 43, "市区町村コード": 211, "所在地": "熊本県宇土市栄町１６２", "緯度": 32.68596, "経度": 130.655438, "url": "https://www.iryou.teikyouseido.mhlw.go.jp/znk-web/juminkanja/S2430/initialize?prefCd=43&kikanCd=343570666&kikanKbn=3", "url2": null, "内容": "村上歯科医院【3:歯科】熊本県宇土市栄町１６２" }, "geometry": { "type": "Point", "coordinates": [ 130.655438, 32.68596 ] } },
{ "type": "Feature", "properties": { "ID": 433343580050, "正式名称": "緒方歯科医院", "機関区分": 3, "都道府県コード": 43, "市区町村コード": 213, "所在地": "熊本県宇城市松橋町松橋９８０", "緯度": 32.65153, "経度": 130.675035, "url": "https://www.iryou.teikyouseido.mhlw.go.jp/znk-web/juminkanja/S2430/initialize?prefCd=43&kikanCd=343580050&kikanKbn=3", "url2": null, "内容": "緒方歯科医院【3:歯科】熊本県宇城市松橋町松橋９８０" }, "geometry": { "type": "Point", "coordinates": [ 130.675035, 32.65153 ] } },
{ "type": "Feature", "properties": { "ID": 433343580063, "正式名称": "河野歯科医院", "機関区分": 3, "都道府県コード": 43, "市区町村コード": 213, "所在地": "熊本県宇城市松橋町松橋５７４", "緯度": 32.651194, "経度": 130.678491, "url": "https://www.iryou.teikyouseido.mhlw.go.jp/znk-web/juminkanja/S2430/initialize?prefCd=43&kikanCd=343580063&kikanKbn=3", "url2": null, "内容": "河野歯科医院【3:歯科】熊本県宇城市松橋町松橋５７４" }, "geometry": { "type": "Point", "coordinates": [ 130.678491, 32.651194 ] } },
{ "type": "Feature", "properties": { "ID": 433343580092, "正式名称": "西山歯科医院", "機関区分": 3, "都道府県コード": 43, "市区町村コード": 213, "所在地": "熊本県宇城市小川町江頭１２０", "緯度": 32.591483, "経度": 130.704131, "url": "https://www.iryou.teikyouseido.mhlw.go.jp/znk-web/juminkanja/S2430/initialize?prefCd=43&kikanCd=343580092&kikanKbn=3", "url2": null, "内容": "西山歯科医院【3:歯科】熊本県宇城市小川町江頭１２０" }, "geometry": { "type": "Point", "coordinates": [ 130.704131, 32.591483 ] } },
{ "type": "Feature", "properties": { "ID": 433343580151, "正式名称": "港町ひさがい歯科", "機関区分": 3, "都道府県コード": 43, "市区町村コード": 202, "所在地": "熊本県八代市港町５", "緯度": 32.509489, "経度": 130.577962, "url": "https://www.iryou.teikyouseido.mhlw.go.jp/znk-web/juminkanja/S2430/initialize?prefCd=43&kikanCd=343580151&kikanKbn=3", "url2": "http://www.minatomachi-hisagoi-dc.com", "内容": "港町ひさがい歯科【3:歯科】熊本県八代市港町５" }, "geometry": { "type": "Point", "coordinates": [ 130.577962, 32.509489 ] } },
{ "type": "Feature", "properties": { "ID": 433343580177, "正式名称": "にしやま歯科クリニック", "機関区分": 3, "都道府県コード": 43, "市区町村コード": 104, "所在地": "熊本県熊本市南区城南町宮地５３０ー３", "緯度": 32.712792, "経度": 130.730137, "url": "https://www.iryou.teikyouseido.mhlw.go.jp/znk-web/juminkanja/S2430/initialize?prefCd=43&kikanCd=343580177&kikanKbn=3", "url2": null, "内容": "にしやま歯科クリニック【3:歯科】熊本県熊本市南区城南町宮地５３０ー３" }, "geometry": { "type": "Point", "coordinates": [ 130.730137, 32.712792 ] } },
{ "type": "Feature", "properties": { "ID": 433343580193, "正式名称": "大久保歯科クリニック", "機関区分": 3, "都道府県コード": 43, "市区町村コード": 213, "所在地": "熊本県宇城市松橋町豊福１５９４ー４", "緯度": 32.634376, "経度": 130.70109, "url": "https://www.iryou.teikyouseido.mhlw.go.jp/znk-web/juminkanja/S2430/initialize?prefCd=43&kikanCd=343580193&kikanKbn=3", "url2": null, "内容": "大久保歯科クリニック【3:歯科】熊本県宇城市松橋町豊福１５９４ー４" }, "geometry": { "type": "Point", "coordinates": [ 130.70109, 32.634376 ] } },
{ "type": "Feature", "properties": { "ID": 433343580210, "正式名称": "河合歯科医院", "機関区分": 3, "都道府県コード": 43, "市区町村コード": 213, "所在地": "熊本県宇城市松橋町南豊崎４８４ー１", "緯度": 32.621466, "経度": 130.679011, "url": "https://www.iryou.teikyouseido.mhlw.go.jp/znk-web/juminkanja/S2430/initialize?prefCd=43&kikanCd=343580210&kikanKbn=3", "url2": null, "内容": "河合歯科医院【3:歯科】熊本県宇城市松橋町南豊崎４８４ー１" }, "geometry": { "type": "Point", "coordinates": [ 130.679011, 32.621466 ] } },
{ "type": "Feature", "properties": { "ID": 433343580223, "正式名称": "河野歯科医院", "機関区分": 3, "都道府県コード": 43, "市区町村コード": 104, "所在地": "熊本県熊本市南区城南町坂野２６５", "緯度": 32.725738, "経度": 130.738681, "url": "https://www.iryou.teikyouseido.mhlw.go.jp/znk-web/juminkanja/S2430/initialize?prefCd=43&kikanCd=343580223&kikanKbn=3", "url2": "http://www.kawano-shika.or.jp/", "内容": "河野歯科医院【3:歯科】熊本県熊本市南区城南町坂野２６５" }, "geometry": { "type": "Point", "coordinates": [ 130.738681, 32.725738 ] } },
{ "type": "Feature", "properties": { "ID": 433343580236, "正式名称": "山﨑歯科医院", "機関区分": 3, "都道府県コード": 43, "市区町村コード": 213, "所在地": "熊本県宇城市小川町南新田４３８ー２", "緯度": 32.598794, "経度": 130.696709, "url": "https://www.iryou.teikyouseido.mhlw.go.jp/znk-web/juminkanja/S2430/initialize?prefCd=43&kikanCd=343580236&kikanKbn=3", "url2": null, "内容": "山﨑歯科医院【3:歯科】熊本県宇城市小川町南新田４３８ー２" }, "geometry": { "type": "Point", "coordinates": [ 130.696709, 32.598794 ] } },
{ "type": "Feature", "properties": { "ID": 433343580265, "正式名称": "徳治会歯科医院宇城", "機関区分": 3, "都道府県コード": 43, "市区町村コード": 213, "所在地": "熊本県宇城市松橋町浦川内８２４ー８", "緯度": 32.651197, "経度": 130.708005, "url": "https://www.iryou.teikyouseido.mhlw.go.jp/znk-web/juminkanja/S2430/initialize?prefCd=43&kikanCd=343580265&kikanKbn=3", "url2": "yoshinaga-dc.net", "内容": "徳治会歯科医院宇城【3:歯科】熊本県宇城市松橋町浦川内８２４ー８" }, "geometry": { "type": "Point", "coordinates": [ 130.708005, 32.651197 ] } },
{ "type": "Feature", "properties": { "ID": 433343580308, "正式名称": "渡辺歯科医院", "機関区分": 3, "都道府県コード": 43, "市区町村コード": 348, "所在地": "熊本県下益城郡美里町萱野２６ー１", "緯度": 32.634615, "経度": 130.802975, "url": "https://www.iryou.teikyouseido.mhlw.go.jp/znk-web/juminkanja/S2430/initialize?prefCd=43&kikanCd=343580308&kikanKbn=3", "url2": null, "内容": "渡辺歯科医院【3:歯科】熊本県下益城郡美里町萱野２６ー１" }, "geometry": { "type": "Point", "coordinates": [ 130.802975, 32.634615 ] } },
{ "type": "Feature", "properties": { "ID": 433343580337, "正式名称": "前崎歯科医院", "機関区分": 3, "都道府県コード": 43, "市区町村コード": 213, "所在地": "熊本県宇城市小川町江頭２４３", "緯度": 32.594055, "経度": 130.700907, "url": "https://www.iryou.teikyouseido.mhlw.go.jp/znk-web/juminkanja/S2430/initialize?prefCd=43&kikanCd=343580337&kikanKbn=3", "url2": null, "内容": "前崎歯科医院【3:歯科】熊本県宇城市小川町江頭２４３" }, "geometry": { "type": "Point", "coordinates": [ 130.700907, 32.594055 ] } },
{ "type": "Feature", "properties": { "ID": 433343580353, "正式名称": "本田歯科医院", "機関区分": 3, "都道府県コード": 43, "市区町村コード": 104, "所在地": "熊本県熊本市南区城南町隈庄５５３ー１", "緯度": 32.70344, "経度": 130.728539, "url": "https://www.iryou.teikyouseido.mhlw.go.jp/znk-web/juminkanja/S2430/initialize?prefCd=43&kikanCd=343580353&kikanKbn=3", "url2": "https://www.hondadentalclinic.com", "内容": "本田歯科医院【3:歯科】熊本県熊本市南区城南町隈庄５５３ー１" }, "geometry": { "type": "Point", "coordinates": [ 130.728539, 32.70344 ] } },
{ "type": "Feature", "properties": { "ID": 433343580379, "正式名称": "ながはま歯科", "機関区分": 3, "都道府県コード": 43, "市区町村コード": 213, "所在地": "熊本県宇城市松橋町曲野１３１ー１", "緯度": 32.658207, "経度": 130.689801, "url": "https://www.iryou.teikyouseido.mhlw.go.jp/znk-web/juminkanja/S2430/initialize?prefCd=43&kikanCd=343580379&kikanKbn=3", "url2": null, "内容": "ながはま歯科【3:歯科】熊本県宇城市松橋町曲野１３１ー１" }, "geometry": { "type": "Point", "coordinates": [ 130.689801, 32.658207 ] } },
{ "type": "Feature", "properties": { "ID": 433343580382, "正式名称": "宮崎歯科医院", "機関区分": 3, "都道府県コード": 43, "市区町村コード": 348, "所在地": "熊本県下益城郡美里町永富５１４", "緯度": 32.61724, "経度": 130.85765, "url": "https://www.iryou.teikyouseido.mhlw.go.jp/znk-web/juminkanja/S2430/initialize?prefCd=43&kikanCd=343580382&kikanKbn=3", "url2": null, "内容": "宮崎歯科医院【3:歯科】熊本県下益城郡美里町永富５１４" }, "geometry": { "type": "Point", "coordinates": [ 130.85765, 32.61724 ] } },
{ "type": "Feature", "properties": { "ID": 433343580409, "正式名称": "ひらのデンタルクリニック", "機関区分": 3, "都道府県コード": 43, "市区町村コード": 104, "所在地": "熊本県熊本市南区富合町新４１７ー５", "緯度": 32.710511, "経度": 130.679958, "url": "https://www.iryou.teikyouseido.mhlw.go.jp/znk-web/juminkanja/S2430/initialize?prefCd=43&kikanCd=343580409&kikanKbn=3", "url2": null, "内容": "ひらのデンタルクリニック【3:歯科】熊本県熊本市南区富合町新４１７ー５" }, "geometry": { "type": "Point", "coordinates": [ 130.679958, 32.710511 ] } },
{ "type": "Feature", "properties": { "ID": 433343580425, "正式名称": "かわせ歯科クリニック", "機関区分": 3, "都道府県コード": 43, "市区町村コード": 104, "所在地": "熊本県熊本市南区城南町阿高２６０", "緯度": 32.698896, "経度": 130.731552, "url": "https://www.iryou.teikyouseido.mhlw.go.jp/znk-web/juminkanja/S2430/initialize?prefCd=43&kikanCd=343580425&kikanKbn=3", "url2": "kawase-sika.com", "内容": "かわせ歯科クリニック【3:歯科】熊本県熊本市南区城南町阿高２６０" }, "geometry": { "type": "Point", "coordinates": [ 130.731552, 32.698896 ] } },
{ "type": "Feature", "properties": { "ID": 433343580438, "正式名称": "真田歯科医院", "機関区分": 3, "都道府県コード": 43, "市区町村コード": 213, "所在地": "熊本県宇城市小川町小川６９ー１", "緯度": 32.584696, "経度": 130.708208, "url": "https://www.iryou.teikyouseido.mhlw.go.jp/znk-web/juminkanja/S2430/initialize?prefCd=43&kikanCd=343580438&kikanKbn=3", "url2": null, "内容": "真田歯科医院【3:歯科】熊本県宇城市小川町小川６９ー１" }, "geometry": { "type": "Point", "coordinates": [ 130.708208, 32.584696 ] } },
{ "type": "Feature", "properties": { "ID": 433343580441, "正式名称": "ひがしだ歯科医院", "機関区分": 3, "都道府県コード": 43, "市区町村コード": 213, "所在地": "熊本県宇城市小川町北新田４７９ー７", "緯度": 32.601729, "経度": 130.699486, "url": "https://www.iryou.teikyouseido.mhlw.go.jp/znk-web/juminkanja/S2430/initialize?prefCd=43&kikanCd=343580441&kikanKbn=3", "url2": null, "内容": "ひがしだ歯科医院【3:歯科】熊本県宇城市小川町北新田４７９ー７" }, "geometry": { "type": "Point", "coordinates": [ 130.699486, 32.601729 ] } },
{ "type": "Feature", "properties": { "ID": 433343590037, "正式名称": "松本歯科医院", "機関区分": 3, "都道府県コード": 43, "市区町村コード": 211, "所在地": "熊本県宇土市本町５ー２", "緯度": 32.687096, "経度": 130.663216, "url": "https://www.iryou.teikyouseido.mhlw.go.jp/znk-web/juminkanja/S2430/initialize?prefCd=43&kikanCd=343590037&kikanKbn=3", "url2": null, "内容": "松本歯科医院【3:歯科】熊本県宇土市本町５ー２" }, "geometry": { "type": "Point", "coordinates": [ 130.663216, 32.687096 ] } },
{ "type": "Feature", "properties": { "ID": 433343590053, "正式名称": "森一歯科・矯正歯科医院", "機関区分": 3, "都道府県コード": 43, "市区町村コード": 211, "所在地": "熊本県宇土市城之浦町１０８ー１１", "緯度": 32.691084, "経度": 130.666869, "url": "https://www.iryou.teikyouseido.mhlw.go.jp/znk-web/juminkanja/S2430/initialize?prefCd=43&kikanCd=343590053&kikanKbn=3", "url2": "http://morihajime.com/", "内容": "森一歯科・矯正歯科医院【3:歯科】熊本県宇土市城之浦町１０８ー１１" }, "geometry": { "type": "Point", "coordinates": [ 130.666869, 32.691084 ] } },
{ "type": "Feature", "properties": { "ID": 433343590066, "正式名称": "久保田歯科医院", "機関区分": 3, "都道府県コード": 43, "市区町村コード": 211, "所在地": "熊本県宇土市南段原町３１ー１", "緯度": 32.681656, "経度": 130.662686, "url": "https://www.iryou.teikyouseido.mhlw.go.jp/znk-web/juminkanja/S2430/initialize?prefCd=43&kikanCd=343590066&kikanKbn=3", "url2": null, "内容": "久保田歯科医院【3:歯科】熊本県宇土市南段原町３１ー１" }, "geometry": { "type": "Point", "coordinates": [ 130.662686, 32.681656 ] } },
{ "type": "Feature", "properties": { "ID": 433343590079, "正式名称": "中村歯科医院", "機関区分": 3, "都道府県コード": 43, "市区町村コード": 211, "所在地": "熊本県宇土市旭町１４６", "緯度": 32.687193, "経度": 130.66469, "url": "https://www.iryou.teikyouseido.mhlw.go.jp/znk-web/juminkanja/S2430/initialize?prefCd=43&kikanCd=343590079&kikanKbn=3", "url2": null, "内容": "中村歯科医院【3:歯科】熊本県宇土市旭町１４６" }, "geometry": { "type": "Point", "coordinates": [ 130.66469, 32.687193 ] } },
{ "type": "Feature", "properties": { "ID": 433343590109, "正式名称": "立山歯科医院", "機関区分": 3, "都道府県コード": 43, "市区町村コード": 213, "所在地": "熊本県宇城市三角町波多２２８ー１", "緯度": 32.61156, "経度": 130.471849, "url": "https://www.iryou.teikyouseido.mhlw.go.jp/znk-web/juminkanja/S2430/initialize?prefCd=43&kikanCd=343590109&kikanKbn=3", "url2": null, "内容": "立山歯科医院【3:歯科】熊本県宇城市三角町波多２２８ー１" }, "geometry": { "type": "Point", "coordinates": [ 130.471849, 32.61156 ] } },
{ "type": "Feature", "properties": { "ID": 433343590154, "正式名称": "長山歯科医院", "機関区分": 3, "都道府県コード": 43, "市区町村コード": 212, "所在地": "熊本県上天草市大矢野町登立８８５３", "緯度": 32.589214, "経度": 130.430549, "url": "https://www.iryou.teikyouseido.mhlw.go.jp/znk-web/juminkanja/S2430/initialize?prefCd=43&kikanCd=343590154&kikanKbn=3", "url2": null, "内容": "長山歯科医院【3:歯科】熊本県上天草市大矢野町登立８８５３" }, "geometry": { "type": "Point", "coordinates": [ 130.430549, 32.589214 ] } },
{ "type": "Feature", "properties": { "ID": 433343590226, "正式名称": "いさみ歯科医院", "機関区分": 3, "都道府県コード": 43, "市区町村コード": 212, "所在地": "熊本県上天草市大矢野町中７７９ー１", "緯度": 32.579703, "経度": 130.428352, "url": "https://www.iryou.teikyouseido.mhlw.go.jp/znk-web/juminkanja/S2430/initialize?prefCd=43&kikanCd=343590226&kikanKbn=3", "url2": null, "内容": "いさみ歯科医院【3:歯科】熊本県上天草市大矢野町中７７９ー１" }, "geometry": { "type": "Point", "coordinates": [ 130.428352, 32.579703 ] } },
{ "type": "Feature", "properties": { "ID": 433343590239, "正式名称": "浦田歯科医院", "機関区分": 3, "都道府県コード": 43, "市区町村コード": 211, "所在地": "熊本県宇土市門内町２１ー６", "緯度": 32.683486, "経度": 130.66036, "url": "https://www.iryou.teikyouseido.mhlw.go.jp/znk-web/juminkanja/S2430/initialize?prefCd=43&kikanCd=343590239&kikanKbn=3", "url2": null, "内容": "浦田歯科医院【3:歯科】熊本県宇土市門内町２１ー６" }, "geometry": { "type": "Point", "coordinates": [ 130.66036, 32.683486 ] } },
{ "type": "Feature", "properties": { "ID": 433343590271, "正式名称": "としなが歯科・矯正歯科", "機関区分": 3, "都道府県コード": 43, "市区町村コード": 212, "所在地": "熊本県上天草市大矢野町上１５０９ー６", "緯度": 32.586983, "経度": 130.429838, "url": "https://www.iryou.teikyouseido.mhlw.go.jp/znk-web/juminkanja/S2430/initialize?prefCd=43&kikanCd=343590271&kikanKbn=3", "url2": "http://www.toshinaga.jp/", "内容": "としなが歯科・矯正歯科【3:歯科】熊本県上天草市大矢野町上１５０９ー６" }, "geometry": { "type": "Point", "coordinates": [ 130.429838, 32.586983 ] } },
{ "type": "Feature", "properties": { "ID": 433343590297, "正式名称": "八木歯科医院", "機関区分": 3, "都道府県コード": 43, "市区町村コード": 211, "所在地": "熊本県宇土市高柳町２７ー１", "緯度": 32.68952, "経度": 130.653666, "url": "https://www.iryou.teikyouseido.mhlw.go.jp/znk-web/juminkanja/S2430/initialize?prefCd=43&kikanCd=343590297&kikanKbn=3", "url2": null, "内容": "八木歯科医院【3:歯科】熊本県宇土市高柳町２７ー１" }, "geometry": { "type": "Point", "coordinates": [ 130.653666, 32.68952 ] } },
{ "type": "Feature", "properties": { "ID": 433343590314, "正式名称": "森歯科医院", "機関区分": 3, "都道府県コード": 43, "市区町村コード": 211, "所在地": "熊本県宇土市古保里町４４３", "緯度": 32.676486, "経度": 130.681079, "url": "https://www.iryou.teikyouseido.mhlw.go.jp/znk-web/juminkanja/S2430/initialize?prefCd=43&kikanCd=343590314&kikanKbn=3", "url2": null, "内容": "森歯科医院【3:歯科】熊本県宇土市古保里町４４３" }, "geometry": { "type": "Point", "coordinates": [ 130.681079, 32.676486 ] } },
{ "type": "Feature", "properties": { "ID": 433343590369, "正式名称": "不知火歯科医院", "機関区分": 3, "都道府県コード": 43, "市区町村コード": 213, "所在地": "熊本県宇城市不知火町永尾７８６ー２", "緯度": 32.631158, "経度": 130.612565, "url": "https://www.iryou.teikyouseido.mhlw.go.jp/znk-web/juminkanja/S2430/initialize?prefCd=43&kikanCd=343590369&kikanKbn=3", "url2": null, "内容": "不知火歯科医院【3:歯科】熊本県宇城市不知火町永尾７８６ー２" }, "geometry": { "type": "Point", "coordinates": [ 130.612565, 32.631158 ] } },
{ "type": "Feature", "properties": { "ID": 433343590385, "正式名称": "すぎもと歯科", "機関区分": 3, "都道府県コード": 43, "市区町村コード": 211, "所在地": "熊本県宇土市岩古曽町１１９６ー３", "緯度": 32.682172, "経度": 130.68467, "url": "https://www.iryou.teikyouseido.mhlw.go.jp/znk-web/juminkanja/S2430/initialize?prefCd=43&kikanCd=343590385&kikanKbn=3", "url2": "http://sdc.dentalmall.jp/", "内容": "すぎもと歯科【3:歯科】熊本県宇土市岩古曽町１１９６ー３" }, "geometry": { "type": "Point", "coordinates": [ 130.68467, 32.682172 ] } },
{ "type": "Feature", "properties": { "ID": 433343600028, "正式名称": "犬塚歯科医院", "機関区分": 3, "都道府県コード": 43, "市区町村コード": 202, "所在地": "熊本県八代市大村町５４７ー２", "緯度": 32.516046, "経度": 130.61952, "url": "https://www.iryou.teikyouseido.mhlw.go.jp/znk-web/juminkanja/S2430/initialize?prefCd=43&kikanCd=343600028&kikanKbn=3", "url2": null, "内容": "犬塚歯科医院【3:歯科】熊本県八代市大村町５４７ー２" }, "geometry": { "type": "Point", "coordinates": [ 130.61952, 32.516046 ] } },
{ "type": "Feature", "properties": { "ID": 433343600060, "正式名称": "川上歯科医院", "機関区分": 3, "都道府県コード": 43, "市区町村コード": 202, "所在地": "熊本県八代市萩原町２ー２ー２１", "緯度": 32.503654, "経度": 130.620199, "url": "https://www.iryou.teikyouseido.mhlw.go.jp/znk-web/juminkanja/S2430/initialize?prefCd=43&kikanCd=343600060&kikanKbn=3", "url2": null, "内容": "川上歯科医院【3:歯科】熊本県八代市萩原町２ー２ー２１" }, "geometry": { "type": "Point", "coordinates": [ 130.620199, 32.503654 ] } },
{ "type": "Feature", "properties": { "ID": 433343600086, "正式名称": "岩崎歯科医院", "機関区分": 3, "都道府県コード": 43, "市区町村コード": 202, "所在地": "熊本県八代市本町２ー３ー２", "緯度": 32.505093, "経度": 130.600999, "url": "https://www.iryou.teikyouseido.mhlw.go.jp/znk-web/juminkanja/S2430/initialize?prefCd=43&kikanCd=343600086&kikanKbn=3", "url2": "www.iwasaki-dc.net", "内容": "岩崎歯科医院【3:歯科】熊本県八代市本町２ー３ー２" }, "geometry": { "type": "Point", "coordinates": [ 130.600999, 32.505093 ] } },
{ "type": "Feature", "properties": { "ID": 433343600103, "正式名称": "多田歯科医院", "機関区分": 3, "都道府県コード": 43, "市区町村コード": 202, "所在地": "熊本県八代市日奈久竹の内町３２４４ー３", "緯度": 32.437642, "経度": 130.581804, "url": "https://www.iryou.teikyouseido.mhlw.go.jp/znk-web/juminkanja/S2430/initialize?prefCd=43&kikanCd=343600103&kikanKbn=3", "url2": null, "内容": "多田歯科医院【3:歯科】熊本県八代市日奈久竹の内町３２４４ー３" }, "geometry": { "type": "Point", "coordinates": [ 130.581804, 32.437642 ] } },
{ "type": "Feature", "properties": { "ID": 433343600116, "正式名称": "谷川歯科医院", "機関区分": 3, "都道府県コード": 43, "市区町村コード": 202, "所在地": "熊本県八代市本町１ー１ー４８", "緯度": 32.506457, "経度": 130.604899, "url": "https://www.iryou.teikyouseido.mhlw.go.jp/znk-web/juminkanja/S2430/initialize?prefCd=43&kikanCd=343600116&kikanKbn=3", "url2": "http://tanigawa-dc.jp", "内容": "谷川歯科医院【3:歯科】熊本県八代市本町１ー１ー４８" }, "geometry": { "type": "Point", "coordinates": [ 130.604899, 32.506457 ] } },
{ "type": "Feature", "properties": { "ID": 433343600187, "正式名称": "原田歯科医院", "機関区分": 3, "都道府県コード": 43, "市区町村コード": 202, "所在地": "熊本県八代市永碇町９４４", "緯度": 32.520142, "経度": 130.595058, "url": "https://www.iryou.teikyouseido.mhlw.go.jp/znk-web/juminkanja/S2430/initialize?prefCd=43&kikanCd=343600187&kikanKbn=3", "url2": null, "内容": "原田歯科医院【3:歯科】熊本県八代市永碇町９４４" }, "geometry": { "type": "Point", "coordinates": [ 130.595058, 32.520142 ] } },
{ "type": "Feature", "properties": { "ID": 433343600204, "正式名称": "上田歯科医院", "機関区分": 3, "都道府県コード": 43, "市区町村コード": 202, "所在地": "熊本県八代市本町２ー３ー３１", "緯度": 32.504787, "経度": 130.599507, "url": "https://www.iryou.teikyouseido.mhlw.go.jp/znk-web/juminkanja/S2430/initialize?prefCd=43&kikanCd=343600204&kikanKbn=3", "url2": null, "内容": "上田歯科医院【3:歯科】熊本県八代市本町２ー３ー３１" }, "geometry": { "type": "Point", "coordinates": [ 130.599507, 32.504787 ] } },
{ "type": "Feature", "properties": { "ID": 433343600217, "正式名称": "中村歯科医院", "機関区分": 3, "都道府県コード": 43, "市区町村コード": 202, "所在地": "熊本県八代市西松江城町１０ー３", "緯度": 32.507553, "経度": 130.595285, "url": "https://www.iryou.teikyouseido.mhlw.go.jp/znk-web/juminkanja/S2430/initialize?prefCd=43&kikanCd=343600217&kikanKbn=3", "url2": null, "内容": "中村歯科医院【3:歯科】熊本県八代市西松江城町１０ー３" }, "geometry": { "type": "Point", "coordinates": [ 130.595285, 32.507553 ] } },
{ "type": "Feature", "properties": { "ID": 433343600220, "正式名称": "多田歯科クリニック", "機関区分": 3, "都道府県コード": 43, "市区町村コード": 202, "所在地": "熊本県八代市若草町５ー１", "緯度": 32.504143, "経度": 130.6152, "url": "https://www.iryou.teikyouseido.mhlw.go.jp/znk-web/juminkanja/S2430/initialize?prefCd=43&kikanCd=343600220&kikanKbn=3", "url2": null, "内容": "多田歯科クリニック【3:歯科】熊本県八代市若草町５ー１" }, "geometry": { "type": "Point", "coordinates": [ 130.6152, 32.504143 ] } },
{ "type": "Feature", "properties": { "ID": 433343600246, "正式名称": "増田歯科医院", "機関区分": 3, "都道府県コード": 43, "市区町村コード": 202, "所在地": "熊本県八代市本町１ー１０ー３６", "緯度": 32.504121, "経度": 130.60183, "url": "https://www.iryou.teikyouseido.mhlw.go.jp/znk-web/juminkanja/S2430/initialize?prefCd=43&kikanCd=343600246&kikanKbn=3", "url2": "http://itp.ne.jp/info/435978050500000899/", "内容": "増田歯科医院【3:歯科】熊本県八代市本町１ー１０ー３６" }, "geometry": { "type": "Point", "coordinates": [ 130.60183, 32.504121 ] } },
{ "type": "Feature", "properties": { "ID": 433343600305, "正式名称": "中川歯科医院", "機関区分": 3, "都道府県コード": 43, "市区町村コード": 202, "所在地": "熊本県八代市横手新町７ー１", "緯度": 32.519636, "経度": 130.601849, "url": "https://www.iryou.teikyouseido.mhlw.go.jp/znk-web/juminkanja/S2430/initialize?prefCd=43&kikanCd=343600305&kikanKbn=3", "url2": null, "内容": "中川歯科医院【3:歯科】熊本県八代市横手新町７ー１" }, "geometry": { "type": "Point", "coordinates": [ 130.601849, 32.519636 ] } },
{ "type": "Feature", "properties": { "ID": 433343600318, "正式名称": "医療法人　宮本会　みやもと歯科医院", "機関区分": 3, "都道府県コード": 43, "市区町村コード": 202, "所在地": "熊本県八代市旭中央通１９番地５号", "緯度": 32.503858, "経度": 130.608756, "url": "https://www.iryou.teikyouseido.mhlw.go.jp/znk-web/juminkanja/S2430/initialize?prefCd=43&kikanCd=343600318&kikanKbn=3", "url2": null, "内容": "医療法人　宮本会　みやもと歯科医院【3:歯科】熊本県八代市旭中央通１９番地５号" }, "geometry": { "type": "Point", "coordinates": [ 130.608756, 32.503858 ] } },
{ "type": "Feature", "properties": { "ID": 433343600347, "正式名称": "医療法人社団　中津留会　やまデンタルクリニック", "機関区分": 3, "都道府県コード": 43, "市区町村コード": 202, "所在地": "熊本県八代市鏡町鏡村１１０７ー１", "緯度": 32.571689, "経度": 130.660188, "url": "https://www.iryou.teikyouseido.mhlw.go.jp/znk-web/juminkanja/S2430/initialize?prefCd=43&kikanCd=343600347&kikanKbn=3", "url2": "http://www.nakatsuru-dc.com", "内容": "医療法人社団　中津留会　やまデンタルクリニック【3:歯科】熊本県八代市鏡町鏡村１１０７ー１" }, "geometry": { "type": "Point", "coordinates": [ 130.660188, 32.571689 ] } },
{ "type": "Feature", "properties": { "ID": 433343600350, "正式名称": "水上歯科医院", "機関区分": 3, "都道府県コード": 43, "市区町村コード": 202, "所在地": "熊本県八代市鏡町鏡村５４８ー１", "緯度": 32.566165, "経度": 130.661736, "url": "https://www.iryou.teikyouseido.mhlw.go.jp/znk-web/juminkanja/S2430/initialize?prefCd=43&kikanCd=343600350&kikanKbn=3", "url2": null, "内容": "水上歯科医院【3:歯科】熊本県八代市鏡町鏡村５４８ー１" }, "geometry": { "type": "Point", "coordinates": [ 130.661736, 32.566165 ] } },
{ "type": "Feature", "properties": { "ID": 433343600376, "正式名称": "まつがえ歯科医院", "機関区分": 3, "都道府県コード": 43, "市区町村コード": 468, "所在地": "熊本県八代郡氷川町宮原７９５ー１", "緯度": 32.555254, "経度": 130.686345, "url": "https://www.iryou.teikyouseido.mhlw.go.jp/znk-web/juminkanja/S2430/initialize?prefCd=43&kikanCd=343600376&kikanKbn=3", "url2": null, "内容": "まつがえ歯科医院【3:歯科】熊本県八代郡氷川町宮原７９５ー１" }, "geometry": { "type": "Point", "coordinates": [ 130.686345, 32.555254 ] } },
{ "type": "Feature", "properties": { "ID": 433343600464, "正式名称": "上野歯科医院", "機関区分": 3, "都道府県コード": 43, "市区町村コード": 202, "所在地": "熊本県八代市千丁町古閑出２４４１ー８", "緯度": 32.536322, "経度": 130.629608, "url": "https://www.iryou.teikyouseido.mhlw.go.jp/znk-web/juminkanja/S2430/initialize?prefCd=43&kikanCd=343600464&kikanKbn=3", "url2": null, "内容": "上野歯科医院【3:歯科】熊本県八代市千丁町古閑出２４４１ー８" }, "geometry": { "type": "Point", "coordinates": [ 130.629608, 32.536322 ] } },
{ "type": "Feature", "properties": { "ID": 433343600510, "正式名称": "守永歯科医院", "機関区分": 3, "都道府県コード": 43, "市区町村コード": 202, "所在地": "熊本県八代市迎町２ー１５ー２５", "緯度": 32.498796, "経度": 130.598524, "url": "https://www.iryou.teikyouseido.mhlw.go.jp/znk-web/juminkanja/S2430/initialize?prefCd=43&kikanCd=343600510&kikanKbn=3", "url2": null, "内容": "守永歯科医院【3:歯科】熊本県八代市迎町２ー１５ー２５" }, "geometry": { "type": "Point", "coordinates": [ 130.598524, 32.498796 ] } },
{ "type": "Feature", "properties": { "ID": 433343600552, "正式名称": "萩原歯科", "機関区分": 3, "都道府県コード": 43, "市区町村コード": 202, "所在地": "熊本県八代市萩原町１ー６ー３５", "緯度": 32.502766, "経度": 130.622289, "url": "https://www.iryou.teikyouseido.mhlw.go.jp/znk-web/juminkanja/S2430/initialize?prefCd=43&kikanCd=343600552&kikanKbn=3", "url2": null, "内容": "萩原歯科【3:歯科】熊本県八代市萩原町１ー６ー３５" }, "geometry": { "type": "Point", "coordinates": [ 130.622289, 32.502766 ] } },
{ "type": "Feature", "properties": { "ID": 433343600578, "正式名称": "古城歯科矯正歯科医院", "機関区分": 3, "都道府県コード": 43, "市区町村コード": 202, "所在地": "熊本県八代市古城町３０２６ー２", "緯度": 32.497429, "経度": 130.589622, "url": "https://www.iryou.teikyouseido.mhlw.go.jp/znk-web/juminkanja/S2430/initialize?prefCd=43&kikanCd=343600578&kikanKbn=3", "url2": null, "内容": "古城歯科矯正歯科医院【3:歯科】熊本県八代市古城町３０２６ー２" }, "geometry": { "type": "Point", "coordinates": [ 130.589622, 32.497429 ] } },
{ "type": "Feature", "properties": { "ID": 433343600608, "正式名称": "井手尾歯科医院", "機関区分": 3, "都道府県コード": 43, "市区町村コード": 202, "所在地": "熊本県八代市大手町２ー５ー１１", "緯度": 32.508176, "経度": 130.611615, "url": "https://www.iryou.teikyouseido.mhlw.go.jp/znk-web/juminkanja/S2430/initialize?prefCd=43&kikanCd=343600608&kikanKbn=3", "url2": null, "内容": "井手尾歯科医院【3:歯科】熊本県八代市大手町２ー５ー１１" }, "geometry": { "type": "Point", "coordinates": [ 130.611615, 32.508176 ] } },
{ "type": "Feature", "properties": { "ID": 433343600624, "正式名称": "岡田歯科医院", "機関区分": 3, "都道府県コード": 43, "市区町村コード": 202, "所在地": "熊本県八代市鏡町鏡４７１", "緯度": 32.57014, "経度": 130.651483, "url": "https://www.iryou.teikyouseido.mhlw.go.jp/znk-web/juminkanja/S2430/initialize?prefCd=43&kikanCd=343600624&kikanKbn=3", "url2": null, "内容": "岡田歯科医院【3:歯科】熊本県八代市鏡町鏡４７１" }, "geometry": { "type": "Point", "coordinates": [ 130.651483, 32.57014 ] } },
{ "type": "Feature", "properties": { "ID": 433343600637, "正式名称": "みのだ歯科医院", "機関区分": 3, "都道府県コード": 43, "市区町村コード": 202, "所在地": "熊本県八代市田中北町８３", "緯度": 32.524029, "経度": 130.598838, "url": "https://www.iryou.teikyouseido.mhlw.go.jp/znk-web/juminkanja/S2430/initialize?prefCd=43&kikanCd=343600637&kikanKbn=3", "url2": "http://www.minoda-dc.com/", "内容": "みのだ歯科医院【3:歯科】熊本県八代市田中北町８３" }, "geometry": { "type": "Point", "coordinates": [ 130.598838, 32.524029 ] } },
{ "type": "Feature", "properties": { "ID": 433343600666, "正式名称": "中山歯科医院", "機関区分": 3, "都道府県コード": 43, "市区町村コード": 202, "所在地": "熊本県八代市古閑中町９９８ー１", "緯度": 32.524855, "経度": 130.602329, "url": "https://www.iryou.teikyouseido.mhlw.go.jp/znk-web/juminkanja/S2430/initialize?prefCd=43&kikanCd=343600666&kikanKbn=3", "url2": null, "内容": "中山歯科医院【3:歯科】熊本県八代市古閑中町９９８ー１" }, "geometry": { "type": "Point", "coordinates": [ 130.602329, 32.524855 ] } },
{ "type": "Feature", "properties": { "ID": 433343600682, "正式名称": "山口透歯科医院", "機関区分": 3, "都道府県コード": 43, "市区町村コード": 202, "所在地": "熊本県八代市郡築三番町１２ー１１", "緯度": 32.520721, "経度": 130.575957, "url": "https://www.iryou.teikyouseido.mhlw.go.jp/znk-web/juminkanja/S2430/initialize?prefCd=43&kikanCd=343600682&kikanKbn=3", "url2": null, "内容": "山口透歯科医院【3:歯科】熊本県八代市郡築三番町１２ー１１" }, "geometry": { "type": "Point", "coordinates": [ 130.575957, 32.520721 ] } },
{ "type": "Feature", "properties": { "ID": 433343600709, "正式名称": "わかみや歯科クリニック", "機関区分": 3, "都道府県コード": 43, "市区町村コード": 202, "所在地": "熊本県八代市古閑中町１３８４ー１", "緯度": 32.527169, "経度": 130.606818, "url": "https://www.iryou.teikyouseido.mhlw.go.jp/znk-web/juminkanja/S2430/initialize?prefCd=43&kikanCd=343600709&kikanKbn=3", "url2": null, "内容": "わかみや歯科クリニック【3:歯科】熊本県八代市古閑中町１３８４ー１" }, "geometry": { "type": "Point", "coordinates": [ 130.606818, 32.527169 ] } },
{ "type": "Feature", "properties": { "ID": 433343600712, "正式名称": "横手歯科クリニック", "機関区分": 3, "都道府県コード": 43, "市区町村コード": 202, "所在地": "熊本県八代市横手町１６６８ー１", "緯度": 32.51695, "経度": 130.603729, "url": "https://www.iryou.teikyouseido.mhlw.go.jp/znk-web/juminkanja/S2430/initialize?prefCd=43&kikanCd=343600712&kikanKbn=3", "url2": null, "内容": "横手歯科クリニック【3:歯科】熊本県八代市横手町１６６８ー１" }, "geometry": { "type": "Point", "coordinates": [ 130.603729, 32.51695 ] } },
{ "type": "Feature", "properties": { "ID": 433343600738, "正式名称": "野田歯科医院", "機関区分": 3, "都道府県コード": 43, "市区町村コード": 202, "所在地": "熊本県八代市毘舎丸町５ー４８", "緯度": 32.51011, "経度": 130.614384, "url": "https://www.iryou.teikyouseido.mhlw.go.jp/znk-web/juminkanja/S2430/initialize?prefCd=43&kikanCd=343600738&kikanKbn=3", "url2": null, "内容": "野田歯科医院【3:歯科】熊本県八代市毘舎丸町５ー４８" }, "geometry": { "type": "Point", "coordinates": [ 130.614384, 32.51011 ] } },
{ "type": "Feature", "properties": { "ID": 433343600754, "正式名称": "坂井歯科医院", "機関区分": 3, "都道府県コード": 43, "市区町村コード": 202, "所在地": "熊本県八代市通町６ー１７", "緯度": 32.507465, "経度": 130.60516, "url": "https://www.iryou.teikyouseido.mhlw.go.jp/znk-web/juminkanja/S2430/initialize?prefCd=43&kikanCd=343600754&kikanKbn=3", "url2": "http://www.dnet-sakai.co", "内容": "坂井歯科医院【3:歯科】熊本県八代市通町６ー１７" }, "geometry": { "type": "Point", "coordinates": [ 130.60516, 32.507465 ] } },
{ "type": "Feature", "properties": { "ID": 433343600767, "正式名称": "緑ヶ丘歯科医院", "機関区分": 3, "都道府県コード": 43, "市区町村コード": 202, "所在地": "熊本県八代市新開町３ー１", "緯度": 32.508278, "経度": 130.580556, "url": "https://www.iryou.teikyouseido.mhlw.go.jp/znk-web/juminkanja/S2430/initialize?prefCd=43&kikanCd=343600767&kikanKbn=3", "url2": null, "内容": "緑ヶ丘歯科医院【3:歯科】熊本県八代市新開町３ー１" }, "geometry": { "type": "Point", "coordinates": [ 130.580556, 32.508278 ] } },
{ "type": "Feature", "properties": { "ID": 433343600783, "正式名称": "鏡歯科医院", "機関区分": 3, "都道府県コード": 43, "市区町村コード": 202, "所在地": "熊本県八代市鏡町両出１２５５ー５", "緯度": 32.55821, "経度": 130.631362, "url": "https://www.iryou.teikyouseido.mhlw.go.jp/znk-web/juminkanja/S2430/initialize?prefCd=43&kikanCd=343600783&kikanKbn=3", "url2": "https://kagami.kdg.or.jp/", "内容": "鏡歯科医院【3:歯科】熊本県八代市鏡町両出１２５５ー５" }, "geometry": { "type": "Point", "coordinates": [ 130.631362, 32.55821 ] } },
{ "type": "Feature", "properties": { "ID": 433343600796, "正式名称": "犬童矯正歯科クリニック", "機関区分": 3, "都道府県コード": 43, "市区町村コード": 202, "所在地": "熊本県八代市出町５ー９", "緯度": 32.508088, "経度": 130.609256, "url": "https://www.iryou.teikyouseido.mhlw.go.jp/znk-web/juminkanja/S2430/initialize?prefCd=43&kikanCd=343600796&kikanKbn=3", "url2": "http://www.teethmove.com", "内容": "犬童矯正歯科クリニック【3:歯科】熊本県八代市出町５ー９" }, "geometry": { "type": "Point", "coordinates": [ 130.609256, 32.508088 ] } },
{ "type": "Feature", "properties": { "ID": 433343600813, "正式名称": "たかた歯科医院", "機関区分": 3, "都道府県コード": 43, "市区町村コード": 202, "所在地": "熊本県八代市高下西町２１８４ー５", "緯度": 32.484703, "経度": 130.606835, "url": "https://www.iryou.teikyouseido.mhlw.go.jp/znk-web/juminkanja/S2430/initialize?prefCd=43&kikanCd=343600813&kikanKbn=3", "url2": null, "内容": "たかた歯科医院【3:歯科】熊本県八代市高下西町２１８４ー５" }, "geometry": { "type": "Point", "coordinates": [ 130.606835, 32.484703 ] } },
{ "type": "Feature", "properties": { "ID": 433343600826, "正式名称": "きはら歯科", "機関区分": 3, "都道府県コード": 43, "市区町村コード": 202, "所在地": "熊本県八代市萩原町２ー１１ー４５", "緯度": 32.505021, "経度": 130.616873, "url": "https://www.iryou.teikyouseido.mhlw.go.jp/znk-web/juminkanja/S2430/initialize?prefCd=43&kikanCd=343600826&kikanKbn=3", "url2": null, "内容": "きはら歯科【3:歯科】熊本県八代市萩原町２ー１１ー４５" }, "geometry": { "type": "Point", "coordinates": [ 130.616873, 32.505021 ] } },
{ "type": "Feature", "properties": { "ID": 433343600839, "正式名称": "八代歯科医師会口腔保健センター", "機関区分": 3, "都道府県コード": 43, "市区町村コード": 202, "所在地": "熊本県八代市上野町字折口３５９１ー１４", "緯度": 32.520315, "経度": 130.621715, "url": "https://www.iryou.teikyouseido.mhlw.go.jp/znk-web/juminkanja/S2430/initialize?prefCd=43&kikanCd=343600839&kikanKbn=3", "url2": "http://www.yda8020.com/", "内容": "八代歯科医師会口腔保健センター【3:歯科】熊本県八代市上野町字折口３５９１ー１４" }, "geometry": { "type": "Point", "coordinates": [ 130.621715, 32.520315 ] } },
{ "type": "Feature", "properties": { "ID": 433343600855, "正式名称": "井上歯科クリニック", "機関区分": 3, "都道府県コード": 43, "市区町村コード": 202, "所在地": "熊本県八代市松江町４４０ー２", "緯度": 32.516358, "経度": 130.595372, "url": "https://www.iryou.teikyouseido.mhlw.go.jp/znk-web/juminkanja/S2430/initialize?prefCd=43&kikanCd=343600855&kikanKbn=3", "url2": "http://www.inouedc.com/", "内容": "井上歯科クリニック【3:歯科】熊本県八代市松江町４４０ー２" }, "geometry": { "type": "Point", "coordinates": [ 130.595372, 32.516358 ] } },
{ "type": "Feature", "properties": { "ID": 433343600868, "正式名称": "中村歯科医院", "機関区分": 3, "都道府県コード": 43, "市区町村コード": 468, "所在地": "熊本県八代郡氷川町鹿島１２３３", "緯度": 32.584203, "経度": 130.668373, "url": "https://www.iryou.teikyouseido.mhlw.go.jp/znk-web/juminkanja/S2430/initialize?prefCd=43&kikanCd=343600868&kikanKbn=3", "url2": "http://www.nakamura-k-do.com", "内容": "中村歯科医院【3:歯科】熊本県八代郡氷川町鹿島１２３３" }, "geometry": { "type": "Point", "coordinates": [ 130.668373, 32.584203 ] } },
{ "type": "Feature", "properties": { "ID": 433343600884, "正式名称": "鶴田歯科医院", "機関区分": 3, "都道府県コード": 43, "市区町村コード": 202, "所在地": "熊本県八代市海士江町２５９１ー６", "緯度": 32.52828, "経度": 130.626175, "url": "https://www.iryou.teikyouseido.mhlw.go.jp/znk-web/juminkanja/S2430/initialize?prefCd=43&kikanCd=343600884&kikanKbn=3", "url2": null, "内容": "鶴田歯科医院【3:歯科】熊本県八代市海士江町２５９１ー６" }, "geometry": { "type": "Point", "coordinates": [ 130.626175, 32.52828 ] } },
{ "type": "Feature", "properties": { "ID": 433343600897, "正式名称": "渡辺歯科医院", "機関区分": 3, "都道府県コード": 43, "市区町村コード": 202, "所在地": "熊本県八代市上野町１９６５ー２", "緯度": 32.519837, "経度": 130.618409, "url": "https://www.iryou.teikyouseido.mhlw.go.jp/znk-web/juminkanja/S2430/initialize?prefCd=43&kikanCd=343600897&kikanKbn=3", "url2": "http://www.wata-dc.net", "内容": "渡辺歯科医院【3:歯科】熊本県八代市上野町１９６５ー２" }, "geometry": { "type": "Point", "coordinates": [ 130.618409, 32.519837 ] } },
{ "type": "Feature", "properties": { "ID": 433343600914, "正式名称": "八代市立泉歯科診療所", "機関区分": 3, "都道府県コード": 43, "市区町村コード": 202, "所在地": "熊本県八代市泉町柿迫３１８８ー２", "緯度": 32.546701, "経度": 130.809256, "url": "https://www.iryou.teikyouseido.mhlw.go.jp/znk-web/juminkanja/S2430/initialize?prefCd=43&kikanCd=343600914&kikanKbn=3", "url2": null, "内容": "八代市立泉歯科診療所【3:歯科】熊本県八代市泉町柿迫３１８８ー２" }, "geometry": { "type": "Point", "coordinates": [ 130.809256, 32.546701 ] } },
{ "type": "Feature", "properties": { "ID": 433343600927, "正式名称": "北里歯科医院", "機関区分": 3, "都道府県コード": 43, "市区町村コード": 202, "所在地": "熊本県八代市迎町２ー６ー５", "緯度": 32.498349, "経度": 130.600208, "url": "https://www.iryou.teikyouseido.mhlw.go.jp/znk-web/juminkanja/S2430/initialize?prefCd=43&kikanCd=343600927&kikanKbn=3", "url2": null, "内容": "北里歯科医院【3:歯科】熊本県八代市迎町２ー６ー５" }, "geometry": { "type": "Point", "coordinates": [ 130.600208, 32.498349 ] } },
{ "type": "Feature", "properties": { "ID": 433343600930, "正式名称": "みやい歯科医院", "機関区分": 3, "都道府県コード": 43, "市区町村コード": 202, "所在地": "熊本県八代市植柳元町６４０６", "緯度": 32.490425, "経度": 130.600594, "url": "https://www.iryou.teikyouseido.mhlw.go.jp/znk-web/juminkanja/S2430/initialize?prefCd=43&kikanCd=343600930&kikanKbn=3", "url2": "http://www.miyai-shika.com", "内容": "みやい歯科医院【3:歯科】熊本県八代市植柳元町６４０６" }, "geometry": { "type": "Point", "coordinates": [ 130.600594, 32.490425 ] } },
{ "type": "Feature", "properties": { "ID": 433343600956, "正式名称": "溝口歯科医院", "機関区分": 3, "都道府県コード": 43, "市区町村コード": 202, "所在地": "熊本県八代市鏡町内田４７２ー３", "緯度": 32.56135, "経度": 130.648746, "url": "https://www.iryou.teikyouseido.mhlw.go.jp/znk-web/juminkanja/S2430/initialize?prefCd=43&kikanCd=343600956&kikanKbn=3", "url2": null, "内容": "溝口歯科医院【3:歯科】熊本県八代市鏡町内田４７２ー３" }, "geometry": { "type": "Point", "coordinates": [ 130.648746, 32.56135 ] } },
{ "type": "Feature", "properties": { "ID": 433343600969, "正式名称": "みやざき歯科こども歯科", "機関区分": 3, "都道府県コード": 43, "市区町村コード": 202, "所在地": "熊本県八代市北の丸町１ー１２宮崎ビル１階", "緯度": 32.509195, "経度": 130.601196, "url": "https://www.iryou.teikyouseido.mhlw.go.jp/znk-web/juminkanja/S2430/initialize?prefCd=43&kikanCd=343600969&kikanKbn=3", "url2": null, "内容": "みやざき歯科こども歯科【3:歯科】熊本県八代市北の丸町１ー１２宮崎ビル１階" }, "geometry": { "type": "Point", "coordinates": [ 130.601196, 32.509195 ] } },
{ "type": "Feature", "properties": { "ID": 433343600985, "正式名称": "つばめ歯科クリニック", "機関区分": 3, "都道府県コード": 43, "市区町村コード": 202, "所在地": "熊本県八代市建馬町３ー１ゆめタウン八代２Ｆ", "緯度": 32.506017, "経度": 130.585106, "url": "https://www.iryou.teikyouseido.mhlw.go.jp/znk-web/juminkanja/S2430/initialize?prefCd=43&kikanCd=343600985&kikanKbn=3", "url2": "http://www.tsubame-dc.jp/", "内容": "つばめ歯科クリニック【3:歯科】熊本県八代市建馬町３ー１ゆめタウン八代２Ｆ" }, "geometry": { "type": "Point", "coordinates": [ 130.585106, 32.506017 ] } },
{ "type": "Feature", "properties": { "ID": 433343600998, "正式名称": "木屋歯科クリニック", "機関区分": 3, "都道府県コード": 43, "市区町村コード": 202, "所在地": "熊本県八代市古閑上町１７０ー８", "緯度": 32.517445, "経度": 130.611776, "url": "https://www.iryou.teikyouseido.mhlw.go.jp/znk-web/juminkanja/S2430/initialize?prefCd=43&kikanCd=343600998&kikanKbn=3", "url2": null, "内容": "木屋歯科クリニック【3:歯科】熊本県八代市古閑上町１７０ー８" }, "geometry": { "type": "Point", "coordinates": [ 130.611776, 32.517445 ] } },
{ "type": "Feature", "properties": { "ID": 433343601012, "正式名称": "ｎｉｎａ　Ｄｅｎｔａｌ　Ｃｌｉｎｉｃ", "機関区分": 3, "都道府県コード": 43, "市区町村コード": 202, "所在地": "熊本県八代市田中東町１６ー１０", "緯度": 32.520061, "経度": 130.605734, "url": "https://www.iryou.teikyouseido.mhlw.go.jp/znk-web/juminkanja/S2430/initialize?prefCd=43&kikanCd=343601012&kikanKbn=3", "url2": "http://www.nina-dc.jp", "内容": "ｎｉｎａ　Ｄｅｎｔａｌ　Ｃｌｉｎｉｃ【3:歯科】熊本県八代市田中東町１６ー１０" }, "geometry": { "type": "Point", "coordinates": [ 130.605734, 32.520061 ] } },
{ "type": "Feature", "properties": { "ID": 433343601038, "正式名称": "こだま歯科クリニック", "機関区分": 3, "都道府県コード": 43, "市区町村コード": 202, "所在地": "熊本県八代市竹原町１６１１", "緯度": 32.517402, "経度": 130.627869, "url": "https://www.iryou.teikyouseido.mhlw.go.jp/znk-web/juminkanja/S2430/initialize?prefCd=43&kikanCd=343601038&kikanKbn=3", "url2": "http://kodama-dental.jp/", "内容": "こだま歯科クリニック【3:歯科】熊本県八代市竹原町１６１１" }, "geometry": { "type": "Point", "coordinates": [ 130.627869, 32.517402 ] } },
{ "type": "Feature", "properties": { "ID": 433343601041, "正式名称": "いまさき歯科医院", "機関区分": 3, "都道府県コード": 43, "市区町村コード": 202, "所在地": "熊本県八代市古閑中町冬築２４３８ー１０", "緯度": 32.532548, "経度": 130.603478, "url": "https://www.iryou.teikyouseido.mhlw.go.jp/znk-web/juminkanja/S2430/initialize?prefCd=43&kikanCd=343601041&kikanKbn=3", "url2": "http://www.imasaki-dc.com/pc/", "内容": "いまさき歯科医院【3:歯科】熊本県八代市古閑中町冬築２４３８ー１０" }, "geometry": { "type": "Point", "coordinates": [ 130.603478, 32.532548 ] } },
{ "type": "Feature", "properties": { "ID": 433343601054, "正式名称": "高野歯科クリニック", "機関区分": 3, "都道府県コード": 43, "市区町村コード": 202, "所在地": "熊本県八代市本町１ー７ー３６１Ｆ", "緯度": 32.506054, "経度": 130.603754, "url": "https://www.iryou.teikyouseido.mhlw.go.jp/znk-web/juminkanja/S2430/initialize?prefCd=43&kikanCd=343601054&kikanKbn=3", "url2": "http://y-16ku.sakura.ne.jp/dental/", "内容": "高野歯科クリニック【3:歯科】熊本県八代市本町１ー７ー３６１Ｆ" }, "geometry": { "type": "Point", "coordinates": [ 130.603754, 32.506054 ] } },
{ "type": "Feature", "properties": { "ID": 433343601067, "正式名称": "やまだ歯科医院", "機関区分": 3, "都道府県コード": 43, "市区町村コード": 202, "所在地": "熊本県八代市鏡町内田２７０ー１", "緯度": 32.565041, "経度": 130.654947, "url": "https://www.iryou.teikyouseido.mhlw.go.jp/znk-web/juminkanja/S2430/initialize?prefCd=43&kikanCd=343601067&kikanKbn=3", "url2": null, "内容": "やまだ歯科医院【3:歯科】熊本県八代市鏡町内田２７０ー１" }, "geometry": { "type": "Point", "coordinates": [ 130.654947, 32.565041 ] } },
{ "type": "Feature", "properties": { "ID": 433343601070, "正式名称": "フラワー歯科クリニック", "機関区分": 3, "都道府県コード": 43, "市区町村コード": 202, "所在地": "熊本県八代市田中西町１７ー１", "緯度": 32.521119, "経度": 130.599896, "url": "https://www.iryou.teikyouseido.mhlw.go.jp/znk-web/juminkanja/S2430/initialize?prefCd=43&kikanCd=343601070&kikanKbn=3", "url2": null, "内容": "フラワー歯科クリニック【3:歯科】熊本県八代市田中西町１７ー１" }, "geometry": { "type": "Point", "coordinates": [ 130.599896, 32.521119 ] } },
{ "type": "Feature", "properties": { "ID": 433343601083, "正式名称": "あきの歯科クリニック", "機関区分": 3, "都道府県コード": 43, "市区町村コード": 202, "所在地": "熊本県八代市松江町菰池５２４ー１", "緯度": 32.515697, "経度": 130.599418, "url": "https://www.iryou.teikyouseido.mhlw.go.jp/znk-web/juminkanja/S2430/initialize?prefCd=43&kikanCd=343601083&kikanKbn=3", "url2": "http://www.shika-yatsushiro.com/", "内容": "あきの歯科クリニック【3:歯科】熊本県八代市松江町菰池５２４ー１" }, "geometry": { "type": "Point", "coordinates": [ 130.599418, 32.515697 ] } },
{ "type": "Feature", "properties": { "ID": 433343601096, "正式名称": "さくら歯科医院", "機関区分": 3, "都道府県コード": 43, "市区町村コード": 202, "所在地": "熊本県八代市上片町１５６１ー１", "緯度": 32.505847, "経度": 130.643846, "url": "https://www.iryou.teikyouseido.mhlw.go.jp/znk-web/juminkanja/S2430/initialize?prefCd=43&kikanCd=343601096&kikanKbn=3", "url2": "https://sakura.kdg.or.jp", "内容": "さくら歯科医院【3:歯科】熊本県八代市上片町１５６１ー１" }, "geometry": { "type": "Point", "coordinates": [ 130.643846, 32.505847 ] } },
{ "type": "Feature", "properties": { "ID": 433343601113, "正式名称": "ふくだデンタルクリニック", "機関区分": 3, "都道府県コード": 43, "市区町村コード": 202, "所在地": "熊本県八代市鏡町内田６９７ー１１", "緯度": 32.559321, "経度": 130.648134, "url": "https://www.iryou.teikyouseido.mhlw.go.jp/znk-web/juminkanja/S2430/initialize?prefCd=43&kikanCd=343601113&kikanKbn=3", "url2": null, "内容": "ふくだデンタルクリニック【3:歯科】熊本県八代市鏡町内田６９７ー１１" }, "geometry": { "type": "Point", "coordinates": [ 130.648134, 32.559321 ] } },
{ "type": "Feature", "properties": { "ID": 433343601142, "正式名称": "本町ごとう歯科", "機関区分": 3, "都道府県コード": 43, "市区町村コード": 202, "所在地": "熊本県八代市本町４ー５ー２４　２階", "緯度": 32.505373, "経度": 130.594802, "url": "https://www.iryou.teikyouseido.mhlw.go.jp/znk-web/juminkanja/S2430/initialize?prefCd=43&kikanCd=343601142&kikanKbn=3", "url2": null, "内容": "本町ごとう歯科【3:歯科】熊本県八代市本町４ー５ー２４　２階" }, "geometry": { "type": "Point", "coordinates": [ 130.594802, 32.505373 ] } },
{ "type": "Feature", "properties": { "ID": 433343601155, "正式名称": "ＡＹＡ　ＤＥＮＴＡＬ　ＨＯＵＳＥ", "機関区分": 3, "都道府県コード": 43, "市区町村コード": 202, "所在地": "熊本県八代市長田町２９０２ー１", "緯度": 32.509411, "経度": 130.6313, "url": "https://www.iryou.teikyouseido.mhlw.go.jp/znk-web/juminkanja/S2430/initialize?prefCd=43&kikanCd=343601155&kikanKbn=3", "url2": null, "内容": "ＡＹＡ　ＤＥＮＴＡＬ　ＨＯＵＳＥ【3:歯科】熊本県八代市長田町２９０２ー１" }, "geometry": { "type": "Point", "coordinates": [ 130.6313, 32.509411 ] } },
{ "type": "Feature", "properties": { "ID": 433343601168, "正式名称": "ヒルズ歯科クリニック", "機関区分": 3, "都道府県コード": 43, "市区町村コード": 202, "所在地": "熊本県八代市西片町２０００ー９", "緯度": 32.509369, "経度": 130.637966, "url": "https://www.iryou.teikyouseido.mhlw.go.jp/znk-web/juminkanja/S2430/initialize?prefCd=43&kikanCd=343601168&kikanKbn=3", "url2": "http://xn--0ck4bydv901a99o.com/", "内容": "ヒルズ歯科クリニック【3:歯科】熊本県八代市西片町２０００ー９" }, "geometry": { "type": "Point", "coordinates": [ 130.637966, 32.509369 ] } },
{ "type": "Feature", "properties": { "ID": 433343601184, "正式名称": "宇城八代歯科医院", "機関区分": 3, "都道府県コード": 43, "市区町村コード": 468, "所在地": "熊本県八代郡氷川町宮原６６７ー１", "緯度": 32.555548, "経度": 130.680896, "url": "https://www.iryou.teikyouseido.mhlw.go.jp/znk-web/juminkanja/S2430/initialize?prefCd=43&kikanCd=343601184&kikanKbn=3", "url2": "ukiyatsushiro-dc.com", "内容": "宇城八代歯科医院【3:歯科】熊本県八代郡氷川町宮原６６７ー１" }, "geometry": { "type": "Point", "coordinates": [ 130.680896, 32.555548 ] } },
{ "type": "Feature", "properties": { "ID": 433343601201, "正式名称": "八代デンタルクリニック", "機関区分": 3, "都道府県コード": 43, "市区町村コード": 202, "所在地": "熊本県八代市沖町六番割３９８７ー３イオン八代店１階", "緯度": 32.525231, "経度": 130.584719, "url": "https://www.iryou.teikyouseido.mhlw.go.jp/znk-web/juminkanja/S2430/initialize?prefCd=43&kikanCd=343601201&kikanKbn=3", "url2": null, "内容": "八代デンタルクリニック【3:歯科】熊本県八代市沖町六番割３９８７ー３イオン八代店１階" }, "geometry": { "type": "Point", "coordinates": [ 130.584719, 32.525231 ] } },
{ "type": "Feature", "properties": { "ID": 433343601214, "正式名称": "かえで歯科", "機関区分": 3, "都道府県コード": 43, "市区町村コード": 202, "所在地": "熊本県八代市古閑中町１２０６ー２", "緯度": 32.52833, "経度": 130.601677, "url": "https://www.iryou.teikyouseido.mhlw.go.jp/znk-web/juminkanja/S2430/initialize?prefCd=43&kikanCd=343601214&kikanKbn=3", "url2": "kaede-dental.com", "内容": "かえで歯科【3:歯科】熊本県八代市古閑中町１２０６ー２" }, "geometry": { "type": "Point", "coordinates": [ 130.601677, 32.52833 ] } },
{ "type": "Feature", "properties": { "ID": 433343601227, "正式名称": "竹田歯科医院", "機関区分": 3, "都道府県コード": 43, "市区町村コード": 202, "所在地": "熊本県八代市松江城町４ー４０", "緯度": 32.506577, "経度": 130.599911, "url": "https://www.iryou.teikyouseido.mhlw.go.jp/znk-web/juminkanja/S2430/initialize?prefCd=43&kikanCd=343601227&kikanKbn=3", "url2": "http://www.takeda-shika.jp/", "内容": "竹田歯科医院【3:歯科】熊本県八代市松江城町４ー４０" }, "geometry": { "type": "Point", "coordinates": [ 130.599911, 32.506577 ] } },
{ "type": "Feature", "properties": { "ID": 433343601256, "正式名称": "徳治会歯科医院八代", "機関区分": 3, "都道府県コード": 43, "市区町村コード": 202, "所在地": "熊本県八代市豊原中町字南原２３６０ー１", "緯度": 32.492101, "経度": 130.619246, "url": "https://www.iryou.teikyouseido.mhlw.go.jp/znk-web/juminkanja/S2430/initialize?prefCd=43&kikanCd=343601256&kikanKbn=3", "url2": "http://www.matsushitashika.com/pc/", "内容": "徳治会歯科医院八代【3:歯科】熊本県八代市豊原中町字南原２３６０ー１" }, "geometry": { "type": "Point", "coordinates": [ 130.619246, 32.492101 ] } },
{ "type": "Feature", "properties": { "ID": 433343601269, "正式名称": "松本歯科医院", "機関区分": 3, "都道府県コード": 43, "市区町村コード": 203, "所在地": "熊本県人吉市五日町７５", "緯度": 32.2141, "経度": 130.763604, "url": "https://www.iryou.teikyouseido.mhlw.go.jp/znk-web/juminkanja/S2430/initialize?prefCd=43&kikanCd=343601269&kikanKbn=3", "url2": "http://matsumoto.jp-kuma.com/", "内容": "松本歯科医院【3:歯科】熊本県人吉市五日町７５" }, "geometry": { "type": "Point", "coordinates": [ 130.763604, 32.2141 ] } },
{ "type": "Feature", "properties": { "ID": 433343601298, "正式名称": "いちもり歯科クリニック", "機関区分": 3, "都道府県コード": 43, "市区町村コード": 468, "所在地": "熊本県八代郡氷川町網道２８７－８", "緯度": 32.59987, "経度": 130.659375, "url": "https://www.iryou.teikyouseido.mhlw.go.jp/znk-web/juminkanja/S2430/initialize?prefCd=43&kikanCd=343601298&kikanKbn=3", "url2": null, "内容": "いちもり歯科クリニック【3:歯科】熊本県八代郡氷川町網道２８７－８" }, "geometry": { "type": "Point", "coordinates": [ 130.659375, 32.59987 ] } },
{ "type": "Feature", "properties": { "ID": 433343610063, "正式名称": "伊藤歯科医院", "機関区分": 3, "都道府県コード": 43, "市区町村コード": 205, "所在地": "熊本県水俣市大黒町１ー２ー３", "緯度": 32.209144, "経度": 130.401215, "url": "https://www.iryou.teikyouseido.mhlw.go.jp/znk-web/juminkanja/S2430/initialize?prefCd=43&kikanCd=343610063&kikanKbn=3", "url2": null, "内容": "伊藤歯科医院【3:歯科】熊本県水俣市大黒町１ー２ー３" }, "geometry": { "type": "Point", "coordinates": [ 130.401215, 32.209144 ] } },
{ "type": "Feature", "properties": { "ID": 433343610076, "正式名称": "ながた歯科医院", "機関区分": 3, "都道府県コード": 43, "市区町村コード": 205, "所在地": "熊本県水俣市浜町２ー１ー１８", "緯度": 32.211485, "経度": 130.400624, "url": "https://www.iryou.teikyouseido.mhlw.go.jp/znk-web/juminkanja/S2430/initialize?prefCd=43&kikanCd=343610076&kikanKbn=3", "url2": null, "内容": "ながた歯科医院【3:歯科】熊本県水俣市浜町２ー１ー１８" }, "geometry": { "type": "Point", "coordinates": [ 130.400624, 32.211485 ] } },
{ "type": "Feature", "properties": { "ID": 433343610122, "正式名称": "藤崎歯科医院", "機関区分": 3, "都道府県コード": 43, "市区町村コード": 482, "所在地": "熊本県葦北郡芦北町田浦６４６ー１", "緯度": 32.364761, "経度": 130.51144, "url": "https://www.iryou.teikyouseido.mhlw.go.jp/znk-web/juminkanja/S2430/initialize?prefCd=43&kikanCd=343610122&kikanKbn=3", "url2": null, "内容": "藤崎歯科医院【3:歯科】熊本県葦北郡芦北町田浦６４６ー１" }, "geometry": { "type": "Point", "coordinates": [ 130.51144, 32.364761 ] } },
{ "type": "Feature", "properties": { "ID": 433343610148, "正式名称": "さしき宮島歯科医院", "機関区分": 3, "都道府県コード": 43, "市区町村コード": 482, "所在地": "熊本県葦北郡芦北町花岡１６６０ー５", "緯度": 32.301956, "経度": 130.495729, "url": "https://www.iryou.teikyouseido.mhlw.go.jp/znk-web/juminkanja/S2430/initialize?prefCd=43&kikanCd=343610148&kikanKbn=3", "url2": null, "内容": "さしき宮島歯科医院【3:歯科】熊本県葦北郡芦北町花岡１６６０ー５" }, "geometry": { "type": "Point", "coordinates": [ 130.495729, 32.301956 ] } },
{ "type": "Feature", "properties": { "ID": 433343610193, "正式名称": "出来田歯科診療所", "機関区分": 3, "都道府県コード": 43, "市区町村コード": 205, "所在地": "熊本県水俣市浜町１ー６ー１１", "緯度": 32.211233, "経度": 130.403573, "url": "https://www.iryou.teikyouseido.mhlw.go.jp/znk-web/juminkanja/S2430/initialize?prefCd=43&kikanCd=343610193&kikanKbn=3", "url2": "http://www.strikingly.com/dekitashika", "内容": "出来田歯科診療所【3:歯科】熊本県水俣市浜町１ー６ー１１" }, "geometry": { "type": "Point", "coordinates": [ 130.403573, 32.211233 ] } },
{ "type": "Feature", "properties": { "ID": 433343610207, "正式名称": "浮池歯科医院", "機関区分": 3, "都道府県コード": 43, "市区町村コード": 205, "所在地": "熊本県水俣市幸町３ー５", "緯度": 32.212472, "経度": 130.405223, "url": "https://www.iryou.teikyouseido.mhlw.go.jp/znk-web/juminkanja/S2430/initialize?prefCd=43&kikanCd=343610207&kikanKbn=3", "url2": null, "内容": "浮池歯科医院【3:歯科】熊本県水俣市幸町３ー５" }, "geometry": { "type": "Point", "coordinates": [ 130.405223, 32.212472 ] } },
{ "type": "Feature", "properties": { "ID": 433343610223, "正式名称": "みのだ歯科医院", "機関区分": 3, "都道府県コード": 43, "市区町村コード": 205, "所在地": "熊本県水俣市桜井町３ー４ー２２", "緯度": 32.208075, "経度": 130.399601, "url": "https://www.iryou.teikyouseido.mhlw.go.jp/znk-web/juminkanja/S2430/initialize?prefCd=43&kikanCd=343610223&kikanKbn=3", "url2": null, "内容": "みのだ歯科医院【3:歯科】熊本県水俣市桜井町３ー４ー２２" }, "geometry": { "type": "Point", "coordinates": [ 130.399601, 32.208075 ] } },
{ "type": "Feature", "properties": { "ID": 433343610236, "正式名称": "天神歯科医院", "機関区分": 3, "都道府県コード": 43, "市区町村コード": 205, "所在地": "熊本県水俣市天神町２ー４ー１１", "緯度": 32.211758, "経度": 130.406092, "url": "https://www.iryou.teikyouseido.mhlw.go.jp/znk-web/juminkanja/S2430/initialize?prefCd=43&kikanCd=343610236&kikanKbn=3", "url2": null, "内容": "天神歯科医院【3:歯科】熊本県水俣市天神町２ー４ー１１" }, "geometry": { "type": "Point", "coordinates": [ 130.406092, 32.211758 ] } },
{ "type": "Feature", "properties": { "ID": 433343610249, "正式名称": "野村歯科医院", "機関区分": 3, "都道府県コード": 43, "市区町村コード": 482, "所在地": "熊本県葦北郡芦北町小田浦１３４８ー５", "緯度": 32.34987, "経度": 130.504864, "url": "https://www.iryou.teikyouseido.mhlw.go.jp/znk-web/juminkanja/S2430/initialize?prefCd=43&kikanCd=343610249&kikanKbn=3", "url2": null, "内容": "野村歯科医院【3:歯科】熊本県葦北郡芦北町小田浦１３４８ー５" }, "geometry": { "type": "Point", "coordinates": [ 130.504864, 32.34987 ] } },
{ "type": "Feature", "properties": { "ID": 433343610281, "正式名称": "百間歯科医院", "機関区分": 3, "都道府県コード": 43, "市区町村コード": 205, "所在地": "熊本県水俣市港町１ー３ー２１", "緯度": 32.202014, "経度": 130.389747, "url": "https://www.iryou.teikyouseido.mhlw.go.jp/znk-web/juminkanja/S2430/initialize?prefCd=43&kikanCd=343610281&kikanKbn=3", "url2": "hyakken-dc.cihp.jp", "内容": "百間歯科医院【3:歯科】熊本県水俣市港町１ー３ー２１" }, "geometry": { "type": "Point", "coordinates": [ 130.389747, 32.202014 ] } },
{ "type": "Feature", "properties": { "ID": 433343610324, "正式名称": "井上歯科医院", "機関区分": 3, "都道府県コード": 43, "市区町村コード": 482, "所在地": "熊本県葦北郡芦北町花岡１８４６－８", "緯度": 32.306274, "経度": 130.500171, "url": "https://www.iryou.teikyouseido.mhlw.go.jp/znk-web/juminkanja/S2430/initialize?prefCd=43&kikanCd=343610324&kikanKbn=3", "url2": null, "内容": "井上歯科医院【3:歯科】熊本県葦北郡芦北町花岡１８４６－８" }, "geometry": { "type": "Point", "coordinates": [ 130.500171, 32.306274 ] } },
{ "type": "Feature", "properties": { "ID": 433343610337, "正式名称": "あいりす歯科医院", "機関区分": 3, "都道府県コード": 43, "市区町村コード": 482, "所在地": "熊本県葦北郡芦北町道川内６ー９", "緯度": 32.308349, "経度": 130.50121, "url": "https://www.iryou.teikyouseido.mhlw.go.jp/znk-web/juminkanja/S2430/initialize?prefCd=43&kikanCd=343610337&kikanKbn=3", "url2": null, "内容": "あいりす歯科医院【3:歯科】熊本県葦北郡芦北町道川内６ー９" }, "geometry": { "type": "Point", "coordinates": [ 130.50121, 32.308349 ] } },
{ "type": "Feature", "properties": { "ID": 433343610340, "正式名称": "ひかり歯科クリニック", "機関区分": 3, "都道府県コード": 43, "市区町村コード": 205, "所在地": "熊本県水俣市大黒町２ー３ー１２", "緯度": 32.210141, "経度": 130.401202, "url": "https://www.iryou.teikyouseido.mhlw.go.jp/znk-web/juminkanja/S2430/initialize?prefCd=43&kikanCd=343610340&kikanKbn=3", "url2": "http://asap-hikari.jp/", "内容": "ひかり歯科クリニック【3:歯科】熊本県水俣市大黒町２ー３ー１２" }, "geometry": { "type": "Point", "coordinates": [ 130.401202, 32.210141 ] } },
{ "type": "Feature", "properties": { "ID": 433343610366, "正式名称": "鶴野歯科医院", "機関区分": 3, "都道府県コード": 43, "市区町村コード": 484, "所在地": "熊本県葦北郡津奈木町岩城４９７ー１", "緯度": 32.233889, "経度": 130.448343, "url": "https://www.iryou.teikyouseido.mhlw.go.jp/znk-web/juminkanja/S2430/initialize?prefCd=43&kikanCd=343610366&kikanKbn=3", "url2": null, "内容": "鶴野歯科医院【3:歯科】熊本県葦北郡津奈木町岩城４９７ー１" }, "geometry": { "type": "Point", "coordinates": [ 130.448343, 32.233889 ] } },
{ "type": "Feature", "properties": { "ID": 433343610382, "正式名称": "深水歯科医院", "機関区分": 3, "都道府県コード": 43, "市区町村コード": 205, "所在地": "熊本県水俣市浜町２ー６８ー１", "緯度": 32.21181, "経度": 130.40204, "url": "https://www.iryou.teikyouseido.mhlw.go.jp/znk-web/juminkanja/S2430/initialize?prefCd=43&kikanCd=343610382&kikanKbn=3", "url2": null, "内容": "深水歯科医院【3:歯科】熊本県水俣市浜町２ー６８ー１" }, "geometry": { "type": "Point", "coordinates": [ 130.40204, 32.21181 ] } },
{ "type": "Feature", "properties": { "ID": 433343610395, "正式名称": "あしきた歯科医院", "機関区分": 3, "都道府県コード": 43, "市区町村コード": 482, "所在地": "熊本県葦北郡芦北町芦北２３８６ー１", "緯度": 32.292756, "経度": 130.494573, "url": "https://www.iryou.teikyouseido.mhlw.go.jp/znk-web/juminkanja/S2430/initialize?prefCd=43&kikanCd=343610395&kikanKbn=3", "url2": null, "内容": "あしきた歯科医院【3:歯科】熊本県葦北郡芦北町芦北２３８６ー１" }, "geometry": { "type": "Point", "coordinates": [ 130.494573, 32.292756 ] } },
{ "type": "Feature", "properties": { "ID": 433343620040, "正式名称": "熊埜御堂歯科医院", "機関区分": 3, "都道府県コード": 43, "市区町村コード": 203, "所在地": "熊本県人吉市上青井町１４０ー３６", "緯度": 32.213282, "経度": 130.755391, "url": "https://www.iryou.teikyouseido.mhlw.go.jp/znk-web/juminkanja/S2430/initialize?prefCd=43&kikanCd=343620040&kikanKbn=3", "url2": null, "内容": "熊埜御堂歯科医院【3:歯科】熊本県人吉市上青井町１４０ー３６" }, "geometry": { "type": "Point", "coordinates": [ 130.755391, 32.213282 ] } },
{ "type": "Feature", "properties": { "ID": 433343620095, "正式名称": "武末歯科診療所", "機関区分": 3, "都道府県コード": 43, "市区町村コード": 203, "所在地": "熊本県人吉市上青井町１４７ー２", "緯度": 32.212479, "経度": 130.754119, "url": "https://www.iryou.teikyouseido.mhlw.go.jp/znk-web/juminkanja/S2430/initialize?prefCd=43&kikanCd=343620095&kikanKbn=3", "url2": null, "内容": "武末歯科診療所【3:歯科】熊本県人吉市上青井町１４７ー２" }, "geometry": { "type": "Point", "coordinates": [ 130.754119, 32.212479 ] } },
{ "type": "Feature", "properties": { "ID": 433343620109, "正式名称": "いりえ歯科医院", "機関区分": 3, "都道府県コード": 43, "市区町村コード": 203, "所在地": "熊本県人吉市西間下町１６６ー９", "緯度": 32.202734, "経度": 130.760463, "url": "https://www.iryou.teikyouseido.mhlw.go.jp/znk-web/juminkanja/S2430/initialize?prefCd=43&kikanCd=343620109&kikanKbn=3", "url2": "https://irieda.com", "内容": "いりえ歯科医院【3:歯科】熊本県人吉市西間下町１６６ー９" }, "geometry": { "type": "Point", "coordinates": [ 130.760463, 32.202734 ] } },
{ "type": "Feature", "properties": { "ID": 433343620138, "正式名称": "瀬戸歯科医院", "機関区分": 3, "都道府県コード": 43, "市区町村コード": 203, "所在地": "熊本県人吉市上青井町１８５ー８", "緯度": 32.214875, "経度": 130.756571, "url": "https://www.iryou.teikyouseido.mhlw.go.jp/znk-web/juminkanja/S2430/initialize?prefCd=43&kikanCd=343620138&kikanKbn=3", "url2": null, "内容": "瀬戸歯科医院【3:歯科】熊本県人吉市上青井町１８５ー８" }, "geometry": { "type": "Point", "coordinates": [ 130.756571, 32.214875 ] } },
{ "type": "Feature", "properties": { "ID": 433343620141, "正式名称": "今藤歯科医院", "機関区分": 3, "都道府県コード": 43, "市区町村コード": 203, "所在地": "熊本県人吉市北泉田町２３４", "緯度": 32.218873, "経度": 130.764507, "url": "https://www.iryou.teikyouseido.mhlw.go.jp/znk-web/juminkanja/S2430/initialize?prefCd=43&kikanCd=343620141&kikanKbn=3", "url2": "http://www.imafuji-dc.or.jp/", "内容": "今藤歯科医院【3:歯科】熊本県人吉市北泉田町２３４" }, "geometry": { "type": "Point", "coordinates": [ 130.764507, 32.218873 ] } },
{ "type": "Feature", "properties": { "ID": 433343620170, "正式名称": "高野歯科医院", "機関区分": 3, "都道府県コード": 43, "市区町村コード": 501, "所在地": "熊本県球磨郡錦町一武２１１１", "緯度": 32.199314, "経度": 130.844009, "url": "https://www.iryou.teikyouseido.mhlw.go.jp/znk-web/juminkanja/S2430/initialize?prefCd=43&kikanCd=343620170&kikanKbn=3", "url2": null, "内容": "高野歯科医院【3:歯科】熊本県球磨郡錦町一武２１１１" }, "geometry": { "type": "Point", "coordinates": [ 130.844009, 32.199314 ] } },
{ "type": "Feature", "properties": { "ID": 433343620213, "正式名称": "中原歯科医院", "機関区分": 3, "都道府県コード": 43, "市区町村コード": 505, "所在地": "熊本県球磨郡多良木町多良木５６４", "緯度": 32.263934, "経度": 130.938419, "url": "https://www.iryou.teikyouseido.mhlw.go.jp/znk-web/juminkanja/S2430/initialize?prefCd=43&kikanCd=343620213&kikanKbn=3", "url2": null, "内容": "中原歯科医院【3:歯科】熊本県球磨郡多良木町多良木５６４" }, "geometry": { "type": "Point", "coordinates": [ 130.938419, 32.263934 ] } },
{ "type": "Feature", "properties": { "ID": 433343620327, "正式名称": "中原歯科医院", "機関区分": 3, "都道府県コード": 43, "市区町村コード": 203, "所在地": "熊本県人吉市下薩摩瀬町８４９ー１１", "緯度": 32.212758, "経度": 130.738769, "url": "https://www.iryou.teikyouseido.mhlw.go.jp/znk-web/juminkanja/S2430/initialize?prefCd=43&kikanCd=343620327&kikanKbn=3", "url2": "https://nakaharadc.com/", "内容": "中原歯科医院【3:歯科】熊本県人吉市下薩摩瀬町８４９ー１１" }, "geometry": { "type": "Point", "coordinates": [ 130.738769, 32.212758 ] } },
{ "type": "Feature", "properties": { "ID": 433343620330, "正式名称": "秋山歯科医院", "機関区分": 3, "都道府県コード": 43, "市区町村コード": 505, "所在地": "熊本県球磨郡多良木町多良木２８３９ー１", "緯度": 32.257576, "経度": 130.929243, "url": "https://www.iryou.teikyouseido.mhlw.go.jp/znk-web/juminkanja/S2430/initialize?prefCd=43&kikanCd=343620330&kikanKbn=3", "url2": null, "内容": "秋山歯科医院【3:歯科】熊本県球磨郡多良木町多良木２８３９ー１" }, "geometry": { "type": "Point", "coordinates": [ 130.929243, 32.257576 ] } },
{ "type": "Feature", "properties": { "ID": 433343620369, "正式名称": "秋山歯科クリニック", "機関区分": 3, "都道府県コード": 43, "市区町村コード": 514, "所在地": "熊本県球磨郡あさぎり町免田東１９８２ー４１", "緯度": 32.238333, "経度": 130.901038, "url": "https://www.iryou.teikyouseido.mhlw.go.jp/znk-web/juminkanja/S2430/initialize?prefCd=43&kikanCd=343620369&kikanKbn=3", "url2": null, "内容": "秋山歯科クリニック【3:歯科】熊本県球磨郡あさぎり町免田東１９８２ー４１" }, "geometry": { "type": "Point", "coordinates": [ 130.901038, 32.238333 ] } },
{ "type": "Feature", "properties": { "ID": 433343620372, "正式名称": "御手洗歯科医院", "機関区分": 3, "都道府県コード": 43, "市区町村コード": 203, "所在地": "熊本県人吉市南町８ー１３", "緯度": 32.206341, "経度": 130.762891, "url": "https://www.iryou.teikyouseido.mhlw.go.jp/znk-web/juminkanja/S2430/initialize?prefCd=43&kikanCd=343620372&kikanKbn=3", "url2": null, "内容": "御手洗歯科医院【3:歯科】熊本県人吉市南町８ー１３" }, "geometry": { "type": "Point", "coordinates": [ 130.762891, 32.206341 ] } },
{ "type": "Feature", "properties": { "ID": 433343620385, "正式名称": "清水歯科クリニック", "機関区分": 3, "都道府県コード": 43, "市区町村コード": 203, "所在地": "熊本県人吉市願成寺町１３０６", "緯度": 32.222812, "経度": 130.7719, "url": "https://www.iryou.teikyouseido.mhlw.go.jp/znk-web/juminkanja/S2430/initialize?prefCd=43&kikanCd=343620385&kikanKbn=3", "url2": null, "内容": "清水歯科クリニック【3:歯科】熊本県人吉市願成寺町１３０６" }, "geometry": { "type": "Point", "coordinates": [ 130.7719, 32.222812 ] } },
{ "type": "Feature", "properties": { "ID": 433343620402, "正式名称": "愛甲歯科クリニック", "機関区分": 3, "都道府県コード": 43, "市区町村コード": 203, "所在地": "熊本県人吉市七日町９４ー５", "緯度": 32.215321, "経度": 130.766993, "url": "https://www.iryou.teikyouseido.mhlw.go.jp/znk-web/juminkanja/S2430/initialize?prefCd=43&kikanCd=343620402&kikanKbn=3", "url2": null, "内容": "愛甲歯科クリニック【3:歯科】熊本県人吉市七日町９４ー５" }, "geometry": { "type": "Point", "coordinates": [ 130.766993, 32.215321 ] } },
{ "type": "Feature", "properties": { "ID": 433343620428, "正式名称": "むかえ歯科医院", "機関区分": 3, "都道府県コード": 43, "市区町村コード": 506, "所在地": "熊本県球磨郡湯前町植木１２３７ー４", "緯度": 32.279553, "経度": 130.971733, "url": "https://www.iryou.teikyouseido.mhlw.go.jp/znk-web/juminkanja/S2430/initialize?prefCd=43&kikanCd=343620428&kikanKbn=3", "url2": "http://www.mukae-shika.com", "内容": "むかえ歯科医院【3:歯科】熊本県球磨郡湯前町植木１２３７ー４" }, "geometry": { "type": "Point", "coordinates": [ 130.971733, 32.279553 ] } },
{ "type": "Feature", "properties": { "ID": 433343620431, "正式名称": "水上歯科医院", "機関区分": 3, "都道府県コード": 43, "市区町村コード": 507, "所在地": "熊本県球磨郡水上村岩野２６６６ー１", "緯度": 32.292863, "経度": 130.985885, "url": "https://www.iryou.teikyouseido.mhlw.go.jp/znk-web/juminkanja/S2430/initialize?prefCd=43&kikanCd=343620431&kikanKbn=3", "url2": null, "内容": "水上歯科医院【3:歯科】熊本県球磨郡水上村岩野２６６６ー１" }, "geometry": { "type": "Point", "coordinates": [ 130.985885, 32.292863 ] } },
{ "type": "Feature", "properties": { "ID": 433343620444, "正式名称": "にしき歯科医院", "機関区分": 3, "都道府県コード": 43, "市区町村コード": 501, "所在地": "熊本県球磨郡錦町西８０９", "緯度": 32.196496, "経度": 130.812063, "url": "https://www.iryou.teikyouseido.mhlw.go.jp/znk-web/juminkanja/S2430/initialize?prefCd=43&kikanCd=343620444&kikanKbn=3", "url2": "http://nishikishika.jp", "内容": "にしき歯科医院【3:歯科】熊本県球磨郡錦町西８０９" }, "geometry": { "type": "Point", "coordinates": [ 130.812063, 32.196496 ] } },
{ "type": "Feature", "properties": { "ID": 433343620457, "正式名称": "斉藤歯科クリニック", "機関区分": 3, "都道府県コード": 43, "市区町村コード": 203, "所在地": "熊本県人吉市下城本町１３８３ー１", "緯度": 32.212768, "経度": 130.744631, "url": "https://www.iryou.teikyouseido.mhlw.go.jp/znk-web/juminkanja/S2430/initialize?prefCd=43&kikanCd=343620457&kikanKbn=3", "url2": "https://saitosika13.web.fc2.com/", "内容": "斉藤歯科クリニック【3:歯科】熊本県人吉市下城本町１３８３ー１" }, "geometry": { "type": "Point", "coordinates": [ 130.744631, 32.212768 ] } },
{ "type": "Feature", "properties": { "ID": 433343620486, "正式名称": "湯本歯科医院", "機関区分": 3, "都道府県コード": 43, "市区町村コード": 203, "所在地": "熊本県人吉市宝来町１５ー３", "緯度": 32.209671, "経度": 130.747153, "url": "https://www.iryou.teikyouseido.mhlw.go.jp/znk-web/juminkanja/S2430/initialize?prefCd=43&kikanCd=343620486&kikanKbn=3", "url2": null, "内容": "湯本歯科医院【3:歯科】熊本県人吉市宝来町１５ー３" }, "geometry": { "type": "Point", "coordinates": [ 130.747153, 32.209671 ] } },
{ "type": "Feature", "properties": { "ID": 433343620499, "正式名称": "花田歯科医院", "機関区分": 3, "都道府県コード": 43, "市区町村コード": 203, "所在地": "熊本県人吉市駒井田町２４５", "緯度": 32.216532, "経度": 130.757019, "url": "https://www.iryou.teikyouseido.mhlw.go.jp/znk-web/juminkanja/S2430/initialize?prefCd=43&kikanCd=343620499&kikanKbn=3", "url2": null, "内容": "花田歯科医院【3:歯科】熊本県人吉市駒井田町２４５" }, "geometry": { "type": "Point", "coordinates": [ 130.757019, 32.216532 ] } },
{ "type": "Feature", "properties": { "ID": 433343620503, "正式名称": "山村歯科医院", "機関区分": 3, "都道府県コード": 43, "市区町村コード": 514, "所在地": "熊本県球磨郡あさぎり町免田東３９０ー１", "緯度": 32.233072, "経度": 130.889805, "url": "https://www.iryou.teikyouseido.mhlw.go.jp/znk-web/juminkanja/S2430/initialize?prefCd=43&kikanCd=343620503&kikanKbn=3", "url2": null, "内容": "山村歯科医院【3:歯科】熊本県球磨郡あさぎり町免田東３９０ー１" }, "geometry": { "type": "Point", "coordinates": [ 130.889805, 32.233072 ] } },
{ "type": "Feature", "properties": { "ID": 433343620529, "正式名称": "相良歯科医院", "機関区分": 3, "都道府県コード": 43, "市区町村コード": 203, "所在地": "熊本県人吉市下原田町荒毛１３５５ー２", "緯度": 32.227628, "経度": 130.72406, "url": "https://www.iryou.teikyouseido.mhlw.go.jp/znk-web/juminkanja/S2430/initialize?prefCd=43&kikanCd=343620529&kikanKbn=3", "url2": null, "内容": "相良歯科医院【3:歯科】熊本県人吉市下原田町荒毛１３５５ー２" }, "geometry": { "type": "Point", "coordinates": [ 130.72406, 32.227628 ] } },
{ "type": "Feature", "properties": { "ID": 433343620561, "正式名称": "与田歯科医院", "機関区分": 3, "都道府県コード": 43, "市区町村コード": 203, "所在地": "熊本県人吉市願成寺町４０４ー４", "緯度": 32.219404, "経度": 130.770951, "url": "https://www.iryou.teikyouseido.mhlw.go.jp/znk-web/juminkanja/S2430/initialize?prefCd=43&kikanCd=343620561&kikanKbn=3", "url2": null, "内容": "与田歯科医院【3:歯科】熊本県人吉市願成寺町４０４ー４" }, "geometry": { "type": "Point", "coordinates": [ 130.770951, 32.219404 ] } },
{ "type": "Feature", "properties": { "ID": 433343620587, "正式名称": "くろにた歯科医院", "機関区分": 3, "都道府県コード": 43, "市区町村コード": 505, "所在地": "熊本県球磨郡多良木町多良木１５５３ー６", "緯度": 32.262378, "経度": 130.933909, "url": "https://www.iryou.teikyouseido.mhlw.go.jp/znk-web/juminkanja/S2430/initialize?prefCd=43&kikanCd=343620587&kikanKbn=3", "url2": "kuronita-shika.com", "内容": "くろにた歯科医院【3:歯科】熊本県球磨郡多良木町多良木１５５３ー６" }, "geometry": { "type": "Point", "coordinates": [ 130.933909, 32.262378 ] } },
{ "type": "Feature", "properties": { "ID": 433343620590, "正式名称": "医療法人同仁会", "機関区分": 3, "都道府県コード": 43, "市区町村コード": 514, "所在地": "熊本県球磨郡あさぎり町免田東１８０６ー１", "緯度": 32.235822, "経度": 130.899374, "url": "https://www.iryou.teikyouseido.mhlw.go.jp/znk-web/juminkanja/S2430/initialize?prefCd=43&kikanCd=343620590&kikanKbn=3", "url2": null, "内容": "医療法人同仁会【3:歯科】熊本県球磨郡あさぎり町免田東１８０６ー１" }, "geometry": { "type": "Point", "coordinates": [ 130.899374, 32.235822 ] } },
{ "type": "Feature", "properties": { "ID": 433343620604, "正式名称": "医療法人　是真会　瓦屋町歯科", "機関区分": 3, "都道府県コード": 43, "市区町村コード": 203, "所在地": "熊本県人吉市瓦屋町１１１８ー１", "緯度": 32.220298, "経度": 130.757746, "url": "https://www.iryou.teikyouseido.mhlw.go.jp/znk-web/juminkanja/S2430/initialize?prefCd=43&kikanCd=343620604&kikanKbn=3", "url2": "http://kwr.dentalmall.jp", "内容": "医療法人　是真会　瓦屋町歯科【3:歯科】熊本県人吉市瓦屋町１１１８ー１" }, "geometry": { "type": "Point", "coordinates": [ 130.757746, 32.220298 ] } },
{ "type": "Feature", "properties": { "ID": 433343620633, "正式名称": "なかくま歯科医院", "機関区分": 3, "都道府県コード": 43, "市区町村コード": 514, "所在地": "熊本県球磨郡あさぎり町免田西２２７３ー５", "緯度": 32.226071, "経度": 130.876629, "url": "https://www.iryou.teikyouseido.mhlw.go.jp/znk-web/juminkanja/S2430/initialize?prefCd=43&kikanCd=343620633&kikanKbn=3", "url2": "http://www3.plala.or.jp/nakakumashika/", "内容": "なかくま歯科医院【3:歯科】熊本県球磨郡あさぎり町免田西２２７３ー５" }, "geometry": { "type": "Point", "coordinates": [ 130.876629, 32.226071 ] } },
{ "type": "Feature", "properties": { "ID": 433343620659, "正式名称": "菊竹歯科", "機関区分": 3, "都道府県コード": 43, "市区町村コード": 203, "所在地": "熊本県人吉市田町１０", "緯度": 32.205559, "経度": 130.765894, "url": "https://www.iryou.teikyouseido.mhlw.go.jp/znk-web/juminkanja/S2430/initialize?prefCd=43&kikanCd=343620659&kikanKbn=3", "url2": null, "内容": "菊竹歯科【3:歯科】熊本県人吉市田町１０" }, "geometry": { "type": "Point", "coordinates": [ 130.765894, 32.205559 ] } },
{ "type": "Feature", "properties": { "ID": 433343620705, "正式名称": "やまさき歯科医院", "機関区分": 3, "都道府県コード": 43, "市区町村コード": 506, "所在地": "熊本県球磨郡湯前町中里２８４８ー２", "緯度": 32.283065, "経度": 130.979996, "url": "https://www.iryou.teikyouseido.mhlw.go.jp/znk-web/juminkanja/S2430/initialize?prefCd=43&kikanCd=343620705&kikanKbn=3", "url2": null, "内容": "やまさき歯科医院【3:歯科】熊本県球磨郡湯前町中里２８４８ー２" }, "geometry": { "type": "Point", "coordinates": [ 130.979996, 32.283065 ] } },
{ "type": "Feature", "properties": { "ID": 433343620721, "正式名称": "さくら歯科医院", "機関区分": 3, "都道府県コード": 43, "市区町村コード": 501, "所在地": "熊本県球磨郡錦町西３２８７", "緯度": 32.195907, "経度": 130.823781, "url": "https://www.iryou.teikyouseido.mhlw.go.jp/znk-web/juminkanja/S2430/initialize?prefCd=43&kikanCd=343620721&kikanKbn=3", "url2": null, "内容": "さくら歯科医院【3:歯科】熊本県球磨郡錦町西３２８７" }, "geometry": { "type": "Point", "coordinates": [ 130.823781, 32.195907 ] } },
{ "type": "Feature", "properties": { "ID": 433343620734, "正式名称": "たなかファミリー歯科", "機関区分": 3, "都道府県コード": 43, "市区町村コード": 203, "所在地": "熊本県人吉市南泉田町９５ー２", "緯度": 32.216937, "経度": 130.763038, "url": "https://www.iryou.teikyouseido.mhlw.go.jp/znk-web/juminkanja/S2430/initialize?prefCd=43&kikanCd=343620734&kikanKbn=3", "url2": null, "内容": "たなかファミリー歯科【3:歯科】熊本県人吉市南泉田町９５ー２" }, "geometry": { "type": "Point", "coordinates": [ 130.763038, 32.216937 ] } },
{ "type": "Feature", "properties": { "ID": 433343620763, "正式名称": "新名歯科医院", "機関区分": 3, "都道府県コード": 43, "市区町村コード": 203, "所在地": "熊本県人吉市城本町５２６ー１７", "緯度": 32.218214, "経度": 130.75133, "url": "https://www.iryou.teikyouseido.mhlw.go.jp/znk-web/juminkanja/S2430/initialize?prefCd=43&kikanCd=343620763&kikanKbn=3", "url2": null, "内容": "新名歯科医院【3:歯科】熊本県人吉市城本町５２６ー１７" }, "geometry": { "type": "Point", "coordinates": [ 130.75133, 32.218214 ] } },
{ "type": "Feature", "properties": { "ID": 433343620776, "正式名称": "おおた歯科こども歯科クリニック", "機関区分": 3, "都道府県コード": 43, "市区町村コード": 505, "所在地": "熊本県球磨郡多良木町多良木９３８ー３", "緯度": 32.262195, "経度": 130.937858, "url": "https://www.iryou.teikyouseido.mhlw.go.jp/znk-web/juminkanja/S2430/initialize?prefCd=43&kikanCd=343620776&kikanKbn=3", "url2": "https://ohtashikaclinic.com/", "内容": "おおた歯科こども歯科クリニック【3:歯科】熊本県球磨郡多良木町多良木９３８ー３" }, "geometry": { "type": "Point", "coordinates": [ 130.937858, 32.262195 ] } },
{ "type": "Feature", "properties": { "ID": 433343620789, "正式名称": "医療法人春陽会　佐々木人吉駅歯科", "機関区分": 3, "都道府県コード": 43, "市区町村コード": 203, "所在地": "熊本県人吉市中青井町３０９ー５", "緯度": 32.214589, "経度": 130.754006, "url": "https://www.iryou.teikyouseido.mhlw.go.jp/znk-web/juminkanja/S2430/initialize?prefCd=43&kikanCd=343620789&kikanKbn=3", "url2": null, "内容": "医療法人春陽会　佐々木人吉駅歯科【3:歯科】熊本県人吉市中青井町３０９ー５" }, "geometry": { "type": "Point", "coordinates": [ 130.754006, 32.214589 ] } },
{ "type": "Feature", "properties": { "ID": 433343620792, "正式名称": "あさぎり歯科クリニック", "機関区分": 3, "都道府県コード": 43, "市区町村コード": 514, "所在地": "熊本県球磨郡あさぎり町上北１２７４ー２", "緯度": 32.225551, "経度": 130.898449, "url": "https://www.iryou.teikyouseido.mhlw.go.jp/znk-web/juminkanja/S2430/initialize?prefCd=43&kikanCd=343620792&kikanKbn=3", "url2": null, "内容": "あさぎり歯科クリニック【3:歯科】熊本県球磨郡あさぎり町上北１２７４ー２" }, "geometry": { "type": "Point", "coordinates": [ 130.898449, 32.225551 ] } },
{ "type": "Feature", "properties": { "ID": 433343620806, "正式名称": "球磨川歯科医院", "機関区分": 3, "都道府県コード": 43, "市区町村コード": 203, "所在地": "熊本県人吉市下原田町１４３３番地１－２", "緯度": 32.230611, "経度": 130.723461, "url": "https://www.iryou.teikyouseido.mhlw.go.jp/znk-web/juminkanja/S2430/initialize?prefCd=43&kikanCd=343620806&kikanKbn=3", "url2": null, "内容": "球磨川歯科医院【3:歯科】熊本県人吉市下原田町１４３３番地１－２" }, "geometry": { "type": "Point", "coordinates": [ 130.723461, 32.230611 ] } },
{ "type": "Feature", "properties": { "ID": 433343620835, "正式名称": "内山クリニック", "機関区分": 3, "都道府県コード": 43, "市区町村コード": 203, "所在地": "熊本県人吉市九日町６", "緯度": 32.213852, "経度": 130.761743, "url": "https://www.iryou.teikyouseido.mhlw.go.jp/znk-web/juminkanja/S2430/initialize?prefCd=43&kikanCd=343620835&kikanKbn=3", "url2": null, "内容": "内山クリニック【3:歯科】熊本県人吉市九日町６" }, "geometry": { "type": "Point", "coordinates": [ 130.761743, 32.213852 ] } },
{ "type": "Feature", "properties": { "ID": 433343620848, "正式名称": "那須＆べいか歯科クリニック", "機関区分": 3, "都道府県コード": 43, "市区町村コード": 203, "所在地": "熊本県人吉市灰久保町１９－２", "緯度": 32.208886, "経度": 130.756425, "url": "https://www.iryou.teikyouseido.mhlw.go.jp/znk-web/juminkanja/S2430/initialize?prefCd=43&kikanCd=343620848&kikanKbn=3", "url2": null, "内容": "那須＆べいか歯科クリニック【3:歯科】熊本県人吉市灰久保町１９－２" }, "geometry": { "type": "Point", "coordinates": [ 130.756425, 32.208886 ] } },
{ "type": "Feature", "properties": { "ID": 433343630030, "正式名称": "松田歯科医院", "機関区分": 3, "都道府県コード": 43, "市区町村コード": 215, "所在地": "熊本県天草市栄町１０ー３５", "緯度": 32.455502, "経度": 130.191049, "url": "https://www.iryou.teikyouseido.mhlw.go.jp/znk-web/juminkanja/S2430/initialize?prefCd=43&kikanCd=343630030&kikanKbn=3", "url2": "http://1933matsuda.com/", "内容": "松田歯科医院【3:歯科】熊本県天草市栄町１０ー３５" }, "geometry": { "type": "Point", "coordinates": [ 130.191049, 32.455502 ] } },
{ "type": "Feature", "properties": { "ID": 433343630056, "正式名称": "蓑田歯科医院", "機関区分": 3, "都道府県コード": 43, "市区町村コード": 215, "所在地": "熊本県天草市太田町２１ー９", "緯度": 32.450358, "経度": 130.198948, "url": "https://www.iryou.teikyouseido.mhlw.go.jp/znk-web/juminkanja/S2430/initialize?prefCd=43&kikanCd=343630056&kikanKbn=3", "url2": null, "内容": "蓑田歯科医院【3:歯科】熊本県天草市太田町２１ー９" }, "geometry": { "type": "Point", "coordinates": [ 130.198948, 32.450358 ] } },
{ "type": "Feature", "properties": { "ID": 433343630072, "正式名称": "中村歯科医院", "機関区分": 3, "都道府県コード": 43, "市区町村コード": 215, "所在地": "熊本県天草市南新町７ー８", "緯度": 32.453803, "経度": 130.195123, "url": "https://www.iryou.teikyouseido.mhlw.go.jp/znk-web/juminkanja/S2430/initialize?prefCd=43&kikanCd=343630072&kikanKbn=3", "url2": "nakamura-dentaloffice.com", "内容": "中村歯科医院【3:歯科】熊本県天草市南新町７ー８" }, "geometry": { "type": "Point", "coordinates": [ 130.195123, 32.453803 ] } },
{ "type": "Feature", "properties": { "ID": 433343630098, "正式名称": "久々山歯科医院", "機関区分": 3, "都道府県コード": 43, "市区町村コード": 215, "所在地": "熊本県天草市今釜新町３５１３", "緯度": 32.459773, "経度": 130.195807, "url": "https://www.iryou.teikyouseido.mhlw.go.jp/znk-web/juminkanja/S2430/initialize?prefCd=43&kikanCd=343630098&kikanKbn=3", "url2": null, "内容": "久々山歯科医院【3:歯科】熊本県天草市今釜新町３５１３" }, "geometry": { "type": "Point", "coordinates": [ 130.195807, 32.459773 ] } },
{ "type": "Feature", "properties": { "ID": 433343630102, "正式名称": "松原歯科医院", "機関区分": 3, "都道府県コード": 43, "市区町村コード": 212, "所在地": "熊本県上天草市松島町合津３１８７ー２", "緯度": 32.503192, "経度": 130.426445, "url": "https://www.iryou.teikyouseido.mhlw.go.jp/znk-web/juminkanja/S2430/initialize?prefCd=43&kikanCd=343630102&kikanKbn=3", "url2": "http://www,matsubara-dental.com/", "内容": "松原歯科医院【3:歯科】熊本県上天草市松島町合津３１８７ー２" }, "geometry": { "type": "Point", "coordinates": [ 130.426445, 32.503192 ] } },
{ "type": "Feature", "properties": { "ID": 433343630128, "正式名称": "はまさき歯科医院", "機関区分": 3, "都道府県コード": 43, "市区町村コード": 215, "所在地": "熊本県天草市有明町大浦１５６５", "緯度": 32.521175, "経度": 130.359918, "url": "https://www.iryou.teikyouseido.mhlw.go.jp/znk-web/juminkanja/S2430/initialize?prefCd=43&kikanCd=343630128&kikanKbn=3", "url2": null, "内容": "はまさき歯科医院【3:歯科】熊本県天草市有明町大浦１５６５" }, "geometry": { "type": "Point", "coordinates": [ 130.359918, 32.521175 ] } },
{ "type": "Feature", "properties": { "ID": 433343630173, "正式名称": "田崎歯科医院", "機関区分": 3, "都道府県コード": 43, "市区町村コード": 215, "所在地": "熊本県天草市五和町御領６４８７", "緯度": 32.514497, "経度": 130.188897, "url": "https://www.iryou.teikyouseido.mhlw.go.jp/znk-web/juminkanja/S2430/initialize?prefCd=43&kikanCd=343630173&kikanKbn=3", "url2": null, "内容": "田崎歯科医院【3:歯科】熊本県天草市五和町御領６４８７" }, "geometry": { "type": "Point", "coordinates": [ 130.188897, 32.514497 ] } },
{ "type": "Feature", "properties": { "ID": 433343630203, "正式名称": "青砥歯科医院", "機関区分": 3, "都道府県コード": 43, "市区町村コード": 531, "所在地": "熊本県天草郡苓北町志岐１２９", "緯度": 32.512773, "経度": 130.050751, "url": "https://www.iryou.teikyouseido.mhlw.go.jp/znk-web/juminkanja/S2430/initialize?prefCd=43&kikanCd=343630203&kikanKbn=3", "url2": null, "内容": "青砥歯科医院【3:歯科】熊本県天草郡苓北町志岐１２９" }, "geometry": { "type": "Point", "coordinates": [ 130.050751, 32.512773 ] } },
{ "type": "Feature", "properties": { "ID": 433343630258, "正式名称": "嶽本歯科医院", "機関区分": 3, "都道府県コード": 43, "市区町村コード": 212, "所在地": "熊本県上天草市松島町合津４２１１ー４", "緯度": 32.512819, "経度": 130.429219, "url": "https://www.iryou.teikyouseido.mhlw.go.jp/znk-web/juminkanja/S2430/initialize?prefCd=43&kikanCd=343630258&kikanKbn=3", "url2": null, "内容": "嶽本歯科医院【3:歯科】熊本県上天草市松島町合津４２１１ー４" }, "geometry": { "type": "Point", "coordinates": [ 130.429219, 32.512819 ] } },
{ "type": "Feature", "properties": { "ID": 433343630261, "正式名称": "伊東歯科医院", "機関区分": 3, "都道府県コード": 43, "市区町村コード": 215, "所在地": "熊本県天草市南新町１３ー２", "緯度": 32.452219, "経度": 130.195863, "url": "https://www.iryou.teikyouseido.mhlw.go.jp/znk-web/juminkanja/S2430/initialize?prefCd=43&kikanCd=343630261&kikanKbn=3", "url2": null, "内容": "伊東歯科医院【3:歯科】熊本県天草市南新町１３ー２" }, "geometry": { "type": "Point", "coordinates": [ 130.195863, 32.452219 ] } },
{ "type": "Feature", "properties": { "ID": 433343630287, "正式名称": "ファミリー歯科", "機関区分": 3, "都道府県コード": 43, "市区町村コード": 215, "所在地": "熊本県天草市東浜町１０ー１三貴ビル２Ｆ", "緯度": 32.458246, "経度": 130.192466, "url": "https://www.iryou.teikyouseido.mhlw.go.jp/znk-web/juminkanja/S2430/initialize?prefCd=43&kikanCd=343630287&kikanKbn=3", "url2": null, "内容": "ファミリー歯科【3:歯科】熊本県天草市東浜町１０ー１三貴ビル２Ｆ" }, "geometry": { "type": "Point", "coordinates": [ 130.192466, 32.458246 ] } },
{ "type": "Feature", "properties": { "ID": 433343630304, "正式名称": "森口歯科医院", "機関区分": 3, "都道府県コード": 43, "市区町村コード": 215, "所在地": "熊本県天草市天草町高浜北９７５ー１", "緯度": 32.381132, "経度": 129.997422, "url": "https://www.iryou.teikyouseido.mhlw.go.jp/znk-web/juminkanja/S2430/initialize?prefCd=43&kikanCd=343630304&kikanKbn=3", "url2": null, "内容": "森口歯科医院【3:歯科】熊本県天草市天草町高浜北９７５ー１" }, "geometry": { "type": "Point", "coordinates": [ 129.997422, 32.381132 ] } },
{ "type": "Feature", "properties": { "ID": 433343630317, "正式名称": "岡田歯科医院", "機関区分": 3, "都道府県コード": 43, "市区町村コード": 215, "所在地": "熊本県天草市新和町小宮地５３４ー３", "緯度": 32.36211, "経度": 130.184078, "url": "https://www.iryou.teikyouseido.mhlw.go.jp/znk-web/juminkanja/S2430/initialize?prefCd=43&kikanCd=343630317&kikanKbn=3", "url2": null, "内容": "岡田歯科医院【3:歯科】熊本県天草市新和町小宮地５３４ー３" }, "geometry": { "type": "Point", "coordinates": [ 130.184078, 32.36211 ] } },
{ "type": "Feature", "properties": { "ID": 433343630320, "正式名称": "小田歯科医院", "機関区分": 3, "都道府県コード": 43, "市区町村コード": 215, "所在地": "熊本県天草市本渡町本渡２５７０ー２４", "緯度": 32.456224, "経度": 130.181292, "url": "https://www.iryou.teikyouseido.mhlw.go.jp/znk-web/juminkanja/S2430/initialize?prefCd=43&kikanCd=343630320&kikanKbn=3", "url2": null, "内容": "小田歯科医院【3:歯科】熊本県天草市本渡町本渡２５７０ー２４" }, "geometry": { "type": "Point", "coordinates": [ 130.181292, 32.456224 ] } },
{ "type": "Feature", "properties": { "ID": 433343630346, "正式名称": "みなみ歯科医院", "機関区分": 3, "都道府県コード": 43, "市区町村コード": 215, "所在地": "熊本県天草市南新町３ー１９", "緯度": 32.453899, "経度": 130.193058, "url": "https://www.iryou.teikyouseido.mhlw.go.jp/znk-web/juminkanja/S2430/initialize?prefCd=43&kikanCd=343630346&kikanKbn=3", "url2": null, "内容": "みなみ歯科医院【3:歯科】熊本県天草市南新町３ー１９" }, "geometry": { "type": "Point", "coordinates": [ 130.193058, 32.453899 ] } },
{ "type": "Feature", "properties": { "ID": 433343630359, "正式名称": "あらき歯科医院", "機関区分": 3, "都道府県コード": 43, "市区町村コード": 531, "所在地": "熊本県天草郡苓北町志岐１１７", "緯度": 32.511451, "経度": 130.045749, "url": "https://www.iryou.teikyouseido.mhlw.go.jp/znk-web/juminkanja/S2430/initialize?prefCd=43&kikanCd=343630359&kikanKbn=3", "url2": null, "内容": "あらき歯科医院【3:歯科】熊本県天草郡苓北町志岐１１７" }, "geometry": { "type": "Point", "coordinates": [ 130.045749, 32.511451 ] } },
{ "type": "Feature", "properties": { "ID": 433343630391, "正式名称": "道脇歯科医院", "機関区分": 3, "都道府県コード": 43, "市区町村コード": 212, "所在地": "熊本県上天草市龍ヶ岳町樋島４０９ー４", "緯度": 32.39283, "経度": 130.408695, "url": "https://www.iryou.teikyouseido.mhlw.go.jp/znk-web/juminkanja/S2430/initialize?prefCd=43&kikanCd=343630391&kikanKbn=3", "url2": null, "内容": "道脇歯科医院【3:歯科】熊本県上天草市龍ヶ岳町樋島４０９ー４" }, "geometry": { "type": "Point", "coordinates": [ 130.408695, 32.39283 ] } },
{ "type": "Feature", "properties": { "ID": 433343630405, "正式名称": "竹中歯科医院", "機関区分": 3, "都道府県コード": 43, "市区町村コード": 212, "所在地": "熊本県上天草市姫戸町二間戸２２７９ー１", "緯度": 32.43179, "経度": 130.399403, "url": "https://www.iryou.teikyouseido.mhlw.go.jp/znk-web/juminkanja/S2430/initialize?prefCd=43&kikanCd=343630405&kikanKbn=3", "url2": null, "内容": "竹中歯科医院【3:歯科】熊本県上天草市姫戸町二間戸２２７９ー１" }, "geometry": { "type": "Point", "coordinates": [ 130.399403, 32.43179 ] } },
{ "type": "Feature", "properties": { "ID": 433343630418, "正式名称": "布井歯科", "機関区分": 3, "都道府県コード": 43, "市区町村コード": 215, "所在地": "熊本県天草市亀場町亀川１７３２ー１７", "緯度": 32.441521, "経度": 130.195748, "url": "https://www.iryou.teikyouseido.mhlw.go.jp/znk-web/juminkanja/S2430/initialize?prefCd=43&kikanCd=343630418&kikanKbn=3", "url2": null, "内容": "布井歯科【3:歯科】熊本県天草市亀場町亀川１７３２ー１７" }, "geometry": { "type": "Point", "coordinates": [ 130.195748, 32.441521 ] } },
{ "type": "Feature", "properties": { "ID": 433343630421, "正式名称": "槌本歯科医院", "機関区分": 3, "都道府県コード": 43, "市区町村コード": 215, "所在地": "熊本県天草市中央新町３ー３", "緯度": 32.456184, "経度": 130.191368, "url": "https://www.iryou.teikyouseido.mhlw.go.jp/znk-web/juminkanja/S2430/initialize?prefCd=43&kikanCd=343630421&kikanKbn=3", "url2": null, "内容": "槌本歯科医院【3:歯科】熊本県天草市中央新町３ー３" }, "geometry": { "type": "Point", "coordinates": [ 130.191368, 32.456184 ] } },
{ "type": "Feature", "properties": { "ID": 433343630450, "正式名称": "山本歯科医院", "機関区分": 3, "都道府県コード": 43, "市区町村コード": 215, "所在地": "熊本県天草市五和町二江４７２９", "緯度": 32.545512, "経度": 130.12547, "url": "https://www.iryou.teikyouseido.mhlw.go.jp/znk-web/juminkanja/S2430/initialize?prefCd=43&kikanCd=343630450&kikanKbn=3", "url2": "https://www.yamamotodental-clinic.jp/", "内容": "山本歯科医院【3:歯科】熊本県天草市五和町二江４７２９" }, "geometry": { "type": "Point", "coordinates": [ 130.12547, 32.545512 ] } },
{ "type": "Feature", "properties": { "ID": 433343630463, "正式名称": "中嶋歯科医院", "機関区分": 3, "都道府県コード": 43, "市区町村コード": 215, "所在地": "熊本県天草市東浜町１３ー１６", "緯度": 32.457276, "経度": 130.19146, "url": "https://www.iryou.teikyouseido.mhlw.go.jp/znk-web/juminkanja/S2430/initialize?prefCd=43&kikanCd=343630463&kikanKbn=3", "url2": "http://www.nakashima-shikaiin.com", "内容": "中嶋歯科医院【3:歯科】熊本県天草市東浜町１３ー１６" }, "geometry": { "type": "Point", "coordinates": [ 130.19146, 32.457276 ] } },
{ "type": "Feature", "properties": { "ID": 433343630476, "正式名称": "松本歯科医院", "機関区分": 3, "都道府県コード": 43, "市区町村コード": 215, "所在地": "熊本県天草市栖本町馬場２５６０ー５", "緯度": 32.416269, "経度": 130.266824, "url": "https://www.iryou.teikyouseido.mhlw.go.jp/znk-web/juminkanja/S2430/initialize?prefCd=43&kikanCd=343630476&kikanKbn=3", "url2": null, "内容": "松本歯科医院【3:歯科】熊本県天草市栖本町馬場２５６０ー５" }, "geometry": { "type": "Point", "coordinates": [ 130.266824, 32.416269 ] } },
{ "type": "Feature", "properties": { "ID": 433343630489, "正式名称": "新田歯科医院", "機関区分": 3, "都道府県コード": 43, "市区町村コード": 215, "所在地": "熊本県天草市亀場町亀川１４６ー１０", "緯度": 32.445369, "経度": 130.201652, "url": "https://www.iryou.teikyouseido.mhlw.go.jp/znk-web/juminkanja/S2430/initialize?prefCd=43&kikanCd=343630489&kikanKbn=3", "url2": "https://m.facebook.com/nittaden/", "内容": "新田歯科医院【3:歯科】熊本県天草市亀場町亀川１４６ー１０" }, "geometry": { "type": "Point", "coordinates": [ 130.201652, 32.445369 ] } },
{ "type": "Feature", "properties": { "ID": 433343640046, "正式名称": "深川歯科医院", "機関区分": 3, "都道府県コード": 43, "市区町村コード": 215, "所在地": "熊本県天草市牛深町２６６９", "緯度": 32.193575, "経度": 130.023824, "url": "https://www.iryou.teikyouseido.mhlw.go.jp/znk-web/juminkanja/S2430/initialize?prefCd=43&kikanCd=343640046&kikanKbn=3", "url2": null, "内容": "深川歯科医院【3:歯科】熊本県天草市牛深町２６６９" }, "geometry": { "type": "Point", "coordinates": [ 130.023824, 32.193575 ] } },
{ "type": "Feature", "properties": { "ID": 433343640150, "正式名称": "うらた歯科医院", "機関区分": 3, "都道府県コード": 43, "市区町村コード": 215, "所在地": "熊本県天草市牛深町２５０２ー２", "緯度": 32.19553, "経度": 130.02279, "url": "https://www.iryou.teikyouseido.mhlw.go.jp/znk-web/juminkanja/S2430/initialize?prefCd=43&kikanCd=343640150&kikanKbn=3", "url2": null, "内容": "うらた歯科医院【3:歯科】熊本県天草市牛深町２５０２ー２" }, "geometry": { "type": "Point", "coordinates": [ 130.02279, 32.19553 ] } },
{ "type": "Feature", "properties": { "ID": 433343640163, "正式名称": "内崎歯科医院", "機関区分": 3, "都道府県コード": 43, "市区町村コード": 215, "所在地": "熊本県天草市河浦町河浦４８２２ー１", "緯度": 32.329631, "経度": 130.075445, "url": "https://www.iryou.teikyouseido.mhlw.go.jp/znk-web/juminkanja/S2430/initialize?prefCd=43&kikanCd=343640163&kikanKbn=3", "url2": null, "内容": "内崎歯科医院【3:歯科】熊本県天草市河浦町河浦４８２２ー１" }, "geometry": { "type": "Point", "coordinates": [ 130.075445, 32.329631 ] } },
{ "type": "Feature", "properties": { "ID": 433343650010, "正式名称": "まえじま歯科医院", "機関区分": 3, "都道府県コード": 43, "市区町村コード": 204, "所在地": "熊本県荒尾市増永２７４１ー１１", "緯度": 32.97514, "経度": 130.463601, "url": "https://www.iryou.teikyouseido.mhlw.go.jp/znk-web/juminkanja/S2430/initialize?prefCd=43&kikanCd=343650010&kikanKbn=3", "url2": null, "内容": "まえじま歯科医院【3:歯科】熊本県荒尾市増永２７４１ー１１" }, "geometry": { "type": "Point", "coordinates": [ 130.463601, 32.97514 ] } },
{ "type": "Feature", "properties": { "ID": 433343650023, "正式名称": "ふかうら歯科医院", "機関区分": 3, "都道府県コード": 43, "市区町村コード": 204, "所在地": "熊本県荒尾市緑ケ丘５ー３ー１", "緯度": 32.988222, "経度": 130.478905, "url": "https://www.iryou.teikyouseido.mhlw.go.jp/znk-web/juminkanja/S2430/initialize?prefCd=43&kikanCd=343650023&kikanKbn=3", "url2": "http://www.fukaura-dc.com/", "内容": "ふかうら歯科医院【3:歯科】熊本県荒尾市緑ケ丘５ー３ー１" }, "geometry": { "type": "Point", "coordinates": [ 130.478905, 32.988222 ] } },
{ "type": "Feature", "properties": { "ID": 433343650036, "正式名称": "長洲山内歯科診療所", "機関区分": 3, "都道府県コード": 43, "市区町村コード": 368, "所在地": "熊本県玉名郡長洲町長洲２６４３ー１", "緯度": 32.930942, "経度": 130.453858, "url": "https://www.iryou.teikyouseido.mhlw.go.jp/znk-web/juminkanja/S2430/initialize?prefCd=43&kikanCd=343650036&kikanKbn=3", "url2": null, "内容": "長洲山内歯科診療所【3:歯科】熊本県玉名郡長洲町長洲２６４３ー１" }, "geometry": { "type": "Point", "coordinates": [ 130.453858, 32.930942 ] } },
{ "type": "Feature", "properties": { "ID": 433343650049, "正式名称": "三串歯科医院", "機関区分": 3, "都道府県コード": 43, "市区町村コード": 369, "所在地": "熊本県玉名郡和水町西吉地３４２５ー１", "緯度": 33.076642, "経度": 130.591527, "url": "https://www.iryou.teikyouseido.mhlw.go.jp/znk-web/juminkanja/S2430/initialize?prefCd=43&kikanCd=343650049&kikanKbn=3", "url2": null, "内容": "三串歯科医院【3:歯科】熊本県玉名郡和水町西吉地３４２５ー１" }, "geometry": { "type": "Point", "coordinates": [ 130.591527, 33.076642 ] } },
{ "type": "Feature", "properties": { "ID": 433343650052, "正式名称": "ばば歯科クリニック", "機関区分": 3, "都道府県コード": 43, "市区町村コード": 204, "所在地": "熊本県荒尾市荒尾４５４４ー４６", "緯度": 32.98658, "経度": 130.455451, "url": "https://www.iryou.teikyouseido.mhlw.go.jp/znk-web/juminkanja/S2430/initialize?prefCd=43&kikanCd=343650052&kikanKbn=3", "url2": null, "内容": "ばば歯科クリニック【3:歯科】熊本県荒尾市荒尾４５４４ー４６" }, "geometry": { "type": "Point", "coordinates": [ 130.455451, 32.98658 ] } },
{ "type": "Feature", "properties": { "ID": 433343650065, "正式名称": "加藤歯科医院", "機関区分": 3, "都道府県コード": 43, "市区町村コード": 368, "所在地": "熊本県玉名郡長洲町清源寺３２７２ー８", "緯度": 32.920484, "経度": 130.464149, "url": "https://www.iryou.teikyouseido.mhlw.go.jp/znk-web/juminkanja/S2430/initialize?prefCd=43&kikanCd=343650065&kikanKbn=3", "url2": null, "内容": "加藤歯科医院【3:歯科】熊本県玉名郡長洲町清源寺３２７２ー８" }, "geometry": { "type": "Point", "coordinates": [ 130.464149, 32.920484 ] } },
{ "type": "Feature", "properties": { "ID": 433343650078, "正式名称": "六栄歯科診療所", "機関区分": 3, "都道府県コード": 43, "市区町村コード": 368, "所在地": "熊本県玉名郡長洲町宮野２７５ー１", "緯度": 32.932416, "経度": 130.47587, "url": "https://www.iryou.teikyouseido.mhlw.go.jp/znk-web/juminkanja/S2430/initialize?prefCd=43&kikanCd=343650078&kikanKbn=3", "url2": null, "内容": "六栄歯科診療所【3:歯科】熊本県玉名郡長洲町宮野２７５ー１" }, "geometry": { "type": "Point", "coordinates": [ 130.47587, 32.932416 ] } },
{ "type": "Feature", "properties": { "ID": 433343650081, "正式名称": "高道歯科医院", "機関区分": 3, "都道府県コード": 43, "市区町村コード": 206, "所在地": "熊本県玉名市岱明町高道１２２５ー１", "緯度": 32.907371, "経度": 130.5138, "url": "https://www.iryou.teikyouseido.mhlw.go.jp/znk-web/juminkanja/S2430/initialize?prefCd=43&kikanCd=343650081&kikanKbn=3", "url2": null, "内容": "高道歯科医院【3:歯科】熊本県玉名市岱明町高道１２２５ー１" }, "geometry": { "type": "Point", "coordinates": [ 130.5138, 32.907371 ] } },
{ "type": "Feature", "properties": { "ID": 433343650094, "正式名称": "山本歯科医院", "機関区分": 3, "都道府県コード": 43, "市区町村コード": 206, "所在地": "熊本県玉名市山田２０１０ー１", "緯度": 32.937414, "経度": 130.545887, "url": "https://www.iryou.teikyouseido.mhlw.go.jp/znk-web/juminkanja/S2430/initialize?prefCd=43&kikanCd=343650094&kikanKbn=3", "url2": null, "内容": "山本歯科医院【3:歯科】熊本県玉名市山田２０１０ー１" }, "geometry": { "type": "Point", "coordinates": [ 130.545887, 32.937414 ] } },
{ "type": "Feature", "properties": { "ID": 433343650108, "正式名称": "北野歯科医院", "機関区分": 3, "都道府県コード": 43, "市区町村コード": 204, "所在地": "熊本県荒尾市野原４７ー３", "緯度": 32.961822, "経度": 130.477117, "url": "https://www.iryou.teikyouseido.mhlw.go.jp/znk-web/juminkanja/S2430/initialize?prefCd=43&kikanCd=343650108&kikanKbn=3", "url2": null, "内容": "北野歯科医院【3:歯科】熊本県荒尾市野原４７ー３" }, "geometry": { "type": "Point", "coordinates": [ 130.477117, 32.961822 ] } },
{ "type": "Feature", "properties": { "ID": 433343650124, "正式名称": "ふみ歯科医院", "機関区分": 3, "都道府県コード": 43, "市区町村コード": 204, "所在地": "熊本県荒尾市増永９３９", "緯度": 32.970351, "経度": 130.43407, "url": "https://www.iryou.teikyouseido.mhlw.go.jp/znk-web/juminkanja/S2430/initialize?prefCd=43&kikanCd=343650124&kikanKbn=3", "url2": "http://www9.ocn.ne.jp/%7Efumi.dc/", "内容": "ふみ歯科医院【3:歯科】熊本県荒尾市増永９３９" }, "geometry": { "type": "Point", "coordinates": [ 130.43407, 32.970351 ] } },
{ "type": "Feature", "properties": { "ID": 433343650140, "正式名称": "ひきた歯科クリニック", "機関区分": 3, "都道府県コード": 43, "市区町村コード": 204, "所在地": "熊本県荒尾市荒尾４１６０ー２７２", "緯度": 32.983167, "経度": 130.468757, "url": "https://www.iryou.teikyouseido.mhlw.go.jp/znk-web/juminkanja/S2430/initialize?prefCd=43&kikanCd=343650140&kikanKbn=3", "url2": "https://www.hikita-shika.com", "内容": "ひきた歯科クリニック【3:歯科】熊本県荒尾市荒尾４１６０ー２７２" }, "geometry": { "type": "Point", "coordinates": [ 130.468757, 32.983167 ] } },
{ "type": "Feature", "properties": { "ID": 433343650166, "正式名称": "ふるやしき歯科", "機関区分": 3, "都道府県コード": 43, "市区町村コード": 204, "所在地": "熊本県荒尾市増永１８６４ー５", "緯度": 32.973904, "経度": 130.445391, "url": "https://www.iryou.teikyouseido.mhlw.go.jp/znk-web/juminkanja/S2430/initialize?prefCd=43&kikanCd=343650166&kikanKbn=3", "url2": "http://www.furuyashiki.com/", "内容": "ふるやしき歯科【3:歯科】熊本県荒尾市増永１８６４ー５" }, "geometry": { "type": "Point", "coordinates": [ 130.445391, 32.973904 ] } },
{ "type": "Feature", "properties": { "ID": 433343650179, "正式名称": "むらかみ歯科クリニック", "機関区分": 3, "都道府県コード": 43, "市区町村コード": 206, "所在地": "熊本県玉名市岱明町野口２２５５", "緯度": 32.918887, "経度": 130.520388, "url": "https://www.iryou.teikyouseido.mhlw.go.jp/znk-web/juminkanja/S2430/initialize?prefCd=43&kikanCd=343650179&kikanKbn=3", "url2": "http://www.dc-murakami.jp", "内容": "むらかみ歯科クリニック【3:歯科】熊本県玉名市岱明町野口２２５５" }, "geometry": { "type": "Point", "coordinates": [ 130.520388, 32.918887 ] } },
{ "type": "Feature", "properties": { "ID": 433343650209, "正式名称": "白井デンタルクリニック", "機関区分": 3, "都道府県コード": 43, "市区町村コード": 204, "所在地": "熊本県荒尾市西原町３ー８ー１", "緯度": 33.001917, "経度": 130.431917, "url": "https://www.iryou.teikyouseido.mhlw.go.jp/znk-web/juminkanja/S2430/initialize?prefCd=43&kikanCd=343650209&kikanKbn=3", "url2": null, "内容": "白井デンタルクリニック【3:歯科】熊本県荒尾市西原町３ー８ー１" }, "geometry": { "type": "Point", "coordinates": [ 130.431917, 33.001917 ] } },
{ "type": "Feature", "properties": { "ID": 433343650212, "正式名称": "渡辺歯科医院", "機関区分": 3, "都道府県コード": 43, "市区町村コード": 369, "所在地": "熊本県玉名郡和水町江田３８９１ー２", "緯度": 32.978697, "経度": 130.605962, "url": "https://www.iryou.teikyouseido.mhlw.go.jp/znk-web/juminkanja/S2430/initialize?prefCd=43&kikanCd=343650212&kikanKbn=3", "url2": null, "内容": "渡辺歯科医院【3:歯科】熊本県玉名郡和水町江田３８９１ー２" }, "geometry": { "type": "Point", "coordinates": [ 130.605962, 32.978697 ] } },
{ "type": "Feature", "properties": { "ID": 433343650225, "正式名称": "アップル歯科クリニック", "機関区分": 3, "都道府県コード": 43, "市区町村コード": 206, "所在地": "熊本県玉名市築地８２２？１", "緯度": 32.932087, "経度": 130.522317, "url": "https://www.iryou.teikyouseido.mhlw.go.jp/znk-web/juminkanja/S2430/initialize?prefCd=43&kikanCd=343650225&kikanKbn=3", "url2": null, "内容": "アップル歯科クリニック【3:歯科】熊本県玉名市築地８２２？１" }, "geometry": { "type": "Point", "coordinates": [ 130.522317, 32.932087 ] } },
{ "type": "Feature", "properties": { "ID": 433343650254, "正式名称": "ややま歯科クリニック", "機関区分": 3, "都道府県コード": 43, "市区町村コード": 204, "所在地": "熊本県荒尾市東屋形４ー１ー１", "緯度": 32.982814, "経度": 130.452068, "url": "https://www.iryou.teikyouseido.mhlw.go.jp/znk-web/juminkanja/S2430/initialize?prefCd=43&kikanCd=343650254&kikanKbn=3", "url2": "http://www.yayama-dc.com/", "内容": "ややま歯科クリニック【3:歯科】熊本県荒尾市東屋形４ー１ー１" }, "geometry": { "type": "Point", "coordinates": [ 130.452068, 32.982814 ] } },
{ "type": "Feature", "properties": { "ID": 433343650270, "正式名称": "川野歯科医院", "機関区分": 3, "都道府県コード": 43, "市区町村コード": 367, "所在地": "熊本県玉名郡南関町小原８８３ー１", "緯度": 33.044818, "経度": 130.565766, "url": "https://www.iryou.teikyouseido.mhlw.go.jp/znk-web/juminkanja/S2430/initialize?prefCd=43&kikanCd=343650270&kikanKbn=3", "url2": null, "内容": "川野歯科医院【3:歯科】熊本県玉名郡南関町小原８８３ー１" }, "geometry": { "type": "Point", "coordinates": [ 130.565766, 33.044818 ] } },
{ "type": "Feature", "properties": { "ID": 433343650283, "正式名称": "あさの歯科医院", "機関区分": 3, "都道府県コード": 43, "市区町村コード": 206, "所在地": "熊本県玉名市山田２２０３ー１", "緯度": 32.935376, "経度": 130.539802, "url": "https://www.iryou.teikyouseido.mhlw.go.jp/znk-web/juminkanja/S2430/initialize?prefCd=43&kikanCd=343650283&kikanKbn=3", "url2": "asanoshika.chip.jp", "内容": "あさの歯科医院【3:歯科】熊本県玉名市山田２２０３ー１" }, "geometry": { "type": "Point", "coordinates": [ 130.539802, 32.935376 ] } },
{ "type": "Feature", "properties": { "ID": 433343650296, "正式名称": "ながひろ歯科クリニック", "機関区分": 3, "都道府県コード": 43, "市区町村コード": 206, "所在地": "熊本県玉名市天水町小天７２７５ー１", "緯度": 32.868515, "経度": 130.589226, "url": "https://www.iryou.teikyouseido.mhlw.go.jp/znk-web/juminkanja/S2430/initialize?prefCd=43&kikanCd=343650296&kikanKbn=3", "url2": null, "内容": "ながひろ歯科クリニック【3:歯科】熊本県玉名市天水町小天７２７５ー１" }, "geometry": { "type": "Point", "coordinates": [ 130.589226, 32.868515 ] } },
{ "type": "Feature", "properties": { "ID": 433343650300, "正式名称": "たなか歯科クリニック", "機関区分": 3, "都道府県コード": 43, "市区町村コード": 206, "所在地": "熊本県玉名市六田１２ー５", "緯度": 32.923222, "経度": 130.546042, "url": "https://www.iryou.teikyouseido.mhlw.go.jp/znk-web/juminkanja/S2430/initialize?prefCd=43&kikanCd=343650300&kikanKbn=3", "url2": null, "内容": "たなか歯科クリニック【3:歯科】熊本県玉名市六田１２ー５" }, "geometry": { "type": "Point", "coordinates": [ 130.546042, 32.923222 ] } },
{ "type": "Feature", "properties": { "ID": 433343650313, "正式名称": "歯科処神崎", "機関区分": 3, "都道府県コード": 43, "市区町村コード": 369, "所在地": "熊本県玉名郡和水町津田１５６３ー７", "緯度": 33.040636, "経度": 130.624008, "url": "https://www.iryou.teikyouseido.mhlw.go.jp/znk-web/juminkanja/S2430/initialize?prefCd=43&kikanCd=343650313&kikanKbn=3", "url2": "http://www.kanzaki-nagomi.net", "内容": "歯科処神崎【3:歯科】熊本県玉名郡和水町津田１５６３ー７" }, "geometry": { "type": "Point", "coordinates": [ 130.624008, 33.040636 ] } },
{ "type": "Feature", "properties": { "ID": 433343650339, "正式名称": "かい歯科（Ｋａｉ　Ｄｅｎｔａｌ）", "機関区分": 3, "都道府県コード": 43, "市区町村コード": 206, "所在地": "熊本県玉名市玉名１２３７ー４", "緯度": 32.946305, "経度": 130.573242, "url": "https://www.iryou.teikyouseido.mhlw.go.jp/znk-web/juminkanja/S2430/initialize?prefCd=43&kikanCd=343650339&kikanKbn=3", "url2": "kaidental.jp", "内容": "かい歯科（Ｋａｉ　Ｄｅｎｔａｌ）【3:歯科】熊本県玉名市玉名１２３７ー４" }, "geometry": { "type": "Point", "coordinates": [ 130.573242, 32.946305 ] } },
{ "type": "Feature", "properties": { "ID": 433343650342, "正式名称": "ふくち歯科医院", "機関区分": 3, "都道府県コード": 43, "市区町村コード": 367, "所在地": "熊本県玉名郡南関町上坂下３５５９ー２", "緯度": 33.015837, "経度": 130.560545, "url": "https://www.iryou.teikyouseido.mhlw.go.jp/znk-web/juminkanja/S2430/initialize?prefCd=43&kikanCd=343650342&kikanKbn=3", "url2": "http://www.mikku.co.jp/fukuchi/", "内容": "ふくち歯科医院【3:歯科】熊本県玉名郡南関町上坂下３５５９ー２" }, "geometry": { "type": "Point", "coordinates": [ 130.560545, 33.015837 ] } },
{ "type": "Feature", "properties": { "ID": 433343650355, "正式名称": "ほのかデンタルクリニック", "機関区分": 3, "都道府県コード": 43, "市区町村コード": 206, "所在地": "熊本県玉名市立願寺１３９２ー５", "緯度": 32.938737, "経度": 130.557009, "url": "https://www.iryou.teikyouseido.mhlw.go.jp/znk-web/juminkanja/S2430/initialize?prefCd=43&kikanCd=343650355&kikanKbn=3", "url2": "http://www.honoka-dc.com/", "内容": "ほのかデンタルクリニック【3:歯科】熊本県玉名市立願寺１３９２ー５" }, "geometry": { "type": "Point", "coordinates": [ 130.557009, 32.938737 ] } },
{ "type": "Feature", "properties": { "ID": 433343650368, "正式名称": "くにさき歯科", "機関区分": 3, "都道府県コード": 43, "市区町村コード": 206, "所在地": "熊本県玉名市立願寺３２４ー１", "緯度": 32.936721, "経度": 130.55132, "url": "https://www.iryou.teikyouseido.mhlw.go.jp/znk-web/juminkanja/S2430/initialize?prefCd=43&kikanCd=343650368&kikanKbn=3", "url2": "http://www.kunisaki-dc.com/", "内容": "くにさき歯科【3:歯科】熊本県玉名市立願寺３２４ー１" }, "geometry": { "type": "Point", "coordinates": [ 130.55132, 32.936721 ] } },
{ "type": "Feature", "properties": { "ID": 433343650371, "正式名称": "圭介歯科", "機関区分": 3, "都道府県コード": 43, "市区町村コード": 204, "所在地": "熊本県荒尾市万田９２１ー５", "緯度": 33.001151, "経度": 130.440072, "url": "https://www.iryou.teikyouseido.mhlw.go.jp/znk-web/juminkanja/S2430/initialize?prefCd=43&kikanCd=343650371&kikanKbn=3", "url2": "http://www.keisuke-dental.com/", "内容": "圭介歯科【3:歯科】熊本県荒尾市万田９２１ー５" }, "geometry": { "type": "Point", "coordinates": [ 130.440072, 33.001151 ] } },
{ "type": "Feature", "properties": { "ID": 433343650384, "正式名称": "辻芳郎歯科クリニック", "機関区分": 3, "都道府県コード": 43, "市区町村コード": 204, "所在地": "熊本県荒尾市原万田６１６ー４", "緯度": 33.001158, "経度": 130.440133, "url": "https://www.iryou.teikyouseido.mhlw.go.jp/znk-web/juminkanja/S2430/initialize?prefCd=43&kikanCd=343650384&kikanKbn=3", "url2": null, "内容": "辻芳郎歯科クリニック【3:歯科】熊本県荒尾市原万田６１６ー４" }, "geometry": { "type": "Point", "coordinates": [ 130.440133, 33.001158 ] } },
{ "type": "Feature", "properties": { "ID": 433343650397, "正式名称": "大林歯科診療所", "機関区分": 3, "都道府県コード": 43, "市区町村コード": 367, "所在地": "熊本県玉名郡南関町上坂下１８ー２", "緯度": 33.014295, "経度": 130.552699, "url": "https://www.iryou.teikyouseido.mhlw.go.jp/znk-web/juminkanja/S2430/initialize?prefCd=43&kikanCd=343650397&kikanKbn=3", "url2": "http://www.o-ikashika.jp/", "内容": "大林歯科診療所【3:歯科】熊本県玉名郡南関町上坂下１８ー２" }, "geometry": { "type": "Point", "coordinates": [ 130.552699, 33.014295 ] } },
{ "type": "Feature", "properties": { "ID": 433343650401, "正式名称": "わかばデンタルクリニック", "機関区分": 3, "都道府県コード": 43, "市区町村コード": 206, "所在地": "熊本県玉名市寺田２０ー４", "緯度": 32.921746, "経度": 130.588386, "url": "https://www.iryou.teikyouseido.mhlw.go.jp/znk-web/juminkanja/S2430/initialize?prefCd=43&kikanCd=343650401&kikanKbn=3", "url2": "http://www.wakabadental.jp", "内容": "わかばデンタルクリニック【3:歯科】熊本県玉名市寺田２０ー４" }, "geometry": { "type": "Point", "coordinates": [ 130.588386, 32.921746 ] } },
{ "type": "Feature", "properties": { "ID": 433343650427, "正式名称": "まつばら歯科口腔外科こども歯科", "機関区分": 3, "都道府県コード": 43, "市区町村コード": 206, "所在地": "熊本県玉名市六田２９ー４", "緯度": 32.923512, "経度": 130.543225, "url": "https://www.iryou.teikyouseido.mhlw.go.jp/znk-web/juminkanja/S2430/initialize?prefCd=43&kikanCd=343650427&kikanKbn=3", "url2": "https://www.matsubara-dent.com", "内容": "まつばら歯科口腔外科こども歯科【3:歯科】熊本県玉名市六田２９ー４" }, "geometry": { "type": "Point", "coordinates": [ 130.543225, 32.923512 ] } },
{ "type": "Feature", "properties": { "ID": 433343650430, "正式名称": "ふくしま歯科クリニック", "機関区分": 3, "都道府県コード": 43, "市区町村コード": 204, "所在地": "熊本県荒尾市大島町３ー３ー１１", "緯度": 32.996451, "経度": 130.42985, "url": "https://www.iryou.teikyouseido.mhlw.go.jp/znk-web/juminkanja/S2430/initialize?prefCd=43&kikanCd=343650430&kikanKbn=3", "url2": "https://fukushima-shikaiin.net", "内容": "ふくしま歯科クリニック【3:歯科】熊本県荒尾市大島町３ー３ー１１" }, "geometry": { "type": "Point", "coordinates": [ 130.42985, 32.996451 ] } },
{ "type": "Feature", "properties": { "ID": 433343650443, "正式名称": "山瀬歯科医院", "機関区分": 3, "都道府県コード": 43, "市区町村コード": 206, "所在地": "熊本県玉名市高瀬６７４", "緯度": 32.926403, "経度": 130.561286, "url": "https://www.iryou.teikyouseido.mhlw.go.jp/znk-web/juminkanja/S2430/initialize?prefCd=43&kikanCd=343650443&kikanKbn=3", "url2": null, "内容": "山瀬歯科医院【3:歯科】熊本県玉名市高瀬６７４" }, "geometry": { "type": "Point", "coordinates": [ 130.561286, 32.926403 ] } },
{ "type": "Feature", "properties": { "ID": 433343650456, "正式名称": "ありあけ歯科クリニック", "機関区分": 3, "都道府県コード": 43, "市区町村コード": 206, "所在地": "熊本県玉名市天水町部田見２７２１－１", "緯度": 32.876242, "経度": 130.577992, "url": "https://www.iryou.teikyouseido.mhlw.go.jp/znk-web/juminkanja/S2430/initialize?prefCd=43&kikanCd=343650456&kikanKbn=3", "url2": null, "内容": "ありあけ歯科クリニック【3:歯科】熊本県玉名市天水町部田見２７２１－１" }, "geometry": { "type": "Point", "coordinates": [ 130.577992, 32.876242 ] } },
{ "type": "Feature", "properties": { "ID": 433343660013, "正式名称": "丸田歯科医院", "機関区分": 3, "都道府県コード": 43, "市区町村コード": 213, "所在地": "熊本県宇城市松橋町久具２０５１ー２", "緯度": 32.643156, "経度": 130.696726, "url": "https://www.iryou.teikyouseido.mhlw.go.jp/znk-web/juminkanja/S2430/initialize?prefCd=43&kikanCd=343660013&kikanKbn=3", "url2": null, "内容": "丸田歯科医院【3:歯科】熊本県宇城市松橋町久具２０５１ー２" }, "geometry": { "type": "Point", "coordinates": [ 130.696726, 32.643156 ] } },
{ "type": "Feature", "properties": { "ID": 433343660039, "正式名称": "ハニー歯科", "機関区分": 3, "都道府県コード": 43, "市区町村コード": 213, "所在地": "熊本県宇城市小川町河江７ー１", "緯度": 32.593767, "経度": 130.707789, "url": "https://www.iryou.teikyouseido.mhlw.go.jp/znk-web/juminkanja/S2430/initialize?prefCd=43&kikanCd=343660039&kikanKbn=3", "url2": "http://www.honey-dc.com/", "内容": "ハニー歯科【3:歯科】熊本県宇城市小川町河江７ー１" }, "geometry": { "type": "Point", "coordinates": [ 130.707789, 32.593767 ] } },
{ "type": "Feature", "properties": { "ID": 433343660042, "正式名称": "木村歯科", "機関区分": 3, "都道府県コード": 43, "市区町村コード": 213, "所在地": "熊本県宇城市不知火町高良２２５９", "緯度": 32.645733, "経度": 130.667378, "url": "https://www.iryou.teikyouseido.mhlw.go.jp/znk-web/juminkanja/S2430/initialize?prefCd=43&kikanCd=343660042&kikanKbn=3", "url2": null, "内容": "木村歯科【3:歯科】熊本県宇城市不知火町高良２２５９" }, "geometry": { "type": "Point", "coordinates": [ 130.667378, 32.645733 ] } },
{ "type": "Feature", "properties": { "ID": 433343660068, "正式名称": "もとまつ歯科クリニック", "機関区分": 3, "都道府県コード": 43, "市区町村コード": 213, "所在地": "熊本県宇城市豊野町巣林１２０４ー１", "緯度": 32.642062, "経度": 130.754756, "url": "https://www.iryou.teikyouseido.mhlw.go.jp/znk-web/juminkanja/S2430/initialize?prefCd=43&kikanCd=343660068&kikanKbn=3", "url2": null, "内容": "もとまつ歯科クリニック【3:歯科】熊本県宇城市豊野町巣林１２０４ー１" }, "geometry": { "type": "Point", "coordinates": [ 130.754756, 32.642062 ] } },
{ "type": "Feature", "properties": { "ID": 433343660071, "正式名称": "みよし歯科医院", "機関区分": 3, "都道府県コード": 43, "市区町村コード": 213, "所在地": "熊本県宇城市松橋町松橋１１７７ー１", "緯度": 32.651854, "経度": 130.672632, "url": "https://www.iryou.teikyouseido.mhlw.go.jp/znk-web/juminkanja/S2430/initialize?prefCd=43&kikanCd=343660071&kikanKbn=3", "url2": "https://teethsalon.jp", "内容": "みよし歯科医院【3:歯科】熊本県宇城市松橋町松橋１１７７ー１" }, "geometry": { "type": "Point", "coordinates": [ 130.672632, 32.651854 ] } },
{ "type": "Feature", "properties": { "ID": 433343660084, "正式名称": "みすみ歯科クリニック", "機関区分": 3, "都道府県コード": 43, "市区町村コード": 213, "所在地": "熊本県宇城市三角町中村１１６３ー３", "緯度": 32.62593, "経度": 130.520559, "url": "https://www.iryou.teikyouseido.mhlw.go.jp/znk-web/juminkanja/S2430/initialize?prefCd=43&kikanCd=343660084&kikanKbn=3", "url2": "http://www.okuchikirei.com", "内容": "みすみ歯科クリニック【3:歯科】熊本県宇城市三角町中村１１６３ー３" }, "geometry": { "type": "Point", "coordinates": [ 130.520559, 32.62593 ] } },
{ "type": "Feature", "properties": { "ID": 433343660097, "正式名称": "とよだ歯科医院", "機関区分": 3, "都道府県コード": 43, "市区町村コード": 213, "所在地": "熊本県宇城市豊野町山崎２６５ー１", "緯度": 32.643748, "経度": 130.746895, "url": "https://www.iryou.teikyouseido.mhlw.go.jp/znk-web/juminkanja/S2430/initialize?prefCd=43&kikanCd=343660097&kikanKbn=3", "url2": null, "内容": "とよだ歯科医院【3:歯科】熊本県宇城市豊野町山崎２６５ー１" }, "geometry": { "type": "Point", "coordinates": [ 130.746895, 32.643748 ] } },
{ "type": "Feature", "properties": { "ID": 433343660101, "正式名称": "南部歯科医院", "機関区分": 3, "都道府県コード": 43, "市区町村コード": 348, "所在地": "熊本県下益城郡美里町三和３８２ー１", "緯度": 32.621023, "経度": 130.869557, "url": "https://www.iryou.teikyouseido.mhlw.go.jp/znk-web/juminkanja/S2430/initialize?prefCd=43&kikanCd=343660101&kikanKbn=3", "url2": null, "内容": "南部歯科医院【3:歯科】熊本県下益城郡美里町三和３８２ー１" }, "geometry": { "type": "Point", "coordinates": [ 130.869557, 32.621023 ] } },
{ "type": "Feature", "properties": { "ID": 433343660114, "正式名称": "右山歯科クリニック", "機関区分": 3, "都道府県コード": 43, "市区町村コード": 213, "所在地": "熊本県宇城市松橋町曲野２５ー５", "緯度": 32.651146, "経度": 130.687426, "url": "https://www.iryou.teikyouseido.mhlw.go.jp/znk-web/juminkanja/S2430/initialize?prefCd=43&kikanCd=343660114&kikanKbn=3", "url2": null, "内容": "右山歯科クリニック【3:歯科】熊本県宇城市松橋町曲野２５ー５" }, "geometry": { "type": "Point", "coordinates": [ 130.687426, 32.651146 ] } },
{ "type": "Feature", "properties": { "ID": 433343660127, "正式名称": "かねこ歯科クリニック", "機関区分": 3, "都道府県コード": 43, "市区町村コード": 213, "所在地": "熊本県宇城市松橋町きらら２ー３ー２", "緯度": 32.646297, "経度": 130.681921, "url": "https://www.iryou.teikyouseido.mhlw.go.jp/znk-web/juminkanja/S2430/initialize?prefCd=43&kikanCd=343660127&kikanKbn=3", "url2": null, "内容": "かねこ歯科クリニック【3:歯科】熊本県宇城市松橋町きらら２ー３ー２" }, "geometry": { "type": "Point", "coordinates": [ 130.681921, 32.646297 ] } },
{ "type": "Feature", "properties": { "ID": 433343660143, "正式名称": "なかの歯科医院", "機関区分": 3, "都道府県コード": 43, "市区町村コード": 213, "所在地": "熊本県宇城市三角町三角浦１１６０ー１３０", "緯度": 32.609416, "経度": 130.472423, "url": "https://www.iryou.teikyouseido.mhlw.go.jp/znk-web/juminkanja/S2430/initialize?prefCd=43&kikanCd=343660143&kikanKbn=3", "url2": null, "内容": "なかの歯科医院【3:歯科】熊本県宇城市三角町三角浦１１６０ー１３０" }, "geometry": { "type": "Point", "coordinates": [ 130.472423, 32.609416 ] } },
{ "type": "Feature", "properties": { "ID": 433343660156, "正式名称": "平冨歯科", "機関区分": 3, "都道府県コード": 43, "市区町村コード": 211, "所在地": "熊本県宇土市網津町２０４７ー３", "緯度": 32.697936, "経度": 130.600778, "url": "https://www.iryou.teikyouseido.mhlw.go.jp/znk-web/juminkanja/S2430/initialize?prefCd=43&kikanCd=343660156&kikanKbn=3", "url2": null, "内容": "平冨歯科【3:歯科】熊本県宇土市網津町２０４７ー３" }, "geometry": { "type": "Point", "coordinates": [ 130.600778, 32.697936 ] } },
{ "type": "Feature", "properties": { "ID": 433343660172, "正式名称": "うえだ歯科医院", "機関区分": 3, "都道府県コード": 43, "市区町村コード": 104, "所在地": "熊本県熊本市南区城南町隈庄８０６ー１", "緯度": 32.704787, "経度": 130.73324, "url": "https://www.iryou.teikyouseido.mhlw.go.jp/znk-web/juminkanja/S2430/initialize?prefCd=43&kikanCd=343660172&kikanKbn=3", "url2": null, "内容": "うえだ歯科医院【3:歯科】熊本県熊本市南区城南町隈庄８０６ー１" }, "geometry": { "type": "Point", "coordinates": [ 130.73324, 32.704787 ] } },
{ "type": "Feature", "properties": { "ID": 433343660198, "正式名称": "おうだ歯科医院", "機関区分": 3, "都道府県コード": 43, "市区町村コード": 211, "所在地": "熊本県宇土市下網田町字栗林２１０４ー８", "緯度": 32.667994, "経度": 130.5465, "url": "https://www.iryou.teikyouseido.mhlw.go.jp/znk-web/juminkanja/S2430/initialize?prefCd=43&kikanCd=343660198&kikanKbn=3", "url2": null, "内容": "おうだ歯科医院【3:歯科】熊本県宇土市下網田町字栗林２１０４ー８" }, "geometry": { "type": "Point", "coordinates": [ 130.5465, 32.667994 ] } },
{ "type": "Feature", "properties": { "ID": 433343660215, "正式名称": "熊本パール総合歯科・矯正歯科・こども歯科クリニック宇土院", "機関区分": 3, "都道府県コード": 43, "市区町村コード": 211, "所在地": "熊本県宇土市高柳町字島ノ内番２０番９号", "緯度": 32.688707, "経度": 130.654846, "url": "https://www.iryou.teikyouseido.mhlw.go.jp/znk-web/juminkanja/S2430/initialize?prefCd=43&kikanCd=343660215&kikanKbn=3", "url2": "https://www.par-dc.jp/", "内容": "熊本パール総合歯科・矯正歯科・こども歯科クリニック宇土院【3:歯科】熊本県宇土市高柳町字島ノ内番２０番９号" }, "geometry": { "type": "Point", "coordinates": [ 130.654846, 32.688707 ] } },
{ "type": "Feature", "properties": { "ID": 433343660231, "正式名称": "きららデンタルクリニック", "機関区分": 3, "都道府県コード": 43, "市区町村コード": 213, "所在地": "熊本県宇城市松橋町きらら１ー１０ー７", "緯度": 32.646169, "経度": 130.677009, "url": "https://www.iryou.teikyouseido.mhlw.go.jp/znk-web/juminkanja/S2430/initialize?prefCd=43&kikanCd=343660231&kikanKbn=3", "url2": "http://www.kirara-dc.net", "内容": "きららデンタルクリニック【3:歯科】熊本県宇城市松橋町きらら１ー１０ー７" }, "geometry": { "type": "Point", "coordinates": [ 130.677009, 32.646169 ] } },
{ "type": "Feature", "properties": { "ID": 433343660244, "正式名称": "近藤歯科　矯正歯科", "機関区分": 3, "都道府県コード": 43, "市区町村コード": 211, "所在地": "熊本県宇土市善道寺町綾織９５宇土シティモール外部Ａ棟", "緯度": 32.683805, "経度": 130.669776, "url": "https://www.iryou.teikyouseido.mhlw.go.jp/znk-web/juminkanja/S2430/initialize?prefCd=43&kikanCd=343660244&kikanKbn=3", "url2": "http://kondo-kyouseishika.jp/", "内容": "近藤歯科　矯正歯科【3:歯科】熊本県宇土市善道寺町綾織９５宇土シティモール外部Ａ棟" }, "geometry": { "type": "Point", "coordinates": [ 130.669776, 32.683805 ] } },
{ "type": "Feature", "properties": { "ID": 433343660257, "正式名称": "鎌田歯科クリニック", "機関区分": 3, "都道府県コード": 43, "市区町村コード": 213, "所在地": "熊本県宇城市小川町江頭２２９ー２", "緯度": 32.594111, "経度": 130.702381, "url": "https://www.iryou.teikyouseido.mhlw.go.jp/znk-web/juminkanja/S2430/initialize?prefCd=43&kikanCd=343660257&kikanKbn=3", "url2": "http://www.kamada-dc.com/", "内容": "鎌田歯科クリニック【3:歯科】熊本県宇城市小川町江頭２２９ー２" }, "geometry": { "type": "Point", "coordinates": [ 130.702381, 32.594111 ] } },
{ "type": "Feature", "properties": { "ID": 433343660273, "正式名称": "カワカミ歯科診療所", "機関区分": 3, "都道府県コード": 43, "市区町村コード": 348, "所在地": "熊本県下益城郡美里町中小路８３５くまもと温石病院１階", "緯度": 32.640533, "経度": 130.779277, "url": "https://www.iryou.teikyouseido.mhlw.go.jp/znk-web/juminkanja/S2430/initialize?prefCd=43&kikanCd=343660273&kikanKbn=3", "url2": null, "内容": "カワカミ歯科診療所【3:歯科】熊本県下益城郡美里町中小路８３５くまもと温石病院１階" }, "geometry": { "type": "Point", "coordinates": [ 130.779277, 32.640533 ] } },
{ "type": "Feature", "properties": { "ID": 433343660286, "正式名称": "どひ歯科クリニック", "機関区分": 3, "都道府県コード": 43, "市区町村コード": 213, "所在地": "熊本県宇城市松橋町曲野３１６１ー１", "緯度": 32.650852, "経度": 130.686607, "url": "https://www.iryou.teikyouseido.mhlw.go.jp/znk-web/juminkanja/S2430/initialize?prefCd=43&kikanCd=343660286&kikanKbn=3", "url2": "https://dohi-dental.com/contact/", "内容": "どひ歯科クリニック【3:歯科】熊本県宇城市松橋町曲野３１６１ー１" }, "geometry": { "type": "Point", "coordinates": [ 130.686607, 32.650852 ] } },
{ "type": "Feature", "properties": { "ID": 433343660303, "正式名称": "井上歯科診療所", "機関区分": 3, "都道府県コード": 43, "市区町村コード": 213, "所在地": "熊本県宇城市豊野町糸石２２０７", "緯度": 32.637894, "経度": 130.758607, "url": "https://www.iryou.teikyouseido.mhlw.go.jp/znk-web/juminkanja/S2430/initialize?prefCd=43&kikanCd=343660303&kikanKbn=3", "url2": "http://inoue-dentalclinic.jp", "内容": "井上歯科診療所【3:歯科】熊本県宇城市豊野町糸石２２０７" }, "geometry": { "type": "Point", "coordinates": [ 130.758607, 32.637894 ] } },
{ "type": "Feature", "properties": { "ID": 433343670016, "正式名称": "塩田歯科医院", "機関区分": 3, "都道府県コード": 43, "市区町村コード": 215, "所在地": "熊本県天草市有明町大島子２３８０－１", "緯度": 32.473509, "経度": 130.258144, "url": "https://www.iryou.teikyouseido.mhlw.go.jp/znk-web/juminkanja/S2430/initialize?prefCd=43&kikanCd=343670016&kikanKbn=3", "url2": null, "内容": "塩田歯科医院【3:歯科】熊本県天草市有明町大島子２３８０－１" }, "geometry": { "type": "Point", "coordinates": [ 130.258144, 32.473509 ] } },
{ "type": "Feature", "properties": { "ID": 433343670029, "正式名称": "アップル歯科クリニック", "機関区分": 3, "都道府県コード": 43, "市区町村コード": 215, "所在地": "熊本県天草市本渡町本戸馬場９９１ー３", "緯度": 32.463587, "経度": 130.18355, "url": "https://www.iryou.teikyouseido.mhlw.go.jp/znk-web/juminkanja/S2430/initialize?prefCd=43&kikanCd=343670029&kikanKbn=3", "url2": "https://www.apple-dc-amakusa.com", "内容": "アップル歯科クリニック【3:歯科】熊本県天草市本渡町本戸馬場９９１ー３" }, "geometry": { "type": "Point", "coordinates": [ 130.18355, 32.463587 ] } },
{ "type": "Feature", "properties": { "ID": 433343670032, "正式名称": "広瀬みのだ歯科", "機関区分": 3, "都道府県コード": 43, "市区町村コード": 215, "所在地": "熊本県天草市八幡町４ー１０", "緯度": 32.467745, "経度": 130.187616, "url": "https://www.iryou.teikyouseido.mhlw.go.jp/znk-web/juminkanja/S2430/initialize?prefCd=43&kikanCd=343670032&kikanKbn=3", "url2": null, "内容": "広瀬みのだ歯科【3:歯科】熊本県天草市八幡町４ー１０" }, "geometry": { "type": "Point", "coordinates": [ 130.187616, 32.467745 ] } },
{ "type": "Feature", "properties": { "ID": 433343670074, "正式名称": "あまくさ歯科医院", "機関区分": 3, "都道府県コード": 43, "市区町村コード": 212, "所在地": "熊本県上天草市大矢野町上２３１６ー３", "緯度": 32.589533, "経度": 130.429177, "url": "https://www.iryou.teikyouseido.mhlw.go.jp/znk-web/juminkanja/S2430/initialize?prefCd=43&kikanCd=343670074&kikanKbn=3", "url2": null, "内容": "あまくさ歯科医院【3:歯科】熊本県上天草市大矢野町上２３１６ー３" }, "geometry": { "type": "Point", "coordinates": [ 130.429177, 32.589533 ] } },
{ "type": "Feature", "properties": { "ID": 433343670087, "正式名称": "青木歯科医院", "機関区分": 3, "都道府県コード": 43, "市区町村コード": 215, "所在地": "熊本県天草市大浜町３４８‐５", "緯度": 32.46016, "経度": 130.190233, "url": "https://www.iryou.teikyouseido.mhlw.go.jp/znk-web/juminkanja/S2430/initialize?prefCd=43&kikanCd=343670087&kikanKbn=3", "url2": null, "内容": "青木歯科医院【3:歯科】熊本県天草市大浜町３４８‐５" }, "geometry": { "type": "Point", "coordinates": [ 130.190233, 32.46016 ] } },
{ "type": "Feature", "properties": { "ID": 433343670117, "正式名称": "生田歯科医院", "機関区分": 3, "都道府県コード": 43, "市区町村コード": 215, "所在地": "熊本県天草市河浦町白木河内２２０ー１", "緯度": 32.317784, "経度": 130.080657, "url": "https://www.iryou.teikyouseido.mhlw.go.jp/znk-web/juminkanja/S2430/initialize?prefCd=43&kikanCd=343670117&kikanKbn=3", "url2": "http://www.ikuta-dc.com/", "内容": "生田歯科医院【3:歯科】熊本県天草市河浦町白木河内２２０ー１" }, "geometry": { "type": "Point", "coordinates": [ 130.080657, 32.317784 ] } },
{ "type": "Feature", "properties": { "ID": 433343670120, "正式名称": "スマイル歯科矯正歯科クリニック", "機関区分": 3, "都道府県コード": 43, "市区町村コード": 215, "所在地": "熊本県天草市大浜町９ー２９", "緯度": 32.45884, "経度": 130.189455, "url": "https://www.iryou.teikyouseido.mhlw.go.jp/znk-web/juminkanja/S2430/initialize?prefCd=43&kikanCd=343670120&kikanKbn=3", "url2": "http://www.smile-sika.net/", "内容": "スマイル歯科矯正歯科クリニック【3:歯科】熊本県天草市大浜町９ー２９" }, "geometry": { "type": "Point", "coordinates": [ 130.189455, 32.45884 ] } },
{ "type": "Feature", "properties": { "ID": 433343670133, "正式名称": "小島歯科医院", "機関区分": 3, "都道府県コード": 43, "市区町村コード": 215, "所在地": "熊本県天草市牛深町１５４５ー２", "緯度": 32.199683, "経度": 130.029057, "url": "https://www.iryou.teikyouseido.mhlw.go.jp/znk-web/juminkanja/S2430/initialize?prefCd=43&kikanCd=343670133&kikanKbn=3", "url2": null, "内容": "小島歯科医院【3:歯科】熊本県天草市牛深町１５４５ー２" }, "geometry": { "type": "Point", "coordinates": [ 130.029057, 32.199683 ] } },
{ "type": "Feature", "properties": { "ID": 433343670146, "正式名称": "いるか歯科医院", "機関区分": 3, "都道府県コード": 43, "市区町村コード": 215, "所在地": "熊本県天草市牛深町鬼塚２０３９ー１２", "緯度": 32.198858, "経度": 130.017685, "url": "https://www.iryou.teikyouseido.mhlw.go.jp/znk-web/juminkanja/S2430/initialize?prefCd=43&kikanCd=343670146&kikanKbn=3", "url2": null, "内容": "いるか歯科医院【3:歯科】熊本県天草市牛深町鬼塚２０３９ー１２" }, "geometry": { "type": "Point", "coordinates": [ 130.017685, 32.198858 ] } },
{ "type": "Feature", "properties": { "ID": 433343670205, "正式名称": "オーラルケアサポートさくら", "機関区分": 3, "都道府県コード": 43, "市区町村コード": 215, "所在地": "熊本県天草市有明町大島子字大矢３０４４ー１", "緯度": 32.4706, "経度": 130.252094, "url": "https://www.iryou.teikyouseido.mhlw.go.jp/znk-web/juminkanja/S2430/initialize?prefCd=43&kikanCd=343670205&kikanKbn=3", "url2": null, "内容": "オーラルケアサポートさくら【3:歯科】熊本県天草市有明町大島子字大矢３０４４ー１" }, "geometry": { "type": "Point", "coordinates": [ 130.252094, 32.4706 ] } },
{ "type": "Feature", "properties": { "ID": 433343670218, "正式名称": "つばさ歯科クリニック", "機関区分": 3, "都道府県コード": 43, "市区町村コード": 215, "所在地": "熊本県天草市川原町２２ー７", "緯度": 32.454507, "経度": 130.184192, "url": "https://www.iryou.teikyouseido.mhlw.go.jp/znk-web/juminkanja/S2430/initialize?prefCd=43&kikanCd=343670218&kikanKbn=3", "url2": null, "内容": "つばさ歯科クリニック【3:歯科】熊本県天草市川原町２２ー７" }, "geometry": { "type": "Point", "coordinates": [ 130.184192, 32.454507 ] } },
{ "type": "Feature", "properties": { "ID": 433343670221, "正式名称": "Ａｙａ小児・矯正歯科クリニック", "機関区分": 3, "都道府県コード": 43, "市区町村コード": 215, "所在地": "熊本県天草市本渡町広瀬１７６ー２８", "緯度": 32.463865, "経度": 130.197662, "url": "https://www.iryou.teikyouseido.mhlw.go.jp/znk-web/juminkanja/S2430/initialize?prefCd=43&kikanCd=343670221&kikanKbn=3", "url2": "http://aya-dentalclinic.jp", "内容": "Ａｙａ小児・矯正歯科クリニック【3:歯科】熊本県天草市本渡町広瀬１７６ー２８" }, "geometry": { "type": "Point", "coordinates": [ 130.197662, 32.463865 ] } },
{ "type": "Feature", "properties": { "ID": 433343670234, "正式名称": "せどデンタルオフィス", "機関区分": 3, "都道府県コード": 43, "市区町村コード": 215, "所在地": "熊本県天草市志柿町６６８５ー２", "緯度": 32.447691, "経度": 130.206318, "url": "https://www.iryou.teikyouseido.mhlw.go.jp/znk-web/juminkanja/S2430/initialize?prefCd=43&kikanCd=343670234&kikanKbn=3", "url2": null, "内容": "せどデンタルオフィス【3:歯科】熊本県天草市志柿町６６８５ー２" }, "geometry": { "type": "Point", "coordinates": [ 130.206318, 32.447691 ] } },
{ "type": "Feature", "properties": { "ID": 433343670247, "正式名称": "にしきど歯科医院", "機関区分": 3, "都道府県コード": 43, "市区町村コード": 215, "所在地": "熊本県天草市東浜町１９ー４ー１", "緯度": 32.458215, "経度": 130.190488, "url": "https://www.iryou.teikyouseido.mhlw.go.jp/znk-web/juminkanja/S2430/initialize?prefCd=43&kikanCd=343670247&kikanKbn=3", "url2": "http://nishikido-dc.jp", "内容": "にしきど歯科医院【3:歯科】熊本県天草市東浜町１９ー４ー１" }, "geometry": { "type": "Point", "coordinates": [ 130.190488, 32.458215 ] } },
{ "type": "Feature", "properties": { "ID": 433343670250, "正式名称": "じん歯科クリニック", "機関区分": 3, "都道府県コード": 43, "市区町村コード": 215, "所在地": "熊本県天草市中村町２ー１８", "緯度": 32.470114, "経度": 130.186091, "url": "https://www.iryou.teikyouseido.mhlw.go.jp/znk-web/juminkanja/S2430/initialize?prefCd=43&kikanCd=343670250&kikanKbn=3", "url2": "https://jin-shika.com", "内容": "じん歯科クリニック【3:歯科】熊本県天草市中村町２ー１８" }, "geometry": { "type": "Point", "coordinates": [ 130.186091, 32.470114 ] } }
]
}
