{
"type": "FeatureCollection",
"name": "geo_43_小学校",
"crs": { "type": "name", "properties": { "name": "urn:ogc:def:crs:EPSG::6668" } },
"features": [
{ "type": "Feature", "properties": { "P29_001": "43101", "P29_002": "B143110000010", "P29_003": "16001", "P29_004": "熊本大学教育学部附属小学校", "P29_005": "熊本県熊本市中央区京町本丁5-12", "P29_006": "1", "P29_007": "1", "P29_008": "00", "P29_009": null }, "geometry": { "type": "Point", "coordinates": [ 130.704685164080502, 32.817954584350645 ] } },
{ "type": "Feature", "properties": { "P29_001": "43101", "P29_002": "B143210000018", "P29_003": "16001", "P29_004": "熊本市立壺川小学校", "P29_005": "熊本県熊本市中央区壺川1-4-5", "P29_006": "3", "P29_007": "1", "P29_008": "00", "P29_009": null }, "geometry": { "type": "Point", "coordinates": [ 130.710223170660072, 32.813008545447566 ] } },
{ "type": "Feature", "properties": { "P29_001": "43101", "P29_002": "B143210000027", "P29_003": "16001", "P29_004": "熊本市立碩台小学校", "P29_005": "熊本県熊本市中央区井川淵町4-8", "P29_006": "3", "P29_007": "1", "P29_008": "00", "P29_009": null }, "geometry": { "type": "Point", "coordinates": [ 130.718390917313627, 32.809486885624665 ] } },
{ "type": "Feature", "properties": { "P29_001": "43101", "P29_002": "B143210000036", "P29_003": "16001", "P29_004": "熊本市立白川小学校", "P29_005": "熊本県熊本市中央区新屋敷1-7-13", "P29_006": "3", "P29_007": "1", "P29_008": "00", "P29_009": null }, "geometry": { "type": "Point", "coordinates": [ 130.717057593606341, 32.802332031786619 ] } },
{ "type": "Feature", "properties": { "P29_001": "43101", "P29_002": "B143210000045", "P29_003": "16001", "P29_004": "熊本市立城東小学校", "P29_005": "熊本県熊本市中央区千葉城町5-1", "P29_006": "3", "P29_007": "1", "P29_008": "00", "P29_009": null }, "geometry": { "type": "Point", "coordinates": [ 130.709035902577, 32.80864881924969 ] } },
{ "type": "Feature", "properties": { "P29_001": "43101", "P29_002": "B143210000054", "P29_003": "16001", "P29_004": "熊本市立慶徳小学校", "P29_005": "熊本県熊本市中央区山崎町72", "P29_006": "3", "P29_007": "1", "P29_008": "00", "P29_009": null }, "geometry": { "type": "Point", "coordinates": [ 130.701760100120424, 32.796998512888138 ] } },
{ "type": "Feature", "properties": { "P29_001": "43101", "P29_002": "B143210000063", "P29_003": "16001", "P29_004": "熊本市立一新小学校", "P29_005": "熊本県熊本市中央区新町3-10-45", "P29_006": "3", "P29_007": "1", "P29_008": "00", "P29_009": null }, "geometry": { "type": "Point", "coordinates": [ 130.694857004283506, 32.802070472259757 ] } },
{ "type": "Feature", "properties": { "P29_001": "43101", "P29_002": "B143210000072", "P29_003": "16001", "P29_004": "熊本市立五福小学校", "P29_005": "熊本県熊本市中央区細工町2-25", "P29_006": "3", "P29_007": "1", "P29_008": "00", "P29_009": null }, "geometry": { "type": "Point", "coordinates": [ 130.695876064804594, 32.795871655242628 ] } },
{ "type": "Feature", "properties": { "P29_001": "43101", "P29_002": "B143210000081", "P29_003": "16001", "P29_004": "熊本市立向山小学校", "P29_005": "熊本県熊本市中央区本山4-5-11", "P29_006": "3", "P29_007": "1", "P29_008": "00", "P29_009": null }, "geometry": { "type": "Point", "coordinates": [ 130.699951510681615, 32.789394579205876 ] } },
{ "type": "Feature", "properties": { "P29_001": "43101", "P29_002": "B143210000090", "P29_003": "16001", "P29_004": "熊本市立黒髪小学校", "P29_005": "熊本県熊本市中央区黒髪2-2-1", "P29_006": "3", "P29_007": "1", "P29_008": "00", "P29_009": null }, "geometry": { "type": "Point", "coordinates": [ 130.72028181872102, 32.814758327337856 ] } },
{ "type": "Feature", "properties": { "P29_001": "43101", "P29_002": "B143210000107", "P29_003": "16001", "P29_004": "熊本市立大江小学校", "P29_005": "熊本県熊本市中央区大江3-5-31", "P29_006": "3", "P29_007": "1", "P29_008": "00", "P29_009": null }, "geometry": { "type": "Point", "coordinates": [ 130.725278697699252, 32.801671989523726 ] } },
{ "type": "Feature", "properties": { "P29_001": "43101", "P29_002": "B143210000116", "P29_003": "16001", "P29_004": "熊本市立本荘小学校", "P29_005": "熊本県熊本市中央区本荘6-5-47", "P29_006": "3", "P29_007": "1", "P29_008": "00", "P29_009": null }, "geometry": { "type": "Point", "coordinates": [ 130.708384360605152, 32.792717797632392 ] } },
{ "type": "Feature", "properties": { "P29_001": "43101", "P29_002": "B143210000125", "P29_003": "16001", "P29_004": "熊本市立春竹小学校", "P29_005": "熊本県熊本市中央区琴平1-9-43", "P29_006": "3", "P29_007": "1", "P29_008": "00", "P29_009": null }, "geometry": { "type": "Point", "coordinates": [ 130.707504717339958, 32.788210531898955 ] } },
{ "type": "Feature", "properties": { "P29_001": "43103", "P29_002": "B143210000134", "P29_003": "16001", "P29_004": "熊本市立古町小学校", "P29_005": "熊本県熊本市西区二本木4-9-65", "P29_006": "3", "P29_007": "1", "P29_008": "00", "P29_009": null }, "geometry": { "type": "Point", "coordinates": [ 130.68999957537676, 32.782244953693109 ] } },
{ "type": "Feature", "properties": { "P29_001": "43103", "P29_002": "B143210000143", "P29_003": "16001", "P29_004": "熊本市立春日小学校", "P29_005": "熊本県熊本市西区春日5-3-5", "P29_006": "3", "P29_007": "1", "P29_008": "00", "P29_009": null }, "geometry": { "type": "Point", "coordinates": [ 130.686008509636565, 32.789859834256795 ] } },
{ "type": "Feature", "properties": { "P29_001": "43103", "P29_002": "B143210000152", "P29_003": "16001", "P29_004": "熊本市立城西小学校", "P29_005": "熊本県熊本市西区島崎3-12-60", "P29_006": "3", "P29_007": "1", "P29_008": "00", "P29_009": null }, "geometry": { "type": "Point", "coordinates": [ 130.683214919083895, 32.805568240456623 ] } },
{ "type": "Feature", "properties": { "P29_001": "43103", "P29_002": "B143210000161", "P29_003": "16001", "P29_004": "熊本市立花園小学校", "P29_005": "熊本県熊本市西区花園6-9-15", "P29_006": "3", "P29_007": "1", "P29_008": "00", "P29_009": null }, "geometry": { "type": "Point", "coordinates": [ 130.690748000660619, 32.822704000352658 ] } },
{ "type": "Feature", "properties": { "P29_001": "43103", "P29_002": "B143210000170", "P29_003": "16001", "P29_004": "熊本市立池田小学校", "P29_005": "熊本県熊本市西区池田1-28-5", "P29_006": "3", "P29_007": "1", "P29_008": "00", "P29_009": null }, "geometry": { "type": "Point", "coordinates": [ 130.704196175662219, 32.825150192005452 ] } },
{ "type": "Feature", "properties": { "P29_001": "43101", "P29_002": "B143210000189", "P29_003": "16001", "P29_004": "熊本市立出水小学校", "P29_005": "熊本県熊本市中央区出水1-1-75", "P29_006": "3", "P29_007": "1", "P29_008": "00", "P29_009": null }, "geometry": { "type": "Point", "coordinates": [ 130.731096754866257, 32.78903325417447 ] } },
{ "type": "Feature", "properties": { "P29_001": "43103", "P29_002": "B143210000198", "P29_003": "16001", "P29_004": "熊本市立白坪小学校", "P29_005": "熊本県熊本市西区蓮台寺4-4-1", "P29_006": "3", "P29_007": "1", "P29_008": "00", "P29_009": null }, "geometry": { "type": "Point", "coordinates": [ 130.684185008486082, 32.777781742468896 ] } },
{ "type": "Feature", "properties": { "P29_001": "43102", "P29_002": "B143210000205", "P29_003": "16001", "P29_004": "熊本市立画図小学校", "P29_005": "熊本県熊本市東区下江津8-1-6", "P29_006": "3", "P29_007": "1", "P29_008": "00", "P29_009": null }, "geometry": { "type": "Point", "coordinates": [ 130.739999901831396, 32.767206338504167 ] } },
{ "type": "Feature", "properties": { "P29_001": "43101", "P29_002": "B143210000214", "P29_003": "16001", "P29_004": "熊本市立砂取小学校", "P29_005": "熊本県熊本市中央区神水1-1-1", "P29_006": "3", "P29_007": "1", "P29_008": "00", "P29_009": null }, "geometry": { "type": "Point", "coordinates": [ 130.73808498390531, 32.787017503291608 ] } },
{ "type": "Feature", "properties": { "P29_001": "43102", "P29_002": "B143210000223", "P29_003": "16001", "P29_004": "熊本市立健軍小学校", "P29_005": "熊本県熊本市東区健軍2-25-56", "P29_006": "3", "P29_007": "1", "P29_008": "00", "P29_009": null }, "geometry": { "type": "Point", "coordinates": [ 130.752213623508965, 32.784162628518168 ] } },
{ "type": "Feature", "properties": { "P29_001": "43105", "P29_002": "B143210000232", "P29_003": "16001", "P29_004": "熊本市立清水小学校", "P29_005": "熊本県熊本市北区清水本町14-58", "P29_006": "3", "P29_007": "1", "P29_008": "00", "P29_009": null }, "geometry": { "type": "Point", "coordinates": [ 130.72429835412666, 32.832802528682876 ] } },
{ "type": "Feature", "properties": { "P29_001": "43104", "P29_002": "B143210000241", "P29_003": "16001", "P29_004": "熊本市立日吉小学校", "P29_005": "熊本県熊本市南区近見1-9-30", "P29_006": "3", "P29_007": "1", "P29_008": "00", "P29_009": null }, "geometry": { "type": "Point", "coordinates": [ 130.689621968233723, 32.766976338267156 ] } },
{ "type": "Feature", "properties": { "P29_001": "43104", "P29_002": "B143210000250", "P29_003": "16001", "P29_004": "熊本市立川尻小学校", "P29_005": "熊本県熊本市南区川尻4-1-1", "P29_006": "3", "P29_007": "1", "P29_008": "00", "P29_009": null }, "geometry": { "type": "Point", "coordinates": [ 130.681631127715519, 32.739574049569242 ] } },
{ "type": "Feature", "properties": { "P29_001": "43102", "P29_002": "B143210000269", "P29_003": "16001", "P29_004": "熊本市立尾ノ上小学校", "P29_005": "熊本県熊本市東区尾ノ上2-8-1", "P29_006": "3", "P29_007": "1", "P29_008": "00", "P29_009": null }, "geometry": { "type": "Point", "coordinates": [ 130.754032323973604, 32.793544638673211 ] } },
{ "type": "Feature", "properties": { "P29_001": "43104", "P29_002": "B143210000278", "P29_003": "16001", "P29_004": "熊本市立力合小学校", "P29_005": "熊本県熊本市南区刈草2-10-1", "P29_006": "3", "P29_007": "1", "P29_008": "00", "P29_009": null }, "geometry": { "type": "Point", "coordinates": [ 130.681522893412733, 32.758214971807483 ] } },
{ "type": "Feature", "properties": { "P29_001": "43104", "P29_002": "B143210000287", "P29_003": "16001", "P29_004": "熊本市立田迎小学校", "P29_005": "熊本県熊本市南区出仲間8-3-30", "P29_006": "3", "P29_007": "1", "P29_008": "00", "P29_009": null }, "geometry": { "type": "Point", "coordinates": [ 130.720269918215564, 32.767960367079404 ] } },
{ "type": "Feature", "properties": { "P29_001": "43104", "P29_002": "B143210000296", "P29_003": "16001", "P29_004": "熊本市立御幸小学校", "P29_005": "熊本県熊本市南区御幸笛田7-16-1", "P29_006": "3", "P29_007": "1", "P29_008": "00", "P29_009": null }, "geometry": { "type": "Point", "coordinates": [ 130.716111615078404, 32.754288771834155 ] } },
{ "type": "Feature", "properties": { "P29_001": "43103", "P29_002": "B143210000303", "P29_003": "16001", "P29_004": "熊本市立池上小学校", "P29_005": "熊本県熊本市西区池上町850", "P29_006": "3", "P29_007": "1", "P29_008": "00", "P29_009": null }, "geometry": { "type": "Point", "coordinates": [ 130.671384605156788, 32.790501287769082 ] } },
{ "type": "Feature", "properties": { "P29_001": "43103", "P29_002": "B143210000312", "P29_003": "16001", "P29_004": "熊本市立城山小学校", "P29_005": "熊本県熊本市西区城山大塘1-23-1", "P29_006": "3", "P29_007": "1", "P29_008": "00", "P29_009": null }, "geometry": { "type": "Point", "coordinates": [ 130.657208624848863, 32.778023648524176 ] } },
{ "type": "Feature", "properties": { "P29_001": "43103", "P29_002": "B143210000321", "P29_003": "16001", "P29_004": "熊本市立高橋小学校", "P29_005": "熊本県熊本市西区高橋町1-6-1", "P29_006": "3", "P29_007": "1", "P29_008": "00", "P29_009": null }, "geometry": { "type": "Point", "coordinates": [ 130.656201041495137, 32.784178907470384 ] } },
{ "type": "Feature", "properties": { "P29_001": "43101", "P29_002": "B143210000330", "P29_003": "16001", "P29_004": "熊本市立託麻原小学校", "P29_005": "熊本県熊本市中央区渡鹿2-3-1", "P29_006": "3", "P29_007": "1", "P29_008": "00", "P29_009": null }, "geometry": { "type": "Point", "coordinates": [ 130.735875943682117, 32.803950204297209 ] } },
{ "type": "Feature", "properties": { "P29_001": "43102", "P29_002": "B143210000349", "P29_003": "16001", "P29_004": "熊本市立秋津小学校", "P29_005": "熊本県熊本市東区秋津3-9-20", "P29_006": "3", "P29_007": "1", "P29_008": "00", "P29_009": null }, "geometry": { "type": "Point", "coordinates": [ 130.77185770439047, 32.772351883244887 ] } },
{ "type": "Feature", "properties": { "P29_001": "43102", "P29_002": "B143210000358", "P29_003": "16001", "P29_004": "熊本市立泉ケ丘小学校", "P29_005": "熊本県熊本市東区水源1-7-1", "P29_006": "3", "P29_007": "1", "P29_008": "00", "P29_009": null }, "geometry": { "type": "Point", "coordinates": [ 130.753205383985971, 32.776634954781336 ] } },
{ "type": "Feature", "properties": { "P29_001": "43105", "P29_002": "B143210000367", "P29_003": "16001", "P29_004": "熊本市立龍田小学校", "P29_005": "熊本県熊本市北区龍田7-7-1", "P29_006": "3", "P29_007": "1", "P29_008": "00", "P29_009": null }, "geometry": { "type": "Point", "coordinates": [ 130.760672610814453, 32.837657372839132 ] } },
{ "type": "Feature", "properties": { "P29_001": "43103", "P29_002": "B143210000376", "P29_003": "16001", "P29_004": "熊本市立小島小学校", "P29_005": "熊本県熊本市西区小島7-9-1", "P29_006": "3", "P29_007": "1", "P29_008": "00", "P29_009": null }, "geometry": { "type": "Point", "coordinates": [ 130.634602999922038, 32.778950996573769 ] } },
{ "type": "Feature", "properties": { "P29_001": "43103", "P29_002": "B143210000385", "P29_003": "16001", "P29_004": "熊本市立中島小学校", "P29_005": "熊本県熊本市西区中島町538", "P29_006": "3", "P29_007": "1", "P29_008": "00", "P29_009": null }, "geometry": { "type": "Point", "coordinates": [ 130.628925861829885, 32.766651996471502 ] } },
{ "type": "Feature", "properties": { "P29_001": "43101", "P29_002": "B143210000394", "P29_003": "16001", "P29_004": "熊本市立帯山小学校", "P29_005": "熊本県熊本市中央区帯山4-11-11", "P29_006": "3", "P29_007": "1", "P29_008": "00", "P29_009": null }, "geometry": { "type": "Point", "coordinates": [ 130.749744002427377, 32.801956000135498 ] } },
{ "type": "Feature", "properties": { "P29_001": "43101", "P29_002": "B143210000401", "P29_003": "16001", "P29_004": "熊本市立白山小学校", "P29_005": "熊本県熊本市中央区菅原町9-1", "P29_006": "3", "P29_007": "1", "P29_008": "00", "P29_009": null }, "geometry": { "type": "Point", "coordinates": [ 130.719628714472634, 32.790018897742826 ] } },
{ "type": "Feature", "properties": { "P29_001": "43102", "P29_002": "B143210000410", "P29_003": "16001", "P29_004": "熊本市立若葉小学校", "P29_005": "熊本県熊本市東区若葉4-23-1", "P29_006": "3", "P29_007": "1", "P29_008": "00", "P29_009": null }, "geometry": { "type": "Point", "coordinates": [ 130.763267196887853, 32.772728564914757 ] } },
{ "type": "Feature", "properties": { "P29_001": "43105", "P29_002": "B143210000429", "P29_003": "16001", "P29_004": "熊本市立城北小学校", "P29_005": "熊本県熊本市北区清水新地1-4-1", "P29_006": "3", "P29_007": "1", "P29_008": "00", "P29_009": null }, "geometry": { "type": "Point", "coordinates": [ 130.73059085946673, 32.849247443146908 ] } },
{ "type": "Feature", "properties": { "P29_001": "43102", "P29_002": "B143210000438", "P29_003": "16001", "P29_004": "熊本市立西原小学校", "P29_005": "熊本県熊本市東区新南部3-4-60", "P29_006": "3", "P29_007": "1", "P29_008": "00", "P29_009": null }, "geometry": { "type": "Point", "coordinates": [ 130.74790344339462, 32.812968862891076 ] } },
{ "type": "Feature", "properties": { "P29_001": "43105", "P29_002": "B143210000447", "P29_003": "16001", "P29_004": "熊本市立高平台小学校", "P29_005": "熊本県熊本市北区高平1-17-28", "P29_006": "3", "P29_007": "1", "P29_008": "00", "P29_009": null }, "geometry": { "type": "Point", "coordinates": [ 130.713260530177706, 32.834112085688446 ] } },
{ "type": "Feature", "properties": { "P29_001": "43202", "P29_002": "B143210000456", "P29_003": "16001", "P29_004": "八代市立代陽小学校", "P29_005": "熊本県八代市北の丸町1-7", "P29_006": "3", "P29_007": "1", "P29_008": "00", "P29_009": null }, "geometry": { "type": "Point", "coordinates": [ 130.601839172781013, 32.509528943414011 ] } },
{ "type": "Feature", "properties": { "P29_001": "43202", "P29_002": "B143210000465", "P29_003": "16001", "P29_004": "八代市立太田郷小学校", "P29_005": "熊本県八代市日置町445", "P29_006": "3", "P29_007": "1", "P29_008": "00", "P29_009": null }, "geometry": { "type": "Point", "coordinates": [ 130.622681268105481, 32.509974449986807 ] } },
{ "type": "Feature", "properties": { "P29_001": "43202", "P29_002": "B143210000474", "P29_003": "16001", "P29_004": "八代市立植柳小学校", "P29_005": "熊本県八代市植柳上町449", "P29_006": "3", "P29_007": "1", "P29_008": "00", "P29_009": null }, "geometry": { "type": "Point", "coordinates": [ 130.603249358231551, 32.491891794802115 ] } },
{ "type": "Feature", "properties": { "P29_001": "43202", "P29_002": "B143210000483", "P29_003": "16001", "P29_004": "八代市立松高小学校", "P29_005": "熊本県八代市永碇町828-1", "P29_006": "3", "P29_007": "1", "P29_008": "00", "P29_009": null }, "geometry": { "type": "Point", "coordinates": [ 130.594702984444694, 32.518573496994854 ] } },
{ "type": "Feature", "properties": { "P29_001": "43202", "P29_002": "B143210000492", "P29_003": "16001", "P29_004": "八代市立金剛小学校", "P29_005": "熊本県八代市高植本町1207", "P29_006": "3", "P29_007": "1", "P29_008": "00", "P29_009": null }, "geometry": { "type": "Point", "coordinates": [ 130.584610302555404, 32.476140924724191 ] } },
{ "type": "Feature", "properties": { "P29_001": "43202", "P29_002": "B143210000508", "P29_003": "16001", "P29_004": "八代市立金剛小学校弥次分校", "P29_005": "熊本県八代市三江湖町1472-1", "P29_006": "3", "P29_007": "1", "P29_008": "00", "P29_009": null }, "geometry": { "type": "Point", "coordinates": [ 130.574526077500053, 32.487163549486084 ] } },
{ "type": "Feature", "properties": { "P29_001": "43202", "P29_002": "B143210000517", "P29_003": "16001", "P29_004": "八代市立高田小学校", "P29_005": "熊本県八代市豊原中町317", "P29_006": "3", "P29_007": "1", "P29_008": "00", "P29_009": null }, "geometry": { "type": "Point", "coordinates": [ 130.616798604510592, 32.48932716722944 ] } },
{ "type": "Feature", "properties": { "P29_001": "43202", "P29_002": "B143210000526", "P29_003": "16001", "P29_004": "八代市立八千把小学校", "P29_005": "熊本県八代市上野町1131", "P29_006": "3", "P29_007": "1", "P29_008": "00", "P29_009": null }, "geometry": { "type": "Point", "coordinates": [ 130.614024934336697, 32.517317072235166 ] } },
{ "type": "Feature", "properties": { "P29_001": "43202", "P29_002": "B143210000535", "P29_003": "16001", "P29_004": "八代市立郡築小学校", "P29_005": "熊本県八代市郡築六番町49-1", "P29_006": "3", "P29_007": "1", "P29_008": "00", "P29_009": null }, "geometry": { "type": "Point", "coordinates": [ 130.574214530660157, 32.534195494922052 ] } },
{ "type": "Feature", "properties": { "P29_001": "43202", "P29_002": "B143210000544", "P29_003": "16001", "P29_004": "八代市立八代小学校", "P29_005": "熊本県八代市新地町4-1", "P29_006": "3", "P29_007": "1", "P29_008": "00", "P29_009": null }, "geometry": { "type": "Point", "coordinates": [ 130.591344466196091, 32.509632181039848 ] } },
{ "type": "Feature", "properties": { "P29_001": "43202", "P29_002": "B143210000553", "P29_003": "16001", "P29_004": "八代市立宮地小学校", "P29_005": "熊本県八代市宮地町1826", "P29_006": "3", "P29_007": "1", "P29_008": "00", "P29_009": null }, "geometry": { "type": "Point", "coordinates": [ 130.640636782605696, 32.501050338236837 ] } },
{ "type": "Feature", "properties": { "P29_001": "43202", "P29_002": "B143210000562", "P29_003": "16001", "P29_004": "八代市立日奈久小学校", "P29_005": "熊本県八代市日奈久竹之内町4277-1", "P29_006": "3", "P29_007": "1", "P29_008": "00", "P29_009": null }, "geometry": { "type": "Point", "coordinates": [ 130.581546660141555, 32.439110595224044 ] } },
{ "type": "Feature", "properties": { "P29_001": "43202", "P29_002": "B143210000571", "P29_003": "16001", "P29_004": "八代市立昭和小学校", "P29_005": "熊本県八代市昭和明徴町731-2", "P29_006": "3", "P29_007": "1", "P29_008": "00", "P29_009": null }, "geometry": { "type": "Point", "coordinates": [ 130.603576834507265, 32.560848520504948 ] } },
{ "type": "Feature", "properties": { "P29_001": "43202", "P29_002": "B143210000580", "P29_003": "16001", "P29_004": "八代市立二見小学校", "P29_005": "熊本県八代市二見下大野町2258-1", "P29_006": "3", "P29_007": "1", "P29_008": "00", "P29_009": null }, "geometry": { "type": "Point", "coordinates": [ 130.55992285312405, 32.407385365544023 ] } },
{ "type": "Feature", "properties": { "P29_001": "43202", "P29_002": "B143210000599", "P29_003": "16001", "P29_004": "八代市立龍峯小学校", "P29_005": "熊本県八代市岡町谷川1043", "P29_006": "3", "P29_007": "1", "P29_008": "00", "P29_009": null }, "geometry": { "type": "Point", "coordinates": [ 130.66377626535018, 32.530035500579316 ] } },
{ "type": "Feature", "properties": { "P29_001": "43203", "P29_002": "B143210000606", "P29_003": "16001", "P29_004": "人吉市立人吉東小学校", "P29_005": "熊本県人吉市七日町100-1", "P29_006": "3", "P29_007": "1", "P29_008": "00", "P29_009": null }, "geometry": { "type": "Point", "coordinates": [ 130.766914677488614, 32.21640184775525 ] } },
{ "type": "Feature", "properties": { "P29_001": "43203", "P29_002": "B143210000615", "P29_003": "16001", "P29_004": "人吉市立人吉西小学校", "P29_005": "熊本県人吉市城本町873", "P29_006": "3", "P29_007": "1", "P29_008": "00", "P29_009": null }, "geometry": { "type": "Point", "coordinates": [ 130.75514199183641, 32.219052462134016 ] } },
{ "type": "Feature", "properties": { "P29_001": "43203", "P29_002": "B143210000624", "P29_003": "16001", "P29_004": "人吉市立東間小学校", "P29_005": "熊本県人吉市東間下町2683", "P29_006": "3", "P29_007": "1", "P29_008": "00", "P29_009": null }, "geometry": { "type": "Point", "coordinates": [ 130.766780695263577, 32.203632586734479 ] } },
{ "type": "Feature", "properties": { "P29_001": "43203", "P29_002": "B143210000633", "P29_003": "16001", "P29_004": "人吉市立大畑小学校", "P29_005": "熊本県人吉市大畑町4097", "P29_006": "3", "P29_007": "1", "P29_008": "00", "P29_009": null }, "geometry": { "type": "Point", "coordinates": [ 130.803289239340387, 32.163207251554006 ] } },
{ "type": "Feature", "properties": { "P29_001": "43203", "P29_002": "B143210000642", "P29_003": "16001", "P29_004": "人吉市立西瀬小学校", "P29_005": "熊本県人吉市下戸越町1654-1", "P29_006": "3", "P29_007": "1", "P29_008": "00", "P29_009": null }, "geometry": { "type": "Point", "coordinates": [ 130.736515358498195, 32.206162298055922 ] } },
{ "type": "Feature", "properties": { "P29_001": "43203", "P29_002": "B143210000651", "P29_003": "16001", "P29_004": "人吉市立中原小学校", "P29_005": "熊本県人吉市中神町548", "P29_006": "3", "P29_007": "1", "P29_008": "00", "P29_009": null }, "geometry": { "type": "Point", "coordinates": [ 130.720122391073971, 32.224783965360125 ] } },
{ "type": "Feature", "properties": { "P29_001": "43204", "P29_002": "B143210000660", "P29_003": "16001", "P29_004": "荒尾市立荒尾第一小学校", "P29_005": "熊本県荒尾市荒尾981-2", "P29_006": "3", "P29_007": "1", "P29_008": "00", "P29_009": null }, "geometry": { "type": "Point", "coordinates": [ 130.437289561342908, 32.982099910916517 ] } },
{ "type": "Feature", "properties": { "P29_001": "43204", "P29_002": "B143210000679", "P29_003": "16001", "P29_004": "荒尾市立平井小学校", "P29_005": "熊本県荒尾市上井手1108", "P29_006": "3", "P29_007": "1", "P29_008": "00", "P29_009": null }, "geometry": { "type": "Point", "coordinates": [ 130.488642182796553, 32.998718328919637 ] } },
{ "type": "Feature", "properties": { "P29_001": "43204", "P29_002": "B143210000688", "P29_003": "16001", "P29_004": "荒尾市立府本小学校", "P29_005": "熊本県荒尾市樺2313-2", "P29_006": "3", "P29_007": "1", "P29_008": "00", "P29_009": null }, "geometry": { "type": "Point", "coordinates": [ 130.499049248939372, 32.963505629855604 ] } },
{ "type": "Feature", "properties": { "P29_001": "43204", "P29_002": "B143210000697", "P29_003": "16001", "P29_004": "荒尾市立八幡小学校", "P29_005": "熊本県荒尾市野原1461", "P29_006": "3", "P29_007": "1", "P29_008": "00", "P29_009": null }, "geometry": { "type": "Point", "coordinates": [ 130.480969007922823, 32.960311788512669 ] } },
{ "type": "Feature", "properties": { "P29_001": "43204", "P29_002": "B143210000704", "P29_003": "16001", "P29_004": "荒尾市立有明小学校", "P29_005": "熊本県荒尾市一部305", "P29_006": "3", "P29_007": "1", "P29_008": "00", "P29_009": null }, "geometry": { "type": "Point", "coordinates": [ 130.439592311324049, 32.966395656573553 ] } },
{ "type": "Feature", "properties": { "P29_001": "43204", "P29_002": "B143210000713", "P29_003": "16001", "P29_004": "荒尾市立緑ケ丘小学校", "P29_005": "熊本県荒尾市荒尾4238", "P29_006": "3", "P29_007": "1", "P29_008": "00", "P29_009": null }, "geometry": { "type": "Point", "coordinates": [ 130.468275549457928, 32.985034979729797 ] } },
{ "type": "Feature", "properties": { "P29_001": "43204", "P29_002": "B143210000722", "P29_003": "16001", "P29_004": "荒尾市立中央小学校", "P29_005": "熊本県荒尾市荒尾4043", "P29_006": "3", "P29_007": "1", "P29_008": "00", "P29_009": null }, "geometry": { "type": "Point", "coordinates": [ 130.459024676284514, 32.980483820768562 ] } },
{ "type": "Feature", "properties": { "P29_001": "43204", "P29_002": "B143210000731", "P29_003": "16001", "P29_004": "荒尾市立清里小学校", "P29_005": "熊本県荒尾市牛水1555", "P29_006": "3", "P29_007": "1", "P29_008": "00", "P29_009": null }, "geometry": { "type": "Point", "coordinates": [ 130.447240301645252, 32.949459609665979 ] } },
{ "type": "Feature", "properties": { "P29_001": "43205", "P29_002": "B143210000740", "P29_003": "16001", "P29_004": "水俣市立水俣第一小学校", "P29_005": "熊本県水俣市陣内1-1-2", "P29_006": "3", "P29_007": "1", "P29_008": "00", "P29_009": null }, "geometry": { "type": "Point", "coordinates": [ 130.408029801082876, 32.21301384870376 ] } },
{ "type": "Feature", "properties": { "P29_001": "43205", "P29_002": "B143210000759", "P29_003": "16001", "P29_004": "水俣市立水俣第二小学校", "P29_005": "熊本県水俣市栄町1-2-1", "P29_006": "3", "P29_007": "1", "P29_008": "00", "P29_009": null }, "geometry": { "type": "Point", "coordinates": [ 130.396718315548952, 32.209702921167619 ] } },
{ "type": "Feature", "properties": { "P29_001": "43205", "P29_002": "B143210000768", "P29_003": "16001", "P29_004": "水俣市立水東小学校", "P29_005": "熊本県水俣市初野59", "P29_006": "3", "P29_007": "1", "P29_008": "00", "P29_009": null }, "geometry": { "type": "Point", "coordinates": [ 130.433456057858251, 32.213375865808587 ] } },
{ "type": "Feature", "properties": { "P29_001": "43205", "P29_002": "B143210000777", "P29_003": "16001", "P29_004": "水俣市立袋小学校", "P29_005": "熊本県水俣市袋1413", "P29_006": "3", "P29_007": "1", "P29_008": "00", "P29_009": null }, "geometry": { "type": "Point", "coordinates": [ 130.380549369707893, 32.175906898112224 ] } },
{ "type": "Feature", "properties": { "P29_001": "43205", "P29_002": "B143210000786", "P29_003": "16001", "P29_004": "水俣市立湯出小学校", "P29_005": "熊本県水俣市湯出1641", "P29_006": "3", "P29_007": "1", "P29_008": "00", "P29_009": null }, "geometry": { "type": "Point", "coordinates": [ 130.440666890689101, 32.153708642389347 ] } },
{ "type": "Feature", "properties": { "P29_001": "43205", "P29_002": "B143210000795", "P29_003": "16001", "P29_004": "水俣市立葛渡小学校", "P29_005": "熊本県水俣市葛渡270-2", "P29_006": "3", "P29_007": "1", "P29_008": "00", "P29_009": null }, "geometry": { "type": "Point", "coordinates": [ 130.46219677342458, 32.172646017267986 ] } },
{ "type": "Feature", "properties": { "P29_001": "43205", "P29_002": "B143210000802", "P29_003": "16001", "P29_004": "水俣市立久木野小学校", "P29_005": "熊本県水俣市久木野1117", "P29_006": "3", "P29_007": "1", "P29_008": "00", "P29_009": null }, "geometry": { "type": "Point", "coordinates": [ 130.525084533857438, 32.174887868242138 ] } },
{ "type": "Feature", "properties": { "P29_001": "43206", "P29_002": "B143210000811", "P29_003": "16001", "P29_004": "玉名市立玉名町小学校", "P29_005": "熊本県玉名市岩崎1120", "P29_006": "3", "P29_007": "1", "P29_008": "00", "P29_009": null }, "geometry": { "type": "Point", "coordinates": [ 130.555388748604287, 32.932410274192563 ] } },
{ "type": "Feature", "properties": { "P29_001": "43206", "P29_002": "B143210000820", "P29_003": "16001", "P29_004": "玉名市立築山小学校", "P29_005": "熊本県玉名市築地1880", "P29_006": "3", "P29_007": "1", "P29_008": "00", "P29_009": null }, "geometry": { "type": "Point", "coordinates": [ 130.536941904724557, 32.9353593456852 ] } },
{ "type": "Feature", "properties": { "P29_001": "43206", "P29_002": "B143210000839", "P29_003": "16001", "P29_004": "玉名市立滑石小学校", "P29_005": "熊本県玉名市滑石1542", "P29_006": "3", "P29_007": "1", "P29_008": "00", "P29_009": null }, "geometry": { "type": "Point", "coordinates": [ 130.529470422465664, 32.901937255684537 ] } },
{ "type": "Feature", "properties": { "P29_001": "43206", "P29_002": "B143210000848", "P29_003": "16001", "P29_004": "玉名市立大浜小学校", "P29_005": "熊本県玉名市大浜町2100", "P29_006": "3", "P29_007": "1", "P29_008": "00", "P29_009": null }, "geometry": { "type": "Point", "coordinates": [ 130.543573610150446, 32.899709530625117 ] } },
{ "type": "Feature", "properties": { "P29_001": "43206", "P29_002": "B143210000857", "P29_003": "16001", "P29_004": "玉名市立豊水小学校", "P29_005": "熊本県玉名市小野尻373", "P29_006": "3", "P29_007": "1", "P29_008": "00", "P29_009": null }, "geometry": { "type": "Point", "coordinates": [ 130.559475247827407, 32.912725382928109 ] } },
{ "type": "Feature", "properties": { "P29_001": "43206", "P29_002": "B143210000866", "P29_003": "16001", "P29_004": "玉名市立八嘉小学校", "P29_005": "熊本県玉名市田崎835-25", "P29_006": "3", "P29_007": "1", "P29_008": "00", "P29_009": null }, "geometry": { "type": "Point", "coordinates": [ 130.593562742323513, 32.915554005306824 ] } },
{ "type": "Feature", "properties": { "P29_001": "43206", "P29_002": "B143210000875", "P29_003": "16001", "P29_004": "玉名市立伊倉小学校", "P29_005": "熊本県玉名市宮原678", "P29_006": "3", "P29_007": "1", "P29_008": "00", "P29_009": null }, "geometry": { "type": "Point", "coordinates": [ 130.575152713116211, 32.905229068471577 ] } },
{ "type": "Feature", "properties": { "P29_001": "43215", "P29_002": "B143210000884", "P29_003": "16001", "P29_004": "天草市立本渡南小学校", "P29_005": "熊本県天草市川原町4-21", "P29_006": "3", "P29_007": "1", "P29_008": "00", "P29_009": null }, "geometry": { "type": "Point", "coordinates": [ 130.184530061760682, 32.456549043143646 ] } },
{ "type": "Feature", "properties": { "P29_001": "43215", "P29_002": "B143210000893", "P29_003": "16001", "P29_004": "天草市立本渡北小学校", "P29_005": "熊本県天草市浜崎町3-55", "P29_006": "3", "P29_007": "1", "P29_008": "00", "P29_009": null }, "geometry": { "type": "Point", "coordinates": [ 130.187016017071812, 32.463086997957383 ] } },
{ "type": "Feature", "properties": { "P29_001": "43215", "P29_002": "B143210000900", "P29_003": "16001", "P29_004": "天草市立楠浦小学校", "P29_005": "熊本県天草市楠浦町2805", "P29_006": "3", "P29_007": "1", "P29_008": "00", "P29_009": null }, "geometry": { "type": "Point", "coordinates": [ 130.197850325522012, 32.413084452508407 ] } },
{ "type": "Feature", "properties": { "P29_001": "43215", "P29_002": "B143210000919", "P29_003": "16001", "P29_004": "天草市立本町小学校", "P29_005": "熊本県天草市本町本815", "P29_006": "3", "P29_007": "1", "P29_008": "00", "P29_009": null }, "geometry": { "type": "Point", "coordinates": [ 130.13384018570062, 32.467383235373553 ] } },
{ "type": "Feature", "properties": { "P29_001": "43215", "P29_002": "B143210000928", "P29_003": "16001", "P29_004": "天草市立佐伊津小学校", "P29_005": "熊本県天草市佐伊津町2312", "P29_006": "3", "P29_007": "1", "P29_008": "00", "P29_009": null }, "geometry": { "type": "Point", "coordinates": [ 130.189477710158513, 32.490093439401505 ] } },
{ "type": "Feature", "properties": { "P29_001": "43208", "P29_002": "B143210000937", "P29_003": "16001", "P29_004": "山鹿市立八幡小学校", "P29_005": "熊本県山鹿市熊入町300", "P29_006": "3", "P29_007": "1", "P29_008": "00", "P29_009": null }, "geometry": { "type": "Point", "coordinates": [ 130.684663409388804, 33.02729744292219 ] } },
{ "type": "Feature", "properties": { "P29_001": "43208", "P29_002": "B143210000964", "P29_003": "16001", "P29_004": "山鹿市立三玉小学校", "P29_005": "熊本県山鹿市久原2935", "P29_006": "3", "P29_007": "1", "P29_008": "00", "P29_009": null }, "geometry": { "type": "Point", "coordinates": [ 130.720667862664442, 33.02979684827735 ] } },
{ "type": "Feature", "properties": { "P29_001": "43208", "P29_002": "B143210000973", "P29_003": "16001", "P29_004": "山鹿市立大道小学校", "P29_005": "熊本県山鹿市方保田1874", "P29_006": "3", "P29_007": "1", "P29_008": "00", "P29_009": null }, "geometry": { "type": "Point", "coordinates": [ 130.712238734817049, 32.998412903995181 ] } },
{ "type": "Feature", "properties": { "P29_001": "43210", "P29_002": "B143210000982", "P29_003": "16001", "P29_004": "菊池市立隈府小学校", "P29_005": "熊本県菊池市隈府792", "P29_006": "3", "P29_007": "1", "P29_008": "00", "P29_009": null }, "geometry": { "type": "Point", "coordinates": [ 130.811060916128071, 32.978647988982807 ] } },
{ "type": "Feature", "properties": { "P29_001": "43210", "P29_002": "B143210000991", "P29_003": "16001", "P29_004": "菊池市立菊之池小学校", "P29_005": "熊本県菊池市西寺1928", "P29_006": "3", "P29_007": "1", "P29_008": "00", "P29_009": null }, "geometry": { "type": "Point", "coordinates": [ 130.790129006885451, 32.968683410279176 ] } },
{ "type": "Feature", "properties": { "P29_001": "43210", "P29_002": "B143210001008", "P29_003": "16001", "P29_004": "菊池市立花房小学校", "P29_005": "熊本県菊池市出田2516", "P29_006": "3", "P29_007": "1", "P29_008": "00", "P29_009": null }, "geometry": { "type": "Point", "coordinates": [ 130.794605888472461, 32.954095011070265 ] } },
{ "type": "Feature", "properties": { "P29_001": "43210", "P29_002": "B143210001017", "P29_003": "16001", "P29_004": "菊池市立戸崎小学校", "P29_005": "熊本県菊池市赤星1164", "P29_006": "3", "P29_007": "1", "P29_008": "00", "P29_009": null }, "geometry": { "type": "Point", "coordinates": [ 130.809962599142494, 32.96679051098279 ] } },
{ "type": "Feature", "properties": { "P29_001": "43211", "P29_002": "B143210001026", "P29_003": "16001", "P29_004": "宇土市立宇土小学校", "P29_005": "熊本県宇土市高柳町104-1", "P29_006": "3", "P29_007": "1", "P29_008": "00", "P29_009": null }, "geometry": { "type": "Point", "coordinates": [ 130.653002360465621, 32.683923015249178 ] } },
{ "type": "Feature", "properties": { "P29_001": "43211", "P29_002": "B143210001035", "P29_003": "16001", "P29_004": "宇土市立緑川小学校", "P29_005": "熊本県宇土市野鶴町246", "P29_006": "3", "P29_007": "1", "P29_008": "00", "P29_009": null }, "geometry": { "type": "Point", "coordinates": [ 130.630811112961652, 32.693410019594772 ] } },
{ "type": "Feature", "properties": { "P29_001": "43211", "P29_002": "B143210001044", "P29_003": "16001", "P29_004": "宇土市立網津小学校", "P29_005": "熊本県宇土市網津町2082-3", "P29_006": "3", "P29_007": "1", "P29_008": "00", "P29_009": null }, "geometry": { "type": "Point", "coordinates": [ 130.59952719341814, 32.696456082410798 ] } },
{ "type": "Feature", "properties": { "P29_001": "43211", "P29_002": "B143210001053", "P29_003": "16001", "P29_004": "宇土市立花園小学校", "P29_005": "熊本県宇土市古保里町695", "P29_006": "3", "P29_007": "1", "P29_008": "00", "P29_009": null }, "geometry": { "type": "Point", "coordinates": [ 130.683067441980057, 32.675865922708368 ] } },
{ "type": "Feature", "properties": { "P29_001": "43211", "P29_002": "B143210001062", "P29_003": "16001", "P29_004": "宇土市立走潟小学校", "P29_005": "熊本県宇土市走潟町743", "P29_006": "3", "P29_007": "1", "P29_008": "00", "P29_009": null }, "geometry": { "type": "Point", "coordinates": [ 130.648098875039409, 32.705079564788605 ] } },
{ "type": "Feature", "properties": { "P29_001": "43211", "P29_002": "B143210001071", "P29_003": "16001", "P29_004": "宇土市立網田小学校", "P29_005": "熊本県宇土市下網田町1842", "P29_006": "3", "P29_007": "1", "P29_008": "00", "P29_009": null }, "geometry": { "type": "Point", "coordinates": [ 130.55410921340868, 32.666852652246206 ] } },
{ "type": "Feature", "properties": { "P29_001": "43105", "P29_002": "B143210001080", "P29_003": "16001", "P29_004": "熊本市立楠小学校", "P29_005": "熊本県熊本市北区楠5-15-1", "P29_006": "3", "P29_007": "1", "P29_008": "00", "P29_009": null }, "geometry": { "type": "Point", "coordinates": [ 130.758424901408716, 32.851056252736754 ] } },
{ "type": "Feature", "properties": { "P29_001": "43102", "P29_002": "B143210001099", "P29_003": "16001", "P29_004": "熊本市立桜木小学校", "P29_005": "熊本県熊本市東区花立2-23-1", "P29_006": "3", "P29_007": "1", "P29_008": "00", "P29_009": null }, "geometry": { "type": "Point", "coordinates": [ 130.776750038585703, 32.781681617127695 ] } },
{ "type": "Feature", "properties": { "P29_001": "43204", "P29_002": "B143210001106", "P29_003": "16001", "P29_004": "荒尾市立桜山小学校", "P29_005": "熊本県荒尾市桜山町3-25-1", "P29_006": "3", "P29_007": "1", "P29_008": "00", "P29_009": null }, "geometry": { "type": "Point", "coordinates": [ 130.45728804677799, 32.967835843458744 ] } },
{ "type": "Feature", "properties": { "P29_001": "43105", "P29_002": "B143210001115", "P29_003": "16001", "P29_004": "熊本市立武蔵小学校", "P29_005": "熊本県熊本市北区武蔵ヶ丘3-15-1", "P29_006": "3", "P29_007": "1", "P29_008": "00", "P29_009": null }, "geometry": { "type": "Point", "coordinates": [ 130.767778404541701, 32.854260038208551 ] } },
{ "type": "Feature", "properties": { "P29_001": "43101", "P29_002": "B143210001124", "P29_003": "16001", "P29_004": "熊本市立帯山西小学校", "P29_005": "熊本県熊本市中央区帯山1-29-8", "P29_006": "3", "P29_007": "1", "P29_008": "00", "P29_009": null }, "geometry": { "type": "Point", "coordinates": [ 130.741421193303495, 32.802330664311341 ] } },
{ "type": "Feature", "properties": { "P29_001": "43102", "P29_002": "B143210001133", "P29_003": "16001", "P29_004": "熊本市立月出小学校", "P29_005": "熊本県熊本市東区月出6-2-40", "P29_006": "3", "P29_007": "1", "P29_008": "00", "P29_009": null }, "geometry": { "type": "Point", "coordinates": [ 130.770857435110941, 32.805088582587295 ] } },
{ "type": "Feature", "properties": { "P29_001": "43101", "P29_002": "B143210001142", "P29_003": "16001", "P29_004": "熊本市立出水南小学校", "P29_005": "熊本県熊本市中央区出水4-1-1", "P29_006": "3", "P29_007": "1", "P29_008": "00", "P29_009": null }, "geometry": { "type": "Point", "coordinates": [ 130.730633415195314, 32.783269571221425 ] } },
{ "type": "Feature", "properties": { "P29_001": "43105", "P29_002": "B143210001151", "P29_003": "16001", "P29_004": "熊本市立川上小学校", "P29_005": "熊本県熊本市北区西梶尾町480", "P29_006": "3", "P29_007": "1", "P29_008": "00", "P29_009": null }, "geometry": { "type": "Point", "coordinates": [ 130.70464051007778, 32.870160329313819 ] } },
{ "type": "Feature", "properties": { "P29_001": "43105", "P29_002": "B143210001160", "P29_003": "16001", "P29_004": "熊本市立西里小学校", "P29_005": "熊本県熊本市北区下硯川町1784", "P29_006": "3", "P29_007": "1", "P29_008": "00", "P29_009": null }, "geometry": { "type": "Point", "coordinates": [ 130.70214128748168, 32.853792092713206 ] } },
{ "type": "Feature", "properties": { "P29_001": "43103", "P29_002": "B143210001179", "P29_003": "16001", "P29_004": "熊本市立芳野小学校", "P29_005": "熊本県熊本市西区河内町野出1419", "P29_006": "3", "P29_007": "1", "P29_008": "00", "P29_009": null }, "geometry": { "type": "Point", "coordinates": [ 130.642801030897743, 32.842383526056516 ] } },
{ "type": "Feature", "properties": { "P29_001": "43103", "P29_002": "B143210001188", "P29_003": "16001", "P29_004": "熊本市立河内小学校", "P29_005": "熊本県熊本市西区河内町船津2505-2", "P29_006": "3", "P29_007": "1", "P29_008": "00", "P29_009": null }, "geometry": { "type": "Point", "coordinates": [ 130.591562483892915, 32.828407974584003 ] } },
{ "type": "Feature", "properties": { "P29_001": "43104", "P29_002": "B143210001197", "P29_003": "16001", "P29_004": "熊本市立飽田東小学校", "P29_005": "熊本県熊本市南区砂原町115", "P29_006": "3", "P29_007": "1", "P29_008": "00", "P29_009": null }, "geometry": { "type": "Point", "coordinates": [ 130.662156698097306, 32.763374822312301 ] } },
{ "type": "Feature", "properties": { "P29_001": "43104", "P29_002": "B143210001204", "P29_003": "16001", "P29_004": "熊本市立飽田南小学校", "P29_005": "熊本県熊本市南区護藤町999", "P29_006": "3", "P29_007": "1", "P29_008": "00", "P29_009": null }, "geometry": { "type": "Point", "coordinates": [ 130.663048223119688, 32.750064926253366 ] } },
{ "type": "Feature", "properties": { "P29_001": "43104", "P29_002": "B143210001213", "P29_003": "16001", "P29_004": "熊本市立飽田西小学校", "P29_005": "熊本県熊本市南区並建町1005", "P29_006": "3", "P29_007": "1", "P29_008": "00", "P29_009": null }, "geometry": { "type": "Point", "coordinates": [ 130.633904603703485, 32.754663760227089 ] } },
{ "type": "Feature", "properties": { "P29_001": "43104", "P29_002": "B143210001222", "P29_003": "16001", "P29_004": "熊本市立中緑小学校", "P29_005": "熊本県熊本市南区美登里町800", "P29_006": "3", "P29_007": "1", "P29_008": "00", "P29_009": null }, "geometry": { "type": "Point", "coordinates": [ 130.66026258902744, 32.73082345838413 ] } },
{ "type": "Feature", "properties": { "P29_001": "43104", "P29_002": "B143210001231", "P29_003": "16001", "P29_004": "熊本市立銭塘小学校", "P29_005": "熊本県熊本市南区銭塘町990", "P29_006": "3", "P29_007": "1", "P29_008": "00", "P29_009": null }, "geometry": { "type": "Point", "coordinates": [ 130.64585876673263, 32.741666818451534 ] } },
{ "type": "Feature", "properties": { "P29_001": "43104", "P29_002": "B143210001240", "P29_003": "16001", "P29_004": "熊本市立奥古閑小学校", "P29_005": "熊本県熊本市南区奥古閑町4072", "P29_006": "3", "P29_007": "1", "P29_008": "00", "P29_009": null }, "geometry": { "type": "Point", "coordinates": [ 130.624528031029001, 32.73057738413268 ] } },
{ "type": "Feature", "properties": { "P29_001": "43104", "P29_002": "B143210001259", "P29_003": "16001", "P29_004": "熊本市立川口小学校", "P29_005": "熊本県熊本市南区川口町3045", "P29_006": "3", "P29_007": "1", "P29_008": "00", "P29_009": null }, "geometry": { "type": "Point", "coordinates": [ 130.627402821836426, 32.717825862929843 ] } },
{ "type": "Feature", "properties": { "P29_001": "43102", "P29_002": "B143210001268", "P29_003": "16001", "P29_004": "熊本市立託麻北小学校", "P29_005": "熊本県熊本市東区上南部3-34-1", "P29_006": "3", "P29_007": "1", "P29_008": "00", "P29_009": null }, "geometry": { "type": "Point", "coordinates": [ 130.773819260803776, 32.839118369412454 ] } },
{ "type": "Feature", "properties": { "P29_001": "43102", "P29_002": "B143210001277", "P29_003": "16001", "P29_004": "熊本市立託麻西小学校", "P29_005": "熊本県熊本市東区御領2-3-30", "P29_006": "3", "P29_007": "1", "P29_008": "00", "P29_009": null }, "geometry": { "type": "Point", "coordinates": [ 130.765994222300208, 32.821367288638662 ] } },
{ "type": "Feature", "properties": { "P29_001": "43102", "P29_002": "B143210001286", "P29_003": "16001", "P29_004": "熊本市立託麻東小学校", "P29_005": "熊本県熊本市東区戸島3-15-1", "P29_006": "3", "P29_007": "1", "P29_008": "00", "P29_009": null }, "geometry": { "type": "Point", "coordinates": [ 130.793977725743161, 32.824585295293751 ] } },
{ "type": "Feature", "properties": { "P29_001": "43213", "P29_002": "B143210001295", "P29_003": "16001", "P29_004": "宇城市立三角小学校", "P29_005": "熊本県宇城市三角町三角浦574-1", "P29_006": "3", "P29_007": "1", "P29_008": "00", "P29_009": null }, "geometry": { "type": "Point", "coordinates": [ 130.467470909447229, 32.610964156114548 ] } },
{ "type": "Feature", "properties": { "P29_001": "43104", "P29_002": "B143210001320", "P29_003": "16001", "P29_004": "熊本市立杉上小学校", "P29_005": "熊本県熊本市南区城南町永505-1", "P29_006": "3", "P29_007": "1", "P29_008": "00", "P29_009": null }, "geometry": { "type": "Point", "coordinates": [ 130.727283998138489, 32.724525999873379 ] } },
{ "type": "Feature", "properties": { "P29_001": "43104", "P29_002": "B143210001339", "P29_003": "16001", "P29_004": "熊本市立隈庄小学校", "P29_005": "熊本県熊本市南区城南町隈庄270", "P29_006": "3", "P29_007": "1", "P29_008": "00", "P29_009": null }, "geometry": { "type": "Point", "coordinates": [ 130.72666701288432, 32.708135557251971 ] } },
{ "type": "Feature", "properties": { "P29_001": "43104", "P29_002": "B143210001348", "P29_003": "16001", "P29_004": "熊本市立豊田小学校", "P29_005": "熊本県熊本市南区城南町塚原259", "P29_006": "3", "P29_007": "1", "P29_008": "00", "P29_009": null }, "geometry": { "type": "Point", "coordinates": [ 130.745468165419481, 32.690076002646968 ] } },
{ "type": "Feature", "properties": { "P29_001": "43213", "P29_002": "B143210001357", "P29_003": "16001", "P29_004": "宇城市立松橋小学校", "P29_005": "熊本県宇城市松橋町松橋1666", "P29_006": "3", "P29_007": "1", "P29_008": "00", "P29_009": null }, "geometry": { "type": "Point", "coordinates": [ 130.684832406343304, 32.657160532186282 ] } },
{ "type": "Feature", "properties": { "P29_001": "43213", "P29_002": "B143210001366", "P29_003": "16001", "P29_004": "宇城市立当尾小学校", "P29_005": "熊本県宇城市松橋町曲野1856", "P29_006": "3", "P29_007": "1", "P29_008": "00", "P29_009": null }, "geometry": { "type": "Point", "coordinates": [ 130.701673744117642, 32.657850228920125 ] } },
{ "type": "Feature", "properties": { "P29_001": "43213", "P29_002": "B143210001375", "P29_003": "16001", "P29_004": "宇城市立豊川小学校", "P29_005": "熊本県宇城市松橋町南豊崎582", "P29_006": "3", "P29_007": "1", "P29_008": "00", "P29_009": null }, "geometry": { "type": "Point", "coordinates": [ 130.679060867562214, 32.624704658977436 ] } },
{ "type": "Feature", "properties": { "P29_001": "43213", "P29_002": "B143210001384", "P29_003": "16001", "P29_004": "宇城市立豊福小学校", "P29_005": "熊本県宇城市松橋町豊福1604", "P29_006": "3", "P29_007": "1", "P29_008": "00", "P29_009": null }, "geometry": { "type": "Point", "coordinates": [ 130.700126193005133, 32.634863035371765 ] } },
{ "type": "Feature", "properties": { "P29_001": "43213", "P29_002": "B143210001393", "P29_003": "16001", "P29_004": "宇城市立小野部田小学校", "P29_005": "熊本県宇城市小川町南小野1402", "P29_006": "3", "P29_007": "1", "P29_008": "00", "P29_009": null }, "geometry": { "type": "Point", "coordinates": [ 130.718970384000528, 32.606929235840148 ] } },
{ "type": "Feature", "properties": { "P29_001": "43213", "P29_002": "B143210001400", "P29_003": "16001", "P29_004": "宇城市立河江小学校", "P29_005": "熊本県宇城市小川町新田1675-1", "P29_006": "3", "P29_007": "1", "P29_008": "00", "P29_009": null }, "geometry": { "type": "Point", "coordinates": [ 130.68907961017473, 32.599323074834928 ] } },
{ "type": "Feature", "properties": { "P29_001": "43213", "P29_002": "B143210001419", "P29_003": "16001", "P29_004": "宇城市立小川小学校", "P29_005": "熊本県宇城市小川町西北小川1", "P29_006": "3", "P29_007": "1", "P29_008": "00", "P29_009": null }, "geometry": { "type": "Point", "coordinates": [ 130.710793792484708, 32.582048013203185 ] } },
{ "type": "Feature", "properties": { "P29_001": "43213", "P29_002": "B143210001428", "P29_003": "16001", "P29_004": "宇城市立海東小学校", "P29_005": "熊本県宇城市小川町南海東2050", "P29_006": "3", "P29_007": "1", "P29_008": "00", "P29_009": null }, "geometry": { "type": "Point", "coordinates": [ 130.744861034453606, 32.583796821695273 ] } },
{ "type": "Feature", "properties": { "P29_001": "43104", "P29_002": "B143210001437", "P29_003": "16001", "P29_004": "熊本市立富合小学校", "P29_005": "熊本県熊本市南区富合町清藤472", "P29_006": "3", "P29_007": "1", "P29_008": "00", "P29_009": null }, "geometry": { "type": "Point", "coordinates": [ 130.680913787143538, 32.714073819433871 ] } },
{ "type": "Feature", "properties": { "P29_001": "43213", "P29_002": "B143210001446", "P29_003": "16001", "P29_004": "宇城市立豊野小学校", "P29_005": "熊本県宇城市豊野町糸石3536", "P29_006": "3", "P29_007": "1", "P29_008": "00", "P29_009": null }, "geometry": { "type": "Point", "coordinates": [ 130.751670998887164, 32.635201997375873 ] } },
{ "type": "Feature", "properties": { "P29_001": "43206", "P29_002": "B143210001455", "P29_003": "16001", "P29_004": "玉名市立玉水小学校", "P29_005": "熊本県玉名市天水町部田見1440-2", "P29_006": "3", "P29_007": "1", "P29_008": "00", "P29_009": null }, "geometry": { "type": "Point", "coordinates": [ 130.582806698321178, 32.878551014778481 ] } },
{ "type": "Feature", "properties": { "P29_001": "43206", "P29_002": "B143210001464", "P29_003": "16001", "P29_004": "玉名市立小天小学校", "P29_005": "熊本県玉名市天水町小天6966", "P29_006": "3", "P29_007": "1", "P29_008": "00", "P29_009": null }, "geometry": { "type": "Point", "coordinates": [ 130.59344695564377, 32.861793388770202 ] } },
{ "type": "Feature", "properties": { "P29_001": "43367", "P29_002": "B143210001473", "P29_003": "16001", "P29_004": "南関町立南関第一小学校", "P29_005": "熊本県玉名郡南関町関町188", "P29_006": "3", "P29_007": "1", "P29_008": "00", "P29_009": null }, "geometry": { "type": "Point", "coordinates": [ 130.546515739169479, 33.063072054036823 ] } },
{ "type": "Feature", "properties": { "P29_001": "43367", "P29_002": "B143210001482", "P29_003": "16001", "P29_004": "南関町立南関第二小学校", "P29_005": "熊本県玉名郡南関町高久野754", "P29_006": "3", "P29_007": "1", "P29_008": "00", "P29_009": null }, "geometry": { "type": "Point", "coordinates": [ 130.531531048990018, 33.026634760271776 ] } },
{ "type": "Feature", "properties": { "P29_001": "43367", "P29_002": "B143210001491", "P29_003": "16001", "P29_004": "南関町立南関第三小学校", "P29_005": "熊本県玉名郡南関町大字相谷1800", "P29_006": "3", "P29_007": "1", "P29_008": "00", "P29_009": null }, "geometry": { "type": "Point", "coordinates": [ 130.576143045429689, 33.042576072847609 ] } },
{ "type": "Feature", "properties": { "P29_001": "43367", "P29_002": "B143210001507", "P29_003": "16001", "P29_004": "南関町立南関第四小学校", "P29_005": "熊本県玉名郡南関町大字上坂下3528", "P29_006": "3", "P29_007": "1", "P29_008": "00", "P29_009": null }, "geometry": { "type": "Point", "coordinates": [ 130.560037656113991, 33.016285894672059 ] } },
{ "type": "Feature", "properties": { "P29_001": "43368", "P29_002": "B143210001516", "P29_003": "16001", "P29_004": "長洲町立六栄小学校", "P29_005": "熊本県玉名郡長洲町宮野957-1", "P29_006": "3", "P29_007": "1", "P29_008": "00", "P29_009": null }, "geometry": { "type": "Point", "coordinates": [ 130.476805275629602, 32.933206395312652 ] } },
{ "type": "Feature", "properties": { "P29_001": "43368", "P29_002": "B143210001525", "P29_003": "16001", "P29_004": "長洲町立腹赤小学校", "P29_005": "熊本県玉名郡長洲町腹赤125", "P29_006": "3", "P29_007": "1", "P29_008": "00", "P29_009": null }, "geometry": { "type": "Point", "coordinates": [ 130.473339452208194, 32.920029530558054 ] } },
{ "type": "Feature", "properties": { "P29_001": "43368", "P29_002": "B143210001534", "P29_003": "16001", "P29_004": "長洲町立長洲小学校", "P29_005": "熊本県玉名郡長洲町大字長洲1776", "P29_006": "3", "P29_007": "1", "P29_008": "00", "P29_009": null }, "geometry": { "type": "Point", "coordinates": [ 130.446407175918125, 32.931668398259184 ] } },
{ "type": "Feature", "properties": { "P29_001": "43368", "P29_002": "B143210001543", "P29_003": "16001", "P29_004": "長洲町立清里小学校", "P29_005": "熊本県玉名郡長洲町高浜1250", "P29_006": "3", "P29_007": "1", "P29_008": "00", "P29_009": null }, "geometry": { "type": "Point", "coordinates": [ 130.456274436385854, 32.939803866683135 ] } },
{ "type": "Feature", "properties": { "P29_001": "43206", "P29_002": "B143210001552", "P29_003": "16001", "P29_004": "玉名市立大野小学校", "P29_005": "熊本県玉名市岱明町野口2460", "P29_006": "3", "P29_007": "1", "P29_008": "00", "P29_009": null }, "geometry": { "type": "Point", "coordinates": [ 130.520968552788361, 32.921063911965504 ] } },
{ "type": "Feature", "properties": { "P29_001": "43206", "P29_002": "B143210001561", "P29_003": "16001", "P29_004": "玉名市立睦合小学校", "P29_005": "熊本県玉名市岱明町古閑302", "P29_006": "3", "P29_007": "1", "P29_008": "00", "P29_009": null }, "geometry": { "type": "Point", "coordinates": [ 130.509107997636704, 32.930230220048472 ] } },
{ "type": "Feature", "properties": { "P29_001": "43206", "P29_002": "B143210001570", "P29_003": "16001", "P29_004": "玉名市立鍋小学校", "P29_005": "熊本県玉名市岱明町鍋345-2", "P29_006": "3", "P29_007": "1", "P29_008": "00", "P29_009": null }, "geometry": { "type": "Point", "coordinates": [ 130.493760118551705, 32.910636954046836 ] } },
{ "type": "Feature", "properties": { "P29_001": "43206", "P29_002": "B143210001589", "P29_003": "16001", "P29_004": "玉名市立高道小学校", "P29_005": "熊本県玉名市岱明町高道1230", "P29_006": "3", "P29_007": "1", "P29_008": "00", "P29_009": null }, "geometry": { "type": "Point", "coordinates": [ 130.512535188542643, 32.907170425979622 ] } },
{ "type": "Feature", "properties": { "P29_001": "43206", "P29_002": "B143210001598", "P29_003": "16001", "P29_004": "玉名市立横島小学校", "P29_005": "熊本県玉名市横島町横島3810", "P29_006": "3", "P29_007": "1", "P29_008": "00", "P29_009": null }, "geometry": { "type": "Point", "coordinates": [ 130.554860651374781, 32.878095831805858 ] } },
{ "type": "Feature", "properties": { "P29_001": "43364", "P29_002": "B143210001605", "P29_003": "16001", "P29_004": "玉東町立山北小学校", "P29_005": "熊本県玉名郡玉東町上白木370-1", "P29_006": "3", "P29_007": "1", "P29_008": "00", "P29_009": null }, "geometry": { "type": "Point", "coordinates": [ 130.627069274330609, 32.897268535811563 ] } },
{ "type": "Feature", "properties": { "P29_001": "43364", "P29_002": "B143210001614", "P29_003": "16001", "P29_004": "玉東町立木葉小学校", "P29_005": "熊本県玉名郡玉東町木葉1113", "P29_006": "3", "P29_007": "1", "P29_008": "00", "P29_009": null }, "geometry": { "type": "Point", "coordinates": [ 130.620242190801065, 32.920896927737324 ] } },
{ "type": "Feature", "properties": { "P29_001": "43105", "P29_002": "B143210001623", "P29_003": "16001", "P29_004": "熊本市立植木小学校", "P29_005": "熊本県熊本市北区植木町広住1", "P29_006": "3", "P29_007": "1", "P29_008": "00", "P29_009": null }, "geometry": { "type": "Point", "coordinates": [ 130.693545211341899, 32.896464067269534 ] } },
{ "type": "Feature", "properties": { "P29_001": "43105", "P29_002": "B143210001632", "P29_003": "16001", "P29_004": "熊本市立山本小学校", "P29_005": "熊本県熊本市北区植木町内1424", "P29_006": "3", "P29_007": "1", "P29_008": "00", "P29_009": null }, "geometry": { "type": "Point", "coordinates": [ 130.681750976085112, 32.937417821273172 ] } },
{ "type": "Feature", "properties": { "P29_001": "43105", "P29_002": "B143210001641", "P29_003": "16001", "P29_004": "熊本市立田原小学校", "P29_005": "熊本県熊本市北区植木町富応1302-5", "P29_006": "3", "P29_007": "1", "P29_008": "00", "P29_009": null }, "geometry": { "type": "Point", "coordinates": [ 130.66488979682299, 32.910484696944643 ] } },
{ "type": "Feature", "properties": { "P29_001": "43105", "P29_002": "B143210001650", "P29_003": "16001", "P29_004": "熊本市立菱形小学校", "P29_005": "熊本県熊本市北区植木町円台寺124", "P29_006": "3", "P29_007": "1", "P29_008": "00", "P29_009": null }, "geometry": { "type": "Point", "coordinates": [ 130.66020652669269, 32.883357319795834 ] } },
{ "type": "Feature", "properties": { "P29_001": "43105", "P29_002": "B143210001669", "P29_003": "16001", "P29_004": "熊本市立桜井小学校", "P29_005": "熊本県熊本市北区植木町滴水2255", "P29_006": "3", "P29_007": "1", "P29_008": "00", "P29_009": null }, "geometry": { "type": "Point", "coordinates": [ 130.6842521852586, 32.888630524377362 ] } },
{ "type": "Feature", "properties": { "P29_001": "43105", "P29_002": "B143210001678", "P29_003": "16001", "P29_004": "熊本市立山東小学校", "P29_005": "熊本県熊本市北区植木町有泉841", "P29_006": "3", "P29_007": "1", "P29_008": "00", "P29_009": null }, "geometry": { "type": "Point", "coordinates": [ 130.707994981483807, 32.912656361551655 ] } },
{ "type": "Feature", "properties": { "P29_001": "43105", "P29_002": "B143210001687", "P29_003": "16001", "P29_004": "熊本市立吉松小学校", "P29_005": "熊本県熊本市北区植木町豊田474", "P29_006": "3", "P29_007": "1", "P29_008": "00", "P29_009": null }, "geometry": { "type": "Point", "coordinates": [ 130.709555211324385, 32.941052877735828 ] } },
{ "type": "Feature", "properties": { "P29_001": "43105", "P29_002": "B143210001696", "P29_003": "16001", "P29_004": "熊本市立田底小学校", "P29_005": "熊本県熊本市北区植木町正清515", "P29_006": "3", "P29_007": "1", "P29_008": "00", "P29_009": null }, "geometry": { "type": "Point", "coordinates": [ 130.717020296334312, 32.962791921112114 ] } },
{ "type": "Feature", "properties": { "P29_001": "43403", "P29_002": "B143210001703", "P29_003": "16001", "P29_004": "大津町立室小学校", "P29_005": "熊本県菊池郡大津町室1825", "P29_006": "3", "P29_007": "1", "P29_008": "00", "P29_009": null }, "geometry": { "type": "Point", "coordinates": [ 130.8593221570639, 32.884252621234332 ] } },
{ "type": "Feature", "properties": { "P29_001": "43403", "P29_002": "B143210001712", "P29_003": "16001", "P29_004": "大津町立大津南小学校", "P29_005": "熊本県菊池郡大津町大字陣内1582", "P29_006": "3", "P29_007": "1", "P29_008": "00", "P29_009": null }, "geometry": { "type": "Point", "coordinates": [ 130.870286205547956, 32.859874253190661 ] } },
{ "type": "Feature", "properties": { "P29_001": "43403", "P29_002": "B143210001721", "P29_003": "16001", "P29_004": "大津町立護川小学校", "P29_005": "熊本県菊池郡大津町杉水3092", "P29_006": "3", "P29_007": "1", "P29_008": "00", "P29_009": null }, "geometry": { "type": "Point", "coordinates": [ 130.850497473901669, 32.910233758277521 ] } },
{ "type": "Feature", "properties": { "P29_001": "43210", "P29_002": "B143210001730", "P29_003": "16001", "P29_004": "菊池市立泗水東小学校", "P29_005": "熊本県菊池市泗水町住吉2851", "P29_006": "3", "P29_007": "1", "P29_008": "00", "P29_009": null }, "geometry": { "type": "Point", "coordinates": [ 130.808291969469479, 32.933202204697942 ] } },
{ "type": "Feature", "properties": { "P29_001": "43210", "P29_002": "B143210001749", "P29_003": "16001", "P29_004": "菊池市立泗水小学校", "P29_005": "熊本県菊池市泗水町豊水3481", "P29_006": "3", "P29_007": "1", "P29_008": "00", "P29_009": null }, "geometry": { "type": "Point", "coordinates": [ 130.774362726743732, 32.924305360029464 ] } },
{ "type": "Feature", "properties": { "P29_001": "43210", "P29_002": "B143210001758", "P29_003": "16001", "P29_004": "菊池市立泗水西小学校", "P29_005": "熊本県菊池市泗水町田島333", "P29_006": "3", "P29_007": "1", "P29_008": "00", "P29_009": null }, "geometry": { "type": "Point", "coordinates": [ 130.7427965739424, 32.931800697624091 ] } },
{ "type": "Feature", "properties": { "P29_001": "43210", "P29_002": "B143210001767", "P29_003": "16001", "P29_004": "菊池市立七城小学校", "P29_005": "熊本県菊池市七城町甲佐町33", "P29_006": "3", "P29_007": "1", "P29_008": "00", "P29_009": null }, "geometry": { "type": "Point", "coordinates": [ 130.763442472966005, 32.968806894911623 ] } },
{ "type": "Feature", "properties": { "P29_001": "43210", "P29_002": "B143210001776", "P29_003": "16001", "P29_004": "菊池市立旭志小学校", "P29_005": "熊本県菊池市旭志新明2790", "P29_006": "3", "P29_007": "1", "P29_008": "00", "P29_009": null }, "geometry": { "type": "Point", "coordinates": [ 130.84878367148707, 32.943203043374162 ] } },
{ "type": "Feature", "properties": { "P29_001": "43404", "P29_002": "B143210001785", "P29_003": "16001", "P29_004": "菊陽町立菊陽中部小学校", "P29_005": "熊本県菊池郡菊陽町津久礼411", "P29_006": "3", "P29_007": "1", "P29_008": "00", "P29_009": null }, "geometry": { "type": "Point", "coordinates": [ 130.825556882777875, 32.859465160821998 ] } },
{ "type": "Feature", "properties": { "P29_001": "43404", "P29_002": "B143210001794", "P29_003": "16001", "P29_004": "菊陽町立武蔵ケ丘小学校", "P29_005": "熊本県菊池郡菊陽町武蔵ヶ丘北1-2-1", "P29_006": "3", "P29_007": "1", "P29_008": "00", "P29_009": null }, "geometry": { "type": "Point", "coordinates": [ 130.768005970701552, 32.858052983700645 ] } },
{ "type": "Feature", "properties": { "P29_001": "43404", "P29_002": "B143210001801", "P29_003": "16001", "P29_004": "菊陽町立菊陽南小学校", "P29_005": "熊本県菊池郡菊陽町曲手397", "P29_006": "3", "P29_007": "1", "P29_008": "00", "P29_009": null }, "geometry": { "type": "Point", "coordinates": [ 130.835422251510323, 32.850583232947521 ] } },
{ "type": "Feature", "properties": { "P29_001": "43404", "P29_002": "B143210001810", "P29_003": "16001", "P29_004": "菊陽町立菊陽北小学校", "P29_005": "熊本県菊池郡菊陽町原水4652", "P29_006": "3", "P29_007": "1", "P29_008": "00", "P29_009": null }, "geometry": { "type": "Point", "coordinates": [ 130.831104323404588, 32.877560228859259 ] } },
{ "type": "Feature", "properties": { "P29_001": "43216", "P29_002": "B143210001829", "P29_003": "16001", "P29_004": "合志市立合志小学校", "P29_005": "熊本県合志市上庄55", "P29_006": "3", "P29_007": "1", "P29_008": "00", "P29_009": null }, "geometry": { "type": "Point", "coordinates": [ 130.791939980577212, 32.894343238908604 ] } },
{ "type": "Feature", "properties": { "P29_001": "43216", "P29_002": "B143210001838", "P29_003": "16001", "P29_004": "合志市立西合志第一小学校", "P29_005": "熊本県合志市合生2197", "P29_006": "3", "P29_007": "1", "P29_008": "00", "P29_009": null }, "geometry": { "type": "Point", "coordinates": [ 130.75736795209238, 32.914366207264955 ] } },
{ "type": "Feature", "properties": { "P29_001": "43216", "P29_002": "B143210001847", "P29_003": "16001", "P29_004": "合志市立西合志南小学校", "P29_005": "熊本県合志市須屋1873", "P29_006": "3", "P29_007": "1", "P29_008": "00", "P29_009": null }, "geometry": { "type": "Point", "coordinates": [ 130.735384003421046, 32.862088996530218 ] } },
{ "type": "Feature", "properties": { "P29_001": "43216", "P29_002": "B143210001856", "P29_003": "16001", "P29_004": "合志市立西合志中央小学校", "P29_005": "熊本県合志市野々島4832", "P29_006": "3", "P29_007": "1", "P29_008": "00", "P29_009": null }, "geometry": { "type": "Point", "coordinates": [ 130.742964127318544, 32.907857134676533 ] } },
{ "type": "Feature", "properties": { "P29_001": "43214", "P29_002": "B143210001865", "P29_003": "16001", "P29_004": "阿蘇市立内牧小学校", "P29_005": "熊本県阿蘇市内牧1376", "P29_006": "3", "P29_007": "1", "P29_008": "00", "P29_009": null }, "geometry": { "type": "Point", "coordinates": [ 131.047064896369363, 32.975940293022063 ] } },
{ "type": "Feature", "properties": { "P29_001": "43423", "P29_002": "B143210001874", "P29_003": "16001", "P29_004": "南小国町立中原小学校", "P29_005": "熊本県阿蘇郡南小国町中原2469", "P29_006": "3", "P29_007": "1", "P29_008": "00", "P29_009": null }, "geometry": { "type": "Point", "coordinates": [ 131.04990285802603, 33.082808472711818 ] } },
{ "type": "Feature", "properties": { "P29_001": "43423", "P29_002": "B143210001883", "P29_003": "16001", "P29_004": "南小国町立市原小学校", "P29_005": "熊本県阿蘇郡南小国町赤馬場1922", "P29_006": "3", "P29_007": "1", "P29_008": "00", "P29_009": null }, "geometry": { "type": "Point", "coordinates": [ 131.069632954151103, 33.097494035197641 ] } },
{ "type": "Feature", "properties": { "P29_001": "43432", "P29_002": "B143210001927", "P29_003": "16001", "P29_004": "西原村立山西小学校", "P29_005": "熊本県阿蘇郡西原村小森2767", "P29_006": "3", "P29_007": "1", "P29_008": "00", "P29_009": null }, "geometry": { "type": "Point", "coordinates": [ 130.912124162918445, 32.841823588029023 ] } },
{ "type": "Feature", "properties": { "P29_001": "43432", "P29_002": "B143210001936", "P29_003": "16001", "P29_004": "西原村立河原小学校", "P29_005": "熊本県阿蘇郡西原村河原976", "P29_006": "3", "P29_007": "1", "P29_008": "00", "P29_009": null }, "geometry": { "type": "Point", "coordinates": [ 130.888096089522634, 32.812638943858495 ] } },
{ "type": "Feature", "properties": { "P29_001": "43441", "P29_002": "B143210001945", "P29_003": "16001", "P29_004": "御船町立御船小学校", "P29_005": "熊本県上益城郡御船町滝川3", "P29_006": "3", "P29_007": "1", "P29_008": "00", "P29_009": null }, "geometry": { "type": "Point", "coordinates": [ 130.800000847368125, 32.714952850597015 ] } },
{ "type": "Feature", "properties": { "P29_001": "43441", "P29_002": "B143210001954", "P29_003": "16001", "P29_004": "御船町立滝尾小学校", "P29_005": "熊本県上益城郡御船町滝尾934-1", "P29_006": "3", "P29_007": "1", "P29_008": "00", "P29_009": null }, "geometry": { "type": "Point", "coordinates": [ 130.828139113284692, 32.704900541185019 ] } },
{ "type": "Feature", "properties": { "P29_001": "43441", "P29_002": "B143210001963", "P29_003": "16001", "P29_004": "御船町立木倉小学校", "P29_005": "熊本県上益城郡御船町木倉954", "P29_006": "3", "P29_007": "1", "P29_008": "00", "P29_009": null }, "geometry": { "type": "Point", "coordinates": [ 130.806632159634859, 32.718478336568339 ] } },
{ "type": "Feature", "properties": { "P29_001": "43441", "P29_002": "B143210001972", "P29_003": "16001", "P29_004": "御船町立高木小学校", "P29_005": "熊本県上益城郡御船町高木1633", "P29_006": "3", "P29_007": "1", "P29_008": "00", "P29_009": null }, "geometry": { "type": "Point", "coordinates": [ 130.791505360132135, 32.737971437074805 ] } },
{ "type": "Feature", "properties": { "P29_001": "43441", "P29_002": "B143210001981", "P29_003": "16001", "P29_004": "御船町立小坂小学校", "P29_005": "熊本県上益城郡御船町小坂2193-2", "P29_006": "3", "P29_007": "1", "P29_008": "00", "P29_009": null }, "geometry": { "type": "Point", "coordinates": [ 130.77500960876705, 32.726463675875806 ] } },
{ "type": "Feature", "properties": { "P29_001": "43443", "P29_002": "B143210001990", "P29_003": "16001", "P29_004": "益城町立飯野小学校", "P29_005": "熊本県上益城郡益城町砥川137", "P29_006": "3", "P29_007": "1", "P29_008": "00", "P29_009": null }, "geometry": { "type": "Point", "coordinates": [ 130.811462333197596, 32.759294005581118 ] } },
{ "type": "Feature", "properties": { "P29_001": "43443", "P29_002": "B143210002007", "P29_003": "16001", "P29_004": "益城町立広安小学校", "P29_005": "熊本県上益城郡益城町馬水35", "P29_006": "3", "P29_007": "1", "P29_008": "00", "P29_009": null }, "geometry": { "type": "Point", "coordinates": [ 130.801929351657265, 32.787089756004924 ] } },
{ "type": "Feature", "properties": { "P29_001": "43443", "P29_002": "B143210002016", "P29_003": "16001", "P29_004": "益城町立益城中央小学校", "P29_005": "熊本県上益城郡益城町大字寺迫1142", "P29_006": "3", "P29_007": "1", "P29_008": "00", "P29_009": null }, "geometry": { "type": "Point", "coordinates": [ 130.830624660093548, 32.791004342769789 ] } },
{ "type": "Feature", "properties": { "P29_001": "43443", "P29_002": "B143210002025", "P29_003": "16001", "P29_004": "益城町立津森小学校", "P29_005": "熊本県上益城郡益城町大字上陳369", "P29_006": "3", "P29_007": "1", "P29_008": "00", "P29_009": null }, "geometry": { "type": "Point", "coordinates": [ 130.853218413874743, 32.803019916085645 ] } },
{ "type": "Feature", "properties": { "P29_001": "43444", "P29_002": "B143210002034", "P29_003": "16001", "P29_004": "甲佐町立甲佐小学校", "P29_005": "熊本県上益城郡甲佐町豊内613-1", "P29_006": "3", "P29_007": "1", "P29_008": "00", "P29_009": null }, "geometry": { "type": "Point", "coordinates": [ 130.810719189469324, 32.647571822486491 ] } },
{ "type": "Feature", "properties": { "P29_001": "43444", "P29_002": "B143210002043", "P29_003": "16001", "P29_004": "甲佐町立白旗小学校", "P29_005": "熊本県上益城郡甲佐町大字白旗50", "P29_006": "3", "P29_007": "1", "P29_008": "00", "P29_009": null }, "geometry": { "type": "Point", "coordinates": [ 130.788148440267349, 32.697295945789627 ] } },
{ "type": "Feature", "properties": { "P29_001": "43444", "P29_002": "B143210002052", "P29_003": "16001", "P29_004": "甲佐町立乙女小学校", "P29_005": "熊本県上益城郡甲佐町津志田3073", "P29_006": "3", "P29_007": "1", "P29_008": "00", "P29_009": null }, "geometry": { "type": "Point", "coordinates": [ 130.781216605496098, 32.684820479813965 ] } },
{ "type": "Feature", "properties": { "P29_001": "43444", "P29_002": "B143210002061", "P29_003": "16001", "P29_004": "甲佐町立龍野小学校", "P29_005": "熊本県上益城郡甲佐町上早川1220", "P29_006": "3", "P29_007": "1", "P29_008": "00", "P29_009": null }, "geometry": { "type": "Point", "coordinates": [ 130.817387362858398, 32.673736789377855 ] } },
{ "type": "Feature", "properties": { "P29_001": "43447", "P29_002": "B143210002070", "P29_003": "16001", "P29_004": "山都町立矢部小学校", "P29_005": "熊本県上益城郡山都町下馬尾17", "P29_006": "3", "P29_007": "1", "P29_008": "00", "P29_009": null }, "geometry": { "type": "Point", "coordinates": [ 130.982340844622172, 32.682606707434616 ] } },
{ "type": "Feature", "properties": { "P29_001": "43447", "P29_002": "B143210002089", "P29_003": "16001", "P29_004": "山都町立潤徳小学校", "P29_005": "熊本県上益城郡山都町入佐264", "P29_006": "3", "P29_007": "1", "P29_008": "00", "P29_009": null }, "geometry": { "type": "Point", "coordinates": [ 130.998347818219372, 32.693684392086602 ] } },
{ "type": "Feature", "properties": { "P29_001": "43442", "P29_002": "B143210002098", "P29_003": "16001", "P29_004": "嘉島町立嘉島東小学校", "P29_005": "熊本県上益城郡嘉島町上六嘉2063", "P29_006": "3", "P29_007": "1", "P29_008": "00", "P29_009": null }, "geometry": { "type": "Point", "coordinates": [ 130.767494896790851, 32.749048881491618 ] } },
{ "type": "Feature", "properties": { "P29_001": "43442", "P29_002": "B143210002105", "P29_003": "16001", "P29_004": "嘉島町立嘉島西小学校", "P29_005": "熊本県上益城郡嘉島町上島1919-2", "P29_006": "3", "P29_007": "1", "P29_008": "00", "P29_009": null }, "geometry": { "type": "Point", "coordinates": [ 130.741846018222304, 32.742848132153064 ] } },
{ "type": "Feature", "properties": { "P29_001": "43447", "P29_002": "B143210002114", "P29_003": "16001", "P29_004": "山都町立清和小学校", "P29_005": "熊本県上益城郡山都町仮屋384", "P29_006": "3", "P29_007": "1", "P29_008": "00", "P29_009": null }, "geometry": { "type": "Point", "coordinates": [ 131.09858290648657, 32.692555828854843 ] } },
{ "type": "Feature", "properties": { "P29_001": "43202", "P29_002": "B143210002123", "P29_003": "16001", "P29_004": "八代市立鏡小学校", "P29_005": "熊本県八代市鏡町鏡村609-1", "P29_006": "3", "P29_007": "1", "P29_008": "00", "P29_009": null }, "geometry": { "type": "Point", "coordinates": [ 130.662054167970325, 32.567928152292836 ] } },
{ "type": "Feature", "properties": { "P29_001": "43202", "P29_002": "B143210002132", "P29_003": "16001", "P29_004": "八代市立有佐小学校", "P29_005": "熊本県八代市鏡町中島1360-1", "P29_006": "3", "P29_007": "1", "P29_008": "00", "P29_009": null }, "geometry": { "type": "Point", "coordinates": [ 130.665578139825641, 32.553270604753401 ] } },
{ "type": "Feature", "properties": { "P29_001": "43202", "P29_002": "B143210002141", "P29_003": "16001", "P29_004": "八代市立文政小学校", "P29_005": "熊本県八代市鏡町両出1371-1", "P29_006": "3", "P29_007": "1", "P29_008": "00", "P29_009": null }, "geometry": { "type": "Point", "coordinates": [ 130.633348278424165, 32.560800206972779 ] } },
{ "type": "Feature", "properties": { "P29_001": "43468", "P29_002": "B143210002150", "P29_003": "16001", "P29_004": "氷川町立宮原小学校", "P29_005": "熊本県八代郡氷川町今762", "P29_006": "3", "P29_007": "1", "P29_008": "00", "P29_009": null }, "geometry": { "type": "Point", "coordinates": [ 130.681569114195895, 32.552036694594932 ] } },
{ "type": "Feature", "properties": { "P29_001": "43202", "P29_002": "B143210002169", "P29_003": "16001", "P29_004": "八代市立千丁小学校", "P29_005": "熊本県八代市千丁町新牟田1345", "P29_006": "3", "P29_007": "1", "P29_008": "00", "P29_009": null }, "geometry": { "type": "Point", "coordinates": [ 130.63496442713938, 32.536398488977774 ] } },
{ "type": "Feature", "properties": { "P29_001": "43468", "P29_002": "B143210002178", "P29_003": "16001", "P29_004": "氷川町立竜北西部小学校", "P29_005": "熊本県八代郡氷川町鹿島746", "P29_006": "3", "P29_007": "1", "P29_008": "00", "P29_009": null }, "geometry": { "type": "Point", "coordinates": [ 130.663875911414948, 32.58265145334915 ] } },
{ "type": "Feature", "properties": { "P29_001": "43468", "P29_002": "B143210002187", "P29_003": "16001", "P29_004": "氷川町立竜北東小学校", "P29_005": "熊本県八代郡氷川町野津2336", "P29_006": "3", "P29_007": "1", "P29_008": "00", "P29_009": null }, "geometry": { "type": "Point", "coordinates": [ 130.690120644219064, 32.575412904893184 ] } },
{ "type": "Feature", "properties": { "P29_001": "43202", "P29_002": "B143210002196", "P29_003": "16001", "P29_004": "八代市立泉第八小学校", "P29_005": "熊本県八代市泉町樅木137-4", "P29_006": "3", "P29_007": "1", "P29_008": "00", "P29_009": null }, "geometry": { "type": "Point", "coordinates": [ 130.966164280952967, 32.501854209358534 ] } },
{ "type": "Feature", "properties": { "P29_001": "43482", "P29_002": "B143210002203", "P29_003": "16001", "P29_004": "芦北町立田浦小学校", "P29_005": "熊本県葦北郡芦北町大字田浦840", "P29_006": "3", "P29_007": "1", "P29_008": "00", "P29_009": null }, "geometry": { "type": "Point", "coordinates": [ 130.512677566837652, 32.361710287981715 ] } },
{ "type": "Feature", "properties": { "P29_001": "43482", "P29_002": "B143210002212", "P29_003": "16001", "P29_004": "芦北町立佐敷小学校", "P29_005": "熊本県葦北郡芦北町大字道川内31", "P29_006": "3", "P29_007": "1", "P29_008": "00", "P29_009": null }, "geometry": { "type": "Point", "coordinates": [ 130.5017466042884, 32.307396798736804 ] } },
{ "type": "Feature", "properties": { "P29_001": "43482", "P29_002": "B143210002230", "P29_003": "16001", "P29_004": "芦北町立大野小学校", "P29_005": "熊本県葦北郡芦北町市野瀬1119", "P29_006": "3", "P29_007": "1", "P29_008": "00", "P29_009": null }, "geometry": { "type": "Point", "coordinates": [ 130.564523081943008, 32.264087362211306 ] } },
{ "type": "Feature", "properties": { "P29_001": "43482", "P29_002": "B143210002276", "P29_003": "16001", "P29_004": "芦北町立湯浦小学校", "P29_005": "熊本県葦北郡芦北町湯浦1396", "P29_006": "3", "P29_007": "1", "P29_008": "00", "P29_009": null }, "geometry": { "type": "Point", "coordinates": [ 130.498275043911889, 32.2696420435799 ] } },
{ "type": "Feature", "properties": { "P29_001": "43482", "P29_002": "B143210002285", "P29_003": "16001", "P29_004": "芦北町立内野小学校", "P29_005": "熊本県葦北郡芦北町大字大川内602", "P29_006": "3", "P29_007": "1", "P29_008": "00", "P29_009": null }, "geometry": { "type": "Point", "coordinates": [ 130.514008565740767, 32.245830676285657 ] } },
{ "type": "Feature", "properties": { "P29_001": "43484", "P29_002": "B143210002294", "P29_003": "16001", "P29_004": "津奈木町立津奈木小学校", "P29_005": "熊本県葦北郡津奈木町大字岩城1470", "P29_006": "3", "P29_007": "1", "P29_008": "00", "P29_009": null }, "geometry": { "type": "Point", "coordinates": [ 130.456519396947499, 32.228370576963428 ] } },
{ "type": "Feature", "properties": { "P29_001": "43514", "P29_002": "B143210002301", "P29_003": "16001", "P29_004": "あさぎり町立免田小学校", "P29_005": "熊本県球磨郡あさぎり町免田東1719", "P29_006": "3", "P29_007": "1", "P29_008": "00", "P29_009": null }, "geometry": { "type": "Point", "coordinates": [ 130.896774438232313, 32.235287168200067 ] } },
{ "type": "Feature", "properties": { "P29_001": "43505", "P29_002": "B143210002310", "P29_003": "16001", "P29_004": "多良木町立多良木小学校", "P29_005": "熊本県球磨郡多良木町多良木876", "P29_006": "3", "P29_007": "1", "P29_008": "00", "P29_009": null }, "geometry": { "type": "Point", "coordinates": [ 130.940391004670516, 32.26234517106208 ] } },
{ "type": "Feature", "properties": { "P29_001": "43505", "P29_002": "B143210002329", "P29_003": "16001", "P29_004": "多良木町立宮ケ野小学校", "P29_005": "熊本県球磨郡多良木町大字多良木3272", "P29_006": "3", "P29_007": "9", "P29_008": "00", "P29_009": null }, "geometry": { "type": "Point", "coordinates": [ 130.914110999195287, 32.314589004375136 ] } },
{ "type": "Feature", "properties": { "P29_001": "43505", "P29_002": "B143210002338", "P29_003": "16001", "P29_004": "多良木町立久米小学校", "P29_005": "熊本県球磨郡多良木町大字久米128", "P29_006": "3", "P29_007": "1", "P29_008": "00", "P29_009": null }, "geometry": { "type": "Point", "coordinates": [ 130.959820701368926, 32.248120294893006 ] } },
{ "type": "Feature", "properties": { "P29_001": "43505", "P29_002": "B143210002347", "P29_003": "16001", "P29_004": "多良木町立槻木小学校", "P29_005": "熊本県球磨郡多良木町大字槻木713-1", "P29_006": "3", "P29_007": "9", "P29_008": "00", "P29_009": null }, "geometry": { "type": "Point", "coordinates": [ 131.029093370760222, 32.203122240154585 ] } },
{ "type": "Feature", "properties": { "P29_001": "43505", "P29_002": "B143210002356", "P29_003": "16001", "P29_004": "多良木町立黒肥地小学校", "P29_005": "熊本県球磨郡多良木町大字黒肥地1629", "P29_006": "3", "P29_007": "1", "P29_008": "00", "P29_009": null }, "geometry": { "type": "Point", "coordinates": [ 130.942330309965797, 32.275808908933186 ] } },
{ "type": "Feature", "properties": { "P29_001": "43505", "P29_002": "B143210002365", "P29_003": "16001", "P29_004": "多良木町立黒肥地小学校柳野分校", "P29_005": "熊本県球磨郡多良木町大字黒肥地10288", "P29_006": "3", "P29_007": "1", "P29_008": "00", "P29_009": null }, "geometry": { "type": "Point", "coordinates": [ 130.939656624887107, 32.316810050639411 ] } },
{ "type": "Feature", "properties": { "P29_001": "43506", "P29_002": "B143210002374", "P29_003": "16001", "P29_004": "湯前町立湯前小学校", "P29_005": "熊本県球磨郡湯前町2120", "P29_006": "3", "P29_007": "1", "P29_008": "00", "P29_009": null }, "geometry": { "type": "Point", "coordinates": [ 130.985305858128584, 32.275789829173121 ] } },
{ "type": "Feature", "properties": { "P29_001": "43501", "P29_002": "B143210002383", "P29_003": "16001", "P29_004": "錦町立西小学校", "P29_005": "熊本県球磨郡錦町大字西1132", "P29_006": "3", "P29_007": "1", "P29_008": "00", "P29_009": null }, "geometry": { "type": "Point", "coordinates": [ 130.820109736254949, 32.199277141803357 ] } },
{ "type": "Feature", "properties": { "P29_001": "43501", "P29_002": "B143210002392", "P29_003": "16001", "P29_004": "錦町立一武小学校", "P29_005": "熊本県球磨郡錦町一武2658", "P29_006": "3", "P29_007": "1", "P29_008": "00", "P29_009": null }, "geometry": { "type": "Point", "coordinates": [ 130.842600447595913, 32.19811418644899 ] } },
{ "type": "Feature", "properties": { "P29_001": "43501", "P29_002": "B143210002409", "P29_003": "16001", "P29_004": "錦町立木上小学校", "P29_005": "熊本県球磨郡錦町大字木上北2737", "P29_006": "3", "P29_007": "1", "P29_008": "00", "P29_009": null }, "geometry": { "type": "Point", "coordinates": [ 130.840642453683074, 32.227747987159496 ] } },
{ "type": "Feature", "properties": { "P29_001": "43514", "P29_002": "B143210002418", "P29_003": "16001", "P29_004": "あさぎり町立上小学校", "P29_005": "熊本県球磨郡あさぎり町上南2370", "P29_006": "3", "P29_007": "1", "P29_008": "00", "P29_009": null }, "geometry": { "type": "Point", "coordinates": [ 130.906236021690546, 32.210446341699793 ] } },
{ "type": "Feature", "properties": { "P29_001": "43514", "P29_002": "B143210002427", "P29_003": "16001", "P29_004": "あさぎり町立岡原小学校", "P29_005": "熊本県球磨郡あさぎり町岡原北1313", "P29_006": "3", "P29_007": "1", "P29_008": "00", "P29_009": null }, "geometry": { "type": "Point", "coordinates": [ 130.932832011130984, 32.238181015118769 ] } },
{ "type": "Feature", "properties": { "P29_001": "43514", "P29_002": "B143210002454", "P29_003": "16001", "P29_004": "あさぎり町立須恵小学校", "P29_005": "熊本県球磨郡あさぎり町須恵1230", "P29_006": "3", "P29_007": "1", "P29_008": "00", "P29_009": null }, "geometry": { "type": "Point", "coordinates": [ 130.900943985799984, 32.265738084241498 ] } },
{ "type": "Feature", "properties": { "P29_001": "43514", "P29_002": "B143210002463", "P29_003": "16001", "P29_004": "あさぎり町立深田小学校", "P29_005": "熊本県球磨郡あさぎり町深田東787", "P29_006": "3", "P29_007": "1", "P29_008": "00", "P29_009": null }, "geometry": { "type": "Point", "coordinates": [ 130.874655355688986, 32.244440941008506 ] } },
{ "type": "Feature", "properties": { "P29_001": "43510", "P29_002": "B143210002472", "P29_003": "16001", "P29_004": "相良村立相良南小学校", "P29_005": "熊本県球磨郡相良村大字深水2012", "P29_006": "3", "P29_007": "1", "P29_008": "00", "P29_009": null }, "geometry": { "type": "Point", "coordinates": [ 130.80296736297575, 32.239723548738752 ] } },
{ "type": "Feature", "properties": { "P29_001": "43510", "P29_002": "B143210002481", "P29_003": "16001", "P29_004": "相良村立相良北小学校", "P29_005": "熊本県球磨郡相良村四浦東2449", "P29_006": "3", "P29_007": "1", "P29_008": "00", "P29_009": null }, "geometry": { "type": "Point", "coordinates": [ 130.842769554454236, 32.302495356650809 ] } },
{ "type": "Feature", "properties": { "P29_001": "43511", "P29_002": "B143210002490", "P29_003": "16001", "P29_004": "五木村立五木東小学校", "P29_005": "熊本県球磨郡五木村甲3374-51", "P29_006": "3", "P29_007": "1", "P29_008": "00", "P29_009": null }, "geometry": { "type": "Point", "coordinates": [ 130.826952730244727, 32.401643649910838 ] } },
{ "type": "Feature", "properties": { "P29_001": "43512", "P29_002": "B143210002506", "P29_003": "16001", "P29_004": "山江村立山田小学校", "P29_005": "熊本県球磨郡山江村山田乙2030", "P29_006": "3", "P29_007": "1", "P29_008": "00", "P29_009": null }, "geometry": { "type": "Point", "coordinates": [ 130.773199922373891, 32.243935110903358 ] } },
{ "type": "Feature", "properties": { "P29_001": "43513", "P29_002": "B143210002515", "P29_003": "16001", "P29_004": "球磨村立渡小学校", "P29_005": "熊本県球磨郡球磨村大字渡乙1836", "P29_006": "3", "P29_007": "1", "P29_008": "00", "P29_009": null }, "geometry": { "type": "Point", "coordinates": [ 130.69342477547471, 32.240583433768265 ] } },
{ "type": "Feature", "properties": { "P29_001": "43513", "P29_002": "B143210002524", "P29_003": "16001", "P29_004": "球磨村立一勝地小学校", "P29_005": "熊本県球磨郡球磨村大字一勝地丙22-1", "P29_006": "3", "P29_007": "1", "P29_008": "00", "P29_009": null }, "geometry": { "type": "Point", "coordinates": [ 130.647087734880245, 32.248811401598324 ] } },
{ "type": "Feature", "properties": { "P29_001": "43212", "P29_002": "B143210002533", "P29_003": "16001", "P29_004": "上天草市立登立小学校", "P29_005": "熊本県上天草市大矢野町登立14103", "P29_006": "3", "P29_007": "1", "P29_008": "00", "P29_009": null }, "geometry": { "type": "Point", "coordinates": [ 130.44090150828967, 32.592510275306161 ] } },
{ "type": "Feature", "properties": { "P29_001": "43212", "P29_002": "B143210002542", "P29_003": "16001", "P29_004": "上天草市立維和小学校", "P29_005": "熊本県上天草市大矢野町維和1680", "P29_006": "3", "P29_007": "1", "P29_008": "00", "P29_009": null }, "geometry": { "type": "Point", "coordinates": [ 130.465469698181295, 32.573344510373161 ] } },
{ "type": "Feature", "properties": { "P29_001": "43212", "P29_002": "B143210002551", "P29_003": "16001", "P29_004": "上天草市立上小学校", "P29_005": "熊本県上天草市大矢野町上1119", "P29_006": "3", "P29_007": "1", "P29_008": "00", "P29_009": null }, "geometry": { "type": "Point", "coordinates": [ 130.42291696568995, 32.585446305635102 ] } },
{ "type": "Feature", "properties": { "P29_001": "43212", "P29_002": "B143210002560", "P29_003": "16001", "P29_004": "上天草市立中北小学校", "P29_005": "熊本県上天草市大矢野町中1918", "P29_006": "3", "P29_007": "1", "P29_008": "00", "P29_009": null }, "geometry": { "type": "Point", "coordinates": [ 130.434304239075374, 32.572827864597613 ] } },
{ "type": "Feature", "properties": { "P29_001": "43212", "P29_002": "B143210002579", "P29_003": "16001", "P29_004": "上天草市立中南小学校", "P29_005": "熊本県上天草市大矢野町中9720", "P29_006": "3", "P29_007": "1", "P29_008": "00", "P29_009": null }, "geometry": { "type": "Point", "coordinates": [ 130.436748115141796, 32.552580798537385 ] } },
{ "type": "Feature", "properties": { "P29_001": "43212", "P29_002": "B143210002588", "P29_003": "16001", "P29_004": "上天草市立湯島小学校", "P29_005": "熊本県上天草市大矢野町湯島154", "P29_006": "3", "P29_007": "1", "P29_008": "00", "P29_009": null }, "geometry": { "type": "Point", "coordinates": [ 130.342307431529633, 32.603777121025701 ] } },
{ "type": "Feature", "properties": { "P29_001": "43212", "P29_002": "B143210002597", "P29_003": "16001", "P29_004": "上天草市立阿村小学校", "P29_005": "熊本県上天草市松島町阿村853", "P29_006": "3", "P29_007": "1", "P29_008": "00", "P29_009": null }, "geometry": { "type": "Point", "coordinates": [ 130.447346120334259, 32.516578510928447 ] } },
{ "type": "Feature", "properties": { "P29_001": "43212", "P29_002": "B143210002604", "P29_003": "16001", "P29_004": "上天草市立今津小学校", "P29_005": "熊本県上天草市松島町合津2697", "P29_006": "3", "P29_007": "1", "P29_008": "00", "P29_009": null }, "geometry": { "type": "Point", "coordinates": [ 130.422658282714195, 32.497904360013699 ] } },
{ "type": "Feature", "properties": { "P29_001": "43212", "P29_002": "B143210002613", "P29_003": "16001", "P29_004": "上天草市立教良木小学校", "P29_005": "熊本県上天草市松島町教良木2845-1", "P29_006": "3", "P29_007": "1", "P29_008": "00", "P29_009": null }, "geometry": { "type": "Point", "coordinates": [ 130.375087612453143, 32.46518738784669 ] } },
{ "type": "Feature", "properties": { "P29_001": "43212", "P29_002": "B143210002622", "P29_003": "16001", "P29_004": "上天草市立姫戸小学校", "P29_005": "熊本県上天草市姫戸町姫浦656-3", "P29_006": "3", "P29_007": "1", "P29_008": "00", "P29_009": null }, "geometry": { "type": "Point", "coordinates": [ 130.406775834545783, 32.433735157813899 ] } },
{ "type": "Feature", "properties": { "P29_001": "43215", "P29_002": "B143210002631", "P29_003": "16001", "P29_004": "天草市立栖本小学校", "P29_005": "熊本県天草市栖本町馬場25", "P29_006": "3", "P29_007": "1", "P29_008": "00", "P29_009": null }, "geometry": { "type": "Point", "coordinates": [ 130.274960889136082, 32.421815282010286 ] } },
{ "type": "Feature", "properties": { "P29_001": "43531", "P29_002": "B143210002640", "P29_003": "16001", "P29_004": "苓北町立坂瀬川小学校", "P29_005": "熊本県天草郡苓北町坂瀬川83", "P29_006": "3", "P29_007": "1", "P29_008": "00", "P29_009": null }, "geometry": { "type": "Point", "coordinates": [ 130.091413314116465, 32.526369628665449 ] } },
{ "type": "Feature", "properties": { "P29_001": "43531", "P29_002": "B143210002659", "P29_003": "16001", "P29_004": "苓北町立志岐小学校", "P29_005": "熊本県天草郡苓北町志岐410", "P29_006": "3", "P29_007": "1", "P29_008": "00", "P29_009": null }, "geometry": { "type": "Point", "coordinates": [ 130.053336714112447, 32.512605360335947 ] } },
{ "type": "Feature", "properties": { "P29_001": "43531", "P29_002": "B143210002668", "P29_003": "16001", "P29_004": "苓北町立富岡小学校", "P29_005": "熊本県天草郡苓北町富岡2480", "P29_006": "3", "P29_007": "1", "P29_008": "00", "P29_009": null }, "geometry": { "type": "Point", "coordinates": [ 130.032331874921056, 32.523001148126426 ] } },
{ "type": "Feature", "properties": { "P29_001": "43531", "P29_002": "B143210002677", "P29_003": "16001", "P29_004": "苓北町立都呂々小学校", "P29_005": "熊本県天草郡苓北町都呂々1245-1", "P29_006": "3", "P29_007": "1", "P29_008": "00", "P29_009": null }, "geometry": { "type": "Point", "coordinates": [ 130.039320315388295, 32.469133445520335 ] } },
{ "type": "Feature", "properties": { "P29_001": "43403", "P29_002": "B143210002686", "P29_003": "16001", "P29_004": "大津町立大津東小学校", "P29_005": "熊本県菊池郡大津町大字大林44", "P29_006": "3", "P29_007": "1", "P29_008": "00", "P29_009": null }, "geometry": { "type": "Point", "coordinates": [ 130.91715461782934, 32.866562375615665 ] } },
{ "type": "Feature", "properties": { "P29_001": "43205", "P29_002": "B143210002695", "P29_003": "16001", "P29_004": "水俣市立水俣第一小学校浜分校", "P29_005": "熊本県水俣市天神町1-2-1", "P29_006": "3", "P29_007": "1", "P29_008": "00", "P29_009": null }, "geometry": { "type": "Point", "coordinates": [ 130.405746322372011, 32.210041345066571 ] } },
{ "type": "Feature", "properties": { "P29_001": "43214", "P29_002": "B143210002702", "P29_003": "16001", "P29_004": "阿蘇市立阿蘇西小学校", "P29_005": "熊本県阿蘇市的石1494", "P29_006": "3", "P29_007": "1", "P29_008": "00", "P29_009": null }, "geometry": { "type": "Point", "coordinates": [ 131.002227145354624, 32.927469509144728 ] } },
{ "type": "Feature", "properties": { "P29_001": "43433", "P29_002": "B143210002711", "P29_003": "16001", "P29_004": "南阿蘇村立久木野小学校", "P29_005": "熊本県阿蘇郡南阿蘇村大字河陰130", "P29_006": "3", "P29_007": "1", "P29_008": "00", "P29_009": null }, "geometry": { "type": "Point", "coordinates": [ 131.031141852444108, 32.819676769475741 ] } },
{ "type": "Feature", "properties": { "P29_001": "43102", "P29_002": "B143210002720", "P29_003": "16001", "P29_004": "熊本市立東町小学校", "P29_005": "熊本県熊本市東区東町3-3-1", "P29_006": "3", "P29_007": "1", "P29_008": "00", "P29_009": null }, "geometry": { "type": "Point", "coordinates": [ 130.767721598376284, 32.78672098988136 ] } },
{ "type": "Feature", "properties": { "P29_001": "43105", "P29_002": "B143210002739", "P29_003": "16001", "P29_004": "熊本市立麻生田小学校", "P29_005": "熊本県熊本市北区麻生田3-9-1", "P29_006": "3", "P29_007": "1", "P29_008": "00", "P29_009": null }, "geometry": { "type": "Point", "coordinates": [ 130.743948044786094, 32.852064505129682 ] } },
{ "type": "Feature", "properties": { "P29_001": "43216", "P29_002": "B143210002748", "P29_003": "16001", "P29_004": "合志市立合志南小学校", "P29_005": "熊本県合志市豊岡2224-29", "P29_006": "3", "P29_007": "1", "P29_008": "00", "P29_009": null }, "geometry": { "type": "Point", "coordinates": [ 130.770956773323121, 32.87182138010165 ] } },
{ "type": "Feature", "properties": { "P29_001": "43102", "P29_002": "B143210002757", "P29_003": "16001", "P29_004": "熊本市立健軍東小学校", "P29_005": "熊本県熊本市東区東町4-15-2", "P29_006": "3", "P29_007": "1", "P29_008": "00", "P29_009": null }, "geometry": { "type": "Point", "coordinates": [ 130.764456263771422, 32.783278104557468 ] } },
{ "type": "Feature", "properties": { "P29_001": "43104", "P29_002": "B143210002766", "P29_003": "16001", "P29_004": "熊本市立城南小学校", "P29_005": "熊本県熊本市南区南高江4-2-70", "P29_006": "3", "P29_007": "1", "P29_008": "00", "P29_009": null }, "geometry": { "type": "Point", "coordinates": [ 130.691267308457071, 32.751477357816889 ] } },
{ "type": "Feature", "properties": { "P29_001": "43105", "P29_002": "B143210002775", "P29_003": "16001", "P29_004": "熊本市立北部東小学校", "P29_005": "熊本県熊本市北区鶴羽田2-7-1", "P29_006": "3", "P29_007": "1", "P29_008": "00", "P29_009": null }, "geometry": { "type": "Point", "coordinates": [ 130.723605999372126, 32.860229999031333 ] } },
{ "type": "Feature", "properties": { "P29_001": "43348", "P29_002": "B143210002784", "P29_003": "16001", "P29_004": "美里町立砥用小学校", "P29_005": "熊本県下益城郡美里町土喰330", "P29_006": "3", "P29_007": "1", "P29_008": "00", "P29_009": null }, "geometry": { "type": "Point", "coordinates": [ 130.870364254275273, 32.619371747152648 ] } },
{ "type": "Feature", "properties": { "P29_001": "43348", "P29_002": "B143210002793", "P29_003": "16001", "P29_004": "美里町立励徳小学校", "P29_005": "熊本県下益城郡美里町畝野1944", "P29_006": "3", "P29_007": "1", "P29_008": "00", "P29_009": null }, "geometry": { "type": "Point", "coordinates": [ 130.918835903540014, 32.639810514093774 ] } },
{ "type": "Feature", "properties": { "P29_001": "43104", "P29_002": "B143210002800", "P29_003": "16001", "P29_004": "熊本市立田迎南小学校", "P29_005": "熊本県熊本市南区田井島3-12-1", "P29_006": "3", "P29_007": "1", "P29_008": "00", "P29_009": null }, "geometry": { "type": "Point", "coordinates": [ 130.723962894794909, 32.763268314014546 ] } },
{ "type": "Feature", "properties": { "P29_001": "43105", "P29_002": "B143210002819", "P29_003": "16001", "P29_004": "熊本市立弓削小学校", "P29_005": "熊本県熊本市北区弓削3-20-1", "P29_006": "3", "P29_007": "1", "P29_008": "00", "P29_009": null }, "geometry": { "type": "Point", "coordinates": [ 130.781168993939815, 32.853272678053251 ] } },
{ "type": "Feature", "properties": { "P29_001": "43216", "P29_002": "B143210002828", "P29_003": "16001", "P29_004": "合志市立西合志東小学校", "P29_005": "熊本県合志市須屋2948", "P29_006": "3", "P29_007": "1", "P29_008": "00", "P29_009": null }, "geometry": { "type": "Point", "coordinates": [ 130.740153652441222, 32.865744697911992 ] } },
{ "type": "Feature", "properties": { "P29_001": "43202", "P29_002": "B143210002837", "P29_003": "16001", "P29_004": "八代市立麦島小学校", "P29_005": "熊本県八代市迎町1-16-1-1", "P29_006": "3", "P29_007": "1", "P29_008": "00", "P29_009": null }, "geometry": { "type": "Point", "coordinates": [ 130.601416672895141, 32.498590608187875 ] } },
{ "type": "Feature", "properties": { "P29_001": "43102", "P29_002": "B143210002846", "P29_003": "16001", "P29_004": "熊本市立託麻南小学校", "P29_005": "熊本県熊本市東区長嶺東3-2-20", "P29_006": "3", "P29_007": "1", "P29_008": "00", "P29_009": null }, "geometry": { "type": "Point", "coordinates": [ 130.776529128176577, 32.817821461907684 ] } },
{ "type": "Feature", "properties": { "P29_001": "43404", "P29_002": "B143210002855", "P29_003": "16001", "P29_004": "菊陽町立菊陽西小学校", "P29_005": "熊本県菊池郡菊陽町原水5666-40", "P29_006": "3", "P29_007": "1", "P29_008": "00", "P29_009": null }, "geometry": { "type": "Point", "coordinates": [ 130.792980116353618, 32.865951496247966 ] } },
{ "type": "Feature", "properties": { "P29_001": "43216", "P29_002": "B143210002864", "P29_003": "16001", "P29_004": "合志市立南ケ丘小学校", "P29_005": "熊本県合志市幾久富1909-101", "P29_006": "3", "P29_007": "1", "P29_008": "00", "P29_009": null }, "geometry": { "type": "Point", "coordinates": [ 130.772409526297793, 32.862959731777821 ] } },
{ "type": "Feature", "properties": { "P29_001": "43102", "P29_002": "B143210002873", "P29_003": "16001", "P29_004": "熊本市立山ノ内小学校", "P29_005": "熊本県熊本市東区山ノ内4-1-1", "P29_006": "3", "P29_007": "1", "P29_008": "00", "P29_009": null }, "geometry": { "type": "Point", "coordinates": [ 130.77098782320715, 32.798390527518201 ] } },
{ "type": "Feature", "properties": { "P29_001": "43404", "P29_002": "B143210002882", "P29_003": "16001", "P29_004": "菊陽町立武蔵ケ丘北小学校", "P29_005": "熊本県菊池郡菊陽町武蔵ヶ丘北3-5-2", "P29_006": "3", "P29_007": "1", "P29_008": "00", "P29_009": null }, "geometry": { "type": "Point", "coordinates": [ 130.765529350291871, 32.862195939113839 ] } },
{ "type": "Feature", "properties": { "P29_001": "43105", "P29_002": "B143210002891", "P29_003": "16001", "P29_004": "熊本市立楡木小学校", "P29_005": "熊本県熊本市北区楡木3-9-1", "P29_006": "3", "P29_007": "1", "P29_008": "00", "P29_009": null }, "geometry": { "type": "Point", "coordinates": [ 130.753434172964944, 32.848435813814113 ] } },
{ "type": "Feature", "properties": { "P29_001": "43211", "P29_002": "B143210002908", "P29_003": "16001", "P29_004": "宇土市立宇土東小学校", "P29_005": "熊本県宇土市築籠町46", "P29_006": "3", "P29_007": "1", "P29_008": "00", "P29_009": null }, "geometry": { "type": "Point", "coordinates": [ 130.66158638924469, 32.695178791119936 ] } },
{ "type": "Feature", "properties": { "P29_001": "43512", "P29_002": "B143210002917", "P29_003": "16001", "P29_004": "山江村立万江小学校", "P29_005": "熊本県球磨郡山江村大字万江甲931", "P29_006": "3", "P29_007": "1", "P29_008": "00", "P29_009": null }, "geometry": { "type": "Point", "coordinates": [ 130.747552792680949, 32.259051373306107 ] } },
{ "type": "Feature", "properties": { "P29_001": "43403", "P29_002": "B143210002926", "P29_003": "16001", "P29_004": "大津町立大津小学校", "P29_005": "熊本県菊池郡大津町引水210", "P29_006": "3", "P29_007": "1", "P29_008": "00", "P29_009": null }, "geometry": { "type": "Point", "coordinates": [ 130.879935777032472, 32.876682264843915 ] } },
{ "type": "Feature", "properties": { "P29_001": "43102", "P29_002": "B143210002935", "P29_003": "16001", "P29_004": "熊本市立長嶺小学校", "P29_005": "熊本県熊本市東区長嶺南7-22-1", "P29_006": "3", "P29_007": "1", "P29_008": "00", "P29_009": null }, "geometry": { "type": "Point", "coordinates": [ 130.779442752218984, 32.812691740908186 ] } },
{ "type": "Feature", "properties": { "P29_001": "43447", "P29_002": "B143210002944", "P29_003": "16001", "P29_004": "山都町立蘇陽小学校", "P29_005": "熊本県上益城郡山都町柏981-3", "P29_006": "3", "P29_007": "1", "P29_008": "00", "P29_009": null }, "geometry": { "type": "Point", "coordinates": [ 131.179168153721633, 32.743384322384465 ] } },
{ "type": "Feature", "properties": { "P29_001": "43210", "P29_002": "B143210002953", "P29_003": "16001", "P29_004": "菊池市立菊池北小学校", "P29_005": "熊本県菊池市隈府1530-1", "P29_006": "3", "P29_007": "1", "P29_008": "00", "P29_009": null }, "geometry": { "type": "Point", "coordinates": [ 130.815700025924656, 32.992325447374107 ] } },
{ "type": "Feature", "properties": { "P29_001": "43104", "P29_002": "B143210002962", "P29_003": "16001", "P29_004": "熊本市立日吉東小学校", "P29_005": "熊本県熊本市南区近見5-1-1", "P29_006": "3", "P29_007": "1", "P29_008": "00", "P29_009": null }, "geometry": { "type": "Point", "coordinates": [ 130.69792312931682, 32.764909650488264 ] } },
{ "type": "Feature", "properties": { "P29_001": "43443", "P29_002": "B143210002971", "P29_003": "16001", "P29_004": "益城町立広安西小学校", "P29_005": "熊本県上益城郡益城町福富1001", "P29_006": "3", "P29_007": "1", "P29_008": "00", "P29_009": null }, "geometry": { "type": "Point", "coordinates": [ 130.795171519563809, 32.791076091099256 ] } },
{ "type": "Feature", "properties": { "P29_001": "43102", "P29_002": "B143210002980", "P29_003": "16001", "P29_004": "熊本市立桜木東小学校", "P29_005": "熊本県熊本市東区桜木6-10-1", "P29_006": "3", "P29_007": "1", "P29_008": "00", "P29_009": null }, "geometry": { "type": "Point", "coordinates": [ 130.781880141840418, 32.788302549329636 ] } },
{ "type": "Feature", "properties": { "P29_001": "43348", "P29_002": "B143210002999", "P29_003": "16001", "P29_004": "美里町立中央小学校", "P29_005": "熊本県下益城郡美里町馬場537-1", "P29_006": "3", "P29_007": "1", "P29_008": "00", "P29_009": null }, "geometry": { "type": "Point", "coordinates": [ 130.791868479084826, 32.645546957282967 ] } },
{ "type": "Feature", "properties": { "P29_001": "43214", "P29_002": "B143210003006", "P29_003": "16001", "P29_004": "阿蘇市立波野小学校", "P29_005": "熊本県阿蘇市波野大字波野3742-1", "P29_006": "3", "P29_007": "1", "P29_008": "00", "P29_009": null }, "geometry": { "type": "Point", "coordinates": [ 131.201720516758627, 32.939916728485755 ] } },
{ "type": "Feature", "properties": { "P29_001": "43213", "P29_002": "B143210003015", "P29_003": "16001", "P29_004": "宇城市立青海小学校", "P29_005": "熊本県宇城市三角町郡浦88", "P29_006": "3", "P29_007": "1", "P29_008": "00", "P29_009": null }, "geometry": { "type": "Point", "coordinates": [ 130.528585846458014, 32.6230818175707 ] } },
{ "type": "Feature", "properties": { "P29_001": "43403", "P29_002": "B143210003024", "P29_003": "16001", "P29_004": "大津町立大津北小学校", "P29_005": "熊本県菊池郡大津町大字平川2261", "P29_006": "3", "P29_007": "1", "P29_008": "00", "P29_009": null }, "geometry": { "type": "Point", "coordinates": [ 130.883107090765208, 32.90562955627567 ] } },
{ "type": "Feature", "properties": { "P29_001": "43428", "P29_002": "B143210003033", "P29_003": "16001", "P29_004": "高森町立高森中央小学校", "P29_005": "熊本県阿蘇郡高森町高森1100", "P29_006": "3", "P29_007": "1", "P29_008": "00", "P29_009": null }, "geometry": { "type": "Point", "coordinates": [ 131.126158821769394, 32.813617981138478 ] } },
{ "type": "Feature", "properties": { "P29_001": "43202", "P29_002": "B143210003042", "P29_003": "16001", "P29_004": "八代市立八竜小学校", "P29_005": "熊本県八代市坂本町荒瀬6544", "P29_006": "3", "P29_007": "1", "P29_008": "00", "P29_009": null }, "geometry": { "type": "Point", "coordinates": [ 130.653047724289166, 32.435699332316545 ] } },
{ "type": "Feature", "properties": { "P29_001": "43423", "P29_002": "B143210003051", "P29_003": "16001", "P29_004": "南小国町立りんどうヶ丘小学校", "P29_005": "熊本県阿蘇郡南小国町満願寺7045", "P29_006": "3", "P29_007": "1", "P29_008": "00", "P29_009": null }, "geometry": { "type": "Point", "coordinates": [ 131.129358053842708, 33.077013876558567 ] } },
{ "type": "Feature", "properties": { "P29_001": "43447", "P29_002": "B143210003060", "P29_003": "16001", "P29_004": "山都町立中島小学校", "P29_005": "熊本県上益城郡山都町北中島2333-1", "P29_006": "3", "P29_007": "1", "P29_008": "00", "P29_009": null }, "geometry": { "type": "Point", "coordinates": [ 130.928278230053138, 32.732891471857819 ] } },
{ "type": "Feature", "properties": { "P29_001": "43441", "P29_002": "B143210003079", "P29_003": "16001", "P29_004": "御船町立七滝中央小学校", "P29_005": "熊本県上益城郡御船町上野1500", "P29_006": "3", "P29_007": "1", "P29_008": "00", "P29_009": null }, "geometry": { "type": "Point", "coordinates": [ 130.853636489373031, 32.734422002953949 ] } },
{ "type": "Feature", "properties": { "P29_001": "43215", "P29_002": "B143210003088", "P29_003": "16001", "P29_004": "天草市立倉岳小学校", "P29_005": "熊本県天草市倉岳町棚底2091", "P29_006": "3", "P29_007": "1", "P29_008": "00", "P29_009": null }, "geometry": { "type": "Point", "coordinates": [ 130.338320998652165, 32.411631002829736 ] } },
{ "type": "Feature", "properties": { "P29_001": "43424", "P29_002": "B143210003097", "P29_003": "16001", "P29_004": "小国町立小国小学校", "P29_005": "熊本県阿蘇郡小国町大字宮原172-1", "P29_006": "3", "P29_007": "1", "P29_008": "00", "P29_009": null }, "geometry": { "type": "Point", "coordinates": [ 131.072912887538877, 33.118964309124031 ] } },
{ "type": "Feature", "properties": { "P29_001": "43204", "P29_002": "B143210003104", "P29_003": "16001", "P29_004": "荒尾市立万田小学校", "P29_005": "熊本県荒尾市万田696-1", "P29_006": "3", "P29_007": "1", "P29_008": "00", "P29_009": null }, "geometry": { "type": "Point", "coordinates": [ 130.436615049011124, 32.999889700744113 ] } },
{ "type": "Feature", "properties": { "P29_001": "43212", "P29_002": "B143210003113", "P29_003": "16001", "P29_004": "上天草市立龍ヶ岳小学校", "P29_005": "熊本県上天草市龍ヶ岳町高戸2748", "P29_006": "3", "P29_007": "1", "P29_008": "00", "P29_009": null }, "geometry": { "type": "Point", "coordinates": [ 130.398359915539118, 32.397673495278497 ] } },
{ "type": "Feature", "properties": { "P29_001": "43215", "P29_002": "B143210003122", "P29_003": "16001", "P29_004": "天草市立新和小学校", "P29_005": "熊本県天草市新和町小宮地620", "P29_006": "3", "P29_007": "1", "P29_008": "00", "P29_009": null }, "geometry": { "type": "Point", "coordinates": [ 130.181431769665238, 32.362824581466647 ] } },
{ "type": "Feature", "properties": { "P29_001": "43433", "P29_002": "B143210003131", "P29_003": "16001", "P29_004": "南阿蘇村立南阿蘇西小学校", "P29_005": "熊本県阿蘇郡南阿蘇村河陽2986", "P29_006": "3", "P29_007": "1", "P29_008": "00", "P29_009": null }, "geometry": { "type": "Point", "coordinates": [ 131.011668717350744, 32.849446232432214 ] } },
{ "type": "Feature", "properties": { "P29_001": "43447", "P29_002": "B143210003140", "P29_003": "16001", "P29_004": "山都町立蘇陽南小学校", "P29_005": "熊本県上益城郡山都町馬見原165", "P29_006": "3", "P29_007": "1", "P29_008": "00", "P29_009": null }, "geometry": { "type": "Point", "coordinates": [ 131.154065097913815, 32.68259241863268 ] } },
{ "type": "Feature", "properties": { "P29_001": "43215", "P29_002": "B143210003159", "P29_003": "16001", "P29_004": "天草市立亀川小学校", "P29_005": "熊本県天草市亀場町亀川1620", "P29_006": "3", "P29_007": "1", "P29_008": "00", "P29_009": null }, "geometry": { "type": "Point", "coordinates": [ 130.193761754864738, 32.439374393077678 ] } },
{ "type": "Feature", "properties": { "P29_001": "43215", "P29_002": "B143210003168", "P29_003": "16001", "P29_004": "天草市立河浦小学校", "P29_005": "熊本県天草市河浦町河浦4932-2", "P29_006": "3", "P29_007": "1", "P29_008": "00", "P29_009": null }, "geometry": { "type": "Point", "coordinates": [ 130.078032358934706, 32.332450985748991 ] } },
{ "type": "Feature", "properties": { "P29_001": "43215", "P29_002": "B143210003177", "P29_003": "16001", "P29_004": "天草市立本渡東小学校", "P29_005": "熊本県天草市志柿町5029-5", "P29_006": "3", "P29_007": "1", "P29_008": "00", "P29_009": null }, "geometry": { "type": "Point", "coordinates": [ 130.221974309979856, 32.433540659385315 ] } },
{ "type": "Feature", "properties": { "P29_001": "43104", "P29_002": "B143210003186", "P29_003": "16001", "P29_004": "熊本市立田迎西小学校", "P29_005": "熊本県熊本市南区馬渡2-5-1", "P29_006": "3", "P29_007": "1", "P29_008": "00", "P29_009": null }, "geometry": { "type": "Point", "coordinates": [ 130.705451600452591, 32.774120997839958 ] } },
{ "type": "Feature", "properties": { "P29_001": "43208", "P29_002": "B143210003195", "P29_003": "16001", "P29_004": "山鹿市立山鹿小学校", "P29_005": "熊本県山鹿市山鹿351", "P29_006": "3", "P29_007": "1", "P29_008": "00", "P29_009": null }, "geometry": { "type": "Point", "coordinates": [ 130.692992051110224, 33.013646529548275 ] } },
{ "type": "Feature", "properties": { "P29_001": "43208", "P29_002": "B143210003202", "P29_003": "16001", "P29_004": "山鹿市立鹿北小学校", "P29_005": "熊本県山鹿市鹿北町四丁1469-1", "P29_006": "3", "P29_007": "1", "P29_008": "00", "P29_009": null }, "geometry": { "type": "Point", "coordinates": [ 130.69533035412249, 33.107952666079164 ] } },
{ "type": "Feature", "properties": { "P29_001": "43403", "P29_002": "B143210003211", "P29_003": "16001", "P29_004": "大津町立美咲野小学校", "P29_005": "熊本県菊池郡大津町美咲野2-1733-1", "P29_006": "3", "P29_007": "1", "P29_008": "00", "P29_009": null }, "geometry": { "type": "Point", "coordinates": [ 130.886473227055092, 32.885030662868147 ] } },
{ "type": "Feature", "properties": { "P29_001": "43214", "P29_002": "B143210003220", "P29_003": "16001", "P29_004": "阿蘇市立阿蘇小学校", "P29_005": "熊本県阿蘇市黒川1234-1", "P29_006": "3", "P29_007": "1", "P29_008": "00", "P29_009": null }, "geometry": { "type": "Point", "coordinates": [ 131.082154573194344, 32.93433190844825 ] } },
{ "type": "Feature", "properties": { "P29_001": "43202", "P29_002": "B143210003239", "P29_003": "16001", "P29_004": "八代市立東陽小学校", "P29_005": "熊本県八代市東陽町南3405-2", "P29_006": "3", "P29_007": "1", "P29_008": "00", "P29_009": null }, "geometry": { "type": "Point", "coordinates": [ 130.716710429077239, 32.548438124730595 ] } },
{ "type": "Feature", "properties": { "P29_001": "43215", "P29_002": "B143210003248", "P29_003": "16001", "P29_004": "天草市立天草小学校", "P29_005": "熊本県天草市天草町高浜南2714", "P29_006": "3", "P29_007": "1", "P29_008": "00", "P29_009": null }, "geometry": { "type": "Point", "coordinates": [ 129.998280772166567, 32.372645976385925 ] } },
{ "type": "Feature", "properties": { "P29_001": "43104", "P29_002": "B143210003257", "P29_003": "16001", "P29_004": "熊本市立力合西小学校", "P29_005": "熊本県熊本市南区荒尾1-11-1", "P29_006": "3", "P29_007": "1", "P29_008": "00", "P29_009": null }, "geometry": { "type": "Point", "coordinates": [ 130.671568492566678, 32.763351729638984 ] } },
{ "type": "Feature", "properties": { "P29_001": "43202", "P29_002": "B143210003266", "P29_003": "16001", "P29_004": "八代市立泉小学校", "P29_005": "熊本県八代市泉町柿迫1111", "P29_006": "3", "P29_007": "1", "P29_008": "00", "P29_009": null }, "geometry": { "type": "Point", "coordinates": [ 130.811721599224313, 32.548657814981404 ] } },
{ "type": "Feature", "properties": { "P29_001": "43215", "P29_002": "B143210003275", "P29_003": "16001", "P29_004": "天草市立牛深小学校", "P29_005": "熊本県天草市牛深町1985", "P29_006": "3", "P29_007": "1", "P29_008": "00", "P29_009": null }, "geometry": { "type": "Point", "coordinates": [ 130.018815293026734, 32.197004283163757 ] } },
{ "type": "Feature", "properties": { "P29_001": "43215", "P29_002": "B143210003284", "P29_003": "16001", "P29_004": "天草市立御所浦小学校", "P29_005": "熊本県天草市御所浦町御所浦3527-5", "P29_006": "3", "P29_007": "1", "P29_008": "00", "P29_009": null }, "geometry": { "type": "Point", "coordinates": [ 130.338661459178326, 32.340186492711048 ] } },
{ "type": "Feature", "properties": { "P29_001": "43215", "P29_002": "B143210003293", "P29_003": "16001", "P29_004": "天草市立五和小学校", "P29_005": "熊本県天草市五和町御領9608-1", "P29_006": "3", "P29_007": "1", "P29_008": "00", "P29_009": null }, "geometry": { "type": "Point", "coordinates": [ 130.190314684767372, 32.533298611501444 ] } },
{ "type": "Feature", "properties": { "P29_001": "43369", "P29_002": "B143210003300", "P29_003": "16001", "P29_004": "和水町立三加和小学校", "P29_005": "熊本県玉名郡和水町板楠1001", "P29_006": "3", "P29_007": "1", "P29_008": "00", "P29_009": null }, "geometry": { "type": "Point", "coordinates": [ 130.621444323976533, 33.060553608397967 ] } },
{ "type": "Feature", "properties": { "P29_001": "43105", "P29_002": "B143210003319", "P29_003": "16001", "P29_004": "熊本市立龍田西小学校", "P29_005": "熊本県熊本市北区龍田陳内2-17-1", "P29_006": "3", "P29_007": "1", "P29_008": "00", "P29_009": null }, "geometry": { "type": "Point", "coordinates": [ 130.744947642439087, 32.828437392102543 ] } },
{ "type": "Feature", "properties": { "P29_001": "43214", "P29_002": "B143210003328", "P29_003": "16001", "P29_004": "阿蘇市立一の宮小学校", "P29_005": "熊本県阿蘇市一の宮町宮地1680", "P29_006": "3", "P29_007": "1", "P29_008": "00", "P29_009": null }, "geometry": { "type": "Point", "coordinates": [ 131.122006407707431, 32.949459038872156 ] } },
{ "type": "Feature", "properties": { "P29_001": "43208", "P29_002": "B143210003337", "P29_003": "16001", "P29_004": "山鹿市立菊鹿小学校", "P29_005": "熊本県山鹿市菊鹿町下永野841", "P29_006": "3", "P29_007": "1", "P29_008": "00", "P29_009": null }, "geometry": { "type": "Point", "coordinates": [ 130.772757145504841, 33.030417758913259 ] } },
{ "type": "Feature", "properties": { "P29_001": "43215", "P29_002": "B143210003346", "P29_003": "16001", "P29_004": "天草市立牛深東小学校", "P29_005": "熊本県天草市久玉町1963", "P29_006": "3", "P29_007": "1", "P29_008": "00", "P29_009": null }, "geometry": { "type": "Point", "coordinates": [ 130.034069398823902, 32.220961108213999 ] } },
{ "type": "Feature", "properties": { "P29_001": "43208", "P29_002": "B143210003355", "P29_003": "16001", "P29_004": "山鹿市立めのだけ小学校", "P29_005": "熊本県山鹿市南島1125", "P29_006": "3", "P29_007": "1", "P29_008": "00", "P29_009": null }, "geometry": { "type": "Point", "coordinates": [ 130.68350030128687, 33.004291414445355 ] } },
{ "type": "Feature", "properties": { "P29_001": "43206", "P29_002": "B143210003364", "P29_003": "16001", "P29_004": "玉名市立玉陵小学校", "P29_005": "熊本県玉名市玉名900", "P29_006": "3", "P29_007": "1", "P29_008": "00", "P29_009": null }, "geometry": { "type": "Point", "coordinates": [ 130.577853318416118, 32.944056813329283 ] } },
{ "type": "Feature", "properties": { "P29_001": "43215", "P29_002": "B143210003373", "P29_003": "16001", "P29_004": "天草市立有明小学校", "P29_005": "熊本県天草市有明町赤崎3291", "P29_006": "3", "P29_007": "1", "P29_008": "00", "P29_009": null }, "geometry": { "type": "Point", "coordinates": [ 130.314851004250897, 32.513606995474362 ] } },
{ "type": "Feature", "properties": { "P29_001": "43208", "P29_002": "B143210003382", "P29_003": "16001", "P29_004": "山鹿市立鹿本小学校", "P29_005": "熊本県山鹿市鹿本町御宇田258", "P29_006": "3", "P29_007": "1", "P29_008": "00", "P29_009": null }, "geometry": { "type": "Point", "coordinates": [ 130.736921486140943, 33.00403796676288 ] } },
{ "type": "Feature", "properties": { "P29_001": "43369", "P29_002": "B143210003391", "P29_003": "16001", "P29_004": "和水町立菊水小学校", "P29_005": "熊本県玉名郡和水町江田2891", "P29_006": "3", "P29_007": "1", "P29_008": "00", "P29_009": null }, "geometry": { "type": "Point", "coordinates": [ 130.610815063258684, 32.975376787541101 ] } },
{ "type": "Feature", "properties": { "P29_001": "43213", "P29_002": "B143210003408", "P29_003": "16001", "P29_004": "宇城市立不知火小学校", "P29_005": "熊本県宇城市不知火町高良1952", "P29_006": "3", "P29_007": "1", "P29_008": "00", "P29_009": null }, "geometry": { "type": "Point", "coordinates": [ 130.661806195454631, 32.644797713074837 ] } },
{ "type": "Feature", "properties": { "P29_001": "43216", "P29_002": "B143210003417", "P29_003": "16001", "P29_004": "合志市立合志楓の森小学校", "P29_005": "熊本県合志市栄3793-5", "P29_006": "3", "P29_007": "1", "P29_008": "00", "P29_009": null }, "geometry": { "type": "Point", "coordinates": [ 130.756251133347121, 32.878470739568805 ] } },
{ "type": "Feature", "properties": { "P29_001": "43433", "P29_002": "B143210003426", "P29_003": "16001", "P29_004": "南阿蘇村立白水小学校", "P29_005": "熊本県阿蘇郡南阿蘇村大字吉田2301", "P29_006": "3", "P29_007": "1", "P29_008": "00", "P29_009": null }, "geometry": { "type": "Point", "coordinates": [ 131.08243816420952, 32.826876222809666 ] } }
]
}
